variant,metric,unit,value
A,dram__bytes_op_read.sum,byte,56802048
A,dram__bytes_op_read.sum.pct_of_peak_sustained_elapsed,%,0.24
A,dram__bytes_op_read.sum.per_second,byte/s,3808888660.01
A,dram__bytes_op_write.sum,byte,606954240
A,dram__bytes_op_write.sum.pct_of_peak_sustained_elapsed,%,2.55
A,dram__bytes_op_write.sum.per_second,byte/s,40699608610.57
A,dram__cycles_active.avg.pct_of_peak_sustained_elapsed,%,2.79
A,dram__cycles_active.max.pct_of_peak_sustained_elapsed,%,2.79
A,dram__cycles_active.min.pct_of_peak_sustained_elapsed,%,2.78
A,dram__cycles_active.sum.pct_of_peak_sustained_elapsed,%,2.79
A,dram__cycles_elapsed.avg.per_second,hz,12469508531.60
A,dram__cycles_elapsed.max.per_second,hz,12469529989.36
A,dram__cycles_elapsed.min.per_second,hz,12469461324.54
A,dram__cycles_elapsed.sum.per_second,hz,199512136505.65
A,dram__sectors_op_read.sum,sector,1775064
A,dram__sectors_op_write.sum,sector,18967320
A,gpu__compute_memory_access_throughput_internal_activity.avg.pct_of_peak_sustained_elapsed,%,7.34
A,gpu__compute_memory_access_throughput_internal_activity.max.pct_of_peak_sustained_elapsed,%,7.38
A,gpu__compute_memory_access_throughput_internal_activity.min.pct_of_peak_sustained_elapsed,%,7.29
A,gpu__compute_memory_access_throughput_internal_activity.sum.pct_of_peak_sustained_elapsed,%,7.34
A,gpu__compute_memory_request_throughput_internal_activity.avg.pct_of_peak_sustained_elapsed,%,0.00
A,gpu__compute_memory_request_throughput_internal_activity.max.pct_of_peak_sustained_elapsed,%,0.00
A,gpu__compute_memory_request_throughput_internal_activity.min.pct_of_peak_sustained_elapsed,%,0.00
A,gpu__compute_memory_request_throughput_internal_activity.sum.pct_of_peak_sustained_elapsed,%,0.00
A,gpu__compute_memory_throughput.avg.pct_of_peak_sustained_elapsed,%,20.15
A,gpu__compute_memory_throughput.max.pct_of_peak_sustained_elapsed,%,20.32
A,gpu__compute_memory_throughput.min.pct_of_peak_sustained_elapsed,%,20.02
A,gpu__compute_memory_throughput.sum.pct_of_peak_sustained_elapsed,%,20.15
A,gpu__dram_throughput.avg.pct_of_peak_sustained_elapsed,%,2.79
A,gpu__dram_throughput.max.pct_of_peak_sustained_elapsed,%,2.79
A,gpu__dram_throughput.min.pct_of_peak_sustained_elapsed,%,2.78
A,gpu__dram_throughput.sum.pct_of_peak_sustained_elapsed,%,2.79
A,gpu__time_duration.avg,ns,14913024
A,gpu__time_duration.max,ns,14913024
A,gpu__time_duration.min,ns,14913024
A,gpu__time_duration.sum,ns,14913024
A,l1tex__cycles_active.avg,cycle,34970921.79
A,l1tex__cycles_active.max,cycle,35015198
A,l1tex__cycles_active.min,cycle,34845705
A,l1tex__cycles_active.sum,cycle,6574533296
A,l1tex__cycles_elapsed.avg,cycle,34981365.34
A,l1tex__cycles_elapsed.max,cycle,35021660
A,l1tex__cycles_elapsed.min,cycle,34859646
A,l1tex__cycles_elapsed.sum,cycle,6576496684
A,l1tex__data_bank_conflicts_pipe_lsu_mem_shared.sum,,0
A,l1tex__data_bank_conflicts_pipe_lsu_mem_shared_op_atom.sum,,0
A,l1tex__data_bank_conflicts_pipe_lsu_mem_shared_op_ld.sum,,0
A,l1tex__data_bank_conflicts_pipe_lsu_mem_shared_op_ldgsts.sum,,0
A,l1tex__data_bank_conflicts_pipe_lsu_mem_shared_op_st.sum,,0
A,l1tex__data_bank_reads.avg.pct_of_peak_sustained_elapsed,%,0.35
A,l1tex__data_bank_reads.max.pct_of_peak_sustained_elapsed,%,0.36
A,l1tex__data_bank_reads.min.pct_of_peak_sustained_elapsed,%,0.35
A,l1tex__data_bank_reads.sum.pct_of_peak_sustained_elapsed,%,0.35
A,l1tex__data_bank_writes.avg.pct_of_peak_sustained_elapsed,%,0.29
A,l1tex__data_bank_writes.max.pct_of_peak_sustained_elapsed,%,0.30
A,l1tex__data_bank_writes.min.pct_of_peak_sustained_elapsed,%,0.29
A,l1tex__data_bank_writes.sum.pct_of_peak_sustained_elapsed,%,0.29
A,l1tex__data_pipe_lsu_wavefronts.avg.pct_of_peak_sustained_elapsed,%,20.15
A,l1tex__data_pipe_lsu_wavefronts.max.pct_of_peak_sustained_elapsed,%,20.32
A,l1tex__data_pipe_lsu_wavefronts.min.pct_of_peak_sustained_elapsed,%,20.02
A,l1tex__data_pipe_lsu_wavefronts.sum.pct_of_peak_sustained_elapsed,%,20.15
A,l1tex__data_pipe_lsu_wavefronts_mem_shared.sum,,19729856
A,l1tex__data_pipe_lsu_wavefronts_mem_shared.sum.pct_of_peak_sustained_elapsed,%,0.30
A,l1tex__data_pipe_lsu_wavefronts_mem_shared_op_atom.sum,,0
A,l1tex__data_pipe_lsu_wavefronts_mem_shared_op_atom.sum.pct_of_peak_sustained_elapsed,%,0
A,l1tex__data_pipe_lsu_wavefronts_mem_shared_op_ld.sum,,0
A,l1tex__data_pipe_lsu_wavefronts_mem_shared_op_ld.sum.pct_of_peak_sustained_elapsed,%,0
A,l1tex__data_pipe_lsu_wavefronts_mem_shared_op_st.sum,,0
A,l1tex__data_pipe_lsu_wavefronts_mem_shared_op_st.sum.pct_of_peak_sustained_elapsed,%,0
A,l1tex__data_pipe_tex_wavefronts.avg.pct_of_peak_sustained_elapsed,%,0
A,l1tex__data_pipe_tex_wavefronts.max.pct_of_peak_sustained_elapsed,%,0
A,l1tex__data_pipe_tex_wavefronts.min.pct_of_peak_sustained_elapsed,%,0
A,l1tex__data_pipe_tex_wavefronts.sum.pct_of_peak_sustained_elapsed,%,0
A,l1tex__f_wavefronts.avg.pct_of_peak_sustained_elapsed,%,0
A,l1tex__f_wavefronts.max.pct_of_peak_sustained_elapsed,%,0
A,l1tex__f_wavefronts.min.pct_of_peak_sustained_elapsed,%,0
A,l1tex__f_wavefronts.sum.pct_of_peak_sustained_elapsed,%,0
A,l1tex__lsu_writeback_active.avg.pct_of_peak_sustained_elapsed,%,10.80
A,l1tex__lsu_writeback_active.max.pct_of_peak_sustained_elapsed,%,10.88
A,l1tex__lsu_writeback_active.min.pct_of_peak_sustained_elapsed,%,10.72
A,l1tex__lsu_writeback_active.sum.pct_of_peak_sustained_elapsed,%,10.80
A,l1tex__lsu_writeback_active_mem_lgds.sum,cycle,690378728
A,l1tex__lsu_writeback_active_mem_lgds.sum.pct_of_peak_sustained_elapsed,%,10.50
A,l1tex__lsuin_requests.avg.pct_of_peak_sustained_elapsed,%,12.64
A,l1tex__lsuin_requests.max.pct_of_peak_sustained_elapsed,%,12.67
A,l1tex__lsuin_requests.min.pct_of_peak_sustained_elapsed,%,12.57
A,l1tex__lsuin_requests.sum.pct_of_peak_sustained_elapsed,%,12.64
A,l1tex__m_l1tex2xbar_req_cycles_active.avg.pct_of_peak_sustained_elapsed,%,2.34
A,l1tex__m_l1tex2xbar_req_cycles_active.max.pct_of_peak_sustained_elapsed,%,2.35
A,l1tex__m_l1tex2xbar_req_cycles_active.min.pct_of_peak_sustained_elapsed,%,2.32
A,l1tex__m_l1tex2xbar_req_cycles_active.sum.pct_of_peak_sustained_elapsed,%,2.34
A,l1tex__m_l1tex2xbar_write_sectors_mem_dshared_op_atom.sum,sector,0
A,l1tex__m_l1tex2xbar_write_sectors_mem_dshared_op_atom.sum.pct_of_peak_sustained_elapsed,%,0
A,l1tex__m_l1tex2xbar_write_sectors_mem_dshared_op_ld.sum,sector,0
A,l1tex__m_l1tex2xbar_write_sectors_mem_dshared_op_ld.sum.pct_of_peak_sustained_elapsed,%,0
A,l1tex__m_l1tex2xbar_write_sectors_mem_dshared_op_redas.sum,sector,0
A,l1tex__m_l1tex2xbar_write_sectors_mem_dshared_op_redas.sum.pct_of_peak_sustained_elapsed,%,0
A,l1tex__m_l1tex2xbar_write_sectors_mem_dshared_op_st.sum,sector,0
A,l1tex__m_l1tex2xbar_write_sectors_mem_dshared_op_st.sum.pct_of_peak_sustained_elapsed,%,0
A,l1tex__m_l1tex2xbar_write_sectors_mem_dshared_op_tma_red.sum,sector,0
A,l1tex__m_l1tex2xbar_write_sectors_mem_dshared_op_tma_red.sum.pct_of_peak_sustained_elapsed,%,0
A,l1tex__m_l1tex2xbar_write_sectors_mem_dshared_op_tma_st.sum,sector,0
A,l1tex__m_l1tex2xbar_write_sectors_mem_dshared_op_tma_st.sum.pct_of_peak_sustained_elapsed,%,0
A,l1tex__m_l1tex2xbar_write_sectors_mem_global_op_atom.sum,sector,0
A,l1tex__m_l1tex2xbar_write_sectors_mem_global_op_atom.sum.pct_of_peak_sustained_elapsed,%,0
A,l1tex__m_l1tex2xbar_write_sectors_mem_global_op_red.sum,sector,0
A,l1tex__m_l1tex2xbar_write_sectors_mem_global_op_red.sum.pct_of_peak_sustained_elapsed,%,0
A,l1tex__m_l1tex2xbar_write_sectors_mem_lg_op_st.sum,sector,18496740
A,l1tex__m_l1tex2xbar_write_sectors_mem_lg_op_st.sum.pct_of_peak_sustained_elapsed,%,0.28
A,l1tex__m_l1tex2xbar_write_sectors_mem_surface_op_atom.sum,sector,0
A,l1tex__m_l1tex2xbar_write_sectors_mem_surface_op_atom.sum.pct_of_peak_sustained_elapsed,%,0
A,l1tex__m_l1tex2xbar_write_sectors_mem_surface_op_red.sum,sector,0
A,l1tex__m_l1tex2xbar_write_sectors_mem_surface_op_red.sum.pct_of_peak_sustained_elapsed,%,0
A,l1tex__m_l1tex2xbar_write_sectors_mem_surface_op_st.sum,sector,0
A,l1tex__m_l1tex2xbar_write_sectors_mem_surface_op_st.sum.pct_of_peak_sustained_elapsed,%,0
A,l1tex__m_xbar2l1tex_read_sectors.avg.pct_of_peak_sustained_elapsed,%,2.07
A,l1tex__m_xbar2l1tex_read_sectors.max.pct_of_peak_sustained_elapsed,%,2.09
A,l1tex__m_xbar2l1tex_read_sectors.min.pct_of_peak_sustained_elapsed,%,2.05
A,l1tex__m_xbar2l1tex_read_sectors.sum.pct_of_peak_sustained_elapsed,%,2.07
A,l1tex__m_xbar2l1tex_read_sectors_mem_dshared.avg.pct_of_peak_sustained_elapsed,%,0
A,l1tex__m_xbar2l1tex_read_sectors_mem_dshared.max.pct_of_peak_sustained_elapsed,%,0
A,l1tex__m_xbar2l1tex_read_sectors_mem_dshared.min.pct_of_peak_sustained_elapsed,%,0
A,l1tex__m_xbar2l1tex_read_sectors_mem_dshared.sum.pct_of_peak_sustained_elapsed,%,0
A,l1tex__m_xbar2l1tex_read_sectors_mem_dshared_op_atom.sum,sector,0
A,l1tex__m_xbar2l1tex_read_sectors_mem_dshared_op_atom.sum.pct_of_peak_sustained_elapsed,%,0
A,l1tex__m_xbar2l1tex_read_sectors_mem_dshared_op_ld.sum,sector,0
A,l1tex__m_xbar2l1tex_read_sectors_mem_dshared_op_ld.sum.pct_of_peak_sustained_elapsed,%,0
A,l1tex__m_xbar2l1tex_read_sectors_mem_dshared_op_redas.sum,sector,0
A,l1tex__m_xbar2l1tex_read_sectors_mem_dshared_op_redas.sum.pct_of_peak_sustained_elapsed,%,0
A,l1tex__m_xbar2l1tex_read_sectors_mem_dshared_op_st.sum,sector,0
A,l1tex__m_xbar2l1tex_read_sectors_mem_dshared_op_st.sum.pct_of_peak_sustained_elapsed,%,0
A,l1tex__m_xbar2l1tex_read_sectors_mem_dshared_op_tma_red.sum,sector,0
A,l1tex__m_xbar2l1tex_read_sectors_mem_dshared_op_tma_red.sum.pct_of_peak_sustained_elapsed,%,0
A,l1tex__m_xbar2l1tex_read_sectors_mem_dshared_op_tma_st.sum,sector,0
A,l1tex__m_xbar2l1tex_read_sectors_mem_dshared_op_tma_st.sum.pct_of_peak_sustained_elapsed,%,0
A,l1tex__m_xbar2l1tex_read_sectors_mem_global_op_atom.sum,sector,0
A,l1tex__m_xbar2l1tex_read_sectors_mem_global_op_atom.sum.pct_of_peak_sustained_elapsed,%,0
A,l1tex__m_xbar2l1tex_read_sectors_mem_lg_op_ld.sum,sector,136122706
A,l1tex__m_xbar2l1tex_read_sectors_mem_lg_op_ld.sum.pct_of_peak_sustained_elapsed,%,2.07
A,l1tex__m_xbar2l1tex_read_sectors_mem_surface_op_atom.sum,sector,0
A,l1tex__m_xbar2l1tex_read_sectors_mem_surface_op_atom.sum.pct_of_peak_sustained_elapsed,%,0
A,l1tex__m_xbar2l1tex_read_sectors_mem_surface_op_ld.sum,sector,0
A,l1tex__m_xbar2l1tex_read_sectors_mem_surface_op_ld.sum.pct_of_peak_sustained_elapsed,%,0
A,l1tex__m_xbar2l1tex_read_sectors_mem_texture.sum,sector,0
A,l1tex__m_xbar2l1tex_read_sectors_mem_texture.sum.pct_of_peak_sustained_elapsed,%,0
A,l1tex__t_output_wavefronts_pipe_lsu_mem_dshared_op_atom.sum,,0
A,l1tex__t_output_wavefronts_pipe_lsu_mem_dshared_op_ld.sum,,0
A,l1tex__t_output_wavefronts_pipe_lsu_mem_dshared_op_ld.sum.pct_of_peak_sustained_elapsed,%,0
A,l1tex__t_output_wavefronts_pipe_lsu_mem_dshared_op_redas.sum,,0
A,l1tex__t_output_wavefronts_pipe_lsu_mem_dshared_op_redas.sum.pct_of_peak_sustained_elapsed,%,0
A,l1tex__t_output_wavefronts_pipe_lsu_mem_dshared_op_st.sum,,0
A,l1tex__t_output_wavefronts_pipe_lsu_mem_dshared_op_st.sum.pct_of_peak_sustained_elapsed,%,0
A,l1tex__t_output_wavefronts_pipe_lsu_mem_global_op_atom.sum,,0
A,l1tex__t_output_wavefronts_pipe_lsu_mem_global_op_atom.sum.pct_of_peak_sustained_elapsed,%,0
A,l1tex__t_output_wavefronts_pipe_lsu_mem_global_op_ld.sum,,708864583
A,l1tex__t_output_wavefronts_pipe_lsu_mem_global_op_ld.sum.pct_of_peak_sustained_elapsed,%,10.78
A,l1tex__t_output_wavefronts_pipe_lsu_mem_global_op_red.sum,,0
A,l1tex__t_output_wavefronts_pipe_lsu_mem_global_op_red.sum.pct_of_peak_sustained_elapsed,%,0
A,l1tex__t_output_wavefronts_pipe_lsu_mem_global_op_st.sum,,3945973
A,l1tex__t_output_wavefronts_pipe_lsu_mem_global_op_st.sum.pct_of_peak_sustained_elapsed,%,0.06
A,l1tex__t_output_wavefronts_pipe_lsu_mem_local_op_ld.sum,,0
A,l1tex__t_output_wavefronts_pipe_lsu_mem_local_op_ld.sum.pct_of_peak_sustained_elapsed,%,0
A,l1tex__t_output_wavefronts_pipe_lsu_mem_local_op_st.sum,,0
A,l1tex__t_output_wavefronts_pipe_lsu_mem_local_op_st.sum.pct_of_peak_sustained_elapsed,%,0
A,l1tex__t_output_wavefronts_pipe_tex_mem_surface_op_atom.sum,,0
A,l1tex__t_output_wavefronts_pipe_tex_mem_surface_op_atom.sum.pct_of_peak_sustained_elapsed,%,0
A,l1tex__t_output_wavefronts_pipe_tex_mem_surface_op_ld.sum,,0
A,l1tex__t_output_wavefronts_pipe_tex_mem_surface_op_ld.sum.pct_of_peak_sustained_elapsed,%,0
A,l1tex__t_output_wavefronts_pipe_tex_mem_surface_op_red.sum,,0
A,l1tex__t_output_wavefronts_pipe_tex_mem_surface_op_red.sum.pct_of_peak_sustained_elapsed,%,0
A,l1tex__t_output_wavefronts_pipe_tex_mem_surface_op_st.sum,,0
A,l1tex__t_output_wavefronts_pipe_tex_mem_surface_op_st.sum.pct_of_peak_sustained_elapsed,%,0
A,l1tex__t_output_wavefronts_pipe_tex_mem_texture.sum,,0
A,l1tex__t_output_wavefronts_pipe_tex_mem_texture.sum.pct_of_peak_sustained_elapsed,%,0
A,l1tex__t_requests_pipe_lsu_mem_dshared_op_atom.sum,,0
A,l1tex__t_requests_pipe_lsu_mem_dshared_op_atom.sum.pct_of_peak_sustained_elapsed,%,0
A,l1tex__t_requests_pipe_lsu_mem_dshared_op_ld.sum,,0
A,l1tex__t_requests_pipe_lsu_mem_dshared_op_ld.sum.pct_of_peak_sustained_elapsed,%,0
A,l1tex__t_requests_pipe_lsu_mem_dshared_op_redas.sum,,0
A,l1tex__t_requests_pipe_lsu_mem_dshared_op_redas.sum.pct_of_peak_sustained_elapsed,%,0
A,l1tex__t_requests_pipe_lsu_mem_dshared_op_st.sum,,0
A,l1tex__t_requests_pipe_lsu_mem_dshared_op_st.sum.pct_of_peak_sustained_elapsed,%,0
A,l1tex__t_requests_pipe_lsu_mem_global_op_atom.sum,,0
A,l1tex__t_requests_pipe_lsu_mem_global_op_atom.sum.pct_of_peak_sustained_elapsed,%,0
A,l1tex__t_requests_pipe_lsu_mem_global_op_ld.sum,,392130888
A,l1tex__t_requests_pipe_lsu_mem_global_op_ld.sum.pct_of_peak_sustained_elapsed,%,5.96
A,l1tex__t_requests_pipe_lsu_mem_global_op_red.sum,,0
A,l1tex__t_requests_pipe_lsu_mem_global_op_red.sum.pct_of_peak_sustained_elapsed,%,0
A,l1tex__t_requests_pipe_lsu_mem_global_op_st.sum,,3699348
A,l1tex__t_requests_pipe_lsu_mem_global_op_st.sum.pct_of_peak_sustained_elapsed,%,0.06
A,l1tex__t_requests_pipe_lsu_mem_local_op_ld.sum,,0
A,l1tex__t_requests_pipe_lsu_mem_local_op_ld.sum.pct_of_peak_sustained_elapsed,%,0
A,l1tex__t_requests_pipe_lsu_mem_local_op_st.sum,,0
A,l1tex__t_requests_pipe_lsu_mem_local_op_st.sum.pct_of_peak_sustained_elapsed,%,0
A,l1tex__t_requests_pipe_tex_mem_surface_op_atom.sum,,0
A,l1tex__t_requests_pipe_tex_mem_surface_op_atom.sum.pct_of_peak_sustained_elapsed,%,0
A,l1tex__t_requests_pipe_tex_mem_surface_op_ld.sum,,0
A,l1tex__t_requests_pipe_tex_mem_surface_op_ld.sum.pct_of_peak_sustained_elapsed,%,0
A,l1tex__t_requests_pipe_tex_mem_surface_op_red.sum,,0
A,l1tex__t_requests_pipe_tex_mem_surface_op_red.sum.pct_of_peak_sustained_elapsed,%,0
A,l1tex__t_requests_pipe_tex_mem_surface_op_st.sum,,0
A,l1tex__t_requests_pipe_tex_mem_surface_op_st.sum.pct_of_peak_sustained_elapsed,%,0
A,l1tex__t_requests_pipe_tex_mem_texture.sum,,0
A,l1tex__t_requests_pipe_tex_mem_texture.sum.pct_of_peak_sustained_elapsed,%,0
A,l1tex__t_sector_pipe_lsu_mem_global_op_atom_hit_rate.pct,%,0
A,l1tex__t_sector_pipe_lsu_mem_global_op_ld_hit_rate.pct,%,89.30
A,l1tex__t_sector_pipe_lsu_mem_global_op_red_hit_rate.pct,%,0
A,l1tex__t_sector_pipe_lsu_mem_global_op_st_hit_rate.pct,%,0.14
A,l1tex__t_sector_pipe_lsu_mem_local_op_ld_hit_rate.pct,%,0
A,l1tex__t_sector_pipe_lsu_mem_local_op_st_hit_rate.pct,%,0
A,l1tex__t_sector_pipe_tex_mem_surface_op_atom_hit_rate.pct,%,0
A,l1tex__t_sector_pipe_tex_mem_surface_op_ld_hit_rate.pct,%,0
A,l1tex__t_sector_pipe_tex_mem_surface_op_red_hit_rate.pct,%,0
A,l1tex__t_sector_pipe_tex_mem_surface_op_st_hit_rate.pct,%,0
A,l1tex__t_sector_pipe_tex_mem_texture_op_tex_hit_rate.pct,%,0
A,l1tex__t_sectors.avg,sector,6867177.96
A,l1tex__t_sectors.max,sector,6919801
A,l1tex__t_sectors.min,sector,6806066
A,l1tex__t_sectors.sum,sector,1291029457
A,l1tex__t_sectors_pipe_lsu_mem_dshared_op_atom.sum,sector,0
A,l1tex__t_sectors_pipe_lsu_mem_dshared_op_atom_lookup_miss.sum,sector,0
A,l1tex__t_sectors_pipe_lsu_mem_dshared_op_ld.sum,sector,0
A,l1tex__t_sectors_pipe_lsu_mem_dshared_op_ld_lookup_miss.sum,sector,0
A,l1tex__t_sectors_pipe_lsu_mem_dshared_op_redas.sum,sector,0
A,l1tex__t_sectors_pipe_lsu_mem_dshared_op_redas_lookup_miss.sum,sector,0
A,l1tex__t_sectors_pipe_lsu_mem_dshared_op_st.sum,sector,0
A,l1tex__t_sectors_pipe_lsu_mem_dshared_op_st_lookup_miss.sum,sector,0
A,l1tex__t_sectors_pipe_lsu_mem_global_op_atom.sum,sector,0
A,l1tex__t_sectors_pipe_lsu_mem_global_op_atom_lookup_hit.sum,sector,0
A,l1tex__t_sectors_pipe_lsu_mem_global_op_atom_lookup_miss.sum,sector,0
A,l1tex__t_sectors_pipe_lsu_mem_global_op_ld.sum,sector,1272531693
A,l1tex__t_sectors_pipe_lsu_mem_global_op_ld_lookup_hit.sum,sector,1136408554
A,l1tex__t_sectors_pipe_lsu_mem_global_op_ld_lookup_miss.sum,sector,136123139
A,l1tex__t_sectors_pipe_lsu_mem_global_op_red.sum,sector,0
A,l1tex__t_sectors_pipe_lsu_mem_global_op_red_lookup_hit.sum,sector,0
A,l1tex__t_sectors_pipe_lsu_mem_global_op_red_lookup_miss.sum,sector,0
A,l1tex__t_sectors_pipe_lsu_mem_global_op_st.sum,sector,18496740
A,l1tex__t_sectors_pipe_lsu_mem_global_op_st_lookup_hit.sum,sector,25370
A,l1tex__t_sectors_pipe_lsu_mem_global_op_st_lookup_miss.sum,sector,18471370
A,l1tex__t_sectors_pipe_lsu_mem_local_op_ld.avg.per_second,sector/s,0
A,l1tex__t_sectors_pipe_lsu_mem_local_op_ld.max.per_second,sector/s,0
A,l1tex__t_sectors_pipe_lsu_mem_local_op_ld.min.per_second,sector/s,0
A,l1tex__t_sectors_pipe_lsu_mem_local_op_ld.sum,sector,0
A,l1tex__t_sectors_pipe_lsu_mem_local_op_ld.sum.per_second,sector/s,0
A,l1tex__t_sectors_pipe_lsu_mem_local_op_ld_lookup_hit.sum,sector,0
A,l1tex__t_sectors_pipe_lsu_mem_local_op_ld_lookup_miss.sum,sector,0
A,l1tex__t_sectors_pipe_lsu_mem_local_op_st.avg.per_second,sector/s,0
A,l1tex__t_sectors_pipe_lsu_mem_local_op_st.max.per_second,sector/s,0
A,l1tex__t_sectors_pipe_lsu_mem_local_op_st.min.per_second,sector/s,0
A,l1tex__t_sectors_pipe_lsu_mem_local_op_st.sum,sector,0
A,l1tex__t_sectors_pipe_lsu_mem_local_op_st.sum.per_second,sector/s,0
A,l1tex__t_sectors_pipe_lsu_mem_local_op_st_lookup_hit.sum,sector,0
A,l1tex__t_sectors_pipe_lsu_mem_local_op_st_lookup_miss.sum,sector,0
A,l1tex__t_sectors_pipe_tex_mem_surface_op_atom.sum,sector,0
A,l1tex__t_sectors_pipe_tex_mem_surface_op_atom_lookup_hit.sum,sector,0
A,l1tex__t_sectors_pipe_tex_mem_surface_op_atom_lookup_miss.sum,sector,0
A,l1tex__t_sectors_pipe_tex_mem_surface_op_ld.sum,sector,0
A,l1tex__t_sectors_pipe_tex_mem_surface_op_ld_lookup_hit.sum,sector,0
A,l1tex__t_sectors_pipe_tex_mem_surface_op_ld_lookup_miss.sum,sector,0
A,l1tex__t_sectors_pipe_tex_mem_surface_op_red.sum,sector,0
A,l1tex__t_sectors_pipe_tex_mem_surface_op_red_lookup_hit.sum,sector,0
A,l1tex__t_sectors_pipe_tex_mem_surface_op_red_lookup_miss.sum,sector,0
A,l1tex__t_sectors_pipe_tex_mem_surface_op_st.sum,sector,0
A,l1tex__t_sectors_pipe_tex_mem_surface_op_st_lookup_hit.sum,sector,0
A,l1tex__t_sectors_pipe_tex_mem_surface_op_st_lookup_miss.sum,sector,0
A,l1tex__t_sectors_pipe_tex_mem_texture.sum,sector,0
A,l1tex__t_sectors_pipe_tex_mem_texture_lookup_hit.sum,sector,0
A,l1tex__t_sectors_pipe_tex_mem_texture_lookup_miss.sum,sector,0
A,l1tex__tex_writeback_active.avg.pct_of_peak_sustained_elapsed,%,0
A,l1tex__tex_writeback_active.max.pct_of_peak_sustained_elapsed,%,0
A,l1tex__tex_writeback_active.min.pct_of_peak_sustained_elapsed,%,0
A,l1tex__tex_writeback_active.sum,cycle,0
A,l1tex__tex_writeback_active.sum.pct_of_peak_sustained_elapsed,%,0
A,l1tex__texin_sm2tex_req_cycles_active.avg.pct_of_peak_sustained_elapsed,%,0.00
A,l1tex__texin_sm2tex_req_cycles_active.max.pct_of_peak_sustained_elapsed,%,0.00
A,l1tex__texin_sm2tex_req_cycles_active.min.pct_of_peak_sustained_elapsed,%,0.00
A,l1tex__texin_sm2tex_req_cycles_active.sum.pct_of_peak_sustained_elapsed,%,0.00
A,l1tex__throughput.avg.pct_of_peak_sustained_active,%,20.16
A,l1tex__throughput.avg.pct_of_peak_sustained_elapsed,%,20.15
A,l1tex__throughput.max.pct_of_peak_sustained_active,%,20.32
A,l1tex__throughput.max.pct_of_peak_sustained_elapsed,%,20.32
A,l1tex__throughput.min.pct_of_peak_sustained_active,%,20.03
A,l1tex__throughput.min.pct_of_peak_sustained_elapsed,%,20.02
A,l1tex__throughput.sum.pct_of_peak_sustained_active,%,20.16
A,l1tex__throughput.sum.pct_of_peak_sustained_elapsed,%,20.15
A,l1tex__tmain_requests.avg.pct_of_peak_sustained_elapsed,%,0
A,l1tex__tmain_requests.max.pct_of_peak_sustained_elapsed,%,0
A,l1tex__tmain_requests.min.pct_of_peak_sustained_elapsed,%,0
A,l1tex__tmain_requests.sum.pct_of_peak_sustained_elapsed,%,0
A,launch__barrier_count,,0
A,launch__block_dim_x,block,512
A,launch__block_dim_y,block,1
A,launch__block_dim_z,block,1
A,launch__block_size,,512
A,launch__cluster_dim_x,,0
A,launch__cluster_dim_y,,0
A,launch__cluster_dim_z,,0
A,launch__cluster_max_active,cluster,0
A,launch__cluster_max_potential_size,block,8
A,launch__cluster_scheduling_policy,,PolicySpread
A,launch__cluster_size,,0
A,launch__execution_model,,SIMT
A,launch__func_cache_config,,CachePreferNone
A,launch__grid_dim_x,,1233116
A,launch__grid_dim_y,,1
A,launch__grid_dim_z,,1
A,launch__grid_size,,1233116
A,launch__kernel_name,,
A,launch__occupancy_cluster_gpu_pct,%,0
A,launch__occupancy_cluster_pct,%,0
A,launch__occupancy_limit_barriers,block,24
A,launch__occupancy_limit_blocks,block,24
A,launch__occupancy_limit_registers,block,3
A,launch__occupancy_limit_shared_mem,block,8
A,launch__occupancy_limit_warps,block,3
A,launch__occupancy_per_barrier_count,,752
A,launch__occupancy_per_block_size,,2338
A,launch__occupancy_per_cluster_size,,0
A,launch__occupancy_per_register_count,,3760
A,launch__occupancy_per_shared_mem_size,,1792
A,launch__persisting_l2_cache_size,byte,25165824
A,launch__preferred_cluster_dim_x,,0
A,launch__preferred_cluster_dim_y,,0
A,launch__preferred_cluster_dim_z,,0
A,launch__preferred_cluster_size,,0
A,launch__registers_per_thread,register/thread,40
A,launch__registers_per_thread_allocated,register/thread,40
A,launch__shared_mem_config_size,byte,8192
A,launch__shared_mem_per_block,byte/block,1024
A,launch__shared_mem_per_block_allocated,byte/block,1024
A,launch__shared_mem_per_block_driver,byte/block,1024
A,launch__shared_mem_per_block_dynamic,byte/block,0
A,launch__shared_mem_per_block_static,byte/block,0
A,launch__sm_count,SM,188
A,launch__stack_size,,95056
A,launch__thread_count,thread,631355392
A,launch__tpc_count,,94
A,launch__tpc_enabled,,all
A,launch__user_grid_dim_x,,1233116
A,launch__user_grid_dim_y,,1
A,launch__user_grid_dim_z,,1
A,launch__user_grid_size,,1233116
A,launch__uses_blocks_as_clusters,,0
A,launch__uses_cdp,,0
A,launch__uses_green_context,,0
A,launch__uses_mps,,0
A,launch__uses_vgpu,,0
A,launch__waves_per_multiprocessor,,2186.38
A,lts__cycles_active.avg,cycle,28370309.84
A,lts__cycles_active.max,cycle,28435795
A,lts__cycles_active.min,cycle,28302737
A,lts__cycles_active.sum,cycle,1815699830
A,lts__cycles_elapsed.avg,cycle,30421629
A,lts__cycles_elapsed.max,cycle,30421629
A,lts__cycles_elapsed.min,cycle,30421629
A,lts__cycles_elapsed.sum,cycle,1946984256
A,lts__d_atomic_input_cycles_active.avg.pct_of_peak_sustained_elapsed,%,0
A,lts__d_atomic_input_cycles_active.max.pct_of_peak_sustained_elapsed,%,0
A,lts__d_atomic_input_cycles_active.min.pct_of_peak_sustained_elapsed,%,0
A,lts__d_atomic_input_cycles_active.sum.pct_of_peak_sustained_elapsed,%,0
A,lts__d_decomp_input_sectors.avg.pct_of_peak_sustained_elapsed,%,0
A,lts__d_decomp_input_sectors.max.pct_of_peak_sustained_elapsed,%,0
A,lts__d_decomp_input_sectors.min.pct_of_peak_sustained_elapsed,%,0
A,lts__d_decomp_input_sectors.sum.pct_of_peak_sustained_elapsed,%,0
A,lts__d_sectors.avg.pct_of_peak_sustained_elapsed,%,2.26
A,lts__d_sectors.max.pct_of_peak_sustained_elapsed,%,2.27
A,lts__d_sectors.min.pct_of_peak_sustained_elapsed,%,2.25
A,lts__d_sectors.sum.pct_of_peak_sustained_elapsed,%,2.26
A,lts__d_sectors_fill_device.avg.pct_of_peak_sustained_elapsed,%,0.09
A,lts__d_sectors_fill_device.max.pct_of_peak_sustained_elapsed,%,0.09
A,lts__d_sectors_fill_device.min.pct_of_peak_sustained_elapsed,%,0.09
A,lts__d_sectors_fill_device.sum.pct_of_peak_sustained_elapsed,%,0.09
A,lts__lts2xbar_cycles_active.avg.pct_of_peak_sustained_elapsed,%,3.50
A,lts__lts2xbar_cycles_active.max.pct_of_peak_sustained_elapsed,%,3.52
A,lts__lts2xbar_cycles_active.min.pct_of_peak_sustained_elapsed,%,3.47
A,lts__lts2xbar_cycles_active.sum.pct_of_peak_sustained_elapsed,%,3.50
A,lts__t_requests.sum,request,142967141
A,lts__t_requests_srcunit_gcc.sum,request,36
A,lts__t_requests_srcunit_tex.sum,request,142878267
A,lts__t_requests_srcunit_tex_op_atom_dot_alu.sum,request,0
A,lts__t_requests_srcunit_tex_op_atom_dot_cas.sum,request,0
A,lts__t_requests_srcunit_tex_op_read.sum,request,135480192
A,lts__t_requests_srcunit_tex_op_red.sum,request,0
A,lts__t_requests_srcunit_tex_op_write.sum,request,7398655
A,lts__t_sector_op_read_hit_rate.pct,%,98.75
A,lts__t_sector_op_write_hit_rate.pct,%,30.31
A,lts__t_sectors.avg.pct_of_peak_sustained_elapsed,%,3.97
A,lts__t_sectors.avg.peak_sustained,sector/cycle,2
A,lts__t_sectors.avg.per_cycle_elapsed,sector/cycle,0.08
A,lts__t_sectors.max.pct_of_peak_sustained_elapsed,%,4.00
A,lts__t_sectors.min.pct_of_peak_sustained_elapsed,%,3.95
A,lts__t_sectors.sum,sector,154764711
A,lts__t_sectors.sum.pct_of_peak_sustained_elapsed,%,3.97
A,lts__t_sectors.sum.per_second,sector/s,10377822164.04
A,lts__t_sectors_data_ecc.avg.pct_of_peak_sustained_elapsed,%,0.00
A,lts__t_sectors_data_ecc.avg.peak_sustained,sector/cycle,8
A,lts__t_sectors_data_ecc.avg.per_cycle_elapsed,sector/cycle,0.00
A,lts__t_sectors_data_ecc.sum,sector,82
A,lts__t_sectors_data_ecc.sum.per_second,sector/s,5498.55
A,lts__t_sectors_evict_first_lookup_hit.sum,sector,5778
A,lts__t_sectors_evict_first_lookup_miss.sum,sector,5307
A,lts__t_sectors_evict_last_lookup_hit.sum,sector,0
A,lts__t_sectors_evict_last_lookup_miss.sum,sector,0
A,lts__t_sectors_evict_normal_demote_lookup_hit.sum,sector,0
A,lts__t_sectors_evict_normal_demote_lookup_miss.sum,sector,0
A,lts__t_sectors_evict_normal_lookup_hit.sum,sector,139984293
A,lts__t_sectors_evict_normal_lookup_miss.sum,sector,14639611
A,lts__t_sectors_lookup_hit.sum,sector,140009814
A,lts__t_sectors_lookup_miss.sum,sector,14674480
A,lts__t_sectors_op_read.avg.per_second,sector/s,142646175.84
A,lts__t_sectors_op_read.max.per_second,sector/s,143503758.86
A,lts__t_sectors_op_read.min.per_second,sector/s,141687494.10
A,lts__t_sectors_op_read.sum.per_second,sector/s,9129355253.50
A,lts__t_sectors_op_write.avg.per_second,sector/s,19384349.25
A,lts__t_sectors_op_write.max.per_second,sector/s,19420139.07
A,lts__t_sectors_op_write.min.per_second,sector/s,19379570.50
A,lts__t_sectors_op_write.sum.per_second,sector/s,1240598352.15
A,lts__t_sectors_srcunit_gcc.avg.pct_of_peak_sustained_elapsed,%,0.00
A,lts__t_sectors_srcunit_gcc.avg.peak_sustained,sector/cycle,1
A,lts__t_sectors_srcunit_gcc.avg.per_cycle_elapsed,sector/cycle,0.00
A,lts__t_sectors_srcunit_gcc.sum,sector,120
A,lts__t_sectors_srcunit_gcc.sum.per_second,sector/s,8046.66
A,lts__t_sectors_srcunit_gcc_lookup_hit.sum,sector,117
A,lts__t_sectors_srcunit_gcc_lookup_miss.sum,sector,3
A,lts__t_sectors_srcunit_tex.avg.pct_of_peak_sustained_elapsed,%,3.97
A,lts__t_sectors_srcunit_tex.avg.peak_sustained,sector/cycle,2
A,lts__t_sectors_srcunit_tex.avg.per_cycle_elapsed,sector/cycle,0.08
A,lts__t_sectors_srcunit_tex.sum,sector,154618769
A,lts__t_sectors_srcunit_tex.sum.pct_of_peak_sustained_elapsed,%,3.97
A,lts__t_sectors_srcunit_tex.sum.per_second,sector/s,10368035953.00
A,lts__t_sectors_srcunit_tex_evict_first_lookup_hit.sum,sector,0
A,lts__t_sectors_srcunit_tex_evict_first_lookup_miss.sum,sector,0
A,lts__t_sectors_srcunit_tex_evict_last_lookup_hit.sum,sector,0
A,lts__t_sectors_srcunit_tex_evict_last_lookup_miss.sum,sector,0
A,lts__t_sectors_srcunit_tex_evict_normal_demote_lookup_hit.sum,sector,0
A,lts__t_sectors_srcunit_tex_evict_normal_demote_lookup_miss.sum,sector,0
A,lts__t_sectors_srcunit_tex_evict_normal_lookup_hit.sum,sector,139981261
A,lts__t_sectors_srcunit_tex_evict_normal_lookup_miss.sum,sector,14635793
A,lts__t_sectors_srcunit_tex_lookup_hit.sum,sector,139981128
A,lts__t_sectors_srcunit_tex_lookup_miss.sum,sector,14641734
A,lts__t_sectors_srcunit_tex_op_atom_dot_alu.avg.pct_of_peak_sustained_elapsed,%,0
A,lts__t_sectors_srcunit_tex_op_atom_dot_alu.avg.peak_sustained,sector/cycle,1
A,lts__t_sectors_srcunit_tex_op_atom_dot_alu.avg.per_cycle_elapsed,sector/cycle,0
A,lts__t_sectors_srcunit_tex_op_atom_dot_alu.sum,sector,0
A,lts__t_sectors_srcunit_tex_op_atom_dot_alu.sum.per_second,sector/s,0
A,lts__t_sectors_srcunit_tex_op_atom_dot_alu_lookup_hit.sum,sector,0
A,lts__t_sectors_srcunit_tex_op_atom_dot_alu_lookup_miss.sum,sector,0
A,lts__t_sectors_srcunit_tex_op_atom_dot_cas.avg.pct_of_peak_sustained_elapsed,%,0
A,lts__t_sectors_srcunit_tex_op_atom_dot_cas.avg.peak_sustained,sector/cycle,1
A,lts__t_sectors_srcunit_tex_op_atom_dot_cas.avg.per_cycle_elapsed,sector/cycle,0
A,lts__t_sectors_srcunit_tex_op_atom_dot_cas.sum,sector,0
A,lts__t_sectors_srcunit_tex_op_atom_dot_cas.sum.per_second,sector/s,0
A,lts__t_sectors_srcunit_tex_op_atom_dot_cas_lookup_hit.sum,sector,0
A,lts__t_sectors_srcunit_tex_op_atom_dot_cas_lookup_miss.sum,sector,0
A,lts__t_sectors_srcunit_tex_op_atom_evict_first_lookup_hit.sum,sector,0
A,lts__t_sectors_srcunit_tex_op_atom_evict_first_lookup_miss.sum,sector,0
A,lts__t_sectors_srcunit_tex_op_atom_evict_last_lookup_hit.sum,sector,0
A,lts__t_sectors_srcunit_tex_op_atom_evict_last_lookup_miss.sum,sector,0
A,lts__t_sectors_srcunit_tex_op_atom_evict_normal_lookup_hit.sum,sector,0
A,lts__t_sectors_srcunit_tex_op_atom_evict_normal_lookup_miss.sum,sector,0
A,lts__t_sectors_srcunit_tex_op_read.avg.pct_of_peak_sustained_elapsed,%,3.50
A,lts__t_sectors_srcunit_tex_op_read.avg.peak_sustained,sector/cycle,2
A,lts__t_sectors_srcunit_tex_op_read.avg.per_cycle_elapsed,sector/cycle,0.07
A,lts__t_sectors_srcunit_tex_op_read.sum,sector,136123737
A,lts__t_sectors_srcunit_tex_op_read.sum.per_second,sector/s,9127842683.01
A,lts__t_sectors_srcunit_tex_op_read_evict_first_lookup_hit.sum,sector,0
A,lts__t_sectors_srcunit_tex_op_read_evict_first_lookup_miss.sum,sector,0
A,lts__t_sectors_srcunit_tex_op_read_evict_last_lookup_hit.sum,sector,0
A,lts__t_sectors_srcunit_tex_op_read_evict_last_lookup_miss.sum,sector,0
A,lts__t_sectors_srcunit_tex_op_read_evict_normal_demote_lookup_hit.sum,sector,0
A,lts__t_sectors_srcunit_tex_op_read_evict_normal_demote_lookup_miss.sum,sector,0
A,lts__t_sectors_srcunit_tex_op_read_evict_normal_lookup_hit.sum,sector,134434637
A,lts__t_sectors_srcunit_tex_op_read_evict_normal_lookup_miss.sum,sector,1688380
A,lts__t_sectors_srcunit_tex_op_read_lookup_hit.sum,sector,134434637
A,lts__t_sectors_srcunit_tex_op_read_lookup_miss.sum,sector,1688380
A,lts__t_sectors_srcunit_tex_op_red.avg.pct_of_peak_sustained_elapsed,%,0
A,lts__t_sectors_srcunit_tex_op_red.avg.peak_sustained,sector/cycle,1
A,lts__t_sectors_srcunit_tex_op_red.avg.per_cycle_elapsed,sector/cycle,0
A,lts__t_sectors_srcunit_tex_op_red.sum,sector,0
A,lts__t_sectors_srcunit_tex_op_red.sum.per_second,sector/s,0
A,lts__t_sectors_srcunit_tex_op_red_lookup_hit.sum,sector,0
A,lts__t_sectors_srcunit_tex_op_red_lookup_miss.sum,sector,0
A,lts__t_sectors_srcunit_tex_op_write.avg.pct_of_peak_sustained_elapsed,%,0.95
A,lts__t_sectors_srcunit_tex_op_write.avg.peak_sustained,sector/cycle,1
A,lts__t_sectors_srcunit_tex_op_write.avg.per_cycle_elapsed,sector/cycle,0.01
A,lts__t_sectors_srcunit_tex_op_write.sum,sector,18496740
A,lts__t_sectors_srcunit_tex_op_write.sum.per_second,sector/s,1240307800.75
A,lts__t_sectors_srcunit_tex_op_write_evict_first_lookup_hit.sum,sector,0
A,lts__t_sectors_srcunit_tex_op_write_evict_first_lookup_miss.sum,sector,0
A,lts__t_sectors_srcunit_tex_op_write_evict_last_lookup_hit.sum,sector,0
A,lts__t_sectors_srcunit_tex_op_write_evict_last_lookup_miss.sum,sector,0
A,lts__t_sectors_srcunit_tex_op_write_evict_normal_demote_lookup_hit.sum,sector,0
A,lts__t_sectors_srcunit_tex_op_write_evict_normal_demote_lookup_miss.sum,sector,0
A,lts__t_sectors_srcunit_tex_op_write_evict_normal_lookup_hit.sum,sector,5548462
A,lts__t_sectors_srcunit_tex_op_write_evict_normal_lookup_miss.sum,sector,12951634
A,lts__t_sectors_srcunit_tex_op_write_lookup_hit.sum,sector,5548462
A,lts__t_sectors_srcunit_tex_op_write_lookup_miss.sum,sector,12951634
A,lts__t_tag_requests.avg.pct_of_peak_sustained_elapsed,%,7.34
A,lts__t_tag_requests.max.pct_of_peak_sustained_elapsed,%,7.38
A,lts__t_tag_requests.min.pct_of_peak_sustained_elapsed,%,7.29
A,lts__t_tag_requests.sum.pct_of_peak_sustained_elapsed,%,7.34
A,lts__throughput.avg.pct_of_peak_sustained_elapsed,%,7.90
A,lts__throughput.max.pct_of_peak_sustained_elapsed,%,7.95
A,lts__throughput.min.pct_of_peak_sustained_elapsed,%,7.85
A,lts__throughput.sum.pct_of_peak_sustained_elapsed,%,7.90
A,lts__xbar2lts_cycles_active.avg.pct_of_peak_sustained_elapsed,%,7.90
A,lts__xbar2lts_cycles_active.max.pct_of_peak_sustained_elapsed,%,7.95
A,lts__xbar2lts_cycles_active.min.pct_of_peak_sustained_elapsed,%,7.85
A,lts__xbar2lts_cycles_active.sum.pct_of_peak_sustained_elapsed,%,7.90
A,profiler__perfworks_session_reuse,,0
A,profiler__replayer_bytes_mem_accessible.avg,byte,4340431646
A,profiler__replayer_bytes_mem_accessible.max,byte,4340431646
A,profiler__replayer_bytes_mem_accessible.min,byte,4340431646
A,profiler__replayer_bytes_mem_accessible.sum,byte,151915107610
A,profiler__replayer_bytes_mem_backed_up.avg,byte,4340431646
A,profiler__replayer_bytes_mem_backed_up.max,byte,4340431646
A,profiler__replayer_bytes_mem_backed_up.min,byte,4340431646
A,profiler__replayer_bytes_mem_backed_up.sum,byte,151915107610
A,profiler__replayer_passes,pass,35
A,profiler__replayer_passes_type_warmup,pass,0
A,sass__inst_executed_global_loads,inst,392130888
A,sass__inst_executed_global_stores,inst,3699348
A,sass__inst_executed_local_loads,inst,0
A,sass__inst_executed_local_stores,inst,0
A,sass__inst_executed_per_opcode,,3598245416
A,sass__inst_executed_per_opcode_category,,3598245416
A,sass__inst_executed_per_opcode_with_modifier_all,,3598245416
A,sass__inst_executed_per_opcode_with_modifier_selective,,3598245416
A,sass__inst_executed_register_spilling,inst,0
A,sass__inst_executed_register_spilling_mem_local,byte,0
A,sass__inst_executed_register_spilling_mem_local_op_read,byte,0
A,sass__inst_executed_register_spilling_mem_local_op_write,byte,0
A,sass__inst_executed_register_spilling_mem_shared,byte,0
A,sass__inst_executed_register_spilling_mem_shared_op_read,byte,0
A,sass__inst_executed_register_spilling_mem_shared_op_write,byte,0
A,sass__inst_executed_register_spilling_op_read,inst,0
A,sass__inst_executed_register_spilling_op_write,inst,0
A,sass__inst_executed_shared_loads,inst,0
A,sass__inst_executed_shared_stores,inst,0
A,sass__thread_inst_executed_per_opcode_category,,50814101062
A,sass__thread_inst_executed_true_per_opcode,,50814101062
A,sass__thread_inst_executed_true_per_opcode_with_modifier_all,,50814101062
A,sass__thread_inst_executed_true_per_opcode_with_modifier_selective,,50814101062
A,sm__cycles_active.avg,cycle,34970921.79
A,sm__cycles_active.max,cycle,35015198
A,sm__cycles_active.min,cycle,34845705
A,sm__cycles_active.sum,cycle,6574533296
A,sm__inst_executed.avg.pct_of_peak_sustained_elapsed,%,13.68
A,sm__inst_executed.max.pct_of_peak_sustained_elapsed,%,13.72
A,sm__inst_executed.min.pct_of_peak_sustained_elapsed,%,13.61
A,sm__inst_executed.sum.pct_of_peak_sustained_elapsed,%,13.68
A,sm__inst_executed_pipe_adu.avg.pct_of_peak_sustained_elapsed,%,5.25
A,sm__inst_executed_pipe_adu.max.pct_of_peak_sustained_elapsed,%,5.26
A,sm__inst_executed_pipe_adu.min.pct_of_peak_sustained_elapsed,%,5.22
A,sm__inst_executed_pipe_adu.sum.pct_of_peak_sustained_elapsed,%,5.25
A,sm__inst_executed_pipe_cbu_pred_on_any.avg.pct_of_peak_sustained_elapsed,%,0.54
A,sm__inst_executed_pipe_cbu_pred_on_any.max.pct_of_peak_sustained_elapsed,%,0.55
A,sm__inst_executed_pipe_cbu_pred_on_any.min.pct_of_peak_sustained_elapsed,%,0.54
A,sm__inst_executed_pipe_cbu_pred_on_any.sum.pct_of_peak_sustained_elapsed,%,0.54
A,sm__inst_executed_pipe_ipa.avg.pct_of_peak_sustained_elapsed,%,0
A,sm__inst_executed_pipe_ipa.max.pct_of_peak_sustained_elapsed,%,0
A,sm__inst_executed_pipe_ipa.min.pct_of_peak_sustained_elapsed,%,0
A,sm__inst_executed_pipe_ipa.sum.pct_of_peak_sustained_elapsed,%,0
A,sm__inst_executed_pipe_lsu.avg.pct_of_peak_sustained_elapsed,%,12.64
A,sm__inst_executed_pipe_lsu.max.pct_of_peak_sustained_elapsed,%,12.67
A,sm__inst_executed_pipe_lsu.min.pct_of_peak_sustained_elapsed,%,12.48
A,sm__inst_executed_pipe_lsu.sum.pct_of_peak_sustained_elapsed,%,12.64
A,sm__inst_executed_pipe_tex.avg.pct_of_peak_sustained_elapsed,%,0
A,sm__inst_executed_pipe_tex.max.pct_of_peak_sustained_elapsed,%,0
A,sm__inst_executed_pipe_tex.min.pct_of_peak_sustained_elapsed,%,0
A,sm__inst_executed_pipe_tex.sum.pct_of_peak_sustained_elapsed,%,0
A,sm__inst_executed_pipe_uniform.avg.pct_of_peak_sustained_elapsed,%,0
A,sm__inst_executed_pipe_uniform.max.pct_of_peak_sustained_elapsed,%,0
A,sm__inst_executed_pipe_uniform.min.pct_of_peak_sustained_elapsed,%,0
A,sm__inst_executed_pipe_uniform.sum.pct_of_peak_sustained_elapsed,%,0
A,sm__inst_executed_pipe_xu.avg.pct_of_peak_sustained_elapsed,%,2.10
A,sm__inst_executed_pipe_xu.max.pct_of_peak_sustained_elapsed,%,2.11
A,sm__inst_executed_pipe_xu.min.pct_of_peak_sustained_elapsed,%,2.09
A,sm__inst_executed_pipe_xu.sum.pct_of_peak_sustained_elapsed,%,2.10
A,sm__instruction_throughput_internal_activity.avg.pct_of_peak_sustained_elapsed,%,0
A,sm__instruction_throughput_internal_activity.max.pct_of_peak_sustained_elapsed,%,0
A,sm__instruction_throughput_internal_activity.min.pct_of_peak_sustained_elapsed,%,0
A,sm__instruction_throughput_internal_activity.sum.pct_of_peak_sustained_elapsed,%,0
A,sm__issue_active.avg.pct_of_peak_sustained_elapsed,%,13.68
A,sm__issue_active.max.pct_of_peak_sustained_elapsed,%,13.72
A,sm__issue_active.min.pct_of_peak_sustained_elapsed,%,13.62
A,sm__issue_active.sum.pct_of_peak_sustained_elapsed,%,13.68
A,sm__maximum_warps_avg_per_active_cycle,warp,48
A,sm__maximum_warps_per_active_cycle_pct,%,100
A,sm__memory_throughput_internal_activity.avg.pct_of_peak_sustained_elapsed,%,0.32
A,sm__memory_throughput_internal_activity.max.pct_of_peak_sustained_elapsed,%,0.32
A,sm__memory_throughput_internal_activity.min.pct_of_peak_sustained_elapsed,%,0.32
A,sm__memory_throughput_internal_activity.sum.pct_of_peak_sustained_elapsed,%,0.32
A,sm__mio2rf_writeback_active.avg.pct_of_peak_sustained_elapsed,%,2.22
A,sm__mio2rf_writeback_active.max.pct_of_peak_sustained_elapsed,%,2.23
A,sm__mio2rf_writeback_active.min.pct_of_peak_sustained_elapsed,%,2.21
A,sm__mio2rf_writeback_active.sum.pct_of_peak_sustained_elapsed,%,2.22
A,sm__mio_inst_issued.avg.pct_of_peak_sustained_elapsed,%,9.59
A,sm__mio_inst_issued.max.pct_of_peak_sustained_elapsed,%,9.62
A,sm__mio_inst_issued.min.pct_of_peak_sustained_elapsed,%,9.51
A,sm__mio_inst_issued.sum.pct_of_peak_sustained_elapsed,%,9.59
A,sm__mio_pq_read_cycles_active.avg.pct_of_peak_sustained_elapsed,%,0.17
A,sm__mio_pq_read_cycles_active.max.pct_of_peak_sustained_elapsed,%,0.17
A,sm__mio_pq_read_cycles_active.min.pct_of_peak_sustained_elapsed,%,0.17
A,sm__mio_pq_read_cycles_active.sum.pct_of_peak_sustained_elapsed,%,0.17
A,sm__mio_pq_write_cycles_active.avg.pct_of_peak_sustained_elapsed,%,13.89
A,sm__mio_pq_write_cycles_active.max.pct_of_peak_sustained_elapsed,%,13.93
A,sm__mio_pq_write_cycles_active.min.pct_of_peak_sustained_elapsed,%,13.82
A,sm__mio_pq_write_cycles_active.sum.pct_of_peak_sustained_elapsed,%,13.89
A,sm__pipe_aluheavy_cycles_active.avg.pct_of_peak_sustained_elapsed,%,2.77
A,sm__pipe_aluheavy_cycles_active.max.pct_of_peak_sustained_elapsed,%,2.78
A,sm__pipe_aluheavy_cycles_active.min.pct_of_peak_sustained_elapsed,%,2.75
A,sm__pipe_aluheavy_cycles_active.sum.pct_of_peak_sustained_elapsed,%,2.77
A,sm__pipe_fma_cycles_active.avg.pct_of_peak_sustained_elapsed,%,2.51
A,sm__pipe_fma_cycles_active.max.pct_of_peak_sustained_elapsed,%,2.51
A,sm__pipe_fma_cycles_active.min.pct_of_peak_sustained_elapsed,%,2.49
A,sm__pipe_fma_cycles_active.sum.pct_of_peak_sustained_elapsed,%,2.51
A,sm__pipe_fmaheavy_cycles_active.avg.pct_of_peak_sustained_elapsed,%,6.55
A,sm__pipe_fmaheavy_cycles_active.max.pct_of_peak_sustained_elapsed,%,6.57
A,sm__pipe_fmaheavy_cycles_active.min.pct_of_peak_sustained_elapsed,%,6.51
A,sm__pipe_fmaheavy_cycles_active.sum.pct_of_peak_sustained_elapsed,%,6.55
A,sm__pipe_fp64_cycles_active.avg.pct_of_peak_sustained_elapsed,%,87.00
A,sm__pipe_fp64_cycles_active.max.pct_of_peak_sustained_elapsed,%,87.24
A,sm__pipe_fp64_cycles_active.min.pct_of_peak_sustained_elapsed,%,86.56
A,sm__pipe_fp64_cycles_active.sum.pct_of_peak_sustained_elapsed,%,87.00
A,sm__pipe_tensor_cycles_active.avg.pct_of_peak_sustained_elapsed,%,0
A,sm__pipe_tensor_cycles_active.max.pct_of_peak_sustained_elapsed,%,0
A,sm__pipe_tensor_cycles_active.min.pct_of_peak_sustained_elapsed,%,0
A,sm__pipe_tensor_cycles_active.sum.pct_of_peak_sustained_elapsed,%,0
A,sm__pipe_tma_cycles_active.avg.pct_of_peak_sustained_elapsed,%,0
A,sm__pipe_tma_cycles_active.max.pct_of_peak_sustained_elapsed,%,0
A,sm__pipe_tma_cycles_active.min.pct_of_peak_sustained_elapsed,%,0
A,sm__pipe_tma_cycles_active.sum.pct_of_peak_sustained_elapsed,%,0
A,sm__sass_inst_executed_op_ldgsts_cache_access.sum,inst,0
A,sm__sass_inst_executed_op_ldgsts_cache_bypass.sum,inst,0
A,sm__sass_l1tex_t_requests_pipe_lsu_mem_global_op_ldgsts_cache_access.sum,,0
A,sm__sass_l1tex_t_requests_pipe_lsu_mem_global_op_ldgsts_cache_bypass.sum,,0
A,sm__sass_l1tex_t_sectors_pipe_lsu_mem_global_op_ldgsts_cache_access.sum,sector,0
A,sm__sass_l1tex_t_sectors_pipe_lsu_mem_global_op_ldgsts_cache_access.sum.pct_of_peak_sustained_elapsed,%,0
A,sm__sass_l1tex_t_sectors_pipe_lsu_mem_global_op_ldgsts_cache_bypass.sum,sector,0
A,sm__sass_l1tex_t_sectors_pipe_lsu_mem_global_op_ldgsts_cache_bypass.sum.pct_of_peak_sustained_elapsed,%,0
A,sm__throughput.avg.pct_of_peak_sustained_elapsed,%,87.00
A,sm__throughput.max.pct_of_peak_sustained_elapsed,%,87.24
A,sm__throughput.min.pct_of_peak_sustained_elapsed,%,86.56
A,sm__throughput.sum.pct_of_peak_sustained_elapsed,%,87.00
A,sm__warps_active.avg.pct_of_peak_sustained_active,%,25.15
A,sm__warps_active.avg.per_cycle_active,warp,12.07
A,sm__warps_active.max.pct_of_peak_sustained_active,%,25.31
A,sm__warps_active.max.per_cycle_active,warp,12.15
A,sm__warps_active.min.pct_of_peak_sustained_active,%,24.97
A,sm__warps_active.min.per_cycle_active,warp,11.98
A,sm__warps_active.sum.pct_of_peak_sustained_active,%,25.15
A,sm__warps_active.sum.per_cycle_active,warp,2269.71
A,smsp__average_warp_latency_per_inst_issued.ratio,cycle,21.96
A,smsp__average_warps_active_per_inst_executed.ratio,cycle,21.96
A,smsp__average_warps_issue_stalled_barrier_per_issue_active.ratio,inst,0
A,smsp__average_warps_issue_stalled_branch_resolving_per_issue_active.ratio,inst,0.09
A,smsp__average_warps_issue_stalled_dispatch_stall_per_issue_active.ratio,inst,0.12
A,smsp__average_warps_issue_stalled_drain_per_issue_active.ratio,inst,0.02
A,smsp__average_warps_issue_stalled_lg_throttle_per_issue_active.ratio,inst,0.02
A,smsp__average_warps_issue_stalled_long_scoreboard_per_issue_active.ratio,inst,6.32
A,smsp__average_warps_issue_stalled_math_pipe_throttle_per_issue_active.ratio,inst,0.08
A,smsp__average_warps_issue_stalled_membar_per_issue_active.ratio,inst,0
A,smsp__average_warps_issue_stalled_mio_throttle_per_issue_active.ratio,inst,0.12
A,smsp__average_warps_issue_stalled_misc_per_issue_active.ratio,inst,0.00
A,smsp__average_warps_issue_stalled_no_instruction_per_issue_active.ratio,inst,0.09
A,smsp__average_warps_issue_stalled_not_selected_per_issue_active.ratio,inst,0.31
A,smsp__average_warps_issue_stalled_selected_per_issue_active.ratio,inst,1
A,smsp__average_warps_issue_stalled_short_scoreboard_per_issue_active.ratio,inst,7.33
A,smsp__average_warps_issue_stalled_sleeping_per_issue_active.ratio,inst,0
A,smsp__average_warps_issue_stalled_tex_throttle_per_issue_active.ratio,inst,0.21
A,smsp__average_warps_issue_stalled_wait_per_issue_active.ratio,inst,6.23
A,smsp__branch_targets_threads_divergent,branches,1233372
A,smsp__inst_executed.avg,inst,4784900.82
A,smsp__inst_executed.max,inst,4799474
A,smsp__inst_executed.min,inst,4759682
A,smsp__inst_executed.sum,inst,3598245416
A,smsp__inst_executed_op_branch.avg,inst,83630.58
A,smsp__inst_executed_op_branch.max,inst,83883
A,smsp__inst_executed_op_branch.min,inst,83079
A,smsp__inst_executed_op_branch.sum,inst,62890196
A,smsp__inst_executed_op_generic_atom_dot_alu.sum,inst,0
A,smsp__inst_executed_op_generic_atom_dot_cas.sum,inst,0
A,smsp__inst_executed_op_global_red.sum,inst,0
A,smsp__inst_executed_op_ldgsts.sum,inst,0
A,smsp__inst_executed_op_ldsm.sum,inst,0
A,smsp__inst_executed_op_shared_atom.sum,inst,0
A,smsp__inst_executed_op_shared_stsm.sum,inst,0
A,smsp__inst_executed_op_surface_atom_dot_alu.sum,inst,0
A,smsp__inst_executed_op_surface_atom_dot_cas.sum,inst,0
A,smsp__inst_executed_op_surface_ld.sum,inst,0
A,smsp__inst_executed_op_surface_red.sum,inst,0
A,smsp__inst_executed_op_surface_st.sum,inst,0
A,smsp__inst_executed_op_texture.sum,inst,0
A,smsp__inst_issued.avg,inst,4784900.99
A,smsp__inst_issued.max,inst,4799686
A,smsp__inst_issued.min,inst,4762388
A,smsp__inst_issued.sum,inst,3598245544
A,smsp__issue_active.avg.pct_of_peak_sustained_active,%,13.69
A,smsp__issue_active.avg.per_cycle_active,,0.14
A,smsp__issue_active.max.pct_of_peak_sustained_active,%,13.74
A,smsp__issue_active.max.per_cycle_active,,0.14
A,smsp__issue_active.min.pct_of_peak_sustained_active,%,13.63
A,smsp__issue_active.min.per_cycle_active,,0.14
A,smsp__issue_active.sum.pct_of_peak_sustained_active,%,13.69
A,smsp__issue_active.sum.per_cycle_active,,102.97
A,smsp__issue_inst0.avg.pct_of_peak_sustained_active,%,86.31
A,smsp__issue_inst0.max.pct_of_peak_sustained_active,%,86.44
A,smsp__issue_inst0.min.pct_of_peak_sustained_active,%,85.91
A,smsp__issue_inst0.sum.pct_of_peak_sustained_active,%,86.31
A,smsp__maximum_warps_avg_per_active_cycle,warp,12
A,smsp__pcsamp_aggregated_passes,pass,2
A,smsp__pcsamp_buffer_overflow,,0
A,smsp__pcsamp_buffer_size_bytes,byte,33554432
A,smsp__pcsamp_dropped_bytes,byte,0
A,smsp__pcsamp_interval,,7
A,smsp__pcsamp_interval_cycles,cycle,4096
A,smsp__pcsamp_sample_count,,1604865
A,smsp__pcsamp_warps_issue_stalled_barrier,warp,0
A,smsp__pcsamp_warps_issue_stalled_barrier_not_issued,warp,0
A,smsp__pcsamp_warps_issue_stalled_branch_resolving,branches,8886
A,smsp__pcsamp_warps_issue_stalled_branch_resolving_not_issued,branches,8163
A,smsp__pcsamp_warps_issue_stalled_dispatch_stall,warp,5744
A,smsp__pcsamp_warps_issue_stalled_dispatch_stall_not_issued,warp,2233
A,smsp__pcsamp_warps_issue_stalled_drain,warp,1729
A,smsp__pcsamp_warps_issue_stalled_drain_not_issued,warp,1571
A,smsp__pcsamp_warps_issue_stalled_lg_throttle,warp,1379
A,smsp__pcsamp_warps_issue_stalled_lg_throttle_not_issued,warp,1198
A,smsp__pcsamp_warps_issue_stalled_long_scoreboard,warp,336650
A,smsp__pcsamp_warps_issue_stalled_long_scoreboard_not_issued,warp,299399
A,smsp__pcsamp_warps_issue_stalled_math_pipe_throttle,warp,2320
A,smsp__pcsamp_warps_issue_stalled_math_pipe_throttle_not_issued,warp,637
A,smsp__pcsamp_warps_issue_stalled_membar,warp,0
A,smsp__pcsamp_warps_issue_stalled_membar_not_issued,warp,0
A,smsp__pcsamp_warps_issue_stalled_mio_throttle,warp,3657
A,smsp__pcsamp_warps_issue_stalled_mio_throttle_not_issued,warp,2216
A,smsp__pcsamp_warps_issue_stalled_misc,warp,272
A,smsp__pcsamp_warps_issue_stalled_misc_not_issued,warp,255
A,smsp__pcsamp_warps_issue_stalled_no_instructions,inst,5494
A,smsp__pcsamp_warps_issue_stalled_no_instructions_not_issued,inst,4913
A,smsp__pcsamp_warps_issue_stalled_not_selected,warp,10819
A,smsp__pcsamp_warps_issue_stalled_not_selected_not_issued,warp,32
A,smsp__pcsamp_warps_issue_stalled_selected,warp,78050
A,smsp__pcsamp_warps_issue_stalled_selected_not_issued,warp,0
A,smsp__pcsamp_warps_issue_stalled_short_scoreboard,warp,589764
A,smsp__pcsamp_warps_issue_stalled_short_scoreboard_not_issued,warp,540615
A,smsp__pcsamp_warps_issue_stalled_sleeping,warp,0
A,smsp__pcsamp_warps_issue_stalled_sleeping_not_issued,warp,0
A,smsp__pcsamp_warps_issue_stalled_tex_throttle,warp,3913
A,smsp__pcsamp_warps_issue_stalled_tex_throttle_not_issued,warp,3643
A,smsp__pcsamp_warps_issue_stalled_wait,warp,556188
A,smsp__pcsamp_warps_issue_stalled_wait_not_issued,warp,503884
A,smsp__sass_average_branch_targets_threads_uniform.pct,%,96.43
A,smsp__sass_average_data_bytes_per_sector_mem_global_op_ld.max_rate,byte/sector,32
A,smsp__sass_average_data_bytes_per_sector_mem_global_op_ld.ratio,byte/sector,4.08
A,smsp__sass_average_data_bytes_per_sector_mem_global_op_st.max_rate,byte/sector,32
A,smsp__sass_average_data_bytes_per_sector_mem_global_op_st.ratio,byte/sector,32
A,smsp__sass_average_data_bytes_per_sector_mem_local_op_ld.max_rate,byte/sector,32
A,smsp__sass_average_data_bytes_per_sector_mem_local_op_ld.ratio,byte/sector,0
A,smsp__sass_average_data_bytes_per_sector_mem_local_op_st.max_rate,byte/sector,32
A,smsp__sass_average_data_bytes_per_sector_mem_local_op_st.ratio,byte/sector,0
A,smsp__sass_branch_targets_threads_divergent.avg,branches,1640.12
A,smsp__sass_branch_targets_threads_divergent.max,branches,1658
A,smsp__sass_branch_targets_threads_divergent.min,branches,1584
A,smsp__sass_branch_targets_threads_divergent.sum,branches,1233372
A,smsp__sass_inst_executed_memdesc_explicit_evict_type,,0
A,smsp__sass_inst_executed_memdesc_explicit_hitprop_evict_first,inst,0
A,smsp__sass_inst_executed_memdesc_explicit_hitprop_evict_last,inst,0
A,smsp__sass_inst_executed_memdesc_explicit_hitprop_evict_normal,inst,0
A,smsp__sass_inst_executed_memdesc_explicit_hitprop_evict_normal_demote,inst,0
A,smsp__sass_inst_executed_memdesc_explicit_missprop_evict_first,inst,0
A,smsp__sass_inst_executed_memdesc_explicit_missprop_evict_normal,inst,0
A,smsp__sass_inst_executed_op_dshared_atom.sum,inst,0
A,smsp__sass_inst_executed_op_dshared_ld.sum,inst,0
A,smsp__sass_inst_executed_op_dshared_redas.sum,inst,0
A,smsp__sass_inst_executed_op_dshared_st.sum,inst,0
A,smsp__sass_inst_executed_op_dshared_stas.sum,inst,0
A,smsp__sass_inst_executed_op_dshared_tma_red.sum,inst,0
A,smsp__sass_inst_executed_op_dshared_tma_st.sum,inst,0
A,smsp__sass_inst_executed_op_global_ld.sum,inst,392130888
A,smsp__sass_inst_executed_op_global_st.sum,inst,3699348
A,smsp__sass_inst_executed_op_local_ld.sum,inst,0
A,smsp__sass_inst_executed_op_local_st.sum,inst,0
A,smsp__sass_inst_executed_op_shared_ld.sum,inst,0
A,smsp__sass_inst_executed_op_shared_st.sum,inst,0
A,smsp__sass_inst_executed_op_tma_ld.sum,inst,0
A,smsp__sass_inst_executed_op_tma_red.sum,inst,0
A,smsp__sass_inst_executed_op_tma_st.sum,inst,0
A,smsp__sass_l1tex_data_pipe_lsu_wavefronts_mem_shared_op_ldgsts.sum,,0
A,smsp__sass_l1tex_data_pipe_lsu_wavefronts_mem_shared_op_ldgsts.sum.pct_of_peak_sustained_elapsed,%,0
A,smsp__sass_l1tex_data_pipe_lsu_wavefronts_mem_shared_op_ldgsts_cache_access.sum,,0
A,smsp__sass_l1tex_data_pipe_lsu_wavefronts_mem_shared_op_ldgsts_cache_access.sum.pct_of_peak_sustained_elapsed,%,0
A,smsp__sass_l1tex_m_xbar2l1tex_read_sectors_mem_global_op_ldgsts_cache_bypass.sum,sector,0
A,smsp__sass_l1tex_m_xbar2l1tex_read_sectors_mem_global_op_ldgsts_cache_bypass.sum.pct_of_peak_sustained_elapsed,%,0
A,smsp__thread_inst_executed_per_inst_executed.ratio,,14.72
A,smsp__thread_inst_executed_pred_on_per_inst_executed.ratio,,14.12
A,smsp__warps_active.avg.peak_sustained,warp,12
A,smsp__warps_active.avg.per_cycle_active,warp,3.01
A,smsp__warps_active.max.peak_sustained,warp,12
A,smsp__warps_active.max.per_cycle_active,warp,3.03
A,smsp__warps_active.min.peak_sustained,warp,12
A,smsp__warps_active.min.per_cycle_active,warp,2.99
A,smsp__warps_active.sum.peak_sustained,warp,9024
A,smsp__warps_active.sum.per_cycle_active,warp,2260.94
A,smsp__warps_eligible.avg.per_cycle_active,warp,0.18
A,smsp__warps_eligible.max.per_cycle_active,warp,0.18
A,smsp__warps_eligible.min.per_cycle_active,warp,0.18
A,smsp__warps_eligible.sum.per_cycle_active,warp,135.13
B,dram__bytes_op_read.sum,byte,54996992
B,dram__bytes_op_read.sum.pct_of_peak_sustained_elapsed,%,0.18
B,dram__bytes_op_read.sum.per_second,byte/s,2827871711.67
B,dram__bytes_op_write.sum,byte,606495488
B,dram__bytes_op_write.sum.pct_of_peak_sustained_elapsed,%,1.95
B,dram__bytes_op_write.sum.per_second,byte/s,31185186160.24
B,dram__cycles_active.avg.pct_of_peak_sustained_elapsed,%,2.13
B,dram__cycles_active.max.pct_of_peak_sustained_elapsed,%,2.14
B,dram__cycles_active.min.pct_of_peak_sustained_elapsed,%,2.13
B,dram__cycles_active.sum.pct_of_peak_sustained_elapsed,%,2.13
B,dram__cycles_elapsed.avg.per_second,hz,12469477882.57
B,dram__cycles_elapsed.max.per_second,hz,12469477882.57
B,dram__cycles_elapsed.min.per_second,hz,12469477882.57
B,dram__cycles_elapsed.sum.per_second,hz,199511646121.14
B,dram__sectors_op_read.sum,sector,1718656
B,dram__sectors_op_write.sum,sector,18952984
B,gpu__compute_memory_access_throughput_internal_activity.avg.pct_of_peak_sustained_elapsed,%,4.39
B,gpu__compute_memory_access_throughput_internal_activity.max.pct_of_peak_sustained_elapsed,%,4.41
B,gpu__compute_memory_access_throughput_internal_activity.min.pct_of_peak_sustained_elapsed,%,4.37
B,gpu__compute_memory_access_throughput_internal_activity.sum.pct_of_peak_sustained_elapsed,%,4.39
B,gpu__compute_memory_request_throughput_internal_activity.avg.pct_of_peak_sustained_elapsed,%,0.00
B,gpu__compute_memory_request_throughput_internal_activity.max.pct_of_peak_sustained_elapsed,%,0.00
B,gpu__compute_memory_request_throughput_internal_activity.min.pct_of_peak_sustained_elapsed,%,0.00
B,gpu__compute_memory_request_throughput_internal_activity.sum.pct_of_peak_sustained_elapsed,%,0.00
B,gpu__compute_memory_throughput.avg.pct_of_peak_sustained_elapsed,%,12.64
B,gpu__compute_memory_throughput.max.pct_of_peak_sustained_elapsed,%,12.66
B,gpu__compute_memory_throughput.min.pct_of_peak_sustained_elapsed,%,12.59
B,gpu__compute_memory_throughput.sum.pct_of_peak_sustained_elapsed,%,12.64
B,gpu__dram_throughput.avg.pct_of_peak_sustained_elapsed,%,2.13
B,gpu__dram_throughput.max.pct_of_peak_sustained_elapsed,%,2.14
B,gpu__dram_throughput.min.pct_of_peak_sustained_elapsed,%,2.13
B,gpu__dram_throughput.sum.pct_of_peak_sustained_elapsed,%,2.13
B,gpu__time_duration.avg,ns,19448192
B,gpu__time_duration.max,ns,19448192
B,gpu__time_duration.min,ns,19448192
B,gpu__time_duration.sum,ns,19448192
B,l1tex__cycles_active.avg,cycle,45715493.96
B,l1tex__cycles_active.max,cycle,45773804
B,l1tex__cycles_active.min,cycle,45542537
B,l1tex__cycles_active.sum,cycle,8594512865
B,l1tex__cycles_elapsed.avg,cycle,45723230.96
B,l1tex__cycles_elapsed.max,cycle,45782126
B,l1tex__cycles_elapsed.min,cycle,45559483
B,l1tex__cycles_elapsed.sum,cycle,8595967420
B,l1tex__data_bank_conflicts_pipe_lsu_mem_shared.sum,,1439476
B,l1tex__data_bank_conflicts_pipe_lsu_mem_shared_op_atom.sum,,0
B,l1tex__data_bank_conflicts_pipe_lsu_mem_shared_op_ld.sum,,0
B,l1tex__data_bank_conflicts_pipe_lsu_mem_shared_op_ldgsts.sum,,0
B,l1tex__data_bank_conflicts_pipe_lsu_mem_shared_op_st.sum,,0
B,l1tex__data_bank_reads.avg.pct_of_peak_sustained_elapsed,%,0.48
B,l1tex__data_bank_reads.max.pct_of_peak_sustained_elapsed,%,0.48
B,l1tex__data_bank_reads.min.pct_of_peak_sustained_elapsed,%,0.47
B,l1tex__data_bank_reads.sum.pct_of_peak_sustained_elapsed,%,0.48
B,l1tex__data_bank_writes.avg.pct_of_peak_sustained_elapsed,%,0.22
B,l1tex__data_bank_writes.max.pct_of_peak_sustained_elapsed,%,0.23
B,l1tex__data_bank_writes.min.pct_of_peak_sustained_elapsed,%,0.22
B,l1tex__data_bank_writes.sum.pct_of_peak_sustained_elapsed,%,0.22
B,l1tex__data_pipe_lsu_wavefronts.avg.pct_of_peak_sustained_elapsed,%,6.92
B,l1tex__data_pipe_lsu_wavefronts.max.pct_of_peak_sustained_elapsed,%,6.93
B,l1tex__data_pipe_lsu_wavefronts.min.pct_of_peak_sustained_elapsed,%,6.89
B,l1tex__data_pipe_lsu_wavefronts.sum.pct_of_peak_sustained_elapsed,%,6.92
B,l1tex__data_pipe_lsu_wavefronts_mem_shared.sum,,126567283
B,l1tex__data_pipe_lsu_wavefronts_mem_shared.sum.pct_of_peak_sustained_elapsed,%,1.47
B,l1tex__data_pipe_lsu_wavefronts_mem_shared_op_atom.sum,,0
B,l1tex__data_pipe_lsu_wavefronts_mem_shared_op_atom.sum.pct_of_peak_sustained_elapsed,%,0
B,l1tex__data_pipe_lsu_wavefronts_mem_shared_op_ld.sum,,0
B,l1tex__data_pipe_lsu_wavefronts_mem_shared_op_ld.sum.pct_of_peak_sustained_elapsed,%,0
B,l1tex__data_pipe_lsu_wavefronts_mem_shared_op_st.sum,,0
B,l1tex__data_pipe_lsu_wavefronts_mem_shared_op_st.sum.pct_of_peak_sustained_elapsed,%,0
B,l1tex__data_pipe_tex_wavefronts.avg.pct_of_peak_sustained_elapsed,%,0
B,l1tex__data_pipe_tex_wavefronts.max.pct_of_peak_sustained_elapsed,%,0
B,l1tex__data_pipe_tex_wavefronts.min.pct_of_peak_sustained_elapsed,%,0
B,l1tex__data_pipe_tex_wavefronts.sum.pct_of_peak_sustained_elapsed,%,0
B,l1tex__f_wavefronts.avg.pct_of_peak_sustained_elapsed,%,0
B,l1tex__f_wavefronts.max.pct_of_peak_sustained_elapsed,%,0
B,l1tex__f_wavefronts.min.pct_of_peak_sustained_elapsed,%,0
B,l1tex__f_wavefronts.sum.pct_of_peak_sustained_elapsed,%,0
B,l1tex__lsu_writeback_active.avg.pct_of_peak_sustained_elapsed,%,5.92
B,l1tex__lsu_writeback_active.max.pct_of_peak_sustained_elapsed,%,5.93
B,l1tex__lsu_writeback_active.min.pct_of_peak_sustained_elapsed,%,5.90
B,l1tex__lsu_writeback_active.sum.pct_of_peak_sustained_elapsed,%,5.92
B,l1tex__lsu_writeback_active_mem_lgds.sum,cycle,383338024
B,l1tex__lsu_writeback_active_mem_lgds.sum.pct_of_peak_sustained_elapsed,%,4.46
B,l1tex__lsuin_requests.avg.pct_of_peak_sustained_elapsed,%,12.64
B,l1tex__lsuin_requests.max.pct_of_peak_sustained_elapsed,%,12.66
B,l1tex__lsuin_requests.min.pct_of_peak_sustained_elapsed,%,12.59
B,l1tex__lsuin_requests.sum.pct_of_peak_sustained_elapsed,%,12.64
B,l1tex__m_l1tex2xbar_req_cycles_active.avg.pct_of_peak_sustained_elapsed,%,1.25
B,l1tex__m_l1tex2xbar_req_cycles_active.max.pct_of_peak_sustained_elapsed,%,1.25
B,l1tex__m_l1tex2xbar_req_cycles_active.min.pct_of_peak_sustained_elapsed,%,1.24
B,l1tex__m_l1tex2xbar_req_cycles_active.sum.pct_of_peak_sustained_elapsed,%,1.25
B,l1tex__m_l1tex2xbar_write_sectors_mem_dshared_op_atom.sum,sector,0
B,l1tex__m_l1tex2xbar_write_sectors_mem_dshared_op_atom.sum.pct_of_peak_sustained_elapsed,%,0
B,l1tex__m_l1tex2xbar_write_sectors_mem_dshared_op_ld.sum,sector,0
B,l1tex__m_l1tex2xbar_write_sectors_mem_dshared_op_ld.sum.pct_of_peak_sustained_elapsed,%,0
B,l1tex__m_l1tex2xbar_write_sectors_mem_dshared_op_redas.sum,sector,0
B,l1tex__m_l1tex2xbar_write_sectors_mem_dshared_op_redas.sum.pct_of_peak_sustained_elapsed,%,0
B,l1tex__m_l1tex2xbar_write_sectors_mem_dshared_op_st.sum,sector,0
B,l1tex__m_l1tex2xbar_write_sectors_mem_dshared_op_st.sum.pct_of_peak_sustained_elapsed,%,0
B,l1tex__m_l1tex2xbar_write_sectors_mem_dshared_op_tma_red.sum,sector,0
B,l1tex__m_l1tex2xbar_write_sectors_mem_dshared_op_tma_red.sum.pct_of_peak_sustained_elapsed,%,0
B,l1tex__m_l1tex2xbar_write_sectors_mem_dshared_op_tma_st.sum,sector,0
B,l1tex__m_l1tex2xbar_write_sectors_mem_dshared_op_tma_st.sum.pct_of_peak_sustained_elapsed,%,0
B,l1tex__m_l1tex2xbar_write_sectors_mem_global_op_atom.sum,sector,0
B,l1tex__m_l1tex2xbar_write_sectors_mem_global_op_atom.sum.pct_of_peak_sustained_elapsed,%,0
B,l1tex__m_l1tex2xbar_write_sectors_mem_global_op_red.sum,sector,0
B,l1tex__m_l1tex2xbar_write_sectors_mem_global_op_red.sum.pct_of_peak_sustained_elapsed,%,0
B,l1tex__m_l1tex2xbar_write_sectors_mem_lg_op_st.sum,sector,73492177
B,l1tex__m_l1tex2xbar_write_sectors_mem_lg_op_st.sum.pct_of_peak_sustained_elapsed,%,0.85
B,l1tex__m_l1tex2xbar_write_sectors_mem_surface_op_atom.sum,sector,0
B,l1tex__m_l1tex2xbar_write_sectors_mem_surface_op_atom.sum.pct_of_peak_sustained_elapsed,%,0
B,l1tex__m_l1tex2xbar_write_sectors_mem_surface_op_red.sum,sector,0
B,l1tex__m_l1tex2xbar_write_sectors_mem_surface_op_red.sum.pct_of_peak_sustained_elapsed,%,0
B,l1tex__m_l1tex2xbar_write_sectors_mem_surface_op_st.sum,sector,0
B,l1tex__m_l1tex2xbar_write_sectors_mem_surface_op_st.sum.pct_of_peak_sustained_elapsed,%,0
B,l1tex__m_xbar2l1tex_read_sectors.avg.pct_of_peak_sustained_elapsed,%,1.58
B,l1tex__m_xbar2l1tex_read_sectors.max.pct_of_peak_sustained_elapsed,%,1.59
B,l1tex__m_xbar2l1tex_read_sectors.min.pct_of_peak_sustained_elapsed,%,1.57
B,l1tex__m_xbar2l1tex_read_sectors.sum.pct_of_peak_sustained_elapsed,%,1.58
B,l1tex__m_xbar2l1tex_read_sectors_mem_dshared.avg.pct_of_peak_sustained_elapsed,%,0
B,l1tex__m_xbar2l1tex_read_sectors_mem_dshared.max.pct_of_peak_sustained_elapsed,%,0
B,l1tex__m_xbar2l1tex_read_sectors_mem_dshared.min.pct_of_peak_sustained_elapsed,%,0
B,l1tex__m_xbar2l1tex_read_sectors_mem_dshared.sum.pct_of_peak_sustained_elapsed,%,0
B,l1tex__m_xbar2l1tex_read_sectors_mem_dshared_op_atom.sum,sector,0
B,l1tex__m_xbar2l1tex_read_sectors_mem_dshared_op_atom.sum.pct_of_peak_sustained_elapsed,%,0
B,l1tex__m_xbar2l1tex_read_sectors_mem_dshared_op_ld.sum,sector,0
B,l1tex__m_xbar2l1tex_read_sectors_mem_dshared_op_ld.sum.pct_of_peak_sustained_elapsed,%,0
B,l1tex__m_xbar2l1tex_read_sectors_mem_dshared_op_redas.sum,sector,0
B,l1tex__m_xbar2l1tex_read_sectors_mem_dshared_op_redas.sum.pct_of_peak_sustained_elapsed,%,0
B,l1tex__m_xbar2l1tex_read_sectors_mem_dshared_op_st.sum,sector,0
B,l1tex__m_xbar2l1tex_read_sectors_mem_dshared_op_st.sum.pct_of_peak_sustained_elapsed,%,0
B,l1tex__m_xbar2l1tex_read_sectors_mem_dshared_op_tma_red.sum,sector,0
B,l1tex__m_xbar2l1tex_read_sectors_mem_dshared_op_tma_red.sum.pct_of_peak_sustained_elapsed,%,0
B,l1tex__m_xbar2l1tex_read_sectors_mem_dshared_op_tma_st.sum,sector,0
B,l1tex__m_xbar2l1tex_read_sectors_mem_dshared_op_tma_st.sum.pct_of_peak_sustained_elapsed,%,0
B,l1tex__m_xbar2l1tex_read_sectors_mem_global_op_atom.sum,sector,0
B,l1tex__m_xbar2l1tex_read_sectors_mem_global_op_atom.sum.pct_of_peak_sustained_elapsed,%,0
B,l1tex__m_xbar2l1tex_read_sectors_mem_lg_op_ld.sum,sector,136152396
B,l1tex__m_xbar2l1tex_read_sectors_mem_lg_op_ld.sum.pct_of_peak_sustained_elapsed,%,1.58
B,l1tex__m_xbar2l1tex_read_sectors_mem_surface_op_atom.sum,sector,0
B,l1tex__m_xbar2l1tex_read_sectors_mem_surface_op_atom.sum.pct_of_peak_sustained_elapsed,%,0
B,l1tex__m_xbar2l1tex_read_sectors_mem_surface_op_ld.sum,sector,0
B,l1tex__m_xbar2l1tex_read_sectors_mem_surface_op_ld.sum.pct_of_peak_sustained_elapsed,%,0
B,l1tex__m_xbar2l1tex_read_sectors_mem_texture.sum,sector,0
B,l1tex__m_xbar2l1tex_read_sectors_mem_texture.sum.pct_of_peak_sustained_elapsed,%,0
B,l1tex__t_output_wavefronts_pipe_lsu_mem_dshared_op_atom.sum,,0
B,l1tex__t_output_wavefronts_pipe_lsu_mem_dshared_op_ld.sum,,0
B,l1tex__t_output_wavefronts_pipe_lsu_mem_dshared_op_ld.sum.pct_of_peak_sustained_elapsed,%,0
B,l1tex__t_output_wavefronts_pipe_lsu_mem_dshared_op_redas.sum,,0
B,l1tex__t_output_wavefronts_pipe_lsu_mem_dshared_op_redas.sum.pct_of_peak_sustained_elapsed,%,0
B,l1tex__t_output_wavefronts_pipe_lsu_mem_dshared_op_st.sum,,0
B,l1tex__t_output_wavefronts_pipe_lsu_mem_dshared_op_st.sum.pct_of_peak_sustained_elapsed,%,0
B,l1tex__t_output_wavefronts_pipe_lsu_mem_global_op_atom.sum,,0
B,l1tex__t_output_wavefronts_pipe_lsu_mem_global_op_atom.sum.pct_of_peak_sustained_elapsed,%,0
B,l1tex__t_output_wavefronts_pipe_lsu_mem_global_op_ld.sum,,343878312
B,l1tex__t_output_wavefronts_pipe_lsu_mem_global_op_ld.sum.pct_of_peak_sustained_elapsed,%,4.00
B,l1tex__t_output_wavefronts_pipe_lsu_mem_global_op_red.sum,,0
B,l1tex__t_output_wavefronts_pipe_lsu_mem_global_op_red.sum.pct_of_peak_sustained_elapsed,%,0
B,l1tex__t_output_wavefronts_pipe_lsu_mem_global_op_st.sum,,73986960
B,l1tex__t_output_wavefronts_pipe_lsu_mem_global_op_st.sum.pct_of_peak_sustained_elapsed,%,0.86
B,l1tex__t_output_wavefronts_pipe_lsu_mem_local_op_ld.sum,,0
B,l1tex__t_output_wavefronts_pipe_lsu_mem_local_op_ld.sum.pct_of_peak_sustained_elapsed,%,0
B,l1tex__t_output_wavefronts_pipe_lsu_mem_local_op_st.sum,,0
B,l1tex__t_output_wavefronts_pipe_lsu_mem_local_op_st.sum.pct_of_peak_sustained_elapsed,%,0
B,l1tex__t_output_wavefronts_pipe_tex_mem_surface_op_atom.sum,,0
B,l1tex__t_output_wavefronts_pipe_tex_mem_surface_op_atom.sum.pct_of_peak_sustained_elapsed,%,0
B,l1tex__t_output_wavefronts_pipe_tex_mem_surface_op_ld.sum,,0
B,l1tex__t_output_wavefronts_pipe_tex_mem_surface_op_ld.sum.pct_of_peak_sustained_elapsed,%,0
B,l1tex__t_output_wavefronts_pipe_tex_mem_surface_op_red.sum,,0
B,l1tex__t_output_wavefronts_pipe_tex_mem_surface_op_red.sum.pct_of_peak_sustained_elapsed,%,0
B,l1tex__t_output_wavefronts_pipe_tex_mem_surface_op_st.sum,,0
B,l1tex__t_output_wavefronts_pipe_tex_mem_surface_op_st.sum.pct_of_peak_sustained_elapsed,%,0
B,l1tex__t_output_wavefronts_pipe_tex_mem_texture.sum,,0
B,l1tex__t_output_wavefronts_pipe_tex_mem_texture.sum.pct_of_peak_sustained_elapsed,%,0
B,l1tex__t_requests_pipe_lsu_mem_dshared_op_atom.sum,,0
B,l1tex__t_requests_pipe_lsu_mem_dshared_op_atom.sum.pct_of_peak_sustained_elapsed,%,0
B,l1tex__t_requests_pipe_lsu_mem_dshared_op_ld.sum,,0
B,l1tex__t_requests_pipe_lsu_mem_dshared_op_ld.sum.pct_of_peak_sustained_elapsed,%,0
B,l1tex__t_requests_pipe_lsu_mem_dshared_op_redas.sum,,0
B,l1tex__t_requests_pipe_lsu_mem_dshared_op_redas.sum.pct_of_peak_sustained_elapsed,%,0
B,l1tex__t_requests_pipe_lsu_mem_dshared_op_st.sum,,0
B,l1tex__t_requests_pipe_lsu_mem_dshared_op_st.sum.pct_of_peak_sustained_elapsed,%,0
B,l1tex__t_requests_pipe_lsu_mem_global_op_atom.sum,,0
B,l1tex__t_requests_pipe_lsu_mem_global_op_atom.sum.pct_of_peak_sustained_elapsed,%,0
B,l1tex__t_requests_pipe_lsu_mem_global_op_ld.sum,,343878312
B,l1tex__t_requests_pipe_lsu_mem_global_op_ld.sum.pct_of_peak_sustained_elapsed,%,4.00
B,l1tex__t_requests_pipe_lsu_mem_global_op_red.sum,,0
B,l1tex__t_requests_pipe_lsu_mem_global_op_red.sum.pct_of_peak_sustained_elapsed,%,0
B,l1tex__t_requests_pipe_lsu_mem_global_op_st.sum,,73986960
B,l1tex__t_requests_pipe_lsu_mem_global_op_st.sum.pct_of_peak_sustained_elapsed,%,0.86
B,l1tex__t_requests_pipe_lsu_mem_local_op_ld.sum,,0
B,l1tex__t_requests_pipe_lsu_mem_local_op_ld.sum.pct_of_peak_sustained_elapsed,%,0
B,l1tex__t_requests_pipe_lsu_mem_local_op_st.sum,,0
B,l1tex__t_requests_pipe_lsu_mem_local_op_st.sum.pct_of_peak_sustained_elapsed,%,0
B,l1tex__t_requests_pipe_tex_mem_surface_op_atom.sum,,0
B,l1tex__t_requests_pipe_tex_mem_surface_op_atom.sum.pct_of_peak_sustained_elapsed,%,0
B,l1tex__t_requests_pipe_tex_mem_surface_op_ld.sum,,0
B,l1tex__t_requests_pipe_tex_mem_surface_op_ld.sum.pct_of_peak_sustained_elapsed,%,0
B,l1tex__t_requests_pipe_tex_mem_surface_op_red.sum,,0
B,l1tex__t_requests_pipe_tex_mem_surface_op_red.sum.pct_of_peak_sustained_elapsed,%,0
B,l1tex__t_requests_pipe_tex_mem_surface_op_st.sum,,0
B,l1tex__t_requests_pipe_tex_mem_surface_op_st.sum.pct_of_peak_sustained_elapsed,%,0
B,l1tex__t_requests_pipe_tex_mem_texture.sum,,0
B,l1tex__t_requests_pipe_tex_mem_texture.sum.pct_of_peak_sustained_elapsed,%,0
B,l1tex__t_sector_pipe_lsu_mem_global_op_atom_hit_rate.pct,%,0
B,l1tex__t_sector_pipe_lsu_mem_global_op_ld_hit_rate.pct,%,74.71
B,l1tex__t_sector_pipe_lsu_mem_global_op_red_hit_rate.pct,%,0
B,l1tex__t_sector_pipe_lsu_mem_global_op_st_hit_rate.pct,%,90.00
B,l1tex__t_sector_pipe_lsu_mem_local_op_ld_hit_rate.pct,%,0
B,l1tex__t_sector_pipe_lsu_mem_local_op_st_hit_rate.pct,%,0
B,l1tex__t_sector_pipe_tex_mem_surface_op_atom_hit_rate.pct,%,0
B,l1tex__t_sector_pipe_tex_mem_surface_op_ld_hit_rate.pct,%,0
B,l1tex__t_sector_pipe_tex_mem_surface_op_red_hit_rate.pct,%,0
B,l1tex__t_sector_pipe_tex_mem_surface_op_st_hit_rate.pct,%,0
B,l1tex__t_sector_pipe_tex_mem_texture_op_tex_hit_rate.pct,%,0
B,l1tex__t_sectors.avg,sector,3257309.65
B,l1tex__t_sectors.max,sector,3265621
B,l1tex__t_sectors.min,sector,3242680
B,l1tex__t_sectors.sum,sector,612374214
B,l1tex__t_sectors_pipe_lsu_mem_dshared_op_atom.sum,sector,0
B,l1tex__t_sectors_pipe_lsu_mem_dshared_op_atom_lookup_miss.sum,sector,0
B,l1tex__t_sectors_pipe_lsu_mem_dshared_op_ld.sum,sector,0
B,l1tex__t_sectors_pipe_lsu_mem_dshared_op_ld_lookup_miss.sum,sector,0
B,l1tex__t_sectors_pipe_lsu_mem_dshared_op_redas.sum,sector,0
B,l1tex__t_sectors_pipe_lsu_mem_dshared_op_redas_lookup_miss.sum,sector,0
B,l1tex__t_sectors_pipe_lsu_mem_dshared_op_st.sum,sector,0
B,l1tex__t_sectors_pipe_lsu_mem_dshared_op_st_lookup_miss.sum,sector,0
B,l1tex__t_sectors_pipe_lsu_mem_global_op_atom.sum,sector,0
B,l1tex__t_sectors_pipe_lsu_mem_global_op_atom_lookup_hit.sum,sector,0
B,l1tex__t_sectors_pipe_lsu_mem_global_op_atom_lookup_miss.sum,sector,0
B,l1tex__t_sectors_pipe_lsu_mem_global_op_ld.sum,sector,538387512
B,l1tex__t_sectors_pipe_lsu_mem_global_op_ld_lookup_hit.sum,sector,402234964
B,l1tex__t_sectors_pipe_lsu_mem_global_op_ld_lookup_miss.sum,sector,136152548
B,l1tex__t_sectors_pipe_lsu_mem_global_op_red.sum,sector,0
B,l1tex__t_sectors_pipe_lsu_mem_global_op_red_lookup_hit.sum,sector,0
B,l1tex__t_sectors_pipe_lsu_mem_global_op_red_lookup_miss.sum,sector,0
B,l1tex__t_sectors_pipe_lsu_mem_global_op_st.sum,sector,73986960
B,l1tex__t_sectors_pipe_lsu_mem_global_op_st_lookup_hit.sum,sector,66587383
B,l1tex__t_sectors_pipe_lsu_mem_global_op_st_lookup_miss.sum,sector,7399577
B,l1tex__t_sectors_pipe_lsu_mem_local_op_ld.avg.per_second,sector/s,0
B,l1tex__t_sectors_pipe_lsu_mem_local_op_ld.max.per_second,sector/s,0
B,l1tex__t_sectors_pipe_lsu_mem_local_op_ld.min.per_second,sector/s,0
B,l1tex__t_sectors_pipe_lsu_mem_local_op_ld.sum,sector,0
B,l1tex__t_sectors_pipe_lsu_mem_local_op_ld.sum.per_second,sector/s,0
B,l1tex__t_sectors_pipe_lsu_mem_local_op_ld_lookup_hit.sum,sector,0
B,l1tex__t_sectors_pipe_lsu_mem_local_op_ld_lookup_miss.sum,sector,0
B,l1tex__t_sectors_pipe_lsu_mem_local_op_st.avg.per_second,sector/s,0
B,l1tex__t_sectors_pipe_lsu_mem_local_op_st.max.per_second,sector/s,0
B,l1tex__t_sectors_pipe_lsu_mem_local_op_st.min.per_second,sector/s,0
B,l1tex__t_sectors_pipe_lsu_mem_local_op_st.sum,sector,0
B,l1tex__t_sectors_pipe_lsu_mem_local_op_st.sum.per_second,sector/s,0
B,l1tex__t_sectors_pipe_lsu_mem_local_op_st_lookup_hit.sum,sector,0
B,l1tex__t_sectors_pipe_lsu_mem_local_op_st_lookup_miss.sum,sector,0
B,l1tex__t_sectors_pipe_tex_mem_surface_op_atom.sum,sector,0
B,l1tex__t_sectors_pipe_tex_mem_surface_op_atom_lookup_hit.sum,sector,0
B,l1tex__t_sectors_pipe_tex_mem_surface_op_atom_lookup_miss.sum,sector,0
B,l1tex__t_sectors_pipe_tex_mem_surface_op_ld.sum,sector,0
B,l1tex__t_sectors_pipe_tex_mem_surface_op_ld_lookup_hit.sum,sector,0
B,l1tex__t_sectors_pipe_tex_mem_surface_op_ld_lookup_miss.sum,sector,0
B,l1tex__t_sectors_pipe_tex_mem_surface_op_red.sum,sector,0
B,l1tex__t_sectors_pipe_tex_mem_surface_op_red_lookup_hit.sum,sector,0
B,l1tex__t_sectors_pipe_tex_mem_surface_op_red_lookup_miss.sum,sector,0
B,l1tex__t_sectors_pipe_tex_mem_surface_op_st.sum,sector,0
B,l1tex__t_sectors_pipe_tex_mem_surface_op_st_lookup_hit.sum,sector,0
B,l1tex__t_sectors_pipe_tex_mem_surface_op_st_lookup_miss.sum,sector,0
B,l1tex__t_sectors_pipe_tex_mem_texture.sum,sector,0
B,l1tex__t_sectors_pipe_tex_mem_texture_lookup_hit.sum,sector,0
B,l1tex__t_sectors_pipe_tex_mem_texture_lookup_miss.sum,sector,0
B,l1tex__tex_writeback_active.avg.pct_of_peak_sustained_elapsed,%,0
B,l1tex__tex_writeback_active.max.pct_of_peak_sustained_elapsed,%,0
B,l1tex__tex_writeback_active.min.pct_of_peak_sustained_elapsed,%,0
B,l1tex__tex_writeback_active.sum,cycle,0
B,l1tex__tex_writeback_active.sum.pct_of_peak_sustained_elapsed,%,0
B,l1tex__texin_sm2tex_req_cycles_active.avg.pct_of_peak_sustained_elapsed,%,0.00
B,l1tex__texin_sm2tex_req_cycles_active.max.pct_of_peak_sustained_elapsed,%,0.00
B,l1tex__texin_sm2tex_req_cycles_active.min.pct_of_peak_sustained_elapsed,%,0.00
B,l1tex__texin_sm2tex_req_cycles_active.sum.pct_of_peak_sustained_elapsed,%,0.00
B,l1tex__throughput.avg.pct_of_peak_sustained_active,%,12.64
B,l1tex__throughput.avg.pct_of_peak_sustained_elapsed,%,12.64
B,l1tex__throughput.max.pct_of_peak_sustained_active,%,12.66
B,l1tex__throughput.max.pct_of_peak_sustained_elapsed,%,12.66
B,l1tex__throughput.min.pct_of_peak_sustained_active,%,12.59
B,l1tex__throughput.min.pct_of_peak_sustained_elapsed,%,12.59
B,l1tex__throughput.sum.pct_of_peak_sustained_active,%,12.64
B,l1tex__throughput.sum.pct_of_peak_sustained_elapsed,%,12.64
B,l1tex__tmain_requests.avg.pct_of_peak_sustained_elapsed,%,0
B,l1tex__tmain_requests.max.pct_of_peak_sustained_elapsed,%,0
B,l1tex__tmain_requests.min.pct_of_peak_sustained_elapsed,%,0
B,l1tex__tmain_requests.sum.pct_of_peak_sustained_elapsed,%,0
B,launch__barrier_count,,0
B,launch__block_dim_x,block,512
B,launch__block_dim_y,block,1
B,launch__block_dim_z,block,1
B,launch__block_size,,512
B,launch__cluster_dim_x,,0
B,launch__cluster_dim_y,,0
B,launch__cluster_dim_z,,0
B,launch__cluster_max_active,cluster,0
B,launch__cluster_max_potential_size,block,8
B,launch__cluster_scheduling_policy,,PolicySpread
B,launch__cluster_size,,0
B,launch__execution_model,,SIMT
B,launch__func_cache_config,,CachePreferNone
B,launch__grid_dim_x,,1233116
B,launch__grid_dim_y,,1
B,launch__grid_dim_z,,1
B,launch__grid_size,,1233116
B,launch__kernel_name,,
B,launch__occupancy_cluster_gpu_pct,%,0
B,launch__occupancy_cluster_pct,%,0
B,launch__occupancy_limit_barriers,block,24
B,launch__occupancy_limit_blocks,block,24
B,launch__occupancy_limit_registers,block,3
B,launch__occupancy_limit_shared_mem,block,8
B,launch__occupancy_limit_warps,block,3
B,launch__occupancy_per_barrier_count,,752
B,launch__occupancy_per_block_size,,2338
B,launch__occupancy_per_cluster_size,,0
B,launch__occupancy_per_register_count,,3760
B,launch__occupancy_per_shared_mem_size,,1792
B,launch__persisting_l2_cache_size,byte,25165824
B,launch__preferred_cluster_dim_x,,0
B,launch__preferred_cluster_dim_y,,0
B,launch__preferred_cluster_dim_z,,0
B,launch__preferred_cluster_size,,0
B,launch__registers_per_thread,register/thread,40
B,launch__registers_per_thread_allocated,register/thread,40
B,launch__shared_mem_config_size,byte,8192
B,launch__shared_mem_per_block,byte/block,1024
B,launch__shared_mem_per_block_allocated,byte/block,1024
B,launch__shared_mem_per_block_driver,byte/block,1024
B,launch__shared_mem_per_block_dynamic,byte/block,0
B,launch__shared_mem_per_block_static,byte/block,0
B,launch__sm_count,SM,188
B,launch__stack_size,,95056
B,launch__thread_count,thread,631355392
B,launch__tpc_count,,94
B,launch__tpc_enabled,,all
B,launch__user_grid_dim_x,,1233116
B,launch__user_grid_dim_y,,1
B,launch__user_grid_dim_z,,1
B,launch__user_grid_size,,1233116
B,launch__uses_blocks_as_clusters,,0
B,launch__uses_cdp,,0
B,launch__uses_green_context,,0
B,launch__uses_mps,,0
B,launch__uses_vgpu,,0
B,launch__waves_per_multiprocessor,,2186.38
B,lts__cycles_active.avg,cycle,29356668.50
B,lts__cycles_active.max,cycle,29445299
B,lts__cycles_active.min,cycle,29272759
B,lts__cycles_active.sum,cycle,1878826784
B,lts__cycles_elapsed.avg,cycle,39672916
B,lts__cycles_elapsed.max,cycle,39672916
B,lts__cycles_elapsed.min,cycle,39672916
B,lts__cycles_elapsed.sum,cycle,2539066624
B,lts__d_atomic_input_cycles_active.avg.pct_of_peak_sustained_elapsed,%,0
B,lts__d_atomic_input_cycles_active.max.pct_of_peak_sustained_elapsed,%,0
B,lts__d_atomic_input_cycles_active.min.pct_of_peak_sustained_elapsed,%,0
B,lts__d_atomic_input_cycles_active.sum.pct_of_peak_sustained_elapsed,%,0
B,lts__d_decomp_input_sectors.avg.pct_of_peak_sustained_elapsed,%,0
B,lts__d_decomp_input_sectors.max.pct_of_peak_sustained_elapsed,%,0
B,lts__d_decomp_input_sectors.min.pct_of_peak_sustained_elapsed,%,0
B,lts__d_decomp_input_sectors.sum.pct_of_peak_sustained_elapsed,%,0
B,lts__d_sectors.avg.pct_of_peak_sustained_elapsed,%,2.27
B,lts__d_sectors.max.pct_of_peak_sustained_elapsed,%,2.28
B,lts__d_sectors.min.pct_of_peak_sustained_elapsed,%,2.26
B,lts__d_sectors.sum.pct_of_peak_sustained_elapsed,%,2.27
B,lts__d_sectors_fill_device.avg.pct_of_peak_sustained_elapsed,%,0.07
B,lts__d_sectors_fill_device.max.pct_of_peak_sustained_elapsed,%,0.07
B,lts__d_sectors_fill_device.min.pct_of_peak_sustained_elapsed,%,0.07
B,lts__d_sectors_fill_device.sum.pct_of_peak_sustained_elapsed,%,0.07
B,lts__lts2xbar_cycles_active.avg.pct_of_peak_sustained_elapsed,%,2.68
B,lts__lts2xbar_cycles_active.max.pct_of_peak_sustained_elapsed,%,2.70
B,lts__lts2xbar_cycles_active.min.pct_of_peak_sustained_elapsed,%,2.66
B,lts__lts2xbar_cycles_active.sum.pct_of_peak_sustained_elapsed,%,2.68
B,lts__t_requests.sum,request,111527877
B,lts__t_requests_srcunit_gcc.sum,request,36
B,lts__t_requests_srcunit_tex.sum,request,111508538
B,lts__t_requests_srcunit_tex_op_atom_dot_alu.sum,request,0
B,lts__t_requests_srcunit_tex_op_atom_dot_cas.sum,request,0
B,lts__t_requests_srcunit_tex_op_read.sum,request,38467543
B,lts__t_requests_srcunit_tex_op_red.sum,request,0
B,lts__t_requests_srcunit_tex_op_write.sum,request,73039889
B,lts__t_sector_op_read_hit_rate.pct,%,98.74
B,lts__t_sector_op_write_hit_rate.pct,%,93.48
B,lts__t_sectors.avg.pct_of_peak_sustained_elapsed,%,4.13
B,lts__t_sectors.avg.peak_sustained,sector/cycle,2
B,lts__t_sectors.avg.per_cycle_elapsed,sector/cycle,0.08
B,lts__t_sectors.max.pct_of_peak_sustained_elapsed,%,4.15
B,lts__t_sectors.min.pct_of_peak_sustained_elapsed,%,4.11
B,lts__t_sectors.sum,sector,209797258
B,lts__t_sectors.sum.pct_of_peak_sustained_elapsed,%,4.13
B,lts__t_sectors.sum.per_second,sector/s,10787494179.41
B,lts__t_sectors_data_ecc.avg.pct_of_peak_sustained_elapsed,%,0.00
B,lts__t_sectors_data_ecc.avg.peak_sustained,sector/cycle,8
B,lts__t_sectors_data_ecc.avg.per_cycle_elapsed,sector/cycle,0.00
B,lts__t_sectors_data_ecc.sum,sector,83
B,lts__t_sectors_data_ecc.sum.per_second,sector/s,4267.75
B,lts__t_sectors_evict_first_lookup_hit.sum,sector,12131
B,lts__t_sectors_evict_first_lookup_miss.sum,sector,46843
B,lts__t_sectors_evict_last_lookup_hit.sum,sector,0
B,lts__t_sectors_evict_last_lookup_miss.sum,sector,0
B,lts__t_sectors_evict_normal_demote_lookup_hit.sum,sector,0
B,lts__t_sectors_evict_normal_demote_lookup_miss.sum,sector,0
B,lts__t_sectors_evict_normal_lookup_hit.sum,sector,203162259
B,lts__t_sectors_evict_normal_lookup_miss.sum,sector,6483146
B,lts__t_sectors_lookup_hit.sum,sector,203200328
B,lts__t_sectors_lookup_miss.sum,sector,6574032
B,lts__t_sectors_op_read.avg.per_second,sector/s,109422070.57
B,lts__t_sectors_op_read.max.per_second,sector/s,110088279.67
B,lts__t_sectors_op_read.min.per_second,sector/s,108691954.50
B,lts__t_sectors_op_read.sum.per_second,sector/s,7003012516.54
B,lts__t_sectors_op_write.avg.per_second,sector/s,59049843.97
B,lts__t_sectors_op_write.max.per_second,sector/s,59072226.35
B,lts__t_sectors_op_write.min.per_second,sector/s,59034639.31
B,lts__t_sectors_op_write.sum.per_second,sector/s,3779190014.17
B,lts__t_sectors_srcunit_gcc.avg.pct_of_peak_sustained_elapsed,%,0.00
B,lts__t_sectors_srcunit_gcc.avg.peak_sustained,sector/cycle,1
B,lts__t_sectors_srcunit_gcc.avg.per_cycle_elapsed,sector/cycle,0.00
B,lts__t_sectors_srcunit_gcc.sum,sector,120
B,lts__t_sectors_srcunit_gcc.sum.per_second,sector/s,6170.24
B,lts__t_sectors_srcunit_gcc_lookup_hit.sum,sector,117
B,lts__t_sectors_srcunit_gcc_lookup_miss.sum,sector,3
B,lts__t_sectors_srcunit_tex.avg.pct_of_peak_sustained_elapsed,%,4.13
B,lts__t_sectors_srcunit_tex.avg.peak_sustained,sector/cycle,2
B,lts__t_sectors_srcunit_tex.avg.per_cycle_elapsed,sector/cycle,0.08
B,lts__t_sectors_srcunit_tex.sum,sector,209645142
B,lts__t_sectors_srcunit_tex.sum.pct_of_peak_sustained_elapsed,%,4.13
B,lts__t_sectors_srcunit_tex.sum.per_second,sector/s,10779672578.30
B,lts__t_sectors_srcunit_tex_evict_first_lookup_hit.sum,sector,0
B,lts__t_sectors_srcunit_tex_evict_first_lookup_miss.sum,sector,0
B,lts__t_sectors_srcunit_tex_evict_last_lookup_hit.sum,sector,0
B,lts__t_sectors_srcunit_tex_evict_last_lookup_miss.sum,sector,0
B,lts__t_sectors_srcunit_tex_evict_normal_demote_lookup_hit.sum,sector,0
B,lts__t_sectors_srcunit_tex_evict_normal_demote_lookup_miss.sum,sector,0
B,lts__t_sectors_srcunit_tex_evict_normal_lookup_hit.sum,sector,203159682
B,lts__t_sectors_srcunit_tex_evict_normal_lookup_miss.sum,sector,6482536
B,lts__t_sectors_srcunit_tex_lookup_hit.sum,sector,203163923
B,lts__t_sectors_srcunit_tex_lookup_miss.sum,sector,6482833
B,lts__t_sectors_srcunit_tex_op_atom_dot_alu.avg.pct_of_peak_sustained_elapsed,%,0
B,lts__t_sectors_srcunit_tex_op_atom_dot_alu.avg.peak_sustained,sector/cycle,1
B,lts__t_sectors_srcunit_tex_op_atom_dot_alu.avg.per_cycle_elapsed,sector/cycle,0
B,lts__t_sectors_srcunit_tex_op_atom_dot_alu.sum,sector,0
B,lts__t_sectors_srcunit_tex_op_atom_dot_alu.sum.per_second,sector/s,0
B,lts__t_sectors_srcunit_tex_op_atom_dot_alu_lookup_hit.sum,sector,0
B,lts__t_sectors_srcunit_tex_op_atom_dot_alu_lookup_miss.sum,sector,0
B,lts__t_sectors_srcunit_tex_op_atom_dot_cas.avg.pct_of_peak_sustained_elapsed,%,0
B,lts__t_sectors_srcunit_tex_op_atom_dot_cas.avg.peak_sustained,sector/cycle,1
B,lts__t_sectors_srcunit_tex_op_atom_dot_cas.avg.per_cycle_elapsed,sector/cycle,0
B,lts__t_sectors_srcunit_tex_op_atom_dot_cas.sum,sector,0
B,lts__t_sectors_srcunit_tex_op_atom_dot_cas.sum.per_second,sector/s,0
B,lts__t_sectors_srcunit_tex_op_atom_dot_cas_lookup_hit.sum,sector,0
B,lts__t_sectors_srcunit_tex_op_atom_dot_cas_lookup_miss.sum,sector,0
B,lts__t_sectors_srcunit_tex_op_atom_evict_first_lookup_hit.sum,sector,0
B,lts__t_sectors_srcunit_tex_op_atom_evict_first_lookup_miss.sum,sector,0
B,lts__t_sectors_srcunit_tex_op_atom_evict_last_lookup_hit.sum,sector,0
B,lts__t_sectors_srcunit_tex_op_atom_evict_last_lookup_miss.sum,sector,0
B,lts__t_sectors_srcunit_tex_op_atom_evict_normal_lookup_hit.sum,sector,0
B,lts__t_sectors_srcunit_tex_op_atom_evict_normal_lookup_miss.sum,sector,0
B,lts__t_sectors_srcunit_tex_op_read.avg.pct_of_peak_sustained_elapsed,%,2.68
B,lts__t_sectors_srcunit_tex_op_read.avg.peak_sustained,sector/cycle,2
B,lts__t_sectors_srcunit_tex_op_read.avg.per_cycle_elapsed,sector/cycle,0.05
B,lts__t_sectors_srcunit_tex_op_read.sum,sector,136152589
B,lts__t_sectors_srcunit_tex_op_read.sum.per_second,sector/s,7000783877.49
B,lts__t_sectors_srcunit_tex_op_read_evict_first_lookup_hit.sum,sector,0
B,lts__t_sectors_srcunit_tex_op_read_evict_first_lookup_miss.sum,sector,0
B,lts__t_sectors_srcunit_tex_op_read_evict_last_lookup_hit.sum,sector,0
B,lts__t_sectors_srcunit_tex_op_read_evict_last_lookup_miss.sum,sector,0
B,lts__t_sectors_srcunit_tex_op_read_evict_normal_demote_lookup_hit.sum,sector,0
B,lts__t_sectors_srcunit_tex_op_read_evict_normal_demote_lookup_miss.sum,sector,0
B,lts__t_sectors_srcunit_tex_op_read_evict_normal_lookup_hit.sum,sector,134464279
B,lts__t_sectors_srcunit_tex_op_read_evict_normal_lookup_miss.sum,sector,1688366
B,lts__t_sectors_srcunit_tex_op_read_lookup_hit.sum,sector,134464279
B,lts__t_sectors_srcunit_tex_op_read_lookup_miss.sum,sector,1688366
B,lts__t_sectors_srcunit_tex_op_red.avg.pct_of_peak_sustained_elapsed,%,0
B,lts__t_sectors_srcunit_tex_op_red.avg.peak_sustained,sector/cycle,1
B,lts__t_sectors_srcunit_tex_op_red.avg.per_cycle_elapsed,sector/cycle,0
B,lts__t_sectors_srcunit_tex_op_red.sum,sector,0
B,lts__t_sectors_srcunit_tex_op_red.sum.per_second,sector/s,0
B,lts__t_sectors_srcunit_tex_op_red_lookup_hit.sum,sector,0
B,lts__t_sectors_srcunit_tex_op_red_lookup_miss.sum,sector,0
B,lts__t_sectors_srcunit_tex_op_write.avg.pct_of_peak_sustained_elapsed,%,2.89
B,lts__t_sectors_srcunit_tex_op_write.avg.peak_sustained,sector/cycle,1
B,lts__t_sectors_srcunit_tex_op_write.avg.per_cycle_elapsed,sector/cycle,0.03
B,lts__t_sectors_srcunit_tex_op_write.sum,sector,73492553
B,lts__t_sectors_srcunit_tex_op_write.sum.per_second,sector/s,3778888700.81
B,lts__t_sectors_srcunit_tex_op_write_evict_first_lookup_hit.sum,sector,0
B,lts__t_sectors_srcunit_tex_op_write_evict_first_lookup_miss.sum,sector,0
B,lts__t_sectors_srcunit_tex_op_write_evict_last_lookup_hit.sum,sector,0
B,lts__t_sectors_srcunit_tex_op_write_evict_last_lookup_miss.sum,sector,0
B,lts__t_sectors_srcunit_tex_op_write_evict_normal_demote_lookup_hit.sum,sector,0
B,lts__t_sectors_srcunit_tex_op_write_evict_normal_demote_lookup_miss.sum,sector,0
B,lts__t_sectors_srcunit_tex_op_write_evict_normal_lookup_hit.sum,sector,68700296
B,lts__t_sectors_srcunit_tex_op_write_evict_normal_lookup_miss.sum,sector,4795819
B,lts__t_sectors_srcunit_tex_op_write_lookup_hit.sum,sector,68700296
B,lts__t_sectors_srcunit_tex_op_write_lookup_miss.sum,sector,4795819
B,lts__t_tag_requests.avg.pct_of_peak_sustained_elapsed,%,4.39
B,lts__t_tag_requests.max.pct_of_peak_sustained_elapsed,%,4.42
B,lts__t_tag_requests.min.pct_of_peak_sustained_elapsed,%,4.37
B,lts__t_tag_requests.sum.pct_of_peak_sustained_elapsed,%,4.39
B,lts__throughput.avg.pct_of_peak_sustained_elapsed,%,4.39
B,lts__throughput.max.pct_of_peak_sustained_elapsed,%,4.42
B,lts__throughput.min.pct_of_peak_sustained_elapsed,%,4.37
B,lts__throughput.sum.pct_of_peak_sustained_elapsed,%,4.39
B,lts__xbar2lts_cycles_active.avg.pct_of_peak_sustained_elapsed,%,4.23
B,lts__xbar2lts_cycles_active.max.pct_of_peak_sustained_elapsed,%,4.26
B,lts__xbar2lts_cycles_active.min.pct_of_peak_sustained_elapsed,%,4.21
B,lts__xbar2lts_cycles_active.sum.pct_of_peak_sustained_elapsed,%,4.23
B,profiler__perfworks_session_reuse,,0
B,profiler__replayer_bytes_mem_accessible.avg,byte,4340431646
B,profiler__replayer_bytes_mem_accessible.max,byte,4340431646
B,profiler__replayer_bytes_mem_accessible.min,byte,4340431646
B,profiler__replayer_bytes_mem_accessible.sum,byte,151915107610
B,profiler__replayer_bytes_mem_backed_up.avg,byte,4340431646
B,profiler__replayer_bytes_mem_backed_up.max,byte,4340431646
B,profiler__replayer_bytes_mem_backed_up.min,byte,4340431646
B,profiler__replayer_bytes_mem_backed_up.sum,byte,151915107610
B,profiler__replayer_passes,pass,35
B,profiler__replayer_passes_type_warmup,pass,0
B,sass__inst_executed_global_loads,inst,343878312
B,sass__inst_executed_global_stores,inst,73986960
B,sass__inst_executed_local_loads,inst,0
B,sass__inst_executed_local_stores,inst,0
B,sass__inst_executed_per_opcode,,5217693198
B,sass__inst_executed_per_opcode_category,,5217693198
B,sass__inst_executed_per_opcode_with_modifier_all,,5217693198
B,sass__inst_executed_per_opcode_with_modifier_selective,,5217693198
B,sass__inst_executed_register_spilling,inst,0
B,sass__inst_executed_register_spilling_mem_local,byte,0
B,sass__inst_executed_register_spilling_mem_local_op_read,byte,0
B,sass__inst_executed_register_spilling_mem_local_op_write,byte,0
B,sass__inst_executed_register_spilling_mem_shared,byte,0
B,sass__inst_executed_register_spilling_mem_shared_op_read,byte,0
B,sass__inst_executed_register_spilling_mem_shared_op_write,byte,0
B,sass__inst_executed_register_spilling_op_read,inst,0
B,sass__inst_executed_register_spilling_op_write,inst,0
B,sass__inst_executed_shared_loads,inst,0
B,sass__inst_executed_shared_stores,inst,0
B,sass__thread_inst_executed_per_opcode_category,,90275016594
B,sass__thread_inst_executed_true_per_opcode,,90275016594
B,sass__thread_inst_executed_true_per_opcode_with_modifier_all,,90275016594
B,sass__thread_inst_executed_true_per_opcode_with_modifier_selective,,90275016594
B,sm__cycles_active.avg,cycle,45715493.96
B,sm__cycles_active.max,cycle,45773804
B,sm__cycles_active.min,cycle,45542537
B,sm__cycles_active.sum,cycle,8594512865
B,sm__inst_executed.avg.pct_of_peak_sustained_elapsed,%,15.27
B,sm__inst_executed.max.pct_of_peak_sustained_elapsed,%,15.30
B,sm__inst_executed.min.pct_of_peak_sustained_elapsed,%,15.21
B,sm__inst_executed.sum.pct_of_peak_sustained_elapsed,%,15.27
B,sm__inst_executed_pipe_adu.avg.pct_of_peak_sustained_elapsed,%,6.61
B,sm__inst_executed_pipe_adu.max.pct_of_peak_sustained_elapsed,%,6.62
B,sm__inst_executed_pipe_adu.min.pct_of_peak_sustained_elapsed,%,6.57
B,sm__inst_executed_pipe_adu.sum.pct_of_peak_sustained_elapsed,%,6.61
B,sm__inst_executed_pipe_cbu_pred_on_any.avg.pct_of_peak_sustained_elapsed,%,3.28
B,sm__inst_executed_pipe_cbu_pred_on_any.max.pct_of_peak_sustained_elapsed,%,3.28
B,sm__inst_executed_pipe_cbu_pred_on_any.min.pct_of_peak_sustained_elapsed,%,3.27
B,sm__inst_executed_pipe_cbu_pred_on_any.sum.pct_of_peak_sustained_elapsed,%,3.28
B,sm__inst_executed_pipe_ipa.avg.pct_of_peak_sustained_elapsed,%,0
B,sm__inst_executed_pipe_ipa.max.pct_of_peak_sustained_elapsed,%,0
B,sm__inst_executed_pipe_ipa.min.pct_of_peak_sustained_elapsed,%,0
B,sm__inst_executed_pipe_ipa.sum.pct_of_peak_sustained_elapsed,%,0
B,sm__inst_executed_pipe_lsu.avg.pct_of_peak_sustained_elapsed,%,12.64
B,sm__inst_executed_pipe_lsu.max.pct_of_peak_sustained_elapsed,%,12.66
B,sm__inst_executed_pipe_lsu.min.pct_of_peak_sustained_elapsed,%,12.59
B,sm__inst_executed_pipe_lsu.sum.pct_of_peak_sustained_elapsed,%,12.64
B,sm__inst_executed_pipe_tex.avg.pct_of_peak_sustained_elapsed,%,0
B,sm__inst_executed_pipe_tex.max.pct_of_peak_sustained_elapsed,%,0
B,sm__inst_executed_pipe_tex.min.pct_of_peak_sustained_elapsed,%,0
B,sm__inst_executed_pipe_tex.sum.pct_of_peak_sustained_elapsed,%,0
B,sm__inst_executed_pipe_uniform.avg.pct_of_peak_sustained_elapsed,%,0
B,sm__inst_executed_pipe_uniform.max.pct_of_peak_sustained_elapsed,%,0
B,sm__inst_executed_pipe_uniform.min.pct_of_peak_sustained_elapsed,%,0
B,sm__inst_executed_pipe_uniform.sum.pct_of_peak_sustained_elapsed,%,0
B,sm__inst_executed_pipe_xu.avg.pct_of_peak_sustained_elapsed,%,2.14
B,sm__inst_executed_pipe_xu.max.pct_of_peak_sustained_elapsed,%,2.15
B,sm__inst_executed_pipe_xu.min.pct_of_peak_sustained_elapsed,%,2.13
B,sm__inst_executed_pipe_xu.sum.pct_of_peak_sustained_elapsed,%,2.14
B,sm__instruction_throughput_internal_activity.avg.pct_of_peak_sustained_elapsed,%,0
B,sm__instruction_throughput_internal_activity.max.pct_of_peak_sustained_elapsed,%,0
B,sm__instruction_throughput_internal_activity.min.pct_of_peak_sustained_elapsed,%,0
B,sm__instruction_throughput_internal_activity.sum.pct_of_peak_sustained_elapsed,%,0
B,sm__issue_active.avg.pct_of_peak_sustained_elapsed,%,15.34
B,sm__issue_active.max.pct_of_peak_sustained_elapsed,%,15.37
B,sm__issue_active.min.pct_of_peak_sustained_elapsed,%,15.28
B,sm__issue_active.sum.pct_of_peak_sustained_elapsed,%,15.34
B,sm__maximum_warps_avg_per_active_cycle,warp,48
B,sm__maximum_warps_per_active_cycle_pct,%,100
B,sm__memory_throughput_internal_activity.avg.pct_of_peak_sustained_elapsed,%,0.61
B,sm__memory_throughput_internal_activity.max.pct_of_peak_sustained_elapsed,%,0.61
B,sm__memory_throughput_internal_activity.min.pct_of_peak_sustained_elapsed,%,0.61
B,sm__memory_throughput_internal_activity.sum.pct_of_peak_sustained_elapsed,%,0.61
B,sm__mio2rf_writeback_active.avg.pct_of_peak_sustained_elapsed,%,2.25
B,sm__mio2rf_writeback_active.max.pct_of_peak_sustained_elapsed,%,2.25
B,sm__mio2rf_writeback_active.min.pct_of_peak_sustained_elapsed,%,2.24
B,sm__mio2rf_writeback_active.sum.pct_of_peak_sustained_elapsed,%,2.25
B,sm__mio_inst_issued.avg.pct_of_peak_sustained_elapsed,%,10.02
B,sm__mio_inst_issued.max.pct_of_peak_sustained_elapsed,%,10.04
B,sm__mio_inst_issued.min.pct_of_peak_sustained_elapsed,%,9.98
B,sm__mio_inst_issued.sum.pct_of_peak_sustained_elapsed,%,10.02
B,sm__mio_pq_read_cycles_active.avg.pct_of_peak_sustained_elapsed,%,2.38
B,sm__mio_pq_read_cycles_active.max.pct_of_peak_sustained_elapsed,%,2.38
B,sm__mio_pq_read_cycles_active.min.pct_of_peak_sustained_elapsed,%,2.37
B,sm__mio_pq_read_cycles_active.sum.pct_of_peak_sustained_elapsed,%,2.38
B,sm__mio_pq_write_cycles_active.avg.pct_of_peak_sustained_elapsed,%,22.65
B,sm__mio_pq_write_cycles_active.max.pct_of_peak_sustained_elapsed,%,22.68
B,sm__mio_pq_write_cycles_active.min.pct_of_peak_sustained_elapsed,%,22.55
B,sm__mio_pq_write_cycles_active.sum.pct_of_peak_sustained_elapsed,%,22.65
B,sm__pipe_aluheavy_cycles_active.avg.pct_of_peak_sustained_elapsed,%,3.25
B,sm__pipe_aluheavy_cycles_active.max.pct_of_peak_sustained_elapsed,%,3.26
B,sm__pipe_aluheavy_cycles_active.min.pct_of_peak_sustained_elapsed,%,3.24
B,sm__pipe_aluheavy_cycles_active.sum.pct_of_peak_sustained_elapsed,%,3.25
B,sm__pipe_fma_cycles_active.avg.pct_of_peak_sustained_elapsed,%,2.03
B,sm__pipe_fma_cycles_active.max.pct_of_peak_sustained_elapsed,%,2.03
B,sm__pipe_fma_cycles_active.min.pct_of_peak_sustained_elapsed,%,2.02
B,sm__pipe_fma_cycles_active.sum.pct_of_peak_sustained_elapsed,%,2.03
B,sm__pipe_fmaheavy_cycles_active.avg.pct_of_peak_sustained_elapsed,%,9.05
B,sm__pipe_fmaheavy_cycles_active.max.pct_of_peak_sustained_elapsed,%,9.07
B,sm__pipe_fmaheavy_cycles_active.min.pct_of_peak_sustained_elapsed,%,9.01
B,sm__pipe_fmaheavy_cycles_active.sum.pct_of_peak_sustained_elapsed,%,9.05
B,sm__pipe_fp64_cycles_active.avg.pct_of_peak_sustained_elapsed,%,86.57
B,sm__pipe_fp64_cycles_active.max.pct_of_peak_sustained_elapsed,%,86.70
B,sm__pipe_fp64_cycles_active.min.pct_of_peak_sustained_elapsed,%,86.24
B,sm__pipe_fp64_cycles_active.sum.pct_of_peak_sustained_elapsed,%,86.57
B,sm__pipe_tensor_cycles_active.avg.pct_of_peak_sustained_elapsed,%,0
B,sm__pipe_tensor_cycles_active.max.pct_of_peak_sustained_elapsed,%,0
B,sm__pipe_tensor_cycles_active.min.pct_of_peak_sustained_elapsed,%,0
B,sm__pipe_tensor_cycles_active.sum.pct_of_peak_sustained_elapsed,%,0
B,sm__pipe_tma_cycles_active.avg.pct_of_peak_sustained_elapsed,%,0
B,sm__pipe_tma_cycles_active.max.pct_of_peak_sustained_elapsed,%,0
B,sm__pipe_tma_cycles_active.min.pct_of_peak_sustained_elapsed,%,0
B,sm__pipe_tma_cycles_active.sum.pct_of_peak_sustained_elapsed,%,0
B,sm__sass_inst_executed_op_ldgsts_cache_access.sum,inst,0
B,sm__sass_inst_executed_op_ldgsts_cache_bypass.sum,inst,0
B,sm__sass_l1tex_t_requests_pipe_lsu_mem_global_op_ldgsts_cache_access.sum,,0
B,sm__sass_l1tex_t_requests_pipe_lsu_mem_global_op_ldgsts_cache_bypass.sum,,0
B,sm__sass_l1tex_t_sectors_pipe_lsu_mem_global_op_ldgsts_cache_access.sum,sector,0
B,sm__sass_l1tex_t_sectors_pipe_lsu_mem_global_op_ldgsts_cache_access.sum.pct_of_peak_sustained_elapsed,%,0
B,sm__sass_l1tex_t_sectors_pipe_lsu_mem_global_op_ldgsts_cache_bypass.sum,sector,0
B,sm__sass_l1tex_t_sectors_pipe_lsu_mem_global_op_ldgsts_cache_bypass.sum.pct_of_peak_sustained_elapsed,%,0
B,sm__throughput.avg.pct_of_peak_sustained_elapsed,%,86.57
B,sm__throughput.max.pct_of_peak_sustained_elapsed,%,86.70
B,sm__throughput.min.pct_of_peak_sustained_elapsed,%,86.24
B,sm__throughput.sum.pct_of_peak_sustained_elapsed,%,86.57
B,sm__warps_active.avg.pct_of_peak_sustained_active,%,65.16
B,sm__warps_active.avg.per_cycle_active,warp,31.28
B,sm__warps_active.max.pct_of_peak_sustained_active,%,65.76
B,sm__warps_active.max.per_cycle_active,warp,31.57
B,sm__warps_active.min.pct_of_peak_sustained_active,%,64.39
B,sm__warps_active.min.per_cycle_active,warp,30.91
B,sm__warps_active.sum.pct_of_peak_sustained_active,%,65.16
B,sm__warps_active.sum.per_cycle_active,warp,5880.20
B,smsp__average_warp_latency_per_inst_issued.ratio,cycle,50.85
B,smsp__average_warps_active_per_inst_executed.ratio,cycle,51.09
B,smsp__average_warps_issue_stalled_barrier_per_issue_active.ratio,inst,0
B,smsp__average_warps_issue_stalled_branch_resolving_per_issue_active.ratio,inst,0.54
B,smsp__average_warps_issue_stalled_dispatch_stall_per_issue_active.ratio,inst,0.11
B,smsp__average_warps_issue_stalled_drain_per_issue_active.ratio,inst,0.19
B,smsp__average_warps_issue_stalled_lg_throttle_per_issue_active.ratio,inst,0.03
B,smsp__average_warps_issue_stalled_long_scoreboard_per_issue_active.ratio,inst,4.31
B,smsp__average_warps_issue_stalled_math_pipe_throttle_per_issue_active.ratio,inst,0.06
B,smsp__average_warps_issue_stalled_membar_per_issue_active.ratio,inst,0
B,smsp__average_warps_issue_stalled_mio_throttle_per_issue_active.ratio,inst,0.05
B,smsp__average_warps_issue_stalled_misc_per_issue_active.ratio,inst,0.01
B,smsp__average_warps_issue_stalled_no_instruction_per_issue_active.ratio,inst,0.17
B,smsp__average_warps_issue_stalled_not_selected_per_issue_active.ratio,inst,0.47
B,smsp__average_warps_issue_stalled_selected_per_issue_active.ratio,inst,1
B,smsp__average_warps_issue_stalled_short_scoreboard_per_issue_active.ratio,inst,24.69
B,smsp__average_warps_issue_stalled_sleeping_per_issue_active.ratio,inst,0
B,smsp__average_warps_issue_stalled_tex_throttle_per_issue_active.ratio,inst,13.85
B,smsp__average_warps_issue_stalled_wait_per_issue_active.ratio,inst,5.39
B,smsp__branch_targets_threads_divergent,branches,0
B,smsp__inst_executed.avg,inst,6981994.94
B,smsp__inst_executed.max,inst,6996292
B,smsp__inst_executed.min,inst,6950482
B,smsp__inst_executed.sum,inst,5250460196
B,smsp__inst_executed_op_branch.avg,inst,535997.07
B,smsp__inst_executed_op_branch.max,inst,537062
B,smsp__inst_executed_op_branch.min,inst,533546
B,smsp__inst_executed_op_branch.sum,inst,403069800
B,smsp__inst_executed_op_generic_atom_dot_alu.sum,inst,0
B,smsp__inst_executed_op_generic_atom_dot_cas.sum,inst,0
B,smsp__inst_executed_op_global_red.sum,inst,0
B,smsp__inst_executed_op_ldgsts.sum,inst,0
B,smsp__inst_executed_op_ldsm.sum,inst,0
B,smsp__inst_executed_op_shared_atom.sum,inst,0
B,smsp__inst_executed_op_shared_stsm.sum,inst,0
B,smsp__inst_executed_op_surface_atom_dot_alu.sum,inst,0
B,smsp__inst_executed_op_surface_atom_dot_cas.sum,inst,0
B,smsp__inst_executed_op_surface_ld.sum,inst,0
B,smsp__inst_executed_op_surface_red.sum,inst,0
B,smsp__inst_executed_op_surface_st.sum,inst,0
B,smsp__inst_executed_op_texture.sum,inst,0
B,smsp__inst_issued.avg,inst,7014790.58
B,smsp__inst_issued.max,inst,7030706
B,smsp__inst_issued.min,inst,6985255
B,smsp__inst_issued.sum,inst,5275122516
B,smsp__issue_active.avg.pct_of_peak_sustained_active,%,15.34
B,smsp__issue_active.avg.per_cycle_active,,0.15
B,smsp__issue_active.max.pct_of_peak_sustained_active,%,15.38
B,smsp__issue_active.max.per_cycle_active,,0.15
B,smsp__issue_active.min.pct_of_peak_sustained_active,%,15.28
B,smsp__issue_active.min.per_cycle_active,,0.15
B,smsp__issue_active.sum.pct_of_peak_sustained_active,%,15.34
B,smsp__issue_active.sum.per_cycle_active,,115.39
B,smsp__issue_inst0.avg.pct_of_peak_sustained_active,%,84.66
B,smsp__issue_inst0.max.pct_of_peak_sustained_active,%,84.75
B,smsp__issue_inst0.min.pct_of_peak_sustained_active,%,84.35
B,smsp__issue_inst0.sum.pct_of_peak_sustained_active,%,84.66
B,smsp__maximum_warps_avg_per_active_cycle,warp,12
B,smsp__pcsamp_aggregated_passes,pass,2
B,smsp__pcsamp_buffer_overflow,,0
B,smsp__pcsamp_buffer_size_bytes,byte,33554432
B,smsp__pcsamp_dropped_bytes,byte,0
B,smsp__pcsamp_interval,,7
B,smsp__pcsamp_interval_cycles,cycle,4096
B,smsp__pcsamp_sample_count,,2098265
B,smsp__pcsamp_warps_issue_stalled_barrier,warp,0
B,smsp__pcsamp_warps_issue_stalled_barrier_not_issued,warp,0
B,smsp__pcsamp_warps_issue_stalled_branch_resolving,branches,22926
B,smsp__pcsamp_warps_issue_stalled_branch_resolving_not_issued,branches,19938
B,smsp__pcsamp_warps_issue_stalled_dispatch_stall,warp,4199
B,smsp__pcsamp_warps_issue_stalled_dispatch_stall_not_issued,warp,2030
B,smsp__pcsamp_warps_issue_stalled_drain,warp,7229
B,smsp__pcsamp_warps_issue_stalled_drain_not_issued,warp,6268
B,smsp__pcsamp_warps_issue_stalled_lg_throttle,warp,1146
B,smsp__pcsamp_warps_issue_stalled_lg_throttle_not_issued,warp,923
B,smsp__pcsamp_warps_issue_stalled_long_scoreboard,warp,164949
B,smsp__pcsamp_warps_issue_stalled_long_scoreboard_not_issued,warp,138590
B,smsp__pcsamp_warps_issue_stalled_math_pipe_throttle,warp,2195
B,smsp__pcsamp_warps_issue_stalled_math_pipe_throttle_not_issued,warp,623
B,smsp__pcsamp_warps_issue_stalled_membar,warp,0
B,smsp__pcsamp_warps_issue_stalled_membar_not_issued,warp,0
B,smsp__pcsamp_warps_issue_stalled_mio_throttle,warp,1490
B,smsp__pcsamp_warps_issue_stalled_mio_throttle_not_issued,warp,970
B,smsp__pcsamp_warps_issue_stalled_misc,warp,429
B,smsp__pcsamp_warps_issue_stalled_misc_not_issued,warp,362
B,smsp__pcsamp_warps_issue_stalled_no_instructions,inst,6875
B,smsp__pcsamp_warps_issue_stalled_no_instructions_not_issued,inst,5693
B,smsp__pcsamp_warps_issue_stalled_not_selected,warp,17599
B,smsp__pcsamp_warps_issue_stalled_not_selected_not_issued,warp,206
B,smsp__pcsamp_warps_issue_stalled_selected,warp,42362
B,smsp__pcsamp_warps_issue_stalled_selected_not_issued,warp,0
B,smsp__pcsamp_warps_issue_stalled_short_scoreboard,warp,1058381
B,smsp__pcsamp_warps_issue_stalled_short_scoreboard_not_issued,warp,903222
B,smsp__pcsamp_warps_issue_stalled_sleeping,warp,0
B,smsp__pcsamp_warps_issue_stalled_sleeping_not_issued,warp,0
B,smsp__pcsamp_warps_issue_stalled_tex_throttle,warp,533833
B,smsp__pcsamp_warps_issue_stalled_tex_throttle_not_issued,warp,483090
B,smsp__pcsamp_warps_issue_stalled_wait,warp,234652
B,smsp__pcsamp_warps_issue_stalled_wait_not_issued,warp,196941
B,smsp__sass_average_branch_targets_threads_uniform.pct,%,100
B,smsp__sass_average_data_bytes_per_sector_mem_global_op_ld.max_rate,byte/sector,32
B,smsp__sass_average_data_bytes_per_sector_mem_global_op_ld.ratio,byte/sector,17.78
B,smsp__sass_average_data_bytes_per_sector_mem_global_op_st.max_rate,byte/sector,32
B,smsp__sass_average_data_bytes_per_sector_mem_global_op_st.ratio,byte/sector,8
B,smsp__sass_average_data_bytes_per_sector_mem_local_op_ld.max_rate,byte/sector,32
B,smsp__sass_average_data_bytes_per_sector_mem_local_op_ld.ratio,byte/sector,0
B,smsp__sass_average_data_bytes_per_sector_mem_local_op_st.max_rate,byte/sector,32
B,smsp__sass_average_data_bytes_per_sector_mem_local_op_st.ratio,byte/sector,0
B,smsp__sass_branch_targets_threads_divergent.avg,branches,0
B,smsp__sass_branch_targets_threads_divergent.max,branches,0
B,smsp__sass_branch_targets_threads_divergent.min,branches,0
B,smsp__sass_branch_targets_threads_divergent.sum,branches,0
B,smsp__sass_inst_executed_memdesc_explicit_evict_type,,0
B,smsp__sass_inst_executed_memdesc_explicit_hitprop_evict_first,inst,0
B,smsp__sass_inst_executed_memdesc_explicit_hitprop_evict_last,inst,0
B,smsp__sass_inst_executed_memdesc_explicit_hitprop_evict_normal,inst,0
B,smsp__sass_inst_executed_memdesc_explicit_hitprop_evict_normal_demote,inst,0
B,smsp__sass_inst_executed_memdesc_explicit_missprop_evict_first,inst,0
B,smsp__sass_inst_executed_memdesc_explicit_missprop_evict_normal,inst,0
B,smsp__sass_inst_executed_op_dshared_atom.sum,inst,0
B,smsp__sass_inst_executed_op_dshared_ld.sum,inst,0
B,smsp__sass_inst_executed_op_dshared_redas.sum,inst,0
B,smsp__sass_inst_executed_op_dshared_st.sum,inst,0
B,smsp__sass_inst_executed_op_dshared_stas.sum,inst,0
B,smsp__sass_inst_executed_op_dshared_tma_red.sum,inst,0
B,smsp__sass_inst_executed_op_dshared_tma_st.sum,inst,0
B,smsp__sass_inst_executed_op_global_ld.sum,inst,343878312
B,smsp__sass_inst_executed_op_global_st.sum,inst,73986960
B,smsp__sass_inst_executed_op_local_ld.sum,inst,0
B,smsp__sass_inst_executed_op_local_st.sum,inst,0
B,smsp__sass_inst_executed_op_shared_ld.sum,inst,0
B,smsp__sass_inst_executed_op_shared_st.sum,inst,0
B,smsp__sass_inst_executed_op_tma_ld.sum,inst,0
B,smsp__sass_inst_executed_op_tma_red.sum,inst,0
B,smsp__sass_inst_executed_op_tma_st.sum,inst,0
B,smsp__sass_l1tex_data_pipe_lsu_wavefronts_mem_shared_op_ldgsts.sum,,0
B,smsp__sass_l1tex_data_pipe_lsu_wavefronts_mem_shared_op_ldgsts.sum.pct_of_peak_sustained_elapsed,%,0
B,smsp__sass_l1tex_data_pipe_lsu_wavefronts_mem_shared_op_ldgsts_cache_access.sum,,0
B,smsp__sass_l1tex_data_pipe_lsu_wavefronts_mem_shared_op_ldgsts_cache_access.sum.pct_of_peak_sustained_elapsed,%,0
B,smsp__sass_l1tex_m_xbar2l1tex_read_sectors_mem_global_op_ldgsts_cache_bypass.sum,sector,0
B,smsp__sass_l1tex_m_xbar2l1tex_read_sectors_mem_global_op_ldgsts_cache_bypass.sum.pct_of_peak_sustained_elapsed,%,0
B,smsp__thread_inst_executed_per_inst_executed.ratio,,18.12
B,smsp__thread_inst_executed_pred_on_per_inst_executed.ratio,,17.19
B,smsp__warps_active.avg.peak_sustained,warp,12
B,smsp__warps_active.avg.per_cycle_active,warp,7.80
B,smsp__warps_active.max.peak_sustained,warp,12
B,smsp__warps_active.max.per_cycle_active,warp,8.02
B,smsp__warps_active.min.peak_sustained,warp,12
B,smsp__warps_active.min.per_cycle_active,warp,7.58
B,smsp__warps_active.sum.peak_sustained,warp,9024
B,smsp__warps_active.sum.per_cycle_active,warp,5867.19
B,smsp__warps_eligible.avg.per_cycle_active,warp,0.23
B,smsp__warps_eligible.max.per_cycle_active,warp,0.23
B,smsp__warps_eligible.min.per_cycle_active,warp,0.22
B,smsp__warps_eligible.sum.per_cycle_active,warp,169.78
