q,k,pair,order,variant,sample,stage,calls,wall_s,thread_cpu_s,wall_fraction
32,10,0,AB,A,0,stage.aggregate,1,1.4841e-05,1.4567e-05,0.0013608192973914193
32,10,0,AB,A,0,stage.alloc_init,1,0.00211923,0.002118819,0.19431905394588084
32,10,0,AB,A,0,stage.candidates,1,0.000158729,0.000158449,0.01455437546362392
32,10,0,AB,A,0,stage.cleanup,1,0.001531454,0.001531165,0.14042397117898245
32,10,0,AB,A,0,stage.delivery,1,4.229e-05,4.2006e-05,0.003877706898907292
32,10,0,AB,A,0,stage.leaf_distance,1,0.003537061,0.003536685,0.3243245647092912
32,10,0,AB,A,0,stage.node_plan,4,0.000102785,0.000101631,0.009424689137010783
32,10,0,AB,A,0,stage.node_prune,4,7.9893e-05,7.8791e-05,0.0073256476063939535
32,10,0,AB,A,0,stage.output_alloc,1,5.472e-06,5.167e-06,0.0005017453807240649
32,10,0,AB,A,0,stage.pivot_distance,2,0.000110165,0.0001096,0.010101385209697843
32,10,0,AB,A,0,stage.pivot_sort,2,0.00020715,0.000206542,0.018994253584976247
32,10,0,AB,A,0,stage.result_sort,1,0.002832568,0.002832147,0.259727322658407
32,10,0,AB,A,0,stage.schedule,10,0.000132678,0.000129846,0.012165675004332507
32,10,0,AB,A,0,stage.threshold,2,2.0915e-05,2.0365e-05,0.0019177640054539135
32,10,0,AB,A,1,stage.aggregate,1,1.7105e-05,1.6818e-05,0.0015686961434194548
32,10,0,AB,A,1,stage.alloc_init,1,0.002109282,0.00210887,0.1934418321417173
32,10,0,AB,A,1,stage.candidates,1,0.000160996,0.00016072,0.014764911096519062
32,10,0,AB,A,1,stage.cleanup,1,0.001540347,0.001539927,0.14126491659910712
32,10,0,AB,A,1,stage.delivery,1,4.2618e-05,4.2319e-05,0.003908488292326824
32,10,0,AB,A,1,stage.leaf_distance,1,0.00353334,0.003532946,0.32404190771059316
32,10,0,AB,A,1,stage.node_plan,4,0.000103523,0.000102365,0.009494073712669525
32,10,0,AB,A,1,stage.node_prune,4,7.9477e-05,7.8381e-05,0.007288819841598832
32,10,0,AB,A,1,stage.output_alloc,1,4.722e-06,4.434e-06,0.0004330536795806294
32,10,0,AB,A,1,stage.pivot_distance,2,0.000119903,0.000119203,0.010996280250477808
32,10,0,AB,A,1,stage.pivot_sort,2,0.000206519,0.00020591,0.018939816360294792
32,10,0,AB,A,1,stage.result_sort,1,0.002823242,0.002822944,0.25891896155158306
32,10,0,AB,A,1,stage.schedule,10,0.000132176,0.000129456,0.012121834636223901
32,10,0,AB,A,1,stage.threshold,2,2.1882e-05,2.1345e-05,0.002006793862046449
32,10,0,AB,A,2,stage.aggregate,1,1.6923e-05,1.6659e-05,0.0015611174290924468
32,10,0,AB,A,2,stage.alloc_init,1,0.002104325,0.002103897,0.19412033528186276
32,10,0,AB,A,2,stage.candidates,1,0.000156282,0.000155986,0.014416743724719362
32,10,0,AB,A,2,stage.cleanup,1,0.001490136,0.001489692,0.13746246417999777
32,10,0,AB,A,2,stage.delivery,1,4.2612e-05,4.2319e-05,0.003930883170152298
32,10,0,AB,A,2,stage.leaf_distance,1,0.003533242,0.003532854,0.3259354527803259
32,10,0,AB,A,2,stage.node_plan,4,0.000102333,0.000101224,0.009440041947132148
32,10,0,AB,A,2,stage.node_prune,4,8.0444e-05,7.9324e-05,0.007420819622165857
32,10,0,AB,A,2,stage.output_alloc,1,5.026e-06,4.722e-06,0.00046363979191742824
32,10,0,AB,A,2,stage.pivot_distance,2,0.000107756,0.000107201,0.009940304301204616
32,10,0,AB,A,2,stage.pivot_sort,2,0.000206748,0.000205982,0.01907214478697661
32,10,0,AB,A,2,stage.result_sort,1,0.002831448,0.002831198,0.2611961722134935
32,10,0,AB,A,2,stage.schedule,10,0.000132578,0.000129896,0.0122300907944347
32,10,0,AB,A,2,stage.threshold,2,2.1439e-05,2.0891e-05,0.0019777106046394237
32,10,0,AB,A,3,stage.aggregate,1,1.6358e-05,1.6075e-05,0.0014630960016550393
32,10,0,AB,A,3,stage.alloc_init,1,0.002116699,0.002116226,0.18932227922773076
32,10,0,AB,A,3,stage.candidates,1,0.000157287,0.000157013,0.014068100061885079
32,10,0,AB,A,3,stage.cleanup,1,0.001549121,0.001548713,0.13855683709376793
32,10,0,AB,A,3,stage.delivery,1,4.2783e-05,4.2499e-05,0.0038266069347602113
32,10,0,AB,A,3,stage.leaf_distance,1,0.003540091,0.003539702,0.316633634160349
32,10,0,AB,A,3,stage.node_plan,4,0.000100872,9.9742e-05,0.009022216645002268
32,10,0,AB,A,3,stage.node_prune,4,8.0251e-05,7.9133e-05,0.007177828415993309
32,10,0,AB,A,3,stage.output_alloc,1,4.604e-06,4.315e-06,0.00041179202785302606
32,10,0,AB,A,3,stage.pivot_distance,2,0.000108537,0.000107819,0.009707791339505622
32,10,0,AB,A,3,stage.pivot_sort,2,0.000204899,0.00020427,0.018326623526293915
32,10,0,AB,A,3,stage.result_sort,1,0.003093624,0.003093202,0.27670062996846
32,10,0,AB,A,3,stage.schedule,10,0.00013008,0.000127424,0.01163464530476143
32,10,0,AB,A,3,stage.threshold,2,2.7058e-05,2.6517e-05,0.002420127864823453
32,10,0,AB,A,4,stage.aggregate,1,1.7284e-05,1.7004e-05,0.0015748040105203177
32,10,0,AB,A,4,stage.alloc_init,1,0.002117407,0.002116998,0.19292415155657222
32,10,0,AB,A,4,stage.candidates,1,0.000158572,0.000158284,0.014448034109941438
32,10,0,AB,A,4,stage.cleanup,1,0.001612832,0.001612549,0.1469506076079325
32,10,0,AB,A,4,stage.delivery,1,4.1012e-05,4.071e-05,0.003736742772475079
32,10,0,AB,A,4,stage.leaf_distance,1,0.003534875,0.003534497,0.3220744808312895
32,10,0,AB,A,4,stage.node_plan,4,0.000101989,0.000100838,0.009292564581633689
32,10,0,AB,A,4,stage.node_prune,4,7.9463e-05,7.8304e-05,0.007240144126821106
32,10,0,AB,A,4,stage.output_alloc,1,4.257e-06,3.98e-06,0.00038786974501186025
32,10,0,AB,A,4,stage.pivot_distance,2,0.00011008,0.000109529,0.010029763103336992
32,10,0,AB,A,4,stage.pivot_sort,2,0.000205659,0.000204928,0.018738290789145916
32,10,0,AB,A,4,stage.result_sort,1,0.002831997,0.002831756,0.2580328762659979
32,10,0,AB,A,4,stage.schedule,10,0.00013037,0.000127718,0.011878453995113041
32,10,0,AB,A,4,stage.threshold,2,2.1868e-05,2.1317e-05,0.0019924678374252667
32,10,0,AB,A,5,stage.aggregate,1,1.6226e-05,1.5956e-05,0.0014991931650244316
32,10,0,AB,A,5,stage.alloc_init,1,0.002118783,0.002118343,0.19576389694132626
32,10,0,AB,A,5,stage.candidates,1,0.000153829,0.000153543,0.014212953616574835
32,10,0,AB,A,5,stage.cleanup,1,0.00145912,0.001458689,0.1348146635615955
32,10,0,AB,A,5,stage.delivery,1,4.228e-05,4.1977e-05,0.003906439480909218
32,10,0,AB,A,5,stage.leaf_distance,1,0.003534186,0.003533817,0.3265393501248019
32,10,0,AB,A,5,stage.node_plan,4,0.000103034,0.000101885,0.009519774963954597
32,10,0,AB,A,5,stage.node_prune,4,8.0325e-05,7.9218e-05,0.007421588252224051
32,10,0,AB,A,5,stage.output_alloc,1,4.307e-06,4.004e-06,0.0003979431136299905
32,10,0,AB,A,5,stage.pivot_distance,2,0.0001099,0.000109352,0.010154155604350118
32,10,0,AB,A,5,stage.pivot_sort,2,0.000207694,0.00020694,0.019189783385713317
32,10,0,AB,A,5,stage.result_sort,1,0.002836287,0.002836003,0.2620573206241618
32,10,0,AB,A,5,stage.schedule,10,0.000128814,0.000126154,0.011901705186703877
32,10,0,AB,A,5,stage.threshold,2,2.0716e-05,2.0178e-05,0.0019140444722449232
32,10,0,AB,A,6,stage.aggregate,1,1.6991e-05,1.6709e-05,0.0015831733947110028
32,10,0,AB,A,6,stage.alloc_init,1,0.002102451,0.002102071,0.19590044652366206
32,10,0,AB,A,6,stage.candidates,1,0.000154792,0.000154499,0.01442308140274884
32,10,0,AB,A,6,stage.cleanup,1,0.001370763,0.001370301,0.12772382508706012
32,10,0,AB,A,6,stage.delivery,1,4.267e-05,4.2387e-05,0.003975870093126861
32,10,0,AB,A,6,stage.leaf_distance,1,0.003534344,0.003533964,0.32932019236987015
32,10,0,AB,A,6,stage.node_plan,4,0.000106909,0.000105601,0.009961478691963899
32,10,0,AB,A,6,stage.node_prune,4,7.9229e-05,7.8121e-05,0.007382334464690603
32,10,0,AB,A,6,stage.output_alloc,1,4.754e-06,4.456e-06,0.00044296429394715477
32,10,0,AB,A,6,stage.pivot_distance,2,0.000111191,0.000110627,0.010360463358914196
32,10,0,AB,A,6,stage.pivot_sort,2,0.000205437,0.000204833,0.019142039473206064
32,10,0,AB,A,6,stage.result_sort,1,0.002835304,0.002834875,0.2641856193701186
32,10,0,AB,A,6,stage.schedule,10,0.000136346,0.000133698,0.012704335217189475
32,10,0,AB,A,6,stage.threshold,2,2.2277e-05,2.1728e-05,0.002075707946205462
32,10,0,AB,A,7,stage.aggregate,1,1.637e-05,1.607e-05,0.0014140036983495631
32,10,0,AB,A,7,stage.alloc_init,1,0.00211683,0.002116421,0.18284700359055014
32,10,0,AB,A,7,stage.candidates,1,0.000155629,0.000155353,0.013442882197339289
32,10,0,AB,A,7,stage.cleanup,1,0.002016668,0.002016249,0.17419523581815619
32,10,0,AB,A,7,stage.delivery,1,4.2694e-05,4.2384e-05,0.0036878114781512673
32,10,0,AB,A,7,stage.leaf_distance,1,0.003536614,0.003536244,0.305484744999074
32,10,0,AB,A,7,stage.node_plan,4,0.000101307,0.000100146,0.00875067029130722
32,10,0,AB,A,7,stage.node_prune,4,8.0277e-05,7.9177e-05,0.006934146297642509
32,10,0,AB,A,7,stage.output_alloc,1,4.378e-06,4.073e-06,0.00037816177100637676
32,10,0,AB,A,7,stage.pivot_distance,2,0.00010782,0.000107267,0.009313248549544892
32,10,0,AB,A,7,stage.pivot_sort,2,0.000202158,0.000201583,0.01746195233054068
32,10,0,AB,A,7,stage.result_sort,1,0.003032214,0.003031808,0.2619158100297692
32,10,0,AB,A,7,stage.schedule,10,0.000135224,0.000132391,0.011680344294784442
32,10,0,AB,A,7,stage.threshold,2,2.0903e-05,2.0365e-05,0.0018055540199511861
32,10,0,AB,B,0,stage.aggregate,1,2.174e-05,2.1476e-05,0.0018537966676683195
32,10,0,AB,B,0,stage.alloc_init,1,0.002109765,0.002109408,0.17990226893115235
32,10,0,AB,B,0,stage.candidates,1,0.000157358,0.000157078,0.013418111132978446
32,10,0,AB,B,0,stage.cleanup,1,0.00173913,0.001738684,0.14829776442695514
32,10,0,AB,B,0,stage.delivery,1,4.1296e-05,4.1018e-05,0.003521360956211174
32,10,0,AB,B,0,stage.leaf_distance,1,0.004563171,0.004562771,0.3891072306256078
32,10,0,AB,B,0,stage.node_plan,4,9.1153e-05,9.0011e-05,0.007772728962648129
32,10,0,AB,B,0,stage.node_prune,4,7.5404e-05,7.431e-05,0.006429792269036889
32,10,0,AB,B,0,stage.output_alloc,1,5.912e-06,5.593e-06,0.0005041235464238779
32,10,0,AB,B,0,stage.pivot_distance,2,0.000108908,0.000108367,0.009286719755401166
32,10,0,AB,B,0,stage.pivot_sort,2,0.000202522,0.000201739,0.0172693012295089
32,10,0,AB,B,0,stage.result_sort,1,0.002460755,0.002460306,0.20983162000681488
32,10,0,AB,B,0,stage.schedule,10,0.000120901,0.000118094,0.01030937768710982
32,10,0,AB,B,0,stage.threshold,2,1.8592e-05,1.805e-05,0.0015853628171706255
32,10,0,AB,B,1,stage.aggregate,1,2.1878e-05,2.159e-05,0.0014437652510820487
32,10,0,AB,B,1,stage.alloc_init,1,0.002108237,0.002107711,0.13912603170515883
32,10,0,AB,B,1,stage.candidates,1,0.000159346,0.000158897,0.010515504968412108
32,10,0,AB,B,1,stage.cleanup,1,0.003233388,0.003233,0.21337659921682434
32,10,0,AB,B,1,stage.delivery,1,4.2312e-05,4.2014e-05,0.0027922385640270424
32,10,0,AB,B,1,stage.leaf_distance,1,0.004572346,0.004572022,0.3017366427792303
32,10,0,AB,B,1,stage.node_plan,4,0.00010239,0.000101267,0.006756884727045021
32,10,0,AB,B,1,stage.node_prune,4,8.0799e-05,7.9708e-05,0.005332059078625946
32,10,0,AB,B,1,stage.output_alloc,1,5.148e-06,4.85e-06,0.00033972499828916657
32,10,0,AB,B,1,stage.pivot_distance,2,0.00011168,0.00011113,0.00736994712683258
32,10,0,AB,B,1,stage.pivot_sort,2,0.000202499,0.000201891,0.013363242507489888
32,10,0,AB,B,1,stage.result_sort,1,0.004350215,0.004242205,0.2870778522596167
32,10,0,AB,B,1,stage.schedule,10,0.00013313,0.000130372,0.00878546795303744
32,10,0,AB,B,1,stage.threshold,2,2.1119e-05,2.0585e-05,0.0013936775910778766
32,10,0,AB,B,2,stage.aggregate,1,2.1735e-05,2.1451e-05,0.001873463346316703
32,10,0,AB,B,2,stage.alloc_init,1,0.002107758,0.00141628,0.1816796575065931
32,10,0,AB,B,2,stage.candidates,1,0.000153628,0.000153348,0.013242071634135839
32,10,0,AB,B,2,stage.cleanup,1,0.001657267,0.001656841,0.14284927442191137
32,10,0,AB,B,2,stage.delivery,1,4.3847e-05,4.3569e-05,0.003779422468182585
32,10,0,AB,B,2,stage.leaf_distance,1,0.004566081,0.004565666,0.39357650746782225
32,10,0,AB,B,2,stage.node_plan,4,0.000104033,0.000102879,0.00896719633344217
32,10,0,AB,B,2,stage.node_prune,4,8.0768e-05,7.9677e-05,0.006961853579724291
32,10,0,AB,B,2,stage.output_alloc,1,5.326e-06,5.034e-06,0.00045907825086187074
32,10,0,AB,B,2,stage.pivot_distance,2,0.000107374,0.000106821,0.00925517613744696
32,10,0,AB,B,2,stage.pivot_sort,2,0.000203777,0.000202996,0.01756469934770549
32,10,0,AB,B,2,stage.result_sort,1,0.002382288,0.002381833,0.20534296058753743
32,10,0,AB,B,2,stage.schedule,10,0.000135894,0.00013316,0.011713477247957767
32,10,0,AB,B,2,stage.threshold,2,2.1747e-05,2.1192e-05,0.0018744976946100456
32,10,0,AB,B,3,stage.aggregate,1,2.1921e-05,2.1638e-05,0.0018691176001624829
32,10,0,AB,B,3,stage.alloc_init,1,0.002100322,0.002099832,0.17908621031013486
32,10,0,AB,B,3,stage.candidates,1,0.000154447,0.000154176,0.013169089274772821
32,10,0,AB,B,3,stage.cleanup,1,0.001563144,0.0015627,0.13328315140679642
32,10,0,AB,B,3,stage.delivery,1,4.2916e-05,4.2633e-05,0.0036592788161385484
32,10,0,AB,B,3,stage.leaf_distance,1,0.004565134,0.004564759,0.38925105179965136
32,10,0,AB,B,3,stage.node_plan,4,0.000102499,0.00010134,0.008739687281558977
32,10,0,AB,B,3,stage.node_prune,4,8.0182e-05,7.9093e-05,0.00683680431623686
32,10,0,AB,B,3,stage.output_alloc,1,4.919e-06,4.621e-06,0.00041942381621273
32,10,0,AB,B,3,stage.pivot_distance,2,0.000110668,0.00011013,0.009436225837086889
32,10,0,AB,B,3,stage.pivot_sort,2,0.000202597,0.000201985,0.01727465072031926
32,10,0,AB,B,3,stage.result_sort,1,0.002614368,0.00261394,0.22291689439813833
32,10,0,AB,B,3,stage.schedule,10,0.000134545,0.000131861,0.01147212387728029
32,10,0,AB,B,3,stage.threshold,2,2.1832e-05,2.129e-05,0.0018615289196089288
32,10,0,AB,B,4,stage.aggregate,1,2.1342e-05,2.1048e-05,0.0017702879293437625
32,10,0,AB,B,4,stage.alloc_init,1,0.002110935,0.002110489,0.17509899494561312
32,10,0,AB,B,4,stage.candidates,1,0.000153839,0.000153566,0.012760721805000238
32,10,0,AB,B,4,stage.cleanup,1,0.002007784,0.002007517,0.16654276918421596
32,10,0,AB,B,4,stage.delivery,1,3.7196e-05,3.6908e-05,0.003085354222653481
32,10,0,AB,B,4,stage.leaf_distance,1,0.00456806,0.004567685,0.3789139480141537
32,10,0,AB,B,4,stage.node_plan,4,0.000100999,9.9855e-05,0.008377720484293444
32,10,0,AB,B,4,stage.node_prune,4,8.0312e-05,7.9201e-05,0.006661763854439896
32,10,0,AB,B,4,stage.output_alloc,1,4.763e-06,4.471e-06,0.0003950839381250277
32,10,0,AB,B,4,stage.pivot_distance,2,0.000108756,0.000108068,0.0090211523776455
32,10,0,AB,B,4,stage.pivot_sort,2,0.000200731,0.000200128,0.016650345157206578
32,10,0,AB,B,4,stage.result_sort,1,0.002500181,0.00249976,0.2073863857873966
32,10,0,AB,B,4,stage.schedule,10,0.000132049,0.00012934,0.010953272925776145
32,10,0,AB,B,4,stage.threshold,2,2.0944e-05,2.0408e-05,0.0017372744069054336
32,10,0,AB,B,5,stage.aggregate,1,2.2004e-05,2.1718e-05,0.0019045259843073084
32,10,0,AB,B,5,stage.alloc_init,1,0.002117176,0.002116664,0.1832492594688152
32,10,0,AB,B,5,stage.candidates,1,0.000155336,0.000155019,0.013444894032828579
32,10,0,AB,B,5,stage.cleanup,1,0.001449252,0.001448763,0.12543801544307104
32,10,0,AB,B,5,stage.delivery,1,4.1974e-05,4.1658e-05,0.003633001893533674
32,10,0,AB,B,5,stage.leaf_distance,1,0.004567782,0.004567419,0.3953580944215236
32,10,0,AB,B,5,stage.node_plan,4,0.000104317,0.000103011,0.00902901459302788
32,10,0,AB,B,5,stage.node_prune,4,7.9804e-05,7.8731e-05,0.006907325561337049
32,10,0,AB,B,5,stage.output_alloc,1,4.609e-06,4.297e-06,0.00039892566177387675
32,10,0,AB,B,5,stage.pivot_distance,2,0.000110661,0.000110117,0.009578110795738549
32,10,0,AB,B,5,stage.pivot_sort,2,0.000204808,0.000204208,0.017726875013361718
32,10,0,AB,B,5,stage.result_sort,1,0.002533175,0.002532728,0.21925548128965938
32,10,0,AB,B,5,stage.schedule,10,0.000132941,0.000130228,0.011506525580794303
32,10,0,AB,B,5,stage.threshold,2,2.1599e-05,2.1059e-05,0.00186947176581774
32,10,0,AB,B,6,stage.aggregate,1,2.1996e-05,2.1723e-05,0.001895424380400195
32,10,0,AB,B,6,stage.alloc_init,1,0.002095997,0.002095473,0.18061483065310363
32,10,0,AB,B,6,stage.candidates,1,0.000158513,0.000158216,0.013659274632222954
32,10,0,AB,B,6,stage.cleanup,1,0.001708689,0.001708243,0.1472399885943639
32,10,0,AB,B,6,stage.delivery,1,4.2106e-05,4.1793e-05,0.0036283296490784967
32,10,0,AB,B,6,stage.leaf_distance,1,0.004568447,0.004568096,0.3936691136736738
32,10,0,AB,B,6,stage.node_plan,4,0.000102431,0.000101298,0.008826614598507563
32,10,0,AB,B,6,stage.node_prune,4,8.2813e-05,8.1688e-05,0.007136105619843669
32,10,0,AB,B,6,stage.output_alloc,1,5.647e-06,5.354e-06,0.0004866094506328379
32,10,0,AB,B,6,stage.pivot_distance,2,0.000108976,0.000108405,0.00939060589554881
32,10,0,AB,B,6,stage.pivot_sort,2,0.000204301,0.000203546,0.017604887085840164
32,10,0,AB,B,6,stage.result_sort,1,0.002343081,0.002342643,0.20190638537245267
32,10,0,AB,B,6,stage.schedule,10,0.000132918,0.000130266,0.011453719666940948
32,10,0,AB,B,6,stage.threshold,2,2.1479e-05,2.0932e-05,0.0018508738073566005
32,10,0,AB,B,7,stage.aggregate,1,2.1071e-05,2.0793e-05,0.001868706993288494
32,10,0,AB,B,7,stage.alloc_init,1,0.002113167,0.002112673,0.18740875852529387
32,10,0,AB,B,7,stage.candidates,1,0.000162228,0.000161931,0.01438738541631654
32,10,0,AB,B,7,stage.cleanup,1,0.001387184,0.001386719,0.1230240824724933
32,10,0,AB,B,7,stage.delivery,1,4.214e-05,4.1835e-05,0.003737236614170051
32,10,0,AB,B,7,stage.leaf_distance,1,0.00456968,0.004569296,0.4052675702667441
32,10,0,AB,B,7,stage.node_plan,4,0.000102561,0.000101413,0.009095745713950986
32,10,0,AB,B,7,stage.node_prune,4,8.5002e-05,8.3907e-05,0.007538504667244486
32,10,0,AB,B,7,stage.output_alloc,1,4.635e-06,4.334e-06,0.0004110605530773181
32,10,0,AB,B,7,stage.pivot_distance,2,0.000113233,0.00011269,0.010042204877368708
32,10,0,AB,B,7,stage.pivot_sort,2,0.000206396,0.000205767,0.018304477651121066
32,10,0,AB,B,7,stage.result_sort,1,0.002297558,0.002297296,0.2037616962690867
32,10,0,AB,B,7,stage.schedule,10,0.00013651,0.000133834,0.012106553635509104
32,10,0,AB,B,7,stage.threshold,2,2.7286e-05,2.6735e-05,0.0024198917478463217
32,10,1,BA,B,0,stage.aggregate,1,1.7162e-05,1.6885e-05,0.0015010618162480626
32,10,1,BA,B,0,stage.alloc_init,1,0.002120076,0.002119733,0.18543090147674673
32,10,1,BA,B,0,stage.candidates,1,0.000156352,0.000156072,0.013675213675213675
32,10,1,BA,B,0,stage.cleanup,1,0.001593039,0.001592661,0.13933399456322093
32,10,1,BA,B,0,stage.delivery,1,4.5257e-05,4.4968e-05,0.0039583705056484425
32,10,1,BA,B,0,stage.leaf_distance,1,0.004563721,0.004563389,0.39916252960665566
32,10,1,BA,B,0,stage.node_plan,4,0.000102893,0.000101725,0.008999461220091593
32,10,1,BA,B,0,stage.node_prune,4,8.0814e-05,7.9702e-05,0.007068337584096896
32,10,1,BA,B,0,stage.output_alloc,1,5.049e-06,4.764e-06,0.00044160710349822095
32,10,1,BA,B,0,stage.pivot_distance,2,0.000109775,0.000109209,0.009601390332049356
32,10,1,BA,B,0,stage.pivot_sort,2,0.000206451,0.000205862,0.018057086180295348
32,10,1,BA,B,0,stage.result_sort,1,0.002265257,0.00226492,0.1981290517823469
32,10,1,BA,B,0,stage.schedule,10,0.000132915,0.00013015,0.01162531355941098
32,10,1,BA,B,0,stage.threshold,2,2.265e-05,2.209e-05,0.0019810657346473965
32,10,1,BA,B,1,stage.aggregate,1,1.7229e-05,1.6939e-05,0.0014411612000157592
32,10,1,BA,B,1,stage.alloc_init,1,0.00210647,0.002106126,0.17620075645697347
32,10,1,BA,B,1,stage.candidates,1,0.000155021,0.000154743,0.012967104903804224
32,10,1,BA,B,1,stage.cleanup,1,0.001940385,0.001939986,0.16230817662618716
32,10,1,BA,B,1,stage.delivery,1,4.2852e-05,4.2577e-05,0.0035844587464783396
32,10,1,BA,B,1,stage.leaf_distance,1,0.004567636,0.004566928,0.38207091409804295
32,10,1,BA,B,1,stage.node_plan,4,0.000102967,0.000101793,0.008612922704859404
32,10,1,BA,B,1,stage.node_prune,4,7.9918e-05,7.8793e-05,0.006684933587721832
32,10,1,BA,B,1,stage.output_alloc,1,5.414e-06,5.123e-06,0.00045286706929510245
32,10,1,BA,B,1,stage.pivot_distance,2,0.000110529,0.00010992,0.009245464407484
32,10,1,BA,B,1,stage.pivot_sort,2,0.000205436,0.000204804,0.0171841890003156
32,10,1,BA,B,1,stage.result_sort,1,0.002453441,0.002453067,0.20522398141086914
32,10,1,BA,B,1,stage.schedule,10,0.000136655,0.000133929,0.01143083660039199
32,10,1,BA,B,1,stage.threshold,2,2.1432e-05,2.0861e-05,0.0017927312576898108
32,10,1,BA,B,2,stage.aggregate,1,1.6796e-05,1.6519e-05,0.0014056795782023922
32,10,1,BA,B,2,stage.alloc_init,1,0.00210707,0.002106761,0.17634349064318378
32,10,1,BA,B,2,stage.candidates,1,0.000156324,0.000156042,0.013082963466474801
32,10,1,BA,B,2,stage.cleanup,1,0.001932945,0.001932592,0.16177073781188514
32,10,1,BA,B,2,stage.delivery,1,4.4222e-05,4.3938e-05,0.0037009979940025115
32,10,1,BA,B,2,stage.leaf_distance,1,0.004570038,0.004569738,0.3824725582405873
32,10,1,BA,B,2,stage.node_plan,4,0.000101515,0.000100376,0.008495925362063339
32,10,1,BA,B,2,stage.node_prune,4,8.1133e-05,8.0005e-05,0.006790128674582918
32,10,1,BA,B,2,stage.output_alloc,1,5.019e-06,4.732e-06,0.00042004678512728066
32,10,1,BA,B,2,stage.pivot_distance,2,0.000112957,0.000112324,0.009453521559597977
32,10,1,BA,B,2,stage.pivot_sort,2,0.000209735,0.000209133,0.01755300109158602
32,10,1,BA,B,2,stage.result_sort,1,0.002449567,0.002449259,0.2050075200844546
32,10,1,BA,B,2,stage.schedule,10,0.000130985,0.000128306,0.010962308856325336
32,10,1,BA,B,2,stage.threshold,2,2.1606e-05,2.1046e-05,0.0018082348753656159
32,10,1,BA,B,3,stage.aggregate,1,1.7294e-05,1.7007e-05,0.0014453468506498881
32,10,1,BA,B,3,stage.alloc_init,1,0.002115611,0.002115284,0.17681228727016654
32,10,1,BA,B,3,stage.candidates,1,0.000156247,0.000155949,0.013058350258673128
32,10,1,BA,B,3,stage.cleanup,1,0.00193948,0.001939218,0.16209213079093585
32,10,1,BA,B,3,stage.delivery,1,4.2707e-05,4.2416e-05,0.0035692395021802224
32,10,1,BA,B,3,stage.leaf_distance,1,0.004575191,0.004574786,0.38237179963985846
32,10,1,BA,B,3,stage.node_plan,4,0.000102272,0.000101114,0.008547387134825104
32,10,1,BA,B,3,stage.node_prune,4,8.1295e-05,8.0128e-05,0.006794233388665586
32,10,1,BA,B,3,stage.output_alloc,1,4.576e-06,4.28e-06,0.0003824394118523122
32,10,1,BA,B,3,stage.pivot_distance,2,0.000110926,0.000110377,0.009270645585474123
32,10,1,BA,B,3,stage.pivot_sort,2,0.000209296,0.000208621,0.017491922889650686
32,10,1,BA,B,3,stage.result_sort,1,0.002447315,0.002447005,0.20453446442686657
32,10,1,BA,B,3,stage.schedule,10,0.000132899,0.000130228,0.01110704007774485
32,10,1,BA,B,3,stage.threshold,2,2.2122e-05,2.1538e-05,0.0018488471741688922
32,10,1,BA,B,4,stage.aggregate,1,1.6857e-05,1.6575e-05,0.0014097882306894263
32,10,1,BA,B,4,stage.alloc_init,1,0.002120147,0.002119859,0.1773125875263389
32,10,1,BA,B,4,stage.candidates,1,0.000154626,0.000154343,0.01293171471546439
32,10,1,BA,B,4,stage.cleanup,1,0.001916759,0.001916407,0.1603027987938562
32,10,1,BA,B,4,stage.delivery,1,4.4133e-05,4.3815e-05,0.003690940498606896
32,10,1,BA,B,4,stage.leaf_distance,1,0.004569422,0.004569127,0.38215087836823514
32,10,1,BA,B,4,stage.node_plan,4,9.6264e-05,9.5135e-05,0.0080507714444496
32,10,1,BA,B,4,stage.node_prune,4,7.9322e-05,7.82e-05,0.006633874475573748
32,10,1,BA,B,4,stage.output_alloc,1,4.087e-06,3.802e-06,0.0003418048584462054
32,10,1,BA,B,4,stage.pivot_distance,2,0.000107966,0.000107421,0.009029435612185714
32,10,1,BA,B,4,stage.pivot_sort,2,0.000204596,0.000203941,0.01711081644694393
32,10,1,BA,B,4,stage.result_sort,1,0.002486648,0.00248638,0.20796387757414728
32,10,1,BA,B,4,stage.schedule,10,0.000126315,0.000123583,0.010564003106100426
32,10,1,BA,B,4,stage.threshold,2,2.1522e-05,2.0946e-05,0.001799932508803336
32,10,1,BA,B,5,stage.aggregate,1,1.7369e-05,1.708e-05,0.0014672492299665867
32,10,1,BA,B,5,stage.alloc_init,1,0.002112992,0.002112634,0.17849535868072763
32,10,1,BA,B,5,stage.candidates,1,0.000151751,0.000151458,0.012819191542210806
32,10,1,BA,B,5,stage.cleanup,1,0.001861855,0.001861471,0.15728051788009897
32,10,1,BA,B,5,stage.delivery,1,4.1337e-05,4.1051e-05,0.003491950107612919
32,10,1,BA,B,5,stage.leaf_distance,1,0.004569149,0.004568564,0.3859796391186942
32,10,1,BA,B,5,stage.node_plan,4,0.000102875,0.000101726,0.008690383126997098
32,10,1,BA,B,5,stage.node_prune,4,7.9811e-05,7.8697e-05,0.006742047803147173
32,10,1,BA,B,5,stage.output_alloc,1,5.07e-06,4.782e-06,0.0004282891125528582
32,10,1,BA,B,5,stage.pivot_distance,2,0.000109909,0.000109343,0.009284581473682859
32,10,1,BA,B,5,stage.pivot_sort,2,0.000209885,0.000209231,0.017730071082476654
32,10,1,BA,B,5,stage.result_sort,1,0.002413415,0.002413068,0.20387364271632274
32,10,1,BA,B,5,stage.schedule,10,0.000131642,0.00012894,0.011120480346091394
32,10,1,BA,B,5,stage.threshold,2,2.2045e-05,2.1475e-05,0.0018622551254887099
32,10,1,BA,B,6,stage.aggregate,1,1.5551e-05,1.5264e-05,0.0013347918107591207
32,10,1,BA,B,6,stage.alloc_init,1,0.002101681,0.002101275,0.18039396743798083
32,10,1,BA,B,6,stage.candidates,1,0.000152942,0.000152662,0.013127498496631819
32,10,1,BA,B,6,stage.cleanup,1,0.001740632,0.001740299,0.14940398296863672
32,10,1,BA,B,6,stage.delivery,1,4.3724e-05,4.3441e-05,0.003752970042674541
32,10,1,BA,B,6,stage.leaf_distance,1,0.00457057,0.004570286,0.39230656591224455
32,10,1,BA,B,6,stage.node_plan,4,0.000110711,0.000109545,0.009502677394441066
32,10,1,BA,B,6,stage.node_prune,4,8.1237e-05,8.01e-05,0.006972830192954709
32,10,1,BA,B,6,stage.output_alloc,1,4.998e-06,4.704e-06,0.00042899424282516143
32,10,1,BA,B,6,stage.pivot_distance,2,0.000111119,0.000110505,0.009537697332630875
32,10,1,BA,B,6,stage.pivot_sort,2,0.000205597,0.000204993,0.017647044686299462
32,10,1,BA,B,6,stage.result_sort,1,0.002350561,0.002350216,0.20175612973376436
32,10,1,BA,B,6,stage.schedule,10,0.000131168,0.000128421,0.011258566795296273
32,10,1,BA,B,6,stage.threshold,2,2.15e-05,2.0905e-05,0.001845413409511999
32,10,1,BA,B,7,stage.aggregate,1,1.6594e-05,1.6305e-05,0.0014696487943238292
32,10,1,BA,B,7,stage.alloc_init,1,0.002108491,0.002108156,0.18673865589927957
32,10,1,BA,B,7,stage.candidates,1,0.000145359,0.000145013,0.012873730209359857
32,10,1,BA,B,7,stage.cleanup,1,0.001447081,0.001446747,0.1281608320440473
32,10,1,BA,B,7,stage.delivery,1,4.3437e-05,4.3156e-05,0.0038470010051249947
32,10,1,BA,B,7,stage.leaf_distance,1,0.00456269,0.004562421,0.40409496549194845
32,10,1,BA,B,7,stage.node_plan,4,9.2761e-05,9.1622e-05,0.008215384585408745
32,10,1,BA,B,7,stage.node_prune,4,7.8912e-05,7.7773e-05,0.0069888469119972286
32,10,1,BA,B,7,stage.output_alloc,1,4.632e-06,4.339e-06,0.0004102334105886451
32,10,1,BA,B,7,stage.pivot_distance,2,0.000108078,0.000107521,0.009571935783592311
32,10,1,BA,B,7,stage.pivot_sort,2,0.000199083,0.000198501,0.01763180010367427
32,10,1,BA,B,7,stage.result_sort,1,0.002329176,0.002328901,0.20628363867470165
32,10,1,BA,B,7,stage.schedule,10,0.000126778,0.000124049,0.011228102618222635
32,10,1,BA,B,7,stage.threshold,2,1.981e-05,1.9254e-05,0.0017544740638516965
32,10,1,BA,A,0,stage.aggregate,1,1.6743e-05,1.6435e-05,0.0015405666447584712
32,10,1,BA,A,0,stage.alloc_init,1,0.002116213,0.002115792,0.194718220211686
32,10,1,BA,A,0,stage.candidates,1,0.000153102,0.000152822,0.014087310186096368
32,10,1,BA,A,0,stage.cleanup,1,0.001503103,0.001502751,0.13830438663539343
32,10,1,BA,A,0,stage.delivery,1,4.3025e-05,4.274e-05,0.003958841300288672
32,10,1,BA,A,0,stage.leaf_distance,1,0.003540031,0.003539645,0.32572738935740164
32,10,1,BA,A,0,stage.node_plan,4,9.6262e-05,9.5103e-05,0.0088573150784053
32,10,1,BA,A,0,stage.node_prune,4,7.4765e-05,7.3601e-05,0.0068793206232674615
32,10,1,BA,A,0,stage.output_alloc,1,5.277e-06,4.971e-06,0.0004855503902759632
32,10,1,BA,A,0,stage.pivot_distance,2,0.000111642,0.000111085,0.010272468575173221
32,10,1,BA,A,0,stage.pivot_sort,2,0.000206798,0.000205995,0.01902801773892148
32,10,1,BA,A,0,stage.result_sort,1,0.002846285,0.00284598,0.2618940292944135
32,10,1,BA,A,0,stage.schedule,10,0.000124091,0.00012142,0.01141793319684187
32,10,1,BA,A,0,stage.threshold,2,1.957e-05,1.8999e-05,0.001800686211427061
32,10,1,BA,A,1,stage.aggregate,1,1.6914e-05,1.6617e-05,0.0015630346825696866
32,10,1,BA,A,1,stage.alloc_init,1,0.002109245,0.002108938,0.19491681973730038
32,10,1,BA,A,1,stage.candidates,1,0.000154996,0.00015471,0.014323289798957735
32,10,1,BA,A,1,stage.cleanup,1,0.001467994,0.001467684,0.13565836205535087
32,10,1,BA,A,1,stage.delivery,1,4.2026e-05,4.174e-05,0.0038836523335505292
32,10,1,BA,A,1,stage.leaf_distance,1,0.003541409,0.003541062,0.3272641061939477
32,10,1,BA,A,1,stage.node_plan,4,0.000101432,0.000100274,0.009373402738702167
32,10,1,BA,A,1,stage.node_prune,4,8.0986e-05,7.9875e-05,0.007483973442272002
32,10,1,BA,A,1,stage.output_alloc,1,4.906e-06,4.616e-06,0.00045336692400892056
32,10,1,BA,A,1,stage.pivot_distance,2,0.000112087,0.000111518,0.010358038811942086
32,10,1,BA,A,1,stage.pivot_sort,2,0.000207506,0.000206882,0.019175775975009187
32,10,1,BA,A,1,stage.result_sort,1,0.002814022,0.002813687,0.2600457599334347
32,10,1,BA,A,1,stage.schedule,10,0.000136901,0.000132718,0.012651118072512279
32,10,1,BA,A,1,stage.threshold,2,2.2023e-05,2.1447e-05,0.0020351609799120376
32,10,1,BA,A,2,stage.aggregate,1,1.7209e-05,1.692e-05,0.001556144169717646
32,10,1,BA,A,2,stage.alloc_init,1,0.002111054,0.002110636,0.1908945536672157
32,10,1,BA,A,2,stage.candidates,1,0.000156359,0.000156078,0.014138947424770842
32,10,1,BA,A,2,stage.cleanup,1,0.001457446,0.001457086,0.1317912775628046
32,10,1,BA,A,2,stage.delivery,1,4.2013e-05,4.1722e-05,0.0037990751933492627
32,10,1,BA,A,2,stage.leaf_distance,1,0.003534537,0.003534246,0.3196146868034923
32,10,1,BA,A,2,stage.node_plan,4,0.000105379,0.000103964,0.009529020655510246
32,10,1,BA,A,2,stage.node_prune,4,8.043e-05,7.9282e-05,0.007272977835457625
32,10,1,BA,A,2,stage.output_alloc,1,4.55e-06,4.249e-06,0.0004114391290728856
32,10,1,BA,A,2,stage.pivot_distance,2,0.000113014,0.000112474,0.01021942455671277
32,10,1,BA,A,2,stage.pivot_sort,2,0.000201251,0.000200477,0.018198359596713693
32,10,1,BA,A,2,stage.result_sort,1,0.003075716,0.003075461,0.27812525545396477
32,10,1,BA,A,2,stage.schedule,10,0.000130093,0.000127369,0.011763813322742617
32,10,1,BA,A,2,stage.threshold,2,2.1321e-05,2.0767e-05,0.001927976630980878
32,10,1,BA,A,3,stage.aggregate,1,2.0018e-05,1.6596e-05,0.0017969671309774314
32,10,1,BA,A,3,stage.alloc_init,1,0.002117386,0.002116986,0.19007258695133278
32,10,1,BA,A,3,stage.candidates,1,0.000154575,0.000154283,0.013875821474215028
32,10,1,BA,A,3,stage.cleanup,1,0.001505048,0.001504751,0.13510449528141277
32,10,1,BA,A,3,stage.delivery,1,4.2769e-05,4.2481e-05,0.003839269019121479
32,10,1,BA,A,3,stage.leaf_distance,1,0.003542326,0.00354189,0.3179859820764692
32,10,1,BA,A,3,stage.node_plan,4,0.000100623,9.9488e-05,0.00903268176742642
32,10,1,BA,A,3,stage.node_prune,4,7.974e-05,7.8624e-05,0.007158065692084143
32,10,1,BA,A,3,stage.output_alloc,1,4.423e-06,4.127e-06,0.00039704194326671885
32,10,1,BA,A,3,stage.pivot_distance,2,0.000114613,0.000113912,0.010288530012124904
32,10,1,BA,A,3,stage.pivot_sort,2,0.000207152,0.00020657,0.018595530778111543
32,10,1,BA,A,3,stage.result_sort,1,0.003092082,0.003091647,0.2775686742075611
32,10,1,BA,A,3,stage.schedule,10,0.000129975,0.000127305,0.011667539357018265
32,10,1,BA,A,3,stage.threshold,2,2.0856e-05,2.0314e-05,0.001872192351067305
32,10,1,BA,A,4,stage.aggregate,1,1.7039e-05,1.675e-05,0.0015643416406830551
32,10,1,BA,A,4,stage.alloc_init,1,0.002117886,0.002117593,0.19444200129231015
32,10,1,BA,A,4,stage.candidates,1,0.000158133,0.000157836,0.014518107674519252
32,10,1,BA,A,4,stage.cleanup,1,0.001528633,0.001528184,0.14034299285299962
32,10,1,BA,A,4,stage.delivery,1,4.1946e-05,4.1655e-05,0.0038510402288920377
32,10,1,BA,A,4,stage.leaf_distance,1,0.003542843,0.003542406,0.3252665550385866
32,10,1,BA,A,4,stage.node_plan,4,0.000101818,0.000100646,0.00934785710259213
32,10,1,BA,A,4,stage.node_prune,4,7.86e-05,7.7497e-05,0.0072162247172773124
32,10,1,BA,A,4,stage.output_alloc,1,4.92e-06,4.63e-06,0.00045170261589064096
32,10,1,BA,A,4,stage.pivot_distance,2,0.000116334,0.000115811,0.010680563438419069
32,10,1,BA,A,4,stage.pivot_sort,2,0.000202584,0.000201786,0.018599130637721464
32,10,1,BA,A,4,stage.result_sort,1,0.002819888,0.002819607,0.2588924362029731
32,10,1,BA,A,4,stage.schedule,10,0.000131314,0.000128592,0.012055869370541386
32,10,1,BA,A,4,stage.threshold,2,2.2192e-05,2.1628e-05,0.0020374358641961593
32,10,1,BA,A,5,stage.aggregate,1,1.644e-05,1.6163e-05,0.0015295839113079514
32,10,1,BA,A,5,stage.alloc_init,1,0.002110354,0.002110037,0.19634814632386743
32,10,1,BA,A,5,stage.candidates,1,0.000153283,0.000152868,0.014261509165268657
32,10,1,BA,A,5,stage.cleanup,1,0.001390904,0.001390455,0.12941024212736466
32,10,1,BA,A,5,stage.delivery,1,4.2319e-05,4.203e-05,0.003937376006243382
32,10,1,BA,A,5,stage.leaf_distance,1,0.003543398,0.00354299,0.32967911022875745
32,10,1,BA,A,5,stage.node_plan,4,0.000104145,0.000102833,0.009689690781214514
32,10,1,BA,A,5,stage.node_prune,4,7.9876e-05,7.8753e-05,0.007431693704357296
32,10,1,BA,A,5,stage.output_alloc,1,4.553e-06,4.264e-06,0.000423612867894471
32,10,1,BA,A,5,stage.pivot_distance,2,0.000116854,0.000116224,0.010872141020193392
32,10,1,BA,A,5,stage.pivot_sort,2,0.000202549,0.000201931,0.018845236718461937
32,10,1,BA,A,5,stage.result_sort,1,0.00282642,0.002826151,0.2629712018612543
32,10,1,BA,A,5,stage.schedule,10,0.000128537,0.00012577,0.011959131825291371
32,10,1,BA,A,5,stage.threshold,2,2.0745e-05,2.0173e-05,0.0019301227639953438
32,10,1,BA,A,6,stage.aggregate,1,1.6985e-05,1.671e-05,0.001554037170812428
32,10,1,BA,A,6,stage.alloc_init,1,0.002096619,0.002096165,0.19182948831507696
32,10,1,BA,A,6,stage.candidates,1,0.000144434,0.000144082,0.01321494287483793
32,10,1,BA,A,6,stage.cleanup,1,0.001373802,0.001373516,0.12569557688174596
32,10,1,BA,A,6,stage.delivery,1,4.1491e-05,4.118e-05,0.003796205843637236
32,10,1,BA,A,6,stage.leaf_distance,1,0.003541143,0.003540755,0.3239957520849122
32,10,1,BA,A,6,stage.node_plan,4,8.9397e-05,8.8235e-05,0.008179350071187438
32,10,1,BA,A,6,stage.node_prune,4,7.2037e-05,7.094e-05,0.006591002394690308
32,10,1,BA,A,6,stage.output_alloc,1,4.756e-06,4.473e-06,0.00043514870676384504
32,10,1,BA,A,6,stage.pivot_distance,2,0.000108879,0.000108336,0.009961849462519067
32,10,1,BA,A,6,stage.pivot_sort,2,0.000203653,0.000203021,0.018633166437884218
32,10,1,BA,A,6,stage.result_sort,1,0.003093163,0.00309291,0.28300796452055826
32,10,1,BA,A,6,stage.schedule,10,0.000117385,0.000114664,0.01074010322612993
32,10,1,BA,A,6,stage.threshold,2,1.8947e-05,1.838e-05,0.0017335497365547881
32,10,1,BA,A,7,stage.aggregate,1,1.4981e-05,1.4685e-05,0.0012980941904631106
32,10,1,BA,A,7,stage.alloc_init,1,0.002116897,0.00211647,0.18342778836584922
32,10,1,BA,A,7,stage.candidates,1,0.000155837,0.000155388,0.013503177648968679
32,10,1,BA,A,7,stage.cleanup,1,0.002001396,0.002001026,0.17341969964729373
32,10,1,BA,A,7,stage.delivery,1,3.9286e-05,3.9002e-05,0.0034041070934205837
32,10,1,BA,A,7,stage.leaf_distance,1,0.003545406,0.003545022,0.30720719120439594
32,10,1,BA,A,7,stage.node_plan,4,0.000100597,9.9439e-05,0.008716666529471834
32,10,1,BA,A,7,stage.node_prune,4,7.9753e-05,7.8653e-05,0.00691054709111571
32,10,1,BA,A,7,stage.output_alloc,1,4.341e-06,4.049e-06,0.00037614490893801234
32,10,1,BA,A,7,stage.pivot_distance,2,0.000110862,0.000110316,0.009606122297785286
32,10,1,BA,A,7,stage.pivot_sort,2,0.000200652,0.000200047,0.017386369101181767
32,10,1,BA,A,7,stage.result_sort,1,0.003011625,0.003011132,0.2609554046027278
32,10,1,BA,A,7,stage.schedule,10,0.000130344,0.000127628,0.011294225296156712
32,10,1,BA,A,7,stage.threshold,2,2.0654e-05,2.0113e-05,0.001789656058328889
32,10,2,AB,A,0,stage.aggregate,1,1.664e-05,1.6374e-05,0.001522508699069385
32,10,2,AB,A,0,stage.alloc_init,1,0.00211864,0.002118382,0.1938490282569929
32,10,2,AB,A,0,stage.candidates,1,0.000154609,0.000154337,0.014146246842212652
32,10,2,AB,A,0,stage.cleanup,1,0.001564852,0.001564421,0.14317913357909406
32,10,2,AB,A,0,stage.delivery,1,4.3251e-05,4.2969e-05,0.003957333157659253
32,10,2,AB,A,0,stage.leaf_distance,1,0.003532018,0.003531642,0.32316875782870497
32,10,2,AB,A,0,stage.node_plan,4,0.000103497,0.000102358,0.009469656419926932
32,10,2,AB,A,0,stage.node_prune,4,7.9924e-05,7.8827e-05,0.00731279959521764
32,10,2,AB,A,0,stage.output_alloc,1,5.227e-06,4.926e-06,0.0004782543852184901
32,10,2,AB,A,0,stage.pivot_distance,2,0.000109294,0.000108744,0.010000064047841909
32,10,2,AB,A,0,stage.pivot_sort,2,0.000206516,0.000205712,0.018895577313522424
32,10,2,AB,A,0,stage.result_sort,1,0.00283123,0.002830949,0.2590488163501331
32,10,2,AB,A,0,stage.schedule,10,0.00013187,0.000129199,0.012065698446290853
32,10,2,AB,A,0,stage.threshold,2,2.0937e-05,2.04e-05,0.0019156709514672903
32,10,2,AB,A,1,stage.aggregate,1,1.7135e-05,1.6857e-05,0.0015853966234891663
32,10,2,AB,A,1,stage.alloc_init,1,0.00211014,0.002109738,0.19523833271604488
32,10,2,AB,A,1,stage.candidates,1,0.000154051,0.000153774,0.014253395695659733
32,10,2,AB,A,1,stage.cleanup,1,0.001440926,0.001440488,0.13332005924118764
32,10,2,AB,A,1,stage.delivery,1,3.9004e-05,3.8704e-05,0.003608801278235859
32,10,2,AB,A,1,stage.leaf_distance,1,0.003533951,0.003533707,0.32697484581127295
32,10,2,AB,A,1,stage.node_plan,4,0.000103961,0.000102821,0.00961887472276377
32,10,2,AB,A,1,stage.node_prune,4,7.885e-05,7.776e-05,0.007295507660468092
32,10,2,AB,A,1,stage.output_alloc,1,4.922e-06,4.621e-06,0.00045540252003581415
32,10,2,AB,A,1,stage.pivot_distance,2,0.000111234,0.000110663,0.010291800876404663
32,10,2,AB,A,1,stage.pivot_sort,2,0.000207691,0.000206957,0.019216376430060602
32,10,2,AB,A,1,stage.result_sort,1,0.002842573,0.002842267,0.26300587313810736
32,10,2,AB,A,1,stage.schedule,10,0.000132019,0.000129294,0.01221490964904676
32,10,2,AB,A,1,stage.threshold,2,2.1763e-05,2.1239e-05,0.0020135971238397854
32,10,2,AB,A,2,stage.aggregate,1,1.7147e-05,1.6871e-05,0.0015343783248815907
32,10,2,AB,A,2,stage.alloc_init,1,0.002106488,0.002106043,0.18849650252657446
32,10,2,AB,A,2,stage.candidates,1,0.000152606,0.000152317,0.013655761278758968
32,10,2,AB,A,2,stage.cleanup,1,0.001553204,0.001552751,0.13898656043152657
32,10,2,AB,A,2,stage.delivery,1,4.2267e-05,4.1976e-05,0.003782210804092272
32,10,2,AB,A,2,stage.leaf_distance,1,0.003530464,0.003530082,0.31591925341895144
32,10,2,AB,A,2,stage.node_plan,4,0.000101646,0.000100487,0.009095668000869783
32,10,2,AB,A,2,stage.node_prune,4,8.0111e-05,7.9001e-05,0.007168634862342632
32,10,2,AB,A,2,stage.output_alloc,1,5.046e-06,4.755e-06,0.0004515351389369864
32,10,2,AB,A,2,stage.pivot_distance,2,0.000109711,0.000109156,0.009817354662686429
32,10,2,AB,A,2,stage.pivot_sort,2,0.000207985,0.000207201,0.01861128336738191
32,10,2,AB,A,2,stage.result_sort,1,0.003108732,0.003108449,0.2781810811608909
32,10,2,AB,A,2,stage.schedule,10,0.000130548,0.000127828,0.011681928124840608
32,10,2,AB,A,2,stage.threshold,2,2.1102e-05,2.057e-05,0.0018882866630694187
32,10,2,AB,A,3,stage.aggregate,1,1.658e-05,1.6305e-05,0.0015308914598878276
32,10,2,AB,A,3,stage.alloc_init,1,0.002115138,0.002114722,0.19529835347914473
32,10,2,AB,A,3,stage.candidates,1,0.000156237,0.000155955,0.01442592816758109
32,10,2,AB,A,3,stage.cleanup,1,0.001471146,0.001470702,0.13583623930326524
32,10,2,AB,A,3,stage.delivery,1,4.2298e-05,4.202e-05,0.0039055275615401284
32,10,2,AB,A,3,stage.leaf_distance,1,0.003532344,0.003531972,0.3261541171885409
32,10,2,AB,A,3,stage.node_plan,4,0.000102351,0.000101185,0.009450438589323222
32,10,2,AB,A,3,stage.node_prune,4,8.0088e-05,7.9019e-05,0.0073948151531662435
32,10,2,AB,A,3,stage.output_alloc,1,4.709e-06,4.413e-06,0.0004347990280224234
32,10,2,AB,A,3,stage.pivot_distance,2,0.000110557,0.000110035,0.010208128294983024
32,10,2,AB,A,3,stage.pivot_sort,2,0.000202621,0.000201868,0.018708730910369814
32,10,2,AB,A,3,stage.result_sort,1,0.002838368,0.002838101,0.262076799229125
32,10,2,AB,A,3,stage.schedule,10,0.000129537,0.000126864,0.011960620448702624
32,10,2,AB,A,3,stage.threshold,2,2.0667e-05,2.013e-05,0.00190825897475885
32,10,2,AB,A,4,stage.aggregate,1,1.6807e-05,1.653e-05,0.0015063426463017482
32,10,2,AB,A,4,stage.alloc_init,1,0.00210982,0.002109417,0.18909453454039118
32,10,2,AB,A,4,stage.candidates,1,0.000156564,0.000156298,0.014032190758349907
32,10,2,AB,A,4,stage.cleanup,1,0.001531157,0.001530732,0.1372313373762983
32,10,2,AB,A,4,stage.delivery,1,4.21e-05,4.1822e-05,0.003773250753216136
32,10,2,AB,A,4,stage.leaf_distance,1,0.003535092,0.003534701,0.3168358325816707
32,10,2,AB,A,4,stage.node_plan,4,0.000100975,9.985e-05,0.009049976123657941
32,10,2,AB,A,4,stage.node_prune,4,7.8594e-05,7.7496e-05,0.0070440586626667225
32,10,2,AB,A,4,stage.output_alloc,1,4.356e-06,4.07e-06,0.00039041045798122304
32,10,2,AB,A,4,stage.pivot_distance,2,0.000107933,0.000107262,0.00967359319588782
32,10,2,AB,A,4,stage.pivot_sort,2,0.000201793,0.000201209,0.01808588097966137
32,10,2,AB,A,4,stage.result_sort,1,0.003113454,0.003113044,0.279046143719805
32,10,2,AB,A,4,stage.schedule,10,0.000129898,0.000127168,0.011642226278890016
32,10,2,AB,A,4,stage.threshold,2,2.1683e-05,2.1131e-05,0.0019433585767692511
32,10,2,AB,A,5,stage.aggregate,1,1.6437e-05,1.6158e-05,0.001509932511886688
32,10,2,AB,A,5,stage.alloc_init,1,0.002118805,0.002118394,0.19463725472093898
32,10,2,AB,A,5,stage.candidates,1,0.000154854,0.000154575,0.014225168169112441
32,10,2,AB,A,5,stage.cleanup,1,0.001525518,0.0015251,0.14013683918405773
32,10,2,AB,A,5,stage.delivery,1,4.0343e-05,4.0069e-05,0.0037059808558158216
32,10,2,AB,A,5,stage.leaf_distance,1,0.003536311,0.003535936,0.3248519164715292
32,10,2,AB,A,5,stage.node_plan,4,0.00010309,0.000101929,0.009470033622339762
32,10,2,AB,A,5,stage.node_prune,4,8.0235e-05,7.915e-05,0.007370532036942776
32,10,2,AB,A,5,stage.output_alloc,1,4.37e-06,4.07e-06,0.00040143609399189795
32,10,2,AB,A,5,stage.pivot_distance,2,0.000108723,0.000108185,0.009987491177821767
32,10,2,AB,A,5,stage.pivot_sort,2,0.000203992,0.000203242,0.01873907361226436
32,10,2,AB,A,5,stage.result_sort,1,0.00283667,0.00283641,0.26058163037620075
32,10,2,AB,A,5,stage.schedule,10,0.000128679,0.000126004,0.0118206853864493
32,10,2,AB,A,5,stage.threshold,2,2.0987e-05,2.0439e-05,0.0019279037310315705
32,10,2,AB,A,6,stage.aggregate,1,1.6981e-05,1.6706e-05,0.0015781108653318754
32,10,2,AB,A,6,stage.alloc_init,1,0.002103473,0.002103219,0.19548398776469206
32,10,2,AB,A,6,stage.candidates,1,0.000150786,0.000150505,0.01401313379305884
32,10,2,AB,A,6,stage.cleanup,1,0.001404727,0.001404275,0.130546784142574
32,10,2,AB,A,6,stage.delivery,1,4.17e-05,4.1422e-05,0.003875344389867452
32,10,2,AB,A,6,stage.leaf_distance,1,0.003537777,0.003537532,0.3287794784065253
32,10,2,AB,A,6,stage.node_plan,4,0.000103143,0.000101991,0.00958548312719661
32,10,2,AB,A,6,stage.node_prune,4,7.9146e-05,7.7901e-05,0.007355347891617492
32,10,2,AB,A,6,stage.output_alloc,1,5.118e-06,4.835e-06,0.0004756357934614297
32,10,2,AB,A,6,stage.pivot_distance,2,0.000112033,0.000111495,0.010411665660192332
32,10,2,AB,A,6,stage.pivot_sort,2,0.000202841,0.000202214,0.018850808906117598
32,10,2,AB,A,6,stage.result_sort,1,0.002837725,0.002834298,0.263720903087209
32,10,2,AB,A,6,stage.schedule,10,0.000134166,0.000131473,0.012468572072205192
32,10,2,AB,A,6,stage.threshold,2,2.2196e-05,2.1653e-05,0.0020627612488608622
32,10,2,AB,A,7,stage.aggregate,1,1.6834e-05,1.6555e-05,0.0015324008936972206
32,10,2,AB,A,7,stage.alloc_init,1,0.002119372,0.002118956,0.1929266690552968
32,10,2,AB,A,7,stage.candidates,1,0.000157659,0.000157388,0.014351716318130576
32,10,2,AB,A,7,stage.cleanup,1,0.001407192,0.001406917,0.12809684438657357
32,10,2,AB,A,7,stage.delivery,1,4.16e-05,4.132e-05,0.0037868526302604483
32,10,2,AB,A,7,stage.leaf_distance,1,0.003537865,0.003537636,0.32205224472972066
32,10,2,AB,A,7,stage.node_plan,4,0.000100065,9.8934e-05,0.009108928087668552
32,10,2,AB,A,7,stage.node_prune,4,8.6388e-05,8.5312e-05,0.007863909255359125
32,10,2,AB,A,7,stage.output_alloc,1,4.44e-06,4.14e-06,0.00040417369419125935
32,10,2,AB,A,7,stage.pivot_distance,2,0.000109668,0.000109141,0.009983090246524107
32,10,2,AB,A,7,stage.pivot_sort,2,0.00020339,0.000202641,0.018514614338189243
32,10,2,AB,A,7,stage.result_sort,1,0.003040469,0.003040028,0.27677423148738833
32,10,2,AB,A,7,stage.schedule,10,0.000132489,0.000129843,0.012060488416600398
32,10,2,AB,A,7,stage.threshold,2,2.0762e-05,2.0224e-05,0.001889967170900659
32,10,2,AB,B,0,stage.aggregate,1,1.6696e-05,1.6413e-05,0.0014581316823211751
32,10,2,AB,B,0,stage.alloc_init,1,0.002113879,0.002113632,0.18461391605734326
32,10,2,AB,B,0,stage.candidates,1,0.000153186,0.000152886,0.013378375652135333
32,10,2,AB,B,0,stage.cleanup,1,0.00139143,0.001391009,0.12151941583206471
32,10,2,AB,B,0,stage.delivery,1,4.3904e-05,4.3612e-05,0.0038343203989356055
32,10,2,AB,B,0,stage.leaf_distance,1,0.00454225,0.004541831,0.39669373706416855
32,10,2,AB,B,0,stage.node_plan,4,0.000105762,0.000104467,0.009236638894684481
32,10,2,AB,B,0,stage.node_prune,4,7.9439e-05,7.8318e-05,0.006937740938662663
32,10,2,AB,B,0,stage.output_alloc,1,5.495e-06,5.192e-06,0.0004799013892162708
32,10,2,AB,B,0,stage.pivot_distance,2,0.000110986,0.000110411,0.00969287271766279
32,10,2,AB,B,0,stage.pivot_sort,2,0.000207685,0.000207081,0.018138001823363274
32,10,2,AB,B,0,stage.result_sort,1,0.002512004,0.002511598,0.2193838415499234
32,10,2,AB,B,0,stage.schedule,10,0.000134353,0.000131612,0.011733610799886012
32,10,2,AB,B,0,stage.threshold,2,2.2255e-05,2.1689e-05,0.0019436224598740866
32,10,2,AB,B,1,stage.aggregate,1,1.6092e-05,1.5798e-05,0.0014129406999535432
32,10,2,AB,B,1,stage.alloc_init,1,0.002107916,0.002107669,0.1850832903606309
32,10,2,AB,B,1,stage.candidates,1,0.000151147,0.000150857,0.01327129927764592
32,10,2,AB,B,1,stage.cleanup,1,0.001565945,0.001565644,0.13749611138383985
32,10,2,AB,B,1,stage.delivery,1,4.2727e-05,4.2424e-05,0.003751598141120745
32,10,2,AB,B,1,stage.leaf_distance,1,0.004549711,0.004549323,0.3994824661276618
32,10,2,AB,B,1,stage.node_plan,4,0.000101182,0.000100032,0.008884176354878162
32,10,2,AB,B,1,stage.node_prune,4,8.4048e-05,8.2933e-05,0.0073797439690340165
32,10,2,AB,B,1,stage.output_alloc,1,5.383e-06,5.084e-06,0.00047264850782065135
32,10,2,AB,B,1,stage.pivot_distance,2,0.000106223,0.000105661,0.009326795921648347
32,10,2,AB,B,1,stage.pivot_sort,2,0.000201892,0.000201129,0.017726909258949833
32,10,2,AB,B,1,stage.result_sort,1,0.002294391,0.002293982,0.2014565265664373
32,10,2,AB,B,1,stage.schedule,10,0.000132748,0.000130035,0.011655794931483526
32,10,2,AB,B,1,stage.threshold,2,2.0756e-05,2.0204e-05,0.0018224581884312538
32,10,2,AB,B,2,stage.aggregate,1,1.6745e-05,1.6428e-05,0.0013885597273066055
32,10,2,AB,B,2,stage.alloc_init,1,0.002115393,0.002114976,0.17541651401769498
32,10,2,AB,B,2,stage.candidates,1,0.000155505,0.000155224,0.01289507198535764
32,10,2,AB,B,2,stage.cleanup,1,0.001999009,0.001998745,0.16576550563890416
32,10,2,AB,B,2,stage.delivery,1,4.451e-05,4.424e-05,0.003690940188857391
32,10,2,AB,B,2,stage.leaf_distance,1,0.004563432,0.004562804,0.37841731224259406
32,10,2,AB,B,2,stage.node_plan,4,0.000104743,0.000103525,0.008685691938923606
32,10,2,AB,B,2,stage.node_prune,4,7.9601e-05,7.8461e-05,0.006600820713844915
32,10,2,AB,B,2,stage.output_alloc,1,4.717e-06,4.411e-06,0.00039115176074680546
32,10,2,AB,B,2,stage.pivot_distance,2,0.000111866,0.000111316,0.009276358462519004
32,10,2,AB,B,2,stage.pivot_sort,2,0.000202452,0.000201792,0.016788097576152693
32,10,2,AB,B,2,stage.result_sort,1,0.002502018,0.002501744,0.20747694426970548
32,10,2,AB,B,2,stage.schedule,10,0.000130482,0.000127705,0.01082006869742732
32,10,2,AB,B,2,stage.threshold,2,2.0271e-05,1.9726e-05,0.0016809491927281099
32,10,2,AB,B,3,stage.aggregate,1,1.7177e-05,1.6866e-05,0.0014719440707527188
32,10,2,AB,B,3,stage.alloc_init,1,0.002108937,0.002108672,0.18072057476515263
32,10,2,AB,B,3,stage.candidates,1,0.000153901,0.000153619,0.013188197265699144
32,10,2,AB,B,3,stage.cleanup,1,0.001625166,0.001620638,0.13926491574133512
32,10,2,AB,B,3,stage.delivery,1,3.924e-05,3.8959e-05,0.0033625828338089705
32,10,2,AB,B,3,stage.leaf_distance,1,0.004563837,0.004563599,0.3910876644368561
32,10,2,AB,B,3,stage.node_plan,4,0.000101681,0.000100501,0.008713322760563965
32,10,2,AB,B,3,stage.node_prune,4,7.9311e-05,7.8179e-05,0.006796376328547994
32,10,2,AB,B,3,stage.output_alloc,1,5.169e-06,4.882e-06,0.0004429457356768239
32,10,2,AB,B,3,stage.pivot_distance,2,0.000110101,0.000108616,0.009434855570468947
32,10,2,AB,B,3,stage.pivot_sort,2,0.000204309,0.000203689,0.01750779653905905
32,10,2,AB,B,3,stage.result_sort,1,0.002495302,0.002494833,0.2138292474609886
32,10,2,AB,B,3,stage.schedule,10,0.000136148,0.000133226,0.011666894180872165
32,10,2,AB,B,3,stage.threshold,2,2.1645e-05,2.1098e-05,0.0018548192007593063
32,10,2,AB,B,4,stage.aggregate,1,1.6094e-05,1.5815e-05,0.001372730663573772
32,10,2,AB,B,4,stage.alloc_init,1,0.002114601,0.002114326,0.1803639638327179
32,10,2,AB,B,4,stage.candidates,1,0.000153774,0.000153494,0.013116085812128324
32,10,2,AB,B,4,stage.cleanup,1,0.001781608,0.001781182,0.15196147210565064
32,10,2,AB,B,4,stage.delivery,1,4.253e-05,4.2243e-05,0.0036275776762639826
32,10,2,AB,B,4,stage.leaf_distance,1,0.004565261,0.004564902,0.38939193251630816
32,10,2,AB,B,4,stage.node_plan,4,0.000102498,0.000101105,0.008742521905988846
32,10,2,AB,B,4,stage.node_prune,4,8.0073e-05,7.8951e-05,0.006829791377180481
32,10,2,AB,B,4,stage.output_alloc,1,4.945e-06,4.647e-06,0.00042178160378851146
32,10,2,AB,B,4,stage.pivot_distance,2,0.000110216,0.000109639,0.009400825327230451
32,10,2,AB,B,4,stage.pivot_sort,2,0.000205963,0.000205339,0.017567523652394983
32,10,2,AB,B,4,stage.result_sort,1,0.002386692,0.002386283,0.2035718462101537
32,10,2,AB,B,4,stage.schedule,10,0.000131749,0.000128971,0.011237473107691121
32,10,2,AB,B,4,stage.threshold,2,2.0989e-05,2.0445e-05,0.0017902475393158882
32,10,2,AB,B,5,stage.aggregate,1,1.6632e-05,1.634e-05,0.0014466781418605696
32,10,2,AB,B,5,stage.alloc_init,1,0.002118356,0.002118081,0.18425801598600222
32,10,2,AB,B,5,stage.candidates,1,0.000151652,0.000151196,0.013190935159297685
32,10,2,AB,B,5,stage.cleanup,1,0.001623088,0.001622666,0.14117880783526865
32,10,2,AB,B,5,stage.delivery,1,4.1088e-05,4.08e-05,0.0035739004024030233
32,10,2,AB,B,5,stage.leaf_distance,1,0.004567498,0.004567088,0.39728833090379195
32,10,2,AB,B,5,stage.node_plan,4,9.4164e-05,9.2984e-05,0.008190536348614639
32,10,2,AB,B,5,stage.node_prune,4,7.6661e-05,7.5502e-05,0.0066680972242167584
32,10,2,AB,B,5,stage.output_alloc,1,4.272e-06,4e-06,0.0003715854390348938
32,10,2,AB,B,5,stage.pivot_distance,2,0.000106884,0.000106336,0.009296942431134266
32,10,2,AB,B,5,stage.pivot_sort,2,0.000198366,0.00019778,0.017254194101028967
32,10,2,AB,B,5,stage.result_sort,1,0.002345224,0.002344801,0.20399135994268955
32,10,2,AB,B,5,stage.schedule,10,0.000124905,0.000122194,0.010864438029647334
32,10,2,AB,B,5,stage.threshold,2,2.0599e-05,2.0031e-05,0.0017917341897658655
32,10,2,AB,B,6,stage.aggregate,1,1.721e-05,1.6919e-05,0.00149939235839607
32,10,2,AB,B,6,stage.alloc_init,1,0.002104934,0.002104531,0.18338884105334535
32,10,2,AB,B,6,stage.candidates,1,0.000151788,0.00015151,0.013224274683104165
32,10,2,AB,B,6,stage.cleanup,1,0.001385071,0.001384631,0.12067198566159229
32,10,2,AB,B,6,stage.delivery,1,4.663e-05,4.6343e-05,0.004062560469030142
32,10,2,AB,B,6,stage.leaf_distance,1,0.004567079,0.004566692,0.3978990908071566
32,10,2,AB,B,6,stage.node_plan,4,0.000105356,0.000104191,0.009178964631677881
32,10,2,AB,B,6,stage.node_prune,4,8.1835e-05,8.0581e-05,0.007129736992989099
32,10,2,AB,B,6,stage.output_alloc,1,5.052e-06,4.765e-06,0.0004401470188621119
32,10,2,AB,B,6,stage.pivot_distance,2,0.000109147,0.000108587,0.00950924914246693
32,10,2,AB,B,6,stage.pivot_sort,2,0.00020766,0.000207089,0.01809202888695688
32,10,2,AB,B,6,stage.result_sort,1,0.002529476,0.002302019,0.22037635009565704
32,10,2,AB,B,6,stage.schedule,10,0.000136454,0.000133715,0.011888325675338601
32,10,2,AB,B,6,stage.threshold,2,2.1432e-05,2.0876e-05,0.0018672270206359428
32,10,2,AB,B,7,stage.aggregate,1,1.6499e-05,1.6205e-05,0.001439602820047466
32,10,2,AB,B,7,stage.alloc_init,1,0.002099735,0.002099312,0.1832101598492252
32,10,2,AB,B,7,stage.candidates,1,0.000148259,0.000147823,0.012936182465447438
32,10,2,AB,B,7,stage.cleanup,1,0.001606006,0.001605575,0.14013035739215413
32,10,2,AB,B,7,stage.delivery,1,4.3666e-05,4.3385e-05,0.003810030713388245
32,10,2,AB,B,7,stage.leaf_distance,1,0.004560885,0.004560623,0.3979552038252129
32,10,2,AB,B,7,stage.node_plan,4,8.8951e-05,8.7803e-05,0.007761325561915398
32,10,2,AB,B,7,stage.node_prune,4,7.3417e-05,7.227e-05,0.006405922797710457
32,10,2,AB,B,7,stage.output_alloc,1,4.705e-06,4.398e-06,0.0004105298059472288
32,10,2,AB,B,7,stage.pivot_distance,2,0.000105808,0.000105269,0.009232165293871284
32,10,2,AB,B,7,stage.pivot_sort,2,0.000200698,0.000200078,0.017511692028479686
32,10,2,AB,B,7,stage.result_sort,1,0.002374006,0.002373575,0.20714138629066034
32,10,2,AB,B,7,stage.schedule,10,0.000112965,0.000110286,0.009856641770208013
32,10,2,AB,B,7,stage.threshold,2,1.7076e-05,1.6529e-05,0.0014899483456652241
32,10,3,BA,B,0,stage.aggregate,1,1.6558e-05,1.6298e-05,0.0014410245181296862
32,10,3,BA,B,0,stage.alloc_init,1,0.002118952,0.002118685,0.18441006068002988
32,10,3,BA,B,0,stage.candidates,1,0.000151585,0.000151309,0.01319227573261798
32,10,3,BA,B,0,stage.cleanup,1,0.001424222,0.001423807,0.12394847332163897
32,10,3,BA,B,0,stage.delivery,1,3.8402e-05,3.8106e-05,0.0033420837990829943
32,10,3,BA,B,0,stage.leaf_distance,1,0.004549672,0.004549287,0.39595294730330516
32,10,3,BA,B,0,stage.node_plan,4,0.000100881,9.9764e-05,0.008779562411730939
32,10,3,BA,B,0,stage.node_prune,4,7.8908e-05,7.7792e-05,0.006867276402740505
32,10,3,BA,B,0,stage.output_alloc,1,5.159e-06,4.859e-06,0.0004489820925855207
32,10,3,BA,B,0,stage.pivot_distance,2,0.000110544,0.000109997,0.009620522667721225
32,10,3,BA,B,0,stage.pivot_sort,2,0.00020326,0.000202683,0.01768949411493176
32,10,3,BA,B,0,stage.result_sort,1,0.002524906,0.002524519,0.21973979055276927
32,10,3,BA,B,0,stage.schedule,10,0.000134933,0.000132087,0.011743070497934108
32,10,3,BA,B,0,stage.threshold,2,2.2263e-05,2.1721e-05,0.0019375243898490885
32,10,3,BA,B,1,stage.aggregate,1,1.7003e-05,1.6736e-05,0.0014929628441649018
32,10,3,BA,B,1,stage.alloc_init,1,0.002110046,0.002109636,0.1852743796670455
32,10,3,BA,B,1,stage.candidates,1,0.000154524,0.000154252,0.013568110952875218
32,10,3,BA,B,1,stage.cleanup,1,0.001563116,0.001562693,0.13725072687876638
32,10,3,BA,B,1,stage.delivery,1,4.4125e-05,4.3852e-05,0.0038744330705626244
32,10,3,BA,B,1,stage.leaf_distance,1,0.004547231,0.004546849,0.3992734768473099
32,10,3,BA,B,1,stage.node_plan,4,0.00010114,9.9998e-05,0.00888068352989697
32,10,3,BA,B,1,stage.node_prune,4,7.9583e-05,7.8482e-05,0.006987852851095417
32,10,3,BA,B,1,stage.output_alloc,1,4.871e-06,4.536e-06,0.0004277022886506638
32,10,3,BA,B,1,stage.pivot_distance,2,0.000112274,0.000111727,0.009858313848483808
32,10,3,BA,B,1,stage.pivot_sort,2,0.000200856,0.000200251,0.01763633153135244
32,10,3,BA,B,1,stage.result_sort,1,0.002293532,0.002293117,0.2013855236077878
32,10,3,BA,B,1,stage.schedule,10,0.000130025,0.00012738,0.011416955467419948
32,10,3,BA,B,1,stage.threshold,2,2.1435e-05,2.0722e-05,0.001882118365269345
32,10,3,BA,B,2,stage.aggregate,1,1.6712e-05,1.6439e-05,0.0014000929932517058
32,10,3,BA,B,2,stage.alloc_init,1,0.002113128,0.002112663,0.1770330126043556
32,10,3,BA,B,2,stage.candidates,1,0.000153842,0.000153549,0.012888529575624039
32,10,3,BA,B,2,stage.cleanup,1,0.001952109,0.001951834,0.16354321044540418
32,10,3,BA,B,2,stage.delivery,1,3.8466e-05,3.8176e-05,0.0032225931712793273
32,10,3,BA,B,2,stage.leaf_distance,1,0.004551756,0.00455153,0.38133566793869145
32,10,3,BA,B,2,stage.node_plan,4,0.000106531,0.000105237,0.008924922610345708
32,10,3,BA,B,2,stage.node_prune,4,8.0324e-05,7.9255e-05,0.006729360315339278
32,10,3,BA,B,2,stage.output_alloc,1,4.899e-06,4.613e-06,0.00041042697306965695
32,10,3,BA,B,2,stage.pivot_distance,2,0.000109926,0.000109355,0.009209347916239051
32,10,3,BA,B,2,stage.pivot_sort,2,0.000207686,0.000207083,0.017399456282699486
32,10,3,BA,B,2,stage.result_sort,1,0.002438489,0.002438218,0.20429101023344656
32,10,3,BA,B,2,stage.schedule,10,0.00013262,0.00012996,0.011110599136251868
32,10,3,BA,B,2,stage.threshold,2,2.1027e-05,2.0482e-05,0.0017615937870454536
32,10,3,BA,B,3,stage.aggregate,1,1.6707e-05,1.6447e-05,0.0013973554711062652
32,10,3,BA,B,3,stage.alloc_init,1,0.00211401,0.00211369,0.1768135176556746
32,10,3,BA,B,3,stage.candidates,1,0.000151847,0.000151562,0.01270031940031562
32,10,3,BA,B,3,stage.cleanup,1,0.001944268,0.001943844,0.16261647974482768
32,10,3,BA,B,3,stage.delivery,1,4.2496e-05,4.2221e-05,0.0035543196324972675
32,10,3,BA,B,3,stage.leaf_distance,1,0.00455908,0.004558717,0.38131653685348366
32,10,3,BA,B,3,stage.node_plan,4,0.000101539,0.000100394,0.008492612508568807
32,10,3,BA,B,3,stage.node_prune,4,7.8675e-05,7.7583e-05,0.006580292194247047
32,10,3,BA,B,3,stage.output_alloc,1,4.818e-06,4.529e-06,0.0004029723265571309
32,10,3,BA,B,3,stage.pivot_distance,2,0.000109066,0.000108378,0.00912216267502699
32,10,3,BA,B,3,stage.pivot_sort,2,0.000206953,0.000206323,0.017309325840178063
32,10,3,BA,B,3,stage.result_sort,1,0.002463939,0.002463523,0.20608120201844138
32,10,3,BA,B,3,stage.schedule,10,0.000133259,0.000130558,0.011145639116786364
32,10,3,BA,B,3,stage.threshold,2,2.1887e-05,2.1352e-05,0.0018306050874545294
32,10,3,BA,B,4,stage.aggregate,1,1.6207e-05,1.5933e-05,0.0013560686309455078
32,10,3,BA,B,4,stage.alloc_init,1,0.002113119,0.002112697,0.17680844014036778
32,10,3,BA,B,4,stage.candidates,1,0.000152199,0.000151916,0.012734762112746057
32,10,3,BA,B,4,stage.cleanup,1,0.001930232,0.001929955,0.16150595826786016
32,10,3,BA,B,4,stage.delivery,1,4.2236e-05,4.196e-05,0.003533961541100418
32,10,3,BA,B,4,stage.leaf_distance,1,0.004566241,0.004565851,0.3820655384363082
32,10,3,BA,B,4,stage.node_plan,4,9.7781e-05,9.6663e-05,0.00818151087816886
32,10,3,BA,B,4,stage.node_prune,4,7.5842e-05,7.4722e-05,0.006345835571553601
32,10,3,BA,B,4,stage.output_alloc,1,4.264e-06,3.977e-06,0.00035677649425258504
32,10,3,BA,B,4,stage.pivot_distance,2,0.000107429,0.000106878,0.008988776266665327
32,10,3,BA,B,4,stage.pivot_sort,2,0.000201642,0.000200902,0.016871746213433337
32,10,3,BA,B,4,stage.result_sort,1,0.002496392,0.002495967,0.20887757646346136
32,10,3,BA,B,4,stage.schedule,10,0.000120481,0.00011779,0.010080860413706778
32,10,3,BA,B,4,stage.threshold,2,2.0288e-05,1.9749e-05,0.0016975331884138004
32,10,3,BA,B,5,stage.aggregate,1,1.7015e-05,1.6723e-05,0.0014332152843502491
32,10,3,BA,B,5,stage.alloc_init,1,0.002117628,0.002117359,0.17837301299841607
32,10,3,BA,B,5,stage.candidates,1,0.00015264,0.000152366,0.01285724249210826
32,10,3,BA,B,5,stage.cleanup,1,0.001890538,0.001890272,0.1592446639579754
32,10,3,BA,B,5,stage.delivery,1,4.0453e-05,4.0173e-05,0.003407455650768183
32,10,3,BA,B,5,stage.leaf_distance,1,0.004565947,0.004565559,0.3846009419884318
32,10,3,BA,B,5,stage.node_plan,4,0.00010016,9.9033e-05,0.008436723060859299
32,10,3,BA,B,5,stage.node_prune,4,7.8898e-05,7.7813e-05,0.006645772524517542
32,10,3,BA,B,5,stage.output_alloc,1,4.282e-06,3.991e-06,0.000360683388045123
32,10,3,BA,B,5,stage.pivot_distance,2,0.000108482,0.000107947,0.009137705581950263
32,10,3,BA,B,5,stage.pivot_sort,2,0.000202117,0.000201376,0.017024811849957057
32,10,3,BA,B,5,stage.result_sort,1,0.002435867,0.002435595,0.2051790664145982
32,10,3,BA,B,5,stage.schedule,10,0.00012943,0.000126702,0.010902207126268163
32,10,3,BA,B,5,stage.threshold,2,2.175e-05,2.1209e-05,0.0018320559761750175
32,10,3,BA,B,6,stage.aggregate,1,1.7032e-05,1.6754e-05,0.0014498828482400335
32,10,3,BA,B,6,stage.alloc_init,1,0.002106674,0.002106248,0.1793348109108281
32,10,3,BA,B,6,stage.candidates,1,0.000153648,0.000153371,0.01307959134959985
32,10,3,BA,B,6,stage.cleanup,1,0.001795675,0.001795253,0.15286040297753772
32,10,3,BA,B,6,stage.delivery,1,4.4675e-05,4.4399e-05,0.0038030481590607974
32,10,3,BA,B,6,stage.leaf_distance,1,0.004567305,0.00456694,0.3888009148767582
32,10,3,BA,B,6,stage.node_plan,4,0.000102418,0.000101271,0.008718535788577252
32,10,3,BA,B,6,stage.node_prune,4,7.9656e-05,7.8545e-05,0.006780875302924384
32,10,3,BA,B,6,stage.output_alloc,1,5.029e-06,4.723e-06,0.0004281036192930442
32,10,3,BA,B,6,stage.pivot_distance,2,0.000108761,0.000108205,0.009258496269224653
32,10,3,BA,B,6,stage.pivot_sort,2,0.000205251,0.000204651,0.017472399276897317
32,10,3,BA,B,6,stage.result_sort,1,0.002392624,0.002392192,0.20367687293843717
32,10,3,BA,B,6,stage.schedule,10,0.000138247,0.0001354,0.011768550617698445
32,10,3,BA,B,6,stage.threshold,2,2.1197e-05,2.0649e-05,0.0018044367504781583
32,10,3,BA,B,7,stage.aggregate,1,1.645e-05,1.6189e-05,0.0014335643158390554
32,10,3,BA,B,7,stage.alloc_init,1,0.002111852,0.002111438,0.18404107401418487
32,10,3,BA,B,7,stage.candidates,1,0.000152667,0.000152393,0.013304435465422558
32,10,3,BA,B,7,stage.cleanup,1,0.00161829,0.001617846,0.14102874143946414
32,10,3,BA,B,7,stage.delivery,1,4.7916e-05,4.7635e-05,0.004175724483753446
32,10,3,BA,B,7,stage.leaf_distance,1,0.004565446,0.004565067,0.3978638584492494
32,10,3,BA,B,7,stage.node_plan,4,0.000100961,9.9847e-05,0.008798424735041149
32,10,3,BA,B,7,stage.node_prune,4,8.1113e-05,7.9866e-05,0.007068735705206888
32,10,3,BA,B,7,stage.output_alloc,1,4.29e-06,4.002e-06,0.0003738596300881184
32,10,3,BA,B,7,stage.pivot_distance,2,0.000109124,0.00010858,0.009509803793411617
32,10,3,BA,B,7,stage.pivot_sort,2,0.000200058,0.000199482,0.017434407896542842
32,10,3,BA,B,7,stage.result_sort,1,0.002303883,0.002303479,0.20077595481265842
32,10,3,BA,B,7,stage.schedule,10,0.000134402,0.000131705,0.011712699767623144
32,10,3,BA,B,7,stage.threshold,2,2.085e-05,2.0316e-05,0.0018170100902884076
32,10,3,BA,A,0,stage.aggregate,1,1.6655e-05,1.6375e-05,0.0015462222508576867
32,10,3,BA,A,0,stage.alloc_init,1,0.002117864,0.002117538,0.19661893972323413
32,10,3,BA,A,0,stage.candidates,1,0.000155981,0.000155684,0.014481014284661234
32,10,3,BA,A,0,stage.cleanup,1,0.001408704,0.001408291,0.1307817153811004
32,10,3,BA,A,0,stage.delivery,1,4.3168e-05,4.2886e-05,0.004007644678776621
32,10,3,BA,A,0,stage.leaf_distance,1,0.003521579,0.003521169,0.32693748471649126
32,10,3,BA,A,0,stage.node_plan,4,0.00010282,0.000101679,0.009545636255370001
32,10,3,BA,A,0,stage.node_prune,4,8.3543e-05,8.226e-05,0.00775599192455141
32,10,3,BA,A,0,stage.output_alloc,1,5.406e-06,5.104e-06,0.0005018839680658454
32,10,3,BA,A,0,stage.pivot_distance,2,0.000108268,0.000107723,0.010051419432954671
32,10,3,BA,A,0,stage.pivot_sort,2,0.000203945,0.000203328,0.018933911555158868
32,10,3,BA,A,0,stage.result_sort,1,0.002838,0.002837736,0.2634751574862873
32,10,3,BA,A,0,stage.schedule,10,0.000133754,0.000131091,0.012417496904306158
32,10,3,BA,A,0,stage.threshold,2,2.1191e-05,2.0637e-05,0.001967336878890738
32,10,3,BA,A,1,stage.aggregate,1,1.6976e-05,1.6699e-05,0.0015506623381605798
32,10,3,BA,A,1,stage.alloc_init,1,0.00210729,0.002106846,0.19248911631611734
32,10,3,BA,A,1,stage.candidates,1,0.00015368,0.00015339,0.014037805615487625
32,10,3,BA,A,1,stage.cleanup,1,0.001385843,0.001385377,0.12658898130911125
32,10,3,BA,A,1,stage.delivery,1,4.1853e-05,4.157e-05,0.003823036689387061
32,10,3,BA,A,1,stage.leaf_distance,1,0.00352536,0.003524978,0.3220218532314904
32,10,3,BA,A,1,stage.node_plan,4,0.000101047,9.9918e-05,0.009230076418715368
32,10,3,BA,A,1,stage.node_prune,4,7.9281e-05,7.8156e-05,0.007241874459926303
32,10,3,BA,A,1,stage.output_alloc,1,5.041e-06,4.731e-06,0.00046046706212697234
32,10,3,BA,A,1,stage.pivot_distance,2,0.000112543,0.000111977,0.010280171508223735
32,10,3,BA,A,1,stage.pivot_sort,2,0.000203873,0.000203117,0.018622654504465826
32,10,3,BA,A,1,stage.result_sort,1,0.003052308,0.003051877,0.2788112075910841
32,10,3,BA,A,1,stage.schedule,10,0.000131903,0.000129224,0.012048598868425716
32,10,3,BA,A,1,stage.threshold,2,2.1761e-05,2.1197e-05,0.001987745236846865
32,10,3,BA,A,2,stage.aggregate,1,1.7934e-05,1.7666e-05,0.0016391545713438053
32,10,3,BA,A,2,stage.alloc_init,1,0.002114341,0.002113867,0.19324923137780933
32,10,3,BA,A,2,stage.candidates,1,0.000153392,0.000153118,0.014019917364088823
32,10,3,BA,A,2,stage.cleanup,1,0.001375201,0.001374748,0.12569237234674763
32,10,3,BA,A,2,stage.delivery,1,4.3889e-05,4.3603e-05,0.004011422715607687
32,10,3,BA,A,2,stage.leaf_distance,1,0.003526304,0.003525902,0.3223016238177733
32,10,3,BA,A,2,stage.node_plan,4,0.000101386,0.000100229,0.009266606745302946
32,10,3,BA,A,2,stage.node_prune,4,8.1409e-05,7.9585e-05,0.007440723458153666
32,10,3,BA,A,2,stage.output_alloc,1,4.681e-06,4.362e-06,0.00042783999935654913
32,10,3,BA,A,2,stage.pivot_distance,2,0.000110332,0.000109748,0.010084264646230886
32,10,3,BA,A,2,stage.pivot_sort,2,0.000206081,0.000205435,0.018835653686690237
32,10,3,BA,A,2,stage.result_sort,1,0.003045044,0.003044641,0.2783148094425686
32,10,3,BA,A,2,stage.schedule,10,0.000130498,0.000127814,0.011927422396075827
32,10,3,BA,A,2,stage.threshold,2,2.1113e-05,2.0546e-05,0.0019297128618702888
32,10,3,BA,A,3,stage.aggregate,1,1.5156e-05,1.4876e-05,0.001316029062047957
32,10,3,BA,A,3,stage.alloc_init,1,0.00210793,0.002107485,0.1830362325655021
32,10,3,BA,A,3,stage.candidates,1,0.000154573,0.000154295,0.013421916086562341
32,10,3,BA,A,3,stage.cleanup,1,0.001998714,0.001998282,0.17355276528913435
32,10,3,BA,A,3,stage.delivery,1,4.3092e-05,4.279e-05,0.0037417738414997734
32,10,3,BA,A,3,stage.leaf_distance,1,0.003530927,0.003530533,0.3065982150943393
32,10,3,BA,A,3,stage.node_plan,4,9.9777e-05,9.864e-05,0.008663857991815717
32,10,3,BA,A,3,stage.node_prune,4,8.0645e-05,7.9516e-05,0.007002584039908781
32,10,3,BA,A,3,stage.output_alloc,1,4.715e-06,4.417e-06,0.0004094138973051014
32,10,3,BA,A,3,stage.pivot_distance,2,0.000109889,0.000109304,0.009541905357573762
32,10,3,BA,A,3,stage.pivot_sort,2,0.000204303,0.000203724,0.01774008217627235
32,10,3,BA,A,3,stage.result_sort,1,0.003005781,0.003005331,0.2609986243172057
32,10,3,BA,A,3,stage.schedule,10,0.000132491,0.000129689,0.01150448709816547
32,10,3,BA,A,3,stage.threshold,2,2.0498e-05,1.995e-05,0.0017798867586341397
32,10,3,BA,A,4,stage.aggregate,1,1.6929e-05,1.6637e-05,0.0015349819753637615
32,10,3,BA,A,4,stage.alloc_init,1,0.002117735,0.002117236,0.1920187284303252
32,10,3,BA,A,4,stage.candidates,1,0.000155776,0.000155498,0.014124481788307951
32,10,3,BA,A,4,stage.cleanup,1,0.001643651,0.001643231,0.14903270475448177
32,10,3,BA,A,4,stage.delivery,1,4.7645e-05,4.7363e-05,0.004320055302510864
32,10,3,BA,A,4,stage.leaf_distance,1,0.00353924,0.00353884,0.32090906766415256
32,10,3,BA,A,4,stage.node_plan,4,0.000103964,0.000102652,0.009426597323333811
32,10,3,BA,A,4,stage.node_prune,4,7.8937e-05,7.7821e-05,0.007157355554922869
32,10,3,BA,A,4,stage.output_alloc,1,4.366e-06,4.068e-06,0.00039587283976833735
32,10,3,BA,A,4,stage.pivot_distance,2,0.000110135,0.000109571,0.009986132663281225
32,10,3,BA,A,4,stage.pivot_sort,2,0.000206571,0.000206005,0.018730153088361248
32,10,3,BA,A,4,stage.result_sort,1,0.002843048,0.002842641,0.2577841239939743
32,10,3,BA,A,4,stage.schedule,10,0.000130938,0.00012827,0.011872376979749555
32,10,3,BA,A,4,stage.threshold,2,2.2063e-05,2.1496e-05,0.0020004907154853014
32,10,3,BA,A,5,stage.aggregate,1,1.6401e-05,1.6107e-05,0.0014851252495469514
32,10,3,BA,A,5,stage.alloc_init,1,0.002106034,0.002105615,0.1907032662523239
32,10,3,BA,A,5,stage.candidates,1,0.000153525,0.000153238,0.01390182634819192
32,10,3,BA,A,5,stage.cleanup,1,0.001664217,0.001663786,0.150696340919778
32,10,3,BA,A,5,stage.delivery,1,4.1122e-05,4.0836e-05,0.003723633955970351
32,10,3,BA,A,5,stage.leaf_distance,1,0.00353722,0.003536864,0.32029844126592694
32,10,3,BA,A,5,stage.node_plan,4,9.6337e-05,9.5215e-05,0.008723401692921446
32,10,3,BA,A,5,stage.node_prune,4,8.1949e-05,8.0645e-05,0.007420555397544242
32,10,3,BA,A,5,stage.output_alloc,1,4.163e-06,3.859e-06,0.0003769633811270019
32,10,3,BA,A,5,stage.pivot_distance,2,0.000109942,0.000109368,0.009955346636527706
32,10,3,BA,A,5,stage.pivot_sort,2,0.000204302,0.000203744,0.018499729207544738
32,10,3,BA,A,5,stage.result_sort,1,0.002876933,0.002876534,0.2605088616276361
32,10,3,BA,A,5,stage.schedule,10,0.000124462,0.000121813,0.011270145650211123
32,10,3,BA,A,5,stage.threshold,2,1.9497e-05,1.8944e-05,0.001765470824365399
32,10,3,BA,A,6,stage.aggregate,1,1.7055e-05,1.6764e-05,0.0015411833468700828
32,10,3,BA,A,6,stage.alloc_init,1,0.00210564,0.002105187,0.19027717985948528
32,10,3,BA,A,6,stage.candidates,1,0.000156069,0.000155792,0.014103250880250188
32,10,3,BA,A,6,stage.cleanup,1,0.001674261,0.001673836,0.15129540730073596
32,10,3,BA,A,6,stage.delivery,1,4.3741e-05,4.3461e-05,0.00395267667988533
32,10,3,BA,A,6,stage.leaf_distance,1,0.003539601,0.003539191,0.31985776111197256
32,10,3,BA,A,6,stage.node_plan,4,0.000103647,0.000102499,0.009366111424980563
32,10,3,BA,A,6,stage.node_prune,4,7.9734e-05,7.8612e-05,0.007205201581902034
32,10,3,BA,A,6,stage.output_alloc,1,4.778e-06,4.482e-06,0.00043176628738465295
32,10,3,BA,A,6,stage.pivot_distance,2,0.000108263,0.000107721,0.009783238503793363
32,10,3,BA,A,6,stage.pivot_sort,2,0.000203997,0.000203358,0.01843428784587841
32,10,3,BA,A,6,stage.result_sort,1,0.002864912,0.002864468,0.25888916239509013
32,10,3,BA,A,6,stage.schedule,10,0.000133733,0.000131061,0.012084847407034699
32,10,3,BA,A,6,stage.threshold,2,2.2046e-05,2.148e-05,0.001992197482562172
32,10,3,BA,A,7,stage.aggregate,1,1.6691e-05,1.6406e-05,0.0014854738880639223
32,10,3,BA,A,7,stage.alloc_init,1,0.002111504,0.00211108,0.18792067920091812
32,10,3,BA,A,7,stage.candidates,1,0.000154829,0.000154549,0.013779548056740101
32,10,3,BA,A,7,stage.cleanup,1,0.001778869,0.001778429,0.15831666465678398
32,10,3,BA,A,7,stage.delivery,1,4.2506e-05,4.223e-05,0.003782970048891324
32,10,3,BA,A,7,stage.leaf_distance,1,0.003535832,0.003535428,0.3146837282715736
32,10,3,BA,A,7,stage.node_plan,4,0.000100547,9.9391e-05,0.008948531725071188
32,10,3,BA,A,7,stage.node_prune,4,8.0194e-05,7.9057e-05,0.007137145346557917
32,10,3,BA,A,7,stage.output_alloc,1,4.431e-06,4.137e-06,0.0003943523334738026
32,10,3,BA,A,7,stage.pivot_distance,2,0.000108931,0.000108384,0.009694695111179147
32,10,3,BA,A,7,stage.pivot_sort,2,0.000205261,0.000204707,0.018267920180809347
32,10,3,BA,A,7,stage.result_sort,1,0.002935034,0.002934613,0.26121361018391986
32,10,3,BA,A,7,stage.schedule,10,0.000133106,0.000130435,0.011846233739418635
32,10,3,BA,A,7,stage.threshold,2,2.0614e-05,2.0066e-05,0.0018346149858336645
32,10,4,AB,A,0,stage.aggregate,1,2.11e-05,2.0817e-05,0.0018511272575418086
32,10,4,AB,A,0,stage.alloc_init,1,0.002125474,0.00212506,0.18647027756381127
32,10,4,AB,A,0,stage.candidates,1,0.000157072,0.000156778,0.013780107137279948
32,10,4,AB,A,0,stage.cleanup,1,0.001537067,0.001536696,0.1348486549937448
32,10,4,AB,A,0,stage.delivery,1,4.1303e-05,4.1017e-05,0.0036235596738506785
32,10,4,AB,A,0,stage.leaf_distance,1,0.003524755,0.00352434,0.3092308083723591
32,10,4,AB,A,0,stage.node_plan,4,0.000101289,0.000100109,0.008886200416547498
32,10,4,AB,A,0,stage.node_prune,4,8.0238e-05,7.9142e-05,0.007039371985338371
32,10,4,AB,A,0,stage.output_alloc,1,4.875e-06,4.559e-06,0.0004276893545268396
32,10,4,AB,A,0,stage.pivot_distance,2,0.000108767,0.0001082,0.009542253953604259
32,10,4,AB,A,0,stage.pivot_sort,2,0.00020713,0.000206509,0.01817175302628601
32,10,4,AB,A,0,stage.result_sort,1,0.00332424,0.003323805,0.2916393969009849
32,10,4,AB,A,0,stage.schedule,10,0.000133921,0.000131039,0.011749043291813106
32,10,4,AB,A,0,stage.threshold,2,2.0787e-05,2.023e-05,0.001823667407702444
32,10,4,AB,A,1,stage.aggregate,1,2.2063e-05,2.1802e-05,0.0018587799064063919
32,10,4,AB,A,1,stage.alloc_init,1,0.002115083,0.002114801,0.17819307350685537
32,10,4,AB,A,1,stage.candidates,1,0.00015641,0.000156126,0.013177345109958926
32,10,4,AB,A,1,stage.cleanup,1,0.001893863,0.001893483,0.1595555676873738
32,10,4,AB,A,1,stage.delivery,1,3.6261e-05,3.5976e-05,0.003054943488474014
32,10,4,AB,A,1,stage.leaf_distance,1,0.003531525,0.003531124,0.29752652445142697
32,10,4,AB,A,1,stage.node_plan,4,0.000106988,0.00010586,0.009013603980719171
32,10,4,AB,A,1,stage.node_prune,4,8.1126e-05,8.0058e-05,0.006834763118665863
32,10,4,AB,A,1,stage.output_alloc,1,5.493e-06,5.178e-06,0.0004627783178121883
32,10,4,AB,A,1,stage.pivot_distance,2,0.000108652,0.000108113,0.009153793880744563
32,10,4,AB,A,1,stage.pivot_sort,2,0.000206921,0.000206128,0.017432833114876353
32,10,4,AB,A,1,stage.result_sort,1,0.003443332,0.003442882,0.29009637550134315
32,10,4,AB,A,1,stage.schedule,10,0.000131642,0.000128913,0.011090672367273275
32,10,4,AB,A,1,stage.threshold,2,2.1664e-05,2.1125e-05,0.0018251646599459763
32,10,4,AB,A,2,stage.aggregate,1,2.2145e-05,2.1874e-05,0.0018849017455066861
32,10,4,AB,A,2,stage.alloc_init,1,0.002116818,0.002116348,0.18017583847911367
32,10,4,AB,A,2,stage.candidates,1,0.000156801,0.000156518,0.013346330033740977
32,10,4,AB,A,2,stage.cleanup,1,0.001803394,0.001802968,0.1534983291233364
32,10,4,AB,A,2,stage.delivery,1,3.9452e-05,3.9175e-05,0.0033580105515344225
32,10,4,AB,A,2,stage.leaf_distance,1,0.00352918,0.003528842,0.3003909479434313
32,10,4,AB,A,2,stage.node_plan,4,0.000100946,9.9784e-05,0.00859215586371271
32,10,4,AB,A,2,stage.node_prune,4,7.9872e-05,7.8797e-05,0.0067984137375077915
32,10,4,AB,A,2,stage.output_alloc,1,5.249e-06,4.948e-06,0.0004467757625723457
32,10,4,AB,A,2,stage.pivot_distance,2,0.000110493,0.000109942,0.00940476173250261
32,10,4,AB,A,2,stage.pivot_sort,2,0.000201587,0.000201001,0.01715835123826852
32,10,4,AB,A,2,stage.result_sort,1,0.003420521,0.003420125,0.2911422896113017
32,10,4,AB,A,2,stage.schedule,10,0.000132802,0.000129878,0.011303622560703499
32,10,4,AB,A,2,stage.threshold,2,2.1274e-05,2.0705e-05,0.0018107653977832126
32,10,4,AB,A,3,stage.aggregate,1,2.1897e-05,2.1632e-05,0.001922311978495951
32,10,4,AB,A,3,stage.alloc_init,1,0.002117716,0.002117356,0.1859118068161178
32,10,4,AB,A,3,stage.candidates,1,0.000154693,0.000154398,0.013580317253024346
32,10,4,AB,A,3,stage.cleanup,1,0.001559382,0.001558912,0.1368963190231983
32,10,4,AB,A,3,stage.delivery,1,4.0185e-05,3.9901e-05,0.003527794074798365
32,10,4,AB,A,3,stage.leaf_distance,1,0.00353176,0.00353138,0.3100490730772645
32,10,4,AB,A,3,stage.node_plan,4,9.9696e-05,9.8538e-05,0.008752195049921557
32,10,4,AB,A,3,stage.node_prune,4,8.0641e-05,7.9371e-05,0.007079378922130519
32,10,4,AB,A,3,stage.output_alloc,1,4.658e-06,4.357e-06,0.0004089203633298689
32,10,4,AB,A,3,stage.pivot_distance,2,0.000107054,0.000106488,0.009398145250303946
32,10,4,AB,A,3,stage.pivot_sort,2,0.000204189,0.000203567,0.01792551311033976
32,10,4,AB,A,3,stage.result_sort,1,0.003311903,0.00331151,0.2907480846013918
32,10,4,AB,A,3,stage.schedule,10,0.000128901,0.000126123,0.011316067787373
32,10,4,AB,A,3,stage.threshold,2,2.0597e-05,2.0043e-05,0.0018081865013965886
32,10,4,AB,A,4,stage.aggregate,1,2.2054e-05,2.1777e-05,0.0018486347521371748
32,10,4,AB,A,4,stage.alloc_init,1,0.002116464,0.00211603,0.17740858356974945
32,10,4,AB,A,4,stage.candidates,1,0.000161119,0.000160835,0.013505494814074067
32,10,4,AB,A,4,stage.cleanup,1,0.001939052,0.001938635,0.16253735890999788
32,10,4,AB,A,4,stage.delivery,1,3.9279e-05,3.8998e-05,0.0032924877314408313
32,10,4,AB,A,4,stage.leaf_distance,1,0.003531982,0.003531604,0.29606169715801955
32,10,4,AB,A,4,stage.node_plan,4,0.000105586,0.000104251,0.00885054633804098
32,10,4,AB,A,4,stage.node_prune,4,8.2486e-05,8.1382e-05,0.00691423261833622
32,10,4,AB,A,4,stage.output_alloc,1,4.703e-06,4.402e-06,0.0003942200616351289
32,10,4,AB,A,4,stage.pivot_distance,2,0.000108672,0.000108105,0.009109224439296775
32,10,4,AB,A,4,stage.pivot_sort,2,0.000205542,0.000204955,0.01722916859634439
32,10,4,AB,A,4,stage.result_sort,1,0.00344922,0.003448826,0.28912432936277255
32,10,4,AB,A,4,stage.schedule,10,0.000133025,0.000130324,0.011150568509252185
32,10,4,AB,A,4,stage.threshold,2,2.2215e-05,2.1653e-05,0.0018621302720017838
32,10,4,AB,A,5,stage.aggregate,1,2.1342e-05,2.1064e-05,0.0017838215857456756
32,10,4,AB,A,5,stage.alloc_init,1,0.002119001,0.002118617,0.1771117854004626
32,10,4,AB,A,5,stage.candidates,1,0.000156346,0.000156054,0.01306781790108675
32,10,4,AB,A,5,stage.cleanup,1,0.001934444,0.001933996,0.16168601647531664
32,10,4,AB,A,5,stage.delivery,1,3.9104e-05,3.8821e-05,0.003268417172195619
32,10,4,AB,A,5,stage.leaf_distance,1,0.003539597,0.003539215,0.29584900822044025
32,10,4,AB,A,5,stage.node_plan,4,0.000101491,0.000100311,0.008482889914671275
32,10,4,AB,A,5,stage.node_prune,4,8.0908e-05,7.9789e-05,0.006762507584083551
32,10,4,AB,A,5,stage.output_alloc,1,4.544e-06,4.24e-06,0.00037979970413402447
32,10,4,AB,A,5,stage.pivot_distance,2,0.000112513,0.000111793,0.009404138228704114
32,10,4,AB,A,5,stage.pivot_sort,2,0.000203683,0.000203107,0.017024371288981186
32,10,4,AB,A,5,stage.result_sort,1,0.003492906,0.003492488,0.29194644924470925
32,10,4,AB,A,5,stage.schedule,10,0.000129793,0.000126973,0.010848446962734912
32,10,4,AB,A,5,stage.threshold,2,2.0872e-05,2.0317e-05,0.0017445377255029398
32,10,4,AB,A,6,stage.aggregate,1,2.1851e-05,2.1582e-05,0.0018379543503313763
32,10,4,AB,A,6,stage.alloc_init,1,0.00210212,0.002101795,0.17681573378420173
32,10,4,AB,A,6,stage.candidates,1,0.000157735,0.000157461,0.013267572625944789
32,10,4,AB,A,6,stage.cleanup,1,0.001901127,0.001900705,0.15990959865372012
32,10,4,AB,A,6,stage.delivery,1,3.8712e-05,3.8427e-05,0.003256184559518019
32,10,4,AB,A,6,stage.leaf_distance,1,0.003538049,0.00353767,0.29759610778616885
32,10,4,AB,A,6,stage.node_plan,4,0.000102234,0.000101085,0.008599213997152437
32,10,4,AB,A,6,stage.node_prune,4,7.9343e-05,7.8249e-05,0.006673782070309935
32,10,4,AB,A,6,stage.output_alloc,1,4.986e-06,4.685e-06,0.0004193876889273828
32,10,4,AB,A,6,stage.pivot_distance,2,0.000109491,0.000108957,0.009209622432480559
32,10,4,AB,A,6,stage.pivot_sort,2,0.000207463,0.000206697,0.01745034659204605
32,10,4,AB,A,6,stage.result_sort,1,0.003462946,0.003462533,0.2912789650662504
32,10,4,AB,A,6,stage.schedule,10,0.000133646,0.000130954,0.011241373260005814
32,10,4,AB,A,6,stage.threshold,2,2.1888e-05,2.1331e-05,0.0018410665333418682
32,10,4,AB,A,7,stage.aggregate,1,2.0952e-05,2.0685e-05,0.0017740869002835643
32,10,4,AB,A,7,stage.alloc_init,1,0.002117707,0.002117279,0.179314444794712
32,10,4,AB,A,7,stage.candidates,1,0.000156577,0.000156242,0.013257980363960465
32,10,4,AB,A,7,stage.cleanup,1,0.001834561,0.001834147,0.15533937752344004
32,10,4,AB,A,7,stage.delivery,1,3.8783e-05,3.8509e-05,0.003283906655865668
32,10,4,AB,A,7,stage.leaf_distance,1,0.003538675,0.003538288,0.2996333028761427
32,10,4,AB,A,7,stage.node_plan,4,0.000100363,9.917e-05,0.008498123500055335
32,10,4,AB,A,7,stage.node_prune,4,7.9642e-05,7.8366e-05,0.006743596263477645
32,10,4,AB,A,7,stage.output_alloc,1,4.341e-06,4.044e-06,0.0003675692647065174
32,10,4,AB,A,7,stage.pivot_distance,2,0.000110938,0.000110391,0.00939354966321392
32,10,4,AB,A,7,stage.pivot_sort,2,0.000202007,0.000201406,0.01710471422611598
32,10,4,AB,A,7,stage.result_sort,1,0.003449912,0.003449508,0.29211739625482397
32,10,4,AB,A,7,stage.schedule,10,0.000127436,0.000124738,0.010790499151610171
32,10,4,AB,A,7,stage.threshold,2,1.9438e-05,1.8897e-05,0.001645890662834666
32,10,4,AB,B,0,stage.aggregate,1,1.6801e-05,1.6529e-05,0.0013937681697561682
32,10,4,AB,B,0,stage.alloc_init,1,0.002119708,0.002119275,0.17584557702383832
32,10,4,AB,B,0,stage.candidates,1,0.00015345,0.000153177,0.012729821180232366
32,10,4,AB,B,0,stage.cleanup,1,0.002027043,0.002026771,0.1681583246310965
32,10,4,AB,B,0,stage.delivery,1,4.4531e-05,4.4224e-05,0.003694178344587341
32,10,4,AB,B,0,stage.leaf_distance,1,0.004552519,0.004552132,0.377665381489803
32,10,4,AB,B,0,stage.node_plan,4,0.000100767,9.9588e-05,0.008359373677865592
32,10,4,AB,B,0,stage.node_prune,4,8.3047e-05,8.1932e-05,0.006889367608698321
32,10,4,AB,B,0,stage.output_alloc,1,5.182e-06,4.873e-06,0.00042988552203300175
32,10,4,AB,B,0,stage.pivot_distance,2,0.000109165,0.000108624,0.009056050369110892
32,10,4,AB,B,0,stage.pivot_sort,2,0.000207991,0.0002074,0.01725440363048361
32,10,4,AB,B,0,stage.result_sort,1,0.00246559,0.00246518,0.20453906682156484
32,10,4,AB,B,0,stage.schedule,10,0.000135943,0.000133113,0.011277485048578225
32,10,4,AB,B,0,stage.threshold,2,2.2173e-05,2.1627e-05,0.0018394156078806925
32,10,4,AB,B,1,stage.aggregate,1,1.6651e-05,1.6385e-05,0.0014436600210562293
32,10,4,AB,B,1,stage.alloc_init,1,0.002106067,0.002105394,0.1825983262005783
32,10,4,AB,B,1,stage.candidates,1,0.000151484,0.000151158,0.013133829477489749
32,10,4,AB,B,1,stage.cleanup,1,0.001492271,0.001491847,0.12938153764227975
32,10,4,AB,B,1,stage.delivery,1,4.2871e-05,4.2568e-05,0.003716962870860705
32,10,4,AB,B,1,stage.leaf_distance,1,0.00455193,0.00455155,0.3946573394778981
32,10,4,AB,B,1,stage.node_plan,4,0.000102074,0.000100897,0.008849928111782687
32,10,4,AB,B,1,stage.node_prune,4,7.9052e-05,7.7951e-05,0.0068538953807301085
32,10,4,AB,B,1,stage.output_alloc,1,5.541e-06,5.251e-06,0.0004804107967492983
32,10,4,AB,B,1,stage.pivot_distance,2,0.000109403,0.00010884,0.00948536047586419
32,10,4,AB,B,1,stage.pivot_sort,2,0.000201441,0.000200808,0.01746515634505963
32,10,4,AB,B,1,stage.result_sort,1,0.002510305,0.002509861,0.21764620558270117
32,10,4,AB,B,1,stage.schedule,10,0.000135536,0.000132676,0.011751120329942771
32,10,4,AB,B,1,stage.threshold,2,2.0688e-05,2.0142e-05,0.0017936723629578565
32,10,4,AB,B,2,stage.aggregate,1,1.5175e-05,1.4908e-05,0.001306040542941064
32,10,4,AB,B,2,stage.alloc_init,1,0.002113654,0.002113374,0.18191221204280406
32,10,4,AB,B,2,stage.candidates,1,0.000152304,0.000152023,0.013108085591571388
32,10,4,AB,B,2,stage.cleanup,1,0.001703125,0.001702714,0.14657992090257
32,10,4,AB,B,2,stage.delivery,1,4.3306e-05,4.2837e-05,0.003727142784356225
32,10,4,AB,B,2,stage.leaf_distance,1,0.004551404,0.00455098,0.3917178353412936
32,10,4,AB,B,2,stage.node_plan,4,0.00010097,9.9805e-05,0.008690010782257609
32,10,4,AB,B,2,stage.node_prune,4,8.0398e-05,7.9279e-05,0.006919475951985216
32,10,4,AB,B,2,stage.output_alloc,1,5.011e-06,4.715e-06,0.00043127309131319087
32,10,4,AB,B,2,stage.pivot_distance,2,0.000108258,0.000107714,0.009317254503967955
32,10,4,AB,B,2,stage.pivot_sort,2,0.000205468,0.000204722,0.017683659853510017
32,10,4,AB,B,2,stage.result_sort,1,0.002380077,0.002379722,0.2048419807131162
32,10,4,AB,B,2,stage.schedule,10,0.000130795,0.00012808,0.011256907598944084
32,10,4,AB,B,2,stage.threshold,2,2.1055e-05,2.0495e-05,0.0018121043579323955
32,10,4,AB,B,3,stage.aggregate,1,1.6724e-05,1.644e-05,0.0014924051889011602
32,10,4,AB,B,3,stage.alloc_init,1,0.002103942,0.002103537,0.1877501768683978
32,10,4,AB,B,3,stage.candidates,1,0.000152152,0.000151862,0.013577638980010123
32,10,4,AB,B,3,stage.cleanup,1,0.001395663,0.001395225,0.12454524654133937
32,10,4,AB,B,3,stage.delivery,1,4.2916e-05,4.2634e-05,0.00382970946465452
32,10,4,AB,B,3,stage.leaf_distance,1,0.00454562,0.004545249,0.40563901427725974
32,10,4,AB,B,3,stage.node_plan,4,0.000101624,0.000100482,0.00906865492208153
32,10,4,AB,B,3,stage.node_prune,4,7.8653e-05,7.7553e-05,0.007018784102047533
32,10,4,AB,B,3,stage.output_alloc,1,4.904e-06,4.611e-06,0.0004376198903594409
32,10,4,AB,B,3,stage.pivot_distance,2,0.000109277,0.000108748,0.009751588246086587
32,10,4,AB,B,3,stage.pivot_sort,2,0.000202025,0.000201398,0.018028172583577903
32,10,4,AB,B,3,stage.result_sort,1,0.00229075,0.002290485,0.20442042492677184
32,10,4,AB,B,3,stage.schedule,10,0.000132467,0.000129785,0.011821002042464121
32,10,4,AB,B,3,stage.threshold,2,2.1687e-05,2.1131e-05,0.0019352900820198194
32,10,4,AB,B,4,stage.aggregate,1,1.466e-05,1.4372e-05,0.0012869562072329573
32,10,4,AB,B,4,stage.alloc_init,1,0.002115028,0.002114563,0.18567178806763351
32,10,4,AB,B,4,stage.candidates,1,0.000153383,0.000153104,0.013465020732197318
32,10,4,AB,B,4,stage.cleanup,1,0.001554205,0.001553788,0.13643886576142553
32,10,4,AB,B,4,stage.delivery,1,4.2654e-05,4.234e-05,0.0037444631693938995
32,10,4,AB,B,4,stage.leaf_distance,1,0.004561446,0.004561061,0.4004352826506101
32,10,4,AB,B,4,stage.node_plan,4,0.000101996,0.000100822,0.00895391441425189
32,10,4,AB,B,4,stage.node_prune,4,8.0696e-05,7.9457e-05,0.007084053076321332
32,10,4,AB,B,4,stage.output_alloc,1,4.485e-06,4.205e-06,0.00039372432397270215
32,10,4,AB,B,4,stage.pivot_distance,2,0.000105985,0.000105425,0.00930409642725682
32,10,4,AB,B,4,stage.pivot_sort,2,0.000204617,0.000204027,0.017962695651799865
32,10,4,AB,B,4,stage.result_sort,1,0.002293588,0.002293178,0.20134702001603166
32,10,4,AB,B,4,stage.schedule,10,0.000130345,0.000127569,0.011442585732045008
32,10,4,AB,B,4,stage.threshold,2,2.1004e-05,2.0438e-05,0.0018438764104175332
32,10,4,AB,B,5,stage.aggregate,1,1.6843e-05,1.6565e-05,0.0014104635746504785
32,10,4,AB,B,5,stage.alloc_init,1,0.002115309,0.002114894,0.1771398381304001
32,10,4,AB,B,5,stage.candidates,1,0.000154547,0.000154264,0.012942047976696994
32,10,4,AB,B,5,stage.cleanup,1,0.001945802,0.001945364,0.16294501243733597
32,10,4,AB,B,5,stage.delivery,1,3.6908e-05,3.6578e-05,0.003090743312545262
32,10,4,AB,B,5,stage.leaf_distance,1,0.004565153,0.004564783,0.38229424800845185
32,10,4,AB,B,5,stage.node_plan,4,0.000102367,0.000101158,0.008572399498084991
32,10,4,AB,B,5,stage.node_prune,4,7.9113e-05,7.8026e-05,0.006625067077202594
32,10,4,AB,B,5,stage.output_alloc,1,4.84e-06,4.544e-06,0.0004053104376481812
32,10,4,AB,B,5,stage.pivot_distance,2,0.000110913,0.000110204,0.009288057142742296
32,10,4,AB,B,5,stage.pivot_sort,2,0.000206619,0.000206002,0.017302652338105278
32,10,4,AB,B,5,stage.result_sort,1,0.002440096,0.002439822,0.20433809455859014
32,10,4,AB,B,5,stage.schedule,10,0.000132774,0.000130068,0.011118737200061901
32,10,4,AB,B,5,stage.threshold,2,2.1852e-05,2.1305e-05,0.0018299263808859616
32,10,4,AB,B,6,stage.aggregate,1,1.6845e-05,1.656e-05,0.0014117292111454952
32,10,4,AB,B,6,stage.alloc_init,1,0.002103362,0.002102888,0.17627649611240198
32,10,4,AB,B,6,stage.candidates,1,0.000153106,0.000152826,0.012831357233697964
32,10,4,AB,B,6,stage.cleanup,1,0.001931252,0.00193083,0.16185247031660197
32,10,4,AB,B,6,stage.delivery,1,4.2708e-05,4.2431e-05,0.0035792301068329957
32,10,4,AB,B,6,stage.leaf_distance,1,0.004561871,0.004561503,0.38231680309750743
32,10,4,AB,B,6,stage.node_plan,4,0.000103835,0.000102678,0.008702101670483377
32,10,4,AB,B,6,stage.node_prune,4,7.9546e-05,7.8452e-05,0.006666513020467769
32,10,4,AB,B,6,stage.output_alloc,1,5.15e-06,4.861e-06,0.00043160614054017814
32,10,4,AB,B,6,stage.pivot_distance,2,0.000109566,0.000108836,0.009182399688237895
32,10,4,AB,B,6,stage.pivot_sort,2,0.000200158,0.000199586,0.016774645024901162
32,10,4,AB,B,6,stage.result_sort,1,0.002463594,0.002463211,0.20646646566950283
32,10,4,AB,B,6,stage.schedule,10,0.000132075,0.000129376,0.011068811846960005
32,10,4,AB,B,6,stage.threshold,2,2.1243e-05,2.0703e-05,0.0017803124744650493
32,10,4,AB,B,7,stage.aggregate,1,1.6403e-05,1.6134e-05,0.0013796676702473988
32,10,4,AB,B,7,stage.alloc_init,1,0.002115141,0.002114723,0.17790597181703063
32,10,4,AB,B,7,stage.candidates,1,0.000152695,0.000152407,0.012843282015998695
32,10,4,AB,B,7,stage.cleanup,1,0.00189998,0.001899571,0.15980863135503584
32,10,4,AB,B,7,stage.delivery,1,4.4117e-05,4.3839e-05,0.003710711370377644
32,10,4,AB,B,7,stage.leaf_distance,1,0.004562994,0.00456262,0.3837965799751789
32,10,4,AB,B,7,stage.node_plan,4,0.000100566,9.937e-05,0.00845867578650856
32,10,4,AB,B,7,stage.node_prune,4,8.0346e-05,7.9246e-05,0.006757957607370452
32,10,4,AB,B,7,stage.output_alloc,1,4.359e-06,4.073e-06,0.00036663850360351227
32,10,4,AB,B,7,stage.pivot_distance,2,0.000110496,0.000109948,0.00929389495163425
32,10,4,AB,B,7,stage.pivot_sort,2,0.000206556,0.000205775,0.01737356796291055
32,10,4,AB,B,7,stage.result_sort,1,0.002432846,0.002432385,0.2046283590130283
32,10,4,AB,B,7,stage.schedule,10,0.000134057,0.000131352,0.011275626950579501
32,10,4,AB,B,7,stage.threshold,2,2.081e-05,2.0232e-05,0.0017503434870358087
32,10,5,BA,B,0,stage.aggregate,1,1.6077e-05,1.5786e-05,0.0013709583823697325
32,10,5,BA,B,0,stage.alloc_init,1,0.002112706,0.002112271,0.18015998010716106
32,10,5,BA,B,0,stage.candidates,1,0.000100525,0.000100224,0.00857222064985491
32,10,5,BA,B,0,stage.cleanup,1,0.001803618,0.00180327,0.15380265072419808
32,10,5,BA,B,0,stage.delivery,1,4.1655e-05,4.1356e-05,0.003552109934540724
32,10,5,BA,B,0,stage.leaf_distance,1,0.004537231,0.004536804,0.386910174298551
32,10,5,BA,B,0,stage.node_plan,4,9.433e-05,9.3161e-05,0.008043945027613167
32,10,5,BA,B,0,stage.node_prune,4,5.4294e-05,5.3145e-05,0.00462989453333223
32,10,5,BA,B,0,stage.output_alloc,1,5.898e-06,5.593e-06,0.0005029490911996444
32,10,5,BA,B,0,stage.pivot_distance,2,0.000100902,0.00010034,0.008604369142120469
32,10,5,BA,B,0,stage.pivot_sort,2,0.000211149,0.000210521,0.018005628629656444
32,10,5,BA,B,0,stage.result_sort,1,0.002488417,0.002488083,0.21219855352250688
32,10,5,BA,B,0,stage.schedule,10,0.000127202,0.000124476,0.010847088894333192
32,10,5,BA,B,0,stage.threshold,2,2.164e-05,2.1066e-05,0.001845340510946135
32,10,5,BA,B,1,stage.aggregate,1,1.4637e-05,1.4355e-05,0.0012859011485784673
32,10,5,BA,B,1,stage.alloc_init,1,0.002109558,0.002109165,0.1853305359836643
32,10,5,BA,B,1,stage.candidates,1,0.000103123,0.000102814,0.009059642286319416
32,10,5,BA,B,1,stage.cleanup,1,0.001569482,0.001569082,0.13788335768758833
32,10,5,BA,B,1,stage.delivery,1,4.131e-05,4.1024e-05,0.003629198363583828
32,10,5,BA,B,1,stage.leaf_distance,1,0.004547357,0.004547079,0.39949795650039854
32,10,5,BA,B,1,stage.node_plan,4,9.5247e-05,9.404e-05,0.0083677137868862
32,10,5,BA,B,1,stage.node_prune,4,5.5721e-05,5.4523e-05,0.0048952447837631195
32,10,5,BA,B,1,stage.output_alloc,1,5.259e-06,4.957e-06,0.0004620177727932062
32,10,5,BA,B,1,stage.pivot_distance,2,0.000102352,0.000101791,0.008991907792532847
32,10,5,BA,B,1,stage.pivot_sort,2,0.000209322,0.000208661,0.018389519725540888
32,10,5,BA,B,1,stage.result_sort,1,0.00236319,0.002362841,0.207612812414371
32,10,5,BA,B,1,stage.schedule,10,0.000136932,0.00013415,0.012029856943167773
32,10,5,BA,B,1,stage.threshold,2,2.0062e-05,1.9507e-05,0.0017625024829392097
32,10,5,BA,B,2,stage.aggregate,1,1.6118e-05,1.583e-05,0.0013511708904239642
32,10,5,BA,B,2,stage.alloc_init,1,0.00211651,0.002115995,0.17742689547656185
32,10,5,BA,B,2,stage.candidates,1,0.000100584,0.000100304,0.008431950170145428
32,10,5,BA,B,2,stage.cleanup,1,0.001945689,0.001945343,0.16310698217012734
32,10,5,BA,B,2,stage.delivery,1,4.3316e-05,4.304e-05,0.003631177459337662
32,10,5,BA,B,2,stage.leaf_distance,1,0.004536786,0.004536512,0.3803184749524119
32,10,5,BA,B,2,stage.node_plan,4,9.7589e-05,9.6469e-05,0.008180879515174603
32,10,5,BA,B,2,stage.node_prune,4,5.6374e-05,5.5246e-05,0.004725828749023486
32,10,5,BA,B,2,stage.output_alloc,1,4.679e-06,4.379e-06,0.0003922402653116843
32,10,5,BA,B,2,stage.pivot_distance,2,0.000102906,0.00010234,0.00862660327894084
32,10,5,BA,B,2,stage.pivot_sort,2,0.000204135,0.000203538,0.017112623757084992
32,10,5,BA,B,2,stage.result_sort,1,0.002544494,0.00254415,0.21330476632699058
32,10,5,BA,B,2,stage.schedule,10,0.000130946,0.000128182,0.010977194653024967
32,10,5,BA,B,2,stage.threshold,2,2.0249e-05,1.9691e-05,0.0016974723514204522
32,10,5,BA,B,3,stage.aggregate,1,1.6867e-05,1.6589e-05,0.0014140682139732442
32,10,5,BA,B,3,stage.alloc_init,1,0.002114998,0.002114625,0.17731377508845575
32,10,5,BA,B,3,stage.candidates,1,0.000100216,9.9933e-05,0.008401746613597121
32,10,5,BA,B,3,stage.cleanup,1,0.001923606,0.001923285,0.16126816273244896
32,10,5,BA,B,3,stage.delivery,1,4.2263e-05,4.1985e-05,0.0035431769091807206
32,10,5,BA,B,3,stage.leaf_distance,1,0.00453542,0.004535125,0.380233192566463
32,10,5,BA,B,3,stage.node_plan,4,9.5044e-05,9.3937e-05,0.007968144858532816
32,10,5,BA,B,3,stage.node_prune,4,5.3219e-05,5.211e-05,0.004461688283597681
32,10,5,BA,B,3,stage.output_alloc,1,5.442e-06,5.114e-06,0.00045623757754445927
32,10,5,BA,B,3,stage.pivot_distance,2,0.000102723,0.000102102,0.008611924417144338
32,10,5,BA,B,3,stage.pivot_sort,2,0.000201728,0.000201118,0.016912145175098987
32,10,5,BA,B,3,stage.result_sort,1,0.002581284,0.002580929,0.21640550516616539
32,10,5,BA,B,3,stage.schedule,10,0.000126448,0.000123808,0.010600942522113523
32,10,5,BA,B,3,stage.threshold,2,2.1018e-05,2.0465e-05,0.0017620730255107396
32,10,5,BA,B,4,stage.aggregate,1,1.5849e-05,1.5574e-05,0.0013359015729905973
32,10,5,BA,B,4,stage.alloc_init,1,0.002119456,0.002119126,0.17864752377338378
32,10,5,BA,B,4,stage.candidates,1,9.8934e-05,9.8642e-05,0.008339080460738958
32,10,5,BA,B,4,stage.cleanup,1,0.001877184,0.001876846,0.15822657949351893
32,10,5,BA,B,4,stage.delivery,1,4.0847e-05,4.0555e-05,0.003442966215656945
32,10,5,BA,B,4,stage.leaf_distance,1,0.004539832,0.004539484,0.38265939238520086
32,10,5,BA,B,4,stage.node_plan,4,9.6488e-05,9.5373e-05,0.008132908762364614
32,10,5,BA,B,4,stage.node_prune,4,5.4365e-05,5.3238e-05,0.004582389363091288
32,10,5,BA,B,4,stage.output_alloc,1,4.611e-06,4.305e-06,0.00038865809534100853
32,10,5,BA,B,4,stage.pivot_distance,2,0.000101997,0.000101434,0.008597258675015582
32,10,5,BA,B,4,stage.pivot_sort,2,0.000203568,0.000202907,0.0171586100959398
32,10,5,BA,B,4,stage.result_sort,1,0.002559757,0.002559432,0.21576019955667186
32,10,5,BA,B,4,stage.schedule,10,0.000123759,0.000121117,0.010431563049513743
32,10,5,BA,B,4,stage.threshold,2,1.9963e-05,1.9403e-05,0.0016826678718916835
32,10,5,BA,B,5,stage.aggregate,1,1.635e-05,1.606e-05,0.001390704057751219
32,10,5,BA,B,5,stage.alloc_init,1,0.002112297,0.002111941,0.17966850208414228
32,10,5,BA,B,5,stage.candidates,1,9.7106e-05,9.6825e-05,0.008259676344464211
32,10,5,BA,B,5,stage.cleanup,1,0.001785239,0.001784905,0.15184948754469285
32,10,5,BA,B,5,stage.delivery,1,3.9869e-05,3.9595e-05,0.003391191442109073
32,10,5,BA,B,5,stage.leaf_distance,1,0.004538649,0.00453834,0.386050004954649
32,10,5,BA,B,5,stage.node_plan,4,8.1764e-05,8.0615e-05,0.006954711105686279
32,10,5,BA,B,5,stage.node_prune,4,4.7409e-05,4.6301e-05,0.0040325314173655985
32,10,5,BA,B,5,stage.output_alloc,1,4.632e-06,4.331e-06,0.0003939902871867673
32,10,5,BA,B,5,stage.pivot_distance,2,0.000100028,9.9395e-05,0.008508216849464154
32,10,5,BA,B,5,stage.pivot_sort,2,0.0001994,0.000198676,0.016960635419913946
32,10,5,BA,B,5,stage.result_sort,1,0.002604133,0.002603732,0.2215032617751593
32,10,5,BA,B,5,stage.schedule,10,0.000105852,0.000103217,0.009003596692420918
32,10,5,BA,B,5,stage.threshold,2,1.7075e-05,1.6521e-05,0.0014523713630643464
32,10,5,BA,B,6,stage.aggregate,1,1.6561e-05,1.6276e-05,0.0014369502814855536
32,10,5,BA,B,6,stage.alloc_init,1,0.002105628,0.002105205,0.18269927826241553
32,10,5,BA,B,6,stage.candidates,1,0.00010079,0.000100503,0.008745258068409454
32,10,5,BA,B,6,stage.cleanup,1,0.001636879,0.001636495,0.1420272773267189
32,10,5,BA,B,6,stage.delivery,1,3.9393e-05,3.9091e-05,0.003418017175204421
32,10,5,BA,B,6,stage.leaf_distance,1,0.004541115,0.004540822,0.39401947210363325
32,10,5,BA,B,6,stage.node_plan,4,0.000100086,9.893e-05,0.00868417401562485
32,10,5,BA,B,6,stage.node_prune,4,5.6025e-05,5.4824e-05,0.004861127922240695
32,10,5,BA,B,6,stage.output_alloc,1,4.91e-06,4.613e-06,0.00042602656132444106
32,10,5,BA,B,6,stage.pivot_distance,2,0.000102596,0.000102045,0.008901959487910867
32,10,5,BA,B,6,stage.pivot_sort,2,0.000203685,0.000203076,0.01767316092532969
32,10,5,BA,B,6,stage.result_sort,1,0.00245952,0.002459161,0.21340546804657626
32,10,5,BA,B,6,stage.schedule,10,0.000126414,0.000123748,0.010968578762376354
32,10,5,BA,B,6,stage.threshold,2,2.0212e-05,1.9645e-05,0.001753737038185255
32,10,5,BA,B,7,stage.aggregate,1,1.5771e-05,1.5491e-05,0.0013602127213655426
32,10,5,BA,B,7,stage.alloc_init,1,0.002114291,0.002113789,0.18235276868103956
32,10,5,BA,B,7,stage.candidates,1,0.000100363,0.00010008,0.008656079472094982
32,10,5,BA,B,7,stage.cleanup,1,0.001498775,0.001498432,0.12926591981894878
32,10,5,BA,B,7,stage.delivery,1,4.2309e-05,4.202e-05,0.003649054595666397
32,10,5,BA,B,7,stage.leaf_distance,1,0.004537894,0.004537615,0.3913829907430327
32,10,5,BA,B,7,stage.node_plan,4,9.6506e-05,9.5286e-05,0.00832342203335889
32,10,5,BA,B,7,stage.node_prune,4,5.6813e-05,5.5698e-05,0.004899991461476164
32,10,5,BA,B,7,stage.output_alloc,1,4.596e-06,4.289e-06,0.00039639450050066793
32,10,5,BA,B,7,stage.pivot_distance,2,0.000101905,0.000101348,0.008789073449417007
32,10,5,BA,B,7,stage.pivot_sort,2,0.000200924,0.000200326,0.017329235991861664
32,10,5,BA,B,7,stage.result_sort,1,0.002672814,0.002672486,0.23052410149286168
32,10,5,BA,B,7,stage.schedule,10,0.000123762,0.000121112,0.010674189767398536
32,10,5,BA,B,7,stage.threshold,2,2.0052e-05,1.9498e-05,0.0017294391914794156
32,10,5,BA,A,0,stage.aggregate,1,1.5789e-05,1.5344e-05,0.0014440328217712847
32,10,5,BA,A,0,stage.alloc_init,1,0.002119616,0.002119201,0.193856170343376
32,10,5,BA,A,0,stage.candidates,1,0.000166046,0.000165769,0.015186260936337622
32,10,5,BA,A,0,stage.cleanup,1,0.001570985,0.001570568,0.14367939087404913
32,10,5,BA,A,0,stage.delivery,1,4.3684e-05,4.3397e-05,0.00399525807753859
32,10,5,BA,A,0,stage.leaf_distance,1,0.003528131,0.003527789,0.3226763546461932
32,10,5,BA,A,0,stage.node_plan,4,0.000102449,0.0001013,0.009369796602549012
32,10,5,BA,A,0,stage.node_prune,4,7.9177e-05,7.8088e-05,0.0072413824009997475
32,10,5,BA,A,0,stage.output_alloc,1,5.401e-06,5.102e-06,0.0004939654994228075
32,10,5,BA,A,0,stage.pivot_distance,2,0.000110109,0.000109401,0.010070366075901855
32,10,5,BA,A,0,stage.pivot_sort,2,0.000207461,0.000206885,0.018974000458388277
32,10,5,BA,A,0,stage.result_sort,1,0.002823082,0.002822811,0.2581938733644767
32,10,5,BA,A,0,stage.schedule,10,0.000130995,0.000128242,0.011980561117735728
32,10,5,BA,A,0,stage.threshold,2,2.0972e-05,2.0415e-05,0.001918060443231831
32,10,5,BA,A,1,stage.aggregate,1,1.7306e-05,1.701e-05,0.0015956870531838826
32,10,5,BA,A,1,stage.alloc_init,1,0.002106624,0.002106197,0.19423972279709023
32,10,5,BA,A,1,stage.candidates,1,0.000158916,0.000158639,0.014652733372458676
32,10,5,BA,A,1,stage.cleanup,1,0.001500359,0.001499931,0.13833950256719732
32,10,5,BA,A,1,stage.delivery,1,3.9591e-05,3.9308e-05,0.003650459154201034
32,10,5,BA,A,1,stage.leaf_distance,1,0.003527577,0.003527193,0.3252576532999677
32,10,5,BA,A,1,stage.node_plan,4,0.000103223,0.000102117,0.009517601103131856
32,10,5,BA,A,1,stage.node_prune,4,7.9273e-05,7.8152e-05,0.007309308896743668
32,10,5,BA,A,1,stage.output_alloc,1,5.187e-06,4.905e-06,0.00047826353547121217
32,10,5,BA,A,1,stage.pivot_distance,2,0.000111834,0.000111274,0.010311572050489213
32,10,5,BA,A,1,stage.pivot_sort,2,0.000205074,0.000204333,0.01890869795126728
32,10,5,BA,A,1,stage.result_sort,1,0.002825695,0.002825411,0.2605411376254727
32,10,5,BA,A,1,stage.schedule,10,0.00013371,0.000131029,0.012328632606102907
32,10,5,BA,A,1,stage.threshold,2,2.1552e-05,2.0997e-05,0.0019871863729468992
32,10,5,BA,A,2,stage.aggregate,1,1.7528e-05,1.7232e-05,0.0016217763632571797
32,10,5,BA,A,2,stage.alloc_init,1,0.002124295,0.002123954,0.1965501722721024
32,10,5,BA,A,2,stage.candidates,1,0.000161062,0.000160778,0.014902244672462798
32,10,5,BA,A,2,stage.cleanup,1,0.001441573,0.001441153,0.1333813907639059
32,10,5,BA,A,2,stage.delivery,1,4.1599e-05,4.1315e-05,0.003848943115879474
32,10,5,BA,A,2,stage.leaf_distance,1,0.003531579,0.003531247,0.3267589769041207
32,10,5,BA,A,2,stage.node_plan,4,0.000101419,0.0001003,0.009383782347397302
32,10,5,BA,A,2,stage.node_prune,4,8.0344e-05,7.9192e-05,0.007433820180826955
32,10,5,BA,A,2,stage.output_alloc,1,5.07e-06,4.766e-06,0.00046910121871941474
32,10,5,BA,A,2,stage.pivot_distance,2,0.000108877,0.000108336,0.010073833015880418
32,10,5,BA,A,2,stage.pivot_sort,2,0.000202786,0.000202199,0.018762753400243637
32,10,5,BA,A,2,stage.result_sort,1,0.002828227,0.002827968,0.2616814068077227
32,10,5,BA,A,2,stage.schedule,10,0.000134139,0.00013131,0.01241119691869893
32,10,5,BA,A,2,stage.threshold,2,2.1143e-05,2.0574e-05,0.0019562538594446914
32,10,5,BA,A,3,stage.aggregate,1,1.6146e-05,1.5858e-05,0.0014681550566693667
32,10,5,BA,A,3,stage.alloc_init,1,0.002113838,0.002113421,0.19221119464138858
32,10,5,BA,A,3,stage.candidates,1,0.000159258,0.000158978,0.01448132280534188
32,10,5,BA,A,3,stage.cleanup,1,0.001414766,0.001414356,0.12864460899937402
32,10,5,BA,A,3,stage.delivery,1,4.2021e-05,4.1739e-05,0.0038209676474856595
32,10,5,BA,A,3,stage.leaf_distance,1,0.003527077,0.003526695,0.3207169535991713
32,10,5,BA,A,3,stage.node_plan,4,0.000101879,0.000100781,0.00926385290588495
32,10,5,BA,A,3,stage.node_prune,4,8.0529e-05,7.9439e-05,0.007322498362351507
32,10,5,BA,A,3,stage.output_alloc,1,4.872e-06,4.567e-06,0.00044301074173746775
32,10,5,BA,A,3,stage.pivot_distance,2,0.000109155,0.000108585,0.00992545925992473
32,10,5,BA,A,3,stage.pivot_sort,2,0.000199328,0.000198547,0.01812488611023111
32,10,5,BA,A,3,stage.result_sort,1,0.00307078,0.003070386,0.27922588783098956
32,10,5,BA,A,3,stage.schedule,10,0.000129336,0.000126664,0.011760516685828637
32,10,5,BA,A,3,stage.threshold,2,2.0851e-05,2.0306e-05,0.0018959804958883291
32,10,5,BA,A,4,stage.aggregate,1,1.6792e-05,1.6508e-05,0.0015126866321723909
32,10,5,BA,A,4,stage.alloc_init,1,0.0021098,0.002109333,0.19005873371589505
32,10,5,BA,A,4,stage.candidates,1,0.000163059,0.000162767,0.014688969125500113
32,10,5,BA,A,4,stage.cleanup,1,0.001503264,0.001502806,0.1354196854112671
32,10,5,BA,A,4,stage.delivery,1,4.1193e-05,4.0912e-05,0.003710820655018895
32,10,5,BA,A,4,stage.leaf_distance,1,0.003525669,0.003525299,0.3176055482232373
32,10,5,BA,A,4,stage.node_plan,4,9.93e-05,9.817e-05,0.008945318161905575
32,10,5,BA,A,4,stage.node_prune,4,7.8277e-05,7.7161e-05,0.00705148710734625
32,10,5,BA,A,4,stage.output_alloc,1,4.424e-06,4.134e-06,0.00039853058960997247
32,10,5,BA,A,4,stage.pivot_distance,2,0.000107176,0.000106625,0.009654817918634359
32,10,5,BA,A,4,stage.pivot_sort,2,0.000201664,0.000200992,0.018166652988947894
32,10,5,BA,A,4,stage.result_sort,1,0.003095418,0.00309516,0.27884691695961156
32,10,5,BA,A,4,stage.schedule,10,0.000126023,0.000123354,0.011352626694036519
32,10,5,BA,A,4,stage.threshold,2,2.1568e-05,2.1025e-05,0.0019429267081166107
32,10,5,BA,A,5,stage.aggregate,1,1.6315e-05,1.6044e-05,0.0014577079737832358
32,10,5,BA,A,5,stage.alloc_init,1,0.002119392,0.002119084,0.18936283285151087
32,10,5,BA,A,5,stage.candidates,1,0.000161466,0.000161168,0.014426618185405086
32,10,5,BA,A,5,stage.cleanup,1,0.001553864,0.001553418,0.1388341981596515
32,10,5,BA,A,5,stage.delivery,1,4.245e-05,4.217e-05,0.0037928105110081748
32,10,5,BA,A,5,stage.leaf_distance,1,0.003527892,0.003527502,0.31520908973619904
32,10,5,BA,A,5,stage.node_plan,4,0.000101941,0.000100801,0.009108195437047923
32,10,5,BA,A,5,stage.node_prune,4,8.0352e-05,7.9253e-05,0.007179267613204449
32,10,5,BA,A,5,stage.output_alloc,1,4.301e-06,3.999e-06,0.0003842845231530308
32,10,5,BA,A,5,stage.pivot_distance,2,0.0001097,0.000108597,0.00980144435942513
32,10,5,BA,A,5,stage.pivot_sort,2,0.000200784,0.000200201,0.017939591652350182
32,10,5,BA,A,5,stage.result_sort,1,0.00311474,0.003114328,0.27829490249841227
32,10,5,BA,A,5,stage.schedule,10,0.000128676,0.000125974,0.01149690660340372
32,10,5,BA,A,5,stage.threshold,2,2.0767e-05,2.0205e-05,0.0018554840019341992
32,10,5,BA,A,6,stage.aggregate,1,1.7038e-05,1.6755e-05,0.0015652979022454095
32,10,5,BA,A,6,stage.alloc_init,1,0.002093889,0.002093483,0.19236765226169375
32,10,5,BA,A,6,stage.candidates,1,0.000157529,0.000157255,0.014472344949103013
32,10,5,BA,A,6,stage.cleanup,1,0.001555405,0.001554984,0.14289659488449474
32,10,5,BA,A,6,stage.delivery,1,4.1431e-05,4.1145e-05,0.003806306924987062
32,10,5,BA,A,6,stage.leaf_distance,1,0.003539739,0.003539336,0.3251993209998981
32,10,5,BA,A,6,stage.node_plan,4,0.000101175,0.000100046,0.009295047262570685
32,10,5,BA,A,6,stage.node_prune,4,7.8461e-05,7.7357e-05,0.007208289629538508
32,10,5,BA,A,6,stage.output_alloc,1,5.24e-06,4.953e-06,0.00048140397979609965
32,10,5,BA,A,6,stage.pivot_distance,2,0.000108452,0.000107738,0.009963592445963091
32,10,5,BA,A,6,stage.pivot_sort,2,0.000207847,0.000207284,0.01909510934898472
32,10,5,BA,A,6,stage.result_sort,1,0.002818066,0.002817784,0.25889850910841133
32,10,5,BA,A,6,stage.schedule,10,0.000130729,0.00012807,0.012010202457016091
32,10,5,BA,A,6,stage.threshold,2,2.2259e-05,2.1703e-05,0.002044956333259806
32,10,5,BA,A,7,stage.aggregate,1,1.6854e-05,1.6569e-05,0.001560627373315235
32,10,5,BA,A,7,stage.alloc_init,1,0.002114919,0.002114595,0.19583484536279122
32,10,5,BA,A,7,stage.candidates,1,0.000162017,0.000161741,0.015002264456058765
32,10,5,BA,A,7,stage.cleanup,1,0.00145046,0.001450185,0.13430803250853302
32,10,5,BA,A,7,stage.delivery,1,4.1488e-05,4.1193e-05,0.0038416582689036706
32,10,5,BA,A,7,stage.leaf_distance,1,0.003540917,0.00354052,0.32787777363458304
32,10,5,BA,A,7,stage.node_plan,4,0.000101079,9.9951e-05,0.00935959738147209
32,10,5,BA,A,7,stage.node_prune,4,8.0941e-05,7.9834e-05,0.007494881940400405
32,10,5,BA,A,7,stage.output_alloc,1,4.662e-06,4.355e-06,0.0004316865322413448
32,10,5,BA,A,7,stage.pivot_distance,2,0.000108597,0.000107846,0.010055740528059486
32,10,5,BA,A,7,stage.pivot_sort,2,0.000200498,0.000199904,0.01856548398569823
32,10,5,BA,A,7,stage.result_sort,1,0.002817663,0.00281735,0.2609067287633514
32,10,5,BA,A,7,stage.schedule,10,0.000131336,0.000128653,0.012161300385767751
32,10,5,BA,A,7,stage.threshold,2,2.1072e-05,2.05e-05,0.0019512009024859756
32,100,0,AB,A,0,stage.aggregate,1,0.000303353,0.000302925,0.016905512134426443
32,100,0,AB,A,0,stage.alloc_init,1,0.003060293,0.003059871,0.17054659240686693
32,100,0,AB,A,0,stage.candidates,1,0.000527238,0.000526814,0.029382364462295505
32,100,0,AB,A,0,stage.cleanup,1,0.001500925,0.00150063,0.08364481577688043
32,100,0,AB,A,0,stage.delivery,1,5.1496e-05,5.1218e-05,0.002869812571078658
32,100,0,AB,A,0,stage.leaf_distance,1,0.003775538,0.003775143,0.21040636971774845
32,100,0,AB,A,0,stage.node_plan,4,0.000113363,0.000112232,0.006317588987400768
32,100,0,AB,A,0,stage.node_prune,4,8.0189e-05,7.905e-05,0.004468840303367767
32,100,0,AB,A,0,stage.output_alloc,1,6.252e-06,5.944e-06,0.0003484167351713486
32,100,0,AB,A,0,stage.pivot_distance,2,0.000109839,0.000109292,0.006121200539745004
32,100,0,AB,A,0,stage.pivot_sort,2,0.000213213,0.000212544,0.011882114100462053
32,100,0,AB,A,0,stage.result_sort,1,0.001951437,0.001951149,0.10875132892395571
32,100,0,AB,A,0,stage.schedule,10,0.006217614,0.0055096,0.34650044312790623
32,100,0,AB,A,0,stage.threshold,2,2.1064e-05,2.0514e-05,0.0011738723783828035
32,100,0,AB,A,1,stage.aggregate,1,0.000267641,0.000266934,0.014751983344497593
32,100,0,AB,A,1,stage.alloc_init,1,0.003047781,0.003047369,0.16798926378871779
32,100,0,AB,A,1,stage.candidates,1,0.000150286,0.000149991,0.008283546126756235
32,100,0,AB,A,1,stage.cleanup,1,0.001636675,0.001636266,0.09021114978779633
32,100,0,AB,A,1,stage.delivery,1,4.6794e-05,4.6474e-05,0.0025792173419708505
32,100,0,AB,A,1,stage.leaf_distance,1,0.00379167,0.003791283,0.20899134545092565
32,100,0,AB,A,1,stage.node_plan,4,0.000108291,0.000107164,0.0059688426973408
32,100,0,AB,A,1,stage.node_prune,4,8.0472e-05,7.9326e-05,0.004435499806451218
32,100,0,AB,A,1,stage.output_alloc,1,6.02e-06,5.717e-06,0.00033181365984238405
32,100,0,AB,A,1,stage.pivot_distance,2,0.000109206,0.000108505,0.006019276168894916
32,100,0,AB,A,1,stage.pivot_sort,2,0.000207532,0.000206946,0.011438862533955091
32,100,0,AB,A,1,stage.result_sort,1,0.001929771,0.001929187,0.10636617577536502
32,100,0,AB,A,1,stage.schedule,10,0.006726964,0.005477794,0.37078048911427963
32,100,0,AB,A,1,stage.threshold,2,2.2063e-05,2.1508e-05,0.0012160805277578936
32,100,0,AB,A,2,stage.aggregate,1,5.9677e-05,5.9374e-05,0.005145852323342364
32,100,0,AB,A,2,stage.alloc_init,1,0.001979603,0.001979145,0.17069800252769934
32,100,0,AB,A,2,stage.candidates,1,0.000142882,0.000142606,0.01232048647994711
32,100,0,AB,A,2,stage.cleanup,1,0.001998151,0.00199772,0.17229736692090536
32,100,0,AB,A,2,stage.delivery,1,5.0294e-05,5.0008e-05,0.004336771230963032
32,100,0,AB,A,2,stage.leaf_distance,1,0.003809176,0.00380808,0.3284591579606879
32,100,0,AB,A,2,stage.node_plan,4,8.819e-05,8.7061e-05,0.0076044827386692205
32,100,0,AB,A,2,stage.node_prune,4,7.4755e-05,7.3614e-05,0.006446004162934772
32,100,0,AB,A,2,stage.output_alloc,1,5.875e-06,5.588e-06,0.0005065918595042712
32,100,0,AB,A,2,stage.pivot_distance,2,0.000106847,0.000106298,0.00921324602765155
32,100,0,AB,A,2,stage.pivot_sort,2,0.00020486,0.000204275,0.01766475035541191
32,100,0,AB,A,2,stage.result_sort,1,0.00293191,0.002931512,0.2528139129870924
32,100,0,AB,A,2,stage.schedule,10,0.00011695,0.000114287,0.01008441156919566
32,100,0,AB,A,2,stage.threshold,2,1.7474e-05,1.6937e-05,0.0015067550898685334
32,100,0,AB,A,3,stage.aggregate,1,5.8748e-05,5.8461e-05,0.00522826957074668
32,100,0,AB,A,3,stage.alloc_init,1,0.001984895,0.001984475,0.17664543694469992
32,100,0,AB,A,3,stage.candidates,1,0.000148669,0.000148391,0.013230775665781614
32,100,0,AB,A,3,stage.cleanup,1,0.00174348,0.001743053,0.15516074472672128
32,100,0,AB,A,3,stage.delivery,1,4.832e-05,4.8027e-05,0.004300231253123163
32,100,0,AB,A,3,stage.leaf_distance,1,0.003808206,0.003807764,0.33891072970884
32,100,0,AB,A,3,stage.node_plan,4,0.000102483,0.000101373,0.009120459427024444
32,100,0,AB,A,3,stage.node_prune,4,8.081e-05,7.9673e-05,0.0071916739976176074
32,100,0,AB,A,3,stage.output_alloc,1,6.196e-06,5.901e-06,0.0005514121035668691
32,100,0,AB,A,3,stage.pivot_distance,2,0.000111548,0.000111,0.009927197761245501
32,100,0,AB,A,3,stage.pivot_sort,2,0.000207009,0.000206403,0.018422735336874437
32,100,0,AB,A,3,stage.result_sort,1,0.002768225,0.002767805,0.24635777443453782
32,100,0,AB,A,3,stage.schedule,10,0.000136879,0.000134125,0.012181526359607727
32,100,0,AB,A,3,stage.threshold,2,2.1183e-05,2.066e-05,0.0018851779518813735
32,100,0,AB,A,4,stage.aggregate,1,5.9491e-05,5.9199e-05,0.004478689730113228
32,100,0,AB,A,4,stage.alloc_init,1,0.002000665,0.002000199,0.15061703096093496
32,100,0,AB,A,4,stage.candidates,1,0.000141648,0.00014137,0.010663754902272251
32,100,0,AB,A,4,stage.cleanup,1,0.003290578,0.001931457,0.24772617529939867
32,100,0,AB,A,4,stage.delivery,1,4.7308e-05,4.702e-05,0.0035615110479265202
32,100,0,AB,A,4,stage.leaf_distance,1,0.003802457,0.003802205,0.2862622096635988
32,100,0,AB,A,4,stage.node_plan,4,0.000102731,0.000101562,0.007733947566258124
32,100,0,AB,A,4,stage.node_prune,4,7.9769e-05,7.8615e-05,0.006005288213030578
32,100,0,AB,A,4,stage.output_alloc,1,5.781e-06,5.496e-06,0.0004352138193976328
32,100,0,AB,A,4,stage.pivot_distance,2,0.000110876,0.000110348,0.008347131541174871
32,100,0,AB,A,4,stage.pivot_sort,2,0.000206316,0.000205758,0.015532187227614947
32,100,0,AB,A,4,stage.result_sort,1,0.003267585,0.002477755,0.24599518215817573
32,100,0,AB,A,4,stage.schedule,10,0.000136252,0.000133425,0.01025752522410764
32,100,0,AB,A,4,stage.threshold,2,2.2192e-05,2.1643e-05,0.001670691070761506
32,100,0,AB,A,5,stage.aggregate,1,5.7618e-05,5.7296e-05,0.005247674326150911
32,100,0,AB,A,5,stage.alloc_init,1,0.001996357,0.001995948,0.18182219748571024
32,100,0,AB,A,5,stage.candidates,1,0.000143202,0.000142917,0.013042407908179086
32,100,0,AB,A,5,stage.cleanup,1,0.001548367,0.001547976,0.14102061427608223
32,100,0,AB,A,5,stage.delivery,1,4.8652e-05,4.8353e-05,0.004431077984586312
32,100,0,AB,A,5,stage.leaf_distance,1,0.003822562,0.003822167,0.34814746203478214
32,100,0,AB,A,5,stage.node_plan,4,9.7962e-05,9.6868e-05,0.008922084632205136
32,100,0,AB,A,5,stage.node_prune,4,7.7166e-05,7.5985e-05,0.0070280474339921755
32,100,0,AB,A,5,stage.output_alloc,1,5.764e-06,5.478e-06,0.0005249678020051694
32,100,0,AB,A,5,stage.pivot_distance,2,0.000109424,0.000108892,0.009966009154513126
32,100,0,AB,A,5,stage.pivot_sort,2,0.000202867,0.000202113,0.018476516844098314
32,100,0,AB,A,5,stage.result_sort,1,0.002723155,0.002722753,0.24801677565395333
32,100,0,AB,A,5,stage.schedule,10,0.000118805,0.000116163,0.010820402449206132
32,100,0,AB,A,5,stage.threshold,2,1.9353e-05,1.8795e-05,0.0017626130937206874
32,100,0,AB,A,6,stage.aggregate,1,5.9175e-05,5.8881e-05,0.005297271128793648
32,100,0,AB,A,6,stage.alloc_init,1,0.001984723,0.001984261,0.17766989178796305
32,100,0,AB,A,6,stage.candidates,1,0.000146269,0.000145976,0.013093815813054804
32,100,0,AB,A,6,stage.cleanup,1,0.001701071,0.00169829,0.1522777236388363
32,100,0,AB,A,6,stage.delivery,1,5.0303e-05,4.9982e-05,0.004503060914097285
32,100,0,AB,A,6,stage.leaf_distance,1,0.00381676,0.003816395,0.34167152604198464
32,100,0,AB,A,6,stage.node_plan,4,0.00010229,0.000101165,0.0091568713775125
32,100,0,AB,A,6,stage.node_prune,4,8.2476e-05,8.1196e-05,0.007383147167188591
32,100,0,AB,A,6,stage.output_alloc,1,6.9e-06,6.594e-06,0.0006176792697706155
32,100,0,AB,A,6,stage.pivot_distance,2,0.000110606,0.000110065,0.009901309175688216
32,100,0,AB,A,6,stage.pivot_sort,2,0.00021039,0.000209747,0.01883384660391881
32,100,0,AB,A,6,stage.result_sort,1,0.002728552,0.002728259,0.24425652273784815
32,100,0,AB,A,6,stage.schedule,10,0.000138379,0.000135747,0.012387512995882317
32,100,0,AB,A,6,stage.threshold,2,2.2703e-05,2.2174e-05,0.002032343835014823
32,100,0,AB,A,7,stage.aggregate,1,5.7292e-05,5.6999e-05,0.004965366714501467
32,100,0,AB,A,7,stage.alloc_init,1,0.001994874,0.001994449,0.17289117083055927
32,100,0,AB,A,7,stage.candidates,1,0.000141635,0.000141364,0.012275181781198342
32,100,0,AB,A,7,stage.cleanup,1,0.001958307,0.001957895,0.16972199250462933
32,100,0,AB,A,7,stage.delivery,1,4.8289e-05,4.8009e-05,0.004185097278443087
32,100,0,AB,A,7,stage.leaf_distance,1,0.003822608,0.003822244,0.3312966998147564
32,100,0,AB,A,7,stage.node_plan,4,0.000101041,9.9937e-05,0.008756992567896787
32,100,0,AB,A,7,stage.node_prune,4,8.0498e-05,7.9351e-05,0.006976577703413027
32,100,0,AB,A,7,stage.output_alloc,1,5.712e-06,5.407e-06,0.0004950459867561331
32,100,0,AB,A,7,stage.pivot_distance,2,0.000108955,0.000108385,0.009442880862572564
32,100,0,AB,A,7,stage.pivot_sort,2,0.000211995,0.000211401,0.018373122192291046
32,100,0,AB,A,7,stage.result_sort,1,0.00284594,0.002845506,0.24665111616749819
32,100,0,AB,A,7,stage.schedule,10,0.000131253,0.00012864,0.011375397566474571
32,100,0,AB,A,7,stage.threshold,2,2.0756e-05,2.022e-05,0.0017988750877293942
32,100,0,AB,B,0,stage.aggregate,1,0.000290907,0.000290636,0.015454019289700643
32,100,0,AB,B,0,stage.alloc_init,1,0.00306353,0.003063088,0.16274566000328836
32,100,0,AB,B,0,stage.candidates,1,0.000517365,0.000516552,0.02748427741448632
32,100,0,AB,B,0,stage.cleanup,1,0.001575567,0.001575312,0.08369974875206086
32,100,0,AB,B,0,stage.delivery,1,5.4819e-05,5.4417e-05,0.002912181155634273
32,100,0,AB,B,0,stage.leaf_distance,1,0.004901821,0.004901459,0.2604022463834135
32,100,0,AB,B,0,stage.node_plan,4,0.000107578,0.000106387,0.005714927750612449
32,100,0,AB,B,0,stage.node_prune,4,8.0143e-05,7.9055e-05,0.004257482521680394
32,100,0,AB,B,0,stage.output_alloc,1,6.078e-06,5.769e-06,0.0003228850775086213
32,100,0,AB,B,0,stage.pivot_distance,2,0.000109745,0.000109189,0.005830046533593887
32,100,0,AB,B,0,stage.pivot_sort,2,0.00020879,0.000208213,0.011091670834653676
32,100,0,AB,B,0,stage.result_sort,1,0.001959575,0.001959321,0.10409962582411263
32,100,0,AB,B,0,stage.schedule,10,0.005912599,0.00521615,0.31409838538867996
32,100,0,AB,B,0,stage.threshold,2,2.2814e-05,2.2229e-05,0.0012119611974797115
32,100,0,AB,B,1,stage.aggregate,1,0.000290895,0.000290448,0.015056241385148328
32,100,0,AB,B,1,stage.alloc_init,1,0.003048706,0.003048422,0.15779595197012675
32,100,0,AB,B,1,stage.candidates,1,0.000137959,0.000137694,0.007140528387403283
32,100,0,AB,B,1,stage.cleanup,1,0.00136086,0.001360477,0.07043585022565858
32,100,0,AB,B,1,stage.delivery,1,4.8224e-05,4.7944e-05,0.0024959940341270663
32,100,0,AB,B,1,stage.leaf_distance,1,0.004912214,0.004911842,0.2542480266745905
32,100,0,AB,B,1,stage.node_plan,4,0.000108846,0.00010774,0.005633687927973512
32,100,0,AB,B,1,stage.node_prune,4,8.0073e-05,7.895e-05,0.004144445303057743
32,100,0,AB,B,1,stage.output_alloc,1,5.716e-06,5.44e-06,0.0002958506531824467
32,100,0,AB,B,1,stage.pivot_distance,2,0.000110823,0.000110271,0.00573601415983875
32,100,0,AB,B,1,stage.pivot_sort,2,0.000205283,0.000204629,0.01062510665452278
32,100,0,AB,B,1,stage.result_sort,1,0.002087905,0.002087586,0.10806649020869427
32,100,0,AB,B,1,stage.schedule,10,0.006891505,0.00547545,0.35669283688945025
32,100,0,AB,B,1,stage.threshold,2,2.1018e-05,2.0463e-05,0.0010878567229861207
32,100,0,AB,B,2,stage.aggregate,1,5.7918e-05,5.7654e-05,0.0048470125571418235
32,100,0,AB,B,2,stage.alloc_init,1,0.001996933,0.001996446,0.1671183280978434
32,100,0,AB,B,2,stage.candidates,1,0.000140144,0.000139852,0.011728300835803788
32,100,0,AB,B,2,stage.cleanup,1,0.001896201,0.001895752,0.15868831896586352
32,100,0,AB,B,2,stage.delivery,1,5.022e-05,4.9924e-05,0.004202786191160993
32,100,0,AB,B,2,stage.leaf_distance,1,0.004899314,0.004898927,0.4100113346348413
32,100,0,AB,B,2,stage.node_plan,4,0.000103771,0.000102668,0.008684335440919304
32,100,0,AB,B,2,stage.node_prune,4,8.1518e-05,8.0418e-05,0.0068220375294914745
32,100,0,AB,B,2,stage.output_alloc,1,6.245e-06,5.96e-06,0.000522628430183202
32,100,0,AB,B,2,stage.pivot_distance,2,0.000109419,0.000108888,0.009157002434301967
32,100,0,AB,B,2,stage.pivot_sort,2,0.000210866,0.000210287,0.017646848127944127
32,100,0,AB,B,2,stage.result_sort,1,0.002225238,0.002224826,0.18622460251785555
32,100,0,AB,B,2,stage.schedule,10,0.000139041,0.000136236,0.011635993524596091
32,100,0,AB,B,2,stage.threshold,2,2.1513e-05,2.0953e-05,0.0018003691622948317
32,100,0,AB,B,3,stage.aggregate,1,5.674e-05,5.6445e-05,0.004689234883643091
32,100,0,AB,B,3,stage.alloc_init,1,0.001998391,0.001997874,0.1651555302847797
32,100,0,AB,B,3,stage.candidates,1,0.000135445,0.000135164,0.011193750772207233
32,100,0,AB,B,3,stage.cleanup,1,0.001982192,0.001981832,0.16381677603944775
32,100,0,AB,B,3,stage.delivery,1,4.881e-05,4.8523e-05,0.004033865961766289
32,100,0,AB,B,3,stage.leaf_distance,1,0.004904846,0.004904479,0.40535733102039617
32,100,0,AB,B,3,stage.node_plan,4,8.7434e-05,8.6316e-05,0.007225917568143285
32,100,0,AB,B,3,stage.node_prune,4,7.4863e-05,7.3759e-05,0.006186996670676291
32,100,0,AB,B,3,stage.output_alloc,1,5.456e-06,5.184e-06,0.0004509070413316303
32,100,0,AB,B,3,stage.pivot_distance,2,0.000106446,0.000105862,0.008797150095598739
32,100,0,AB,B,3,stage.pivot_sort,2,0.000201,0.00020041,0.016611494741139606
32,100,0,AB,B,3,stage.result_sort,1,0.002346311,0.002346024,0.19390911859491547
32,100,0,AB,B,3,stage.schedule,10,0.000118004,0.000115388,0.009752352365340488
32,100,0,AB,B,3,stage.threshold,2,1.981e-05,1.9266e-05,0.0016371826409053512
32,100,0,AB,B,4,stage.aggregate,1,5.686e-05,5.6429e-05,0.004882109002399497
32,100,0,AB,B,4,stage.alloc_init,1,0.00200294,0.002002608,0.17197628218899136
32,100,0,AB,B,4,stage.candidates,1,0.000143284,0.000143002,0.012302639927889722
32,100,0,AB,B,4,stage.cleanup,1,0.001484142,0.001483781,0.12743128770733722
32,100,0,AB,B,4,stage.delivery,1,4.937e-05,4.9069e-05,0.00423900319114427
32,100,0,AB,B,4,stage.leaf_distance,1,0.004906647,0.004906276,0.4212941521332481
32,100,0,AB,B,4,stage.node_plan,4,0.000103159,0.000102014,0.008857430224736718
32,100,0,AB,B,4,stage.node_prune,4,8.0411e-05,7.9304e-05,0.0069042431760806535
32,100,0,AB,B,4,stage.output_alloc,1,5.602e-06,5.283e-06,0.00048099849861839576
32,100,0,AB,B,4,stage.pivot_distance,2,0.000109012,0.00010845,0.009359980066295709
32,100,0,AB,B,4,stage.pivot_sort,2,0.000203196,0.000202619,0.01744679952253901
32,100,0,AB,B,4,stage.result_sort,1,0.002335607,0.00233518,0.2005397108822948
32,100,0,AB,B,4,stage.schedule,10,0.000135537,0.000132712,0.0116374676021495
32,100,0,AB,B,4,stage.threshold,2,2.1273e-05,2.0699e-05,0.0018265407106585387
32,100,0,AB,B,5,stage.aggregate,1,5.7045e-05,5.6774e-05,0.0047542690077000075
32,100,0,AB,B,5,stage.alloc_init,1,0.00198816,0.001987659,0.1656980887080173
32,100,0,AB,B,5,stage.candidates,1,0.000139404,0.000139119,0.011618268327625768
32,100,0,AB,B,5,stage.cleanup,1,0.001939311,0.001938884,0.16162689426929108
32,100,0,AB,B,5,stage.delivery,1,4.5955e-05,4.5678e-05,0.0038300014418240665
32,100,0,AB,B,5,stage.leaf_distance,1,0.004906158,0.004905843,0.40889113728248666
32,100,0,AB,B,5,stage.node_plan,4,0.000105027,0.000103849,0.008753205558273445
32,100,0,AB,B,5,stage.node_prune,4,7.9689e-05,7.8573e-05,0.0066414750276905235
32,100,0,AB,B,5,stage.output_alloc,1,5.938e-06,5.636e-06,0.0004948873585366402
32,100,0,AB,B,5,stage.pivot_distance,2,0.000110944,0.000110358,0.009246342725747562
32,100,0,AB,B,5,stage.pivot_sort,2,0.00020689,0.000206137,0.01724271566312656
32,100,0,AB,B,5,stage.result_sort,1,0.002244682,0.002244252,0.18707725593377278
32,100,0,AB,B,5,stage.schedule,10,0.000137057,0.000134327,0.011422663640780786
32,100,0,AB,B,5,stage.threshold,2,2.1927e-05,2.1365e-05,0.0018274494965700421
32,100,0,AB,B,6,stage.aggregate,1,5.7341e-05,5.7073e-05,0.0049869297581363855
32,100,0,AB,B,6,stage.alloc_init,1,0.001984918,0.001984511,0.17262772957675238
32,100,0,AB,B,6,stage.candidates,1,0.000144589,0.0001443,0.01257486243349753
32,100,0,AB,B,6,stage.cleanup,1,0.001393885,0.001393463,0.12122576491376041
32,100,0,AB,B,6,stage.delivery,1,4.7952e-05,4.7673e-05,0.004170371213654382
32,100,0,AB,B,6,stage.leaf_distance,1,0.004917479,0.004917116,0.4276716897178416
32,100,0,AB,B,6,stage.node_plan,4,0.000106799,0.000105497,0.009288277344992376
32,100,0,AB,B,6,stage.node_prune,4,8.0157e-05,7.9067e-05,0.006971230509111076
32,100,0,AB,B,6,stage.output_alloc,1,6.009e-06,5.733e-06,0.0005226009472566146
32,100,0,AB,B,6,stage.pivot_distance,2,0.000109967,0.000109418,0.009563797365113686
32,100,0,AB,B,6,stage.pivot_sort,2,0.000209263,0.000208677,0.018199541026087694
32,100,0,AB,B,6,stage.result_sort,1,0.002275917,0.002275476,0.1979358262734952
32,100,0,AB,B,6,stage.schedule,10,0.000132506,0.000129812,0.011524007508268428
32,100,0,AB,B,6,stage.threshold,2,2.1104e-05,2.0539e-05,0.0018354086188889325
32,100,0,AB,B,7,stage.aggregate,1,5.5751e-05,5.5468e-05,0.0037067347869190977
32,100,0,AB,B,7,stage.alloc_init,1,0.003052685,0.001629843,0.2029648559309452
32,100,0,AB,B,7,stage.candidates,1,0.000138005,0.000137729,0.00917558311543775
32,100,0,AB,B,7,stage.cleanup,1,0.001866528,0.001866105,0.12410045144227959
32,100,0,AB,B,7,stage.delivery,1,4.9447e-05,4.9161e-05,0.0032875986979388466
32,100,0,AB,B,7,stage.leaf_distance,1,0.004921764,0.004921377,0.32723491653613546
32,100,0,AB,B,7,stage.node_plan,4,0.000103331,0.000102208,0.00687020165139885
32,100,0,AB,B,7,stage.node_prune,4,8.0883e-05,7.9775e-05,0.005377694207644301
32,100,0,AB,B,7,stage.output_alloc,1,5.656e-06,5.363e-06,0.000376052303184058
32,100,0,AB,B,7,stage.pivot_distance,2,0.000112582,0.000112036,0.007485275883498518
32,100,0,AB,B,7,stage.pivot_sort,2,0.000207683,0.00020695,0.01380828686035621
32,100,0,AB,B,7,stage.result_sort,1,0.004278992,0.004193923,0.284498726468557
32,100,0,AB,B,7,stage.schedule,10,0.000137197,0.000134453,0.00912186135784003
32,100,0,AB,B,7,stage.threshold,2,2.0755e-05,2.0195e-05,0.0013799444046296188
32,100,1,BA,B,0,stage.aggregate,1,0.000276357,0.000275702,0.014338692985617466
32,100,1,BA,B,0,stage.alloc_init,1,0.003062821,0.003062371,0.15891347057936608
32,100,1,BA,B,0,stage.candidates,1,0.000136524,0.000136247,0.007083503298879489
32,100,1,BA,B,0,stage.cleanup,1,0.001296244,0.001295806,0.0672551979882859
32,100,1,BA,B,0,stage.delivery,1,4.8582e-05,4.8307e-05,0.002520661255648555
32,100,1,BA,B,0,stage.leaf_distance,1,0.004922195,0.00492181,0.25538648530828373
32,100,1,BA,B,0,stage.node_plan,4,0.00010771,0.00010656,0.005588498288376474
32,100,1,BA,B,0,stage.node_prune,4,7.9336e-05,7.8199e-05,0.004116322534645213
32,100,1,BA,B,0,stage.output_alloc,1,6.412e-06,6.079e-06,0.0003326845327738367
32,100,1,BA,B,0,stage.pivot_distance,2,0.000112351,0.000111803,0.005829295062643999
32,100,1,BA,B,0,stage.pivot_sort,2,0.000211186,0.000210573,0.010957316864999294
32,100,1,BA,B,0,stage.result_sort,1,0.002058337,0.002058088,0.10679614521773248
32,100,1,BA,B,0,stage.schedule,10,0.006919959,0.005505636,0.35903982013866287
32,100,1,BA,B,0,stage.threshold,2,2.2701e-05,2.2138e-05,0.0011778339953990747
32,100,1,BA,B,1,stage.aggregate,1,5.6718e-05,5.6421e-05,0.004885840701332377
32,100,1,BA,B,1,stage.alloc_init,1,0.001991154,0.001990705,0.17152334806976216
32,100,1,BA,B,1,stage.candidates,1,0.000142631,0.000142322,0.012286617036421213
32,100,1,BA,B,1,stage.cleanup,1,0.001675142,0.001674719,0.144301226490908
32,100,1,BA,B,1,stage.delivery,1,4.8731e-05,4.8292e-05,0.004197819091234319
32,100,1,BA,B,1,stage.leaf_distance,1,0.00491743,0.004917059,0.42360061426624485
32,100,1,BA,B,1,stage.node_plan,4,0.000103915,0.000102788,0.00895151691665704
32,100,1,BA,B,1,stage.node_prune,4,7.9616e-05,7.8496e-05,0.006858335859467516
32,100,1,BA,B,1,stage.output_alloc,1,6.081e-06,5.8e-06,0.0005238336560668956
32,100,1,BA,B,1,stage.pivot_distance,2,0.000109887,0.00010933,0.009465961020263602
32,100,1,BA,B,1,stage.pivot_sort,2,0.000205774,0.000205009,0.017725924476814568
32,100,1,BA,B,1,stage.result_sort,1,0.002099212,0.002098764,0.180831754122595
32,100,1,BA,B,1,stage.schedule,10,0.000140774,0.000138121,0.012126650073863045
32,100,1,BA,B,1,stage.threshold,2,2.1073e-05,2.0504e-05,0.0018152847614368842
32,100,1,BA,B,2,stage.aggregate,1,5.8029e-05,5.756e-05,0.005088573662165676
32,100,1,BA,B,2,stage.alloc_init,1,0.001999243,0.001998804,0.1753139856635319
32,100,1,BA,B,2,stage.candidates,1,0.000142185,0.000141906,0.012468228750366654
32,100,1,BA,B,2,stage.cleanup,1,0.001520408,0.001519986,0.1333248566155886
32,100,1,BA,B,2,stage.delivery,1,4.8028e-05,4.7745e-05,0.004211584136319652
32,100,1,BA,B,2,stage.leaf_distance,1,0.004924063,0.004923669,0.43179198836175886
32,100,1,BA,B,2,stage.node_plan,4,0.000103913,0.00010279,0.009112150044919297
32,100,1,BA,B,2,stage.node_prune,4,8.1238e-05,8.0123e-05,0.0071237751325546736
32,100,1,BA,B,2,stage.output_alloc,1,5.988e-06,5.671e-06,0.0005250888191946797
32,100,1,BA,B,2,stage.pivot_distance,2,0.000109414,0.000108857,0.009594533744717216
32,100,1,BA,B,2,stage.pivot_sort,2,0.000206242,0.000205658,0.01808539883906966
32,100,1,BA,B,2,stage.result_sort,1,0.002034993,0.002034666,0.1784489097260252
32,100,1,BA,B,2,stage.schedule,10,0.000137844,0.000135222,0.012087565663505582
32,100,1,BA,B,2,stage.threshold,2,2.1483e-05,2.0933e-05,0.001883848213553658
32,100,1,BA,B,3,stage.aggregate,1,5.7906e-05,5.7636e-05,0.004817319789554021
32,100,1,BA,B,3,stage.alloc_init,1,0.002002321,0.002001861,0.16657722133007974
32,100,1,BA,B,3,stage.candidates,1,0.000144867,0.000144575,0.01205178506464481
32,100,1,BA,B,3,stage.cleanup,1,0.001959111,0.001958687,0.16298249214646096
32,100,1,BA,B,3,stage.delivery,1,4.9899e-05,4.9622e-05,0.004151200914913068
32,100,1,BA,B,3,stage.leaf_distance,1,0.004918423,0.004918044,0.40917377217037365
32,100,1,BA,B,3,stage.node_plan,4,0.000102714,0.000101576,0.008544989895075671
32,100,1,BA,B,3,stage.node_prune,4,7.9588e-05,7.8464e-05,0.006621090170466367
32,100,1,BA,B,3,stage.output_alloc,1,5.499e-06,5.207e-06,0.00045747317243044873
32,100,1,BA,B,3,stage.pivot_distance,2,0.000110305,0.000109746,0.009176500870147417
32,100,1,BA,B,3,stage.pivot_sort,2,0.000206673,0.000205949,0.017193553912660142
32,100,1,BA,B,3,stage.result_sort,1,0.002216473,0.00221604,0.18439296870638916
32,100,1,BA,B,3,stage.schedule,10,0.000134586,0.000131925,0.01119648743130103
32,100,1,BA,B,3,stage.threshold,2,2.2242e-05,2.1675e-05,0.0018503579380247392
32,100,1,BA,B,4,stage.aggregate,1,5.7908e-05,5.7618e-05,0.004980057153525991
32,100,1,BA,B,4,stage.alloc_init,1,0.001998771,0.001998343,0.17189324129326342
32,100,1,BA,B,4,stage.candidates,1,0.000143885,0.000143606,0.012374033355237398
32,100,1,BA,B,4,stage.cleanup,1,0.001490699,0.001490249,0.12819931993341233
32,100,1,BA,B,4,stage.delivery,1,4.8626e-05,4.8344e-05,0.004181810097868254
32,100,1,BA,B,4,stage.leaf_distance,1,0.004917991,0.004917556,0.4229446062811087
32,100,1,BA,B,4,stage.node_plan,4,9.9775e-05,9.8494e-05,0.0085805968517831
32,100,1,BA,B,4,stage.node_prune,4,7.477e-05,7.365e-05,0.006430180171464018
32,100,1,BA,B,4,stage.output_alloc,1,5.314e-06,5.019e-06,0.00045700116933475716
32,100,1,BA,B,4,stage.pivot_distance,2,0.000108291,0.000107741,0.009312968315474254
32,100,1,BA,B,4,stage.pivot_sort,2,0.000205538,0.000204975,0.017676158513874166
32,100,1,BA,B,4,stage.result_sort,1,0.002331043,0.002330778,0.2004684562983817
32,100,1,BA,B,4,stage.schedule,10,0.000117157,0.000114523,0.010075439592727163
32,100,1,BA,B,4,stage.threshold,2,1.9311e-05,1.8753e-05,0.001660735713402991
32,100,1,BA,B,5,stage.aggregate,1,5.7368e-05,5.7083e-05,0.004822910945547967
32,100,1,BA,B,5,stage.alloc_init,1,0.001999928,0.001999633,0.168133360784895
32,100,1,BA,B,5,stage.candidates,1,0.000142614,0.000142336,0.01198951718010699
32,100,1,BA,B,5,stage.cleanup,1,0.001855881,0.001855413,0.15602337171479755
32,100,1,BA,B,5,stage.delivery,1,4.9651e-05,4.9362e-05,0.004174145017386036
32,100,1,BA,B,5,stage.leaf_distance,1,0.004925716,0.004925355,0.41410350040197935
32,100,1,BA,B,5,stage.node_plan,4,0.000109006,0.000107852,0.009164102470548071
32,100,1,BA,B,5,stage.node_prune,4,8.01e-05,7.8981e-05,0.006733983522841865
32,100,1,BA,B,5,stage.output_alloc,1,6.086e-06,5.772e-06,0.0005116482362049387
32,100,1,BA,B,5,stage.pivot_distance,2,0.000110228,0.000109666,0.009266835652382188
32,100,1,BA,B,5,stage.pivot_sort,2,0.00020628,0.000205714,0.0173418991397231
32,100,1,BA,B,5,stage.result_sort,1,0.002178625,0.002178215,0.18315636519914308
32,100,1,BA,B,5,stage.schedule,10,0.000140976,0.000138129,0.011851811000201683
32,100,1,BA,B,5,stage.threshold,2,2.2238e-05,2.1666e-05,0.0018695421420843621
32,100,1,BA,B,6,stage.aggregate,1,5.7179e-05,5.6905e-05,0.0048035806876213305
32,100,1,BA,B,6,stage.alloc_init,1,0.001987613,0.001987158,0.166978426017683
32,100,1,BA,B,6,stage.candidates,1,0.000140021,0.000139727,0.011763097841190407
32,100,1,BA,B,6,stage.cleanup,1,0.001881527,0.001881085,0.15806619144157993
32,100,1,BA,B,6,stage.delivery,1,4.7612e-05,4.7333e-05,0.003999861552301138
32,100,1,BA,B,6,stage.leaf_distance,1,0.004919853,0.004919477,0.41331451855988854
32,100,1,BA,B,6,stage.node_plan,4,0.000106779,0.000105647,0.008970453177626717
32,100,1,BA,B,6,stage.node_prune,4,8.0196e-05,7.9091e-05,0.006737227947751451
32,100,1,BA,B,6,stage.output_alloc,1,6.451e-06,6.135e-06,0.0005419454522787247
32,100,1,BA,B,6,stage.pivot_distance,2,0.000109242,0.000108695,0.009177368640184848
32,100,1,BA,B,6,stage.pivot_sort,2,0.000205961,0.000205337,0.017302685986169342
32,100,1,BA,B,6,stage.result_sort,1,0.002193136,0.0021927,0.18424431583146075
32,100,1,BA,B,6,stage.schedule,10,0.000136908,0.00013412,0.011501576186726967
32,100,1,BA,B,6,stage.threshold,2,2.1607e-05,2.1051e-05,0.0018151938284585967
32,100,1,BA,B,7,stage.aggregate,1,5.6573e-05,5.6286e-05,0.004724018628196696
32,100,1,BA,B,7,stage.alloc_init,1,0.002009815,0.002009409,0.1678257030602786
32,100,1,BA,B,7,stage.candidates,1,0.000139062,0.000138772,0.011612102566140894
32,100,1,BA,B,7,stage.cleanup,1,0.001911581,0.00191113,0.15962286343851073
32,100,1,BA,B,7,stage.delivery,1,4.8545e-05,4.8261e-05,0.0040536560604141295
32,100,1,BA,B,7,stage.leaf_distance,1,0.004920615,0.00492025,0.41088641087062877
32,100,1,BA,B,7,stage.node_plan,4,0.000101316,0.000100169,0.008460196053495067
32,100,1,BA,B,7,stage.node_prune,4,8.0246e-05,7.9139e-05,0.0067007865737767494
32,100,1,BA,B,7,stage.output_alloc,1,5.455e-06,5.163e-06,0.0004555091937286864
32,100,1,BA,B,7,stage.pivot_distance,2,0.000113085,0.000112519,0.009442943569717416
32,100,1,BA,B,7,stage.pivot_sort,2,0.000203558,0.000202985,0.016997715940792656
32,100,1,BA,B,7,stage.result_sort,1,0.002225303,0.002224896,0.1858196105099958
32,100,1,BA,B,7,stage.schedule,10,0.000127565,0.000124888,0.010652067882309785
32,100,1,BA,B,7,stage.threshold,2,2.4291e-05,2.3558e-05,0.00202837283682191
32,100,1,BA,A,0,stage.aggregate,1,5.8974e-05,5.8691e-05,0.003425566421712006
32,100,1,BA,A,0,stage.alloc_init,1,0.003069233,0.003068785,0.17827960635551948
32,100,1,BA,A,0,stage.candidates,1,0.000149054,0.000148776,0.008657957361241586
32,100,1,BA,A,0,stage.cleanup,1,0.001479238,0.001478967,0.0859230851310819
32,100,1,BA,A,0,stage.delivery,1,5.291e-05,5.2596e-05,0.003073332644432839
32,100,1,BA,A,0,stage.leaf_distance,1,0.003789881,0.003789632,0.22013919856011666
32,100,1,BA,A,0,stage.node_plan,4,0.000108809,0.000107606,0.006320284477567431
32,100,1,BA,A,0,stage.node_prune,4,8.1017e-05,7.9888e-05,0.0047059571130980025
32,100,1,BA,A,0,stage.output_alloc,1,5.993e-06,5.694e-06,0.00034810966807949357
32,100,1,BA,A,0,stage.pivot_distance,2,0.000107696,0.000107146,0.006255634709409166
32,100,1,BA,A,0,stage.pivot_sort,2,0.000208264,0.000207681,0.012097232089589127
32,100,1,BA,A,0,stage.result_sort,1,0.002138746,0.002138476,0.12423129654035449
32,100,1,BA,A,0,stage.schedule,10,0.00593265,0.005223663,0.344604175259771
32,100,1,BA,A,0,stage.threshold,2,2.1076e-05,2.0531e-05,0.0012242214858073429
32,100,1,BA,A,1,stage.aggregate,1,5.8456e-05,5.8035e-05,0.005337610044378426
32,100,1,BA,A,1,stage.alloc_init,1,0.00197475,0.001974316,0.18031417536499753
32,100,1,BA,A,1,stage.candidates,1,0.000145518,0.000145236,0.013287230368787801
32,100,1,BA,A,1,stage.cleanup,1,0.001557354,0.001556936,0.14220179884105855
32,100,1,BA,A,1,stage.delivery,1,4.825e-05,4.7956e-05,0.004405701461633691
32,100,1,BA,A,1,stage.leaf_distance,1,0.003806189,0.003805813,0.3475426412550068
32,100,1,BA,A,1,stage.node_plan,4,9.2399e-05,9.125e-05,0.008436941126497231
32,100,1,BA,A,1,stage.node_prune,4,7.3766e-05,7.2637e-05,0.00673556422837038
32,100,1,BA,A,1,stage.output_alloc,1,6.433e-06,6.119e-06,0.000587396424926208
32,100,1,BA,A,1,stage.pivot_distance,2,0.000107731,0.000107165,0.009836904127735942
32,100,1,BA,A,1,stage.pivot_sort,2,0.000206002,0.000205362,0.01881001683936712
32,100,1,BA,A,1,stage.result_sort,1,0.002718741,0.002718481,0.2482479004663926
32,100,1,BA,A,1,stage.schedule,10,0.000127135,0.000124267,0.01160868093937408
32,100,1,BA,A,1,stage.threshold,2,1.8619e-05,1.8074e-05,0.001700098559878916
32,100,1,BA,A,2,stage.aggregate,1,5.9272e-05,5.8997e-05,0.005426663050844478
32,100,1,BA,A,2,stage.alloc_init,1,0.0019919,0.001991475,0.18236891164423533
32,100,1,BA,A,2,stage.candidates,1,0.000150781,0.000150512,0.013804792844334278
32,100,1,BA,A,2,stage.cleanup,1,0.001526082,0.001525672,0.13972082605545355
32,100,1,BA,A,2,stage.delivery,1,4.1694e-05,4.1371e-05,0.0038173047854283587
32,100,1,BA,A,2,stage.leaf_distance,1,0.003813825,0.003813437,0.3491757188872814
32,100,1,BA,A,2,stage.node_plan,4,0.000102936,0.000101804,0.009424331687841262
32,100,1,BA,A,2,stage.node_prune,4,8.0918e-05,7.9764e-05,0.007408468091986664
32,100,1,BA,A,2,stage.output_alloc,1,5.804e-06,5.51e-06,0.0005313866977173261
32,100,1,BA,A,2,stage.pivot_distance,2,0.000109658,0.000109108,0.01003976610928438
32,100,1,BA,A,2,stage.pivot_sort,2,0.000212075,0.000211276,0.019416580619986547
32,100,1,BA,A,2,stage.result_sort,1,0.002663773,0.002663349,0.24388241522029203
32,100,1,BA,A,2,stage.schedule,10,0.000132719,0.000129989,0.01215112183569018
32,100,1,BA,A,2,stage.threshold,2,2.1388e-05,2.084e-05,0.0019581837854545435
32,100,1,BA,A,3,stage.aggregate,1,5.7753e-05,5.7484e-05,0.005199301142193365
32,100,1,BA,A,3,stage.alloc_init,1,0.002001723,0.0020013,0.1802081394949999
32,100,1,BA,A,3,stage.candidates,1,0.000151478,0.000151182,0.01363703597072302
32,100,1,BA,A,3,stage.cleanup,1,0.001647997,0.001647579,0.1483634215440105
32,100,1,BA,A,3,stage.delivery,1,4.9741e-05,4.9458e-05,0.004478008728790541
32,100,1,BA,A,3,stage.leaf_distance,1,0.003811719,0.003811323,0.3431557659415121
32,100,1,BA,A,3,stage.node_plan,4,0.000104549,0.000103434,0.009412181793416343
32,100,1,BA,A,3,stage.node_prune,4,7.886e-05,7.7765e-05,0.007099490729024791
32,100,1,BA,A,3,stage.output_alloc,1,6.073e-06,5.76e-06,0.0005467310068141967
32,100,1,BA,A,3,stage.pivot_distance,2,0.000112556,0.000111832,0.010133024074259629
32,100,1,BA,A,3,stage.pivot_sort,2,0.000208576,0.000207992,0.018777369747616977
32,100,1,BA,A,3,stage.result_sort,1,0.002712219,0.002711908,0.24417161609922508
32,100,1,BA,A,3,stage.schedule,10,0.000134533,0.000131788,0.012111536726450572
32,100,1,BA,A,3,stage.threshold,2,1.9284e-05,1.8709e-05,0.0017360712556240688
32,100,1,BA,A,4,stage.aggregate,1,5.8853e-05,5.8571e-05,0.005186389879432496
32,100,1,BA,A,4,stage.alloc_init,1,0.001996658,0.001996188,0.1759544431700666
32,100,1,BA,A,4,stage.candidates,1,0.000145738,0.00014539,0.012843085114586055
32,100,1,BA,A,4,stage.cleanup,1,0.001820046,0.00181963,0.16039060293445698
32,100,1,BA,A,4,stage.delivery,1,4.8129e-05,4.7817e-05,0.004241342981788636
32,100,1,BA,A,4,stage.leaf_distance,1,0.003812947,0.003812627,0.3360139624422289
32,100,1,BA,A,4,stage.node_plan,4,0.000103153,0.000101981,0.009090304236540198
32,100,1,BA,A,4,stage.node_prune,4,8.011e-05,7.9021e-05,0.007059651899501083
32,100,1,BA,A,4,stage.output_alloc,1,5.475e-06,5.179e-06,0.0004824815147892701
32,100,1,BA,A,4,stage.pivot_distance,2,0.000109059,0.000108512,0.0096107674011695
32,100,1,BA,A,4,stage.pivot_sort,2,0.000209337,0.000208714,0.01844771376464684
32,100,1,BA,A,4,stage.result_sort,1,0.002790624,0.002790209,0.24592228214197115
32,100,1,BA,A,4,stage.schedule,10,0.000135086,0.000132352,0.011904383179328465
32,100,1,BA,A,4,stage.threshold,2,2.2046e-05,2.147e-05,0.0019427922328847942
32,100,1,BA,A,5,stage.aggregate,1,5.7772e-05,5.7509e-05,0.005332474801075209
32,100,1,BA,A,5,stage.alloc_init,1,0.002004279,0.002003836,0.18499908713259394
32,100,1,BA,A,5,stage.candidates,1,0.000144506,0.000144224,0.013338201959498962
32,100,1,BA,A,5,stage.cleanup,1,0.001394674,0.001394251,0.128731287833462
32,100,1,BA,A,5,stage.delivery,1,4.9949e-05,4.9665e-05,0.004610395759864737
32,100,1,BA,A,5,stage.leaf_distance,1,0.003812447,0.003812049,0.3518967243289963
32,100,1,BA,A,5,stage.node_plan,4,0.000106062,0.000104861,0.009789741437922156
32,100,1,BA,A,5,stage.node_prune,4,8.1371e-05,8.0262e-05,0.007510711192935865
32,100,1,BA,A,5,stage.output_alloc,1,5.408e-06,5.113e-06,0.0004991695583364731
32,100,1,BA,A,5,stage.pivot_distance,2,0.000111222,0.000110681,0.010266020084559766
32,100,1,BA,A,5,stage.pivot_sort,2,0.000207986,0.000207206,0.019197536937901206
32,100,1,BA,A,5,stage.result_sort,1,0.002694852,0.00269461,0.24874039989315117
32,100,1,BA,A,5,stage.schedule,10,0.00013293,0.000130187,0.0122697132747166
32,100,1,BA,A,5,stage.threshold,2,2.1065e-05,2.0506e-05,0.0019443429634537364
32,100,1,BA,A,6,stage.aggregate,1,5.8565e-05,5.8292e-05,0.005430341463839805
32,100,1,BA,A,6,stage.alloc_init,1,0.001987442,0.001987017,0.18428222828612156
32,100,1,BA,A,6,stage.candidates,1,0.000146952,0.000146673,0.013625877892840211
32,100,1,BA,A,6,stage.cleanup,1,0.001361983,0.001361568,0.12628759084683563
32,100,1,BA,A,6,stage.delivery,1,4.9001e-05,4.8719e-05,0.004543535594119599
32,100,1,BA,A,6,stage.leaf_distance,1,0.003813143,0.003812758,0.35356729344233767
32,100,1,BA,A,6,stage.node_plan,4,0.000103096,0.000101941,0.009559403800154163
32,100,1,BA,A,6,stage.node_prune,4,7.9387e-05,7.8298e-05,0.007361026513956298
32,100,1,BA,A,6,stage.output_alloc,1,5.8e-06,5.495e-06,0.0005377952785839814
32,100,1,BA,A,6,stage.pivot_distance,2,0.000110911,0.000110368,0.01028403657638413
32,100,1,BA,A,6,stage.pivot_sort,2,0.00020487,0.000204049,0.018996227366120735
32,100,1,BA,A,6,stage.result_sort,1,0.002699222,0.002698967,0.2502808357672433
32,100,1,BA,A,6,stage.schedule,10,0.000133009,0.000130303,0.0123330365877891
32,100,1,BA,A,6,stage.threshold,2,2.2297e-05,2.1724e-05,0.0020674519528598332
32,100,1,BA,A,7,stage.aggregate,1,5.7577e-05,5.7157e-05,0.005137096147485703
32,100,1,BA,A,7,stage.alloc_init,1,0.001996703,0.001996197,0.17814848444644812
32,100,1,BA,A,7,stage.candidates,1,0.000146252,0.000145961,0.013048797015511038
32,100,1,BA,A,7,stage.cleanup,1,0.001528029,0.00152761,0.13633276984119405
32,100,1,BA,A,7,stage.delivery,1,4.9213e-05,4.892e-05,0.004390848997103251
32,100,1,BA,A,7,stage.leaf_distance,1,0.00381154,0.003811162,0.3400706436595803
32,100,1,BA,A,7,stage.node_plan,4,0.000103312,0.000102148,0.009217633381194626
32,100,1,BA,A,7,stage.node_prune,4,8.5106e-05,8.3811e-05,0.007593269964185668
32,100,1,BA,A,7,stage.output_alloc,1,6.179e-06,5.882e-06,0.0005512985583707757
32,100,1,BA,A,7,stage.pivot_distance,2,0.00010964,0.000109095,0.009782225916778096
32,100,1,BA,A,7,stage.pivot_sort,2,0.000209956,0.000209355,0.01873255221254161
32,100,1,BA,A,7,stage.result_sort,1,0.002934598,0.002934188,0.2618287177209519
32,100,1,BA,A,7,stage.schedule,10,0.000137897,0.000135201,0.012303352857040761
32,100,1,BA,A,7,stage.threshold,2,2.1604e-05,2.1042e-05,0.0019275374745172744
32,100,2,AB,A,0,stage.aggregate,1,0.000308444,0.000308066,0.016108066154182234
32,100,2,AB,A,0,stage.alloc_init,1,0.005166291,0.005165643,0.2698024834321831
32,100,2,AB,A,0,stage.candidates,1,0.000163925,0.000163633,0.008560758984854049
32,100,2,AB,A,0,stage.cleanup,1,0.001723039,0.001722657,0.08998335580603287
32,100,2,AB,A,0,stage.delivery,1,5.3093e-05,5.2797e-05,0.0027727093291618488
32,100,2,AB,A,0,stage.leaf_distance,1,0.003767315,0.003766998,0.19674287469895033
32,100,2,AB,A,0,stage.node_plan,4,0.000111611,0.000110417,0.0058287318655393956
32,100,2,AB,A,0,stage.node_prune,4,0.000103252,0.000102058,0.005392194520080221
32,100,2,AB,A,0,stage.output_alloc,1,5.935e-06,5.631e-06,0.0003099472598756064
32,100,2,AB,A,0,stage.pivot_distance,2,0.000197376,0.000196737,0.010307691721180741
32,100,2,AB,A,0,stage.pivot_sort,2,0.000214059,0.000213452,0.01117893858495576
32,100,2,AB,A,0,stage.result_sort,1,0.001983451,0.001983138,0.10358301643597834
32,100,2,AB,A,0,stage.schedule,10,0.005265141,0.003325218,0.27496478952126546
32,100,2,AB,A,0,stage.threshold,2,7.2201e-05,7.1638e-05,0.0037705985021531017
32,100,2,AB,A,1,stage.aggregate,1,0.000262674,0.000262265,0.013308211913644816
32,100,2,AB,A,1,stage.alloc_init,1,0.005147758,0.005147509,0.26080790007446647
32,100,2,AB,A,1,stage.candidates,1,0.000102369,0.000102081,0.005186460576181526
32,100,2,AB,A,1,stage.cleanup,1,0.001666391,0.001666047,0.0844266450390617
32,100,2,AB,A,1,stage.delivery,1,4.9774e-05,4.9492e-05,0.0025217681985645972
32,100,2,AB,A,1,stage.leaf_distance,1,0.003779278,0.003778955,0.19147472724584752
32,100,2,AB,A,1,stage.node_plan,4,0.000117982,0.000116483,0.0059774833367430445
32,100,2,AB,A,1,stage.node_prune,4,0.000105652,0.000104473,0.0053527916927461495
32,100,2,AB,A,1,stage.output_alloc,1,6.771e-06,6.459e-06,0.00034304842834574054
32,100,2,AB,A,1,stage.pivot_distance,2,0.000194366,0.000193764,0.009847430338775394
32,100,2,AB,A,1,stage.pivot_sort,2,0.000214713,0.000214129,0.010878298212287547
32,100,2,AB,A,1,stage.result_sort,1,0.001926894,0.001926558,0.09762486461214552
32,100,2,AB,A,1,stage.schedule,10,0.005718837,0.003805246,0.2897412560649047
32,100,2,AB,A,1,stage.threshold,2,0.000431019,0.000430463,0.021837304761062284
32,100,2,AB,A,2,stage.aggregate,1,5.9231e-05,5.8933e-05,0.005306916570461949
32,100,2,AB,A,2,stage.alloc_init,1,0.00199459,0.001994183,0.17870916787286553
32,100,2,AB,A,2,stage.candidates,1,0.00010587,0.000105583,0.009485628426243125
32,100,2,AB,A,2,stage.cleanup,1,0.001492564,0.001492225,0.13372917263046324
32,100,2,AB,A,2,stage.delivery,1,5.0855e-05,5.0536e-05,0.004556452570289923
32,100,2,AB,A,2,stage.leaf_distance,1,0.003786506,0.0037861,0.3392593647845485
32,100,2,AB,A,2,stage.node_plan,4,0.000106698,0.000105549,0.009559814695601104
32,100,2,AB,A,2,stage.node_prune,4,5.5869e-05,5.4673e-05,0.005005691645846577
32,100,2,AB,A,2,stage.output_alloc,1,6.157e-06,5.852e-06,0.0005516483821703874
32,100,2,AB,A,2,stage.pivot_distance,2,0.000102797,0.000102252,0.00921029701834811
32,100,2,AB,A,2,stage.pivot_sort,2,0.000230356,0.000229724,0.020639193555829424
32,100,2,AB,A,2,stage.result_sort,1,0.003000975,0.003000588,0.26887818802725
32,100,2,AB,A,2,stage.schedule,10,0.000134718,0.000131935,0.012070321057208098
32,100,2,AB,A,2,stage.threshold,2,2.2061e-05,2.1496e-05,0.0019765981742830793
32,100,2,AB,A,3,stage.aggregate,1,5.8375e-05,5.8019e-05,0.005327955148611843
32,100,2,AB,A,3,stage.alloc_init,1,0.001998587,0.001998297,0.18241339437428175
32,100,2,AB,A,3,stage.candidates,1,0.000102639,0.000102351,0.009367982672348969
32,100,2,AB,A,3,stage.cleanup,1,0.001565324,0.001564982,0.14286896899435864
32,100,2,AB,A,3,stage.delivery,1,5.227e-05,5.1971e-05,0.004770744593026827
32,100,2,AB,A,3,stage.leaf_distance,1,0.003792325,0.003792006,0.346129978740204
32,100,2,AB,A,3,stage.node_plan,4,0.000108866,0.000107475,0.009936328311927655
32,100,2,AB,A,3,stage.node_prune,4,5.7603e-05,5.6435e-05,0.005257493797438766
32,100,2,AB,A,3,stage.output_alloc,1,6.736e-06,6.433e-06,0.0006148026703391757
32,100,2,AB,A,3,stage.pivot_distance,2,0.000106048,0.000105483,0.00967912612590987
32,100,2,AB,A,3,stage.pivot_sort,2,0.000215671,0.000214699,0.019684546721306463
32,100,2,AB,A,3,stage.result_sort,1,0.002713537,0.002713247,0.24766772471261214
32,100,2,AB,A,3,stage.schedule,10,0.000144462,0.000141697,0.01318521724503236
32,100,2,AB,A,3,stage.threshold,2,2.1568e-05,2.0986e-05,0.001968536816192895
32,100,2,AB,A,4,stage.aggregate,1,5.9997e-05,5.9703e-05,0.005419920287053332
32,100,2,AB,A,4,stage.alloc_init,1,0.001992553,0.001992132,0.1800003071441735
32,100,2,AB,A,4,stage.candidates,1,0.000102816,0.000102522,0.009288039805884883
32,100,2,AB,A,4,stage.cleanup,1,0.001642965,0.001642625,0.14841974322747098
32,100,2,AB,A,4,stage.delivery,1,4.841e-05,4.8127e-05,0.004373191011154754
32,100,2,AB,A,4,stage.leaf_distance,1,0.003787024,0.003786718,0.342106575414735
32,100,2,AB,A,4,stage.node_plan,4,0.000104498,0.000103327,0.009439985835233412
32,100,2,AB,A,4,stage.node_prune,4,5.4636e-05,5.3472e-05,0.004935626194700498
32,100,2,AB,A,4,stage.output_alloc,1,6.135e-06,5.858e-06,0.000554214560079207
32,100,2,AB,A,4,stage.pivot_distance,2,0.000104019,0.000103436,0.009396714641382076
32,100,2,AB,A,4,stage.pivot_sort,2,0.000221957,0.000221291,0.020050823327057956
32,100,2,AB,A,4,stage.result_sort,1,0.002771537,0.002771179,0.25037101209425355
32,100,2,AB,A,4,stage.schedule,10,0.000138644,0.000135883,0.012524616702138808
32,100,2,AB,A,4,stage.threshold,2,2.3147e-05,2.2583e-05,0.0020910194657136768
32,100,2,AB,A,5,stage.aggregate,1,5.8966e-05,5.8691e-05,0.0052535600473556324
32,100,2,AB,A,5,stage.alloc_init,1,0.002005964,0.002005424,0.17872082771145564
32,100,2,AB,A,5,stage.candidates,1,0.000101381,0.000101081,0.009032513162855907
32,100,2,AB,A,5,stage.cleanup,1,0.00173411,0.001733768,0.1545000680683763
32,100,2,AB,A,5,stage.delivery,1,4.8568e-05,4.8278e-05,0.004327153009869558
32,100,2,AB,A,5,stage.leaf_distance,1,0.003789578,0.00378923,0.33763144146012725
32,100,2,AB,A,5,stage.node_plan,4,0.000124807,0.000123352,0.011119646386567079
32,100,2,AB,A,5,stage.node_prune,4,5.6696e-05,5.5573e-05,0.0050513150026265125
32,100,2,AB,A,5,stage.output_alloc,1,5.849e-06,5.541e-06,0.000521115095427587
32,100,2,AB,A,5,stage.pivot_distance,2,0.000103741,0.000103175,0.009242776733587503
32,100,2,AB,A,5,stage.pivot_sort,2,0.000215769,0.000215142,0.019223881522536332
32,100,2,AB,A,5,stage.result_sort,1,0.002800876,0.002800531,0.2495433003967923
32,100,2,AB,A,5,stage.schedule,10,0.000144787,0.000141948,0.012899759159116779
32,100,2,AB,A,5,stage.threshold,2,2.1704e-05,2.1132e-05,0.001933712092863797
32,100,2,AB,A,6,stage.aggregate,1,5.9629e-05,5.936e-05,0.00542518298813136
32,100,2,AB,A,6,stage.alloc_init,1,0.00198052,0.001980171,0.18019224557939797
32,100,2,AB,A,6,stage.candidates,1,0.000101515,0.000101151,0.009236067199519615
32,100,2,AB,A,6,stage.cleanup,1,0.001371208,0.001370865,0.12475564431383432
32,100,2,AB,A,6,stage.delivery,1,4.6551e-05,4.6264e-05,0.004235316595624662
32,100,2,AB,A,6,stage.leaf_distance,1,0.003788763,0.003788467,0.3447103351332663
32,100,2,AB,A,6,stage.node_plan,4,0.000106594,0.000105405,0.009698166251939061
32,100,2,AB,A,6,stage.node_prune,4,5.4582e-05,5.3425e-05,0.004965995369001424
32,100,2,AB,A,6,stage.output_alloc,1,6.137e-06,5.849e-06,0.0005583583155538774
32,100,2,AB,A,6,stage.pivot_distance,2,0.000104589,0.000104036,0.009515746759893187
32,100,2,AB,A,6,stage.pivot_sort,2,0.000211602,0.000210951,0.019252034591466773
32,100,2,AB,A,6,stage.result_sort,1,0.00298795,0.002987579,0.27185053429349976
32,100,2,AB,A,6,stage.schedule,10,0.00013747,0.000134621,0.012507335447155212
32,100,2,AB,A,6,stage.threshold,2,2.3155e-05,2.2574e-05,0.002106694931831519
32,100,2,AB,A,7,stage.aggregate,1,5.8566e-05,5.8289e-05,0.005201339882774023
32,100,2,AB,A,7,stage.alloc_init,1,0.002000612,0.002000347,0.177677543037877
32,100,2,AB,A,7,stage.candidates,1,9.3255e-05,9.297e-05,0.008282125307654467
32,100,2,AB,A,7,stage.cleanup,1,0.001533738,0.001533297,0.13621371835409735
32,100,2,AB,A,7,stage.delivery,1,4.8853e-05,4.8577e-05,0.004338712858879885
32,100,2,AB,A,7,stage.leaf_distance,1,0.003788411,0.003788087,0.3364548240726671
32,100,2,AB,A,7,stage.node_plan,4,9.0097e-05,8.8924e-05,0.00800165829010503
32,100,2,AB,A,7,stage.node_prune,4,5.0507e-05,4.9385e-05,0.004485607237292416
32,100,2,AB,A,7,stage.output_alloc,1,5.211e-06,4.934e-06,0.0004627972224351233
32,100,2,AB,A,7,stage.pivot_distance,2,9.839e-05,9.7811e-05,0.008738172848856609
32,100,2,AB,A,7,stage.pivot_sort,2,0.000210842,0.000210201,0.018725214349005235
32,100,2,AB,A,7,stage.result_sort,1,0.003133015,0.003132685,0.2782480598440948
32,100,2,AB,A,7,stage.schedule,10,0.000118161,0.000115379,0.010494066896978816
32,100,2,AB,A,7,stage.threshold,2,1.9995e-05,1.9304e-05,0.0017757878454404705
32,100,2,AB,B,0,stage.aggregate,1,0.000300758,0.000300485,0.015946192746936597
32,100,2,AB,B,0,stage.alloc_init,1,0.003057854,0.00305747,0.16212745554894986
32,100,2,AB,B,0,stage.candidates,1,0.000517321,0.000516564,0.027428365589736554
32,100,2,AB,B,0,stage.cleanup,1,0.001596171,0.001595747,0.08462900545644848
32,100,2,AB,B,0,stage.delivery,1,4.6347e-05,4.606e-05,0.002457318492749222
32,100,2,AB,B,0,stage.leaf_distance,1,0.004916163,0.004915777,0.2606550208917404
32,100,2,AB,B,0,stage.node_plan,4,0.000106723,0.000105588,0.005658454732812808
32,100,2,AB,B,0,stage.node_prune,4,7.9095e-05,7.7978e-05,0.004193617843312398
32,100,2,AB,B,0,stage.output_alloc,1,6.431e-06,6.126e-06,0.00034097169669817346
32,100,2,AB,B,0,stage.pivot_distance,2,0.000111056,0.000110511,0.005888190444489559
32,100,2,AB,B,0,stage.pivot_sort,2,0.000214048,0.000213416,0.01134882751280526
32,100,2,AB,B,0,stage.result_sort,1,0.001953666,0.001953393,0.1035833946200488
32,100,2,AB,B,0,stage.schedule,10,0.005920461,0.005220236,0.31390291282932126
32,100,2,AB,B,0,stage.threshold,2,2.2109e-05,2.1551e-05,0.0011722194436790418
32,100,2,AB,B,1,stage.aggregate,1,0.000267999,0.00026758,0.013794796387788204
32,100,2,AB,B,1,stage.alloc_init,1,0.003047757,0.003047267,0.1568781497485297
32,100,2,AB,B,1,stage.candidates,1,0.000142959,0.000142681,0.0073585733409520715
32,100,2,AB,B,1,stage.cleanup,1,0.001437241,0.001436805,0.07397955572662997
32,100,2,AB,B,1,stage.delivery,1,4.5012e-05,4.4729e-05,0.0023169167609100134
32,100,2,AB,B,1,stage.leaf_distance,1,0.004920862,0.004920496,0.2532930695353499
32,100,2,AB,B,1,stage.node_plan,4,0.0001113,0.000110156,0.0057289797273901285
32,100,2,AB,B,1,stage.node_prune,4,7.9813e-05,7.8688e-05,0.0041082395236494915
32,100,2,AB,B,1,stage.output_alloc,1,6.889e-06,6.58e-06,0.0003545996526683791
32,100,2,AB,B,1,stage.pivot_distance,2,0.000110638,0.000110081,0.005694904394240692
32,100,2,AB,B,1,stage.pivot_sort,2,0.000212051,0.000211439,0.010914967476844601
32,100,2,AB,B,1,stage.result_sort,1,0.002127487,0.00212719,0.10950880407265089
32,100,2,AB,B,1,stage.schedule,10,0.006884197,0.005469419,0.35435242634645053
32,100,2,AB,B,1,stage.threshold,2,2.1004e-05,2.0454e-05,0.001081145464457343
32,100,2,AB,B,2,stage.aggregate,1,5.8002e-05,5.7706e-05,0.00508011547580166
32,100,2,AB,B,2,stage.alloc_init,1,0.001991091,0.001990752,0.17439005901226515
32,100,2,AB,B,2,stage.candidates,1,0.000143008,0.000142734,0.012525381089676973
32,100,2,AB,B,2,stage.cleanup,1,0.001329668,0.001329235,0.11645920803555466
32,100,2,AB,B,2,stage.delivery,1,4.7373e-05,4.7091e-05,0.004149172622239786
32,100,2,AB,B,2,stage.leaf_distance,1,0.004919475,0.004919118,0.4308730919678524
32,100,2,AB,B,2,stage.node_plan,4,0.000103667,0.000102501,0.00907969261456382
32,100,2,AB,B,2,stage.node_prune,4,8.0366e-05,7.9271e-05,0.007038870389439609
32,100,2,AB,B,2,stage.output_alloc,1,6.824e-06,6.526e-06,0.0005976812524890612
32,100,2,AB,B,2,stage.pivot_distance,2,0.000111095,0.000110385,0.009730275314371668
32,100,2,AB,B,2,stage.pivot_sort,2,0.000214776,0.000214193,0.018811194121423007
32,100,2,AB,B,2,stage.result_sort,1,0.002247659,0.00224721,0.19686161287929527
32,100,2,AB,B,2,stage.schedule,10,0.000133954,0.000131264,0.011732384890961272
32,100,2,AB,B,2,stage.threshold,2,2.0953e-05,2.0409e-05,0.0018351722279313161
32,100,2,AB,B,3,stage.aggregate,1,5.71e-05,5.6823e-05,0.004963715759380271
32,100,2,AB,B,3,stage.alloc_init,1,0.002008155,0.002007719,0.1745693628857844
32,100,2,AB,B,3,stage.candidates,1,0.000142306,0.000141871,0.012370692379235881
32,100,2,AB,B,3,stage.cleanup,1,0.001580972,0.001580553,0.1374342492388607
32,100,2,AB,B,3,stage.delivery,1,4.747e-05,4.719e-05,0.004126577707491794
32,100,2,AB,B,3,stage.leaf_distance,1,0.004920346,0.004919967,0.42772677726451275
32,100,2,AB,B,3,stage.node_plan,4,0.000103794,0.000102646,0.00902283561346963
32,100,2,AB,B,3,stage.node_prune,4,7.8918e-05,7.7775e-05,0.0068603593747595835
32,100,2,AB,B,3,stage.output_alloc,1,5.622e-06,5.333e-06,0.0004887217162738333
32,100,2,AB,B,3,stage.pivot_distance,2,0.000110202,0.000109639,0.009579884485380465
32,100,2,AB,B,3,stage.pivot_sort,2,0.000208603,0.000207974,0.018133905403747857
32,100,2,AB,B,3,stage.result_sort,1,0.002072221,0.00207181,0.18013863458176435
32,100,2,AB,B,3,stage.schedule,10,0.00013569,0.000133008,0.011795562020846041
32,100,2,AB,B,3,stage.threshold,2,2.1859e-05,2.1306e-05,0.0019002077545410391
32,100,2,AB,B,4,stage.aggregate,1,5.7603e-05,5.7337e-05,0.004878897419832921
32,100,2,AB,B,4,stage.alloc_init,1,0.001991168,0.001990728,0.16864927898987692
32,100,2,AB,B,4,stage.candidates,1,0.000137862,0.000137579,0.011676727880370922
32,100,2,AB,B,4,stage.cleanup,1,0.001646493,0.001646079,0.13945576531557327
32,100,2,AB,B,4,stage.delivery,1,4.5996e-05,4.5715e-05,0.0038957999708805974
32,100,2,AB,B,4,stage.leaf_distance,1,0.004919626,0.004919398,0.4166857732747072
32,100,2,AB,B,4,stage.node_plan,4,0.000106241,0.000104963,0.008998471273726532
32,100,2,AB,B,4,stage.node_prune,4,8.0924e-05,7.9844e-05,0.006854155075300928
32,100,2,AB,B,4,stage.output_alloc,1,6.253e-06,5.966e-06,0.0005296207761091482
32,100,2,AB,B,4,stage.pivot_distance,2,0.000109675,0.000109121,0.009289326502442158
32,100,2,AB,B,4,stage.pivot_sort,2,0.000204241,0.000203664,0.01729894081773685
32,100,2,AB,B,4,stage.result_sort,1,0.002337759,0.002337361,0.19800507531363282
32,100,2,AB,B,4,stage.schedule,10,0.000132148,0.000129535,0.011192759686753833
32,100,2,AB,B,4,stage.threshold,2,2.0872e-05,2.033e-05,0.0017678306155365648
32,100,2,AB,B,5,stage.aggregate,1,5.7253e-05,5.6816e-05,0.004878477735666484
32,100,2,AB,B,5,stage.alloc_init,1,0.002002857,0.002002383,0.17066168204677076
32,100,2,AB,B,5,stage.candidates,1,0.000141597,0.000141306,0.012065355735719827
32,100,2,AB,B,5,stage.cleanup,1,0.00154171,0.001541417,0.13136775208031676
32,100,2,AB,B,5,stage.delivery,1,4.7292e-05,4.7008e-05,0.0040297096933809475
32,100,2,AB,B,5,stage.leaf_distance,1,0.004919652,0.004919281,0.4191992166214363
32,100,2,AB,B,5,stage.node_plan,4,0.000101929,0.000100645,0.008685280371661731
32,100,2,AB,B,5,stage.node_prune,4,7.6241e-05,7.5141e-05,0.006496428502348321
32,100,2,AB,B,5,stage.output_alloc,1,5.823e-06,5.519e-06,0.0004961727045706939
32,100,2,AB,B,5,stage.pivot_distance,2,0.000108867,0.000108318,0.009276461244804694
32,100,2,AB,B,5,stage.pivot_sort,2,0.000206599,0.000205984,0.01760411894068363
32,100,2,AB,B,5,stage.result_sort,1,0.002370863,0.002370578,0.2020191493863282
32,100,2,AB,B,5,stage.schedule,10,0.000124457,0.000121725,0.010604871422420547
32,100,2,AB,B,5,stage.threshold,2,2.0442e-05,1.9893e-05,0.0017418448268648676
32,100,2,AB,B,6,stage.aggregate,1,5.9228e-05,5.8937e-05,0.005173019004390359
32,100,2,AB,B,6,stage.alloc_init,1,0.0019764,0.00197595,0.17262029378464755
32,100,2,AB,B,6,stage.candidates,1,0.000139208,0.000138927,0.012158533625365927
32,100,2,AB,B,6,stage.cleanup,1,0.00134265,0.001342223,0.11726808209368397
32,100,2,AB,B,6,stage.delivery,1,4.6142e-05,4.585e-05,0.004030077714941918
32,100,2,AB,B,6,stage.leaf_distance,1,0.00492526,0.004924884,0.43017599077401997
32,100,2,AB,B,6,stage.node_plan,4,0.000103246,0.000102118,0.00901758492819759
32,100,2,AB,B,6,stage.node_prune,4,7.9868e-05,7.8767e-05,0.006975732454964698
32,100,2,AB,B,6,stage.output_alloc,1,6.608e-06,6.331e-06,0.0005771477946412421
32,100,2,AB,B,6,stage.pivot_distance,2,0.000107776,0.000107208,0.009413238607030042
32,100,2,AB,B,6,stage.pivot_sort,2,0.00020569,0.000204928,0.017965122560495927
32,100,2,AB,B,6,stage.result_sort,1,0.002294647,0.002294348,0.20041623116376245
32,100,2,AB,B,6,stage.schedule,10,0.000132578,0.000129956,0.01157946433382969
32,100,2,AB,B,6,stage.threshold,2,2.067e-05,2.0114e-05,0.0018053336736129652
32,100,2,AB,B,7,stage.aggregate,1,5.7449e-05,5.7175e-05,0.004925756539066345
32,100,2,AB,B,7,stage.alloc_init,1,0.00200398,0.002003592,0.17182401067308697
32,100,2,AB,B,7,stage.candidates,1,0.000138434,0.00013815,0.011869522197585865
32,100,2,AB,B,7,stage.cleanup,1,0.001666363,0.001665951,0.1428762631848807
32,100,2,AB,B,7,stage.delivery,1,5.0374e-05,4.9926e-05,0.004319136275634529
32,100,2,AB,B,7,stage.leaf_distance,1,0.004918884,0.004918488,0.4217519021725151
32,100,2,AB,B,7,stage.node_plan,4,0.000101633,0.000100508,0.008714153672560529
32,100,2,AB,B,7,stage.node_prune,4,8.0499e-05,7.9416e-05,0.006902095347844204
32,100,2,AB,B,7,stage.output_alloc,1,5.801e-06,5.505e-06,0.0004973857453240938
32,100,2,AB,B,7,stage.pivot_distance,2,0.000109962,0.000109415,0.00942829362650026
32,100,2,AB,B,7,stage.pivot_sort,2,0.000205951,0.000205388,0.017658522950395182
32,100,2,AB,B,7,stage.result_sort,1,0.002157991,0.002157559,0.18502912634678273
32,100,2,AB,B,7,stage.schedule,10,0.000135728,0.00013291,0.011637506023331945
32,100,2,AB,B,7,stage.threshold,2,2.0618e-05,2.007e-05,0.0017678157726412976
32,100,3,BA,B,0,stage.aggregate,1,0.000291667,0.000291246,0.014538649468344628
32,100,3,BA,B,0,stage.alloc_init,1,0.005164734,0.004759899,0.25744515911378874
32,100,3,BA,B,0,stage.candidates,1,0.000163546,0.000163246,0.008152235137845182
32,100,3,BA,B,0,stage.cleanup,1,0.001538346,0.00153788,0.07668153495263462
32,100,3,BA,B,0,stage.delivery,1,4.833e-05,4.8052e-05,0.00240909300265404
32,100,3,BA,B,0,stage.leaf_distance,1,0.004883033,0.004882725,0.24340328226833777
32,100,3,BA,B,0,stage.node_plan,4,0.000106499,0.000105321,0.0053086280920681276
32,100,3,BA,B,0,stage.node_prune,4,0.000127097,0.000122455,0.006335371267500942
32,100,3,BA,B,0,stage.output_alloc,1,5.99e-06,5.703e-06,0.0002985819798447693
32,100,3,BA,B,0,stage.pivot_distance,2,0.000216723,0.000216,0.010802935295141557
32,100,3,BA,B,0,stage.pivot_sort,2,0.000208707,0.00020814,0.010403363817606388
32,100,3,BA,B,0,stage.result_sort,1,0.002194511,0.002194179,0.10938922189835133
32,100,3,BA,B,0,stage.schedule,10,0.004663129,0.003212034,0.23244178448940886
32,100,3,BA,B,0,stage.threshold,2,0.000437047,0.000436508,0.021785368705378443
32,100,3,BA,B,1,stage.aggregate,1,0.000307774,0.00030735,0.016765220134823802
32,100,3,BA,B,1,stage.alloc_init,1,0.005140096,0.005139671,0.27999389472186503
32,100,3,BA,B,1,stage.candidates,1,0.000143905,0.000143627,0.007838865542579359
32,100,3,BA,B,1,stage.cleanup,1,0.001311504,0.00131106,0.07144090555960528
32,100,3,BA,B,1,stage.delivery,1,4.816e-05,4.7875e-05,0.0026233957439326075
32,100,3,BA,B,1,stage.leaf_distance,1,0.004908458,0.004908056,0.2673759930745839
32,100,3,BA,B,1,stage.node_plan,4,0.000106931,0.0001058,0.005824799217077609
32,100,3,BA,B,1,stage.node_prune,4,0.000133887,0.000132627,0.007293160007639223
32,100,3,BA,B,1,stage.output_alloc,1,6.567e-06,6.272e-06,0.00035772092712635866
32,100,3,BA,B,1,stage.pivot_distance,2,0.000720469,0.000719886,0.039245749755718054
32,100,3,BA,B,1,stage.pivot_sort,2,0.000206222,0.000205449,0.011233428511322054
32,100,3,BA,B,1,stage.result_sort,1,0.002082967,0.002082662,0.11346442613272573
32,100,3,BA,B,1,stage.schedule,10,0.003180458,0.003176939,0.17324750791022453
32,100,3,BA,B,1,stage.threshold,2,4.8778e-05,4.8212e-05,0.0026570597507795833
32,100,3,BA,B,2,stage.aggregate,1,0.000321131,0.000320483,0.018066553435773722
32,100,3,BA,B,2,stage.alloc_init,1,0.003052279,0.003051838,0.17171858728802258
32,100,3,BA,B,2,stage.candidates,1,0.000515868,0.000515585,0.02902228930811948
32,100,3,BA,B,2,stage.cleanup,1,0.001274133,0.001273707,0.07168162503396645
32,100,3,BA,B,2,stage.delivery,1,4.8782e-05,4.8486e-05,0.002744433298883987
32,100,3,BA,B,2,stage.leaf_distance,1,0.004903073,0.00490275,0.27584266344264297
32,100,3,BA,B,2,stage.node_plan,4,0.00010703,0.000105892,0.006021415603697125
32,100,3,BA,B,2,stage.node_prune,4,8.0716e-05,7.9589e-05,0.004541012630739205
32,100,3,BA,B,2,stage.output_alloc,1,5.967e-06,5.673e-06,0.00033569827998935575
32,100,3,BA,B,2,stage.pivot_distance,2,0.000109283,0.000108724,0.006148167442949014
32,100,3,BA,B,2,stage.pivot_sort,2,0.000209971,0.000209271,0.011812787589684098
32,100,3,BA,B,2,stage.result_sort,1,0.002068829,0.002068563,0.11639053743792506
32,100,3,BA,B,2,stage.schedule,10,0.005045421,0.005042313,0.2838510393031968
32,100,3,BA,B,2,stage.threshold,2,2.1646e-05,2.1081e-05,0.001217785314001943
32,100,3,BA,B,3,stage.aggregate,1,0.000303442,0.00030296,0.016942903673158666
32,100,3,BA,B,3,stage.alloc_init,1,0.003046599,0.003046106,0.1701090600106166
32,100,3,BA,B,3,stage.candidates,1,0.000144118,0.000143844,0.008046932829233529
32,100,3,BA,B,3,stage.cleanup,1,0.001343259,0.001342826,0.07500183839120306
32,100,3,BA,B,3,stage.delivery,1,4.9297e-05,4.901e-05,0.002752533671593592
32,100,3,BA,B,3,stage.leaf_distance,1,0.004904626,0.004904268,0.273853342223125
32,100,3,BA,B,3,stage.node_plan,4,0.000106899,0.000105799,0.005968783028575439
32,100,3,BA,B,3,stage.node_prune,4,7.9829e-05,7.8702e-05,0.00445730998782167
32,100,3,BA,B,3,stage.output_alloc,1,6.375e-06,6.08e-06,0.00035595273863336816
32,100,3,BA,B,3,stage.pivot_distance,2,0.000108849,0.000108283,0.00607766268980447
32,100,3,BA,B,3,stage.pivot_sort,2,0.000208502,0.000207901,0.011641860064397574
32,100,3,BA,B,3,stage.result_sort,1,0.002067795,0.002067502,0.11545683030311929
32,100,3,BA,B,3,stage.schedule,10,0.005507685,0.005504476,0.30752557792626234
32,100,3,BA,B,3,stage.threshold,2,2.2255e-05,2.1697e-05,0.0012426240311036248
32,100,3,BA,B,4,stage.aggregate,1,0.000291176,0.000290754,0.015867581096861746
32,100,3,BA,B,4,stage.alloc_init,1,0.003050851,0.003050445,0.1662555487297777
32,100,3,BA,B,4,stage.candidates,1,0.000142999,0.000142546,0.007792703482670731
32,100,3,BA,B,4,stage.cleanup,1,0.001501125,0.001500853,0.08180352320942176
32,100,3,BA,B,4,stage.delivery,1,4.9762e-05,4.9453e-05,0.002711770786541591
32,100,3,BA,B,4,stage.leaf_distance,1,0.004910634,0.004910267,0.26760407187407814
32,100,3,BA,B,4,stage.node_plan,4,0.000105376,0.000104169,0.005742445207238589
32,100,3,BA,B,4,stage.node_prune,4,8.0811e-05,7.9698e-05,0.004403780174253697
32,100,3,BA,B,4,stage.output_alloc,1,6.095e-06,5.789e-06,0.0003321458732360234
32,100,3,BA,B,4,stage.pivot_distance,2,0.000110653,0.000110093,0.006030014325050976
32,100,3,BA,B,4,stage.pivot_sort,2,0.000204558,0.000203969,0.011147349554949053
32,100,3,BA,B,4,stage.result_sort,1,0.00192636,0.001926108,0.10497662417833405
32,100,3,BA,B,4,stage.schedule,10,0.005938511,0.005235217,0.32361803475253986
32,100,3,BA,B,4,stage.threshold,2,2.1131e-05,2.0577e-05,0.0011515298519032668
32,100,3,BA,B,5,stage.aggregate,1,0.000291305,0.000291029,0.016166326613573433
32,100,3,BA,B,5,stage.alloc_init,1,0.003060005,0.003059564,0.1698187132701731
32,100,3,BA,B,5,stage.candidates,1,0.000140986,0.000140707,0.007824190192208386
32,100,3,BA,B,5,stage.cleanup,1,0.001552257,0.001551826,0.0861443972819061
32,100,3,BA,B,5,stage.delivery,1,4.7636e-05,4.734e-05,0.0026436179762248644
32,100,3,BA,B,5,stage.leaf_distance,1,0.004906669,0.004906314,0.27230158644271724
32,100,3,BA,B,5,stage.node_plan,4,0.000103395,0.000102274,0.005738031754382606
32,100,3,BA,B,5,stage.node_prune,4,7.8034e-05,7.6904e-05,0.004330592097504641
32,100,3,BA,B,5,stage.output_alloc,1,6.622e-06,6.234e-06,0.0003674959744428804
32,100,3,BA,B,5,stage.pivot_distance,2,0.000111946,0.000111259,0.0062125799388376155
32,100,3,BA,B,5,stage.pivot_sort,2,0.000209137,0.000208515,0.011606313139091011
32,100,3,BA,B,5,stage.result_sort,1,0.001964884,0.001964446,0.10904363640097019
32,100,3,BA,B,5,stage.schedule,10,0.005512995,0.005509361,0.3059503880434502
32,100,3,BA,B,5,stage.threshold,2,2.2098e-05,2.1523e-05,0.0012263554882571384
32,100,3,BA,B,6,stage.aggregate,1,0.000311399,0.000301712,0.01686483178440675
32,100,3,BA,B,6,stage.alloc_init,1,0.003027586,0.003027191,0.1639688264985594
32,100,3,BA,B,6,stage.candidates,1,0.000145701,0.000145417,0.00789091440826672
32,100,3,BA,B,6,stage.cleanup,1,0.00140675,0.001406343,0.07618714932518793
32,100,3,BA,B,6,stage.delivery,1,5.0354e-05,5.0077e-05,0.0027270856350598994
32,100,3,BA,B,6,stage.leaf_distance,1,0.004924295,0.004923923,0.2666913086804879
32,100,3,BA,B,6,stage.node_plan,4,0.000109195,0.000108054,0.00591381252572518
32,100,3,BA,B,6,stage.node_prune,4,7.9954e-05,7.882e-05,0.00433017049024068
32,100,3,BA,B,6,stage.output_alloc,1,6.929e-06,6.644e-06,0.00037526266761985226
32,100,3,BA,B,6,stage.pivot_distance,2,0.000110398,0.000109853,0.005978964927102966
32,100,3,BA,B,6,stage.pivot_sort,2,0.000209203,0.000208587,0.011330073005350839
32,100,3,BA,B,6,stage.result_sort,1,0.002119284,0.002118952,0.11477675960226165
32,100,3,BA,B,6,stage.schedule,10,0.005930049,0.00523086,0.3211612075128355
32,100,3,BA,B,6,stage.threshold,2,2.1443e-05,2.0874e-05,0.0011613158293797797
32,100,3,BA,B,7,stage.aggregate,1,5.6374e-05,5.6104e-05,0.00469099620636256
32,100,3,BA,B,7,stage.alloc_init,1,0.001982993,0.001982538,0.16500891617134694
32,100,3,BA,B,7,stage.candidates,1,0.000142217,0.000141947,0.011834168366272824
32,100,3,BA,B,7,stage.cleanup,1,0.001964896,0.00196446,0.16350302767050356
32,100,3,BA,B,7,stage.delivery,1,4.7656e-05,4.738e-05,0.0039655535390501675
32,100,3,BA,B,7,stage.leaf_distance,1,0.004920061,0.00491971,0.4094083706331355
32,100,3,BA,B,7,stage.node_plan,4,0.000102748,0.000101611,0.008549871895046303
32,100,3,BA,B,7,stage.node_prune,4,8.1333e-05,8.0223e-05,0.006767885806437118
32,100,3,BA,B,7,stage.output_alloc,1,6.855e-06,6.561e-06,0.0005704186148688286
32,100,3,BA,B,7,stage.pivot_distance,2,0.000110925,0.000110347,0.009230296842352272
32,100,3,BA,B,7,stage.pivot_sort,2,0.000207864,0.000207088,0.01729678992867895
32,100,3,BA,B,7,stage.result_sort,1,0.00222484,0.002224421,0.1851335012552538
32,100,3,BA,B,7,stage.schedule,10,0.000137206,0.000134536,0.011417192774863968
32,100,3,BA,B,7,stage.threshold,2,2.1142e-05,2.0591e-05,0.0017592691984765535
32,100,3,BA,A,0,stage.aggregate,1,0.000317145,0.000316723,0.01702406768208256
32,100,3,BA,A,0,stage.alloc_init,1,0.005166129,0.0051658,0.2773133101589793
32,100,3,BA,A,0,stage.candidates,1,0.00014677,0.000146497,0.007878485909282055
32,100,3,BA,A,0,stage.cleanup,1,0.001598029,0.001597616,0.08578080642586422
32,100,3,BA,A,0,stage.delivery,1,4.7988e-05,4.7705e-05,0.0025759540901725644
32,100,3,BA,A,0,stage.leaf_distance,1,0.003763469,0.003763082,0.2020197416809963
32,100,3,BA,A,0,stage.node_plan,4,0.000113378,0.000112197,0.006086032400508147
32,100,3,BA,A,0,stage.node_prune,4,0.000107743,0.000106602,0.005783550502989551
32,100,3,BA,A,0,stage.output_alloc,1,5.978e-06,5.69e-06,0.0003208938391066848
32,100,3,BA,A,0,stage.pivot_distance,2,0.000220352,0.000219404,0.011828303652531983
32,100,3,BA,A,0,stage.pivot_sort,2,0.000208965,0.0002083,0.011217059399285445
32,100,3,BA,A,0,stage.result_sort,1,0.001954275,0.001953895,0.10490378176985889
32,100,3,BA,A,0,stage.schedule,10,0.004475506,0.003213441,0.2402412683648381
32,100,3,BA,A,0,stage.threshold,2,0.000491034,0.000490488,0.02635827791768348
32,100,3,BA,A,1,stage.aggregate,1,0.000304857,0.000304588,0.017644596273299114
32,100,3,BA,A,1,stage.alloc_init,1,0.003053037,0.003052629,0.17670450497264067
32,100,3,BA,A,1,stage.candidates,1,0.000152208,0.000151935,0.008809535977741405
32,100,3,BA,A,1,stage.cleanup,1,0.001717693,0.001717269,0.09941710213795969
32,100,3,BA,A,1,stage.delivery,1,4.6901e-05,4.663e-05,0.002714548820640503
32,100,3,BA,A,1,stage.leaf_distance,1,0.00377411,0.003773721,0.21843896397662158
32,100,3,BA,A,1,stage.node_plan,4,0.000102849,0.000101714,0.005952722365281233
32,100,3,BA,A,1,stage.node_prune,4,8.2557e-05,8.1463e-05,0.004778256476101107
32,100,3,BA,A,1,stage.output_alloc,1,6.265e-06,5.962e-06,0.0003626073721522516
32,100,3,BA,A,1,stage.pivot_distance,2,0.000107406,0.000106865,0.006216473649383038
32,100,3,BA,A,1,stage.pivot_sort,2,0.000211542,0.000210945,0.012243685350332259
32,100,3,BA,A,1,stage.result_sort,1,0.001972929,0.001972651,0.11418972069161525
32,100,3,BA,A,1,stage.schedule,10,0.005710771,0.00501032,0.33052955551050056
32,100,3,BA,A,1,stage.threshold,2,2.2536e-05,2.1981e-05,0.0013043447308576442
32,100,3,BA,A,2,stage.aggregate,1,0.000279889,0.000279633,0.016249825898247475
32,100,3,BA,A,2,stage.alloc_init,1,0.003055588,0.003054962,0.17740165928912607
32,100,3,BA,A,2,stage.candidates,1,0.000144974,0.000144708,0.008416916205254688
32,100,3,BA,A,2,stage.cleanup,1,0.001858619,0.001858332,0.10790790335159589
32,100,3,BA,A,2,stage.delivery,1,4.7156e-05,4.6871e-05,0.002737788159083629
32,100,3,BA,A,2,stage.leaf_distance,1,0.003760077,0.003759661,0.21830295800837
32,100,3,BA,A,2,stage.node_plan,4,0.000103458,0.000102332,0.006006575777472095
32,100,3,BA,A,2,stage.node_prune,4,7.6656e-05,7.5528e-05,0.004450502356491533
32,100,3,BA,A,2,stage.output_alloc,1,5.719e-06,5.431e-06,0.0003320343218635863
32,100,3,BA,A,2,stage.pivot_distance,2,0.000104906,0.000104337,0.0060906439184160496
32,100,3,BA,A,2,stage.pivot_sort,2,0.000203277,0.000202661,0.011801878098524957
32,100,3,BA,A,2,stage.result_sort,1,0.002046086,0.002045769,0.11879188275652698
32,100,3,BA,A,2,stage.schedule,10,0.005509161,0.005506075,0.3198514664578278
32,100,3,BA,A,2,stage.threshold,2,1.7714e-05,1.7156e-05,0.0010284413319621556
32,100,3,BA,A,3,stage.aggregate,1,0.000303005,0.000302577,0.017156065072843563
32,100,3,BA,A,3,stage.alloc_init,1,0.003061064,0.003060618,0.17331665542198582
32,100,3,BA,A,3,stage.candidates,1,0.000509149,0.00050851,0.028827885268471565
32,100,3,BA,A,3,stage.cleanup,1,0.00138107,0.001380654,0.0781958277591197
32,100,3,BA,A,3,stage.delivery,1,4.9624e-05,4.9343e-05,0.002809698101268259
32,100,3,BA,A,3,stage.leaf_distance,1,0.003771631,0.003771236,0.21354877598308292
32,100,3,BA,A,3,stage.node_plan,4,0.000106871,0.000105737,0.0060510084995292635
32,100,3,BA,A,3,stage.node_prune,4,8.0924e-05,7.9825e-05,0.004581896041170253
32,100,3,BA,A,3,stage.output_alloc,1,5.844e-06,5.546e-06,0.00033088577510502395
32,100,3,BA,A,3,stage.pivot_distance,2,0.000109996,0.000109448,0.006227945194807018
32,100,3,BA,A,3,stage.pivot_sort,2,0.000208752,0.000207999,0.011819484484039008
32,100,3,BA,A,3,stage.result_sort,1,0.002116266,0.002115946,0.11982243595797545
32,100,3,BA,A,3,stage.schedule,10,0.005925372,0.005222164,0.3354930367908292
32,100,3,BA,A,3,stage.threshold,2,2.1177e-05,2.0619e-05,0.0011990362866870453
32,100,3,BA,A,4,stage.aggregate,1,0.000264715,0.000264062,0.01535629457539902
32,100,3,BA,A,4,stage.alloc_init,1,0.003053087,0.003052466,0.17711162320352555
32,100,3,BA,A,4,stage.candidates,1,0.000147598,0.000147309,0.008562258907654437
32,100,3,BA,A,4,stage.cleanup,1,0.001555664,0.001555238,0.09024511132479664
32,100,3,BA,A,4,stage.delivery,1,4.8797e-05,4.847e-05,0.002830746676220637
32,100,3,BA,A,4,stage.leaf_distance,1,0.00377992,0.003779546,0.2192756926938113
32,100,3,BA,A,4,stage.node_plan,4,0.000108235,0.000107078,0.006278784894578369
32,100,3,BA,A,4,stage.node_prune,4,7.9589e-05,7.8505e-05,0.004617011234578443
32,100,3,BA,A,4,stage.output_alloc,1,5.664e-06,5.368e-06,0.0003285724362996432
32,100,3,BA,A,4,stage.pivot_distance,2,0.000109147,0.000108605,0.006331690625846956
32,100,3,BA,A,4,stage.pivot_sort,2,0.000206524,0.000205899,0.01198059566284384
32,100,3,BA,A,4,stage.result_sort,1,0.001915695,0.001915276,0.11113075094580596
32,100,3,BA,A,4,stage.schedule,10,0.005930955,0.005225071,0.3440586747764036
32,100,3,BA,A,4,stage.threshold,2,2.2428e-05,2.1876e-05,0.0013010633123814262
32,100,3,BA,A,5,stage.aggregate,1,5.6653e-05,5.6375e-05,0.0049967476555557765
32,100,3,BA,A,5,stage.alloc_init,1,0.002000177,0.001999766,0.17641395399090226
32,100,3,BA,A,5,stage.candidates,1,0.000149326,0.000149055,0.013170429463815187
32,100,3,BA,A,5,stage.cleanup,1,0.001813751,0.001813463,0.15997133526930513
32,100,3,BA,A,5,stage.delivery,1,4.8061e-05,4.7781e-05,0.004238940375155175
32,100,3,BA,A,5,stage.leaf_distance,1,0.003803546,0.003803169,0.33546960546305665
32,100,3,BA,A,5,stage.node_plan,4,0.000104651,0.000103504,0.009230131482914718
32,100,3,BA,A,5,stage.node_prune,4,8.1068e-05,7.9945e-05,0.007150130424524662
32,100,3,BA,A,5,stage.output_alloc,1,5.453e-06,5.044e-06,0.0004809500814739846
32,100,3,BA,A,5,stage.pivot_distance,2,0.000109072,0.000108496,0.009620060019536117
32,100,3,BA,A,5,stage.pivot_sort,2,0.00020319,0.000202604,0.017921189630423422
32,100,3,BA,A,5,stage.result_sort,1,0.002796905,0.002796496,0.2466847033972116
32,100,3,BA,A,5,stage.schedule,10,0.000134987,0.000132332,0.011905741545558178
32,100,3,BA,A,5,stage.threshold,2,2.1231e-05,2.0677e-05,0.001872556607330674
32,100,3,BA,A,6,stage.aggregate,1,5.7813e-05,5.7537e-05,0.005309541893243427
32,100,3,BA,A,6,stage.alloc_init,1,0.001971862,0.001971391,0.18109566873704483
32,100,3,BA,A,6,stage.candidates,1,0.000144843,0.000144562,0.013302371031481809
32,100,3,BA,A,6,stage.cleanup,1,0.001488631,0.001488187,0.13671576735476204
32,100,3,BA,A,6,stage.delivery,1,5.3227e-05,5.2941e-05,0.004888363972664763
32,100,3,BA,A,6,stage.leaf_distance,1,0.003804894,0.003804518,0.34944119994379397
32,100,3,BA,A,6,stage.node_plan,4,0.000102561,0.000101432,0.009419195096482438
32,100,3,BA,A,6,stage.node_prune,4,7.9113e-05,7.8005e-05,0.00726573240966854
32,100,3,BA,A,6,stage.output_alloc,1,5.74e-06,5.451e-06,0.0005271612002009457
32,100,3,BA,A,6,stage.pivot_distance,2,0.000109153,0.000108589,0.01002460391734039
32,100,3,BA,A,6,stage.pivot_sort,2,0.000205637,0.000204923,0.018885687757094403
32,100,3,BA,A,6,stage.result_sort,1,0.002696232,0.002695972,0.24762175908365788
32,100,3,BA,A,6,stage.schedule,10,0.000136743,0.000134033,0.012558467595658174
32,100,3,BA,A,6,stage.threshold,2,2.2456e-05,2.1904e-05,0.00206235747590809
32,100,3,BA,A,7,stage.aggregate,1,5.656e-05,5.6288e-05,0.005241427703373372
32,100,3,BA,A,7,stage.alloc_init,1,0.001990722,0.001990296,0.18448064781674053
32,100,3,BA,A,7,stage.candidates,1,0.000148033,0.000147752,0.013718250834750183
32,100,3,BA,A,7,stage.cleanup,1,0.001386294,0.00138587,0.1284681714395383
32,100,3,BA,A,7,stage.delivery,1,4.2015e-05,4.1731e-05,0.003893539337999155
32,100,3,BA,A,7,stage.leaf_distance,1,0.003807694,0.003807297,0.35285984472363097
32,100,3,BA,A,7,stage.node_plan,4,0.000102251,0.000101119,0.00947562277400337
32,100,3,BA,A,7,stage.node_prune,4,8.0404e-05,7.9308e-05,0.007451056454420661
32,100,3,BA,A,7,stage.output_alloc,1,5.082e-06,4.802e-06,0.0004709500634466668
32,100,3,BA,A,7,stage.pivot_distance,2,0.000108596,0.000108062,0.010063615326653725
32,100,3,BA,A,7,stage.pivot_sort,2,0.000205752,0.000204942,0.019067083324336598
32,100,3,BA,A,7,stage.result_sort,1,0.002696759,0.00269651,0.24990925268602318
32,100,3,BA,A,7,stage.schedule,10,0.000131108,0.000128419,0.01214980734324392
32,100,3,BA,A,7,stage.threshold,2,2.0931e-05,2.0396e-05,0.0019396803970881903
32,100,4,AB,A,0,stage.aggregate,1,5.7367e-05,5.7097e-05,0.0049867618324217836
32,100,4,AB,A,0,stage.alloc_init,1,0.001997681,0.001997408,0.17365313445280703
32,100,4,AB,A,0,stage.candidates,1,0.000150217,0.000149936,0.013057967161972965
32,100,4,AB,A,0,stage.cleanup,1,0.00193201,0.001931538,0.1679445278270994
32,100,4,AB,A,0,stage.delivery,1,4.9133e-05,4.884e-05,0.004271001954300896
32,100,4,AB,A,0,stage.leaf_distance,1,0.003801448,0.003801139,0.33044983691558083
32,100,4,AB,A,0,stage.node_plan,4,0.000104821,0.000103627,0.00911181275012261
32,100,4,AB,A,0,stage.node_prune,4,8.0856e-05,7.9736e-05,0.007028598579711259
32,100,4,AB,A,0,stage.output_alloc,1,6.701e-06,6.395e-06,0.000582500236007781
32,100,4,AB,A,0,stage.pivot_distance,2,0.000109997,0.000109429,0.009561748762893283
32,100,4,AB,A,0,stage.pivot_sort,2,0.000208692,0.000208075,0.018141044508720464
32,100,4,AB,A,0,stage.result_sort,1,0.002832228,0.002831787,0.24619810154123947
32,100,4,AB,A,0,stage.schedule,10,0.00013911,0.000136435,0.012092464980009314
32,100,4,AB,A,0,stage.threshold,2,2.1632e-05,2.1073e-05,0.0018804126406984508
32,100,4,AB,A,1,stage.aggregate,1,5.6666e-05,5.6394e-05,0.005186521086019038
32,100,4,AB,A,1,stage.alloc_init,1,0.001969938,0.001969533,0.18030432667119914
32,100,4,AB,A,1,stage.candidates,1,0.000148271,0.000147323,0.013570936151221697
32,100,4,AB,A,1,stage.cleanup,1,0.001539014,0.001538564,0.14086274949137936
32,100,4,AB,A,1,stage.delivery,1,4.261e-05,4.2326e-05,0.0039000046496183104
32,100,4,AB,A,1,stage.leaf_distance,1,0.003807083,0.003806691,0.3484543863290971
32,100,4,AB,A,1,stage.node_plan,4,0.000102651,0.000101481,0.009395432463927933
32,100,4,AB,A,1,stage.node_prune,4,8.0159e-05,7.9062e-05,0.007336786498679985
32,100,4,AB,A,1,stage.output_alloc,1,6.025e-06,5.721e-06,0.0005514557149483764
32,100,4,AB,A,1,stage.pivot_distance,2,0.000109333,0.000108756,0.010007022021983543
32,100,4,AB,A,1,stage.pivot_sort,2,0.000211315,0.000210538,0.019341222307770318
32,100,4,AB,A,1,stage.result_sort,1,0.002680034,0.002679625,0.2452979361918601
32,100,4,AB,A,1,stage.schedule,10,0.000140334,0.000137597,0.012844479054201734
32,100,4,AB,A,1,stage.threshold,2,2.1825e-05,2.1258e-05,0.001997596842945778
32,100,4,AB,A,2,stage.aggregate,1,5.7553e-05,5.7271e-05,0.005175928322480489
32,100,4,AB,A,2,stage.alloc_init,1,0.002008648,0.002008238,0.18064424223053166
32,100,4,AB,A,2,stage.candidates,1,0.000144409,0.000144127,0.012987170662191109
32,100,4,AB,A,2,stage.cleanup,1,0.001661417,0.001660973,0.14941662998888966
32,100,4,AB,A,2,stage.delivery,1,4.6974e-05,4.6689e-05,0.00422452447344532
32,100,4,AB,A,2,stage.leaf_distance,1,0.003808154,0.003807747,0.34247966474323427
32,100,4,AB,A,2,stage.node_plan,4,0.00010104,9.9714e-05,0.009086855554070657
32,100,4,AB,A,2,stage.node_prune,4,8.1358e-05,8.0245e-05,0.007316789332621542
32,100,4,AB,A,2,stage.output_alloc,1,5.562e-06,5.26e-06,0.0005002087350726545
32,100,4,AB,A,2,stage.pivot_distance,2,0.000109079,0.000108482,0.009809828948757654
32,100,4,AB,A,2,stage.pivot_sort,2,0.000206825,0.000206202,0.018600444378173632
32,100,4,AB,A,2,stage.result_sort,1,0.002727441,0.002726999,0.24528763261332176
32,100,4,AB,A,2,stage.schedule,10,0.000129855,0.000127105,0.011678282145426024
32,100,4,AB,A,2,stage.threshold,2,2.1246e-05,2.0681e-05,0.0019107218240477554
32,100,4,AB,A,3,stage.aggregate,1,5.7301e-05,5.7019e-05,0.005030395171466762
32,100,4,AB,A,3,stage.alloc_init,1,0.002000258,0.001999824,0.1756005686617644
32,100,4,AB,A,3,stage.candidates,1,0.000150858,0.000150565,0.013243666860563216
32,100,4,AB,A,3,stage.cleanup,1,0.00184704,0.001846593,0.16214971985665116
32,100,4,AB,A,3,stage.delivery,1,4.8955e-05,4.8666e-05,0.004297708515019901
32,100,4,AB,A,3,stage.leaf_distance,1,0.003803188,0.003802772,0.3338779175124401
32,100,4,AB,A,3,stage.node_plan,4,0.000105359,0.000104208,0.009249356989765738
32,100,4,AB,A,3,stage.node_prune,4,8.0284e-05,7.9166e-05,0.007048048828921617
32,100,4,AB,A,3,stage.output_alloc,1,6.17e-06,5.854e-06,0.0005416578804549645
32,100,4,AB,A,3,stage.pivot_distance,2,0.000110221,0.000109647,0.009676186911122634
32,100,4,AB,A,3,stage.pivot_sort,2,0.000211496,0.000210853,0.018567013790065347
32,100,4,AB,A,3,stage.result_sort,1,0.002799446,0.002799027,0.24576045167068536
32,100,4,AB,A,3,stage.schedule,10,0.000138627,0.000135857,0.012169920096244792
32,100,4,AB,A,3,stage.threshold,2,2.1237e-05,2.0648e-05,0.0018643741340716503
32,100,4,AB,A,4,stage.aggregate,1,5.8234e-05,5.7965e-05,0.0053548510671127415
32,100,4,AB,A,4,stage.alloc_init,1,0.002001008,0.002000574,0.18400075255179332
32,100,4,AB,A,4,stage.candidates,1,0.000143757,0.000143469,0.013219035698302134
32,100,4,AB,A,4,stage.cleanup,1,0.001439344,0.001438921,0.13235348343480308
32,100,4,AB,A,4,stage.delivery,1,4.8321e-05,4.8033e-05,0.004443310753407885
32,100,4,AB,A,4,stage.leaf_distance,1,0.003797442,0.003797055,0.3491901010749518
32,100,4,AB,A,4,stage.node_plan,4,0.000106137,0.000104803,0.009759725035377016
32,100,4,AB,A,4,stage.node_prune,4,8.0039e-05,7.8909e-05,0.007359908722750227
32,100,4,AB,A,4,stage.output_alloc,1,5.904e-06,5.605e-06,0.0005428966016456645
32,100,4,AB,A,4,stage.pivot_distance,2,0.000112227,0.000111662,0.010319725086871272
32,100,4,AB,A,4,stage.pivot_sort,2,0.000208737,0.000208143,0.019194208661536427
32,100,4,AB,A,4,stage.result_sort,1,0.002707207,0.002706912,0.24893859760354922
32,100,4,AB,A,4,stage.schedule,10,0.000134411,0.000131591,0.012359633320426052
32,100,4,AB,A,4,stage.threshold,2,2.2467e-05,2.1884e-05,0.002065931224453446
32,100,4,AB,A,5,stage.aggregate,1,5.67e-05,5.6433e-05,0.005208579734215455
32,100,4,AB,A,5,stage.alloc_init,1,0.002007071,0.002006621,0.184373709624895
32,100,4,AB,A,5,stage.candidates,1,0.000146347,0.000146042,0.013443739300938786
32,100,4,AB,A,5,stage.cleanup,1,0.001474432,0.001473993,0.13544438509133616
32,100,4,AB,A,5,stage.delivery,1,4.8678e-05,4.8385e-05,0.00447166215700423
32,100,4,AB,A,5,stage.leaf_distance,1,0.003804376,0.003803969,0.3494778789230274
32,100,4,AB,A,5,stage.node_plan,4,0.000107481,0.000106159,0.009873427837975507
32,100,4,AB,A,5,stage.node_prune,4,8.1054e-05,7.995e-05,0.007445788743864187
32,100,4,AB,A,5,stage.output_alloc,1,5.577e-06,5.28e-06,0.0005123148003125148
32,100,4,AB,A,5,stage.pivot_distance,2,0.00011607,0.000115468,0.010662431212528885
32,100,4,AB,A,5,stage.pivot_sort,2,0.000210376,0.000209746,0.019325576193391716
32,100,4,AB,A,5,stage.result_sort,1,0.002660966,0.00266067,0.24444186209940671
32,100,4,AB,A,5,stage.schedule,10,0.000135065,0.000132391,0.012407351354529283
32,100,4,AB,A,5,stage.threshold,2,2.0982e-05,2.0415e-05,0.0019274500878890418
32,100,4,AB,A,6,stage.aggregate,1,5.7219e-05,5.693e-05,0.0052852700956925866
32,100,4,AB,A,6,stage.alloc_init,1,0.001965236,0.001964773,0.18152716862892598
32,100,4,AB,A,6,stage.candidates,1,0.000147066,0.000146762,0.013584360647566822
32,100,4,AB,A,6,stage.cleanup,1,0.001446393,0.001445931,0.13360208443906896
32,100,4,AB,A,6,stage.delivery,1,4.7941e-05,4.7654e-05,0.0044282691703384945
32,100,4,AB,A,6,stage.leaf_distance,1,0.003804394,0.003804158,0.3514086202211206
32,100,4,AB,A,6,stage.node_plan,4,0.000109838,0.000108493,0.010145642125354905
32,100,4,AB,A,6,stage.node_prune,4,7.9861e-05,7.8747e-05,0.007376692272009397
32,100,4,AB,A,6,stage.output_alloc,1,6.019e-06,5.723e-06,0.0005559698824861266
32,100,4,AB,A,6,stage.pivot_distance,2,0.00010662,0.000106049,0.009848398217423296
32,100,4,AB,A,6,stage.pivot_sort,2,0.000207342,0.00020674,0.019152003218879957
32,100,4,AB,A,6,stage.result_sort,1,0.002682945,0.002682647,0.2478213351664298
32,100,4,AB,A,6,stage.schedule,10,0.000133085,0.000130344,0.012292947634269174
32,100,4,AB,A,6,stage.threshold,2,2.2122e-05,2.1551e-05,0.0020433902210264315
32,100,4,AB,A,7,stage.aggregate,1,5.6748e-05,5.6463e-05,0.00523359824727765
32,100,4,AB,A,7,stage.alloc_init,1,0.001995021,0.001994605,0.18399130205262043
32,100,4,AB,A,7,stage.candidates,1,0.000147456,0.000147151,0.013599165841097008
32,100,4,AB,A,7,stage.cleanup,1,0.00142888,0.001428419,0.13177880918393753
32,100,4,AB,A,7,stage.delivery,1,4.7808e-05,4.7529e-05,0.004409104550043171
32,100,4,AB,A,7,stage.leaf_distance,1,0.003815347,0.003814966,0.3518713147944604
32,100,4,AB,A,7,stage.node_plan,4,0.000104667,0.000103484,0.00965293979960192
32,100,4,AB,A,7,stage.node_prune,4,8.0819e-05,7.9697e-05,0.007453552138343772
32,100,4,AB,A,7,stage.output_alloc,1,5.561e-06,5.258e-06,0.0005128645917584938
32,100,4,AB,A,7,stage.pivot_distance,2,0.000108308,0.000107591,0.009988731919471128
32,100,4,AB,A,7,stage.pivot_sort,2,0.000201194,0.000200595,0.018555166098589895
32,100,4,AB,A,7,stage.result_sort,1,0.002688625,0.002688351,0.24795910142360736
32,100,4,AB,A,7,stage.schedule,10,0.000132667,0.000129903,0.012235246681320644
32,100,4,AB,A,7,stage.threshold,2,2.0961e-05,2.0405e-05,0.0019331333767037926
32,100,4,AB,B,0,stage.aggregate,1,0.000277848,0.000277537,0.014348642345805336
32,100,4,AB,B,0,stage.alloc_init,1,0.003066237,0.003065893,0.15834678694996945
32,100,4,AB,B,0,stage.candidates,1,0.000142921,0.000142635,0.007380734476061892
32,100,4,AB,B,0,stage.cleanup,1,0.001377892,0.001377556,0.071157177662414
32,100,4,AB,B,0,stage.delivery,1,5.3246e-05,5.2971e-05,0.0027497329847425605
32,100,4,AB,B,0,stage.leaf_distance,1,0.004904377,0.004904073,0.2532721182156925
32,100,4,AB,B,0,stage.node_plan,4,0.000108582,0.000107382,0.005607397869310684
32,100,4,AB,B,0,stage.node_prune,4,7.9986e-05,7.8884e-05,0.004130641597821779
32,100,4,AB,B,0,stage.output_alloc,1,6.467e-06,6.144e-06,0.000333969184771253
32,100,4,AB,B,0,stage.pivot_distance,2,0.000111903,0.000111324,0.005778901141712932
32,100,4,AB,B,0,stage.pivot_sort,2,0.000212037,0.000211416,0.010950026910676074
32,100,4,AB,B,0,stage.result_sort,1,0.002084269,0.002083999,0.10763593919498915
32,100,4,AB,B,0,stage.schedule,10,0.006903028,0.005495239,0.35648656774596155
32,100,4,AB,B,0,stage.threshold,2,2.3103e-05,2.2506e-05,0.0011930864505598048
32,100,4,AB,B,1,stage.aggregate,1,5.6849e-05,5.656e-05,0.004804830439749028
32,100,4,AB,B,1,stage.alloc_init,1,0.001985363,0.001985036,0.1678012379523202
32,100,4,AB,B,1,stage.candidates,1,0.000146194,0.000145885,0.012356195910370798
32,100,4,AB,B,1,stage.cleanup,1,0.001835988,0.001835656,0.1551761865540984
32,100,4,AB,B,1,stage.delivery,1,4.9392e-05,4.9091e-05,0.004174570970115288
32,100,4,AB,B,1,stage.leaf_distance,1,0.004900279,0.004899994,0.41416752629708403
32,100,4,AB,B,1,stage.node_plan,4,0.000104079,0.000102872,0.008796670958831979
32,100,4,AB,B,1,stage.node_prune,4,7.9782e-05,7.868e-05,0.0067431086236179535
32,100,4,AB,B,1,stage.output_alloc,1,6.039e-06,5.735e-06,0.0005104112829714575
32,100,4,AB,B,1,stage.pivot_distance,2,0.000109267,0.000108635,0.009235156425971558
32,100,4,AB,B,1,stage.pivot_sort,2,0.00020478,0.000204153,0.017307836152822498
32,100,4,AB,B,1,stage.result_sort,1,0.002187863,0.002187514,0.18491637039175057
32,100,4,AB,B,1,stage.schedule,10,0.000134441,0.000131696,0.011362842075503513
32,100,4,AB,B,1,stage.threshold,2,2.1028e-05,2.0445e-05,0.001777269160179468
32,100,4,AB,B,2,stage.aggregate,1,5.6411e-05,5.6125e-05,0.004786124032823014
32,100,4,AB,B,2,stage.alloc_init,1,0.001989772,0.001989414,0.1688198328169739
32,100,4,AB,B,2,stage.candidates,1,0.000142154,0.000141865,0.012060886631364854
32,100,4,AB,B,2,stage.cleanup,1,0.001788046,0.001787702,0.15170463087683358
32,100,4,AB,B,2,stage.delivery,1,5.4169e-05,5.3877e-05,0.0045959042160924266
32,100,4,AB,B,2,stage.leaf_distance,1,0.004904361,0.004904079,0.4161046612848543
32,100,4,AB,B,2,stage.node_plan,4,0.000103726,0.0001025,0.00880050879134566
32,100,4,AB,B,2,stage.node_prune,4,8.0688e-05,7.9582e-05,0.006845877150917789
32,100,4,AB,B,2,stage.output_alloc,1,6.292e-06,5.968e-06,0.0005338372376756733
32,100,4,AB,B,2,stage.pivot_distance,2,0.000113088,0.000112452,0.009594816518478471
32,100,4,AB,B,2,stage.pivot_sort,2,0.000207867,0.000207235,0.017636227762862236
32,100,4,AB,B,2,stage.result_sort,1,0.002170646,0.002170299,0.18416587168018908
32,100,4,AB,B,2,stage.schedule,10,0.000137126,0.000134343,0.011634291966547104
32,100,4,AB,B,2,stage.threshold,2,2.1414e-05,2.0843e-05,0.0018168452968192732
32,100,4,AB,B,3,stage.aggregate,1,5.6629e-05,5.6359e-05,0.0048595531723711295
32,100,4,AB,B,3,stage.alloc_init,1,0.00199649,0.001996155,0.17132651668062715
32,100,4,AB,B,3,stage.candidates,1,0.000142239,0.000141943,0.012206077869729237
32,100,4,AB,B,3,stage.cleanup,1,0.001698734,0.001698399,0.14577492448594706
32,100,4,AB,B,3,stage.delivery,1,4.6511e-05,4.6232e-05,0.003991288520018958
32,100,4,AB,B,3,stage.leaf_distance,1,0.004897081,0.004896813,0.420237431508739
32,100,4,AB,B,3,stage.node_plan,4,0.000103643,0.000102414,0.008894006064808859
32,100,4,AB,B,3,stage.node_prune,4,7.9066e-05,7.7975e-05,0.0067849587866057265
32,100,4,AB,B,3,stage.output_alloc,1,5.735e-06,5.404e-06,0.0004921424966633425
32,100,4,AB,B,3,stage.pivot_distance,2,0.000109392,0.000108823,0.009387349955535548
32,100,4,AB,B,3,stage.pivot_sort,2,0.00021016,0.000209419,0.01803464116805023
32,100,4,AB,B,3,stage.result_sort,1,0.002141001,0.002140636,0.18372756364406503
32,100,4,AB,B,3,stage.schedule,10,0.000134642,0.000131827,0.011554149962640935
32,100,4,AB,B,3,stage.threshold,2,2.2003e-05,2.1419e-05,0.0018881623982708849
32,100,4,AB,B,4,stage.aggregate,1,5.7164e-05,5.688e-05,0.00501278319344385
32,100,4,AB,B,4,stage.alloc_init,1,0.002008028,0.002007669,0.1760865056742822
32,100,4,AB,B,4,stage.candidates,1,0.000146522,0.000146168,0.01284869881515954
32,100,4,AB,B,4,stage.cleanup,1,0.001514375,0.001514035,0.13279745204274598
32,100,4,AB,B,4,stage.delivery,1,4.9183e-05,4.8907e-05,0.0043129192464339255
32,100,4,AB,B,4,stage.leaf_distance,1,0.004908286,0.004908019,0.4304137843645606
32,100,4,AB,B,4,stage.node_plan,4,0.00010206,0.00010089,0.008949770007747522
32,100,4,AB,B,4,stage.node_prune,4,8.0343e-05,7.9239e-05,0.007045378911742692
32,100,4,AB,B,4,stage.output_alloc,1,6.133e-06,5.836e-06,0.0005378104983099702
32,100,4,AB,B,4,stage.pivot_distance,2,0.000108138,0.000107542,0.009482757486750946
32,100,4,AB,B,4,stage.pivot_sort,2,0.000206259,0.000205599,0.018087111620889638
32,100,4,AB,B,4,stage.result_sort,1,0.002046714,0.002046389,0.17947892976324673
32,100,4,AB,B,4,stage.schedule,10,0.000138242,0.000135457,0.012122615181374027
32,100,4,AB,B,4,stage.threshold,2,2.1412e-05,2.0829e-05,0.0018776452616685278
32,100,4,AB,B,5,stage.aggregate,1,5.7208e-05,5.6917e-05,0.0050126709962376925
32,100,4,AB,B,5,stage.alloc_init,1,0.00199411,0.001993789,0.17472761432505146
32,100,4,AB,B,5,stage.candidates,1,0.000136222,0.000135932,0.011936024130357483
32,100,4,AB,B,5,stage.cleanup,1,0.001317317,0.00131698,0.11542575721491484
32,100,4,AB,B,5,stage.delivery,1,4.6866e-05,4.6591e-05,0.004106485787122006
32,100,4,AB,B,5,stage.leaf_distance,1,0.004920325,0.004920009,0.4311279964264303
32,100,4,AB,B,5,stage.node_plan,4,9.8554e-05,9.7361e-05,0.008635484151922975
32,100,4,AB,B,5,stage.node_prune,4,7.6531e-05,7.539e-05,0.006705788071826787
32,100,4,AB,B,5,stage.output_alloc,1,5.497e-06,5.186e-06,0.0004816573288057369
32,100,4,AB,B,5,stage.pivot_distance,2,0.000108727,0.000108148,0.009526861267793589
32,100,4,AB,B,5,stage.pivot_sort,2,0.000204572,0.0002039,0.017924977818527782
32,100,4,AB,B,5,stage.result_sort,1,0.002292966,0.002292616,0.20091393098096694
32,100,4,AB,B,5,stage.schedule,10,0.000123051,0.000120299,0.010781956697630476
32,100,4,AB,B,5,stage.threshold,2,2.1163e-05,2.0591e-05,0.0018543412860680026
32,100,4,AB,B,6,stage.aggregate,1,5.9024e-05,5.8752e-05,0.005155287938954767
32,100,4,AB,B,6,stage.alloc_init,1,0.001990206,0.001989914,0.17382903544042103
32,100,4,AB,B,6,stage.candidates,1,0.000143437,0.000143075,0.012528107822239341
32,100,4,AB,B,6,stage.cleanup,1,0.001564237,0.001563887,0.13662395194779728
32,100,4,AB,B,6,stage.delivery,1,4.8292e-05,4.8008e-05,0.004217931098332942
32,100,4,AB,B,6,stage.leaf_distance,1,0.004918692,0.004918419,0.4296095409161239
32,100,4,AB,B,6,stage.node_plan,4,0.00010429,0.000103116,0.009108921441338992
32,100,4,AB,B,6,stage.node_prune,4,8.0428e-05,7.9277e-05,0.00702476108624041
32,100,4,AB,B,6,stage.output_alloc,1,6.133e-06,5.83e-06,0.0005356699127407425
32,100,4,AB,B,6,stage.pivot_distance,2,0.000111327,0.000110746,0.009723548732380342
32,100,4,AB,B,6,stage.pivot_sort,2,0.000206178,0.000205538,0.018008046839892516
32,100,4,AB,B,6,stage.result_sort,1,0.00205168,0.002051346,0.17919831184932766
32,100,4,AB,B,6,stage.schedule,10,0.000134327,0.000131543,0.011732420082948919
32,100,4,AB,B,6,stage.threshold,2,2.1246e-05,2.0651e-05,0.0018556730745295637
32,100,4,AB,B,7,stage.aggregate,1,5.7122e-05,5.6847e-05,0.004935728898337568
32,100,4,AB,B,7,stage.alloc_init,1,0.001987449,0.001987123,0.17172909672756734
32,100,4,AB,B,7,stage.candidates,1,0.000141378,0.000141089,0.012216019750519391
32,100,4,AB,B,7,stage.cleanup,1,0.001444082,0.001443731,0.12477849618306626
32,100,4,AB,B,7,stage.delivery,1,4.9152e-05,4.8868e-05,0.0042470667485572655
32,100,4,AB,B,7,stage.leaf_distance,1,0.004922895,0.004922623,0.42537157513710167
32,100,4,AB,B,7,stage.node_plan,4,0.000102957,0.000101752,0.00889618431053081
32,100,4,AB,B,7,stage.node_prune,4,8.013e-05,7.9015e-05,0.00692377641930936
32,100,4,AB,B,7,stage.output_alloc,1,5.933e-06,5.655e-06,0.0005126515099932913
32,100,4,AB,B,7,stage.pivot_distance,2,0.000110584,0.000110007,0.009555208929900241
32,100,4,AB,B,7,stage.pivot_sort,2,0.000204147,0.0002035,0.017639687815708825
32,100,4,AB,B,7,stage.result_sort,1,0.002304888,0.00230454,0.19915798307187213
32,100,4,AB,B,7,stage.schedule,10,0.000132235,0.000129436,0.011426002431141561
32,100,4,AB,B,7,stage.threshold,2,2.1311e-05,2.0743e-05,0.0018414151912130511
32,100,5,BA,B,0,stage.aggregate,1,0.000291483,0.000290782,0.01442114668111471
32,100,5,BA,B,0,stage.alloc_init,1,0.003064287,0.003063809,0.15160586483614125
32,100,5,BA,B,0,stage.candidates,1,0.000513675,0.0005129,0.025414115133375187
32,100,5,BA,B,0,stage.cleanup,1,0.001718757,0.001718478,0.08503565150006237
32,100,5,BA,B,0,stage.delivery,1,5.1782e-05,5.1509e-05,0.0025619189367526818
32,100,5,BA,B,0,stage.leaf_distance,1,0.004898415,0.004898037,0.24234950655774956
32,100,5,BA,B,0,stage.node_plan,4,0.000105757,0.000104607,0.005232336738522138
32,100,5,BA,B,0,stage.node_prune,4,7.7919e-05,7.6772e-05,0.003855049276444174
32,100,5,BA,B,0,stage.output_alloc,1,6.319e-06,6.007e-06,0.00031263307252211574
32,100,5,BA,B,0,stage.pivot_distance,2,0.000108069,0.000107519,0.0053467231388499015
32,100,5,BA,B,0,stage.pivot_sort,2,0.000211884,0.000211259,0.01048297925910365
32,100,5,BA,B,0,stage.result_sort,1,0.00198465,0.001984389,0.09819073071388147
32,100,5,BA,B,0,stage.schedule,10,0.00714444,0.005729396,0.3534717880439792
32,100,5,BA,B,0,stage.threshold,2,2.2273e-05,2.1711e-05,0.0011019586048876535
32,100,5,BA,B,1,stage.aggregate,1,0.000266482,0.000266059,0.014590965704096145
32,100,5,BA,B,1,stage.alloc_init,1,0.003040986,0.003040526,0.1665062647106991
32,100,5,BA,B,1,stage.candidates,1,0.000140969,0.000140699,0.00771862206205571
32,100,5,BA,B,1,stage.cleanup,1,0.001468962,0.001468543,0.0804316019942078
32,100,5,BA,B,1,stage.delivery,1,4.6917e-05,4.6641e-05,0.002568895227216393
32,100,5,BA,B,1,stage.leaf_distance,1,0.004905024,0.004904657,0.26856987324385323
32,100,5,BA,B,1,stage.node_plan,4,0.000105723,0.000104589,0.005788761218897175
32,100,5,BA,B,1,stage.node_prune,4,7.7737e-05,7.6633e-05,0.00425641469569923
32,100,5,BA,B,1,stage.output_alloc,1,5.9e-06,5.623e-06,0.0003230488275161822
32,100,5,BA,B,1,stage.pivot_distance,2,0.000110792,0.000110251,0.006066309440368281
32,100,5,BA,B,1,stage.pivot_sort,2,0.000208379,0.000207816,0.011409591801524495
32,100,5,BA,B,1,stage.result_sort,1,0.001913129,0.00191285,0.10475153904020441
32,100,5,BA,B,1,stage.schedule,10,0.005941303,0.005231953,0.32531033357091116
32,100,5,BA,B,1,stage.threshold,2,2.0828e-05,2.0287e-05,0.0011404171151706852
32,100,5,BA,B,2,stage.aggregate,1,5.8712e-05,5.8434e-05,0.005073560667080937
32,100,5,BA,B,2,stage.alloc_init,1,0.001993381,0.001992966,0.1722567692483047
32,100,5,BA,B,2,stage.candidates,1,0.000142621,0.000142318,0.012324504290430412
32,100,5,BA,B,2,stage.cleanup,1,0.001436408,0.001435966,0.12412629668007212
32,100,5,BA,B,2,stage.delivery,1,4.8462e-05,4.8163e-05,0.004187813343917365
32,100,5,BA,B,2,stage.leaf_distance,1,0.004904968,0.004904755,0.42385973426370505
32,100,5,BA,B,2,stage.node_plan,4,0.000106313,0.000105038,0.009186971235852562
32,100,5,BA,B,2,stage.node_prune,4,8.0888e-05,7.9792e-05,0.006989885802541948
32,100,5,BA,B,2,stage.output_alloc,1,5.773e-06,5.471e-06,0.0004988701752803217
32,100,5,BA,B,2,stage.pivot_distance,2,0.000109047,0.000108485,0.009423228131611509
32,100,5,BA,B,2,stage.pivot_sort,2,0.000208559,0.000207957,0.01802249521674842
32,100,5,BA,B,2,stage.result_sort,1,0.002310226,0.002309827,0.19963673125881803
32,100,5,BA,B,2,stage.schedule,10,0.000134928,0.000132157,0.01165971851900628
32,100,5,BA,B,2,stage.threshold,2,2.1318e-05,2.0757e-05,0.0018421816034342455
32,100,5,BA,B,3,stage.aggregate,1,5.7491e-05,5.721e-05,0.004845013666762908
32,100,5,BA,B,3,stage.alloc_init,1,0.001987039,0.001986665,0.16745631683899917
32,100,5,BA,B,3,stage.candidates,1,0.000141637,0.000141363,0.011936358746922093
32,100,5,BA,B,3,stage.cleanup,1,0.0018506,0.001850195,0.15595801589312133
32,100,5,BA,B,3,stage.delivery,1,4.6117e-05,4.5842e-05,0.0038864778012228877
32,100,5,BA,B,3,stage.leaf_distance,1,0.004905492,0.004905136,0.41340689468257835
32,100,5,BA,B,3,stage.node_plan,4,0.000104372,0.000103076,0.008795877031663709
32,100,5,BA,B,3,stage.node_prune,4,7.9079e-05,7.7973e-05,0.006664327212153973
32,100,5,BA,B,3,stage.output_alloc,1,6.179e-06,5.87e-06,0.0005207308873898177
32,100,5,BA,B,3,stage.pivot_distance,2,0.000109255,0.000108703,0.009207388428835497
32,100,5,BA,B,3,stage.pivot_sort,2,0.000206085,0.000205506,0.01736766870492484
32,100,5,BA,B,3,stage.result_sort,1,0.002202755,0.002202349,0.18563563130803654
32,100,5,BA,B,3,stage.schedule,10,0.000138806,0.00013609,0.011697778209262185
32,100,5,BA,B,3,stage.threshold,2,2.1954e-05,2.1412e-05,0.0018501579384618964
32,100,5,BA,B,4,stage.aggregate,1,5.8161e-05,5.7889e-05,0.004862135010707631
32,100,5,BA,B,4,stage.alloc_init,1,0.001998221,0.001997851,0.16704699512097823
32,100,5,BA,B,4,stage.candidates,1,0.000142241,0.000141964,0.011891042899160334
32,100,5,BA,B,4,stage.cleanup,1,0.001887133,0.001886721,0.1577602762875763
32,100,5,BA,B,4,stage.delivery,1,4.97e-05,4.9407e-05,0.004154813535396044
32,100,5,BA,B,4,stage.leaf_distance,1,0.004925485,0.004925113,0.41175999489718673
32,100,5,BA,B,4,stage.node_plan,4,0.000105363,0.000104064,0.008808121097181756
32,100,5,BA,B,4,stage.node_prune,4,7.991e-05,7.88e-05,0.0066803048211971396
32,100,5,BA,B,4,stage.output_alloc,1,6.306e-06,5.994e-06,0.0005271680916339528
32,100,5,BA,B,4,stage.pivot_distance,2,0.00010909,0.000108549,0.009119690313407532
32,100,5,BA,B,4,stage.pivot_sort,2,0.000207865,0.000207259,0.017377068723040213
32,100,5,BA,B,4,stage.result_sort,1,0.002220271,0.002219835,0.1856098994576923
32,100,5,BA,B,4,stage.schedule,10,0.00013904,0.000136333,0.011623446156166315
32,100,5,BA,B,4,stage.threshold,2,2.2298e-05,2.1754e-05,0.001864065034451931
32,100,5,BA,B,5,stage.aggregate,1,5.7163e-05,5.6887e-05,0.0047289465583456106
32,100,5,BA,B,5,stage.alloc_init,1,0.002001622,0.002001221,0.16558899057097876
32,100,5,BA,B,5,stage.candidates,1,0.000138666,0.000138392,0.011471478114506804
32,100,5,BA,B,5,stage.cleanup,1,0.00197292,0.001972496,0.1632145486397009
32,100,5,BA,B,5,stage.delivery,1,4.7401e-05,4.7112e-05,0.003921361646731982
32,100,5,BA,B,5,stage.leaf_distance,1,0.004925574,0.004925191,0.40747994708424373
32,100,5,BA,B,5,stage.node_plan,4,0.00010744,0.000106274,0.008888232217144873
32,100,5,BA,B,5,stage.node_prune,4,7.9343e-05,7.8232e-05,0.006563840364900649
32,100,5,BA,B,5,stage.output_alloc,1,6.023e-06,5.739e-06,0.0004982671504454912
32,100,5,BA,B,5,stage.pivot_distance,2,0.00010872,0.000108187,0.008994123293447419
32,100,5,BA,B,5,stage.pivot_sort,2,0.000205001,0.000204267,0.01695920041648284
32,100,5,BA,B,5,stage.result_sort,1,0.002273081,0.002272625,0.18804608876005108
32,100,5,BA,B,5,stage.schedule,10,0.000133438,0.000130724,0.011038979249733596
32,100,5,BA,B,5,stage.threshold,2,2.184e-05,2.1294e-05,0.0018067664894121746
32,100,5,BA,B,6,stage.aggregate,1,5.7751e-05,5.7335e-05,0.004934690607519536
32,100,5,BA,B,6,stage.alloc_init,1,0.001984092,0.001983676,0.16953611464484855
32,100,5,BA,B,6,stage.candidates,1,0.000138483,0.000138208,0.011833055001664523
32,100,5,BA,B,6,stage.cleanup,1,0.001539965,0.001539528,0.13158648025850325
32,100,5,BA,B,6,stage.delivery,1,4.9172e-05,4.8879e-05,0.004201634717198847
32,100,5,BA,B,6,stage.leaf_distance,1,0.004919728,0.00491939,0.42037948352670723
32,100,5,BA,B,6,stage.node_plan,4,0.000103135,0.000101834,0.008812649405318129
32,100,5,BA,B,6,stage.node_prune,4,7.9869e-05,7.8778e-05,0.0068246230218001035
32,100,5,BA,B,6,stage.output_alloc,1,5.842e-06,5.556e-06,0.000499185512443579
32,100,5,BA,B,6,stage.pivot_distance,2,0.000110034,0.000109481,0.009402153145535221
32,100,5,BA,B,6,stage.pivot_sort,2,0.000205371,0.000204789,0.017548481320789157
32,100,5,BA,B,6,stage.result_sort,1,0.002346218,0.002345821,0.20047895149509568
32,100,5,BA,B,6,stage.schedule,10,0.000133162,0.000128467,0.011378387745294738
32,100,5,BA,B,6,stage.threshold,2,2.094e-05,2.0389e-05,0.0017892750137912601
32,100,5,BA,B,7,stage.aggregate,1,5.7772e-05,5.7481e-05,0.004958434531275507
32,100,5,BA,B,7,stage.alloc_init,1,0.002008571,0.002008088,0.17239091263793144
32,100,5,BA,B,7,stage.candidates,1,0.000141362,0.00014109,0.012132767122657484
32,100,5,BA,B,7,stage.cleanup,1,0.001508423,0.001508007,0.129464389167247
32,100,5,BA,B,7,stage.delivery,1,5.3163e-05,5.2887e-05,0.004562854929484867
32,100,5,BA,B,7,stage.leaf_distance,1,0.004919089,0.004918507,0.4221938094581718
32,100,5,BA,B,7,stage.node_plan,4,0.000104577,0.000103432,0.008975597313182834
32,100,5,BA,B,7,stage.node_prune,4,8.124e-05,8.0136e-05,0.006972637632777509
32,100,5,BA,B,7,stage.output_alloc,1,5.468e-06,5.172e-06,0.00046930554623372003
32,100,5,BA,B,7,stage.pivot_distance,2,0.000110386,0.000109837,0.009474170085324692
32,100,5,BA,B,7,stage.pivot_sort,2,0.000207824,0.000207031,0.017837043862559736
32,100,5,BA,B,7,stage.result_sort,1,0.002287601,0.002287196,0.19633939957384858
32,100,5,BA,B,7,stage.schedule,10,0.000135336,0.000132606,0.01161556975221045
32,100,5,BA,B,7,stage.threshold,2,2.0843e-05,2.0287e-05,0.00178890554135871
32,100,5,BA,A,0,stage.aggregate,1,6.1551e-05,6.1238e-05,0.005409964016193591
32,100,5,BA,A,0,stage.alloc_init,1,0.002006143,0.002005722,0.17632794660263298
32,100,5,BA,A,0,stage.candidates,1,0.000146917,0.000146621,0.012913123805740181
32,100,5,BA,A,0,stage.cleanup,1,0.001457671,0.001457388,0.12812054487252733
32,100,5,BA,A,0,stage.delivery,1,4.3162e-05,4.2884e-05,0.003793681124058875
32,100,5,BA,A,0,stage.leaf_distance,1,0.003803989,0.003803602,0.33434783525850503
32,100,5,BA,A,0,stage.node_plan,4,0.000103284,0.000102122,0.009078044604450601
32,100,5,BA,A,0,stage.node_prune,4,7.989e-05,7.8777e-05,0.007021852207985346
32,100,5,BA,A,0,stage.output_alloc,1,5.457e-06,5.148e-06,0.00047963759543091794
32,100,5,BA,A,0,stage.pivot_distance,2,0.000109692,0.000109137,0.009641269400404665
32,100,5,BA,A,0,stage.pivot_sort,2,0.000204483,0.000203886,0.01797283020459967
32,100,5,BA,A,0,stage.result_sort,1,0.003191195,0.003190959,0.2804869152191989
32,100,5,BA,A,0,stage.schedule,10,0.000131949,0.000129235,0.011597526311070952
32,100,5,BA,A,0,stage.threshold,2,2.1056e-05,2.0497e-05,0.001850696208428332
32,100,5,BA,A,1,stage.aggregate,1,6.2447e-05,6.2166e-05,0.00526926788337896
32,100,5,BA,A,1,stage.alloc_init,1,0.002002282,0.002001992,0.16895223527259584
32,100,5,BA,A,1,stage.candidates,1,0.000143524,0.000143233,0.01211053219040277
32,100,5,BA,A,1,stage.cleanup,1,0.001821679,0.001821226,0.15371298298598654
32,100,5,BA,A,1,stage.delivery,1,4.4426e-05,4.4131e-05,0.0037486587824394073
32,100,5,BA,A,1,stage.leaf_distance,1,0.003806865,0.003806474,0.3212226605098635
32,100,5,BA,A,1,stage.node_plan,4,0.000110281,0.000109108,0.009305493161351468
32,100,5,BA,A,1,stage.node_prune,4,7.9445e-05,7.8301e-05,0.006703556407754439
32,100,5,BA,A,1,stage.output_alloc,1,6.013e-06,5.722e-06,0.0005073759793546158
32,100,5,BA,A,1,stage.pivot_distance,2,0.000111169,0.000110456,0.009380422459483333
32,100,5,BA,A,1,stage.pivot_sort,2,0.00020673,0.00020612,0.017443844372522818
32,100,5,BA,A,1,stage.result_sort,1,0.003281955,0.003281555,0.2769308385702275
32,100,5,BA,A,1,stage.schedule,10,0.000140971,0.000138197,0.011895110458273662
32,100,5,BA,A,1,stage.threshold,2,2.2253e-05,2.1685e-05,0.001877704584829247
32,100,5,BA,A,2,stage.aggregate,1,6.4104e-05,6.3828e-05,0.005402727102863443
32,100,5,BA,A,2,stage.alloc_init,1,0.002009821,0.002009438,0.1693890301479488
32,100,5,BA,A,2,stage.candidates,1,0.000149391,0.000149114,0.01259077131885487
32,100,5,BA,A,2,stage.cleanup,1,0.001815205,0.001814771,0.1529866662104274
32,100,5,BA,A,2,stage.delivery,1,4.5279e-05,4.4978e-05,0.0038161437740321016
32,100,5,BA,A,2,stage.leaf_distance,1,0.003802194,0.003801825,0.3204514004452884
32,100,5,BA,A,2,stage.node_plan,4,0.000102521,0.000101318,0.008640537022848232
32,100,5,BA,A,2,stage.node_prune,4,8.0467e-05,7.9316e-05,0.00678181145928667
32,100,5,BA,A,2,stage.output_alloc,1,5.499e-06,5.212e-06,0.0004634593213940796
32,100,5,BA,A,2,stage.pivot_distance,2,0.000112124,0.000111418,0.009449884152025781
32,100,5,BA,A,2,stage.pivot_sort,2,0.000206811,0.00020622,0.017430166524246407
32,100,5,BA,A,2,stage.result_sort,1,0.00330736,0.003306978,0.27874646684959503
32,100,5,BA,A,2,stage.schedule,10,0.000133046,0.000130278,0.01121320401422017
32,100,5,BA,A,2,stage.threshold,2,2.1649e-05,2.1078e-05,0.0018245918983197723
32,100,5,BA,A,3,stage.aggregate,1,6.217e-05,6.1888e-05,0.0052553711380799095
32,100,5,BA,A,3,stage.alloc_init,1,0.002008875,0.002008452,0.16981476105855361
32,100,5,BA,A,3,stage.candidates,1,0.000141335,0.000141047,0.011947368180803025
32,100,5,BA,A,3,stage.cleanup,1,0.001796392,0.001795961,0.15185309103229283
32,100,5,BA,A,3,stage.delivery,1,4.5101e-05,4.4815e-05,0.0038124898455612357
32,100,5,BA,A,3,stage.leaf_distance,1,0.00380417,0.003803775,0.3215751201922061
32,100,5,BA,A,3,stage.node_plan,4,9.7874e-05,9.6655e-05,0.008273511255725159
32,100,5,BA,A,3,stage.node_prune,4,7.924e-05,7.8083e-05,0.0066983369628671715
32,100,5,BA,A,3,stage.output_alloc,1,6.011e-06,5.688e-06,0.0005081234664789825
32,100,5,BA,A,3,stage.pivot_distance,2,0.000110263,0.000109732,0.009320781531254707
32,100,5,BA,A,3,stage.pivot_sort,2,0.000211495,0.00021076,0.017878152144896423
32,100,5,BA,A,3,stage.result_sort,1,0.003301333,0.003300938,0.2790691678525135
32,100,5,BA,A,3,stage.schedule,10,0.000133891,0.000131116,0.011318109973438269
32,100,5,BA,A,3,stage.threshold,2,2.1073e-05,2.0533e-05,0.0017813484959427045
32,100,5,BA,A,4,stage.aggregate,1,6.3409e-05,6.3119e-05,0.005374360041863205
32,100,5,BA,A,4,stage.alloc_init,1,0.00200242,0.002002008,0.16971922022154137
32,100,5,BA,A,4,stage.candidates,1,0.000147893,0.000147594,0.012534974998364189
32,100,5,BA,A,4,stage.cleanup,1,0.001790283,0.001790004,0.15173911304116108
32,100,5,BA,A,4,stage.delivery,1,4.5109e-05,4.483e-05,0.0038233059522844908
32,100,5,BA,A,4,stage.leaf_distance,1,0.003802305,0.003801918,0.3222721704959339
32,100,5,BA,A,4,stage.node_plan,4,0.000102992,0.000101782,0.00872929851332737
32,100,5,BA,A,4,stage.node_prune,4,7.9455e-05,7.8321e-05,0.0067343717315561024
32,100,5,BA,A,4,stage.output_alloc,1,5.765e-06,5.471e-06,0.0004886244167443324
32,100,5,BA,A,4,stage.pivot_distance,2,0.000110478,0.000109914,0.00936378982013536
32,100,5,BA,A,4,stage.pivot_sort,2,0.000204658,0.000203885,0.01734620917295084
32,100,5,BA,A,4,stage.result_sort,1,0.003272529,0.003272111,0.27736991741611683
32,100,5,BA,A,4,stage.schedule,10,0.000137718,0.000134988,0.011672571973147609
32,100,5,BA,A,4,stage.threshold,2,2.2572e-05,2.1976e-05,0.0019131362245885639
32,100,5,BA,A,5,stage.aggregate,1,6.1633e-05,6.136e-05,0.005292302851994212
32,100,5,BA,A,5,stage.alloc_init,1,0.002002956,0.002002498,0.1719898390670407
32,100,5,BA,A,5,stage.candidates,1,0.000145198,0.000144906,0.012467862825172482
32,100,5,BA,A,5,stage.cleanup,1,0.001668073,0.001667601,0.14323410340620352
32,100,5,BA,A,5,stage.delivery,1,4.1809e-05,4.138e-05,0.003590055488764558
32,100,5,BA,A,5,stage.leaf_distance,1,0.00380381,0.003803416,0.3266255822602194
32,100,5,BA,A,5,stage.node_plan,4,0.000103253,0.000102093,0.00886612928750764
32,100,5,BA,A,5,stage.node_prune,4,8.0749e-05,7.9477e-05,0.006933755666537092
32,100,5,BA,A,5,stage.output_alloc,1,5.328e-06,5.033e-06,0.0004575047392699554
32,100,5,BA,A,5,stage.pivot_distance,2,0.000110841,0.000110258,0.0095176957217382
32,100,5,BA,A,5,stage.pivot_sort,2,0.000205097,0.000204488,0.017611270553688073
32,100,5,BA,A,5,stage.result_sort,1,0.003254099,0.003253687,0.2794229944732775
32,100,5,BA,A,5,stage.schedule,10,0.000132052,0.000129376,0.011339042010149427
32,100,5,BA,A,5,stage.threshold,2,2.0864e-05,2.0316e-05,0.0017915500901141796
32,100,5,BA,A,6,stage.aggregate,1,6.3569e-05,6.3136e-05,0.0055454121177491746
32,100,5,BA,A,6,stage.alloc_init,1,0.001999804,0.001999368,0.17445197084621858
32,100,5,BA,A,6,stage.candidates,1,0.000143967,0.000143658,0.01255889421504185
32,100,5,BA,A,6,stage.cleanup,1,0.001540278,0.001540003,0.13436543418808636
32,100,5,BA,A,6,stage.delivery,1,4.6621e-05,4.6342e-05,0.004066961228611182
32,100,5,BA,A,6,stage.leaf_distance,1,0.00380524,0.003804874,0.3319483397087239
32,100,5,BA,A,6,stage.node_plan,4,0.000107267,0.000106116,0.00935738680228729
32,100,5,BA,A,6,stage.node_prune,4,7.9651e-05,7.8518e-05,0.006948317900090288
32,100,5,BA,A,6,stage.output_alloc,1,5.408e-06,5.101e-06,0.00047176436207565847
32,100,5,BA,A,6,stage.pivot_distance,2,0.00010753,0.000106978,0.009380329484836455
32,100,5,BA,A,6,stage.pivot_sort,2,0.000203088,0.000202451,0.01771628712374655
32,100,5,BA,A,6,stage.result_sort,1,0.003194517,0.003194248,0.2786722031517837
32,100,5,BA,A,6,stage.schedule,10,0.000134197,0.000131466,0.011706612813880758
32,100,5,BA,A,6,stage.threshold,2,2.2283e-05,2.1717e-05,0.0019438471302019042
32,100,5,BA,A,7,stage.aggregate,1,6.1492e-05,6.1214e-05,0.005353288578661488
32,100,5,BA,A,7,stage.alloc_init,1,0.001987256,0.001986828,0.1730038842073199
32,100,5,BA,A,7,stage.candidates,1,0.000143328,0.000143037,0.012477657994574802
32,100,5,BA,A,7,stage.cleanup,1,0.001351155,0.001350725,0.11762705115301768
32,100,5,BA,A,7,stage.delivery,1,4.5186e-05,4.4891e-05,0.003933742563510668
32,100,5,BA,A,7,stage.leaf_distance,1,0.003801583,0.003800924,0.3309531460146633
32,100,5,BA,A,7,stage.node_plan,4,9.1127e-05,8.9966e-05,0.007933212910747502
32,100,5,BA,A,7,stage.node_prune,4,7.5841e-05,7.4707e-05,0.006602464696127397
32,100,5,BA,A,7,stage.output_alloc,1,5.815e-06,5.522e-06,0.0005062345196922617
32,100,5,BA,A,7,stage.pivot_distance,2,0.000108205,0.000107611,0.009419966672966667
32,100,5,BA,A,7,stage.pivot_sort,2,0.000206786,0.000205998,0.018002099980925886
32,100,5,BA,A,7,stage.result_sort,1,0.00345841,0.003458011,0.3010776483661074
32,100,5,BA,A,7,stage.schedule,10,0.00012158,0.000118897,0.010584349596592463
32,100,5,BA,A,7,stage.threshold,2,1.9254e-05,1.8713e-05,0.0016761890700180233
128,10,0,AB,A,0,stage.aggregate,1,1.8556e-05,1.8278e-05,0.0007274948149920231
128,10,0,AB,A,0,stage.alloc_init,1,0.002092868,0.002092543,0.0820516608354562
128,10,0,AB,A,0,stage.candidates,1,0.000207029,0.00020675,0.008116648202898445
128,10,0,AB,A,0,stage.cleanup,1,0.002084717,0.002084399,0.08173209787808391
128,10,0,AB,A,0,stage.delivery,1,4.4514e-05,4.4226e-05,0.001745187766466637
128,10,0,AB,A,0,stage.leaf_distance,1,0.013715332,0.013715166,0.5377146430208113
128,10,0,AB,A,0,stage.node_plan,4,0.000100758,9.962e-05,0.003950254503608874
128,10,0,AB,A,0,stage.node_prune,4,9.9351e-05,9.8221e-05,0.0038950925503488084
128,10,0,AB,A,0,stage.output_alloc,1,9.105e-06,8.737e-06,0.00035696487877249247
128,10,0,AB,A,0,stage.pivot_distance,2,0.000160401,0.000159868,0.006288580287752506
128,10,0,AB,A,0,stage.pivot_sort,2,0.001709844,0.001709202,0.06703506383084828
128,10,0,AB,A,0,stage.result_sort,1,0.005102425,0.00510222,0.20004245157284292
128,10,0,AB,A,0,stage.schedule,10,0.000129538,0.00012689,0.005078585004550371
128,10,0,AB,A,0,stage.threshold,2,2.1412e-05,2.0849e-05,0.000839465346982604
128,10,0,AB,A,1,stage.aggregate,1,1.8512e-05,1.8239e-05,0.0007064986579883963
128,10,0,AB,A,1,stage.alloc_init,1,0.002087425,0.00208705,0.07966524206738483
128,10,0,AB,A,1,stage.candidates,1,0.000206697,0.000206361,0.00788845900552223
128,10,0,AB,A,1,stage.cleanup,1,0.002555072,0.002554796,0.09751269117673549
128,10,0,AB,A,1,stage.delivery,1,4.4045e-05,4.3769e-05,0.001680949297271981
128,10,0,AB,A,1,stage.leaf_distance,1,0.013731005,0.013730838,0.5240350370209571
128,10,0,AB,A,1,stage.node_plan,4,9.9314e-05,9.8129e-05,0.003790255386746953
128,10,0,AB,A,1,stage.node_prune,4,0.000100896,9.9717e-05,0.0038506314064605243
128,10,0,AB,A,1,stage.output_alloc,1,5.506e-06,5.208e-06,0.0002101329737945176
128,10,0,AB,A,1,stage.pivot_distance,2,0.000159911,0.000159363,0.006102901193689629
128,10,0,AB,A,1,stage.pivot_sort,2,0.001712013,0.001711261,0.06533788283052551
128,10,0,AB,A,1,stage.result_sort,1,0.005321337,0.005321029,0.20308542832778728
128,10,0,AB,A,1,stage.schedule,10,0.000129514,0.000126831,0.004942819100621713
128,10,0,AB,A,1,stage.threshold,2,2.2103e-05,2.1557e-05,0.0008435468797276103
128,10,0,AB,A,2,stage.aggregate,1,1.887e-05,1.8566e-05,0.0007250695386644196
128,10,0,AB,A,2,stage.alloc_init,1,0.002094426,0.002094101,0.08047718566967492
128,10,0,AB,A,2,stage.candidates,1,0.000209926,0.000209643,0.008066292950379807
128,10,0,AB,A,2,stage.cleanup,1,0.002581164,0.00258086,0.0991798299256602
128,10,0,AB,A,2,stage.delivery,1,4.5312e-05,4.5035e-05,0.001741089079807217
128,10,0,AB,A,2,stage.leaf_distance,1,0.013728819,0.013728675,0.527522440844585
128,10,0,AB,A,2,stage.node_plan,4,9.9252e-05,9.8104e-05,0.0038137043906476403
128,10,0,AB,A,2,stage.node_prune,4,0.00010098,9.9819e-05,0.0038801018555555426
128,10,0,AB,A,2,stage.output_alloc,1,5.075e-06,4.776e-06,0.00019500412870810435
128,10,0,AB,A,2,stage.pivot_distance,2,0.000155914,0.000155368,0.005990911078501553
128,10,0,AB,A,2,stage.pivot_sort,2,0.001720348,0.001719771,0.06610344094871526
128,10,0,AB,A,2,stage.result_sort,1,0.005105089,0.005104872,0.196160282250705
128,10,0,AB,A,2,stage.schedule,10,0.00012906,0.000126309,0.0049590606603089555
128,10,0,AB,A,2,stage.threshold,2,2.1763e-05,2.1206e-05,0.0008362314981427538
128,10,0,AB,A,3,stage.aggregate,1,1.8214e-05,1.7938e-05,0.0007156659608892127
128,10,0,AB,A,3,stage.alloc_init,1,0.002088089,0.002087761,0.08204536184293376
128,10,0,AB,A,3,stage.candidates,1,0.000204345,0.000204082,0.008029140264516645
128,10,0,AB,A,3,stage.cleanup,1,0.002012023,0.002000545,0.07905657041979776
128,10,0,AB,A,3,stage.delivery,1,4.5008e-05,4.4726e-05,0.001768457975606769
128,10,0,AB,A,3,stage.leaf_distance,1,0.013738176,0.013738112,0.5398015223402395
128,10,0,AB,A,3,stage.node_plan,4,0.000101075,9.7615e-05,0.003971447073508136
128,10,0,AB,A,3,stage.node_prune,4,9.835e-05,9.7193e-05,0.0038643761531489008
128,10,0,AB,A,3,stage.output_alloc,1,5.877e-06,5.574e-06,0.00023091955924815544
128,10,0,AB,A,3,stage.pivot_distance,2,0.000158718,0.000158158,0.006236360490853962
128,10,0,AB,A,3,stage.pivot_sort,2,0.001713913,0.00171332,0.0673432081929018
128,10,0,AB,A,3,stage.result_sort,1,0.005111816,0.005111581,0.20085388764295883
128,10,0,AB,A,3,stage.schedule,10,0.000127309,0.000124556,0.005002235522940859
128,10,0,AB,A,3,stage.threshold,2,1.9339e-05,1.879e-05,0.0007598695518632088
128,10,0,AB,A,4,stage.aggregate,1,0.000706692,0.000706111,0.020462984685337002
128,10,0,AB,A,4,stage.alloc_init,1,0.003121128,0.003120892,0.09037543153874178
128,10,0,AB,A,4,stage.candidates,1,0.000598166,0.000597895,0.01732050411960132
128,10,0,AB,A,4,stage.cleanup,1,0.001630322,0.00162997,0.04720762951634941
128,10,0,AB,A,4,stage.delivery,1,4.6515e-05,4.6233e-05,0.0013468890728046314
128,10,0,AB,A,4,stage.leaf_distance,1,0.013697577,0.013687571,0.39662725540578414
128,10,0,AB,A,4,stage.node_plan,4,0.000103194,0.000101912,0.0029880870897345192
128,10,0,AB,A,4,stage.node_prune,4,0.002072793,0.002071695,0.06001982676310718
128,10,0,AB,A,4,stage.output_alloc,1,5.671e-06,5.372e-06,0.00016420956534182664
128,10,0,AB,A,4,stage.pivot_distance,2,0.001955666,0.000691357,0.056628295505869994
128,10,0,AB,A,4,stage.pivot_sort,2,0.001319325,0.001318667,0.03820239548485372
128,10,0,AB,A,4,stage.result_sort,1,0.004422622,0.004422404,0.12806151230668314
128,10,0,AB,A,4,stage.schedule,10,0.004408182,0.003013358,0.1276433874391931
128,10,0,AB,A,4,stage.threshold,2,0.000437871,0.000437325,0.012678999574288656
128,10,0,AB,A,5,stage.aggregate,1,0.000704573,0.000704295,0.01946445072466695
128,10,0,AB,A,5,stage.alloc_init,1,0.005244455,0.005244189,0.1448826962220142
128,10,0,AB,A,5,stage.candidates,1,0.000576704,0.000575984,0.015931956789031552
128,10,0,AB,A,5,stage.cleanup,1,0.001658397,0.001658144,0.04581468022253975
128,10,0,AB,A,5,stage.delivery,1,4.6093e-05,4.5814e-05,0.0012733597899040607
128,10,0,AB,A,5,stage.leaf_distance,1,0.013708122,0.013708065,0.37869896404875425
128,10,0,AB,A,5,stage.node_plan,4,0.000107033,0.000105832,0.0029568810533660496
128,10,0,AB,A,5,stage.node_prune,4,0.000158083,0.000156998,0.004367182341513974
128,10,0,AB,A,5,stage.output_alloc,1,6.431e-06,6.128e-06,0.00017766204865973171
128,10,0,AB,A,5,stage.pivot_distance,2,0.00087862,0.00021826,0.024272652650196465
128,10,0,AB,A,5,stage.pivot_sort,2,0.001373536,0.001372901,0.037945143782909856
128,10,0,AB,A,5,stage.result_sort,1,0.004417904,0.004417665,0.12204849563396415
128,10,0,AB,A,5,stage.schedule,10,0.007283492,0.003224036,0.2012128922588659
128,10,0,AB,A,5,stage.threshold,2,2.1454e-05,2.0914e-05,0.0005926856774911964
128,10,0,AB,A,6,stage.aggregate,1,0.000703813,0.000703561,0.02174801963960075
128,10,0,AB,A,6,stage.alloc_init,1,0.003128449,0.0031281,0.09666995394158581
128,10,0,AB,A,6,stage.candidates,1,0.000571583,0.000570944,0.01766207545137972
128,10,0,AB,A,6,stage.cleanup,1,0.001421373,0.001421047,0.043920825445392796
128,10,0,AB,A,6,stage.delivery,1,4.5684e-05,4.5413e-05,0.0014116484481183505
128,10,0,AB,A,6,stage.leaf_distance,1,0.013712805,0.013712728,0.4237295310743271
128,10,0,AB,A,6,stage.node_plan,4,9.7627e-05,9.6342e-05,0.003016701756511037
128,10,0,AB,A,6,stage.node_prune,4,9.4395e-05,9.3319e-05,0.0029168320475468808
128,10,0,AB,A,6,stage.output_alloc,1,6.765e-06,6.478e-06,0.0002090404025812241
128,10,0,AB,A,6,stage.pivot_distance,2,0.000157604,0.00015677,0.0048700079243771234
128,10,0,AB,A,6,stage.pivot_sort,2,0.00127731,0.0012767,0.039469238229271744
128,10,0,AB,A,6,stage.result_sort,1,0.004417943,0.004417576,0.13651568119747243
128,10,0,AB,A,6,stage.schedule,10,0.006697442,0.005284521,0.20695284138128583
128,10,0,AB,A,6,stage.threshold,2,1.8984e-05,1.8423e-05,0.0005866109390394617
128,10,0,AB,A,7,stage.aggregate,1,1.8988e-05,1.8708e-05,0.0006080331983308355
128,10,0,AB,A,7,stage.alloc_init,1,0.003145104,0.003144757,0.10071243123041417
128,10,0,AB,A,7,stage.candidates,1,0.000211457,0.000211186,0.006771270066328391
128,10,0,AB,A,7,stage.cleanup,1,0.00217629,0.002176032,0.06968909675560428
128,10,0,AB,A,7,stage.delivery,1,4.6629e-05,4.6358e-05,0.001493152517641064
128,10,0,AB,A,7,stage.leaf_distance,1,0.013733571,0.013733493,0.4397760216786187
128,10,0,AB,A,7,stage.node_plan,4,0.000114216,0.000113048,0.00365742151782993
128,10,0,AB,A,7,stage.node_prune,4,0.000100036,9.8925e-05,0.0032033499593545115
128,10,0,AB,A,7,stage.output_alloc,1,5.859e-06,5.528e-06,0.00018761673209502662
128,10,0,AB,A,7,stage.pivot_distance,2,0.000158912,0.000158361,0.0050886755642063275
128,10,0,AB,A,7,stage.pivot_sort,2,0.001131747,0.001131155,0.03624077038715653
128,10,0,AB,A,7,stage.result_sort,1,0.00438874,0.004388507,0.14053610800729258
128,10,0,AB,A,7,stage.schedule,10,0.0059664,0.005258774,0.19105589185386018
128,10,0,AB,A,7,stage.threshold,2,2.1277e-05,2.0718e-05,0.000681331491514914
128,10,0,AB,B,0,stage.aggregate,1,2.665e-05,2.6365e-05,0.0008926963570217318
128,10,0,AB,B,0,stage.alloc_init,1,0.002094867,0.002094622,0.0701718626395889
128,10,0,AB,B,0,stage.candidates,1,0.000204913,0.000204625,0.006863980810746496
128,10,0,AB,B,0,stage.cleanup,1,0.002148508,0.002148207,0.07196867784735636
128,10,0,AB,B,0,stage.delivery,1,4.2548e-05,4.2265e-05,0.001425232442722726
128,10,0,AB,B,0,stage.leaf_distance,1,0.017942707,0.017942676,0.6010277363605375
128,10,0,AB,B,0,stage.node_plan,4,0.000103014,0.000101811,0.00345066501021526
128,10,0,AB,B,0,stage.node_prune,4,0.000101206,0.000100138,0.003390102345543767
128,10,0,AB,B,0,stage.output_alloc,1,4.979e-06,4.678e-06,0.0001667818071899138
128,10,0,AB,B,0,stage.pivot_distance,2,0.000157469,0.000156909,0.005274746815904506
128,10,0,AB,B,0,stage.pivot_sort,2,0.001712797,0.001712216,0.05737364511136027
128,10,0,AB,B,0,stage.result_sort,1,0.005152394,0.005152191,0.17258999451184348
128,10,0,AB,B,0,stage.schedule,10,0.00012805,0.000125347,0.004289297130080028
128,10,0,AB,B,0,stage.threshold,2,2.2629e-05,2.2064e-05,0.0007580047228159388
128,10,0,AB,B,1,stage.aggregate,1,2.662e-05,2.6353e-05,0.0008943609834449818
128,10,0,AB,B,1,stage.alloc_init,1,0.002094457,0.002094199,0.070368167629723
128,10,0,AB,B,1,stage.candidates,1,0.000212779,0.000212504,0.007148806750429743
128,10,0,AB,B,1,stage.cleanup,1,0.002062193,0.002061924,0.06928418330328164
128,10,0,AB,B,1,stage.delivery,1,4.0826e-05,4.0515e-05,0.0013716446848281302
128,10,0,AB,B,1,stage.leaf_distance,1,0.017964065,0.017964031,0.6035446596570089
128,10,0,AB,B,1,stage.node_plan,4,0.00010341,0.000102237,0.0034743001238935222
128,10,0,AB,B,1,stage.node_prune,4,9.7633e-05,9.6501e-05,0.0032802083357131445
128,10,0,AB,B,1,stage.output_alloc,1,5.391e-06,5.1e-06,0.00018112321794710355
128,10,0,AB,B,1,stage.pivot_distance,2,0.000158561,0.00015802,0.005327226592637856
128,10,0,AB,B,1,stage.pivot_sort,2,0.001710586,0.001709963,0.057471126116724926
128,10,0,AB,B,1,stage.result_sort,1,0.005126084,0.005125876,0.1722227470872121
128,10,0,AB,B,1,stage.schedule,10,0.000129955,0.000127285,0.004366141307422713
128,10,0,AB,B,1,stage.threshold,2,2.1819e-05,2.1254e-05,0.0007330601915021057
128,10,0,AB,B,2,stage.aggregate,1,0.000705796,0.000705502,0.02151949732998784
128,10,0,AB,B,2,stage.alloc_init,1,0.002092628,0.002092356,0.06380356740284417
128,10,0,AB,B,2,stage.candidates,1,0.00115124,0.001150968,0.0351009443326049
128,10,0,AB,B,2,stage.cleanup,1,0.001388244,0.001387968,0.04232712150730756
128,10,0,AB,B,2,stage.delivery,1,4.4295e-05,4.3987e-05,0.0013505405729584917
128,10,0,AB,B,2,stage.leaf_distance,1,0.017917518,0.017917504,0.5462994700465986
128,10,0,AB,B,2,stage.node_plan,4,9.8369e-05,9.7254e-05,0.002999239770207786
128,10,0,AB,B,2,stage.node_prune,4,8.6193e-05,8.5079e-05,0.002627997372277035
128,10,0,AB,B,2,stage.output_alloc,1,5.091e-06,4.8e-06,0.00015522298356319405
128,10,0,AB,B,2,stage.pivot_distance,2,0.000158971,0.000158428,0.004846975627582895
128,10,0,AB,B,2,stage.pivot_sort,2,0.001717602,0.001705914,0.05236914300021788
128,10,0,AB,B,2,stage.result_sort,1,0.005217825,0.00521753,0.1590898377942689
128,10,0,AB,B,2,stage.schedule,10,0.001186721,0.001184011,0.036182748826772186
128,10,0,AB,B,2,stage.threshold,2,0.001017677,0.001017144,0.03102865060766856
128,10,0,AB,B,3,stage.aggregate,1,0.000783369,0.000783115,0.018807975646333065
128,10,0,AB,B,3,stage.alloc_init,1,0.004181612,0.004170926,0.10039669256559056
128,10,0,AB,B,3,stage.candidates,1,0.000553551,0.000552907,0.01329025494626838
128,10,0,AB,B,3,stage.cleanup,1,0.00164605,0.001645723,0.039520160119492276
128,10,0,AB,B,3,stage.delivery,1,4.9848e-05,4.9543e-05,0.001196805043368337
128,10,0,AB,B,3,stage.leaf_distance,1,0.017905076,0.017905037,0.42988455421869215
128,10,0,AB,B,3,stage.node_plan,4,0.000105552,0.000104408,0.002534207308971567
128,10,0,AB,B,3,stage.node_prune,4,0.001102937,0.001101807,0.026480512038949272
128,10,0,AB,B,3,stage.output_alloc,1,5.914e-06,5.621e-06,0.00014198974936768463
128,10,0,AB,B,3,stage.pivot_distance,2,0.001431695,0.000261033,0.03437369195484735
128,10,0,AB,B,3,stage.pivot_sort,2,0.001135035,0.001134478,0.027251155761506583
128,10,0,AB,B,3,stage.result_sort,1,0.00447528,0.004475006,0.1074473935661501
128,10,0,AB,B,3,stage.schedule,10,0.007819007,0.00361094,0.18772723101693806
128,10,0,AB,B,3,stage.threshold,2,0.00044395,0.000442689,0.010658834837974905
128,10,0,AB,B,4,stage.aggregate,1,0.000712343,0.000712074,0.017646444759483296
128,10,0,AB,B,4,stage.alloc_init,1,0.005234749,0.005234544,0.12967728897211092
128,10,0,AB,B,4,stage.candidates,1,0.000571295,0.000570525,0.014152347477084786
128,10,0,AB,B,4,stage.cleanup,1,0.001790593,0.001790244,0.04435728358560057
128,10,0,AB,B,4,stage.delivery,1,4.3782e-05,4.3499e-05,0.0010845851569534586
128,10,0,AB,B,4,stage.leaf_distance,1,0.017930237,0.017930201,0.44417497854958005
128,10,0,AB,B,4,stage.node_plan,4,0.000105003,0.000103864,0.0026011761736691795
128,10,0,AB,B,4,stage.node_prune,4,0.00016297,0.00016184,0.004037157805232862
128,10,0,AB,B,4,stage.output_alloc,1,6.64e-06,6.335e-06,0.00016448872692364364
128,10,0,AB,B,4,stage.pivot_distance,2,0.000783532,0.000219096,0.019409967045773545
128,10,0,AB,B,4,stage.pivot_sort,2,0.001130992,0.001130407,0.028017384674823124
128,10,0,AB,B,4,stage.result_sort,1,0.00443894,0.004438642,0.10996319118831907
128,10,0,AB,B,4,stage.schedule,10,0.007424594,0.003216176,0.1839250022567655
128,10,0,AB,B,4,stage.threshold,2,2.1655e-05,2.1084e-05,0.0005364462923993226
128,10,0,AB,B,5,stage.aggregate,1,2.7296e-05,2.7029e-05,0.0007694442025680257
128,10,0,AB,B,5,stage.alloc_init,1,0.003137995,0.003137662,0.08845662589527593
128,10,0,AB,B,5,stage.candidates,1,0.000208736,0.000208457,0.00588403813991938
128,10,0,AB,B,5,stage.cleanup,1,0.002236975,0.002236677,0.06305786360784031
128,10,0,AB,B,5,stage.delivery,1,4.3219e-05,4.2921e-05,0.0012182960503658961
128,10,0,AB,B,5,stage.leaf_distance,1,0.01794854,0.017948495,0.5059495914258613
128,10,0,AB,B,5,stage.node_plan,4,0.00010577,0.00010462,0.002981539907151966
128,10,0,AB,B,5,stage.node_prune,4,9.8598e-05,9.7507e-05,0.002779369119460807
128,10,0,AB,B,5,stage.output_alloc,1,6.15e-06,5.849e-06,0.00017336173233416463
128,10,0,AB,B,5,stage.pivot_distance,2,0.000161066,0.000160511,0.004540273297582855
128,10,0,AB,B,5,stage.pivot_sort,2,0.001105886,0.001105296,0.031173709386032516
128,10,0,AB,B,5,stage.result_sort,1,0.004415339,0.004415078,0.12446354762318668
128,10,0,AB,B,5,stage.schedule,10,0.005945192,0.005236441,0.16758842019174258
128,10,0,AB,B,5,stage.threshold,2,2.5036e-05,2.4482e-05,0.0007057372895476659
128,10,0,AB,B,6,stage.aggregate,1,2.618e-05,2.5901e-05,0.0008727121058769794
128,10,0,AB,B,6,stage.alloc_init,1,0.002058663,0.002058408,0.0686256731100466
128,10,0,AB,B,6,stage.candidates,1,0.000209133,0.000208841,0.006971462980839203
128,10,0,AB,B,6,stage.cleanup,1,0.002256388,0.002256118,0.07521684962397042
128,10,0,AB,B,6,stage.delivery,1,4.4781e-05,4.4505e-05,0.0014927777239601607
128,10,0,AB,B,6,stage.leaf_distance,1,0.017949018,0.01794894,0.5983317531399469
128,10,0,AB,B,6,stage.node_plan,4,9.8324e-05,9.719e-05,0.003277637322316582
128,10,0,AB,B,6,stage.node_prune,4,9.8852e-05,9.7803e-05,0.00329523823873763
128,10,0,AB,B,6,stage.output_alloc,1,6.75e-06,6.445e-06,0.00022501171560999276
128,10,0,AB,B,6,stage.pivot_distance,2,0.000159472,0.00015893,0.005316010120260261
128,10,0,AB,B,6,stage.pivot_sort,2,0.001720436,0.001719838,0.05735085273439904
128,10,0,AB,B,6,stage.result_sort,1,0.005215819,0.005215609,0.17386968614832546
128,10,0,AB,B,6,stage.schedule,10,0.000124635,0.000121992,0.0041547163222298445
128,10,0,AB,B,6,stage.threshold,2,2.1223e-05,2.0653e-05,0.0007074701689467965
128,10,0,AB,B,7,stage.aggregate,1,2.5587e-05,2.5293e-05,0.0008496872193320762
128,10,0,AB,B,7,stage.alloc_init,1,0.002088596,0.002088258,0.06935761627186059
128,10,0,AB,B,7,stage.candidates,1,0.000207722,0.000207433,0.00689798446766317
128,10,0,AB,B,7,stage.cleanup,1,0.002328024,0.002327705,0.0773084863054808
128,10,0,AB,B,7,stage.delivery,1,3.8113e-05,3.783e-05,0.0012656477504359017
128,10,0,AB,B,7,stage.leaf_distance,1,0.017944218,0.017944137,0.595887470024176
128,10,0,AB,B,7,stage.node_plan,4,9.8456e-05,9.7311e-05,0.0032695042352194038
128,10,0,AB,B,7,stage.node_prune,4,9.985e-05,9.8758e-05,0.003315795867053887
128,10,0,AB,B,7,stage.output_alloc,1,5.36e-06,5.073e-06,0.00017799364894750962
128,10,0,AB,B,7,stage.pivot_distance,2,0.000160223,0.000159682,0.0053206485849471696
128,10,0,AB,B,7,stage.pivot_sort,2,0.001719055,0.001718512,0.05708598361780991
128,10,0,AB,B,7,stage.result_sort,1,0.005241327,0.005241078,0.17405278321960888
128,10,0,AB,B,7,stage.schedule,10,0.000126993,0.000124321,0.0042171543770132625
128,10,0,AB,B,7,stage.threshold,2,2.1021e-05,2.0449e-05,0.0006980605400234327
128,10,1,BA,B,0,stage.aggregate,1,2.4613e-05,2.4336e-05,0.0008112761083454579
128,10,1,BA,B,0,stage.alloc_init,1,0.002096235,0.002095782,0.0690945993165214
128,10,1,BA,B,0,stage.candidates,1,0.000122974,0.000122687,0.004053381064789922
128,10,1,BA,B,0,stage.cleanup,1,0.002571347,0.002570917,0.08475490136780434
128,10,1,BA,B,0,stage.delivery,1,4.3368e-05,4.3083e-05,0.001429465009008484
128,10,1,BA,B,0,stage.leaf_distance,1,0.017922258,0.017922051,0.5907406542478872
128,10,1,BA,B,0,stage.node_plan,4,9.2366e-05,9.1202e-05,0.003044502052713467
128,10,1,BA,B,0,stage.node_prune,4,6.0981e-05,5.9882e-05,0.002010012122171794
128,10,1,BA,B,0,stage.output_alloc,1,6.115e-06,5.807e-06,0.00020155825793411917
128,10,1,BA,B,0,stage.pivot_distance,2,0.0001402,0.000139483,0.004621172160648161
128,10,1,BA,B,0,stage.pivot_sort,2,0.001762562,0.001761967,0.058096308458033846
128,10,1,BA,B,0,stage.result_sort,1,0.005341512,0.005341314,0.17606309950191212
128,10,1,BA,B,0,stage.schedule,10,0.000122106,0.000119403,0.004024770669387335
128,10,1,BA,B,0,stage.threshold,2,2.1277e-05,2.0718e-05,0.0007013172614986514
128,10,1,BA,B,1,stage.aggregate,1,2.386e-05,2.3579e-05,0.0008069346871257865
128,10,1,BA,B,1,stage.alloc_init,1,0.002085349,0.002085094,0.07052558436140284
128,10,1,BA,B,1,stage.candidates,1,0.000124568,0.000124289,0.004212834874513202
128,10,1,BA,B,1,stage.cleanup,1,0.00205858,0.002058167,0.06962026857600175
128,10,1,BA,B,1,stage.delivery,1,4.1082e-05,4.0781e-05,0.001389375138998389
128,10,1,BA,B,1,stage.leaf_distance,1,0.017902924,0.017902821,0.605469001532973
128,10,1,BA,B,1,stage.node_plan,4,9.2736e-05,9.1584e-05,0.0031362906599034764
128,10,1,BA,B,1,stage.node_prune,4,6.1561e-05,6.0437e-05,0.002081965895815195
128,10,1,BA,B,1,stage.output_alloc,1,5.594e-06,5.306e-06,0.00018918661524650672
128,10,1,BA,B,1,stage.pivot_distance,2,0.000136615,0.000136048,0.004620259106525119
128,10,1,BA,B,1,stage.pivot_sort,2,0.001764761,0.001764144,0.05968343945460144
128,10,1,BA,B,1,stage.result_sort,1,0.005114425,0.005114219,0.1729676000504317
128,10,1,BA,B,1,stage.schedule,10,0.000126735,0.000123873,0.004286121859718632
128,10,1,BA,B,1,stage.threshold,2,2.0231e-05,1.9677e-05,0.0006842035060872501
128,10,1,BA,B,2,stage.aggregate,1,2.4744e-05,2.4454e-05,0.0008157129845426279
128,10,1,BA,B,2,stage.alloc_init,1,0.002089972,0.002089529,0.06889820957527179
128,10,1,BA,B,2,stage.candidates,1,0.000123969,0.000123664,0.004086773479662345
128,10,1,BA,B,2,stage.cleanup,1,0.002566385,0.00256597,0.08460368444210443
128,10,1,BA,B,2,stage.delivery,1,3.9717e-05,3.9406e-05,0.0013093142825363543
128,10,1,BA,B,2,stage.leaf_distance,1,0.017924507,0.017924323,0.5909009497827847
128,10,1,BA,B,2,stage.node_plan,4,8.7079e-05,8.5932e-05,0.0028706543396778005
128,10,1,BA,B,2,stage.node_prune,4,5.9138e-05,5.8021e-05,0.0019495487584821345
128,10,1,BA,B,2,stage.output_alloc,1,5.152e-06,4.849e-06,0.00016984130683655104
128,10,1,BA,B,2,stage.pivot_distance,2,0.000136221,0.000135504,0.004490674040873801
128,10,1,BA,B,2,stage.pivot_sort,2,0.001784075,0.001783515,0.05881398088012807
128,10,1,BA,B,2,stage.result_sort,1,0.005348939,0.005348687,0.17633361606152842
128,10,1,BA,B,2,stage.schedule,10,0.00011588,0.000113221,0.0038201107601357792
128,10,1,BA,B,2,stage.threshold,2,1.9953e-05,1.9404e-05,0.0006577724369778151
128,10,1,BA,B,3,stage.aggregate,1,0.000707668,0.000707237,0.023733079355207767
128,10,1,BA,B,3,stage.alloc_init,1,0.002096709,0.002096428,0.07031738199519877
128,10,1,BA,B,3,stage.candidates,1,0.000123915,0.000123641,0.004155740443683437
128,10,1,BA,B,3,stage.cleanup,1,0.001471689,0.001471254,0.04935607067606047
128,10,1,BA,B,3,stage.delivery,1,4.022e-05,3.9943e-05,0.001348859142516627
128,10,1,BA,B,3,stage.leaf_distance,1,0.01797446,0.017974286,0.6028099130482202
128,10,1,BA,B,3,stage.node_plan,4,9.0875e-05,8.9586e-05,0.003047677140134224
128,10,1,BA,B,3,stage.node_prune,4,6.077e-05,5.9647e-05,0.002038045004742303
128,10,1,BA,B,3,stage.output_alloc,1,5.317e-06,5.007e-06,0.00017831636153060434
128,10,1,BA,B,3,stage.pivot_distance,2,0.00013745,0.000136876,0.004609664076054461
128,10,1,BA,B,3,stage.pivot_sort,2,0.001779188,0.001763802,0.05966867230372632
128,10,1,BA,B,3,stage.result_sort,1,0.005178689,0.005178451,0.17367782207608876
128,10,1,BA,B,3,stage.schedule,10,0.000121703,0.000119046,0.004081556544547515
128,10,1,BA,B,3,stage.threshold,2,2.1231e-05,2.0689e-05,0.0007120245762001618
128,10,1,BA,B,4,stage.aggregate,1,0.000717446,0.000717093,0.01771656557133915
128,10,1,BA,B,4,stage.alloc_init,1,0.004195575,0.004195196,0.10360526032199115
128,10,1,BA,B,4,stage.candidates,1,0.000534506,0.000534201,0.013199056928708508
128,10,1,BA,B,4,stage.cleanup,1,0.001293733,0.001293266,0.03194735983796037
128,10,1,BA,B,4,stage.delivery,1,4.2893e-05,4.2606e-05,0.0010591969946887295
128,10,1,BA,B,4,stage.leaf_distance,1,0.017908856,0.01790869,0.44224014299566883
128,10,1,BA,B,4,stage.node_plan,4,9.141e-05,9.012e-05,0.002257272685158342
128,10,1,BA,B,4,stage.node_prune,4,0.00110521,0.001103943,0.027291984950922776
128,10,1,BA,B,4,stage.output_alloc,1,4.983e-06,4.675e-06,0.0001230498828371515
128,10,1,BA,B,4,stage.pivot_distance,2,0.001896486,0.000614639,0.04683170381342526
128,10,1,BA,B,4,stage.pivot_sort,2,0.001247625,0.001246969,0.030808771839193484
128,10,1,BA,B,4,stage.result_sort,1,0.004437642,0.004437381,0.10958284731551729
128,10,1,BA,B,4,stage.schedule,10,0.006575933,0.003124086,0.16238566831124987
128,10,1,BA,B,4,stage.threshold,2,0.000432421,0.000431701,0.010678176477287554
128,10,1,BA,B,5,stage.aggregate,1,0.000707485,0.000707063,0.017701430410986638
128,10,1,BA,B,5,stage.alloc_init,1,0.005246526,0.005246123,0.1312692352324531
128,10,1,BA,B,5,stage.candidates,1,0.000528819,0.000528388,0.013231167768231897
128,10,1,BA,B,5,stage.cleanup,1,0.001717363,0.001716931,0.04296880023591065
128,10,1,BA,B,5,stage.delivery,1,4.0669e-05,4.039e-05,0.001017547330875447
128,10,1,BA,B,5,stage.leaf_distance,1,0.017922264,0.017922085,0.4484189898066122
128,10,1,BA,B,5,stage.node_plan,4,0.000102098,0.000100929,0.002554514430837281
128,10,1,BA,B,5,stage.node_prune,4,0.000111101,0.000109941,0.0027797714723153517
128,10,1,BA,B,5,stage.output_alloc,1,6.389e-06,6.088e-06,0.00015985418616054563
128,10,1,BA,B,5,stage.pivot_distance,2,0.000707186,0.000191805,0.017693949365179467
128,10,1,BA,B,5,stage.pivot_sort,2,0.001129358,0.001128787,0.028256785721380732
128,10,1,BA,B,5,stage.result_sort,1,0.004412892,0.0044127,0.11041152907722375
128,10,1,BA,B,5,stage.schedule,10,0.007303856,0.003164893,0.18274408463199535
128,10,1,BA,B,5,stage.threshold,2,2.1523e-05,2.0972e-05,0.0005385101970157183
128,10,1,BA,B,6,stage.aggregate,1,2.5377e-05,2.5095e-05,0.0007060806798941768
128,10,1,BA,B,6,stage.alloc_init,1,0.003128544,0.003128076,0.08704750264408115
128,10,1,BA,B,6,stage.candidates,1,0.000124424,0.000124142,0.003461929405176067
128,10,1,BA,B,6,stage.cleanup,1,0.002350046,0.002349619,0.06538684940940973
128,10,1,BA,B,6,stage.delivery,1,4.3145e-05,4.2871e-05,0.0012004512327711808
128,10,1,BA,B,6,stage.leaf_distance,1,0.017907058,0.01790685,0.49823965352659716
128,10,1,BA,B,6,stage.node_plan,4,0.000103634,0.000102464,0.002883475792258861
128,10,1,BA,B,6,stage.node_prune,4,6.0415e-05,5.9279e-05,0.0016809656096389127
128,10,1,BA,B,6,stage.output_alloc,1,6.412e-06,6.105e-06,0.0001784052220310305
128,10,1,BA,B,6,stage.pivot_distance,2,0.000138334,0.000137793,0.0038489563294511185
128,10,1,BA,B,6,stage.pivot_sort,2,0.001651852,0.001357799,0.04596054629170334
128,10,1,BA,B,6,stage.result_sort,1,0.004411933,0.004411713,0.12275606463677956
128,10,1,BA,B,6,stage.schedule,10,0.005957637,0.005240377,0.16576318648865915
128,10,1,BA,B,6,stage.threshold,2,2.1127e-05,2.0565e-05,0.0005878301818230789
128,10,1,BA,B,7,stage.aggregate,1,2.3988e-05,2.3706e-05,0.0007999049771042707
128,10,1,BA,B,7,stage.alloc_init,1,0.00208249,0.002082057,0.06944280956185896
128,10,1,BA,B,7,stage.candidates,1,0.000120826,0.000120539,0.004029069483224971
128,10,1,BA,B,7,stage.cleanup,1,0.002348108,0.002347675,0.07830011989237763
128,10,1,BA,B,7,stage.delivery,1,4.0305e-05,4.0005e-05,0.0013440124271380536
128,10,1,BA,B,7,stage.leaf_distance,1,0.017906443,0.017906261,0.5971090911261434
128,10,1,BA,B,7,stage.node_plan,4,9.2725e-05,9.1567e-05,0.0030920122145236574
128,10,1,BA,B,7,stage.node_prune,4,6.2084e-05,6.0939e-05,0.0020702559862656967
128,10,1,BA,B,7,stage.output_alloc,1,5.909e-06,5.629e-06,0.0001970417921339476
128,10,1,BA,B,7,stage.pivot_distance,2,0.000139625,0.000139055,0.004655941822085367
128,10,1,BA,B,7,stage.pivot_sort,2,0.001765452,0.001764843,0.05887084549102421
128,10,1,BA,B,7,stage.result_sort,1,0.005250467,0.005250214,0.17508231971909824
128,10,1,BA,B,7,stage.schedule,10,0.000121076,0.000118389,0.004037405994992358
128,10,1,BA,B,7,stage.threshold,2,2.0038e-05,1.9493e-05,0.0006681880911795637
128,10,1,BA,A,0,stage.aggregate,1,2.6524e-05,2.6248e-05,0.0010375860906193986
128,10,1,BA,A,0,stage.alloc_init,1,0.002101882,0.002101468,0.08222302546083858
128,10,1,BA,A,0,stage.candidates,1,0.000124261,0.000123976,0.004860936706622572
128,10,1,BA,A,0,stage.cleanup,1,0.001982791,0.001982342,0.07756433276298175
128,10,1,BA,A,0,stage.delivery,1,3.9886e-05,3.9583e-05,0.0015602910123075453
128,10,1,BA,A,0,stage.leaf_distance,1,0.013713412,0.013713155,0.5364517247071764
128,10,1,BA,A,0,stage.node_plan,4,9.4671e-05,9.3373e-05,0.0037034124862399746
128,10,1,BA,A,0,stage.node_prune,4,5.9818e-05,5.8697e-05,0.0023400062120596888
128,10,1,BA,A,0,stage.output_alloc,1,5.913e-06,5.622e-06,0.00023130925025759705
128,10,1,BA,A,0,stage.pivot_distance,2,0.000137432,0.000136881,0.005376169944427884
128,10,1,BA,A,0,stage.pivot_sort,2,0.001766198,0.001765569,0.0690914823586111
128,10,1,BA,A,0,stage.result_sort,1,0.005357879,0.005357458,0.20959360298679586
128,10,1,BA,A,0,stage.schedule,10,0.000119216,0.000116505,0.004663582543329899
128,10,1,BA,A,0,stage.threshold,2,2.2537e-05,2.1803e-05,0.0008816195794106993
128,10,1,BA,A,1,stage.aggregate,1,2.5266e-05,2.4984e-05,0.000984174791873675
128,10,1,BA,A,1,stage.alloc_init,1,0.002091567,0.002091128,0.08147184029584607
128,10,1,BA,A,1,stage.candidates,1,0.000122597,0.000122326,0.004775464139924679
128,10,1,BA,A,1,stage.cleanup,1,0.002244268,0.002243817,0.08741993160012462
128,10,1,BA,A,1,stage.delivery,1,4.5874e-05,4.5435e-05,0.001786908667870378
128,10,1,BA,A,1,stage.leaf_distance,1,0.013719392,0.013709134,0.5344051201707181
128,10,1,BA,A,1,stage.node_plan,4,9.0845e-05,8.9725e-05,0.0035386431951145414
128,10,1,BA,A,1,stage.node_prune,4,6.1958e-05,6.0842e-05,0.0024134212679058483
128,10,1,BA,A,1,stage.output_alloc,1,5.386e-06,5.091e-06,0.0002097983625833774
128,10,1,BA,A,1,stage.pivot_distance,2,0.00013685,0.000136304,0.005330654645290605
128,10,1,BA,A,1,stage.pivot_sort,2,0.001770143,0.001769587,0.06895156014452794
128,10,1,BA,A,1,stage.result_sort,1,0.005207031,0.005206826,0.20282706604546719
128,10,1,BA,A,1,stage.schedule,10,0.000120923,0.000118266,0.00471025759351462
128,10,1,BA,A,1,stage.threshold,2,2.1285e-05,2.0735e-05,0.0008291047433321923
128,10,1,BA,A,2,stage.aggregate,1,2.391e-05,2.3626e-05,0.0009445453513317615
128,10,1,BA,A,2,stage.alloc_init,1,0.002078506,0.00207825,0.08210971058198135
128,10,1,BA,A,2,stage.candidates,1,0.00012526,0.00012499,0.004948295721782369
128,10,1,BA,A,2,stage.cleanup,1,0.001985042,0.001984581,0.07841749030942294
128,10,1,BA,A,2,stage.delivery,1,4.0286e-05,4.0009e-05,0.0015914660821309639
128,10,1,BA,A,2,stage.leaf_distance,1,0.013714549,0.013714296,0.5417822460711693
128,10,1,BA,A,2,stage.node_plan,4,8.5744e-05,8.4623e-05,0.0033872478713755983
128,10,1,BA,A,2,stage.node_prune,4,5.9187e-05,5.8069e-05,0.0023381349104672927
128,10,1,BA,A,2,stage.output_alloc,1,6.33e-06,6.046e-06,0.0002500615672910937
128,10,1,BA,A,2,stage.pivot_distance,2,0.000137291,0.000136741,0.005423570716423624
128,10,1,BA,A,2,stage.pivot_sort,2,0.001786985,0.001786368,0.0705934075553989
128,10,1,BA,A,2,stage.result_sort,1,0.005124672,0.005124441,0.2024460524759532
128,10,1,BA,A,2,stage.schedule,10,0.000115423,0.000112734,0.004559692935456541
128,10,1,BA,A,2,stage.threshold,2,2.0713e-05,2.0155e-05,0.0008182504333807936
128,10,1,BA,A,3,stage.aggregate,1,0.00070808,0.00070765,0.027388059892002672
128,10,1,BA,A,3,stage.alloc_init,1,0.002096542,0.002096088,0.08109283959736055
128,10,1,BA,A,3,stage.candidates,1,0.00012321,0.000122932,0.004765680232874321
128,10,1,BA,A,3,stage.cleanup,1,0.001730897,0.001730453,0.06694993602825633
128,10,1,BA,A,3,stage.delivery,1,4.0702e-05,4.0244e-05,0.0015743260842338333
128,10,1,BA,A,3,stage.leaf_distance,1,0.013707135,0.013706877,0.5301827961921902
128,10,1,BA,A,3,stage.node_plan,4,9.1609e-05,9.049e-05,0.003543374729757192
128,10,1,BA,A,3,stage.node_prune,4,6.0767e-05,5.9648e-05,0.002350426838008878
128,10,1,BA,A,3,stage.output_alloc,1,5.424e-06,5.148e-06,0.00020979668519690217
128,10,1,BA,A,3,stage.pivot_distance,2,0.000135938,0.00013539,0.005257990743417494
128,10,1,BA,A,3,stage.pivot_sort,2,0.001771794,0.001771209,0.06853180458181417
128,10,1,BA,A,3,stage.result_sort,1,0.005233203,0.005221545,0.20241678509632816
128,10,1,BA,A,3,stage.schedule,10,0.000119725,0.000117057,0.004630882768288921
128,10,1,BA,A,3,stage.threshold,2,2.0269e-05,1.9702e-05,0.0007839913370678484
128,10,1,BA,A,4,stage.aggregate,1,0.000712983,0.000712531,0.020624933014376904
128,10,1,BA,A,4,stage.alloc_init,1,0.004197933,0.004197597,0.12143639739494809
128,10,1,BA,A,4,stage.candidates,1,0.000587534,0.000587066,0.01699598643118969
128,10,1,BA,A,4,stage.cleanup,1,0.001580504,0.001580031,0.0457202894444254
128,10,1,BA,A,4,stage.delivery,1,4.3241e-05,4.2934e-05,0.0012508611404124246
128,10,1,BA,A,4,stage.leaf_distance,1,0.013684849,0.013684593,0.39587072053171357
128,10,1,BA,A,4,stage.node_plan,4,8.2735e-05,8.1519e-05,0.0023933303219634593
128,10,1,BA,A,4,stage.node_prune,4,0.001719518,0.001718103,0.0497416397964823
128,10,1,BA,A,4,stage.output_alloc,1,5.106e-06,4.83e-06,0.00014770465490959598
128,10,1,BA,A,4,stage.pivot_distance,2,0.002256612,0.001091685,0.0652785148305627
128,10,1,BA,A,4,stage.pivot_sort,2,0.001124066,0.001123472,0.03251660411782411
128,10,1,BA,A,4,stage.result_sort,1,0.004422535,0.004415314,0.12793360869577164
128,10,1,BA,A,4,stage.schedule,10,0.003703504,0.00229085,0.10713372116653119
128,10,1,BA,A,4,stage.threshold,2,0.000436725,0.000435933,0.012633434276418587
128,10,1,BA,A,5,stage.aggregate,1,0.000708417,0.000707995,0.020160620854813717
128,10,1,BA,A,5,stage.alloc_init,1,0.005249735,0.005249344,0.14940058881032708
128,10,1,BA,A,5,stage.candidates,1,0.000533842,0.00053347,0.015192444786581157
128,10,1,BA,A,5,stage.cleanup,1,0.001642993,0.001642556,0.04675743092008372
128,10,1,BA,A,5,stage.delivery,1,3.9984e-05,3.9692e-05,0.0011378923208489797
128,10,1,BA,A,5,stage.leaf_distance,1,0.013690359,0.013689702,0.3896097032754531
128,10,1,BA,A,5,stage.node_plan,4,0.000100474,9.9306e-05,0.0028593585695523304
128,10,1,BA,A,5,stage.node_prune,4,0.000110851,0.000109762,0.0031546744112252462
128,10,1,BA,A,5,stage.output_alloc,1,6.656e-06,6.356e-06,0.00018942105060951403
128,10,1,BA,A,5,stage.pivot_distance,2,0.000138159,0.000137612,0.003931824358647814
128,10,1,BA,A,5,stage.pivot_sort,2,0.001160598,0.00116,0.033029100434991104
128,10,1,BA,A,5,stage.result_sort,1,0.004420667,0.004420443,0.12580639836760946
128,10,1,BA,A,5,stage.schedule,10,0.00730578,0.003453941,0.20791293917096987
128,10,1,BA,A,5,stage.threshold,2,2.0193e-05,1.9629e-05,0.0005746663574155524
128,10,1,BA,A,6,stage.aggregate,1,2.6134e-05,2.5862e-05,0.0007993309770391305
128,10,1,BA,A,6,stage.alloc_init,1,0.00311246,0.003111952,0.09519727913045122
128,10,1,BA,A,6,stage.candidates,1,0.000536316,0.000535868,0.01640368838607631
128,10,1,BA,A,6,stage.cleanup,1,0.002572088,0.002571637,0.07866953447886367
128,10,1,BA,A,6,stage.delivery,1,4.1861e-05,4.1506e-05,0.0012803548645379597
128,10,1,BA,A,6,stage.leaf_distance,1,0.013694296,0.013694025,0.4188518788376466
128,10,1,BA,A,6,stage.node_plan,4,9.7767e-05,9.6596e-05,0.0029902881928592895
128,10,1,BA,A,6,stage.node_prune,4,5.9284e-05,5.8183e-05,0.0018132523778521393
128,10,1,BA,A,6,stage.output_alloc,1,6.3e-06,6.018e-06,0.00019269094495088856
128,10,1,BA,A,6,stage.pivot_distance,2,0.00013647,0.000135937,0.004174052898007582
128,10,1,BA,A,6,stage.pivot_sort,2,0.001226391,0.001225764,0.03751022867766114
128,10,1,BA,A,6,stage.result_sort,1,0.004424754,0.004424524,0.13533492530717842
128,10,1,BA,A,6,stage.schedule,10,0.006728575,0.005301296,0.20579928173379763
128,10,1,BA,A,6,stage.threshold,2,2.1522e-05,2.0968e-05,0.0006582689709893689
128,10,1,BA,A,7,stage.aggregate,1,2.5003e-05,2.4737e-05,0.000976178557086046
128,10,1,BA,A,7,stage.alloc_init,1,0.002089452,0.002089064,0.0815773402575912
128,10,1,BA,A,7,stage.candidates,1,0.000117068,0.000116791,0.004570622378152591
128,10,1,BA,A,7,stage.cleanup,1,0.00202207,0.002021628,0.07894658140731035
128,10,1,BA,A,7,stage.delivery,1,4.0692e-05,4.0393e-05,0.0015887156679176653
128,10,1,BA,A,7,stage.leaf_distance,1,0.013704379,0.013704104,0.5350526304035639
128,10,1,BA,A,7,stage.node_plan,4,9.3482e-05,9.2175e-05,0.0036497669829027614
128,10,1,BA,A,7,stage.node_prune,4,5.9676e-05,5.858e-05,0.002329897675185653
128,10,1,BA,A,7,stage.output_alloc,1,6.269e-06,5.968e-06,0.00024475716411520305
128,10,1,BA,A,7,stage.pivot_distance,2,0.000137793,0.000137249,0.005379777303385894
128,10,1,BA,A,7,stage.pivot_sort,2,0.001764967,0.001764374,0.06890864853675509
128,10,1,BA,A,7,stage.result_sort,1,0.005404697,0.005404492,0.21101265123974247
128,10,1,BA,A,7,stage.schedule,10,0.000117811,0.00011512,0.004599630923843705
128,10,1,BA,A,7,stage.threshold,2,2.0275e-05,1.9707e-05,0.0007915858194984435
128,10,2,AB,A,0,stage.aggregate,1,1.7616e-05,1.7336e-05,0.0006887041302270076
128,10,2,AB,A,0,stage.alloc_init,1,0.002102574,0.002101962,0.0822009194997684
128,10,2,AB,A,0,stage.candidates,1,0.000125098,0.000124816,0.00489075325176761
128,10,2,AB,A,0,stage.cleanup,1,0.001983604,0.001983168,0.07754974270747124
128,10,2,AB,A,0,stage.delivery,1,4.2764e-05,4.2489e-05,0.0016718746267613395
128,10,2,AB,A,0,stage.leaf_distance,1,0.013716401,0.01371613,0.5362478440366631
128,10,2,AB,A,0,stage.node_plan,4,9.5796e-05,9.4203e-05,0.003745180566486514
128,10,2,AB,A,0,stage.node_prune,4,6.1198e-05,6.0097e-05,0.0023925587739346285
128,10,2,AB,A,0,stage.output_alloc,1,5.73e-06,5.436e-06,0.00022401650012492927
128,10,2,AB,A,0,stage.pivot_distance,2,0.000139532,0.000138961,0.0054550558979810865
128,10,2,AB,A,0,stage.pivot_sort,2,0.00176478,0.001764183,0.06899473631596383
128,10,2,AB,A,0,stage.result_sort,1,0.005371068,0.005370848,0.20998391889930254
128,10,2,AB,A,0,stage.schedule,10,0.000121187,0.000118467,0.004737851239204154
128,10,2,AB,A,0,stage.threshold,2,2.0451e-05,1.9874e-05,0.0007995395190322738
128,10,2,AB,A,1,stage.aggregate,1,1.8928e-05,1.8622e-05,0.0007345761517337518
128,10,2,AB,A,1,stage.alloc_init,1,0.002090424,0.002089964,0.0811271987220983
128,10,2,AB,A,1,stage.candidates,1,0.000124669,0.000124354,0.004838275267354982
128,10,2,AB,A,1,stage.cleanup,1,0.002329563,0.002329154,0.09040793658925055
128,10,2,AB,A,1,stage.delivery,1,4.2085e-05,4.18e-05,0.0016332754303526494
128,10,2,AB,A,1,stage.leaf_distance,1,0.013728882,0.01372869,0.5328037461520908
128,10,2,AB,A,1,stage.node_plan,4,9.4396e-05,9.3218e-05,0.0036634113704067644
128,10,2,AB,A,1,stage.node_prune,4,5.9835e-05,5.872e-05,0.0023221346174444758
128,10,2,AB,A,1,stage.output_alloc,1,5.742e-06,5.439e-06,0.00022284109590317008
128,10,2,AB,A,1,stage.pivot_distance,2,0.000141917,0.000141364,0.005507652352366804
128,10,2,AB,A,1,stage.pivot_sort,2,0.001762604,0.00176204,0.06840484273829871
128,10,2,AB,A,1,stage.result_sort,1,0.005213244,0.00521306,0.20232062106768128
128,10,2,AB,A,1,stage.schedule,10,0.000123319,0.000120631,0.004785883160167716
128,10,2,AB,A,1,stage.threshold,2,2.1469e-05,2.091e-05,0.000833189740150672
128,10,2,AB,A,2,stage.aggregate,1,1.6352e-05,1.6088e-05,0.0006401197562596838
128,10,2,AB,A,2,stage.alloc_init,1,0.002097317,0.002096731,0.08210213104447721
128,10,2,AB,A,2,stage.candidates,1,0.000124202,0.000123929,0.004862044640836915
128,10,2,AB,A,2,stage.cleanup,1,0.00217229,0.002171838,0.0850370441123623
128,10,2,AB,A,2,stage.delivery,1,4.199e-05,4.1708e-05,0.0016437517469021603
128,10,2,AB,A,2,stage.leaf_distance,1,0.013731785,0.013731551,0.5375481205485801
128,10,2,AB,A,2,stage.node_plan,4,9.2475e-05,9.1324e-05,0.0036200510310735235
128,10,2,AB,A,2,stage.node_prune,4,6.1521e-05,6.0397e-05,0.002408317485619619
128,10,2,AB,A,2,stage.output_alloc,1,5.62e-06,5.328e-06,0.00022000201994737178
128,10,2,AB,A,2,stage.pivot_distance,2,0.000138481,0.000137909,0.005421014185824197
128,10,2,AB,A,2,stage.pivot_sort,2,0.00176656,0.001765995,0.06915422924523648
128,10,2,AB,A,2,stage.result_sort,1,0.005146513,0.005146262,0.2014667714742719
128,10,2,AB,A,2,stage.schedule,10,0.000120363,0.00011772,0.004711762122228738
128,10,2,AB,A,2,stage.threshold,2,2.0438e-05,1.9888e-05,0.0008000714027908156
128,10,2,AB,A,3,stage.aggregate,1,0.000704527,0.000704084,0.027343497272760475
128,10,2,AB,A,3,stage.alloc_init,1,0.002091749,0.002091274,0.08118316697131472
128,10,2,AB,A,3,stage.candidates,1,0.000125265,0.000124984,0.004861677672924303
128,10,2,AB,A,3,stage.cleanup,1,0.001460529,0.001460085,0.05668479806776402
128,10,2,AB,A,3,stage.delivery,1,4.4203e-05,4.3926e-05,0.0017155688993435753
128,10,2,AB,A,3,stage.leaf_distance,1,0.013737409,0.013737164,0.53316452815335
128,10,2,AB,A,3,stage.node_plan,4,9.5044e-05,9.3772e-05,0.0036887661577089965
128,10,2,AB,A,3,stage.node_prune,4,6.2591e-05,6.1494e-05,0.0024292281740789933
128,10,2,AB,A,3,stage.output_alloc,1,5.305e-06,5.003e-06,0.0002058931070519573
128,10,2,AB,A,3,stage.pivot_distance,2,0.00013937,0.000138799,0.0054091088274894035
128,10,2,AB,A,3,stage.pivot_sort,2,0.001765972,0.001765352,0.0685393896412364
128,10,2,AB,A,3,stage.result_sort,1,0.005384479,0.005371426,0.20897777778812743
128,10,2,AB,A,3,stage.schedule,10,0.000119951,0.00011726,0.004655435265596481
128,10,2,AB,A,3,stage.threshold,2,2.029e-05,1.9708e-05,0.000787478066368372
128,10,2,AB,A,4,stage.aggregate,1,0.000709944,0.000709517,0.018649815990604796
128,10,2,AB,A,4,stage.alloc_init,1,0.0063193,0.006311409,0.16600433582004903
128,10,2,AB,A,4,stage.candidates,1,0.000539512,0.000539146,0.014172666470486652
128,10,2,AB,A,4,stage.cleanup,1,0.001464746,0.001464289,0.03847802555268361
128,10,2,AB,A,4,stage.delivery,1,4.324e-05,4.296e-05,0.0011358896524708306
128,10,2,AB,A,4,stage.leaf_distance,1,0.013689319,0.013689041,0.3596104486926998
128,10,2,AB,A,4,stage.node_plan,4,9.8785e-05,9.7602e-05,0.002595024498596924
128,10,2,AB,A,4,stage.node_prune,4,9.9013e-05,9.7843e-05,0.0026010139259966315
128,10,2,AB,A,4,stage.output_alloc,1,6.038e-06,5.73e-06,0.00015861474841856788
128,10,2,AB,A,4,stage.pivot_distance,2,0.001530862,0.000249768,0.04021485442092509
128,10,2,AB,A,4,stage.pivot_sort,2,0.001162336,0.001161712,0.030533890728361133
128,10,2,AB,A,4,stage.result_sort,1,0.004420107,0.004419862,0.11611364024315185
128,10,2,AB,A,4,stage.schedule,10,0.007532576,0.002166712,0.1978763907227132
128,10,2,AB,A,4,stage.threshold,2,0.000439085,0.000438297,0.011534507586844465
128,10,2,AB,A,5,stage.aggregate,1,1.8235e-05,1.796e-05,0.0005136114064263251
128,10,2,AB,A,5,stage.alloc_init,1,0.005249913,0.005249536,0.14787031530276104
128,10,2,AB,A,5,stage.candidates,1,0.000532039,0.000531628,0.014985538747664137
128,10,2,AB,A,5,stage.cleanup,1,0.001931028,0.001930598,0.054389800215443575
128,10,2,AB,A,5,stage.delivery,1,4.4223e-05,4.3947e-05,0.00124559568008727
128,10,2,AB,A,5,stage.leaf_distance,1,0.013693685,0.013690047,0.38569963323329154
128,10,2,AB,A,5,stage.node_plan,4,9.742e-05,9.6235e-05,0.002743955207790106
128,10,2,AB,A,5,stage.node_prune,4,0.000113438,0.000112346,0.003195122057701643
128,10,2,AB,A,5,stage.output_alloc,1,1.0498e-05,1.0198e-05,0.0002956891990492767
128,10,2,AB,A,5,stage.pivot_distance,2,0.000854459,0.000186586,0.024066898202557238
128,10,2,AB,A,5,stage.pivot_sort,2,0.001257392,0.00125679,0.03541600622699258
128,10,2,AB,A,5,stage.result_sort,1,0.004411956,0.00441173,0.12426821641080686
128,10,2,AB,A,5,stage.schedule,10,0.007257093,0.003157863,0.20440503111031744
128,10,2,AB,A,5,stage.threshold,2,2.0685e-05,2.0135e-05,0.0005826186971170021
128,10,2,AB,A,6,stage.aggregate,1,1.9171e-05,1.8901e-05,0.0007519905626773014
128,10,2,AB,A,6,stage.alloc_init,1,0.002063933,0.002063476,0.08095864263722553
128,10,2,AB,A,6,stage.candidates,1,0.000125434,0.000125152,0.004920201566890857
128,10,2,AB,A,6,stage.cleanup,1,0.0021506,0.002150172,0.08435819227446686
128,10,2,AB,A,6,stage.delivery,1,4.314e-05,4.2864e-05,0.0016921846994887475
128,10,2,AB,A,6,stage.leaf_distance,1,0.013722751,0.01372249,0.5382806971973554
128,10,2,AB,A,6,stage.node_plan,4,8.8333e-05,8.7161e-05,0.0034648991900774117
128,10,2,AB,A,6,stage.node_prune,4,5.9509e-05,5.8429e-05,0.0023342656300852083
128,10,2,AB,A,6,stage.output_alloc,1,7.094e-06,6.803e-06,0.0002782651427485669
128,10,2,AB,A,6,stage.pivot_distance,2,0.000136352,0.000135785,0.0053484647228718065
128,10,2,AB,A,6,stage.pivot_sort,2,0.001778516,0.001777933,0.06976304040324362
128,10,2,AB,A,6,stage.result_sort,1,0.005154029,0.005153752,0.202168961857239
128,10,2,AB,A,6,stage.schedule,10,0.000115434,0.000112761,0.004527947348186929
128,10,2,AB,A,6,stage.threshold,2,2.0078e-05,1.946e-05,0.0007875680203137477
128,10,2,AB,A,7,stage.aggregate,1,1.8188e-05,1.7906e-05,0.0007100140082156756
128,10,2,AB,A,7,stage.alloc_init,1,0.002092113,0.002091675,0.0816708564311701
128,10,2,AB,A,7,stage.candidates,1,0.000126881,0.000126592,0.00495311674600908
128,10,2,AB,A,7,stage.cleanup,1,0.00201486,0.002014436,0.0786550926211478
128,10,2,AB,A,7,stage.delivery,1,4.3405e-05,4.312e-05,0.0016944225877832308
128,10,2,AB,A,7,stage.leaf_distance,1,0.013727149,0.013726838,0.5358735475513418
128,10,2,AB,A,7,stage.node_plan,4,9.453e-05,9.3335e-05,0.0036902146578308677
128,10,2,AB,A,7,stage.node_prune,4,6.0848e-05,5.9727e-05,0.002375353660210437
128,10,2,AB,A,7,stage.output_alloc,1,5.497e-06,5.179e-06,0.00021458912487143
128,10,2,AB,A,7,stage.pivot_distance,2,0.000138871,0.000138276,0.005421176343463772
128,10,2,AB,A,7,stage.pivot_sort,2,0.001759552,0.001758937,0.06868850715768135
128,10,2,AB,A,7,stage.result_sort,1,0.00537976,0.005379544,0.2100123686407721
128,10,2,AB,A,7,stage.schedule,10,0.000125324,0.000122482,0.0048923353620860645
128,10,2,AB,A,7,stage.threshold,2,2.0605e-05,2.0024e-05,0.0008043676401629644
128,10,2,AB,B,0,stage.aggregate,1,1.7963e-05,1.7688e-05,0.000592341616135329
128,10,2,AB,B,0,stage.alloc_init,1,0.002095106,0.002094808,0.06908748394003364
128,10,2,AB,B,0,stage.candidates,1,0.000124294,0.000123997,0.004098675546174056
128,10,2,AB,B,0,stage.cleanup,1,0.002573761,0.002573388,0.08487144409542283
128,10,2,AB,B,0,stage.delivery,1,4.3526e-05,4.3244e-05,0.0014352981786954478
128,10,2,AB,B,0,stage.leaf_distance,1,0.017915675,0.01791565,0.5907810434590719
128,10,2,AB,B,0,stage.node_plan,4,9.815e-05,9.6979e-05,0.003236560130472779
128,10,2,AB,B,0,stage.node_prune,4,6.1726e-05,6.0602e-05,0.0020354550240811284
128,10,2,AB,B,0,stage.output_alloc,1,5.933e-06,5.607e-06,0.0001956445364655629
128,10,2,AB,B,0,stage.pivot_distance,2,0.000143537,0.000142952,0.004733225995391456
128,10,2,AB,B,0,stage.pivot_sort,2,0.001751431,0.001750834,0.05775457713575211
128,10,2,AB,B,0,stage.result_sort,1,0.005336066,0.005335847,0.17596024930383455
128,10,2,AB,B,0,stage.schedule,10,0.000125933,0.000123197,0.004152722637909613
128,10,2,AB,B,0,stage.threshold,2,2.1884e-05,2.1315e-05,0.0007216391431000132
128,10,2,AB,B,1,stage.aggregate,1,1.8697e-05,1.8408e-05,0.0006326078435319934
128,10,2,AB,B,1,stage.alloc_init,1,0.002091274,0.002090976,0.07075767959429459
128,10,2,AB,B,1,stage.candidates,1,0.000124481,0.000124187,0.00421178033752506
128,10,2,AB,B,1,stage.cleanup,1,0.002025914,0.0020069,0.06854624200252847
128,10,2,AB,B,1,stage.delivery,1,4.3146e-05,4.287e-05,0.0014598330222512373
128,10,2,AB,B,1,stage.leaf_distance,1,0.017919854,0.017919829,0.6063133227441924
128,10,2,AB,B,1,stage.node_plan,4,9.3839e-05,9.2671e-05,0.0031750167101245504
128,10,2,AB,B,1,stage.node_prune,4,6.1272e-05,6.0162e-05,0.002073121238107306
128,10,2,AB,B,1,stage.output_alloc,1,5.691e-06,5.383e-06,0.0001925534169942009
128,10,2,AB,B,1,stage.pivot_distance,2,0.000138157,0.00013759,0.0046745040294619246
128,10,2,AB,B,1,stage.pivot_sort,2,0.00176532,0.001764703,0.059729115812370885
128,10,2,AB,B,1,stage.result_sort,1,0.005117627,0.005117407,0.17315349951709388
128,10,2,AB,B,1,stage.schedule,10,0.00012135,0.000118617,0.004105843815189998
128,10,2,AB,B,1,stage.threshold,2,2.0246e-05,1.9669e-05,0.000685017831745667
128,10,2,AB,B,2,stage.aggregate,1,0.000746112,0.00073449,0.019169711756763932
128,10,2,AB,B,2,stage.alloc_init,1,0.00311271,0.003112347,0.07997425786262204
128,10,2,AB,B,2,stage.candidates,1,0.000613508,0.000613216,0.015762742752386674
128,10,2,AB,B,2,stage.cleanup,1,0.001758466,0.001757958,0.04517992788491493
128,10,2,AB,B,2,stage.delivery,1,4.6748e-05,4.6467e-05,0.0012010873504315711
128,10,2,AB,B,2,stage.leaf_distance,1,0.017909097,0.017909059,0.4601349761348506
128,10,2,AB,B,2,stage.node_plan,4,9.2732e-05,9.1584e-05,0.0023825453961713967
128,10,2,AB,B,2,stage.node_prune,4,0.002074426,0.002072924,0.05329782724408236
128,10,2,AB,B,2,stage.output_alloc,1,5.601e-06,5.324e-06,0.00014390541306082036
128,10,2,AB,B,2,stage.pivot_distance,2,0.001934343,0.00066309,0.049698701734744936
128,10,2,AB,B,2,stage.pivot_sort,2,0.001368781,0.00136816,0.03516782631580123
128,10,2,AB,B,2,stage.result_sort,1,0.004413463,0.004413149,0.11339425389102792
128,10,2,AB,B,2,stage.schedule,10,0.004386528,0.002993353,0.11270221812941512
128,10,2,AB,B,2,stage.threshold,2,0.00044636,0.000445652,0.01146824141650201
128,10,2,AB,B,3,stage.aggregate,1,0.000735956,0.000735624,0.018443179769228445
128,10,2,AB,B,3,stage.alloc_init,1,0.005238348,0.005237913,0.1312738721578169
128,10,2,AB,B,3,stage.candidates,1,0.000560189,0.000559868,0.014038429514460531
128,10,2,AB,B,3,stage.cleanup,1,0.001336856,0.001336381,0.03350183371502055
128,10,2,AB,B,3,stage.delivery,1,4.6781e-05,4.6493e-05,0.001172339640935431
128,10,2,AB,B,3,stage.leaf_distance,1,0.017897257,0.017897217,0.4485082372140212
128,10,2,AB,B,3,stage.node_plan,4,0.000102055,0.000100828,0.0025575152744846284
128,10,2,AB,B,3,stage.node_prune,4,0.000118841,0.000117589,0.0029781752264467953
128,10,2,AB,B,3,stage.output_alloc,1,7.064e-06,6.776e-06,0.0001770250149327266
128,10,2,AB,B,3,stage.pivot_distance,2,0.000854197,0.000189663,0.021406318895879146
128,10,2,AB,B,3,stage.pivot_sort,2,0.001201255,0.00120061,0.030103650100936085
128,10,2,AB,B,3,stage.result_sort,1,0.004423022,0.004422792,0.11084166698722797
128,10,2,AB,B,3,stage.schedule,10,0.007348584,0.003168976,0.18415673730668117
128,10,2,AB,B,3,stage.threshold,2,2.1818e-05,2.1243e-05,0.0005467627089187754
128,10,2,AB,B,4,stage.aggregate,1,0.000706856,0.000706494,0.01912777957278182
128,10,2,AB,B,4,stage.alloc_init,1,0.003135272,0.003134984,0.08484159675622023
128,10,2,AB,B,4,stage.candidates,1,0.00054664,0.000546331,0.014792276539585793
128,10,2,AB,B,4,stage.cleanup,1,0.001769811,0.001769545,0.047891727160106964
128,10,2,AB,B,4,stage.delivery,1,4.7794e-05,4.7522e-05,0.0012933229638024354
128,10,2,AB,B,4,stage.leaf_distance,1,0.017914234,0.017913708,0.4847656653791346
128,10,2,AB,B,4,stage.node_plan,4,9.79e-05,9.666e-05,0.002649209485631218
128,10,2,AB,B,4,stage.node_prune,4,6.1296e-05,6.0182e-05,0.001658691977847305
128,10,2,AB,B,4,stage.output_alloc,1,6.965e-06,6.678e-06,0.0001884754245906173
128,10,2,AB,B,4,stage.pivot_distance,2,0.000137599,0.000136802,0.003723478815254034
128,10,2,AB,B,4,stage.pivot_sort,2,0.00135694,0.001356366,0.03671928824752222
128,10,2,AB,B,4,stage.result_sort,1,0.004422871,0.004422595,0.11968449240983893
128,10,2,AB,B,4,stage.schedule,10,0.006720246,0.005312232,0.18185229263508937
128,10,2,AB,B,4,stage.threshold,2,1.9649e-05,1.9085e-05,0.0005317090621365455
128,10,2,AB,B,5,stage.aggregate,1,1.8685e-05,1.8411e-05,0.0005266640406279662
128,10,2,AB,B,5,stage.alloc_init,1,0.003138125,0.003137816,0.08845264075438246
128,10,2,AB,B,5,stage.candidates,1,0.000125604,0.000125315,0.0035403323606655102
128,10,2,AB,B,5,stage.cleanup,1,0.002187637,0.002187245,0.061661746954628956
128,10,2,AB,B,5,stage.delivery,1,4.0095e-05,3.9811e-05,0.0011301361899372921
128,10,2,AB,B,5,stage.leaf_distance,1,0.017902287,0.017902212,0.5046021304737227
128,10,2,AB,B,5,stage.node_plan,4,0.000102298,0.000101083,0.0028834186795910987
128,10,2,AB,B,5,stage.node_prune,4,6.1599e-05,6.0493e-05,0.0017362578666653512
128,10,2,AB,B,5,stage.output_alloc,1,7.028e-06,6.734e-06,0.00019809445424315473
128,10,2,AB,B,5,stage.pivot_distance,2,0.00014027,0.000139697,0.003953715010911684
128,10,2,AB,B,5,stage.pivot_sort,2,0.001369933,0.001369275,0.03861356431199313
128,10,2,AB,B,5,stage.result_sort,1,0.004398115,0.004397886,0.12396730088554817
128,10,2,AB,B,5,stage.schedule,10,0.005953766,0.005254165,0.16781559852894853
128,10,2,AB,B,5,stage.threshold,2,2.1643e-05,2.1063e-05,0.0006100395949323559
128,10,2,AB,B,6,stage.aggregate,1,1.8896e-05,1.862e-05,0.0006415210513014498
128,10,2,AB,B,6,stage.alloc_init,1,0.002052369,0.002052082,0.06967812862714359
128,10,2,AB,B,6,stage.candidates,1,0.000118358,0.000118066,0.004018265695911145
128,10,2,AB,B,6,stage.cleanup,1,0.001986213,0.001985952,0.06743212594562906
128,10,2,AB,B,6,stage.delivery,1,4.3601e-05,4.3317e-05,0.0014802582217291762
128,10,2,AB,B,6,stage.leaf_distance,1,0.017904602,0.017904572,0.6078629920710225
128,10,2,AB,B,6,stage.node_plan,4,8.4803e-05,8.3651e-05,0.002879070158420663
128,10,2,AB,B,6,stage.node_prune,4,5.7023e-05,5.5927e-05,0.001935936436725369
128,10,2,AB,B,6,stage.output_alloc,1,6.368e-06,6.057e-06,0.00021619422389329131
128,10,2,AB,B,6,stage.pivot_distance,2,0.000135659,0.000135094,0.0046056363409453524
128,10,2,AB,B,6,stage.pivot_sort,2,0.001798029,0.001791721,0.06104326070864175
128,10,2,AB,B,6,stage.result_sort,1,0.005113701,0.005113457,0.17361064995561365
128,10,2,AB,B,6,stage.schedule,10,0.000107731,0.00010499,0.003657478004750026
128,10,2,AB,B,6,stage.threshold,2,1.8325e-05,1.7749e-05,0.0006221355453587569
128,10,2,AB,B,7,stage.aggregate,1,0.000704979,0.000704634,0.02320805744550487
128,10,2,AB,B,7,stage.alloc_init,1,0.002091929,0.002091431,0.06886674412133917
128,10,2,AB,B,7,stage.candidates,1,0.000124202,0.000123897,0.0040887560492533755
128,10,2,AB,B,7,stage.cleanup,1,0.00193759,0.001937267,0.0637858716725403
128,10,2,AB,B,7,stage.delivery,1,4.5319e-05,4.5028e-05,0.0014919110432691403
128,10,2,AB,B,7,stage.leaf_distance,1,0.017908557,0.01790853,0.5895534755249423
128,10,2,AB,B,7,stage.node_plan,4,9.2027e-05,9.0865e-05,0.0030295482596467086
128,10,2,AB,B,7,stage.node_prune,4,6.3088e-05,6.1971e-05,0.0020768702729045993
128,10,2,AB,B,7,stage.output_alloc,1,5.344e-06,5.044e-06,0.0001759256076972194
128,10,2,AB,B,7,stage.pivot_distance,2,0.000140748,0.000140184,0.004633453860809924
128,10,2,AB,B,7,stage.pivot_sort,2,0.001766471,0.001765747,0.058152598082805915
128,10,2,AB,B,7,stage.result_sort,1,0.005345464,0.00533264,0.1759738028861544
128,10,2,AB,B,7,stage.schedule,10,0.000121544,0.000118703,0.004001254128359063
128,10,2,AB,B,7,stage.threshold,2,2.0185e-05,1.9606e-05,0.0006644944594626448
128,10,3,BA,B,0,stage.aggregate,1,2.4509e-05,2.4243e-05,0.0008216817504446348
128,10,3,BA,B,0,stage.alloc_init,1,0.002093312,0.002092899,0.0701797816470178
128,10,3,BA,B,0,stage.candidates,1,0.00012628,0.000125837,0.004233627297978232
128,10,3,BA,B,0,stage.cleanup,1,0.002010275,0.002009805,0.06739590684544813
128,10,3,BA,B,0,stage.delivery,1,4.1059e-05,4.0782e-05,0.001376532334714034
128,10,3,BA,B,0,stage.leaf_distance,1,0.017917082,0.017916907,0.6006829858672349
128,10,3,BA,B,0,stage.node_plan,4,9.1085e-05,8.9951e-05,0.0030536897563853914
128,10,3,BA,B,0,stage.node_prune,4,6.1237e-05,6.0174e-05,0.0020530142132269003
128,10,3,BA,B,0,stage.output_alloc,1,5.73e-06,5.443e-06,0.00019210234730294005
128,10,3,BA,B,0,stage.pivot_distance,2,0.000137531,0.000136986,0.0046108251181362385
128,10,3,BA,B,0,stage.pivot_sort,2,0.001766294,0.001765553,0.05921626935900509
128,10,3,BA,B,0,stage.result_sort,1,0.00539933,0.005399125,0.18101639910352238
128,10,3,BA,B,0,stage.schedule,10,0.000121773,0.000119064,0.004082526900195622
128,10,3,BA,B,0,stage.threshold,2,2.1574e-05,2.1028e-05,0.0007232837767388532
128,10,3,BA,B,1,stage.aggregate,1,2.2494e-05,2.222e-05,0.0007418882074009928
128,10,3,BA,B,1,stage.alloc_init,1,0.002089122,0.002088699,0.06890259516413164
128,10,3,BA,B,1,stage.candidates,1,0.000125895,0.000125615,0.004152219074897661
128,10,3,BA,B,1,stage.cleanup,1,0.002571093,0.00257067,0.08479877197613768
128,10,3,BA,B,1,stage.delivery,1,4.1689e-05,4.1396e-05,0.001374970102175691
128,10,3,BA,B,1,stage.leaf_distance,1,0.017918599,0.017918563,0.5909841420488674
128,10,3,BA,B,1,stage.node_plan,4,9.1718e-05,9.0605e-05,0.0030250067843160073
128,10,3,BA,B,1,stage.node_prune,4,6.0873e-05,5.9774e-05,0.0020076891993029535
128,10,3,BA,B,1,stage.output_alloc,1,5.457e-06,5.137e-06,0.0001799806147322494
128,10,3,BA,B,1,stage.pivot_distance,2,0.00013935,0.000138648,0.004595986560919727
128,10,3,BA,B,1,stage.pivot_sort,2,0.001756191,0.001755589,0.057921996658831555
128,10,3,BA,B,1,stage.result_sort,1,0.005337807,0.0053376,0.1760494383694528
128,10,3,BA,B,1,stage.schedule,10,0.000130495,0.000127804,0.004303934454734266
128,10,3,BA,B,1,stage.threshold,2,1.9961e-05,1.9402e-05,0.0006583458036779239
128,10,3,BA,B,2,stage.aggregate,1,2.4346e-05,2.4072e-05,0.0008252521322205367
128,10,3,BA,B,2,stage.alloc_init,1,0.002088897,0.00208848,0.07080697869214994
128,10,3,BA,B,2,stage.candidates,1,0.000127723,0.000127445,0.004329404340902144
128,10,3,BA,B,2,stage.cleanup,1,0.001984321,0.001972064,0.06726218418877793
128,10,3,BA,B,2,stage.delivery,1,4.1217e-05,4.0939e-05,0.0013971254881185353
128,10,3,BA,B,2,stage.leaf_distance,1,0.017920055,0.017919879,0.6074329909742582
128,10,3,BA,B,2,stage.node_plan,4,9.7697e-05,9.6364e-05,0.0033116182355027424
128,10,3,BA,B,2,stage.node_prune,4,6.188e-05,6.0735e-05,0.0020975356092091846
128,10,3,BA,B,2,stage.output_alloc,1,5.943e-06,5.652e-06,0.0002014488384862667
128,10,3,BA,B,2,stage.pivot_distance,2,0.000136922,0.000136378,0.004641221245703619
128,10,3,BA,B,2,stage.pivot_sort,2,0.001759842,0.001759252,0.059653058525887356
128,10,3,BA,B,2,stage.result_sort,1,0.005099791,0.005099563,0.17286672950912277
128,10,3,BA,B,2,stage.schedule,10,0.000122347,0.000119671,0.0041471750029075
128,10,3,BA,B,2,stage.threshold,2,2.0528e-05,1.9977e-05,0.000695834049545025
128,10,3,BA,B,3,stage.aggregate,1,0.000708035,0.000707625,0.017781203810866064
128,10,3,BA,B,3,stage.alloc_init,1,0.003126371,0.003125975,0.07851397168131682
128,10,3,BA,B,3,stage.candidates,1,0.000590918,0.000590401,0.01483999151667552
128,10,3,BA,B,3,stage.cleanup,1,0.001690507,0.001681397,0.04245446836765945
128,10,3,BA,B,3,stage.delivery,1,0.001050417,0.001049994,0.026379598132011132
128,10,3,BA,B,3,stage.leaf_distance,1,0.017897231,0.017897035,0.4494612724810924
128,10,3,BA,B,3,stage.node_plan,4,9.0619e-05,8.9465e-05,0.002275756012254863
128,10,3,BA,B,3,stage.node_prune,4,0.002079157,0.002077904,0.05221481193978949
128,10,3,BA,B,3,stage.output_alloc,1,5.624e-06,5.322e-06,0.00014123806059348866
128,10,3,BA,B,3,stage.pivot_distance,2,0.001941795,0.000662083,0.048765177786296826
128,10,3,BA,B,3,stage.pivot_sort,2,0.001332167,0.001331602,0.03345531356092568
128,10,3,BA,B,3,stage.result_sort,1,0.004423488,0.004423229,0.11108905870884957
128,10,3,BA,B,3,stage.schedule,10,0.004441387,0.003027768,0.1115385644070293
128,10,3,BA,B,3,stage.threshold,2,0.000430867,0.000430251,0.010820558224348272
128,10,3,BA,B,4,stage.aggregate,1,0.000707365,0.000706987,0.018110988316938414
128,10,3,BA,B,4,stage.alloc_init,1,0.005308741,0.005308379,0.13592211408346747
128,10,3,BA,B,4,stage.candidates,1,0.000539191,0.000538678,0.013805152787596702
128,10,3,BA,B,4,stage.cleanup,1,0.00174278,0.001742351,0.04462119021861971
128,10,3,BA,B,4,stage.delivery,1,4.2487e-05,4.2206e-05,0.0010878140148604504
128,10,3,BA,B,4,stage.leaf_distance,1,0.017912778,0.017904961,0.4586290148394556
128,10,3,BA,B,4,stage.node_plan,4,9.9492e-05,9.8079e-05,0.0025473389970225233
128,10,3,BA,B,4,stage.node_prune,4,0.000554981,0.000553716,0.01420943135032522
128,10,3,BA,B,4,stage.output_alloc,1,6.684e-06,6.382e-06,0.0001711334967243451
128,10,3,BA,B,4,stage.pivot_distance,2,0.000139623,0.000139074,0.003574831270667749
128,10,3,BA,B,4,stage.pivot_sort,2,0.001109989,0.001109396,0.028419553993949596
128,10,3,BA,B,4,stage.result_sort,1,0.004416386,0.004416136,0.11307474252909089
128,10,3,BA,B,4,stage.schedule,10,0.006445738,0.002357714,0.16503316620421707
128,10,3,BA,B,4,stage.threshold,2,2.0334e-05,1.9758e-05,0.0005206206646308847
128,10,3,BA,B,5,stage.aggregate,1,2.4642e-05,2.4375e-05,0.0006694858317839824
128,10,3,BA,B,5,stage.alloc_init,1,0.003144989,0.003144496,0.08544458958755276
128,10,3,BA,B,5,stage.candidates,1,0.000533172,0.000532684,0.01448547601265845
128,10,3,BA,B,5,stage.cleanup,1,0.002307519,0.002307091,0.06269179762488206
128,10,3,BA,B,5,stage.delivery,1,4.0408e-05,4.0133e-05,0.0010978241819140963
128,10,3,BA,B,5,stage.leaf_distance,1,0.017922686,0.017922478,0.48693224350755365
128,10,3,BA,B,5,stage.node_plan,4,9.5834e-05,9.4684e-05,0.002603664686437228
128,10,3,BA,B,5,stage.node_prune,4,5.98e-05,5.8681e-05,0.0016246754622466582
128,10,3,BA,B,5,stage.output_alloc,1,6.19e-06,5.897e-06,0.00016817292828272265
128,10,3,BA,B,5,stage.pivot_distance,2,0.00013994,0.000139401,0.0038019579295451057
128,10,3,BA,B,5,stage.pivot_sort,2,0.001350377,0.001349805,0.03668769860672668
128,10,3,BA,B,5,stage.result_sort,1,0.004421685,0.004421453,0.12013048697799522
128,10,3,BA,B,5,stage.schedule,10,0.006728102,0.005304253,0.18279234493131546
128,10,3,BA,B,5,stage.threshold,2,2.1347e-05,2.0803e-05,0.0005799656704444719
128,10,3,BA,B,6,stage.aggregate,1,2.5609e-05,2.5347e-05,0.000855816263877606
128,10,3,BA,B,6,stage.alloc_init,1,0.002055013,0.002054574,0.06867560419695852
128,10,3,BA,B,6,stage.candidates,1,0.000127478,0.000127187,0.004260132987878849
128,10,3,BA,B,6,stage.cleanup,1,0.002318513,0.002318089,0.07748139846974345
128,10,3,BA,B,6,stage.delivery,1,4.1005e-05,4.0734e-05,0.0013703286305713316
128,10,3,BA,B,6,stage.leaf_distance,1,0.01791425,0.017914017,0.5986686908965365
128,10,3,BA,B,6,stage.node_plan,4,9.5575e-05,9.4406e-05,0.0031939802186771132
128,10,3,BA,B,6,stage.node_prune,4,6.0784e-05,5.9687e-05,0.0020313146075026903
128,10,3,BA,B,6,stage.output_alloc,1,6.429e-06,6.159e-06,0.00021484801282631609
128,10,3,BA,B,6,stage.pivot_distance,2,0.000137677,0.000137148,0.004600969025025466
128,10,3,BA,B,6,stage.pivot_sort,2,0.001759308,0.001758759,0.0587935647455966
128,10,3,BA,B,6,stage.result_sort,1,0.005229062,0.005228843,0.17474779586959122
128,10,3,BA,B,6,stage.schedule,10,0.000122579,0.000119836,0.004096415393410639
128,10,3,BA,B,6,stage.threshold,2,2.0496e-05,1.9925e-05,0.0006849470945540792
128,10,3,BA,B,7,stage.aggregate,1,2.459e-05,2.4322e-05,0.0008205478530060098
128,10,3,BA,B,7,stage.alloc_init,1,0.00208994,0.002089626,0.06973955998012933
128,10,3,BA,B,7,stage.candidates,1,0.000126699,0.000126422,0.0042278402776741945
128,10,3,BA,B,7,stage.cleanup,1,0.002322874,0.002322465,0.07751237387163408
128,10,3,BA,B,7,stage.delivery,1,4.1216e-05,4.0923e-05,0.0013753436482104799
128,10,3,BA,B,7,stage.leaf_distance,1,0.017916799,0.017916592,0.5978686845136325
128,10,3,BA,B,7,stage.node_plan,4,9.2391e-05,9.126e-05,0.003083010845346818
128,10,3,BA,B,7,stage.node_prune,4,6.2117e-05,6.0985e-05,0.0020727926386813465
128,10,3,BA,B,7,stage.output_alloc,1,5.181e-06,4.887e-06,0.00017288566191232764
128,10,3,BA,B,7,stage.pivot_distance,2,0.0001379,0.000137344,0.004601608333856395
128,10,3,BA,B,7,stage.pivot_sort,2,0.001768192,0.001767589,0.05900309675894276
128,10,3,BA,B,7,stage.result_sort,1,0.005228835,0.005228624,0.17448187608672955
128,10,3,BA,B,7,stage.schedule,10,0.000121374,0.000118704,0.004050149455500261
128,10,3,BA,B,7,stage.threshold,2,2.0061e-05,1.9506e-05,0.0006694188889448378
128,10,3,BA,A,0,stage.aggregate,1,2.464e-05,2.4364e-05,0.0007867800013040624
128,10,3,BA,A,0,stage.alloc_init,1,0.00314448,0.003144015,0.10040641146512166
128,10,3,BA,A,0,stage.candidates,1,0.000123795,0.000123506,0.003952898955415438
128,10,3,BA,A,0,stage.cleanup,1,0.002369934,0.002369511,0.07567437806860965
128,10,3,BA,A,0,stage.delivery,1,4.9639e-05,4.9349e-05,0.0015850232339582934
128,10,3,BA,A,0,stage.leaf_distance,1,0.013679139,0.013678876,0.43678867695854096
128,10,3,BA,A,0,stage.node_plan,4,9.8193e-05,9.7026e-05,0.003135401325813709
128,10,3,BA,A,0,stage.node_prune,4,5.9864e-05,5.8778e-05,0.0019115177758955513
128,10,3,BA,A,0,stage.output_alloc,1,6.913e-06,6.618e-06,0.0002207390482554782
128,10,3,BA,A,0,stage.pivot_distance,2,0.00013857,0.00013801,0.004424679577138957
128,10,3,BA,A,0,stage.pivot_sort,2,0.001221938,0.001221316,0.03901771027733293
128,10,3,BA,A,0,stage.result_sort,1,0.004403355,0.004398089,0.14060355733126012
128,10,3,BA,A,0,stage.schedule,10,0.005963975,0.005257483,0.19043572476775142
128,10,3,BA,A,0,stage.threshold,2,2.047e-05,1.9914e-05,0.0006536277040054446
128,10,3,BA,A,1,stage.aggregate,1,2.5089e-05,2.4798e-05,0.0009769246191818248
128,10,3,BA,A,1,stage.alloc_init,1,0.002073475,0.002073031,0.08073772469042345
128,10,3,BA,A,1,stage.candidates,1,0.000124712,0.000124441,0.004856081274957301
128,10,3,BA,A,1,stage.cleanup,1,0.002262522,0.002262065,0.0880989056255929
128,10,3,BA,A,1,stage.delivery,1,4.5094e-05,4.481e-05,0.0017558865948178568
128,10,3,BA,A,1,stage.leaf_distance,1,0.013711586,0.013711337,0.5339067293008426
128,10,3,BA,A,1,stage.node_plan,4,9.7821e-05,9.6684e-05,0.003808989723503738
128,10,3,BA,A,1,stage.node_prune,4,6.0875e-05,5.9779e-05,0.0023703729201121444
128,10,3,BA,A,1,stage.output_alloc,1,6.374e-06,6.082e-06,0.0002481931333518654
128,10,3,BA,A,1,stage.pivot_distance,2,0.000139763,0.000139216,0.005442142594392338
128,10,3,BA,A,1,stage.pivot_sort,2,0.001757845,0.001757218,0.0684476088008958
128,10,3,BA,A,1,stage.result_sort,1,0.005219435,0.005219224,0.2032362608999676
128,10,3,BA,A,1,stage.schedule,10,0.000124818,0.000122093,0.004860208741561522
128,10,3,BA,A,1,stage.threshold,2,2.1245e-05,2.0717e-05,0.0008272455472325668
128,10,3,BA,A,2,stage.aggregate,1,2.5145e-05,2.4875e-05,0.0009932886160552573
128,10,3,BA,A,2,stage.alloc_init,1,0.002085238,0.002084809,0.08237196926489691
128,10,3,BA,A,2,stage.candidates,1,0.000121045,0.000120763,0.004781571705325457
128,10,3,BA,A,2,stage.cleanup,1,0.002000987,0.002000548,0.07904384998904598
128,10,3,BA,A,2,stage.delivery,1,3.9898e-05,3.9609e-05,0.0015760679738863654
128,10,3,BA,A,2,stage.leaf_distance,1,0.013706728,0.013706478,0.5414490708198785
128,10,3,BA,A,2,stage.node_plan,4,9.1864e-05,9.0741e-05,0.003628851279590382
128,10,3,BA,A,2,stage.node_prune,4,6.189e-05,6.0799e-05,0.0024448054264330833
128,10,3,BA,A,2,stage.output_alloc,1,5.723e-06,5.447e-06,0.00022607241000931547
128,10,3,BA,A,2,stage.pivot_distance,2,0.000139008,0.000138434,0.005491153865206173
128,10,3,BA,A,2,stage.pivot_sort,2,0.001767564,0.001767001,0.069823074143929
128,10,3,BA,A,2,stage.result_sort,1,0.005120142,0.005119928,0.20225805373578834
128,10,3,BA,A,2,stage.schedule,10,0.000120129,0.000117483,0.004745387478946192
128,10,3,BA,A,2,stage.threshold,2,2.0499e-05,1.9967e-05,0.0008097603237429597
128,10,3,BA,A,3,stage.aggregate,1,0.000711041,0.000710593,0.027378348186610536
128,10,3,BA,A,3,stage.alloc_init,1,0.002089699,0.002089284,0.08046302087673123
128,10,3,BA,A,3,stage.candidates,1,0.000121962,0.000121682,0.004696097836180184
128,10,3,BA,A,3,stage.cleanup,1,0.001777066,0.00177667,0.06842521274945783
128,10,3,BA,A,3,stage.delivery,1,4.4083e-05,4.377e-05,0.001697398213479043
128,10,3,BA,A,3,stage.leaf_distance,1,0.013697673,0.013683634,0.5274233985667973
128,10,3,BA,A,3,stage.node_plan,4,7.8952e-05,7.7782e-05,0.003040015056838178
128,10,3,BA,A,3,stage.node_prune,4,5.6978e-05,5.5878e-05,0.0021939150104940434
128,10,3,BA,A,3,stage.output_alloc,1,5.281e-06,4.973e-06,0.0002033427844153716
128,10,3,BA,A,3,stage.pivot_distance,2,0.000136179,0.000135479,0.005243517712346314
128,10,3,BA,A,3,stage.pivot_sort,2,0.001812506,0.001811938,0.069789815718532
128,10,3,BA,A,3,stage.result_sort,1,0.005307351,0.005307089,0.20435741908913216
128,10,3,BA,A,3,stage.schedule,10,0.0001054,0.000102744,0.0040583846766483935
128,10,3,BA,A,3,stage.threshold,2,1.786e-05,1.7322e-05,0.0006876921283201167
128,10,3,BA,A,4,stage.aggregate,1,0.000707228,0.000706774,0.020396303051107876
128,10,3,BA,A,4,stage.alloc_init,1,0.004180934,0.004180454,0.12057723520658212
128,10,3,BA,A,4,stage.candidates,1,0.000589421,0.000589119,0.016998774568720492
128,10,3,BA,A,4,stage.cleanup,1,0.001659397,0.001658918,0.047856651736214145
128,10,3,BA,A,4,stage.delivery,1,4.3755e-05,4.3481e-05,0.0012618847670075634
128,10,3,BA,A,4,stage.leaf_distance,1,0.013668763,0.013668506,0.39420417811762326
128,10,3,BA,A,4,stage.node_plan,4,9.298e-05,9.1791e-05,0.0026815231547563305
128,10,3,BA,A,4,stage.node_prune,4,0.001706429,0.001704766,0.049213044476744364
128,10,3,BA,A,4,stage.output_alloc,1,6.736e-06,6.389e-06,0.0001942647878085464
128,10,3,BA,A,4,stage.pivot_distance,2,0.002341261,0.001068638,0.06752146249546097
128,10,3,BA,A,4,stage.pivot_sort,2,0.001145807,0.001145194,0.03304482685934488
128,10,3,BA,A,4,stage.result_sort,1,0.004433367,0.004433143,0.12785734850540556
128,10,3,BA,A,4,stage.schedule,10,0.00364113,0.002301179,0.10500940422110043
128,10,3,BA,A,4,stage.threshold,2,0.000443893,0.000443028,0.012801778422609721
128,10,3,BA,A,5,stage.aggregate,1,0.000705756,0.000705314,0.022492349797795255
128,10,3,BA,A,5,stage.alloc_init,1,0.004179477,0.004178935,0.13319937578403857
128,10,3,BA,A,5,stage.candidates,1,0.000126972,0.000126682,0.00404658074253093
128,10,3,BA,A,5,stage.cleanup,1,0.001423527,0.001423048,0.04536761604663097
128,10,3,BA,A,5,stage.delivery,1,4.4739e-05,4.4428e-05,0.0014258259761214386
128,10,3,BA,A,5,stage.leaf_distance,1,0.013693409,0.013679328,0.4364071225073223
128,10,3,BA,A,5,stage.node_plan,4,9.4488e-05,9.329e-05,0.0030113199855106836
128,10,3,BA,A,5,stage.node_prune,4,0.001728087,0.001726612,0.05507390271570148
128,10,3,BA,A,5,stage.output_alloc,1,6.464e-06,6.147e-06,0.00020600681976908246
128,10,3,BA,A,5,stage.pivot_distance,2,0.001281139,0.000617295,0.04082972943566561
128,10,3,BA,A,5,stage.pivot_sort,2,0.001355865,0.001355249,0.04321123711110875
128,10,3,BA,A,5,stage.result_sort,1,0.004439192,0.004438344,0.14147645827109415
128,10,3,BA,A,5,stage.schedule,10,0.002264565,0.002261391,0.07217138518106005
128,10,3,BA,A,5,stage.threshold,2,2.1007e-05,2.044e-05,0.0006694902943825982
128,10,3,BA,A,6,stage.aggregate,1,0.000706262,0.0007058,0.02188248242312687
128,10,3,BA,A,6,stage.alloc_init,1,0.003114865,0.003114381,0.09650948035277712
128,10,3,BA,A,6,stage.candidates,1,0.000540942,0.000540477,0.0167602869854687
128,10,3,BA,A,6,stage.cleanup,1,0.001575619,0.001575193,0.04881822195310626
128,10,3,BA,A,6,stage.delivery,1,4.4511e-05,4.4203e-05,0.0013791074348270189
128,10,3,BA,A,6,stage.leaf_distance,1,0.013681633,0.013681094,0.4239051423440204
128,10,3,BA,A,6,stage.node_plan,4,0.00010441,0.000103074,0.00323498926715394
128,10,3,BA,A,6,stage.node_prune,4,5.9151e-05,5.8064e-05,0.0018327061597684393
128,10,3,BA,A,6,stage.output_alloc,1,7.505e-06,7.204e-06,0.00023253131357140432
128,10,3,BA,A,6,stage.pivot_distance,2,0.000137004,0.000136436,0.004244866100537865
128,10,3,BA,A,6,stage.pivot_sort,2,0.001129387,0.001128818,0.03499238409599834
128,10,3,BA,A,6,stage.result_sort,1,0.004433327,0.004433104,0.13736007339128223
128,10,3,BA,A,6,stage.schedule,10,0.006709713,0.005304985,0.207890523328065
128,10,3,BA,A,6,stage.threshold,2,1.8625e-05,1.808e-05,0.0005770680500023192
128,10,3,BA,A,7,stage.aggregate,1,0.000705007,0.000704723,0.021606318519698086
128,10,3,BA,A,7,stage.alloc_init,1,0.003132992,0.003132585,0.09601666802126212
128,10,3,BA,A,7,stage.candidates,1,0.000534452,0.000534178,0.0163793269364555
128,10,3,BA,A,7,stage.cleanup,1,0.001843573,0.001843141,0.056499900642568594
128,10,3,BA,A,7,stage.delivery,1,4.4838e-05,4.4564e-05,0.00137414821382798
128,10,3,BA,A,7,stage.leaf_distance,1,0.013690254,0.013690013,0.41956461218054686
128,10,3,BA,A,7,stage.node_plan,4,0.000100032,9.8838e-05,0.003065676304153631
128,10,3,BA,A,7,stage.node_prune,4,6.1641e-05,6.0551e-05,0.001889109015758297
128,10,3,BA,A,7,stage.output_alloc,1,7.057e-06,6.754e-06,0.00021627556860216905
128,10,3,BA,A,7,stage.pivot_distance,2,0.000139088,0.000138534,0.004262623818299346
128,10,3,BA,A,7,stage.pivot_sort,2,0.00119043,0.00118982,0.03648305584966417
128,10,3,BA,A,7,stage.result_sort,1,0.004436152,0.004435753,0.13595455522256614
128,10,3,BA,A,7,stage.schedule,10,0.006712229,0.005302817,0.20570938692971072
128,10,3,BA,A,7,stage.threshold,2,2.0441e-05,1.9894e-05,0.0006264544279151108
128,10,4,AB,A,0,stage.aggregate,1,2.5518e-05,2.5243e-05,0.0009749562925924908
128,10,4,AB,A,0,stage.alloc_init,1,0.002086384,0.002085964,0.07971366132002083
128,10,4,AB,A,0,stage.candidates,1,0.000223767,0.00022346,0.008549378663082682
128,10,4,AB,A,0,stage.cleanup,1,0.002492477,0.002492193,0.09522909849094968
128,10,4,AB,A,0,stage.delivery,1,4.1865e-05,4.1557e-05,0.001599519758185776
128,10,4,AB,A,0,stage.leaf_distance,1,0.013731396,0.013731138,0.5246301017430582
128,10,4,AB,A,0,stage.node_plan,4,9.2712e-05,9.159e-05,0.003542211293942904
128,10,4,AB,A,0,stage.node_prune,4,0.000115404,0.000114312,0.004409195704614148
128,10,4,AB,A,0,stage.output_alloc,1,6.217e-06,5.914e-06,0.0002375304989045974
128,10,4,AB,A,0,stage.pivot_distance,2,0.000170503,0.000169805,0.006514341749192627
128,10,4,AB,A,0,stage.pivot_sort,2,0.001699041,0.001698466,0.06491459810026798
128,10,4,AB,A,0,stage.result_sort,1,0.005330875,0.005330478,0.20367466597201955
128,10,4,AB,A,0,stage.schedule,10,0.000124192,0.000121556,0.004744955399703998
128,10,4,AB,A,0,stage.threshold,2,2.1365e-05,2.0819e-05,0.0008162842382333478
128,10,4,AB,A,1,stage.aggregate,1,2.6543e-05,2.5918e-05,0.001031074246280181
128,10,4,AB,A,1,stage.alloc_init,1,0.00206379,0.002063368,0.08016880980788059
128,10,4,AB,A,1,stage.candidates,1,0.000224763,0.00022432,0.008731015364377512
128,10,4,AB,A,1,stage.cleanup,1,0.001997082,0.001996645,0.07757750886899432
128,10,4,AB,A,1,stage.delivery,1,4.1583e-05,4.1284e-05,0.0016153095122280361
128,10,4,AB,A,1,stage.leaf_distance,1,0.013751255,0.013750928,0.5341734123697989
128,10,4,AB,A,1,stage.node_plan,4,9.864e-05,9.749e-05,0.0038317132069877954
128,10,4,AB,A,1,stage.node_prune,4,0.000108123,0.000106998,0.0042000844188882945
128,10,4,AB,A,1,stage.output_alloc,1,5.667e-06,5.364e-06,0.00022013705133819785
128,10,4,AB,A,1,stage.pivot_distance,2,0.000163963,0.000163418,0.006369213225439374
128,10,4,AB,A,1,stage.pivot_sort,2,0.001699725,0.001698966,0.06602654836524058
128,10,4,AB,A,1,stage.result_sort,1,0.005401205,0.005400627,0.20981213029347645
128,10,4,AB,A,1,stage.schedule,10,0.000126588,0.000123916,0.004917365282301004
128,10,4,AB,A,1,stage.threshold,2,2.3539e-05,2.299e-05,0.0009143825748102769
128,10,4,AB,A,2,stage.aggregate,1,0.000707681,0.000707406,0.02682941466896781
128,10,4,AB,A,2,stage.alloc_init,1,0.00208997,0.002089524,0.07923438918905927
128,10,4,AB,A,2,stage.candidates,1,0.00023619,0.000235758,0.008954372733849724
128,10,4,AB,A,2,stage.cleanup,1,0.001939621,0.001939184,0.07353439771540851
128,10,4,AB,A,2,stage.delivery,1,4.6586e-05,4.6292e-05,0.001766156095427932
128,10,4,AB,A,2,stage.leaf_distance,1,0.01375241,0.013752152,0.5213777261049252
128,10,4,AB,A,2,stage.node_plan,4,9.13e-05,9.0164e-05,0.003461341422585545
128,10,4,AB,A,2,stage.node_prune,4,0.000106682,0.000105521,0.004044499733234076
128,10,4,AB,A,2,stage.output_alloc,1,6.007e-06,5.702e-06,0.0002277357932691278
128,10,4,AB,A,2,stage.pivot_distance,2,0.000171059,0.000170257,0.006485143509376349
128,10,4,AB,A,2,stage.pivot_sort,2,0.001707847,0.001707309,0.06474744320414517
128,10,4,AB,A,2,stage.result_sort,1,0.005363304,0.005339866,0.2033321609761089
128,10,4,AB,A,2,stage.schedule,10,0.000126235,0.000123638,0.004785787891348151
128,10,4,AB,A,2,stage.threshold,2,2.1803e-05,2.1243e-05,0.0008265895622851329
128,10,4,AB,A,3,stage.aggregate,1,0.000706701,0.000706419,0.020573915653993986
128,10,4,AB,A,3,stage.alloc_init,1,0.004182899,0.004182513,0.12177513717282952
128,10,4,AB,A,3,stage.candidates,1,0.00058517,0.000584874,0.017035830178884222
128,10,4,AB,A,3,stage.cleanup,1,0.001324868,0.001324428,0.03857037486104548
128,10,4,AB,A,3,stage.delivery,1,4.6585e-05,4.6294e-05,0.001356211270029772
128,10,4,AB,A,3,stage.leaf_distance,1,0.013669735,0.013669323,0.397961761625425
128,10,4,AB,A,3,stage.node_plan,4,9.2977e-05,9.1784e-05,0.0027068038049491918
128,10,4,AB,A,3,stage.node_prune,4,0.001704023,0.001702729,0.04960856921734339
128,10,4,AB,A,3,stage.output_alloc,1,5.483e-06,5.195e-06,0.00015962447984486935
128,10,4,AB,A,3,stage.pivot_distance,2,0.002146404,0.00106424,0.062487437905698884
128,10,4,AB,A,3,stage.pivot_sort,2,0.001222621,0.001221957,0.03559369709509648
128,10,4,AB,A,3,stage.result_sort,1,0.00449374,0.004493329,0.13082453220100004
128,10,4,AB,A,3,stage.schedule,10,0.003720242,0.002326835,0.10830598105909839
128,10,4,AB,A,3,stage.threshold,2,0.000435732,0.000435085,0.012685298896911291
128,10,4,AB,A,4,stage.aggregate,1,0.000705334,0.000704915,0.022416195580062213
128,10,4,AB,A,4,stage.alloc_init,1,0.004168778,0.004168377,0.13248779015028425
128,10,4,AB,A,4,stage.candidates,1,0.00013026,0.000129981,0.004139788577126445
128,10,4,AB,A,4,stage.cleanup,1,0.001499646,0.001499211,0.04766019791596319
128,10,4,AB,A,4,stage.delivery,1,4.9063e-05,4.8773e-05,0.0015592695145060247
128,10,4,AB,A,4,stage.leaf_distance,1,0.013689494,0.013677317,0.4350653376926225
128,10,4,AB,A,4,stage.node_plan,4,9.8012e-05,9.6842e-05,0.003114915998935338
128,10,4,AB,A,4,stage.node_prune,4,0.001712741,0.001711338,0.054432562777338586
128,10,4,AB,A,4,stage.output_alloc,1,7.542e-06,7.24e-06,0.00023969204244347957
128,10,4,AB,A,4,stage.pivot_distance,2,0.001283675,0.000616771,0.04079643099756479
128,10,4,AB,A,4,stage.pivot_sort,2,0.001372451,0.001371846,0.04361781799835534
128,10,4,AB,A,4,stage.result_sort,1,0.004444749,0.004444457,0.14125841500379385
128,10,4,AB,A,4,stage.schedule,10,0.002269282,0.002266223,0.07211997314508409
128,10,4,AB,A,4,stage.threshold,2,2.2185e-05,2.1629e-05,0.0007050607215073712
128,10,4,AB,A,5,stage.aggregate,1,0.000707243,0.000706812,0.021809085645535586
128,10,4,AB,A,5,stage.alloc_init,1,0.003134071,0.003133575,0.09664460851247643
128,10,4,AB,A,5,stage.candidates,1,0.000581325,0.000581009,0.01792618196700565
128,10,4,AB,A,5,stage.cleanup,1,0.001712519,0.001712097,0.0528085446453439
128,10,4,AB,A,5,stage.delivery,1,4.8416e-05,4.8121e-05,0.0014929927770430404
128,10,4,AB,A,5,stage.leaf_distance,1,0.013713212,0.013712857,0.42287108530361756
128,10,4,AB,A,5,stage.node_plan,4,0.000106615,0.00010548,0.0032876616185650146
128,10,4,AB,A,5,stage.node_prune,4,0.000109005,0.000107897,0.0033613614850788297
128,10,4,AB,A,5,stage.output_alloc,1,7.452e-06,7.158e-06,0.0002297955670547905
128,10,4,AB,A,5,stage.pivot_distance,2,0.000163516,0.00016296,0.005042304340114214
128,10,4,AB,A,5,stage.pivot_sort,2,0.00112604,0.001125278,0.03472342999548796
128,10,4,AB,A,5,stage.result_sort,1,0.004447761,0.004447498,0.13715455731604698
128,10,4,AB,A,5,stage.schedule,10,0.006537985,0.005264882,0.20161030199553334
128,10,4,AB,A,5,stage.threshold,2,2.1645e-05,2.1092e-05,0.0006674617617956173
128,10,4,AB,A,6,stage.aggregate,1,0.000706046,0.000705669,0.021348964030397613
128,10,4,AB,A,6,stage.alloc_init,1,0.003110278,0.003109769,0.09404658215829709
128,10,4,AB,A,6,stage.candidates,1,0.000584775,0.000584248,0.017682049669392314
128,10,4,AB,A,6,stage.cleanup,1,0.00205696,0.001794243,0.062197031145232284
128,10,4,AB,A,6,stage.delivery,1,4.5129e-05,4.4835e-05,0.0013645816246077647
128,10,4,AB,A,6,stage.leaf_distance,1,0.013711755,0.01371149,0.41460721297001135
128,10,4,AB,A,6,stage.node_plan,4,0.000104059,0.000102916,0.0031464689949934495
128,10,4,AB,A,6,stage.node_prune,4,0.000103201,0.000102097,0.003120525343817632
128,10,4,AB,A,6,stage.output_alloc,1,7.328e-06,7.041e-06,0.00022157934244334464
128,10,4,AB,A,6,stage.pivot_distance,2,0.000163118,0.000162517,0.004932256984262212
128,10,4,AB,A,6,stage.pivot_sort,2,0.001319368,0.00131878,0.03989419949246598
128,10,4,AB,A,6,stage.result_sort,1,0.004454712,0.004454192,0.13469871120830743
128,10,4,AB,A,6,stage.schedule,10,0.006671267,0.005278529,0.20172147313373148
128,10,4,AB,A,6,stage.threshold,2,2.207e-05,2.1354e-05,0.0006673384399187522
128,10,4,AB,A,7,stage.aggregate,1,2.5028e-05,2.4759e-05,0.0006963839453951292
128,10,4,AB,A,7,stage.alloc_init,1,0.004182692,0.003680492,0.11638003665225521
128,10,4,AB,A,7,stage.candidates,1,0.000214017,0.000213576,0.005954850680902563
128,10,4,AB,A,7,stage.cleanup,1,0.00203617,0.002035772,0.056654790558382614
128,10,4,AB,A,7,stage.delivery,1,4.3661e-05,4.3367e-05,0.0012148321655704305
128,10,4,AB,A,7,stage.leaf_distance,1,0.013711038,0.013710805,0.38149859109407624
128,10,4,AB,A,7,stage.node_plan,4,9.5655e-05,9.4501e-05,0.0026615233457236327
128,10,4,AB,A,7,stage.node_prune,4,0.000100486,9.9397e-05,0.0027959420304049442
128,10,4,AB,A,7,stage.output_alloc,1,6.9e-06,6.594e-06,0.00019198694355227708
128,10,4,AB,A,7,stage.pivot_distance,2,0.000159818,0.000159265,0.004446807151396785
128,10,4,AB,A,7,stage.pivot_sort,2,0.00217389,0.001783692,0.060486738654907196
128,10,4,AB,A,7,stage.result_sort,1,0.007476236,0.00736186,0.20802024621963794
128,10,4,AB,A,7,stage.schedule,10,0.005684503,0.004276842,0.15816671834547097
128,10,4,AB,A,7,stage.threshold,2,1.8977e-05,1.8387e-05,0.0005280197431581974
128,10,4,AB,B,0,stage.aggregate,1,2.5331e-05,2.506e-05,0.0008531535510348397
128,10,4,AB,B,0,stage.alloc_init,1,0.002101166,0.002100791,0.07076772469360348
128,10,4,AB,B,0,stage.candidates,1,0.00012365,0.000123365,0.0041645587061489055
128,10,4,AB,B,0,stage.cleanup,1,0.001916908,0.001916444,0.06456187545722998
128,10,4,AB,B,0,stage.delivery,1,4.143e-05,4.1144e-05,0.0013953713481257516
128,10,4,AB,B,0,stage.leaf_distance,1,0.017915822,0.017869809,0.6034087544513879
128,10,4,AB,B,0,stage.node_plan,4,9.3622e-05,9.1913e-05,0.003153209180647577
128,10,4,AB,B,0,stage.node_prune,4,6.0886e-05,5.9768e-05,0.0020506536302675477
128,10,4,AB,B,0,stage.output_alloc,1,5.59e-06,5.272e-06,0.00018827240733823198
128,10,4,AB,B,0,stage.pivot_distance,2,0.000138902,0.000138306,0.0046782493603032375
128,10,4,AB,B,0,stage.pivot_sort,2,0.001769109,0.001768507,0.05958397321533672
128,10,4,AB,B,0,stage.result_sort,1,0.005345162,0.005344951,0.18002621061768134
128,10,4,AB,B,0,stage.schedule,10,0.000121395,0.000118688,0.004088609819109959
128,10,4,AB,B,0,stage.threshold,2,2.1203e-05,2.0658e-05,0.0007141216194619915
128,10,4,AB,B,1,stage.aggregate,1,2.3189e-05,2.2919e-05,0.0007725476368284509
128,10,4,AB,B,1,stage.alloc_init,1,0.002083427,0.00208307,0.06940991872674929
128,10,4,AB,B,1,stage.candidates,1,0.000124868,0.000124579,0.004160010277092372
128,10,4,AB,B,1,stage.cleanup,1,0.002363228,0.002362907,0.07873156266707605
128,10,4,AB,B,1,stage.delivery,1,4.1219e-05,4.0932e-05,0.0013732218311454535
128,10,4,AB,B,1,stage.leaf_distance,1,0.017923712,0.01792362,0.5971331816289511
128,10,4,AB,B,1,stage.node_plan,4,9.2003e-05,9.0864e-05,0.003065104154173443
128,10,4,AB,B,1,stage.node_prune,4,6.4041e-05,6.2934e-05,0.0021335427664035027
128,10,4,AB,B,1,stage.output_alloc,1,5.827e-06,5.524e-06,0.00019412803828536737
128,10,4,AB,B,1,stage.pivot_distance,2,0.000136972,0.000136408,0.00456325822207368
128,10,4,AB,B,1,stage.pivot_sort,2,0.00176573,0.001765157,0.05882575957467337
128,10,4,AB,B,1,stage.result_sort,1,0.005241668,0.005241426,0.1746275486842603
128,10,4,AB,B,1,stage.schedule,10,0.000121348,0.000118591,0.0040427405508585475
128,10,4,AB,B,1,stage.threshold,2,2.0066e-05,1.9516e-05,0.0006685040700590666
128,10,4,AB,B,2,stage.aggregate,1,2.5249e-05,2.4979e-05,0.000838190465994262
128,10,4,AB,B,2,stage.alloc_init,1,0.002093799,0.002093481,0.06950779672495226
128,10,4,AB,B,2,stage.candidates,1,0.000124458,0.000124172,0.004131629332516688
128,10,4,AB,B,2,stage.cleanup,1,0.002410025,0.002409646,0.08000554389511748
128,10,4,AB,B,2,stage.delivery,1,3.991e-05,3.9627e-05,0.001324891342145471
128,10,4,AB,B,2,stage.leaf_distance,1,0.017932934,0.017932863,0.5953191930810862
128,10,4,AB,B,2,stage.node_plan,4,9.111e-05,8.9957e-05,0.0030245765518134263
128,10,4,AB,B,2,stage.node_prune,4,6.2166e-05,6.1073e-05,0.0020637232567230104
128,10,4,AB,B,2,stage.output_alloc,1,5.142e-06,4.867e-06,0.00017069885445532474
128,10,4,AB,B,2,stage.pivot_distance,2,0.000138606,0.000138032,0.004601300159594465
128,10,4,AB,B,2,stage.pivot_sort,2,0.001769171,0.001768558,0.05873112855612239
128,10,4,AB,B,2,stage.result_sort,1,0.005282116,0.005281862,0.17535028204981373
128,10,4,AB,B,2,stage.schedule,10,0.00011959,0.000116907,0.003970026449691227
128,10,4,AB,B,2,stage.threshold,2,2.0526e-05,1.9968e-05,0.0006814011447977432
128,10,4,AB,B,3,stage.aggregate,1,0.000709348,0.000709024,0.023694666859426814
128,10,4,AB,B,3,stage.alloc_init,1,0.002100718,0.002100397,0.07017121804192213
128,10,4,AB,B,3,stage.candidates,1,0.000124448,0.000124168,0.004156991915564643
128,10,4,AB,B,3,stage.cleanup,1,0.00135754,0.001357205,0.04534651264026441
128,10,4,AB,B,3,stage.delivery,1,4.1979e-05,4.169e-05,0.0014022432150254574
128,10,4,AB,B,3,stage.leaf_distance,1,0.017971061,0.017971028,0.6002953465794472
128,10,4,AB,B,3,stage.node_plan,4,8.9772e-05,8.8618e-05,0.002998694058916729
128,10,4,AB,B,3,stage.node_prune,4,6.1401e-05,6.0277e-05,0.0020510049225988735
128,10,4,AB,B,3,stage.output_alloc,1,4.799e-06,4.489e-06,0.00016030313225439316
128,10,4,AB,B,3,stage.pivot_distance,2,0.00013818,0.000137553,0.004615688021444478
128,10,4,AB,B,3,stage.pivot_sort,2,0.00178096,0.00176529,0.0594901992956416
128,10,4,AB,B,3,stage.result_sort,1,0.005405965,0.005405735,0.1805778542107982
128,10,4,AB,B,3,stage.schedule,10,0.000121621,0.00011888,0.004062560376726724
128,10,4,AB,B,3,stage.threshold,2,2.1274e-05,2.0711e-05,0.0007106248875974078
128,10,4,AB,B,4,stage.aggregate,1,0.000717556,0.000717227,0.018108586966887896
128,10,4,AB,B,4,stage.alloc_init,1,0.004190557,0.004190243,0.10575490397153789
128,10,4,AB,B,4,stage.candidates,1,0.000549334,0.000549016,0.01386325598680576
128,10,4,AB,B,4,stage.cleanup,1,0.001626079,0.001625731,0.04103650863003041
128,10,4,AB,B,4,stage.delivery,1,4.1027e-05,4.0727e-05,0.0010353770263094584
128,10,4,AB,B,4,stage.leaf_distance,1,0.01790207,0.017901982,0.451785214648494
128,10,4,AB,B,4,stage.node_plan,4,9.4523e-05,9.3354e-05,0.0023854277099921743
128,10,4,AB,B,4,stage.node_prune,4,0.001714454,0.001704929,0.04326678246677447
128,10,4,AB,B,4,stage.output_alloc,1,5.898e-06,5.607e-06,0.00014884475348363725
128,10,4,AB,B,4,stage.pivot_distance,2,0.002269733,0.000989576,0.057280069321579585
128,10,4,AB,B,4,stage.pivot_sort,2,0.00111739,0.001116782,0.02819898933453398
128,10,4,AB,B,4,stage.result_sort,1,0.004433974,0.004433723,0.11189789199438065
128,10,4,AB,B,4,stage.schedule,10,0.004523291,0.002432744,0.11415193859439725
128,10,4,AB,B,4,stage.threshold,2,0.000428156,0.000427499,0.010805149927524616
128,10,4,AB,B,5,stage.aggregate,1,0.000706496,0.000706171,0.0176537999513537
128,10,4,AB,B,5,stage.alloc_init,1,0.005255542,0.005255198,0.13132457523317517
128,10,4,AB,B,5,stage.candidates,1,0.000535974,0.000535541,0.01339282568496757
128,10,4,AB,B,5,stage.cleanup,1,0.001651574,0.001651253,0.0412692456869636
128,10,4,AB,B,5,stage.delivery,1,4.0619e-05,4.0334e-05,0.001014980552223984
128,10,4,AB,B,5,stage.leaf_distance,1,0.017904907,0.017904838,0.44740472178978014
128,10,4,AB,B,5,stage.node_plan,4,0.000100481,9.9314e-05,0.0025108018628725018
128,10,4,AB,B,5,stage.node_prune,4,0.000120029,0.000118846,0.0029992639085869317
128,10,4,AB,B,5,stage.output_alloc,1,5.557e-06,5.261e-06,0.00013885735563920037
128,10,4,AB,B,5,stage.pivot_distance,2,0.000705506,0.000192827,0.017629062002445507
128,10,4,AB,B,5,stage.pivot_sort,2,0.001114575,0.001113997,0.027850807479136538
128,10,4,AB,B,5,stage.result_sort,1,0.004419321,0.004419058,0.11042922940089736
128,10,4,AB,B,5,stage.schedule,10,0.007428289,0.003168508,0.1856168017750153
128,10,4,AB,B,5,stage.threshold,2,2.0636e-05,2.005e-05,0.0005156488016862586
128,10,4,AB,B,6,stage.aggregate,1,2.6172e-05,2.59e-05,0.0007160196399273694
128,10,4,AB,B,6,stage.alloc_init,1,0.00312445,0.00312406,0.08547942702013867
128,10,4,AB,B,6,stage.candidates,1,0.000126512,0.000126233,0.003461144608226019
128,10,4,AB,B,6,stage.cleanup,1,0.002546844,0.002546459,0.06967714824358785
128,10,4,AB,B,6,stage.delivery,1,4.1096e-05,4.0813e-05,0.0011243138897468734
128,10,4,AB,B,6,stage.leaf_distance,1,0.017906442,0.017906355,0.4898885890730676
128,10,4,AB,B,6,stage.node_plan,4,0.000101747,0.000100563,0.0027836180002938273
128,10,4,AB,B,6,stage.node_prune,4,6.1764e-05,6.0631e-05,0.001689753822423737
128,10,4,AB,B,6,stage.output_alloc,1,6.56e-06,6.27e-06,0.00017946999992066114
128,10,4,AB,B,6,stage.pivot_distance,2,0.00013796,0.000137402,0.003774341644672928
128,10,4,AB,B,6,stage.pivot_sort,2,0.001274846,0.001274224,0.03487753224372792
128,10,4,AB,B,6,stage.result_sort,1,0.004447508,0.004447212,0.12167595433035668
128,10,4,AB,B,6,stage.schedule,10,0.006720433,0.005295933,0.1838591631062208
128,10,4,AB,B,6,stage.threshold,2,2.0485e-05,1.9932e-05,0.0005604333762766377
128,10,4,AB,B,7,stage.aggregate,1,2.4135e-05,2.3867e-05,0.000816677422603276
128,10,4,AB,B,7,stage.alloc_init,1,0.00209237,0.00209201,0.07080138134379187
128,10,4,AB,B,7,stage.candidates,1,0.000123594,0.000123314,0.004182159907571133
128,10,4,AB,B,7,stage.cleanup,1,0.002040337,0.002040017,0.06904069452670812
128,10,4,AB,B,7,stage.delivery,1,4.0245e-05,3.9961e-05,0.0013618057954285826
128,10,4,AB,B,7,stage.leaf_distance,1,0.017896368,0.017896299,0.605575292819546
128,10,4,AB,B,7,stage.node_plan,4,9.37e-05,9.2233e-05,0.0031706100889963523
128,10,4,AB,B,7,stage.node_prune,4,6.2508e-05,6.1103e-05,0.0021151386920275775
128,10,4,AB,B,7,stage.output_alloc,1,5.548e-06,5.242e-06,0.00018773260164089395
128,10,4,AB,B,7,stage.pivot_distance,2,0.000138079,0.000137512,0.004672301712684389
128,10,4,AB,B,7,stage.pivot_sort,2,0.00176914,0.001768515,0.05986396086282824
128,10,4,AB,B,7,stage.result_sort,1,0.005118127,0.005117916,0.17318660728884347
128,10,4,AB,B,7,stage.schedule,10,0.000119923,0.000117215,0.0040579410213736344
128,10,4,AB,B,7,stage.threshold,2,2.035e-05,1.9794e-05,0.0006886010171939783
128,10,5,BA,B,0,stage.aggregate,1,2.6881e-05,2.6598e-05,0.0008986325080451862
128,10,5,BA,B,0,stage.alloc_init,1,0.002097801,0.002097462,0.07012954034484208
128,10,5,BA,B,0,stage.candidates,1,0.000216609,0.000216321,0.007241244333736087
128,10,5,BA,B,0,stage.cleanup,1,0.002214758,0.002214444,0.0740394158049604
128,10,5,BA,B,0,stage.delivery,1,3.9568e-05,3.9281e-05,0.001322759238061528
128,10,5,BA,B,0,stage.leaf_distance,1,0.017946518,0.017946389,0.5999525494221972
128,10,5,BA,B,0,stage.node_plan,4,9.8378e-05,9.7234e-05,0.003288779021482435
128,10,5,BA,B,0,stage.node_prune,4,9.8752e-05,9.7654e-05,0.0033012818509161952
128,10,5,BA,B,0,stage.output_alloc,1,5.714e-06,5.382e-06,0.0001910191641296899
128,10,5,BA,B,0,stage.pivot_distance,2,0.000160512,0.000159953,0.005365920208747775
128,10,5,BA,B,0,stage.pivot_sort,2,0.00171376,0.00171313,0.05729104002780843
128,10,5,BA,B,0,stage.result_sort,1,0.005130989,0.005130755,0.17152909169384556
128,10,5,BA,B,0,stage.schedule,10,0.000129125,0.000126293,0.004316652007043439
128,10,5,BA,B,0,stage.threshold,2,2.0858e-05,2.0289e-05,0.0006972834661212937
128,10,5,BA,B,1,stage.aggregate,1,2.587e-05,2.5598e-05,0.0008710945995603044
128,10,5,BA,B,1,stage.alloc_init,1,0.002083148,0.002082792,0.07014375619964626
128,10,5,BA,B,1,stage.candidates,1,0.000205094,0.000204812,0.006905924847399345
128,10,5,BA,B,1,stage.cleanup,1,0.002039858,0.002039523,0.06868609538731671
128,10,5,BA,B,1,stage.delivery,1,4.217e-05,4.1864e-05,0.001419948174080326
128,10,5,BA,B,1,stage.leaf_distance,1,0.017951975,0.017951922,0.6044788741376727
128,10,5,BA,B,1,stage.node_plan,4,9.9063e-05,9.7933e-05,0.0033356491811458223
128,10,5,BA,B,1,stage.node_prune,4,0.000100245,9.9031e-05,0.0033754494832981333
128,10,5,BA,B,1,stage.output_alloc,1,5.585e-06,5.271e-06,0.00018805811126959023
128,10,5,BA,B,1,stage.pivot_distance,2,0.000158499,0.000157932,0.005336978080236129
128,10,5,BA,B,1,stage.pivot_sort,2,0.001709459,0.001708731,0.05756090077579274
128,10,5,BA,B,1,stage.result_sort,1,0.005110625,0.005110365,0.17208495701112794
128,10,5,BA,B,1,stage.schedule,10,0.000136742,0.000134061,0.004604376410246429
128,10,5,BA,B,1,stage.threshold,2,2.1154e-05,2.0592e-05,0.000712297454932303
128,10,5,BA,B,2,stage.aggregate,1,2.3513e-05,2.3234e-05,0.0007773526778978198
128,10,5,BA,B,2,stage.alloc_init,1,0.002095206,0.002094926,0.06926865967114276
128,10,5,BA,B,2,stage.candidates,1,0.000212343,0.000211989,0.007020176059322791
128,10,5,BA,B,2,stage.cleanup,1,0.002556717,0.002556378,0.08452646648989412
128,10,5,BA,B,2,stage.delivery,1,3.8888e-05,3.8592e-05,0.0012856586117505388
128,10,5,BA,B,2,stage.leaf_distance,1,0.017956982,0.017956289,0.5936676751015587
128,10,5,BA,B,2,stage.node_plan,4,9.8876e-05,9.7714e-05,0.0032688947977639964
128,10,5,BA,B,2,stage.node_prune,4,0.000102321,0.000101159,0.003382788387495548
128,10,5,BA,B,2,stage.output_alloc,1,4.986e-06,4.694e-06,0.00016483989503672565
128,10,5,BA,B,2,stage.pivot_distance,2,0.000160979,0.000160424,0.005322054043946462
128,10,5,BA,B,2,stage.pivot_sort,2,0.001715465,0.001714846,0.05671421390677428
128,10,5,BA,B,2,stage.result_sort,1,0.00512811,0.005127867,0.1695381295902092
128,10,5,BA,B,2,stage.schedule,10,0.000124858,0.000122183,0.00412787397001514
128,10,5,BA,B,2,stage.threshold,2,2.0429e-05,1.9888e-05,0.0006753939461903867
128,10,5,BA,B,3,stage.aggregate,1,0.000710437,0.000709811,0.02115709021179664
128,10,5,BA,B,3,stage.alloc_init,1,0.002098612,0.002098265,0.06249748169585617
128,10,5,BA,B,3,stage.candidates,1,0.000222794,0.000222072,0.006634891984295611
128,10,5,BA,B,3,stage.cleanup,1,0.0013745,0.001374141,0.0409331446646423
128,10,5,BA,B,3,stage.delivery,1,4.5394e-05,4.5067e-05,0.0013518509777422861
128,10,5,BA,B,3,stage.leaf_distance,1,0.017908278,0.017908183,0.533315484953533
128,10,5,BA,B,3,stage.node_plan,4,0.000114719,0.000113381,0.0034163764443674786
128,10,5,BA,B,3,stage.node_prune,4,7.7831e-05,7.6679e-05,0.002317837455361058
128,10,5,BA,B,3,stage.output_alloc,1,4.829e-06,4.521e-06,0.00014380949842528748
128,10,5,BA,B,3,stage.pivot_distance,2,0.00015803,0.000157489,0.004706194871846797
128,10,5,BA,B,3,stage.pivot_sort,2,0.001713311,0.001699773,0.05102306803821241
128,10,5,BA,B,3,stage.result_sort,1,0.005183831,0.005183583,0.15437650363045277
128,10,5,BA,B,3,stage.schedule,10,0.002943458,0.002940732,0.08765732421120312
128,10,5,BA,B,3,stage.threshold,2,0.001014329,0.00101372,0.030207112182278617
128,10,5,BA,B,4,stage.aggregate,1,0.00070991,0.000709583,0.016748866447543274
128,10,5,BA,B,4,stage.alloc_init,1,0.005238554,0.005238265,0.12359290800840052
128,10,5,BA,B,4,stage.candidates,1,0.000535365,0.000534644,0.012630836142171548
128,10,5,BA,B,4,stage.cleanup,1,0.001555317,0.001554999,0.03669450594666037
128,10,5,BA,B,4,stage.delivery,1,4.4445e-05,4.4163e-05,0.0010485883693159143
128,10,5,BA,B,4,stage.leaf_distance,1,0.017912116,0.017912033,0.42259953892310714
128,10,5,BA,B,4,stage.node_plan,4,0.000103545,0.000102336,0.0024429313241268163
128,10,5,BA,B,4,stage.node_prune,4,0.000115175,0.000114018,0.002717317255843412
128,10,5,BA,B,4,stage.output_alloc,1,6.564e-06,6.269e-06,0.0001548640804632616
128,10,5,BA,B,4,stage.pivot_distance,2,0.001343893,0.000262695,0.0317063914817206
128,10,5,BA,B,4,stage.pivot_sort,2,0.001133599,0.001133021,0.02674493704282037
128,10,5,BA,B,4,stage.result_sort,1,0.00446059,0.004460382,0.1052384473908623
128,10,5,BA,B,4,stage.schedule,10,0.008774966,0.003259893,0.2070272761557564
128,10,5,BA,B,4,stage.threshold,2,0.000441903,0.000440984,0.010425792466324907
128,10,5,BA,B,5,stage.aggregate,1,2.6308e-05,2.6042e-05,0.0006480688224061345
128,10,5,BA,B,5,stage.alloc_init,1,0.005250691,0.005250391,0.1293450331909871
128,10,5,BA,B,5,stage.candidates,1,0.00058694,0.0005866,0.014458625308767547
128,10,5,BA,B,5,stage.cleanup,1,0.002442773,0.002442448,0.060175042630207565
128,10,5,BA,B,5,stage.delivery,1,4.3419e-05,4.3139e-05,0.001069579603164511
128,10,5,BA,B,5,stage.leaf_distance,1,0.017932538,0.017932386,0.44174847135522505
128,10,5,BA,B,5,stage.node_plan,4,0.000105455,0.000104288,0.0025977686508605337
128,10,5,BA,B,5,stage.node_prune,4,0.000154538,0.00015283,0.003806874702637951
128,10,5,BA,B,5,stage.output_alloc,1,6.235e-06,5.942e-06,0.00015359240944588144
128,10,5,BA,B,5,stage.pivot_distance,2,0.000879917,0.000218602,0.0216757934470556
128,10,5,BA,B,5,stage.pivot_sort,2,0.001370321,0.001369738,0.03375635992049554
128,10,5,BA,B,5,stage.result_sort,1,0.00443784,0.004437562,0.10932133734327354
128,10,5,BA,B,5,stage.schedule,10,0.007324639,0.003218722,0.18043447511327532
128,10,5,BA,B,5,stage.threshold,2,2.286e-05,2.231e-05,0.0005631311114567522
128,10,5,BA,B,6,stage.aggregate,1,2.7311e-05,2.7016e-05,0.0009092920955778493
128,10,5,BA,B,6,stage.alloc_init,1,0.002067155,0.002066811,0.06882383295500821
128,10,5,BA,B,6,stage.candidates,1,0.000218296,0.000217962,0.007267944319001947
128,10,5,BA,B,6,stage.cleanup,1,0.002075865,0.002075403,0.06911382358707892
128,10,5,BA,B,6,stage.delivery,1,4.3049e-05,4.2761e-05,0.0014332728725616358
128,10,5,BA,B,6,stage.leaf_distance,1,0.017947003,0.01794693,0.5975272954930961
128,10,5,BA,B,6,stage.node_plan,4,0.000102032,0.000100877,0.003397052143678339
128,10,5,BA,B,6,stage.node_prune,4,0.00010104,9.9929e-05,0.0033640245079706306
128,10,5,BA,B,6,stage.output_alloc,1,6.365e-06,6.085e-06,0.00021191623112859327
128,10,5,BA,B,6,stage.pivot_distance,2,0.000160766,0.000160202,0.005352541211880507
128,10,5,BA,B,6,stage.pivot_sort,2,0.001701437,0.001700853,0.056647622394774604
128,10,5,BA,B,6,stage.result_sort,1,0.005420566,0.005420348,0.18047225723547436
128,10,5,BA,B,6,stage.schedule,10,0.000134399,0.000131644,0.004474678640605154
128,10,5,BA,B,6,stage.threshold,2,2.1278e-05,2.0727e-05,0.0007084294683353036
128,10,5,BA,B,7,stage.aggregate,1,2.4471e-05,2.418e-05,0.0008244715250728661
128,10,5,BA,B,7,stage.alloc_init,1,0.002091776,0.002091456,0.07047565480899103
128,10,5,BA,B,7,stage.candidates,1,0.000222048,0.000221703,0.007481192153952832
128,10,5,BA,B,7,stage.cleanup,1,0.001982141,0.001981796,0.06678185661311167
128,10,5,BA,B,7,stage.delivery,1,4.3177e-05,4.2854e-05,0.0014547099439365426
128,10,5,BA,B,7,stage.leaf_distance,1,0.017944918,0.017944804,0.6045962122826009
128,10,5,BA,B,7,stage.node_plan,4,9.7328e-05,9.6136e-05,0.0032791534711410202
128,10,5,BA,B,7,stage.node_prune,4,0.000101017,9.9898e-05,0.003403442444047473
128,10,5,BA,B,7,stage.output_alloc,1,5.045e-06,4.753e-06,0.00016997502529494542
128,10,5,BA,B,7,stage.pivot_distance,2,0.000160512,0.000159956,0.005407934838482117
128,10,5,BA,B,7,stage.pivot_sort,2,0.001719173,0.001718539,0.05792199686053264
128,10,5,BA,B,7,stage.result_sort,1,0.005131967,0.005131713,0.17290509824337466
128,10,5,BA,B,7,stage.schedule,10,0.000127739,0.000125047,0.004303754163756399
128,10,5,BA,B,7,stage.threshold,2,2.1244e-05,2.0679e-05,0.0007157481540863865
128,10,5,BA,A,0,stage.aggregate,1,2.5995e-05,2.5703e-05,0.0009931202497276226
128,10,5,BA,A,0,stage.alloc_init,1,0.002077448,0.002077074,0.0793674043683843
128,10,5,BA,A,0,stage.candidates,1,0.000231655,0.000231374,0.008850212404333618
128,10,5,BA,A,0,stage.cleanup,1,0.00248734,0.002486962,0.0950270329662437
128,10,5,BA,A,0,stage.delivery,1,4.7253e-05,4.697e-05,0.001805266826712035
128,10,5,BA,A,0,stage.leaf_distance,1,0.013729534,0.013729383,0.5245269565194801
128,10,5,BA,A,0,stage.node_plan,4,9.9691e-05,9.8564e-05,0.003808622843454373
128,10,5,BA,A,0,stage.node_prune,4,0.00010756,0.000106475,0.004109252320088597
128,10,5,BA,A,0,stage.output_alloc,1,7.314e-06,7.01e-06,0.0002794261014236519
128,10,5,BA,A,0,stage.pivot_distance,2,0.000162814,0.000162194,0.006220191588349804
128,10,5,BA,A,0,stage.pivot_sort,2,0.001702209,0.001701598,0.06503166867353748
128,10,5,BA,A,0,stage.result_sort,1,0.005325816,0.005325453,0.20346896387472083
128,10,5,BA,A,0,stage.schedule,10,0.000130817,0.00012814,0.004997769252110729
128,10,5,BA,A,0,stage.threshold,2,2.6937e-05,2.6397e-05,0.0010291086811661076
128,10,5,BA,A,1,stage.aggregate,1,2.538e-05,2.51e-05,0.0009815634689458535
128,10,5,BA,A,1,stage.alloc_init,1,0.002060037,0.002059604,0.07967127911256143
128,10,5,BA,A,1,stage.candidates,1,0.000234157,0.000233786,0.00905594788014004
128,10,5,BA,A,1,stage.cleanup,1,0.002078409,0.002078131,0.08038181039906549
128,10,5,BA,A,1,stage.delivery,1,4.5638e-05,4.5356e-05,0.0017650352086584263
128,10,5,BA,A,1,stage.leaf_distance,1,0.013737078,0.013736857,0.531277144793529
128,10,5,BA,A,1,stage.node_plan,4,9.4111e-05,9.3008e-05,0.003639713145231017
128,10,5,BA,A,1,stage.node_prune,4,0.000103387,0.000102296,0.0039984595100041355
128,10,5,BA,A,1,stage.output_alloc,1,7.636e-06,7.341e-06,0.0002953198837222434
128,10,5,BA,A,1,stage.pivot_distance,2,0.000168108,0.000167563,0.006501523705183197
128,10,5,BA,A,1,stage.pivot_sort,2,0.001722709,0.001722003,0.06662522545406786
128,10,5,BA,A,1,stage.result_sort,1,0.005419468,0.00541916,0.20959621000476938
128,10,5,BA,A,1,stage.schedule,10,0.000125944,0.000123252,0.004870844347238636
128,10,5,BA,A,1,stage.threshold,2,2.2936e-05,2.2403e-05,0.0008870425423066231
128,10,5,BA,A,2,stage.aggregate,1,2.5739e-05,2.5453e-05,0.001002536703363766
128,10,5,BA,A,2,stage.alloc_init,1,0.002064822,0.002064395,0.080425029756905
128,10,5,BA,A,2,stage.candidates,1,0.000227776,0.000227421,0.008871898680810644
128,10,5,BA,A,2,stage.cleanup,1,0.001942003,0.001941657,0.0756412170458271
128,10,5,BA,A,2,stage.delivery,1,4.617e-05,4.5881e-05,0.0017983262595401947
128,10,5,BA,A,2,stage.leaf_distance,1,0.013731302,0.013731172,0.534835628422716
128,10,5,BA,A,2,stage.node_plan,4,8.5658e-05,8.4469e-05,0.0033363879302511154
128,10,5,BA,A,2,stage.node_prune,4,0.00010197,0.000100869,0.003971742011810995
128,10,5,BA,A,2,stage.output_alloc,1,6.67e-06,6.38e-06,0.0002597971875922265
128,10,5,BA,A,2,stage.pivot_distance,2,0.000161526,0.000160978,0.006291454351277659
128,10,5,BA,A,2,stage.pivot_sort,2,0.001745355,0.001744761,0.06798175717391763
128,10,5,BA,A,2,stage.result_sort,1,0.005381985,0.005381712,0.20962887056425028
128,10,5,BA,A,2,stage.schedule,10,0.000121258,0.000118525,0.004723011600158651
128,10,5,BA,A,2,stage.threshold,2,2.0949e-05,2.0408e-05,0.0008159657095756452
128,10,5,BA,A,3,stage.aggregate,1,0.000707088,0.000706687,0.02704764287324975
128,10,5,BA,A,3,stage.alloc_init,1,0.002071511,0.00207116,0.07923976893400603
128,10,5,BA,A,3,stage.candidates,1,0.00023429,0.000234014,0.008962098421658526
128,10,5,BA,A,3,stage.cleanup,1,0.001783817,0.001783475,0.06823485219269984
128,10,5,BA,A,3,stage.delivery,1,4.571e-05,4.5434e-05,0.0017485062053609255
128,10,5,BA,A,3,stage.leaf_distance,1,0.013735631,0.013735472,0.5254175462272564
128,10,5,BA,A,3,stage.node_plan,4,0.000100372,9.9247e-05,0.0038394457415114156
128,10,5,BA,A,3,stage.node_prune,4,0.000108939,0.00010785,0.004167151990938828
128,10,5,BA,A,3,stage.output_alloc,1,6.949e-06,6.593e-06,0.00026581425554699346
128,10,5,BA,A,3,stage.pivot_distance,2,0.000164429,0.000163866,0.006289764315057791
128,10,5,BA,A,3,stage.pivot_sort,2,0.001703979,0.001703363,0.06518087629194277
128,10,5,BA,A,3,stage.result_sort,1,0.005314454,0.005293575,0.20328934143743582
128,10,5,BA,A,3,stage.schedule,10,0.000132655,0.000130007,0.005074340202847376
128,10,5,BA,A,3,stage.threshold,2,2.1692e-05,2.1167e-05,0.0008297658413189497
128,10,5,BA,A,4,stage.aggregate,1,0.000708184,0.000707844,0.02028581415797919
128,10,5,BA,A,4,stage.alloc_init,1,0.004172008,0.004171692,0.11950648271297068
128,10,5,BA,A,4,stage.candidates,1,0.000596569,0.00059589,0.017088620847705523
128,10,5,BA,A,4,stage.cleanup,1,0.001777577,0.001777202,0.05091840068894266
128,10,5,BA,A,4,stage.delivery,1,4.7025e-05,4.6738e-05,0.0013470233876774556
128,10,5,BA,A,4,stage.leaf_distance,1,0.01368387,0.013672358,0.39197220465577687
128,10,5,BA,A,4,stage.node_plan,4,9.1364e-05,9.025e-05,0.002617106747299587
128,10,5,BA,A,4,stage.node_prune,4,0.00171081,0.00170951,0.04900587095954212
128,10,5,BA,A,4,stage.output_alloc,1,6.667e-06,6.38e-06,0.00019097511803605735
128,10,5,BA,A,4,stage.pivot_distance,2,0.002387907,0.001111516,0.06840120311746327
128,10,5,BA,A,4,stage.pivot_sort,2,0.00117457,0.001173947,0.03364536439052226
128,10,5,BA,A,4,stage.result_sort,1,0.004499194,0.00449892,0.1288786718489757
128,10,5,BA,A,4,stage.schedule,10,0.003610808,0.002314796,0.1034310010507785
128,10,5,BA,A,4,stage.threshold,2,0.000430838,0.000429931,0.012341283621481758
128,10,5,BA,A,5,stage.aggregate,1,0.000707694,0.00070732,0.019827320143921173
128,10,5,BA,A,5,stage.alloc_init,1,0.005229406,0.005228996,0.14651121377960283
128,10,5,BA,A,5,stage.candidates,1,0.000575105,0.000574725,0.016112600857672646
128,10,5,BA,A,5,stage.cleanup,1,0.001676785,0.001676412,0.046978147345498
128,10,5,BA,A,5,stage.delivery,1,4.3498e-05,4.3217e-05,0.0012186746978500357
128,10,5,BA,A,5,stage.leaf_distance,1,0.013701961,0.013701791,0.38388507935141786
128,10,5,BA,A,5,stage.node_plan,4,0.000106413,0.000105275,0.0029813515707001665
128,10,5,BA,A,5,stage.node_prune,4,0.000172554,0.000171458,0.004834410635266335
128,10,5,BA,A,5,stage.output_alloc,1,7.226e-06,6.922e-06,0.00020244938541230304
128,10,5,BA,A,5,stage.pivot_distance,2,0.000164128,0.0001635,0.004598341091745153
128,10,5,BA,A,5,stage.pivot_sort,2,0.001163566,0.001162994,0.03259939407509712
128,10,5,BA,A,5,stage.result_sort,1,0.004496067,0.004495696,0.1259654028400965
128,10,5,BA,A,5,stage.schedule,10,0.007613266,0.003446889,0.2132993388707975
128,10,5,BA,A,5,stage.threshold,2,2.2096e-05,2.1571e-05,0.0006190591779781688
128,10,5,BA,A,6,stage.aggregate,1,2.7063e-05,2.6781e-05,0.0008310742095559317
128,10,5,BA,A,6,stage.alloc_init,1,0.003110526,0.00310004,0.09552074554754365
128,10,5,BA,A,6,stage.candidates,1,0.000590072,0.000589313,0.01812044566312263
128,10,5,BA,A,6,stage.cleanup,1,0.002156545,0.002156273,0.06622506489475656
128,10,5,BA,A,6,stage.delivery,1,4.6639e-05,4.6359e-05,0.001432231092616454
128,10,5,BA,A,6,stage.leaf_distance,1,0.013709771,0.013709609,0.42101160614188504
128,10,5,BA,A,6,stage.node_plan,4,0.000105203,0.000104032,0.003230665486749905
128,10,5,BA,A,6,stage.node_prune,4,0.000107162,0.000106053,0.0032908241674771
128,10,5,BA,A,6,stage.output_alloc,1,8.357e-06,8.058e-06,0.0002566340453482216
128,10,5,BA,A,6,stage.pivot_distance,2,0.000163327,0.000162752,0.0050155879770957265
128,10,5,BA,A,6,stage.pivot_sort,2,0.001342142,0.001341298,0.041215667212127896
128,10,5,BA,A,6,stage.result_sort,1,0.004479516,0.004479173,0.1375608845616949
128,10,5,BA,A,6,stage.schedule,10,0.006681468,0.005285131,0.20518034721846254
128,10,5,BA,A,6,stage.threshold,2,2.3574e-05,2.3027e-05,0.0007239309542944808
128,10,5,BA,A,7,stage.aggregate,1,2.6001e-05,2.5734e-05,0.0010191924989689893
128,10,5,BA,A,7,stage.alloc_init,1,0.002073212,0.002072855,0.08126618665330165
128,10,5,BA,A,7,stage.candidates,1,0.000217336,0.00021706,0.008519180837503335
128,10,5,BA,A,7,stage.cleanup,1,0.001993865,0.001993586,0.0781559267703859
128,10,5,BA,A,7,stage.delivery,1,4.6482e-05,4.6199e-05,0.0018220109125447698
128,10,5,BA,A,7,stage.leaf_distance,1,0.01373254,0.013732326,0.5382909026495751
128,10,5,BA,A,7,stage.node_plan,4,0.000102353,0.000101109,0.0040120537612773725
128,10,5,BA,A,7,stage.node_prune,4,0.000114713,0.000113646,0.004496543561179557
128,10,5,BA,A,7,stage.output_alloc,1,7.315e-06,7.007e-06,0.0002867348613498772
128,10,5,BA,A,7,stage.pivot_distance,2,0.000162834,0.000162209,0.006382800329876404
128,10,5,BA,A,7,stage.pivot_sort,2,0.001704814,0.001704172,0.06682564674194524
128,10,5,BA,A,7,stage.result_sort,1,0.005167636,0.0051673,0.2025620494827934
128,10,5,BA,A,7,stage.schedule,10,0.000132035,0.000129357,0.005175534848712376
128,10,5,BA,A,7,stage.threshold,2,1.9804e-05,1.9264e-05,0.0007762812295520119
128,100,0,AB,A,0,stage.aggregate,1,0.000824341,0.000824071,0.024281369222021856
128,100,0,AB,A,0,stage.alloc_init,1,0.004737877,0.004737643,0.13955649514645668
128,100,0,AB,A,0,stage.candidates,1,0.000238151,0.000237852,0.007014854728314771
128,100,0,AB,A,0,stage.cleanup,1,0.001816802,0.001578269,0.053514795655326804
128,100,0,AB,A,0,stage.delivery,1,6.0534e-05,6.0254e-05,0.0017830587153688474
128,100,0,AB,A,0,stage.leaf_distance,1,0.014926522,0.014926386,0.43966804014677435
128,100,0,AB,A,0,stage.node_plan,4,0.00010364,0.000102498,0.0030527671269175564
128,100,0,AB,A,0,stage.node_prune,4,0.000145141,0.000143991,0.004275199474796806
128,100,0,AB,A,0,stage.output_alloc,1,8.166e-06,7.866e-06,0.00024053354263227288
128,100,0,AB,A,0,stage.pivot_distance,2,0.000870378,0.000262684,0.02563741167881367
128,100,0,AB,A,0,stage.pivot_sort,2,0.001313573,0.001312959,0.038691938182231524
128,100,0,AB,A,0,stage.result_sort,1,0.004843347,0.004843055,0.14266316582260483
128,100,0,AB,A,0,stage.schedule,10,0.003997337,0.003242179,0.11774352555780822
128,100,0,AB,A,0,stage.threshold,2,5.0337e-05,4.9767e-05,0.0014827010697380262
128,100,0,AB,A,1,stage.aggregate,1,0.000824875,0.000824595,0.024840805781984953
128,100,0,AB,A,1,stage.alloc_init,1,0.003673285,0.003310482,0.11061962026595376
128,100,0,AB,A,1,stage.candidates,1,0.000234843,0.000234566,0.007072210155791717
128,100,0,AB,A,1,stage.cleanup,1,0.001410401,0.001410063,0.042473704883427624
128,100,0,AB,A,1,stage.delivery,1,5.8088e-05,5.7807e-05,0.0017492986528430876
128,100,0,AB,A,1,stage.leaf_distance,1,0.014917495,0.014917239,0.4492348489755801
128,100,0,AB,A,1,stage.node_plan,4,0.000107137,0.000105979,0.0032263911611632333
128,100,0,AB,A,1,stage.node_prune,4,9.9123e-05,9.7972e-05,0.002985052512838545
128,100,0,AB,A,1,stage.output_alloc,1,9.09e-06,8.776e-06,0.0002737419906752456
128,100,0,AB,A,1,stage.pivot_distance,2,0.00016102,0.00016046,0.004849057793017387
128,100,0,AB,A,1,stage.pivot_sort,2,0.002037311,0.00119843,0.06135286785088837
128,100,0,AB,A,1,stage.result_sort,1,0.004825674,0.004825457,0.14532338912098738
128,100,0,AB,A,1,stage.schedule,10,0.004812647,0.004106886,0.1449310858302804
128,100,0,AB,A,1,stage.threshold,2,2.2129e-05,2.1579e-05,0.000666406656947471
128,100,0,AB,A,2,stage.aggregate,1,0.000825031,0.000824753,0.025459186230313232
128,100,0,AB,A,2,stage.alloc_init,1,0.002638092,0.002637712,0.08140745683580312
128,100,0,AB,A,2,stage.candidates,1,0.000234342,0.000233647,0.007231433266851867
128,100,0,AB,A,2,stage.cleanup,1,0.001386572,0.001386236,0.04278747679752382
128,100,0,AB,A,2,stage.delivery,1,6.2597e-05,6.2314e-05,0.00193164702957697
128,100,0,AB,A,2,stage.leaf_distance,1,0.014918076,0.014917912,0.46034885365757927
128,100,0,AB,A,2,stage.node_plan,4,0.000106538,0.000105424,0.0032875986267244636
128,100,0,AB,A,2,stage.node_prune,4,0.000101409,0.000100256,0.0031293255846505576
128,100,0,AB,A,2,stage.output_alloc,1,8.665e-06,8.357e-06,0.00026738855713987
128,100,0,AB,A,2,stage.pivot_distance,2,0.00015903,0.00015849,0.004907420916555515
128,100,0,AB,A,2,stage.pivot_sort,2,0.001360108,0.001359508,0.0419708385082971
128,100,0,AB,A,2,stage.result_sort,1,0.004821192,0.004820926,0.1487745611741817
128,100,0,AB,A,2,stage.schedule,10,0.00575002,0.005047506,0.17743676299196717
128,100,0,AB,A,2,stage.threshold,2,2.1917e-05,2.1375e-05,0.0006763248709560914
128,100,0,AB,A,3,stage.aggregate,1,0.000827444,0.000827167,0.025497000209721243
128,100,0,AB,A,3,stage.alloc_init,1,0.002640803,0.00264053,0.08137415298779434
128,100,0,AB,A,3,stage.candidates,1,0.000236887,0.000236613,0.007299476325503884
128,100,0,AB,A,3,stage.cleanup,1,0.00138158,0.001381248,0.042572241202723904
128,100,0,AB,A,3,stage.delivery,1,5.9922e-05,5.9641e-05,0.0018464467040269993
128,100,0,AB,A,3,stage.leaf_distance,1,0.014932824,0.014932752,0.4601425796304408
128,100,0,AB,A,3,stage.node_plan,4,0.000104944,0.000103795,0.003233762272744725
128,100,0,AB,A,3,stage.node_prune,4,0.000101468,0.000100352,0.003126652217285998
128,100,0,AB,A,3,stage.output_alloc,1,8.343e-06,8.023e-06,0.0002570826216030382
128,100,0,AB,A,3,stage.pivot_distance,2,0.000162176,0.000161603,0.004997318859054815
128,100,0,AB,A,3,stage.pivot_sort,2,0.001348758,0.001348107,0.04156085850989699
128,100,0,AB,A,3,stage.result_sort,1,0.004818097,0.004817797,0.1484656607812218
128,100,0,AB,A,3,stage.schedule,10,0.005795096,0.00504248,0.1785710742084718
128,100,0,AB,A,3,stage.threshold,2,2.1837e-05,2.1291e-05,0.0006728890336744032
128,100,0,AB,A,4,stage.aggregate,1,0.000823565,0.000823296,0.025417448251953044
128,100,0,AB,A,4,stage.alloc_init,1,0.002642245,0.002641838,0.08154684275859425
128,100,0,AB,A,4,stage.candidates,1,0.000233166,0.000232889,0.007196134778815131
128,100,0,AB,A,4,stage.cleanup,1,0.001387966,0.001376501,0.042836392975017464
128,100,0,AB,A,4,stage.delivery,1,6.1045e-05,6.075e-05,0.0018840141683297293
128,100,0,AB,A,4,stage.leaf_distance,1,0.014916158,0.014916071,0.46035306755745503
128,100,0,AB,A,4,stage.node_plan,4,0.000106715,0.000105385,0.0032935141612467373
128,100,0,AB,A,4,stage.node_prune,4,0.000100201,9.9066e-05,0.003092474464424723
128,100,0,AB,A,4,stage.output_alloc,1,7.788e-06,7.479e-06,0.00024035879012125372
128,100,0,AB,A,4,stage.pivot_distance,2,0.000159521,0.000158956,0.00492325045697644
128,100,0,AB,A,4,stage.pivot_sort,2,0.001329185,0.001328523,0.04102225198347697
128,100,0,AB,A,4,stage.result_sort,1,0.004846553,0.004846248,0.1495777626269302
128,100,0,AB,A,4,stage.schedule,10,0.005752251,0.005052375,0.17753005788826037
128,100,0,AB,A,4,stage.threshold,2,2.3112e-05,2.2559e-05,0.0007132989672935819
128,100,0,AB,A,5,stage.aggregate,1,0.000828377,0.000828048,0.02198807557058039
128,100,0,AB,A,5,stage.alloc_init,1,0.00366181,0.003661568,0.09719747772464347
128,100,0,AB,A,5,stage.candidates,1,0.000162287,0.00016161,0.00430767491145068
128,100,0,AB,A,5,stage.cleanup,1,0.00148608,0.001485724,0.03944585538218481
128,100,0,AB,A,5,stage.delivery,1,5.4359e-05,5.4081e-05,0.0014428814415914245
128,100,0,AB,A,5,stage.leaf_distance,1,0.014902035,0.014901882,0.3955530775666562
128,100,0,AB,A,5,stage.node_plan,4,0.000110264,0.000109118,0.002926799228750287
128,100,0,AB,A,5,stage.node_prune,4,0.000735127,0.000733914,0.019512888491561273
128,100,0,AB,A,5,stage.output_alloc,1,8.535e-06,8.217e-06,0.00022654929457831838
128,100,0,AB,A,5,stage.pivot_distance,2,0.001525795,0.000258501,0.04050003291401585
128,100,0,AB,A,5,stage.pivot_sort,2,0.001258263,0.001257632,0.03339878090732262
128,100,0,AB,A,5,stage.result_sort,1,0.004828911,0.004828658,0.12817649450866805
128,100,0,AB,A,5,stage.schedule,10,0.007666827,0.003623602,0.20350489144745226
128,100,0,AB,A,5,stage.threshold,2,0.000432835,0.000432228,0.011488982298629928
128,100,0,AB,A,6,stage.aggregate,1,8.7401e-05,8.7124e-05,0.002617687204573868
128,100,0,AB,A,6,stage.alloc_init,1,0.003658673,0.003658333,0.10957839724739861
128,100,0,AB,A,6,stage.candidates,1,0.000242205,0.00024193,0.007254115277672037
128,100,0,AB,A,6,stage.cleanup,1,0.002076109,0.002075797,0.0621801119506716
128,100,0,AB,A,6,stage.delivery,1,5.993e-05,5.9643e-05,0.0017949221881913466
128,100,0,AB,A,6,stage.leaf_distance,1,0.014944929,0.014944789,0.44760528388193416
128,100,0,AB,A,6,stage.node_plan,4,0.000101673,0.000100546,0.003045138055063888
128,100,0,AB,A,6,stage.node_prune,4,0.001729126,0.001727993,0.05178786289969216
128,100,0,AB,A,6,stage.output_alloc,1,9.048e-06,8.735e-06,0.0002709904214709712
128,100,0,AB,A,6,stage.pivot_distance,2,0.00128413,0.000622147,0.03846009393496003
128,100,0,AB,A,6,stage.pivot_sort,2,0.001125668,0.001125034,0.03371410762117432
128,100,0,AB,A,6,stage.result_sort,1,0.004801566,0.004801333,0.14380839898990777
128,100,0,AB,A,6,stage.schedule,10,0.002852375,0.002300153,0.08542952071654084
128,100,0,AB,A,6,stage.threshold,2,0.000403395,0.00040251,0.012081806042139969
128,100,0,AB,A,7,stage.aggregate,1,8.7167e-05,8.6885e-05,0.0032392527856507426
128,100,0,AB,A,7,stage.alloc_init,1,0.001590415,0.001590115,0.05910213979018121
128,100,0,AB,A,7,stage.candidates,1,0.0002375,0.000237152,0.008825846210057147
128,100,0,AB,A,7,stage.cleanup,1,0.002245246,0.002244907,0.08343661431471987
128,100,0,AB,A,7,stage.delivery,1,5.7466e-05,5.7193e-05,0.0021355203297142907
128,100,0,AB,A,7,stage.leaf_distance,1,0.014955734,0.014955568,0.5557768768106224
128,100,0,AB,A,7,stage.node_plan,4,9.8975e-05,9.7871e-05,0.0036780552784859205
128,100,0,AB,A,7,stage.node_prune,4,0.000101369,0.00010021,0.0037670198082832966
128,100,0,AB,A,7,stage.output_alloc,1,8.376e-06,8.065e-06,0.0003112643699176365
128,100,0,AB,A,7,stage.pivot_distance,2,0.000160235,0.000159683,0.0059545661788147665
128,100,0,AB,A,7,stage.pivot_sort,2,0.00170914,0.001708571,0.06351413385876663
128,100,0,AB,A,7,stage.result_sort,1,0.005488752,0.005488536,0.20397002541955195
128,100,0,AB,A,7,stage.schedule,10,0.000136291,0.000133611,0.005064772235010099
128,100,0,AB,A,7,stage.threshold,2,2.1678e-05,2.1131e-05,0.0008055860805962899
128,100,0,AB,B,0,stage.aggregate,1,0.000826944,0.000826678,0.021558907930607215
128,100,0,AB,B,0,stage.alloc_init,1,0.004728615,0.004728285,0.12327772548599208
128,100,0,AB,B,0,stage.candidates,1,0.000244251,0.000243516,0.006367764710740682
128,100,0,AB,B,0,stage.cleanup,1,0.001693118,0.00169279,0.044140564630318166
128,100,0,AB,B,0,stage.delivery,1,6.0951e-05,6.0673e-05,0.0015890277906102956
128,100,0,AB,B,0,stage.leaf_distance,1,0.019493517,0.019493432,0.5082072525427678
128,100,0,AB,B,0,stage.node_plan,4,0.000103847,0.000102664,0.0027073512981166405
128,100,0,AB,B,0,stage.node_prune,4,0.000137809,0.000136672,0.0035927602631001003
128,100,0,AB,B,0,stage.output_alloc,1,8.518e-06,8.216e-06,0.0002220691821367738
128,100,0,AB,B,0,stage.pivot_distance,2,0.000872323,0.000264831,0.022741964682918163
128,100,0,AB,B,0,stage.pivot_sort,2,0.001305914,0.001305324,0.034045932604010655
128,100,0,AB,B,0,stage.result_sort,1,0.004826513,0.004826232,0.12582998291647177
128,100,0,AB,B,0,stage.schedule,10,0.003992329,0.0032384,0.10408232400222164
128,100,0,AB,B,0,stage.threshold,2,4.965e-05,4.8765e-05,0.00129440419031355
128,100,0,AB,B,1,stage.aggregate,1,0.000825004,0.000824679,0.02228824373246143
128,100,0,AB,B,1,stage.alloc_init,1,0.002620247,0.00261984,0.0707883886323592
128,100,0,AB,B,1,stage.candidates,1,0.000240406,0.000240076,0.006494789749802574
128,100,0,AB,B,1,stage.cleanup,1,0.001494705,0.001494376,0.040380833727022857
128,100,0,AB,B,1,stage.delivery,1,6.0019e-05,5.9729e-05,0.0016214686238837663
128,100,0,AB,B,1,stage.leaf_distance,1,0.019484194,0.019484119,0.5263834657802419
128,100,0,AB,B,1,stage.node_plan,4,0.000107539,0.000106364,0.002905265238405111
128,100,0,AB,B,1,stage.node_prune,4,0.000106234,0.000105127,0.0028700094601654146
128,100,0,AB,B,1,stage.output_alloc,1,8.445e-06,8.12e-06,0.00022814946148217073
128,100,0,AB,B,1,stage.pivot_distance,2,0.000164123,0.000163573,0.004433934170140711
128,100,0,AB,B,1,stage.pivot_sort,2,0.00124056,0.001239901,0.033514872224549644
128,100,0,AB,B,1,stage.result_sort,1,0.004814342,0.004814016,0.13006388806287708
128,100,0,AB,B,1,stage.schedule,10,0.005815373,0.005062281,0.15710766350123812
128,100,0,AB,B,1,stage.threshold,2,2.1777e-05,2.1216e-05,0.0005883257338895479
128,100,0,AB,B,2,stage.aggregate,1,0.000825265,0.000824982,0.022172949300085055
128,100,0,AB,B,2,stage.alloc_init,1,0.002642884,0.002642458,0.07100814034038277
128,100,0,AB,B,2,stage.candidates,1,0.000237091,0.000236821,0.006370083212672858
128,100,0,AB,B,2,stage.cleanup,1,0.001807859,0.001807537,0.048572962561967935
128,100,0,AB,B,2,stage.delivery,1,5.9252e-05,5.8956e-05,0.001591963298975044
128,100,0,AB,B,2,stage.leaf_distance,1,0.019474263,0.019474184,0.5232281099471349
128,100,0,AB,B,2,stage.node_plan,4,0.000107118,0.000105907,0.0028780112850133118
128,100,0,AB,B,2,stage.node_prune,4,0.000108652,0.000107553,0.002919226293799981
128,100,0,AB,B,2,stage.output_alloc,1,8.242e-06,7.944e-06,0.00022144335229447635
128,100,0,AB,B,2,stage.pivot_distance,2,0.000164276,0.000163647,0.004413713678904077
128,100,0,AB,B,2,stage.pivot_sort,2,0.001149937,0.001149292,0.030896130090688333
128,100,0,AB,B,2,stage.result_sort,1,0.004825865,0.004825658,0.12965975774333696
128,100,0,AB,B,2,stage.schedule,10,0.005774498,0.005071238,0.15514731799778564
128,100,0,AB,B,2,stage.threshold,2,2.2172e-05,2.1613e-05,0.0005957100226975406
128,100,0,AB,B,3,stage.aggregate,1,0.000825209,0.00082488,0.022067387911888437
128,100,0,AB,B,3,stage.alloc_init,1,0.002647922,0.002647359,0.07080960330585762
128,100,0,AB,B,3,stage.candidates,1,0.000224459,0.000224171,0.006002387059901875
128,100,0,AB,B,3,stage.cleanup,1,0.001771981,0.001771657,0.04738556183887474
128,100,0,AB,B,3,stage.delivery,1,5.8406e-05,5.8123e-05,0.0015618683974384139
128,100,0,AB,B,3,stage.leaf_distance,1,0.019479657,0.019479548,0.5209166979632227
128,100,0,AB,B,3,stage.node_plan,4,9.9827e-05,9.867e-05,0.0026695311528110903
128,100,0,AB,B,3,stage.node_prune,4,0.000104044,0.000102912,0.002782300372274806
128,100,0,AB,B,3,stage.output_alloc,1,7.431e-06,7.142e-06,0.00019871663975216337
128,100,0,AB,B,3,stage.pivot_distance,2,0.000161915,0.00016135,0.004329862027381446
128,100,0,AB,B,3,stage.pivot_sort,2,0.001351436,0.001350864,0.036139526410995104
128,100,0,AB,B,3,stage.result_sort,1,0.004823954,0.004823715,0.12900012504360214
128,100,0,AB,B,3,stage.schedule,10,0.005805007,0.005051927,0.15523502688437446
128,100,0,AB,B,3,stage.threshold,2,2.2448e-05,2.185e-05,0.0006002948632965366
128,100,0,AB,B,4,stage.aggregate,1,0.00082821,0.000827881,0.021956606983256684
128,100,0,AB,B,4,stage.alloc_init,1,0.002632431,0.00263202,0.06978816106729137
128,100,0,AB,B,4,stage.candidates,1,0.000226784,0.000226503,0.006012251914479279
128,100,0,AB,B,4,stage.cleanup,1,0.001877297,0.00187695,0.049768865891316
128,100,0,AB,B,4,stage.delivery,1,5.9854e-05,5.957e-05,0.0015867844560870379
128,100,0,AB,B,4,stage.leaf_distance,1,0.019803715,0.019792107,0.5250146545724215
128,100,0,AB,B,4,stage.node_plan,4,0.000103821,0.000102708,0.0027523899658404177
128,100,0,AB,B,4,stage.node_prune,4,0.000105592,0.000104401,0.0027993408007341617
128,100,0,AB,B,4,stage.output_alloc,1,8.066e-06,7.778e-06,0.00021383706056066508
128,100,0,AB,B,4,stage.pivot_distance,2,0.000162186,0.000161567,0.00429969966576891
128,100,0,AB,B,4,stage.pivot_sort,2,0.001298905,0.001298337,0.03443516329624977
128,100,0,AB,B,4,stage.result_sort,1,0.004834373,0.004834152,0.12816366377062288
128,100,0,AB,B,4,stage.schedule,10,0.005748164,0.005043142,0.15238910158450716
128,100,0,AB,B,4,stage.threshold,2,1.9615e-05,1.9055e-05,0.0005200116467762764
128,100,0,AB,B,5,stage.aggregate,1,0.00082666,0.00082634,0.01954760255982649
128,100,0,AB,B,5,stage.alloc_init,1,0.004738109,0.004737758,0.11203961921120768
128,100,0,AB,B,5,stage.candidates,1,0.000170559,0.000169858,0.004033120684442754
128,100,0,AB,B,5,stage.cleanup,1,0.001403063,0.001402758,0.033177506944085645
128,100,0,AB,B,5,stage.delivery,1,6.0866e-05,6.0585e-05,0.0014392669022408237
128,100,0,AB,B,5,stage.leaf_distance,1,0.019472629,0.019472565,0.46045921235689596
128,100,0,AB,B,5,stage.node_plan,4,0.000102604,0.00010142,0.0024262238562993703
128,100,0,AB,B,5,stage.node_prune,4,0.000114231,0.00011305,0.0027011615271230493
128,100,0,AB,B,5,stage.output_alloc,1,8.443e-06,8.085e-06,0.00019964726539643273
128,100,0,AB,B,5,stage.pivot_distance,2,0.001430763,0.000255012,0.033832514554115393
128,100,0,AB,B,5,stage.pivot_sort,2,0.001158283,0.001157681,0.027389320562024908
128,100,0,AB,B,5,stage.result_sort,1,0.004891326,0.004891023,0.1156626625681004
128,100,0,AB,B,5,stage.schedule,10,0.00746452,0.003264235,0.1765096536180244
128,100,0,AB,B,5,stage.threshold,2,0.000435403,0.000434849,0.010295750123818902
128,100,0,AB,B,6,stage.aggregate,1,8.7278e-05,8.7e-05,0.0022723811105814207
128,100,0,AB,B,6,stage.alloc_init,1,0.003637965,0.003637681,0.09471851952332017
128,100,0,AB,B,6,stage.candidates,1,0.000244676,0.000244371,0.006370415461085493
128,100,0,AB,B,6,stage.cleanup,1,0.002431592,0.002431282,0.06330923863334287
128,100,0,AB,B,6,stage.delivery,1,5.9348e-05,5.9032e-05,0.0015451920776230683
128,100,0,AB,B,6,stage.leaf_distance,1,0.019502855,0.019502798,0.5077788137263504
128,100,0,AB,B,6,stage.node_plan,4,0.0001009,9.9676e-05,0.002627045235427775
128,100,0,AB,B,6,stage.node_prune,4,0.00174636,0.001745177,0.045468451113395925
128,100,0,AB,B,6,stage.output_alloc,1,9.062e-06,8.761e-06,0.0002359393847715213
128,100,0,AB,B,6,stage.pivot_distance,2,0.001298149,0.00063409,0.03379877250074659
128,100,0,AB,B,6,stage.pivot_sort,2,0.001152559,0.001151888,0.030008172740331032
128,100,0,AB,B,6,stage.result_sort,1,0.004793741,0.004793522,0.12481045048488382
128,100,0,AB,B,6,stage.schedule,10,0.002928224,0.002296372,0.07623961256159822
128,100,0,AB,B,6,stage.threshold,2,0.000403738,0.000402779,0.010511773927265997
128,100,0,AB,B,7,stage.aggregate,1,8.7067e-05,8.6767e-05,0.0027864259417224872
128,100,0,AB,B,7,stage.alloc_init,1,0.001598472,0.001598082,0.05115628019705546
128,100,0,AB,B,7,stage.candidates,1,0.000228808,0.000228469,0.007322596929647729
128,100,0,AB,B,7,stage.cleanup,1,0.001923341,0.001922972,0.06155314019293728
128,100,0,AB,B,7,stage.delivery,1,5.9198e-05,5.8914e-05,0.001894527695890381
128,100,0,AB,B,7,stage.leaf_distance,1,0.019501915,0.01950186,0.6241244314064675
128,100,0,AB,B,7,stage.node_plan,4,0.000101998,0.000100759,0.003264266291520441
128,100,0,AB,B,7,stage.node_prune,4,0.000105721,0.000104541,0.003383414347397327
128,100,0,AB,B,7,stage.output_alloc,1,7.968e-06,7.676e-06,0.00025500180210234394
128,100,0,AB,B,7,stage.pivot_distance,2,0.000164312,0.00016371,0.005258516077690806
128,100,0,AB,B,7,stage.pivot_sort,2,0.001700053,0.001699511,0.05440720113823997
128,100,0,AB,B,7,stage.result_sort,1,0.00560252,0.005602228,0.17929878216797487
128,100,0,AB,B,7,stage.schedule,10,0.000134398,0.00013163,0.004301171209707684
128,100,0,AB,B,7,stage.threshold,2,2.0154e-05,1.9583e-05,0.0006449932629983233
128,100,1,BA,B,0,stage.aggregate,1,0.000825801,0.000825392,0.02115202042148513
128,100,1,BA,B,0,stage.alloc_init,1,0.004737413,0.004737047,0.12134383043979013
128,100,1,BA,B,0,stage.candidates,1,0.000201912,0.000201621,0.005171762624824753
128,100,1,BA,B,0,stage.cleanup,1,0.001705905,0.001705446,0.04369495483429251
128,100,1,BA,B,0,stage.delivery,1,5.8192e-05,5.7892e-05,0.0014905266188428722
128,100,1,BA,B,0,stage.leaf_distance,1,0.019466447,0.019466291,0.4986124798562341
128,100,1,BA,B,0,stage.node_plan,4,0.000103603,0.000102444,0.002653681421707075
128,100,1,BA,B,0,stage.node_prune,4,0.000610705,0.000609193,0.015642563561321765
128,100,1,BA,B,0,stage.output_alloc,1,8.234e-06,7.929e-06,0.00021090521342370444
128,100,1,BA,B,0,stage.pivot_distance,2,0.001277873,0.000614333,0.03273136723261956
128,100,1,BA,B,0,stage.pivot_sort,2,0.001319723,0.001319133,0.0338033107815365
128,100,1,BA,B,0,stage.result_sort,1,0.00484033,0.004840117,0.12397994069603588
128,100,1,BA,B,0,stage.schedule,10,0.003794482,0.003279945,0.09719164877852865
128,100,1,BA,B,0,stage.threshold,2,7.7174e-05,7.6607e-05,0.0019767305004567606
128,100,1,BA,B,1,stage.aggregate,1,0.000822963,0.000822555,0.022120395733662764
128,100,1,BA,B,1,stage.alloc_init,1,0.004741745,0.004741141,0.12745320976534394
128,100,1,BA,B,1,stage.candidates,1,0.000237148,0.000236706,0.00637429338554304
128,100,1,BA,B,1,stage.cleanup,1,0.001583258,0.0015828,0.042556340331810105
128,100,1,BA,B,1,stage.delivery,1,6.1086e-05,6.0805e-05,0.0016419286089247313
128,100,1,BA,B,1,stage.leaf_distance,1,0.019483829,0.019483613,0.5237052065366424
128,100,1,BA,B,1,stage.node_plan,4,0.000105586,0.000104442,0.002838042662834801
128,100,1,BA,B,1,stage.node_prune,4,0.000158808,0.000157696,0.004268595071311245
128,100,1,BA,B,1,stage.output_alloc,1,8.382e-06,8.068e-06,0.00022529950561515073
128,100,1,BA,B,1,stage.pivot_distance,2,0.000163924,0.000163363,0.004406107869059647
128,100,1,BA,B,1,stage.pivot_sort,2,0.001261403,0.001260777,0.033905210245939864
128,100,1,BA,B,1,stage.result_sort,1,0.004845873,0.004845557,0.13025206289355848
128,100,1,BA,B,1,stage.schedule,10,0.003695335,0.003692026,0.09932678937990493
128,100,1,BA,B,1,stage.threshold,2,2.1862e-05,2.1279e-05,0.0005876279875636393
128,100,1,BA,B,2,stage.aggregate,1,0.000824172,0.00082374,0.02214060443808208
128,100,1,BA,B,2,stage.alloc_init,1,0.002630549,0.002630132,0.0706672209975495
128,100,1,BA,B,2,stage.candidates,1,0.00023556,0.000235283,0.006328097510513115
128,100,1,BA,B,2,stage.cleanup,1,0.00189227,0.001891848,0.05083405109619057
128,100,1,BA,B,2,stage.delivery,1,5.9388e-05,5.9102e-05,0.0015954026785292615
128,100,1,BA,B,2,stage.leaf_distance,1,0.01948939,0.019489239,0.523564104009251
128,100,1,BA,B,2,stage.node_plan,4,0.000106107,0.000104953,0.002850464605824482
128,100,1,BA,B,2,stage.node_prune,4,0.000107498,0.000106351,0.0028878325105499186
128,100,1,BA,B,2,stage.output_alloc,1,8.623e-06,8.319e-06,0.00023164877242806329
128,100,1,BA,B,2,stage.pivot_distance,2,0.000161986,0.000161414,0.004351601304712079
128,100,1,BA,B,2,stage.pivot_sort,2,0.001151172,0.001150531,0.0309251514152335
128,100,1,BA,B,2,stage.result_sort,1,0.004820925,0.004820685,0.12950960897805416
128,100,1,BA,B,2,stage.schedule,10,0.005702133,0.005061394,0.15318243183016927
128,100,1,BA,B,2,stage.threshold,2,2.2198e-05,2.165e-05,0.0005963283602410007
128,100,1,BA,B,3,stage.aggregate,1,0.000824829,0.000824412,0.02217700759659484
128,100,1,BA,B,3,stage.alloc_init,1,0.002651861,0.00265139,0.071300041029248
128,100,1,BA,B,3,stage.candidates,1,0.000238751,0.000238468,0.006419249008818331
128,100,1,BA,B,3,stage.cleanup,1,0.001771216,0.001770794,0.04762232012600227
128,100,1,BA,B,3,stage.delivery,1,5.8632e-05,5.8352e-05,0.0015764265191979775
128,100,1,BA,B,3,stage.leaf_distance,1,0.019486241,0.019485822,0.5239225520514893
128,100,1,BA,B,3,stage.node_plan,4,0.000100432,9.9069e-05,0.002700294517943978
128,100,1,BA,B,3,stage.node_prune,4,0.000109084,0.000107818,0.0029329190616078625
128,100,1,BA,B,3,stage.output_alloc,1,8.38e-06,8.066e-06,0.00022531133563376743
128,100,1,BA,B,3,stage.pivot_distance,2,0.000162358,0.000161636,0.004365286137330217
128,100,1,BA,B,3,stage.pivot_sort,2,0.001123943,0.001123224,0.030219224165420465
128,100,1,BA,B,3,stage.result_sort,1,0.004828198,0.004827968,0.12981476611984302
128,100,1,BA,B,3,stage.schedule,10,0.005794697,0.005041379,0.1558008258547715
128,100,1,BA,B,3,stage.threshold,2,2.2375e-05,2.1825e-05,0.0006015920208598504
128,100,1,BA,B,4,stage.aggregate,1,0.000823454,0.000823059,0.0219986601306203
128,100,1,BA,B,4,stage.alloc_init,1,0.002654567,0.002654103,0.07091703632134926
128,100,1,BA,B,4,stage.candidates,1,0.000236539,0.00023626,0.006319164238241352
128,100,1,BA,B,4,stage.cleanup,1,0.001769459,0.001769033,0.04727128310272008
128,100,1,BA,B,4,stage.delivery,1,5.8327e-05,5.8048e-05,0.001558211933439743
128,100,1,BA,B,4,stage.leaf_distance,1,0.019477102,0.019477039,0.5203328263964045
128,100,1,BA,B,4,stage.node_plan,4,0.000103848,0.000102639,0.002774310231348268
128,100,1,BA,B,4,stage.node_prune,4,0.000106105,0.000104949,0.0028346062234921037
128,100,1,BA,B,4,stage.output_alloc,1,8.283e-06,7.96e-06,0.00022128121529791335
128,100,1,BA,B,4,stage.pivot_distance,2,0.000163732,0.000163171,0.004374117583382585
128,100,1,BA,B,4,stage.pivot_sort,2,0.001350144,0.001349424,0.03606923882013593
128,100,1,BA,B,4,stage.result_sort,1,0.004827896,0.004827636,0.12897774890884156
128,100,1,BA,B,4,stage.schedule,10,0.005819018,0.005065807,0.15545567727640142
128,100,1,BA,B,4,stage.threshold,2,2.186e-05,2.1301e-05,0.0005839921968383902
128,100,1,BA,B,5,stage.aggregate,1,0.000831346,0.000831073,0.02229143126505252
128,100,1,BA,B,5,stage.alloc_init,1,0.002675402,0.002674978,0.07173732692451042
128,100,1,BA,B,5,stage.candidates,1,0.000245563,0.000245125,0.006584443463660248
128,100,1,BA,B,5,stage.cleanup,1,0.001690477,0.001690056,0.04532788014936282
128,100,1,BA,B,5,stage.delivery,1,5.8913e-05,5.8617e-05,0.0015796733130586291
128,100,1,BA,B,5,stage.leaf_distance,1,0.019477915,0.019465877,0.5222742437072355
128,100,1,BA,B,5,stage.node_plan,4,0.000103423,0.0001023,0.0027731494416591007
128,100,1,BA,B,5,stage.node_prune,4,0.000104105,0.000103029,0.0027914363596484404
128,100,1,BA,B,5,stage.output_alloc,1,7.274e-06,6.972e-06,0.00019504258277779893
128,100,1,BA,B,5,stage.pivot_distance,2,0.000164322,0.000163767,0.004406074688921292
128,100,1,BA,B,5,stage.pivot_sort,2,0.00129858,0.001297948,0.03481968616216581
128,100,1,BA,B,5,stage.result_sort,1,0.004846116,0.004845849,0.12994212002760736
128,100,1,BA,B,5,stage.schedule,10,0.005756818,0.005051047,0.1543613763131321
128,100,1,BA,B,5,stage.threshold,2,2.2947e-05,2.2375e-05,0.0006152931189169854
128,100,1,BA,B,6,stage.aggregate,1,0.000824661,0.000824241,0.019722216648571766
128,100,1,BA,B,6,stage.alloc_init,1,0.004715593,0.004715194,0.112775973124094
128,100,1,BA,B,6,stage.candidates,1,0.000614,0.000613317,0.014684144178302435
128,100,1,BA,B,6,stage.cleanup,1,0.001417033,0.001416615,0.03388911543552514
128,100,1,BA,B,6,stage.delivery,1,5.9633e-05,5.9342e-05,0.0014261556511151615
128,100,1,BA,B,6,stage.leaf_distance,1,0.019476097,0.019476056,0.4657814599000058
128,100,1,BA,B,6,stage.node_plan,4,0.000100854,9.9615e-05,0.0024119783012353643
128,100,1,BA,B,6,stage.node_prune,4,0.000110221,0.000109044,0.0026359952043594017
128,100,1,BA,B,6,stage.output_alloc,1,8.3e-06,7.998e-06,0.00019849901739399058
128,100,1,BA,B,6,stage.pivot_distance,2,0.001516666,0.00024807,0.03627189285721375
128,100,1,BA,B,6,stage.pivot_sort,2,0.001196813,0.001196233,0.028622434277633016
128,100,1,BA,B,6,stage.result_sort,1,0.004820834,0.004820557,0.11529286891801702
128,100,1,BA,B,6,stage.schedule,10,0.006505819,0.003206623,0.15559020227025958
128,100,1,BA,B,6,stage.threshold,2,0.000435785,0.000435109,0.010422035457233757
128,100,1,BA,B,7,stage.aggregate,1,8.6938e-05,8.6665e-05,0.00228095841287399
128,100,1,BA,B,7,stage.alloc_init,1,0.003676206,0.003675781,0.09645118363843014
128,100,1,BA,B,7,stage.candidates,1,0.000239452,0.000239171,0.006282408772682862
128,100,1,BA,B,7,stage.cleanup,1,0.002349891,0.002349483,0.061653174052622245
128,100,1,BA,B,7,stage.delivery,1,5.6798e-05,5.6523e-05,0.0014901869830731887
128,100,1,BA,B,7,stage.leaf_distance,1,0.019497492,0.019497451,0.5115480964289876
128,100,1,BA,B,7,stage.node_plan,4,0.000102059,0.000100863,0.0026776821948918373
128,100,1,BA,B,7,stage.node_prune,4,0.002216998,0.002215771,0.05816651222048828
128,100,1,BA,B,7,stage.output_alloc,1,8.619e-06,8.299e-06,0.00022613334284847728
128,100,1,BA,B,7,stage.pivot_distance,2,0.001290107,0.000628652,0.03384803440564108
128,100,1,BA,B,7,stage.pivot_sort,2,0.001125936,0.001125345,0.029540743881360146
128,100,1,BA,B,7,stage.result_sort,1,0.004798681,0.004798462,0.12590112261207492
128,100,1,BA,B,7,stage.schedule,10,0.002631676,0.001911413,0.06904625724261623
128,100,1,BA,B,7,stage.threshold,2,2.1438e-05,2.0877e-05,0.0005624604483102049
128,100,1,BA,A,0,stage.aggregate,1,0.000821608,0.000821277,0.023893852072264007
128,100,1,BA,A,0,stage.alloc_init,1,0.00471843,0.004718182,0.137220509577965
128,100,1,BA,A,0,stage.candidates,1,0.000716223,0.000715922,0.020829064971072755
128,100,1,BA,A,0,stage.cleanup,1,0.001444167,0.001443755,0.041998997898809766
128,100,1,BA,A,0,stage.delivery,1,6.3597e-05,6.3324e-05,0.0018495162050999672
128,100,1,BA,A,0,stage.leaf_distance,1,0.014913619,0.014913545,0.4337151126183117
128,100,1,BA,A,0,stage.node_plan,4,0.000102389,0.00010126,0.002977657982671833
128,100,1,BA,A,0,stage.node_prune,4,0.000147295,0.000146087,0.004283605978744276
128,100,1,BA,A,0,stage.output_alloc,1,8.389e-06,8.078e-06,0.00024396734821742578
128,100,1,BA,A,0,stage.pivot_distance,2,0.001366801,0.000754161,0.03974905417939275
128,100,1,BA,A,0,stage.pivot_sort,2,0.00124982,0.001249162,0.03634703434844476
128,100,1,BA,A,0,stage.result_sort,1,0.004815555,0.004815326,0.14004508088510736
128,100,1,BA,A,0,stage.schedule,10,0.003951683,0.003238845,0.11492211497268826
128,100,1,BA,A,0,stage.threshold,2,5.2702e-05,5.2133e-05,0.0015326698278405975
128,100,1,BA,A,1,stage.aggregate,1,0.000822731,0.000822449,0.026163342401169448
128,100,1,BA,A,1,stage.alloc_init,1,0.002602199,0.002601865,0.08275149888965011
128,100,1,BA,A,1,stage.candidates,1,0.00023242,0.000232087,0.00739109628892044
128,100,1,BA,A,1,stage.cleanup,1,0.001436452,0.001436101,0.04568004064371545
128,100,1,BA,A,1,stage.delivery,1,5.8455e-05,5.8175e-05,0.0018589042834904238
128,100,1,BA,A,1,stage.leaf_distance,1,0.014921568,0.014921483,0.47451486907182683
128,100,1,BA,A,1,stage.node_plan,4,0.000104833,0.000103664,0.003333752677292817
128,100,1,BA,A,1,stage.node_prune,4,9.9817e-05,9.8705e-05,0.0031742408496307183
128,100,1,BA,A,1,stage.output_alloc,1,8.732e-06,8.441e-06,0.0002776828706430311
128,100,1,BA,A,1,stage.pivot_distance,2,0.000160002,0.000159412,0.005088160177350694
128,100,1,BA,A,1,stage.pivot_sort,2,0.001131807,0.001131204,0.035992145759720234
128,100,1,BA,A,1,stage.result_sort,1,0.004790273,0.004790064,0.15233357281307885
128,100,1,BA,A,1,stage.schedule,10,0.00504184,0.005039296,0.16033355525914564
128,100,1,BA,A,1,stage.threshold,2,2.2675e-05,2.2098e-05,0.0007210786866503354
128,100,1,BA,A,2,stage.aggregate,1,0.000820765,0.000820481,0.026056457748436204
128,100,1,BA,A,2,stage.alloc_init,1,0.002643126,0.002642819,0.08391013376885367
128,100,1,BA,A,2,stage.candidates,1,0.000231285,0.000230953,0.0073425009964448625
128,100,1,BA,A,2,stage.cleanup,1,0.001452375,0.001452084,0.04610789668466009
128,100,1,BA,A,2,stage.delivery,1,5.9777e-05,5.9488e-05,0.0018977135657932186
128,100,1,BA,A,2,stage.leaf_distance,1,0.014901776,0.014901631,0.47307998845060484
128,100,1,BA,A,2,stage.node_plan,4,0.00010527,0.000104147,0.0033419594002886076
128,100,1,BA,A,2,stage.node_prune,4,0.000102372,0.000101233,0.003249957896137032
128,100,1,BA,A,2,stage.output_alloc,1,8.08e-06,7.754e-06,0.00025651213027768553
128,100,1,BA,A,2,stage.pivot_distance,2,0.000161366,0.000160817,0.005122813912671905
128,100,1,BA,A,2,stage.pivot_sort,2,0.001124665,0.001124097,0.035704234529548656
128,100,1,BA,A,2,stage.result_sort,1,0.00480983,0.004809568,0.15269551232345546
128,100,1,BA,A,2,stage.schedule,10,0.005043934,0.005041297,0.1601275068465405
128,100,1,BA,A,2,stage.threshold,2,2.2214e-05,2.1644e-05,0.0007052178789589735
128,100,1,BA,A,3,stage.aggregate,1,0.00082073,0.000820454,0.025116221395117
128,100,1,BA,A,3,stage.alloc_init,1,0.002655591,0.00265532,0.08126717859817498
128,100,1,BA,A,3,stage.candidates,1,0.000231053,0.000230732,0.007070752015895567
128,100,1,BA,A,3,stage.cleanup,1,0.001538875,0.001538488,0.04709310638018676
128,100,1,BA,A,3,stage.delivery,1,6.4006e-05,6.3704e-05,0.0019587304797142285
128,100,1,BA,A,3,stage.leaf_distance,1,0.014915137,0.014915039,0.45643741916403835
128,100,1,BA,A,3,stage.node_plan,4,0.000106022,0.00010491,0.0032445164972074794
128,100,1,BA,A,3,stage.node_prune,4,0.000102346,0.000101219,0.003132022461594732
128,100,1,BA,A,3,stage.output_alloc,1,7.898e-06,7.582e-06,0.00024169692417559254
128,100,1,BA,A,3,stage.pivot_distance,2,0.000161497,0.000160943,0.004942178800150123
128,100,1,BA,A,3,stage.pivot_sort,2,0.001427862,0.001427277,0.043695853829730305
128,100,1,BA,A,3,stage.result_sort,1,0.004810621,0.004810389,0.14721604191877857
128,100,1,BA,A,3,stage.schedule,10,0.005801625,0.005048347,0.17754303845533329
128,100,1,BA,A,3,stage.threshold,2,2.1576e-05,2.0967e-05,0.0006602751121818922
128,100,1,BA,A,4,stage.aggregate,1,0.000820215,0.000819968,0.025404017775425527
128,100,1,BA,A,4,stage.alloc_init,1,0.002637129,0.002636761,0.0816781843688425
128,100,1,BA,A,4,stage.candidates,1,0.000238533,0.000237854,0.007387936787336951
128,100,1,BA,A,4,stage.cleanup,1,0.001461077,0.001460761,0.04525304472518231
128,100,1,BA,A,4,stage.delivery,1,6.3356e-05,6.3082e-05,0.001962286656766652
128,100,1,BA,A,4,stage.leaf_distance,1,0.014901987,0.014901939,0.4615501333640084
128,100,1,BA,A,4,stage.node_plan,4,0.000103966,0.000102833,0.003220075360777224
128,100,1,BA,A,4,stage.node_prune,4,0.000101373,0.000100273,0.003139763956948132
128,100,1,BA,A,4,stage.output_alloc,1,8.402e-06,8.104e-06,0.00026023000963055457
128,100,1,BA,A,4,stage.pivot_distance,2,0.000162399,0.000161857,0.005029884948106692
128,100,1,BA,A,4,stage.pivot_sort,2,0.001146169,0.001145557,0.035499591752944905
128,100,1,BA,A,4,stage.result_sort,1,0.00480065,0.004756672,0.14868759768304232
128,100,1,BA,A,4,stage.schedule,10,0.005805922,0.005047565,0.1798232727891274
128,100,1,BA,A,4,stage.threshold,2,2.324e-05,2.2693e-05,0.0007197983127605436
128,100,1,BA,A,5,stage.aggregate,1,0.00082075,0.000820461,0.022102860938305293
128,100,1,BA,A,5,stage.alloc_init,1,0.00366252,0.003653241,0.09863194668749548
128,100,1,BA,A,5,stage.candidates,1,0.000530232,0.000529578,0.01427918874327078
128,100,1,BA,A,5,stage.cleanup,1,0.001356074,0.001355783,0.0365191776351525
128,100,1,BA,A,5,stage.delivery,1,6.3325e-05,6.3001e-05,0.0017053471445850536
128,100,1,BA,A,5,stage.leaf_distance,1,0.014878624,0.014878548,0.4006824943348543
128,100,1,BA,A,5,stage.node_plan,4,0.000106042,0.000104878,0.0028557192563140664
128,100,1,BA,A,5,stage.node_prune,4,0.000740026,0.000738918,0.019928957378897733
128,100,1,BA,A,5,stage.output_alloc,1,8.717e-06,8.414e-06,0.00023474948376388333
128,100,1,BA,A,5,stage.pivot_distance,2,0.00152101,0.000251601,0.04096091686356593
128,100,1,BA,A,5,stage.pivot_sort,2,0.001185129,0.001184483,0.03191561557228488
128,100,1,BA,A,5,stage.result_sort,1,0.00483953,0.004839317,0.13032891696223772
128,100,1,BA,A,5,stage.schedule,10,0.006975976,0.003605852,0.18786357287475508
128,100,1,BA,A,5,stage.threshold,2,0.00043233,0.000431436,0.011642680316122483
128,100,1,BA,A,6,stage.aggregate,1,7.9523e-05,7.9234e-05,0.0022955511662429307
128,100,1,BA,A,6,stage.alloc_init,1,0.003645788,0.003645485,0.10524116161707281
128,100,1,BA,A,6,stage.candidates,1,0.00024446,0.000243826,0.007056706086286317
128,100,1,BA,A,6,stage.cleanup,1,0.002459566,0.00245913,0.07099907699346679
128,100,1,BA,A,6,stage.delivery,1,6.1299e-05,6.102e-05,0.001769487958697803
128,100,1,BA,A,6,stage.leaf_distance,1,0.014924616,0.014924373,0.4308215191143179
128,100,1,BA,A,6,stage.node_plan,4,0.000104292,0.000103156,0.0030105456563485748
128,100,1,BA,A,6,stage.node_prune,4,0.002183661,0.002182507,0.0630346636222125
128,100,1,BA,A,6,stage.output_alloc,1,9.216e-06,8.896e-06,0.000266033720409125
128,100,1,BA,A,6,stage.pivot_distance,2,0.001283804,0.000620406,0.037058936023884145
128,100,1,BA,A,6,stage.pivot_sort,2,0.001308948,0.001308312,0.03778475545378509
128,100,1,BA,A,6,stage.result_sort,1,0.004781678,0.004781423,0.13803033725460764
128,100,1,BA,A,6,stage.schedule,10,0.003139464,0.001943787,0.09062535677197409
128,100,1,BA,A,6,stage.threshold,2,0.000403878,0.000402918,0.011658546759049109
128,100,1,BA,A,7,stage.aggregate,1,8.1308e-05,8.1034e-05,0.0030204805955073564
128,100,1,BA,A,7,stage.alloc_init,1,0.001595512,0.00159524,0.05927108077801856
128,100,1,BA,A,7,stage.candidates,1,0.000242651,0.000242196,0.009014151583859589
128,100,1,BA,A,7,stage.cleanup,1,0.002262845,0.002262558,0.08406158573745318
128,100,1,BA,A,7,stage.delivery,1,6.1136e-05,6.0829e-05,0.00227111848387536
128,100,1,BA,A,7,stage.leaf_distance,1,0.014967318,0.01496726,0.5560153193509615
128,100,1,BA,A,7,stage.node_plan,4,9.8507e-05,9.7391e-05,0.0036593998379205383
128,100,1,BA,A,7,stage.node_prune,4,0.000104679,0.000103548,0.0038886811661474215
128,100,1,BA,A,7,stage.output_alloc,1,7.741e-06,7.446e-06,0.0002875675245956418
128,100,1,BA,A,7,stage.pivot_distance,2,0.000159838,0.0001593,0.005937762304136184
128,100,1,BA,A,7,stage.pivot_sort,2,0.00170951,0.001708901,0.06350595000277685
128,100,1,BA,A,7,stage.result_sort,1,0.005464406,0.005464142,0.2029951823802574
128,100,1,BA,A,7,stage.schedule,10,0.000131579,0.000128891,0.004887979242832961
128,100,1,BA,A,7,stage.threshold,2,2.148e-05,2.0917e-05,0.0007979525162529888
128,100,2,AB,A,0,stage.aggregate,1,0.000821009,0.000820603,0.023873982578930055
128,100,2,AB,A,0,stage.alloc_init,1,0.004750144,0.004749755,0.13812863817986054
128,100,2,AB,A,0,stage.candidates,1,0.000239425,0.000238996,0.00696219929252947
128,100,2,AB,A,0,stage.cleanup,1,0.001921995,0.001921541,0.055889369235648655
128,100,2,AB,A,0,stage.delivery,1,6.1482e-05,6.1171e-05,0.0017878247338552653
128,100,2,AB,A,0,stage.leaf_distance,1,0.014917241,0.014916993,0.4337759412621556
128,100,2,AB,A,0,stage.node_plan,4,0.000100529,9.9363e-05,0.0029232658773256557
128,100,2,AB,A,0,stage.node_prune,4,0.000130122,0.000128829,0.003783795745400521
128,100,2,AB,A,0,stage.output_alloc,1,7.946e-06,7.633e-06,0.00023106039711157634
128,100,2,AB,A,0,stage.pivot_distance,2,0.001357313,0.000749165,0.039469076363542036
128,100,2,AB,A,0,stage.pivot_sort,2,0.001290701,0.001289994,0.03753207722279244
128,100,2,AB,A,0,stage.result_sort,1,0.004804421,0.00480396,0.13970694993093338
128,100,2,AB,A,0,stage.schedule,10,0.003931261,0.003210156,0.11431647719723796
128,100,2,AB,A,0,stage.threshold,2,4.278e-05,4.222e-05,0.001243992422405391
128,100,2,AB,A,1,stage.aggregate,1,0.000819726,0.000819392,0.023790052149843494
128,100,2,AB,A,1,stage.alloc_init,1,0.002623753,0.002623324,0.07614644490757681
128,100,2,AB,A,1,stage.candidates,1,0.000235503,0.000235221,0.006834757774481464
128,100,2,AB,A,1,stage.cleanup,1,0.003656042,0.003555336,0.10610549115438342
128,100,2,AB,A,1,stage.delivery,1,5.9561e-05,5.9283e-05,0.0017285767391748321
128,100,2,AB,A,1,stage.leaf_distance,1,0.014923621,0.014923408,0.43311267649739
128,100,2,AB,A,1,stage.node_plan,4,0.00010615,0.00010484,0.003080680661228126
128,100,2,AB,A,1,stage.node_prune,4,0.000103416,0.000102299,0.0030013346327043607
128,100,2,AB,A,1,stage.output_alloc,1,7.633e-06,7.323e-06,0.0002215245924366866
128,100,2,AB,A,1,stage.pivot_distance,2,0.000164573,0.000164016,0.004776230414133739
128,100,2,AB,A,1,stage.pivot_sort,2,0.001123429,0.001122697,0.03260410734397411
128,100,2,AB,A,1,stage.result_sort,1,0.004801782,0.004801546,0.1393571073653633
128,100,2,AB,A,1,stage.schedule,10,0.005797129,0.005043172,0.16824402450254117
128,100,2,AB,A,1,stage.threshold,2,2.2513e-05,2.1961e-05,0.0006533713021783212
128,100,2,AB,A,2,stage.aggregate,1,0.000820948,0.000820544,0.023838728481898042
128,100,2,AB,A,2,stage.alloc_init,1,0.00578244,0.002708613,0.16791077768977636
128,100,2,AB,A,2,stage.candidates,1,0.000591906,0.00059121,0.017187795598267303
128,100,2,AB,A,2,stage.cleanup,1,0.001499683,0.001499248,0.04354786886126564
128,100,2,AB,A,2,stage.delivery,1,6.131e-05,6.1025e-05,0.0017803228014748424
128,100,2,AB,A,2,stage.leaf_distance,1,0.014919149,0.014918947,0.43322298390638714
128,100,2,AB,A,2,stage.node_plan,4,0.000101748,0.000100441,0.0029545634383373394
128,100,2,AB,A,2,stage.node_prune,4,0.000100748,9.9472e-05,0.002925525389055414
128,100,2,AB,A,2,stage.output_alloc,1,8.259e-06,7.951e-06,0.0002398252490194214
128,100,2,AB,A,2,stage.pivot_distance,2,0.000159663,0.000159112,0.004636302062500045
128,100,2,AB,A,2,stage.pivot_sort,2,0.001151731,0.0011511,0.03344402153752116
128,100,2,AB,A,2,stage.result_sort,1,0.004804728,0.004804439,0.13951992845024658
128,100,2,AB,A,2,stage.schedule,10,0.004402922,0.002337942,0.12785226602047328
128,100,2,AB,A,2,stage.threshold,2,2.0045e-05,1.948e-05,0.0005820676978561934
128,100,2,AB,A,3,stage.aggregate,1,7.9808e-05,7.9527e-05,0.0024071633862148395
128,100,2,AB,A,3,stage.alloc_init,1,0.002639677,0.002639159,0.07961775543596417
128,100,2,AB,A,3,stage.candidates,1,0.000243401,0.000243116,0.007341444158080369
128,100,2,AB,A,3,stage.cleanup,1,0.002537043,0.001750352,0.07652211581361085
128,100,2,AB,A,3,stage.delivery,1,6.1712e-05,6.1424e-05,0.0018613530835265909
128,100,2,AB,A,3,stage.leaf_distance,1,0.014936574,0.014936324,0.45051591379671874
128,100,2,AB,A,3,stage.node_plan,4,0.000103867,0.000102712,0.0031328292832294596
128,100,2,AB,A,3,stage.node_prune,4,0.000104602,0.000103462,0.0031549983024865254
128,100,2,AB,A,3,stage.output_alloc,1,8.303e-06,7.981e-06,0.0002504345127774385
128,100,2,AB,A,3,stage.pivot_distance,2,0.000161351,0.000160766,0.004866657722648739
128,100,2,AB,A,3,stage.pivot_sort,2,0.001146856,0.001146039,0.03459139149534891
128,100,2,AB,A,3,stage.result_sort,1,0.005266005,0.004828337,0.15883287925551667
128,100,2,AB,A,3,stage.schedule,10,0.005830906,0.005239606,0.1758713842178782
128,100,2,AB,A,3,stage.threshold,2,2.1648e-05,2.1094e-05,0.0006529454814652522
128,100,2,AB,A,4,stage.aggregate,1,8.0498e-05,8.0202e-05,0.0028490364266320384
128,100,2,AB,A,4,stage.alloc_init,1,0.002620337,0.00204998,0.0927406340909304
128,100,2,AB,A,4,stage.candidates,1,0.000243438,0.000243123,0.008615912564615894
128,100,2,AB,A,4,stage.cleanup,1,0.002337948,0.002337501,0.08274614295475069
128,100,2,AB,A,4,stage.delivery,1,6.1095e-05,6.0806e-05,0.0021623131069726503
128,100,2,AB,A,4,stage.leaf_distance,1,0.014958136,0.014957907,0.529407865270144
128,100,2,AB,A,4,stage.node_plan,4,9.777e-05,9.6618e-05,0.003460338038607349
128,100,2,AB,A,4,stage.node_prune,4,0.000103278,0.000101989,0.00365528067864672
128,100,2,AB,A,4,stage.output_alloc,1,8.156e-06,7.832e-06,0.0002886623406247473
128,100,2,AB,A,4,stage.pivot_distance,2,0.00016067,0.000160106,0.0056865348538717685
128,100,2,AB,A,4,stage.pivot_sort,2,0.001937894,0.001610384,0.06858717728330725
128,100,2,AB,A,4,stage.result_sort,1,0.005468327,0.005468079,0.19353850798449027
128,100,2,AB,A,4,stage.schedule,10,0.000141802,0.000138823,0.005018746594564789
128,100,2,AB,A,4,stage.threshold,2,2.3352e-05,2.279e-05,0.0008264888399054805
128,100,2,AB,A,5,stage.aggregate,1,0.000821736,0.000821323,0.02305404872885511
128,100,2,AB,A,5,stage.alloc_init,1,0.002626293,0.002625888,0.07368143393772583
128,100,2,AB,A,5,stage.candidates,1,0.000595861,0.000592063,0.016717058190981453
128,100,2,AB,A,5,stage.cleanup,1,0.001783628,0.001783167,0.050040215867566205
128,100,2,AB,A,5,stage.delivery,1,6.2321e-05,6.201e-05,0.001748434254834861
128,100,2,AB,A,5,stage.leaf_distance,1,0.014892286,0.014892033,0.4178075283643977
128,100,2,AB,A,5,stage.node_plan,4,0.000102585,0.000101473,0.002878052791711208
128,100,2,AB,A,5,stage.node_prune,4,0.002066319,0.00206497,0.057971196242295776
128,100,2,AB,A,5,stage.output_alloc,1,7.927e-06,7.6e-06,0.0002223943508299922
128,100,2,AB,A,5,stage.pivot_distance,2,0.001807991,0.000659789,0.05072372710375531
128,100,2,AB,A,5,stage.pivot_sort,2,0.001215275,0.00121466,0.034094902826405794
128,100,2,AB,A,5,stage.result_sort,1,0.004805775,0.0048055,0.1348274519187594
128,100,2,AB,A,5,stage.schedule,10,0.004417676,0.00301814,0.12393921864478825
128,100,2,AB,A,5,stage.threshold,2,0.000425631,0.000424728,0.01194120473547627
128,100,2,AB,A,6,stage.aggregate,1,8.0319e-05,8.0036e-05,0.00239389021063158
128,100,2,AB,A,6,stage.alloc_init,1,0.003669115,0.003668681,0.10935716928972583
128,100,2,AB,A,6,stage.candidates,1,0.000245552,0.000245258,0.007318623600903967
128,100,2,AB,A,6,stage.cleanup,1,0.002073247,0.002072884,0.06179267293568509
128,100,2,AB,A,6,stage.delivery,1,6.1526e-05,6.1245e-05,0.0018337689600134285
128,100,2,AB,A,6,stage.leaf_distance,1,0.014930221,0.014929985,0.4449919682075977
128,100,2,AB,A,6,stage.node_plan,4,9.5638e-05,9.4451e-05,0.002850469651818163
128,100,2,AB,A,6,stage.node_prune,4,0.001771595,0.001770273,0.05280200111684475
128,100,2,AB,A,6,stage.output_alloc,1,8.978e-06,8.665e-06,0.0002675873244319566
128,100,2,AB,A,6,stage.pivot_distance,2,0.001289239,0.000633606,0.038425486139823044
128,100,2,AB,A,6,stage.pivot_sort,2,0.001152249,0.001151613,0.03434252918126504
128,100,2,AB,A,6,stage.result_sort,1,0.004765402,0.004765184,0.14203176331284195
128,100,2,AB,A,6,stage.schedule,10,0.002993663,0.002290453,0.08922547030752334
128,100,2,AB,A,6,stage.threshold,2,0.000402352,0.000401642,0.011992013272426667
128,100,2,AB,A,7,stage.aggregate,1,7.8628e-05,7.8333e-05,0.0029288884814572948
128,100,2,AB,A,7,stage.alloc_init,1,0.001575105,0.00157469,0.058672570732891505
128,100,2,AB,A,7,stage.candidates,1,0.000242729,0.000242308,0.009041641301007883
128,100,2,AB,A,7,stage.cleanup,1,0.002184949,0.002184501,0.0813892246867736
128,100,2,AB,A,7,stage.delivery,1,6.1402e-05,6.1059e-05,0.0022872209713898466
128,100,2,AB,A,7,stage.leaf_distance,1,0.014960427,0.014960194,0.5572750460139227
128,100,2,AB,A,7,stage.node_plan,4,9.9418e-05,9.8207e-05,0.003703314786711113
128,100,2,AB,A,7,stage.node_prune,4,0.00010449,0.00010336,0.003892246495236719
128,100,2,AB,A,7,stage.output_alloc,1,1.1734e-05,1.1261e-05,0.0004370908256781287
128,100,2,AB,A,7,stage.pivot_distance,2,0.000161591,0.000161042,0.006019255463793633
128,100,2,AB,A,7,stage.pivot_sort,2,0.001704645,0.001704024,0.06349792828857113
128,100,2,AB,A,7,stage.result_sort,1,0.005484608,0.00548434,0.2043013328141188
128,100,2,AB,A,7,stage.schedule,10,0.000143332,0.000140419,0.005339108763089955
128,100,2,AB,A,7,stage.threshold,2,2.1573e-05,2.1007e-05,0.0008035930102568835
128,100,2,AB,B,0,stage.aggregate,1,0.000822724,0.00082189,0.021663862497917147
128,100,2,AB,B,0,stage.alloc_init,1,0.004730869,0.004730447,0.12457263372851504
128,100,2,AB,B,0,stage.candidates,1,0.000192808,0.000192378,0.0050769954450075715
128,100,2,AB,B,0,stage.cleanup,1,0.001578625,0.001578179,0.041568150358777006
128,100,2,AB,B,0,stage.delivery,1,5.8114e-05,5.7801e-05,0.001530250369752137
128,100,2,AB,B,0,stage.leaf_distance,1,0.019461254,0.019461116,0.5124512360075069
128,100,2,AB,B,0,stage.node_plan,4,8.8278e-05,8.713e-05,0.0023245249361768102
128,100,2,AB,B,0,stage.node_prune,4,9.6972e-05,9.5854e-05,0.002553454225412194
128,100,2,AB,B,0,stage.output_alloc,1,8.014e-06,7.696e-06,0.0002110236167394023
128,100,2,AB,B,0,stage.pivot_distance,2,0.000846912,0.0002304,0.02230077780134773
128,100,2,AB,B,0,stage.pivot_sort,2,0.001266903,0.001266288,0.03335992676790604
128,100,2,AB,B,0,stage.result_sort,1,0.004804025,0.004803832,0.1264989681066268
128,100,2,AB,B,0,stage.schedule,10,0.003939328,0.003184751,0.1037298779738952
128,100,2,AB,B,0,stage.threshold,2,6.7166e-05,6.656e-05,0.0017686064689192284
128,100,2,AB,B,1,stage.aggregate,1,0.000822502,0.000822031,0.021621752634239412
128,100,2,AB,B,1,stage.alloc_init,1,0.004725271,0.004724905,0.12421689028323954
128,100,2,AB,B,1,stage.candidates,1,0.000190831,0.000190535,0.005016523579206544
128,100,2,AB,B,1,stage.cleanup,1,0.001800923,0.001800512,0.04734226982951086
128,100,2,AB,B,1,stage.delivery,1,5.5572e-05,5.5266e-05,0.0014608645783109981
128,100,2,AB,B,1,stage.leaf_distance,1,0.019459511,0.019459352,0.5115473679398479
128,100,2,AB,B,1,stage.node_plan,4,9.8296e-05,9.7142e-05,0.0025839837434257873
128,100,2,AB,B,1,stage.node_prune,4,0.00010359,0.000102441,0.0027231512572381106
128,100,2,AB,B,1,stage.output_alloc,1,8.468e-06,8.145e-06,0.00022260493142477381
128,100,2,AB,B,1,stage.pivot_distance,2,0.000235256,0.00023471,0.006184358260187364
128,100,2,AB,B,1,stage.pivot_sort,2,0.001111353,0.001110798,0.02921500452925327
128,100,2,AB,B,1,stage.result_sort,1,0.00480658,0.004806349,0.12635432348697326
128,100,2,AB,B,1,stage.schedule,10,0.004541613,0.003196832,0.11938892895876964
128,100,2,AB,B,1,stage.threshold,2,6.7421e-05,6.6782e-05,0.001772348498062078
128,100,2,AB,B,2,stage.aggregate,1,0.000820906,0.000820503,0.02162679863492666
128,100,2,AB,B,2,stage.alloc_init,1,0.004751522,0.004751287,0.12517902111011978
128,100,2,AB,B,2,stage.candidates,1,0.000157407,0.000157134,0.0041468931798864924
128,100,2,AB,B,2,stage.cleanup,1,0.001602743,0.001602257,0.042224323033987154
128,100,2,AB,B,2,stage.delivery,1,5.6074e-05,5.5758e-05,0.0014772715836586375
128,100,2,AB,B,2,stage.leaf_distance,1,0.019475719,0.019475585,0.5130885303352822
128,100,2,AB,B,2,stage.node_plan,4,9.9791e-05,9.864e-05,0.0026289975497535236
128,100,2,AB,B,2,stage.node_prune,4,0.000113559,0.000112383,0.0029917160139938514
128,100,2,AB,B,2,stage.output_alloc,1,1.0546e-05,1.0063e-05,0.0002778347562375431
128,100,2,AB,B,2,stage.pivot_distance,2,0.00013871,0.000138161,0.0036543200301260765
128,100,2,AB,B,2,stage.pivot_sort,2,0.001309712,0.001308455,0.034504410606996494
128,100,2,AB,B,2,stage.result_sort,1,0.004782198,0.004781975,0.12598718145360002
128,100,2,AB,B,2,stage.schedule,10,0.004604831,0.003169161,0.12131444134269694
128,100,2,AB,B,2,stage.threshold,2,2.0952e-05,2.0391e-05,0.000551981207347715
128,100,2,AB,B,3,stage.aggregate,1,0.000822476,0.000822199,0.022333154789598166
128,100,2,AB,B,3,stage.alloc_init,1,0.002664452,0.002664044,0.07234936818272437
128,100,2,AB,B,3,stage.candidates,1,0.000157893,0.000157613,0.004287357696995442
128,100,2,AB,B,3,stage.cleanup,1,0.001372669,0.001372251,0.037272855684400426
128,100,2,AB,B,3,stage.delivery,1,5.009e-05,4.9789e-05,0.001360122025944796
128,100,2,AB,B,3,stage.leaf_distance,1,0.01946336,0.019462686,0.5284995934296847
128,100,2,AB,B,3,stage.node_plan,4,0.000102086,0.000100971,0.002771998745070881
128,100,2,AB,B,3,stage.node_prune,4,6.3658e-05,6.2516e-05,0.0017285415837012144
128,100,2,AB,B,3,stage.output_alloc,1,7.778e-06,7.459e-06,0.0002112004215970977
128,100,2,AB,B,3,stage.pivot_distance,2,0.000141661,0.000141113,0.0038466010444672743
128,100,2,AB,B,3,stage.pivot_sort,2,0.00112551,0.001124908,0.030561607934141092
128,100,2,AB,B,3,stage.result_sort,1,0.005156599,0.005109128,0.14002004150259353
128,100,2,AB,B,3,stage.schedule,10,0.005665909,0.005026422,0.153849623236152
128,100,2,AB,B,3,stage.threshold,2,2.1646e-05,2.1084e-05,0.0005877660485845689
128,100,2,AB,B,4,stage.aggregate,1,0.000820739,0.000819355,0.02234337154684111
128,100,2,AB,B,4,stage.alloc_init,1,0.00263899,0.002638516,0.07184249082643596
128,100,2,AB,B,4,stage.candidates,1,0.000156245,0.000155969,0.004253532593596977
128,100,2,AB,B,4,stage.cleanup,1,0.001460181,0.001459761,0.03975120788537891
128,100,2,AB,B,4,stage.delivery,1,5.6512e-05,5.6224e-05,0.00153845328765306
128,100,2,AB,B,4,stage.leaf_distance,1,0.019470002,0.019469853,0.5300412051867153
128,100,2,AB,B,4,stage.node_plan,4,0.000102747,0.000101622,0.0027971308739115405
128,100,2,AB,B,4,stage.node_prune,4,6.3589e-05,6.2446e-05,0.0017311138538464476
128,100,2,AB,B,4,stage.output_alloc,1,8.253e-06,7.914e-06,0.00022467537837982563
128,100,2,AB,B,4,stage.pivot_distance,2,0.000139047,0.000138499,0.003785343188850068
128,100,2,AB,B,4,stage.pivot_sort,2,0.001241638,0.00124103,0.03380170695029322
128,100,2,AB,B,4,stage.result_sort,1,0.004782105,0.004781848,0.13018553863165588
128,100,2,AB,B,4,stage.schedule,10,0.005761127,0.005048452,0.15683792422382523
128,100,2,AB,B,4,stage.threshold,2,1.9669e-05,1.9124e-05,0.00053545862321008
128,100,2,AB,B,5,stage.aggregate,1,7.9056e-05,7.8791e-05,0.0021038682770243324
128,100,2,AB,B,5,stage.alloc_init,1,0.002659982,0.00265967,0.07078845055727254
128,100,2,AB,B,5,stage.candidates,1,0.000142115,0.000141663,0.003782018318525008
128,100,2,AB,B,5,stage.cleanup,1,0.002211187,0.002210784,0.05884494768099325
128,100,2,AB,B,5,stage.delivery,1,5.5602e-05,5.5318e-05,0.0014797015272605108
128,100,2,AB,B,5,stage.leaf_distance,1,0.019469121,0.01946895,0.5181196373892968
128,100,2,AB,B,5,stage.node_plan,4,0.000108885,0.000107568,0.002897688946364532
128,100,2,AB,B,5,stage.node_prune,4,6.2058e-05,6.0954e-05,0.0016515110495797412
128,100,2,AB,B,5,stage.output_alloc,1,8.189e-06,7.88e-06,0.00021792877606446393
128,100,2,AB,B,5,stage.pivot_distance,2,0.000140418,0.00013985,0.003736857110443265
128,100,2,AB,B,5,stage.pivot_sort,2,0.001131094,0.001130509,0.03010110282499191
128,100,2,AB,B,5,stage.result_sort,1,0.004770323,0.00477005,0.12694964621103452
128,100,2,AB,B,5,stage.schedule,10,0.006704446,0.005280866,0.17842126156677138
128,100,2,AB,B,5,stage.threshold,2,2.1747e-05,2.1191e-05,0.0005787394178866646
128,100,2,AB,B,6,stage.aggregate,1,0.000820784,0.000820376,0.026078929507705174
128,100,2,AB,B,6,stage.alloc_init,1,0.001580553,0.001580128,0.050219217565391064
128,100,2,AB,B,6,stage.candidates,1,0.000131334,0.000131046,0.004172900699776009
128,100,2,AB,B,6,stage.cleanup,1,0.001500292,0.001499859,0.04766906921793555
128,100,2,AB,B,6,stage.delivery,1,5.6715e-05,5.6425e-05,0.0018020167145430456
128,100,2,AB,B,6,stage.leaf_distance,1,0.019489254,0.019476397,0.6192358540416981
128,100,2,AB,B,6,stage.node_plan,4,9.4779e-05,9.3639e-05,0.003011431582256463
128,100,2,AB,B,6,stage.node_prune,4,6.3457e-05,6.2336e-05,0.002016231590492075
128,100,2,AB,B,6,stage.output_alloc,1,7.944e-06,7.668e-06,0.0002524062554937839
128,100,2,AB,B,6,stage.pivot_distance,2,0.00013901,0.000138316,0.00441679173919825
128,100,2,AB,B,6,stage.pivot_sort,2,0.001757247,0.001756633,0.055833350358469945
128,100,2,AB,B,6,stage.result_sort,1,0.005670949,0.005670729,0.180184164424247
128,100,2,AB,B,6,stage.schedule,10,0.000129353,0.000126543,0.004109958001874046
128,100,2,AB,B,6,stage.threshold,2,2.0641e-05,2.0081e-05,0.000655830503480261
128,100,2,AB,B,7,stage.aggregate,1,7.7636e-05,7.7357e-05,0.0019170165142789657
128,100,2,AB,B,7,stage.alloc_init,1,0.003695094,0.003694646,0.09124061285760626
128,100,2,AB,B,7,stage.candidates,1,0.000133145,0.000132869,0.003287665049637705
128,100,2,AB,B,7,stage.cleanup,1,0.002121705,0.002121297,0.05238991606250004
128,100,2,AB,B,7,stage.delivery,1,5.6919e-05,5.6626e-05,0.0014054647711917725
128,100,2,AB,B,7,stage.leaf_distance,1,0.019481164,0.01948102,0.4810360284581492
128,100,2,AB,B,7,stage.node_plan,4,9.2075e-05,9.0781e-05,0.0022735495846287258
128,100,2,AB,B,7,stage.node_prune,4,0.00172156,0.001720103,0.042509389333841206
128,100,2,AB,B,7,stage.output_alloc,1,7.817e-06,7.501e-06,0.00019302022376370078
128,100,2,AB,B,7,stage.pivot_distance,2,0.002369934,0.001082333,0.05851927734235672
128,100,2,AB,B,7,stage.pivot_sort,2,0.001112365,0.001111715,0.02746692352653307
128,100,2,AB,B,7,stage.result_sort,1,0.004765922,0.004765699,0.11768188958428352
128,100,2,AB,B,7,stage.schedule,10,0.004416219,0.001559954,0.10904689517327708
128,100,2,AB,B,7,stage.threshold,2,0.000433621,0.000432852,0.01070712836748621
128,100,3,BA,B,0,stage.aggregate,1,0.000825038,0.00082472,0.021633518126637257
128,100,3,BA,B,0,stage.alloc_init,1,0.004728599,0.004728287,0.12398972190383813
128,100,3,BA,B,0,stage.candidates,1,0.000241191,0.000240837,0.006324326722504619
128,100,3,BA,B,0,stage.cleanup,1,0.001545334,0.001545017,0.04052057129575711
128,100,3,BA,B,0,stage.delivery,1,6.0455e-05,6.018e-05,0.0015852049703720984
128,100,3,BA,B,0,stage.leaf_distance,1,0.019487555,0.019487437,0.5109878264229533
128,100,3,BA,B,0,stage.node_plan,4,0.00010311,0.000101964,0.002703671896370309
128,100,3,BA,B,0,stage.node_prune,4,0.000124818,0.000123664,0.003272882540598868
128,100,3,BA,B,0,stage.output_alloc,1,8.413e-06,8.105e-06,0.00022059927906278165
128,100,3,BA,B,0,stage.pivot_distance,2,0.000875322,0.00026724,0.02295202688075504
128,100,3,BA,B,0,stage.pivot_sort,2,0.001250592,0.001249983,0.03279207103312519
128,100,3,BA,B,0,stage.result_sort,1,0.004831548,0.004831273,0.1266891721808183
128,100,3,BA,B,0,stage.schedule,10,0.003992611,0.00323861,0.1046912050609927
128,100,3,BA,B,0,stage.threshold,2,4.956e-05,4.8999e-05,0.0012995245774814522
128,100,3,BA,B,1,stage.aggregate,1,0.000824408,0.000824075,0.022117855906625565
128,100,3,BA,B,1,stage.alloc_init,1,0.0026181,0.002617714,0.07024041318028984
128,100,3,BA,B,1,stage.candidates,1,0.000227836,0.000227547,0.006112560550530735
128,100,3,BA,B,1,stage.cleanup,1,0.001882475,0.001882214,0.05050449631471912
128,100,3,BA,B,1,stage.delivery,1,5.964e-05,5.9353e-05,0.0016000680806968742
128,100,3,BA,B,1,stage.leaf_distance,1,0.01949922,0.019499132,0.5231401663394719
128,100,3,BA,B,1,stage.node_plan,4,0.000108151,0.000107007,0.0029015587356714897
128,100,3,BA,B,1,stage.node_prune,4,9.9222e-05,9.8028e-05,0.0026620046127247697
128,100,3,BA,B,1,stage.output_alloc,1,8.402e-06,8.119e-06,0.0002254153590545798
128,100,3,BA,B,1,stage.pivot_distance,2,0.0001592,0.000158646,0.004271140819029885
128,100,3,BA,B,1,stage.pivot_sort,2,0.001154893,0.001154251,0.030984363278340966
128,100,3,BA,B,1,stage.result_sort,1,0.004821912,0.004821085,0.1293659872422741
128,100,3,BA,B,1,stage.schedule,10,0.005775712,0.005068202,0.15495527187286895
128,100,3,BA,B,1,stage.threshold,2,2.1865e-05,2.1271e-05,0.0005866111432668873
128,100,3,BA,B,2,stage.aggregate,1,0.000825982,0.000825246,0.021971011889821642
128,100,3,BA,B,2,stage.alloc_init,1,0.002638149,0.002637801,0.07017441426825412
128,100,3,BA,B,2,stage.candidates,1,0.000229871,0.000229588,0.006114538178949652
128,100,3,BA,B,2,stage.cleanup,1,0.001940478,0.001940137,0.05161645799779817
128,100,3,BA,B,2,stage.delivery,1,5.8482e-05,5.8196e-05,0.0015556134605119111
128,100,3,BA,B,2,stage.leaf_distance,1,0.019486272,0.019486222,0.5183322563933579
128,100,3,BA,B,2,stage.node_plan,4,0.000102358,0.000101186,0.0027227092539769196
128,100,3,BA,B,2,stage.node_prune,4,0.000103242,0.000101897,0.0027462235369886587
128,100,3,BA,B,2,stage.output_alloc,1,8.422e-06,8.099e-06,0.00022402408543537012
128,100,3,BA,B,2,stage.pivot_distance,2,0.000157874,0.000157322,0.004199427507008267
128,100,3,BA,B,2,stage.pivot_sort,2,0.00142945,0.001428748,0.03802318082707075
128,100,3,BA,B,2,stage.result_sort,1,0.004817904,0.004817649,0.1281556088002151
128,100,3,BA,B,2,stage.schedule,10,0.005761737,0.005059872,0.15326144169367528
128,100,3,BA,B,2,stage.threshold,2,2.1953e-05,2.1405e-05,0.0005839468947474093
128,100,3,BA,B,3,stage.aggregate,1,0.000824884,0.000824214,0.022136681213719082
128,100,3,BA,B,3,stage.alloc_init,1,0.002639882,0.002639572,0.07084417478801282
128,100,3,BA,B,3,stage.candidates,1,0.000227149,0.00022645,0.006095796501102065
128,100,3,BA,B,3,stage.cleanup,1,0.001853154,0.001852774,0.049731452347152295
128,100,3,BA,B,3,stage.delivery,1,5.8545e-05,5.826e-05,0.0015711203049849237
128,100,3,BA,B,3,stage.leaf_distance,1,0.019504498,0.019504489,0.5234249354571326
128,100,3,BA,B,3,stage.node_plan,4,0.000100258,9.9053e-05,0.0026905351360009986
128,100,3,BA,B,3,stage.node_prune,4,9.5861e-05,9.4718e-05,0.002572536741927744
128,100,3,BA,B,3,stage.output_alloc,1,7.823e-06,7.507e-06,0.00020993892127247512
128,100,3,BA,B,3,stage.pivot_distance,2,0.00016161,0.000161,0.0043369844135043726
128,100,3,BA,B,3,stage.pivot_sort,2,0.001114014,0.001113388,0.029895806908147145
128,100,3,BA,B,3,stage.result_sort,1,0.004817616,0.004817373,0.12928609307746602
128,100,3,BA,B,3,stage.schedule,10,0.005823838,0.005073246,0.15628918156533925
128,100,3,BA,B,3,stage.threshold,2,2.2428e-05,2.1865e-05,0.000601880368950412
128,100,3,BA,B,4,stage.aggregate,1,0.000827298,0.000827047,0.022071646610980246
128,100,3,BA,B,4,stage.alloc_init,1,0.00260505,0.002604765,0.06950064306203338
128,100,3,BA,B,4,stage.candidates,1,0.000205247,0.000204961,0.0054758252189221574
128,100,3,BA,B,4,stage.cleanup,1,0.001874261,0.001873979,0.05000377910830492
128,100,3,BA,B,4,stage.delivery,1,5.9731e-05,5.9447e-05,0.0015935751370370302
128,100,3,BA,B,4,stage.leaf_distance,1,0.019482872,0.019482854,0.5197873870732939
128,100,3,BA,B,4,stage.node_plan,4,0.000103534,0.000102415,0.0027622040186501464
128,100,3,BA,B,4,stage.node_prune,4,8.1948e-05,8.0828e-05,0.002186306864608169
128,100,3,BA,B,4,stage.output_alloc,1,7.849e-06,7.552e-06,0.00020940502001646802
128,100,3,BA,B,4,stage.pivot_distance,2,0.000157341,0.000156696,0.0041977315905734605
128,100,3,BA,B,4,stage.pivot_sort,2,0.001390362,0.001381223,0.037093742188831255
128,100,3,BA,B,4,stage.result_sort,1,0.004839694,0.004839461,0.12911915134967258
128,100,3,BA,B,4,stage.schedule,10,0.005782451,0.005080591,0.15427115140772651
128,100,3,BA,B,4,stage.threshold,2,5.3513e-05,5.2963e-05,0.0014276838879018032
128,100,3,BA,B,5,stage.aggregate,1,0.000826325,0.000826024,0.019770777889459742
128,100,3,BA,B,5,stage.alloc_init,1,0.00470471,0.004704456,0.11256560850067483
128,100,3,BA,B,5,stage.candidates,1,0.000171991,0.000171722,0.0041150828789956375
128,100,3,BA,B,5,stage.cleanup,1,0.001617039,0.001616681,0.03868952156547858
128,100,3,BA,B,5,stage.delivery,1,6.2482e-05,6.2203e-05,0.001494953854826156
128,100,3,BA,B,5,stage.leaf_distance,1,0.019476981,0.01947696,0.4660092158753849
128,100,3,BA,B,5,stage.node_plan,4,0.000104432,0.000103208,0.002498655948388418
128,100,3,BA,B,5,stage.node_prune,4,0.000119655,0.000118511,0.002862883766512335
128,100,3,BA,B,5,stage.output_alloc,1,7.67e-06,7.382e-06,0.0001835135889778915
128,100,3,BA,B,5,stage.pivot_distance,2,0.001523116,0.000259321,0.03644230555275752
128,100,3,BA,B,5,stage.pivot_sort,2,0.001198824,0.001198197,0.02868324573570167
128,100,3,BA,B,5,stage.result_sort,1,0.004825562,0.00482534,0.11545713187162088
128,100,3,BA,B,5,stage.schedule,10,0.006708204,0.003269859,0.1605015112954169
128,100,3,BA,B,5,stage.threshold,2,0.000436998,0.000436118,0.010455680750477267
128,100,3,BA,B,6,stage.aggregate,1,8.8177e-05,8.7901e-05,0.002270273487921441
128,100,3,BA,B,6,stage.alloc_init,1,0.003654547,0.003654252,0.09409280384298442
128,100,3,BA,B,6,stage.candidates,1,0.000237431,0.00023715,0.006113082827842584
128,100,3,BA,B,6,stage.cleanup,1,0.002075169,0.002074899,0.053428911889227895
128,100,3,BA,B,6,stage.delivery,1,5.9996e-05,5.971e-05,0.0015447035868915336
128,100,3,BA,B,6,stage.leaf_distance,1,0.019508893,0.019508883,0.5022911026298942
128,100,3,BA,B,6,stage.node_plan,4,9.7836e-05,9.6603e-05,0.0025189615995586385
128,100,3,BA,B,6,stage.node_prune,4,0.00218637,0.002185254,0.056291979153144246
128,100,3,BA,B,6,stage.output_alloc,1,9.06e-06,8.764e-06,0.00023326579267346644
128,100,3,BA,B,6,stage.pivot_distance,2,0.001104445,0.00062909,0.02843589827695879
128,100,3,BA,B,6,stage.pivot_sort,2,0.001222046,0.001221372,0.031463744908768104
128,100,3,BA,B,6,stage.result_sort,1,0.004805884,0.004805612,0.12373601995107392
128,100,3,BA,B,6,stage.schedule,10,0.003375987,0.001955172,0.08692078185544348
128,100,3,BA,B,6,stage.threshold,2,0.000401806,0.000401249,0.01034520917118707
128,100,3,BA,B,7,stage.aggregate,1,8.4177e-05,8.3896e-05,0.0026766411617787076
128,100,3,BA,B,7,stage.alloc_init,1,0.001588554,0.001588267,0.05051247994236208
128,100,3,BA,B,7,stage.candidates,1,0.000232807,0.000232523,0.007402744205070454
128,100,3,BA,B,7,stage.cleanup,1,0.002061137,0.002060863,0.06553956703452345
128,100,3,BA,B,7,stage.delivery,1,5.858e-05,5.8283e-05,0.0018627135590125175
128,100,3,BA,B,7,stage.leaf_distance,1,0.01951669,0.0195167,0.6205872838860363
128,100,3,BA,B,7,stage.node_plan,4,9.7736e-05,9.6578e-05,0.0031077871697447494
128,100,3,BA,B,7,stage.node_prune,4,0.000101041,9.9898e-05,0.003212878810450389
128,100,3,BA,B,7,stage.output_alloc,1,8.284e-06,7.973e-06,0.00026341275388971826
128,100,3,BA,B,7,stage.pivot_distance,2,0.00016151,0.000160924,0.005135658363197537
128,100,3,BA,B,7,stage.pivot_sort,2,0.001707522,0.001706935,0.05429539743448569
128,100,3,BA,B,7,stage.result_sort,1,0.005659565,0.005659248,0.17996156475951997
128,100,3,BA,B,7,stage.schedule,10,0.000138686,0.000135977,0.0044099059857495735
128,100,3,BA,B,7,stage.threshold,2,2.1291e-05,2.0729e-05,0.0006770063910026547
128,100,3,BA,A,0,stage.aggregate,1,0.000825523,0.000825082,0.024813583193192844
128,100,3,BA,A,0,stage.alloc_init,1,0.00472439,0.004723952,0.14200578821194362
128,100,3,BA,A,0,stage.candidates,1,0.000249032,0.000248758,0.007485407735177821
128,100,3,BA,A,0,stage.cleanup,1,0.001400806,0.001400385,0.042105448568390824
128,100,3,BA,A,0,stage.delivery,1,5.8241e-05,5.7964e-05,0.0017506088852215437
128,100,3,BA,A,0,stage.leaf_distance,1,0.014918029,0.014917803,0.44840634806051854
128,100,3,BA,A,0,stage.node_plan,4,0.00010329,0.00010213,0.0031046924289509664
128,100,3,BA,A,0,stage.node_prune,4,0.000142156,0.000140734,0.004272927262367641
128,100,3,BA,A,0,stage.output_alloc,1,8.762e-06,8.421e-06,0.0002633683324858977
128,100,3,BA,A,0,stage.pivot_distance,2,0.000821434,0.000266346,0.024690675967498386
128,100,3,BA,A,0,stage.pivot_sort,2,0.001149366,0.001147976,0.03454766113170352
128,100,3,BA,A,0,stage.result_sort,1,0.004820359,0.004820129,0.14489042590885517
128,100,3,BA,A,0,stage.schedule,10,0.003982332,0.003228968,0.11970099728888721
128,100,3,BA,A,0,stage.threshold,2,5.1177e-05,5.0621e-05,0.0015382790631854354
128,100,3,BA,A,1,stage.aggregate,1,0.000824336,0.000823912,0.025250961634274524
128,100,3,BA,A,1,stage.alloc_init,1,0.002631575,0.002631109,0.0806100902577541
128,100,3,BA,A,1,stage.candidates,1,0.000249308,0.000249023,0.0076367728003116616
128,100,3,BA,A,1,stage.cleanup,1,0.001504972,0.00150453,0.046100122077232346
128,100,3,BA,A,1,stage.delivery,1,5.9467e-05,5.918e-05,0.0018215860225750218
128,100,3,BA,A,1,stage.leaf_distance,1,0.014915916,0.01491506,0.45690255266791885
128,100,3,BA,A,1,stage.node_plan,4,0.000107307,0.000106154,0.0032870151735325116
128,100,3,BA,A,1,stage.node_prune,4,0.000111896,0.000110731,0.003427584871980336
128,100,3,BA,A,1,stage.output_alloc,1,8.845e-06,8.517e-06,0.00027093898077380844
128,100,3,BA,A,1,stage.pivot_distance,2,0.000165674,0.000165112,0.00507490612783719
128,100,3,BA,A,1,stage.pivot_sort,2,0.001391274,0.00139072,0.04261733855704914
128,100,3,BA,A,1,stage.result_sort,1,0.004835291,0.004835024,0.1481140548654346
128,100,3,BA,A,1,stage.schedule,10,0.005804001,0.005050764,0.1777874635783115
128,100,3,BA,A,1,stage.threshold,2,2.2759e-05,2.22e-05,0.0006971509625134095
128,100,3,BA,A,2,stage.aggregate,1,0.00082487,0.000824488,0.02529879363702232
128,100,3,BA,A,2,stage.alloc_init,1,0.002641788,0.002641276,0.08102373640059878
128,100,3,BA,A,2,stage.candidates,1,0.000241759,0.00024147,0.007414757538633819
128,100,3,BA,A,2,stage.cleanup,1,0.001529478,0.00152905,0.046909147252737544
128,100,3,BA,A,2,stage.delivery,1,5.7737e-05,5.7432e-05,0.001770795941446237
128,100,3,BA,A,2,stage.leaf_distance,1,0.014900199,0.014900004,0.4569896585541556
128,100,3,BA,A,2,stage.node_plan,4,0.000101446,0.000100225,0.0031113526001689553
128,100,3,BA,A,2,stage.node_prune,4,0.000110159,0.000108822,0.0033785806348403283
128,100,3,BA,A,2,stage.output_alloc,1,8.444e-06,8.132e-06,0.00025897779464766145
128,100,3,BA,A,2,stage.pivot_distance,2,0.000161326,0.000160766,0.0049478744314695195
128,100,3,BA,A,2,stage.pivot_sort,2,0.001420083,0.001419233,0.04355399852636605
128,100,3,BA,A,2,stage.result_sort,1,0.00482224,0.004822006,0.1478982804904949
128,100,3,BA,A,2,stage.schedule,10,0.005751801,0.005048845,0.17640795099860415
128,100,3,BA,A,2,stage.threshold,2,2.2458e-05,2.188e-05,0.0006887876968495003
128,100,3,BA,A,3,stage.aggregate,1,0.00082579,0.000825371,0.025500861922895118
128,100,3,BA,A,3,stage.alloc_init,1,0.002635176,0.002634766,0.08137572423803517
128,100,3,BA,A,3,stage.candidates,1,0.000245392,0.0002451,0.007577843651513191
128,100,3,BA,A,3,stage.cleanup,1,0.001540498,0.001540063,0.047571448904074984
128,100,3,BA,A,3,stage.delivery,1,5.7937e-05,5.7635e-05,0.0017891273050373272
128,100,3,BA,A,3,stage.leaf_distance,1,0.014908189,0.014908099,0.4603733021826661
128,100,3,BA,A,3,stage.node_plan,4,0.000105854,0.000104692,0.003268831346935831
128,100,3,BA,A,3,stage.node_prune,4,0.000109138,0.000107984,0.0033702431229984953
128,100,3,BA,A,3,stage.output_alloc,1,8.112e-06,7.817e-06,0.0002505031447686763
128,100,3,BA,A,3,stage.pivot_distance,2,0.000164747,0.000164035,0.005087480472288599
128,100,3,BA,A,3,stage.pivot_sort,2,0.001138104,0.001137162,0.03514529475761952
128,100,3,BA,A,3,stage.result_sort,1,0.004821271,0.004821077,0.1488835733828921
128,100,3,BA,A,3,stage.schedule,10,0.005790152,0.005044176,0.1788031662584616
128,100,3,BA,A,3,stage.threshold,2,2.1121e-05,2.0556e-05,0.0006522284172410271
128,100,3,BA,A,4,stage.aggregate,1,0.000825554,0.000825125,0.024777243738797885
128,100,3,BA,A,4,stage.alloc_init,1,0.002639391,0.002639007,0.07921569531367964
128,100,3,BA,A,4,stage.candidates,1,0.000586784,0.000586062,0.0176110710989551
128,100,3,BA,A,4,stage.cleanup,1,0.001467455,0.001467023,0.0440425341173535
128,100,3,BA,A,4,stage.delivery,1,5.6233e-05,5.5951e-05,0.0016877136409778422
128,100,3,BA,A,4,stage.leaf_distance,1,0.014899859,0.01489963,0.4471875105889152
128,100,3,BA,A,4,stage.node_plan,4,0.000100834,9.9634e-05,0.003026317594194863
128,100,3,BA,A,4,stage.node_prune,4,0.000107628,0.000106437,0.0032302250235833616
128,100,3,BA,A,4,stage.output_alloc,1,7.998e-06,7.693e-06,0.00024004292320418225
128,100,3,BA,A,4,stage.pivot_distance,2,0.000165537,0.000164821,0.004968240232364431
128,100,3,BA,A,4,stage.pivot_sort,2,0.001146591,0.00114586,0.03441248504121112
128,100,3,BA,A,4,stage.result_sort,1,0.004819114,0.004818836,0.14463543533560885
128,100,3,BA,A,4,stage.schedule,10,0.006460975,0.005059148,0.19391239381709696
128,100,3,BA,A,4,stage.threshold,2,2.2801e-05,2.2245e-05,0.0006843234173516579
128,100,3,BA,A,5,stage.aggregate,1,0.000824241,0.000823795,0.022030666113316933
128,100,3,BA,A,5,stage.alloc_init,1,0.003662497,0.003662054,0.09789278687668404
128,100,3,BA,A,5,stage.candidates,1,0.000595978,0.000595216,0.015929554983169246
128,100,3,BA,A,5,stage.cleanup,1,0.001457524,0.001457072,0.038957325098055245
128,100,3,BA,A,5,stage.delivery,1,5.9412e-05,5.9096e-05,0.0015879893564192825
128,100,3,BA,A,5,stage.leaf_distance,1,0.01489776,0.014897664,0.39819370353613626
128,100,3,BA,A,5,stage.node_plan,4,0.000106243,0.000105005,0.002839708361846998
128,100,3,BA,A,5,stage.node_prune,4,0.000734633,0.000733048,0.019635585149033307
128,100,3,BA,A,5,stage.output_alloc,1,1.2359e-05,1.1968e-05,0.00033033664000514895
128,100,3,BA,A,5,stage.pivot_distance,2,0.001744317,0.000651555,0.04662285111124374
128,100,3,BA,A,5,stage.pivot_sort,2,0.001162427,0.001161876,0.03106984621986126
128,100,3,BA,A,5,stage.result_sort,1,0.004833421,0.004833138,0.12918974454812907
128,100,3,BA,A,5,stage.schedule,10,0.006874795,0.004027845,0.18375246225618563
128,100,3,BA,A,5,stage.threshold,2,0.000433393,0.000432328,0.011583913538453883
128,100,3,BA,A,6,stage.aggregate,1,8.7659e-05,8.7359e-05,0.002698889172450979
128,100,3,BA,A,6,stage.alloc_init,1,0.00366456,0.00366411,0.11282630768999144
128,100,3,BA,A,6,stage.candidates,1,0.000242084,0.000241792,0.007453403374709075
128,100,3,BA,A,6,stage.cleanup,1,0.002079236,0.002078746,0.0640165587945366
128,100,3,BA,A,6,stage.delivery,1,5.3777e-05,5.3489e-05,0.0016557131957573815
128,100,3,BA,A,6,stage.leaf_distance,1,0.014920013,0.014919766,0.4593648289226189
128,100,3,BA,A,6,stage.node_plan,4,0.00010123,0.000100009,0.003116719913838997
128,100,3,BA,A,6,stage.node_prune,4,0.001756704,0.001755384,0.05408628212506787
128,100,3,BA,A,6,stage.output_alloc,1,9.885e-06,9.589e-06,0.00030434432824556437
128,100,3,BA,A,6,stage.pivot_distance,2,0.001300789,0.000636859,0.04004934288257152
128,100,3,BA,A,6,stage.pivot_sort,2,0.001155488,0.001154677,0.035575742959616664
128,100,3,BA,A,6,stage.result_sort,1,0.004802743,0.004802465,0.14786925564704972
128,100,3,BA,A,6,stage.schedule,10,0.002271254,0.002267953,0.06992850509914528
128,100,3,BA,A,6,stage.threshold,2,2.1576e-05,2.1015e-05,0.0006642926885408496
128,100,3,BA,A,7,stage.aggregate,1,8.8708e-05,8.8413e-05,0.0032837430435901822
128,100,3,BA,A,7,stage.alloc_init,1,0.001597336,0.001596849,0.05912928910894358
128,100,3,BA,A,7,stage.candidates,1,0.000255297,0.000254831,0.009450441310811231
128,100,3,BA,A,7,stage.cleanup,1,0.002298235,0.002297827,0.08507477559842948
128,100,3,BA,A,7,stage.delivery,1,5.8488e-05,5.821e-05,0.0021650760149423114
128,100,3,BA,A,7,stage.leaf_distance,1,0.014947614,0.014947383,0.5533224003559004
128,100,3,BA,A,7,stage.node_plan,4,9.9517e-05,9.8363e-05,0.0036838645496343526
128,100,3,BA,A,7,stage.node_prune,4,0.000109929,0.000108722,0.004069290132105618
128,100,3,BA,A,7,stage.output_alloc,1,8.787e-06,8.483e-06,0.0003252722429096241
128,100,3,BA,A,7,stage.pivot_distance,2,0.000165066,0.000164498,0.006110320706511893
128,100,3,BA,A,7,stage.pivot_sort,2,0.001700424,0.001699671,0.06294534293585463
128,100,3,BA,A,7,stage.result_sort,1,0.005516845,0.005516612,0.20421947728857914
128,100,3,BA,A,7,stage.schedule,10,0.000134865,0.00013213,0.004992357009218897
128,100,3,BA,A,7,stage.threshold,2,2.1425e-05,2.0776e-05,0.0007930986462204046
128,100,4,AB,A,0,stage.aggregate,1,8.0606e-05,8.034e-05,0.002904712765471345
128,100,4,AB,A,0,stage.alloc_init,1,0.001598636,0.001598334,0.05760834673029364
128,100,4,AB,A,0,stage.candidates,1,0.000241663,0.000241371,0.008708552726125867
128,100,4,AB,A,0,stage.cleanup,1,0.002284915,0.002284531,0.08233905377412301
128,100,4,AB,A,0,stage.delivery,1,6.4675e-05,6.4239e-05,0.002330624247659718
128,100,4,AB,A,0,stage.leaf_distance,1,0.014945237,0.014944972,0.538565624108561
128,100,4,AB,A,0,stage.node_plan,4,9.9321e-05,9.816e-05,0.0035791253328459356
128,100,4,AB,A,0,stage.node_prune,4,0.000111112,0.000109829,0.004004025070057466
128,100,4,AB,A,0,stage.output_alloc,1,7.082e-06,6.789e-06,0.0002552065082632567
128,100,4,AB,A,0,stage.pivot_distance,2,0.00016371,0.000163143,0.00589944330242555
128,100,4,AB,A,0,stage.pivot_sort,2,0.002252545,0.001724569,0.0811725704823295
128,100,4,AB,A,0,stage.result_sort,1,0.005731671,0.005731387,0.2065461370267959
128,100,4,AB,A,0,stage.schedule,10,0.000134176,0.000131406,0.004835157928936844
128,100,4,AB,A,0,stage.threshold,2,2.2352e-05,2.1788e-05,0.0008054752714911483
128,100,4,AB,A,1,stage.aggregate,1,8.1421e-05,8.1146e-05,0.003041397044203298
128,100,4,AB,A,1,stage.alloc_init,1,0.001574688,0.001574378,0.05882083772911661
128,100,4,AB,A,1,stage.candidates,1,0.000242076,0.000241781,0.009042498014917006
128,100,4,AB,A,1,stage.cleanup,1,0.001994337,0.0019939,0.07449639106551471
128,100,4,AB,A,1,stage.delivery,1,5.8473e-05,5.8174e-05,0.0021841982948588136
128,100,4,AB,A,1,stage.leaf_distance,1,0.014954614,0.014954422,0.5586141022193446
128,100,4,AB,A,1,stage.node_plan,4,9.7236e-05,9.6035e-05,0.0036321499734730833
128,100,4,AB,A,1,stage.node_prune,4,0.000108661,0.000107543,0.004058919003944616
128,100,4,AB,A,1,stage.output_alloc,1,6.971e-06,6.654e-06,0.0002603944780233747
128,100,4,AB,A,1,stage.pivot_distance,2,0.000164067,0.000163498,0.006128552693424332
128,100,4,AB,A,1,stage.pivot_sort,2,0.00171874,0.001718134,0.06420175084749606
128,100,4,AB,A,1,stage.result_sort,1,0.005613246,0.005612869,0.20967698496439474
128,100,4,AB,A,1,stage.schedule,10,0.000125653,0.000122944,0.004693637547994707
128,100,4,AB,A,1,stage.threshold,2,2.0504e-05,1.9948e-05,0.0007659056630886923
128,100,4,AB,A,2,stage.aggregate,1,0.000821997,0.00082158,0.029903590037309774
128,100,4,AB,A,2,stage.alloc_init,1,0.001606845,0.001606364,0.05845572931957297
128,100,4,AB,A,2,stage.candidates,1,0.000244642,0.000244346,0.008899879286551579
128,100,4,AB,A,2,stage.cleanup,1,0.001753683,0.001753253,0.06379757771305676
128,100,4,AB,A,2,stage.delivery,1,6.0496e-05,6.021e-05,0.0022007958458450483
128,100,4,AB,A,2,stage.leaf_distance,1,0.014957232,0.014944475,0.5441320756899732
128,100,4,AB,A,2,stage.node_plan,4,0.000100926,9.9763e-05,0.003671606743218681
128,100,4,AB,A,2,stage.node_prune,4,0.000107336,0.000106227,0.0039047973900691634
128,100,4,AB,A,2,stage.output_alloc,1,7.682e-06,7.375e-06,0.00027946498425981324
128,100,4,AB,A,2,stage.pivot_distance,2,0.000161966,0.000161398,0.005892192871729355
128,100,4,AB,A,2,stage.pivot_sort,2,0.001705,0.001704371,0.06202652931046362
128,100,4,AB,A,2,stage.result_sort,1,0.005792231,0.005791966,0.2107167072694874
128,100,4,AB,A,2,stage.schedule,10,0.000135128,0.000132386,0.0049158480074277585
128,100,4,AB,A,2,stage.threshold,2,2.1935e-05,2.1371e-05,0.0007979776659384278
128,100,4,AB,A,3,stage.aggregate,1,0.000826761,0.000826336,0.02317167608235582
128,100,4,AB,A,3,stage.alloc_init,1,0.003708943,0.003708064,0.10395074973773684
128,100,4,AB,A,3,stage.candidates,1,0.000599922,0.000599471,0.016814046935788057
128,100,4,AB,A,3,stage.cleanup,1,0.001409386,0.001408962,0.03950093904648035
128,100,4,AB,A,3,stage.delivery,1,6.3432e-05,6.3154e-05,0.0017778121576320052
128,100,4,AB,A,3,stage.leaf_distance,1,0.014899776,0.01488894,0.41759684258408325
128,100,4,AB,A,3,stage.node_plan,4,9.9146e-05,9.7959e-05,0.0027787704026450816
128,100,4,AB,A,3,stage.node_prune,4,0.001706306,0.001704931,0.04782273223988581
128,100,4,AB,A,3,stage.output_alloc,1,7.075e-06,6.758e-06,0.0001982914146684077
128,100,4,AB,A,3,stage.pivot_distance,2,0.002228972,0.001075958,0.06247152100866008
128,100,4,AB,A,3,stage.pivot_sort,2,0.00113091,0.001130311,0.03169607685691151
128,100,4,AB,A,3,stage.result_sort,1,0.004830116,0.004829869,0.13537392715936547
128,100,4,AB,A,3,stage.schedule,10,0.00373141,0.002326291,0.10458043358414745
128,100,4,AB,A,3,stage.threshold,2,0.000425465,0.000424293,0.01192453098825358
128,100,4,AB,A,4,stage.aggregate,1,0.000865681,0.000865257,0.023664566906231584
128,100,4,AB,A,4,stage.alloc_init,1,0.004725453,0.004725211,0.12917668134191782
128,100,4,AB,A,4,stage.candidates,1,0.000581705,0.00058128,0.015901696920909023
128,100,4,AB,A,4,stage.cleanup,1,0.001493618,0.00149326,0.04083007839302446
128,100,4,AB,A,4,stage.delivery,1,6.2195e-05,6.1903e-05,0.0017001848703310726
128,100,4,AB,A,4,stage.leaf_distance,1,0.014911908,0.014911686,0.40763727581588366
128,100,4,AB,A,4,stage.node_plan,4,0.000104238,0.000103035,0.0028494874268602034
128,100,4,AB,A,4,stage.node_prune,4,0.000160308,0.000159193,0.004382237096117592
128,100,4,AB,A,4,stage.output_alloc,1,8.071e-06,7.758e-06,0.00022063175638623823
128,100,4,AB,A,4,stage.pivot_distance,2,0.000165566,0.000165007,0.00452597167362705
128,100,4,AB,A,4,stage.pivot_sort,2,0.001156086,0.001155325,0.031603182345872956
128,100,4,AB,A,4,stage.result_sort,1,0.00481249,0.004812211,0.1315559560514444
128,100,4,AB,A,4,stage.schedule,10,0.00749765,0.003423107,0.2049584547477734
128,100,4,AB,A,4,stage.threshold,2,2.3464e-05,2.2903e-05,0.0006414203359988471
128,100,4,AB,A,5,stage.aggregate,1,8.0552e-05,8.0276e-05,0.0024115407878121027
128,100,4,AB,A,5,stage.alloc_init,1,0.002657998,0.002657723,0.07957431958142559
128,100,4,AB,A,5,stage.candidates,1,0.000571658,0.000570961,0.017114119868893274
128,100,4,AB,A,5,stage.cleanup,1,0.002068291,0.002067871,0.06191985434954665
128,100,4,AB,A,5,stage.delivery,1,5.9311e-05,5.9027e-05,0.0017756343190227883
128,100,4,AB,A,5,stage.leaf_distance,1,0.014914624,0.014914378,0.4465093866183496
128,100,4,AB,A,5,stage.node_plan,4,0.000105837,0.000104727,0.003168515274104548
128,100,4,AB,A,5,stage.node_prune,4,0.000107834,0.000106703,0.00322830084061141
128,100,4,AB,A,5,stage.output_alloc,1,8.44e-06,8.11e-06,0.0002526741018116763
128,100,4,AB,A,5,stage.pivot_distance,2,0.000162909,0.000162336,0.0048771191056917506
128,100,4,AB,A,5,stage.pivot_sort,2,0.001140001,0.00113943,0.034128996296138955
128,100,4,AB,A,5,stage.result_sort,1,0.004814823,0.004799795,0.14414467735867306
128,100,4,AB,A,5,stage.schedule,10,0.006676086,0.005268573,0.1998665916667662
128,100,4,AB,A,5,stage.threshold,2,2.1822e-05,2.128e-05,0.0006533002665562085
128,100,4,AB,A,6,stage.aggregate,1,7.8971e-05,7.8694e-05,0.002937666934241324
128,100,4,AB,A,6,stage.alloc_init,1,0.001578814,0.001578484,0.058730795901245796
128,100,4,AB,A,6,stage.candidates,1,0.000242443,0.000242,0.009018713002725928
128,100,4,AB,A,6,stage.cleanup,1,0.00226326,0.002262822,0.084191716776931
128,100,4,AB,A,6,stage.delivery,1,6.057e-05,6.0273e-05,0.002253162378683276
128,100,4,AB,A,6,stage.leaf_distance,1,0.014939748,0.014939484,0.5557483595940023
128,100,4,AB,A,6,stage.node_plan,4,9.9651e-05,9.8487e-05,0.003706948723760395
128,100,4,AB,A,6,stage.node_prune,4,0.000106909,0.000105797,0.003976941336348859
128,100,4,AB,A,6,stage.output_alloc,1,9.464e-06,9.143e-06,0.0003520542967122094
128,100,4,AB,A,6,stage.pivot_distance,2,0.000163084,0.000162541,0.0060666127351029124
128,100,4,AB,A,6,stage.pivot_sort,2,0.001696132,0.00169537,0.06309494488494011
128,100,4,AB,A,6,stage.result_sort,1,0.005467637,0.005467432,0.20339233925535233
128,100,4,AB,A,6,stage.schedule,10,0.000140852,0.000138103,0.005239597612057071
128,100,4,AB,A,6,stage.threshold,2,2.2927e-05,2.2363e-05,0.0008528686454692334
128,100,4,AB,A,7,stage.aggregate,1,8.0253e-05,7.9982e-05,0.0029332783615484063
128,100,4,AB,A,7,stage.alloc_init,1,0.001614895,0.001614454,0.05902504030594138
128,100,4,AB,A,7,stage.candidates,1,0.000243934,0.000243653,0.008915882569448481
128,100,4,AB,A,7,stage.cleanup,1,0.002578414,0.002578006,0.0942420344823679
128,100,4,AB,A,7,stage.delivery,1,6.0301e-05,6.0023e-05,0.002204025001928033
128,100,4,AB,A,7,stage.leaf_distance,1,0.014945359,0.014945117,0.5462586839155262
128,100,4,AB,A,7,stage.node_plan,4,9.964e-05,9.8454e-05,0.003641880751432136
128,100,4,AB,A,7,stage.node_prune,4,0.000107179,0.000106066,0.003917434133457897
128,100,4,AB,A,7,stage.output_alloc,1,7.185e-06,6.883e-06,0.00026261454435005916
128,100,4,AB,A,7,stage.pivot_distance,2,0.000161731,0.000161166,0.005911330949516968
128,100,4,AB,A,7,stage.pivot_sort,2,0.001708589,0.001707942,0.06244959244488841
128,100,4,AB,A,7,stage.result_sort,1,0.005589232,0.005588841,0.2042886033328838
128,100,4,AB,A,7,stage.schedule,10,0.000130496,0.00012777,0.00476967955177527
128,100,4,AB,A,7,stage.threshold,2,2.1474e-05,2.0906e-05,0.0007848830515481101
128,100,4,AB,B,0,stage.aggregate,1,0.00082651,0.000826078,0.020976534305786762
128,100,4,AB,B,0,stage.alloc_init,1,0.004734838,0.004734462,0.12016853001094091
128,100,4,AB,B,0,stage.candidates,1,0.00073103,0.000730426,0.018553285348706365
128,100,4,AB,B,0,stage.cleanup,1,0.00149181,0.001491371,0.03786161527714819
128,100,4,AB,B,0,stage.delivery,1,5.938e-05,5.9105e-05,0.0015070436015022417
128,100,4,AB,B,0,stage.leaf_distance,1,0.019477239,0.01947708,0.494325503702929
128,100,4,AB,B,0,stage.node_plan,4,0.000103404,0.000102096,0.0026243573016122906
128,100,4,AB,B,0,stage.node_prune,4,0.000627593,0.000626141,0.015928090518652686
128,100,4,AB,B,0,stage.output_alloc,1,7.497e-06,7.208e-06,0.00019027123409333626
128,100,4,AB,B,0,stage.pivot_distance,2,0.001361199,0.000758364,0.03454675384508673
128,100,4,AB,B,0,stage.pivot_sort,2,0.001145038,0.001144398,0.029060663377853214
128,100,4,AB,B,0,stage.result_sort,1,0.004826428,0.004826152,0.12249305213053657
128,100,4,AB,B,0,stage.schedule,10,0.003950054,0.003225489,0.10025098697016396
128,100,4,AB,B,0,stage.threshold,2,4.7037e-05,4.6472e-05,0.0011937825847736772
128,100,4,AB,B,1,stage.aggregate,1,0.00082542,0.000824994,0.02258866444870367
128,100,4,AB,B,1,stage.alloc_init,1,0.002582185,0.002581811,0.07066476522191839
128,100,4,AB,B,1,stage.candidates,1,0.000237435,0.000237142,0.006497709703397005
128,100,4,AB,B,1,stage.cleanup,1,0.001915553,0.00191508,0.05242153564331814
128,100,4,AB,B,1,stage.delivery,1,5.745e-05,5.7144e-05,0.0015721920629231491
128,100,4,AB,B,1,stage.leaf_distance,1,0.019490357,0.019490205,0.5333783216525438
128,100,4,AB,B,1,stage.node_plan,4,0.000105846,0.000104711,0.0028966099406816997
128,100,4,AB,B,1,stage.node_prune,4,0.000106395,0.00010513,0.002911634021491879
128,100,4,AB,B,1,stage.output_alloc,1,8.098e-06,7.787e-06,0.0002216120335170002
128,100,4,AB,B,1,stage.pivot_distance,2,0.000162376,0.000161788,0.004443625037584147
128,100,4,AB,B,1,stage.pivot_sort,2,0.001128055,0.001127439,0.030870654787480818
128,100,4,AB,B,1,stage.result_sort,1,0.00481736,0.004817107,0.131833161988572
128,100,4,AB,B,1,stage.schedule,10,0.005072415,0.00506949,0.13881306532380028
128,100,4,AB,B,1,stage.threshold,2,2.1568e-05,2.1011e-05,0.0005902356555809658
128,100,4,AB,B,2,stage.aggregate,1,0.000827513,0.000827083,0.02287857811884586
128,100,4,AB,B,2,stage.alloc_init,1,0.00262052,0.002620021,0.07245054945601816
128,100,4,AB,B,2,stage.candidates,1,0.000235403,0.00023513,0.0065082795374944834
128,100,4,AB,B,2,stage.cleanup,1,0.00139567,0.001395237,0.038586638666860344
128,100,4,AB,B,2,stage.delivery,1,6.0415e-05,6.0122e-05,0.0016703173207551695
128,100,4,AB,B,2,stage.leaf_distance,1,0.019495171,0.019495002,0.5389906776857383
128,100,4,AB,B,2,stage.node_plan,4,0.000103243,0.000102103,0.0028543999196677314
128,100,4,AB,B,2,stage.node_prune,4,0.000104866,0.000103768,0.0028992716404586875
128,100,4,AB,B,2,stage.output_alloc,1,8.564e-06,8.245e-06,0.000236772283951788
128,100,4,AB,B,2,stage.pivot_distance,2,0.000164257,0.000163689,0.004541278029550309
128,100,4,AB,B,2,stage.pivot_sort,2,0.001184579,0.00118377,0.032750522577221525
128,100,4,AB,B,2,stage.result_sort,1,0.00487905,0.00487867,0.13489301868460665
128,100,4,AB,B,2,stage.schedule,10,0.005056047,0.005053102,0.13978652451629917
128,100,4,AB,B,2,stage.threshold,2,2.207e-05,2.1487e-05,0.0006101779900532417
128,100,4,AB,B,3,stage.aggregate,1,0.00082686,0.000826437,0.022100980359138926
128,100,4,AB,B,3,stage.alloc_init,1,0.002614711,0.002614222,0.06988810252742242
128,100,4,AB,B,3,stage.candidates,1,0.000226463,0.00022618,0.006053085546612097
128,100,4,AB,B,3,stage.cleanup,1,0.001802933,0.001802466,0.04819024601727429
128,100,4,AB,B,3,stage.delivery,1,5.8798e-05,5.851e-05,0.0015716003230978046
128,100,4,AB,B,3,stage.leaf_distance,1,0.019494456,0.019494223,0.521063528491036
128,100,4,AB,B,3,stage.node_plan,4,0.000103698,0.000102506,0.002771723703265351
128,100,4,AB,B,3,stage.node_prune,4,0.000103748,0.000102644,0.00277306014355507
128,100,4,AB,B,3,stage.output_alloc,1,7.948e-06,7.636e-06,0.00021244054845371188
128,100,4,AB,B,3,stage.pivot_distance,2,0.000164203,0.00016364,0.004388950097854158
128,100,4,AB,B,3,stage.pivot_sort,2,0.001364489,0.001363901,0.03647116148956427
128,100,4,AB,B,3,stage.result_sort,1,0.004813785,0.004813469,0.1286667244008872
128,100,4,AB,B,3,stage.schedule,10,0.005797994,0.005044552,0.1549734556229656
128,100,4,AB,B,3,stage.threshold,2,2.0788e-05,2.0218e-05,0.0005556384148535182
128,100,4,AB,B,4,stage.aggregate,1,0.000825486,0.000825108,0.022035378500281137
128,100,4,AB,B,4,stage.alloc_init,1,0.002644637,0.002644142,0.07059547622957629
128,100,4,AB,B,4,stage.candidates,1,0.000238748,0.000238467,0.006373097237488124
128,100,4,AB,B,4,stage.cleanup,1,0.001789053,0.001788615,0.04775666699624642
128,100,4,AB,B,4,stage.delivery,1,5.9202e-05,5.8908e-05,0.001580327804437197
128,100,4,AB,B,4,stage.leaf_distance,1,0.01948782,0.019478156,0.520204449070425
128,100,4,AB,B,4,stage.node_plan,4,0.000107757,0.000106566,0.002876446458274029
128,100,4,AB,B,4,stage.node_prune,4,0.00010642,0.000105261,0.0028407568147732595
128,100,4,AB,B,4,stage.output_alloc,1,8.41e-06,8.1e-06,0.00022449506495248183
128,100,4,AB,B,4,stage.pivot_distance,2,0.000163783,0.000163182,0.004371994675756519
128,100,4,AB,B,4,stage.pivot_sort,2,0.001358012,0.001357418,0.03625053414343041
128,100,4,AB,B,4,stage.result_sort,1,0.004841417,0.004841156,0.12923593625173002
128,100,4,AB,B,4,stage.schedule,10,0.005797699,0.005044224,0.15476276023542673
128,100,4,AB,B,4,stage.threshold,2,2.0908e-05,2.0361e-05,0.0005581144849020796
128,100,4,AB,B,5,stage.aggregate,1,0.000825583,0.00082515,0.01918704160101682
128,100,4,AB,B,5,stage.alloc_init,1,0.004753262,0.00475294,0.11046864547178471
128,100,4,AB,B,5,stage.candidates,1,0.0005374,0.00053657,0.012489496702798437
128,100,4,AB,B,5,stage.cleanup,1,0.001617901,0.00161761,0.03760098475056623
128,100,4,AB,B,5,stage.delivery,1,5.8642e-05,5.8357e-05,0.0013628750756336171
128,100,4,AB,B,5,stage.leaf_distance,1,0.019459845,0.019459679,0.45225841080102086
128,100,4,AB,B,5,stage.node_plan,4,0.000104419,0.000103241,0.0024267598738546893
128,100,4,AB,B,5,stage.node_prune,4,0.00012316,0.000122006,0.0028623118978724515
128,100,4,AB,B,5,stage.output_alloc,1,8.407e-06,8.091e-06,0.0001953836970234954
128,100,4,AB,B,5,stage.pivot_distance,2,0.001327889,0.000250803,0.030860932800860278
128,100,4,AB,B,5,stage.pivot_sort,2,0.001368019,0.00136741,0.031793577949135864
128,100,4,AB,B,5,stage.result_sort,1,0.004852529,0.004852296,0.11277566979109377
128,100,4,AB,B,5,stage.schedule,10,0.007553547,0.003258738,0.1755489399905713
128,100,4,AB,B,5,stage.threshold,2,0.00042444,0.000423829,0.00986423889195342
128,100,4,AB,B,6,stage.aggregate,1,8.779e-05,8.7519e-05,0.0022978257527244248
128,100,4,AB,B,6,stage.alloc_init,1,0.003674803,0.003674383,0.09618472456531466
128,100,4,AB,B,6,stage.candidates,1,0.000237747,0.000237452,0.006222817852067136
128,100,4,AB,B,6,stage.cleanup,1,0.00253829,0.00253786,0.06643750005562
128,100,4,AB,B,6,stage.delivery,1,5.8153e-05,5.7875e-05,0.001522103440006646
128,100,4,AB,B,6,stage.leaf_distance,1,0.019496981,0.01949681,0.510316266569983
128,100,4,AB,B,6,stage.node_plan,4,9.5842e-05,9.4661e-05,0.0025085797447615254
128,100,4,AB,B,6,stage.node_prune,4,0.002216334,0.002215067,0.05801058596467405
128,100,4,AB,B,6,stage.output_alloc,1,8.762e-06,8.447e-06,0.00022933761527931895
128,100,4,AB,B,6,stage.pivot_distance,2,0.001148899,0.000639195,0.030071417125861023
128,100,4,AB,B,6,stage.pivot_sort,2,0.00118111,0.001180464,0.03091451161636115
128,100,4,AB,B,6,stage.result_sort,1,0.004799788,0.004799404,0.12563021385143708
128,100,4,AB,B,6,stage.schedule,10,0.002628674,0.001908345,0.06880322146847163
128,100,4,AB,B,6,stage.threshold,2,1.9834e-05,1.9276e-05,0.0005191374413889536
128,100,4,AB,B,7,stage.aggregate,1,8.7805e-05,8.7537e-05,0.0027725793997208504
128,100,4,AB,B,7,stage.alloc_init,1,0.001584787,0.001584352,0.0500421136512204
128,100,4,AB,B,7,stage.candidates,1,0.000242894,0.000242607,0.00766975571682474
128,100,4,AB,B,7,stage.cleanup,1,0.002214046,0.002213597,0.06991194498757872
128,100,4,AB,B,7,stage.delivery,1,5.433e-05,5.4046e-05,0.001715554225691405
128,100,4,AB,B,7,stage.leaf_distance,1,0.019504581,0.019504352,0.6158874720208041
128,100,4,AB,B,7,stage.node_plan,4,9.9913e-05,9.8761e-05,0.0031549083259986258
128,100,4,AB,B,7,stage.node_prune,4,0.000106305,0.000105202,0.0033567456646811118
128,100,4,AB,B,7,stage.output_alloc,1,7.62e-06,7.323e-06,0.00024061334805390217
128,100,4,AB,B,7,stage.pivot_distance,2,0.000163799,0.000163225,0.005172208109958153
128,100,4,AB,B,7,stage.pivot_sort,2,0.001704824,0.001704077,0.05383246856727634
128,100,4,AB,B,7,stage.result_sort,1,0.0057311,0.005730875,0.18096839357371639
128,100,4,AB,B,7,stage.schedule,10,0.000134447,0.000131486,0.004245373071627688
128,100,4,AB,B,7,stage.threshold,2,2.1615e-05,2.1057e-05,0.0006825272333576241
128,100,5,BA,B,0,stage.aggregate,1,0.000824633,0.000824207,0.02137284253339587
128,100,5,BA,B,0,stage.alloc_init,1,0.004728609,0.004728057,0.12255611351837546
128,100,5,BA,B,0,stage.candidates,1,0.000250075,0.000249794,0.006481445196273945
128,100,5,BA,B,0,stage.cleanup,1,0.00184464,0.001844261,0.047809389450583904
128,100,5,BA,B,0,stage.delivery,1,5.9899e-05,5.9617e-05,0.0015524626044651126
128,100,5,BA,B,0,stage.leaf_distance,1,0.019475116,0.019474958,0.5047561613319118
128,100,5,BA,B,0,stage.node_plan,4,0.000103064,0.000101886,0.0026712133068430587
128,100,5,BA,B,0,stage.node_prune,4,0.000135612,0.000134499,0.0035147925460645895
128,100,5,BA,B,0,stage.output_alloc,1,8.325e-06,7.996e-06,0.00021576739481747714
128,100,5,BA,B,0,stage.pivot_distance,2,0.000867917,0.000258433,0.022494677478414448
128,100,5,BA,B,0,stage.pivot_sort,2,0.001387509,0.001386895,0.03596146573162798
128,100,5,BA,B,0,stage.result_sort,1,0.004830841,0.004830606,0.12520576304473946
128,100,5,BA,B,0,stage.schedule,10,0.003999578,0.003244967,0.10366108413565112
128,100,5,BA,B,0,stage.threshold,2,5.015e-05,4.9248e-05,0.001299787969981559
128,100,5,BA,B,1,stage.aggregate,1,0.000824592,0.000824301,0.02192296584288493
128,100,5,BA,B,1,stage.alloc_init,1,0.002623812,0.002623459,0.06975782066058318
128,100,5,BA,B,1,stage.candidates,1,0.000245909,0.000245203,0.006537844906884849
128,100,5,BA,B,1,stage.cleanup,1,0.001917319,0.001916896,0.05097468681107056
128,100,5,BA,B,1,stage.delivery,1,5.8299e-05,5.7973e-05,0.001549962873365675
128,100,5,BA,B,1,stage.leaf_distance,1,0.019476467,0.019476321,0.5178099239151915
128,100,5,BA,B,1,stage.node_plan,4,0.00010908,0.000107729,0.0029000488898047625
128,100,5,BA,B,1,stage.node_prune,4,0.000105881,0.000104747,0.0028149988678164467
128,100,5,BA,B,1,stage.output_alloc,1,8.097e-06,7.765e-06,0.0002152704057641104
128,100,5,BA,B,1,stage.pivot_distance,2,0.000162361,0.000161783,0.004316601006578575
128,100,5,BA,B,1,stage.pivot_sort,2,0.001414142,0.001413485,0.03759700162382
128,100,5,BA,B,1,stage.result_sort,1,0.004826632,0.004826324,0.12832296271631957
128,100,5,BA,B,1,stage.schedule,10,0.005806528,0.005053145,0.15437490905775822
128,100,5,BA,B,1,stage.threshold,2,2.185e-05,2.13e-05,0.0005809137169255047
128,100,5,BA,B,2,stage.aggregate,1,0.000823515,0.000823089,0.022103905628590614
128,100,5,BA,B,2,stage.alloc_init,1,0.00263134,0.002631012,0.07062760367052891
128,100,5,BA,B,2,stage.candidates,1,0.000246091,0.000245815,0.00660531045584536
128,100,5,BA,B,2,stage.cleanup,1,0.001842152,0.001841872,0.04944506652765214
128,100,5,BA,B,2,stage.delivery,1,5.895e-05,5.8639e-05,0.0015822726201774305
128,100,5,BA,B,2,stage.leaf_distance,1,0.019488057,0.019487912,0.5230775065573726
128,100,5,BA,B,2,stage.node_plan,4,0.000104794,0.000103629,0.0028127680569783485
128,100,5,BA,B,2,stage.node_prune,4,0.000108786,0.000107674,0.002919917035769668
128,100,5,BA,B,2,stage.output_alloc,1,7.989e-06,7.667e-06,0.00021443216221539424
128,100,5,BA,B,2,stage.pivot_distance,2,0.000164856,0.00016415,0.004424887787480415
128,100,5,BA,B,2,stage.pivot_sort,2,0.001157726,0.001156952,0.031074438532104082
128,100,5,BA,B,2,stage.result_sort,1,0.004828415,0.004828187,0.12959913237241744
128,100,5,BA,B,2,stage.schedule,10,0.005759576,0.005059192,0.15459235638050964
128,100,5,BA,B,2,stage.threshold,2,2.2227e-05,2.1668e-05,0.0005965932744475614
128,100,5,BA,B,3,stage.aggregate,1,0.00082278,0.000822118,0.021890762969634527
128,100,5,BA,B,3,stage.alloc_init,1,0.002630754,0.00263033,0.0699934517676875
128,100,5,BA,B,3,stage.candidates,1,0.000241035,0.000240334,0.006412941554711902
128,100,5,BA,B,3,stage.cleanup,1,0.001893375,0.00189295,0.05037485517104424
128,100,5,BA,B,3,stage.delivery,1,5.8261e-05,5.7971e-05,0.0015500835476966834
128,100,5,BA,B,3,stage.leaf_distance,1,0.019487974,0.019487813,0.5184941534704302
128,100,5,BA,B,3,stage.node_plan,4,0.000104838,0.000103696,0.00278930431975807
128,100,5,BA,B,3,stage.node_prune,4,0.000107596,0.000106271,0.002862683259778795
128,100,5,BA,B,3,stage.output_alloc,1,7.915e-06,7.589e-06,0.0002105853191675263
128,100,5,BA,B,3,stage.pivot_distance,2,0.000163426,0.000162856,0.004348087981083026
128,100,5,BA,B,3,stage.pivot_sort,2,0.001398073,0.001397449,0.03719692342697423
128,100,5,BA,B,3,stage.result_sort,1,0.004831268,0.00483104,0.1285400017389585
128,100,5,BA,B,3,stage.schedule,10,0.005802996,0.005050274,0.15439365316334536
128,100,5,BA,B,3,stage.threshold,2,2.2982e-05,2.2427e-05,0.0006114556923699419
128,100,5,BA,B,4,stage.aggregate,1,0.000826866,0.000826478,0.021966954539737914
128,100,5,BA,B,4,stage.alloc_init,1,0.002646319,0.002646021,0.07030349436383246
128,100,5,BA,B,4,stage.candidates,1,0.000242125,0.00024184,0.006432419361703156
128,100,5,BA,B,4,stage.cleanup,1,0.001953973,0.001953553,0.05191026848712525
128,100,5,BA,B,4,stage.delivery,1,5.9779e-05,5.9481e-05,0.0015881201735601569
128,100,5,BA,B,4,stage.leaf_distance,1,0.019484633,0.019474161,0.517638949157998
128,100,5,BA,B,4,stage.node_plan,4,9.7999e-05,9.6856e-05,0.00260349267951491
128,100,5,BA,B,4,stage.node_prune,4,0.000107737,0.000106482,0.0028621974796977302
128,100,5,BA,B,4,stage.output_alloc,1,8.023e-06,7.664e-06,0.00021314321337715815
128,100,5,BA,B,4,stage.pivot_distance,2,0.000162703,0.000162151,0.004322452978449927
128,100,5,BA,B,4,stage.pivot_sort,2,0.001419184,0.001418568,0.037702784261928066
128,100,5,BA,B,4,stage.result_sort,1,0.004850739,0.004850448,0.12886726881639074
128,100,5,BA,B,4,stage.schedule,10,0.005750462,0.005044572,0.15276978051642026
128,100,5,BA,B,4,stage.threshold,2,1.923e-05,1.8696e-05,0.000510874235727627
128,100,5,BA,B,5,stage.aggregate,1,0.000826105,0.000825693,0.019518959443741612
128,100,5,BA,B,5,stage.alloc_init,1,0.00474718,0.004746779,0.11216493531953119
128,100,5,BA,B,5,stage.candidates,1,0.000177881,0.000177443,0.0042029185452360195
128,100,5,BA,B,5,stage.cleanup,1,0.001490623,0.001490193,0.0352199900532117
128,100,5,BA,B,5,stage.delivery,1,5.7713e-05,5.7415e-05,0.0013636253337973498
128,100,5,BA,B,5,stage.leaf_distance,1,0.019478894,0.01947887,0.46024142451013106
128,100,5,BA,B,5,stage.node_plan,4,0.00010084,9.9654e-05,0.0023826170647882586
128,100,5,BA,B,5,stage.node_prune,4,0.000115168,0.000113885,0.002721154721514619
128,100,5,BA,B,5,stage.output_alloc,1,7.634e-06,7.318e-06,0.0001803738464160409
128,100,5,BA,B,5,stage.pivot_distance,2,0.001529706,0.000265973,0.03614343137355204
128,100,5,BA,B,5,stage.pivot_sort,2,0.001139237,0.001138574,0.026917547769121194
128,100,5,BA,B,5,stage.result_sort,1,0.004831792,0.004831523,0.11416412210142193
128,100,5,BA,B,5,stage.schedule,10,0.007365769,0.003268853,0.17403616535787728
128,100,5,BA,B,5,stage.threshold,2,0.00044126,0.000440187,0.010425958012777339
128,100,5,BA,B,6,stage.aggregate,1,8.7863e-05,8.7597e-05,0.0023063131868469354
128,100,5,BA,B,6,stage.alloc_init,1,0.003664511,0.003664243,0.09618963662344389
128,100,5,BA,B,6,stage.candidates,1,0.000254995,0.00025471,0.006693355918646464
128,100,5,BA,B,6,stage.cleanup,1,0.001998274,0.001997863,0.052452632816240886
128,100,5,BA,B,6,stage.delivery,1,5.8003e-05,5.771e-05,0.001522518964486562
128,100,5,BA,B,6,stage.leaf_distance,1,0.019501968,0.019501802,0.5119065587092059
128,100,5,BA,B,6,stage.node_plan,4,0.000104073,0.000102735,0.0027318089786909296
128,100,5,BA,B,6,stage.node_prune,4,0.001729068,0.001727798,0.04538625279531836
128,100,5,BA,B,6,stage.output_alloc,1,8.829e-06,8.5e-06,0.00023175214967246274
128,100,5,BA,B,6,stage.pivot_distance,2,0.001266547,0.000642894,0.03324555328023657
128,100,5,BA,B,6,stage.pivot_sort,2,0.001196802,0.001196159,0.03141481891859812
128,100,5,BA,B,6,stage.result_sort,1,0.004794155,0.004793939,0.1258416272639014
128,100,5,BA,B,6,stage.schedule,10,0.003003513,0.002298591,0.07883912043483833
128,100,5,BA,B,6,stage.threshold,2,0.000415487,0.000414585,0.010906105494502494
128,100,5,BA,B,7,stage.aggregate,1,8.588e-05,8.5605e-05,0.002690088352550174
128,100,5,BA,B,7,stage.alloc_init,1,0.001598472,0.00159808,0.05007022483788521
128,100,5,BA,B,7,stage.candidates,1,0.000254664,0.000254382,0.00797704541469303
128,100,5,BA,B,7,stage.cleanup,1,0.002562063,0.002561656,0.08025356118770094
128,100,5,BA,B,7,stage.delivery,1,5.8308e-05,5.8013e-05,0.0018264284077840654
128,100,5,BA,B,7,stage.leaf_distance,1,0.019506426,0.019506339,0.6110154795351873
128,100,5,BA,B,7,stage.node_plan,4,9.997e-05,9.8842e-05,0.0031314407615794237
128,100,5,BA,B,7,stage.node_prune,4,0.000107273,0.000106174,0.0033601985077214114
128,100,5,BA,B,7,stage.output_alloc,1,8.164e-06,7.826e-06,0.0002557275420379555
128,100,5,BA,B,7,stage.pivot_distance,2,0.000165637,0.000164856,0.0051883810485718815
128,100,5,BA,B,7,stage.pivot_sort,2,0.001701817,0.001701215,0.05330738344052025
128,100,5,BA,B,7,stage.result_sort,1,0.005606848,0.005606426,0.1756278120554173
128,100,5,BA,B,7,stage.schedule,10,0.00013564,0.000132975,0.004248760877269511
128,100,5,BA,B,7,stage.threshold,2,2.1952e-05,2.1394e-05,0.0006876201620305242
128,100,5,BA,A,0,stage.aggregate,1,0.000827322,0.000827054,0.024611129652344393
128,100,5,BA,A,0,stage.alloc_init,1,0.00474996,0.004749663,0.14130155054918128
128,100,5,BA,A,0,stage.candidates,1,0.000193934,0.000193489,0.005769138035731864
128,100,5,BA,A,0,stage.cleanup,1,0.001395546,0.001395218,0.0415146261574219
128,100,5,BA,A,0,stage.delivery,1,6.3296e-05,6.3008e-05,0.0018829259495997815
128,100,5,BA,A,0,stage.leaf_distance,1,0.014873521,0.014873387,0.44245669004071814
128,100,5,BA,A,0,stage.node_plan,4,0.0001044,0.000103203,0.0031056854957377594
128,100,5,BA,A,0,stage.node_prune,4,0.000109981,0.000108616,0.003271708778800139
128,100,5,BA,A,0,stage.output_alloc,1,8.061e-06,7.738e-06,0.00023979818755883215
128,100,5,BA,A,0,stage.pivot_distance,2,0.000248109,0.000247565,0.007380732975689652
128,100,5,BA,A,0,stage.pivot_sort,2,0.001355885,0.00135525,0.040334792896440534
128,100,5,BA,A,0,stage.result_sort,1,0.004887867,0.004887575,0.1454040004501459
128,100,5,BA,A,0,stage.schedule,10,0.004710434,0.003254872,0.14012573326082373
128,100,5,BA,A,0,stage.threshold,2,7.4235e-05,7.3319e-05,0.0022083387239089326
128,100,5,BA,A,1,stage.aggregate,1,0.000825685,0.000825355,0.023763832315530947
128,100,5,BA,A,1,stage.alloc_init,1,0.004715108,0.004714861,0.13570433744299398
128,100,5,BA,A,1,stage.candidates,1,0.000736156,0.000735537,0.0211871206841253
128,100,5,BA,A,1,stage.cleanup,1,0.001910881,0.001910537,0.054996585451999355
128,100,5,BA,A,1,stage.delivery,1,5.9362e-05,5.9065e-05,0.001708482791760233
128,100,5,BA,A,1,stage.leaf_distance,1,0.014908845,0.014908715,0.4290877181954885
128,100,5,BA,A,1,stage.node_plan,4,0.00010543,0.000104215,0.0030343543131175054
128,100,5,BA,A,1,stage.node_prune,4,0.000130288,0.000129138,0.0037497861590387324
128,100,5,BA,A,1,stage.output_alloc,1,7.863e-06,7.527e-06,0.00022630302536320732
128,100,5,BA,A,1,stage.pivot_distance,2,0.001364129,0.000753097,0.039260653654544904
128,100,5,BA,A,1,stage.pivot_sort,2,0.001134704,0.001134096,0.032657630432625304
128,100,5,BA,A,1,stage.result_sort,1,0.004832002,0.004831696,0.13906863425678093
128,100,5,BA,A,1,stage.schedule,10,0.003953866,0.003233124,0.11379522290229213
128,100,5,BA,A,1,stage.threshold,2,4.7884e-05,4.7333e-05,0.001378137360611957
128,100,5,BA,A,2,stage.aggregate,1,0.000825827,0.000825505,0.026047339760320583
128,100,5,BA,A,2,stage.alloc_init,1,0.002622624,0.002622307,0.08271996240322853
128,100,5,BA,A,2,stage.candidates,1,0.000230465,0.000229789,0.00726907712857812
128,100,5,BA,A,2,stage.cleanup,1,0.001619089,0.001618748,0.0510675496020325
128,100,5,BA,A,2,stage.delivery,1,6.1405e-05,6.1109e-05,0.0019367699263677324
128,100,5,BA,A,2,stage.leaf_distance,1,0.014906089,0.014905947,0.47015169603388757
128,100,5,BA,A,2,stage.node_plan,4,0.000104201,0.000103064,0.0032865949531380844
128,100,5,BA,A,2,stage.node_prune,4,0.000103203,0.000102053,0.00325511711930509
128,100,5,BA,A,2,stage.output_alloc,1,8.157e-06,7.792e-06,0.00025727924907387986
128,100,5,BA,A,2,stage.pivot_distance,2,0.000159295,0.000158712,0.005024310160748276
128,100,5,BA,A,2,stage.pivot_sort,2,0.001169023,0.001168327,0.036872055852653456
128,100,5,BA,A,2,stage.result_sort,1,0.004818563,0.004818345,0.15198188920622555
128,100,5,BA,A,2,stage.schedule,10,0.005042957,0.005040195,0.15905948143580556
128,100,5,BA,A,2,stage.threshold,2,2.2277e-05,2.1729e-05,0.0007026369782541157
128,100,5,BA,A,3,stage.aggregate,1,0.000826063,0.000825743,0.025797428742146168
128,100,5,BA,A,3,stage.alloc_init,1,0.002638195,0.002637935,0.08238917312648829
128,100,5,BA,A,3,stage.candidates,1,0.000230489,0.000230149,0.007198026728407552
128,100,5,BA,A,3,stage.cleanup,1,0.001851206,0.001850865,0.05781200086680245
128,100,5,BA,A,3,stage.delivery,1,5.8783e-05,5.8503e-05,0.001835756175678584
128,100,5,BA,A,3,stage.leaf_distance,1,0.014901695,0.014901524,0.4653705769410999
128,100,5,BA,A,3,stage.node_plan,4,0.000103807,0.000102649,0.003241827421680873
128,100,5,BA,A,3,stage.node_prune,4,0.000102494,0.00010138,0.0032008232562135445
128,100,5,BA,A,3,stage.output_alloc,1,7.69e-06,7.39e-06,0.0002401538708634862
128,100,5,BA,A,3,stage.pivot_distance,2,0.000160373,0.000159815,0.0050083480795825586
128,100,5,BA,A,3,stage.pivot_sort,2,0.001241513,0.001240875,0.038771671349458955
128,100,5,BA,A,3,stage.result_sort,1,0.004825992,0.004825694,0.15071269955217395
128,100,5,BA,A,3,stage.schedule,10,0.005039312,0.00503646,0.15737454919230381
128,100,5,BA,A,3,stage.threshold,2,2.2084e-05,2.1522e-05,0.0006896694517749323
128,100,5,BA,A,4,stage.aggregate,1,0.00082884,0.000828503,0.025428746540800448
128,100,5,BA,A,4,stage.alloc_init,1,0.002647674,0.002647331,0.08123043177050732
128,100,5,BA,A,4,stage.candidates,1,0.000230586,0.000230305,0.0070743604915991165
128,100,5,BA,A,4,stage.cleanup,1,0.001475864,0.001475499,0.04527939238537222
128,100,5,BA,A,4,stage.delivery,1,6.1695e-05,6.1418e-05,0.001892797787069499
128,100,5,BA,A,4,stage.leaf_distance,1,0.01490333,0.014903153,0.45723300176621245
128,100,5,BA,A,4,stage.node_plan,4,0.000104776,0.000103496,0.0032145195062483803
128,100,5,BA,A,4,stage.node_prune,4,0.000109339,0.000108162,0.003354511990281092
128,100,5,BA,A,4,stage.output_alloc,1,7.463e-06,7.167e-06,0.00022896425779884386
128,100,5,BA,A,4,stage.pivot_distance,2,0.000159571,0.00015901,0.004895625831598461
128,100,5,BA,A,4,stage.pivot_sort,2,0.001400608,0.001399939,0.042970544176219094
128,100,5,BA,A,4,stage.result_sort,1,0.004818924,0.004818674,0.1478442123876505
128,100,5,BA,A,4,stage.schedule,10,0.005811195,0.00506416,0.17828700925892435
128,100,5,BA,A,4,stage.threshold,2,2.3039e-05,2.249e-05,0.0007068347226889406
128,100,5,BA,A,5,stage.aggregate,1,0.000826872,0.000826524,0.025374523962229986
128,100,5,BA,A,5,stage.alloc_init,1,0.002652652,0.002652263,0.08140290363860102
128,100,5,BA,A,5,stage.candidates,1,0.000224081,0.000223797,0.006876455731939717
128,100,5,BA,A,5,stage.cleanup,1,0.001519786,0.001519446,0.046638229707211834
128,100,5,BA,A,5,stage.delivery,1,5.8139e-05,5.7856e-05,0.0017841327903715318
128,100,5,BA,A,5,stage.leaf_distance,1,0.014904131,0.014903994,0.45736852765085134
128,100,5,BA,A,5,stage.node_plan,4,0.000104216,0.000103103,0.0031981145682134123
128,100,5,BA,A,5,stage.node_prune,4,0.000101722,0.000100604,0.0031215802766159195
128,100,5,BA,A,5,stage.output_alloc,1,7.762e-06,7.466e-06,0.00023819533736156158
128,100,5,BA,A,5,stage.pivot_distance,2,0.00016226,0.000161706,0.004979332058784719
128,100,5,BA,A,5,stage.pivot_sort,2,0.001425641,0.001425026,0.04374916760518862
128,100,5,BA,A,5,stage.result_sort,1,0.004813906,0.00481364,0.1477260968431906
128,100,5,BA,A,5,stage.schedule,10,0.005751873,0.005046899,0.17650983376653664
128,100,5,BA,A,5,stage.threshold,2,2.1996e-05,2.1387e-05,0.0006749993095342578
128,100,5,BA,A,6,stage.aggregate,1,0.000826624,0.000826353,0.02430724167160041
128,100,5,BA,A,6,stage.alloc_init,1,0.004742808,0.00474252,0.13946435169799062
128,100,5,BA,A,6,stage.candidates,1,0.00019193,0.000191234,0.0056437859220519445
128,100,5,BA,A,6,stage.cleanup,1,0.001358129,0.001357786,0.03993637956823053
128,100,5,BA,A,6,stage.delivery,1,5.6098e-05,5.5797e-05,0.0016495863213425207
128,100,5,BA,A,6,stage.leaf_distance,1,0.014897824,0.014897686,0.4380770560121273
128,100,5,BA,A,6,stage.node_plan,4,0.000107131,0.000105948,0.0031502340937599486
128,100,5,BA,A,6,stage.node_prune,4,0.000110039,0.000108919,0.0032357451105959147
128,100,5,BA,A,6,stage.output_alloc,1,7.926e-06,7.638e-06,0.00023306751012443973
128,100,5,BA,A,6,stage.pivot_distance,2,0.000994432,0.000242918,0.029241709592236542
128,100,5,BA,A,6,stage.pivot_sort,2,0.001325467,0.001324767,0.03897593911709699
128,100,5,BA,A,6,stage.result_sort,1,0.004854302,0.004854013,0.1427428817224436
128,100,5,BA,A,6,stage.schedule,10,0.00444888,0.00374003,0.13082126980096107
128,100,5,BA,A,6,stage.threshold,2,7.4504e-05,7.3868e-05,0.0021908228329941028
128,100,5,BA,A,7,stage.aggregate,1,0.000827026,0.000826766,0.024631566388219586
128,100,5,BA,A,7,stage.alloc_init,1,0.004741901,0.004741552,0.14122947680951364
128,100,5,BA,A,7,stage.candidates,1,0.000192399,0.000191703,0.005730277816570531
128,100,5,BA,A,7,stage.cleanup,1,0.001400138,0.001399785,0.04170073504299622
128,100,5,BA,A,7,stage.delivery,1,6.467e-05,6.4366e-05,0.0019260862395210799
128,100,5,BA,A,7,stage.leaf_distance,1,0.014887961,0.014887804,0.44341266146012825
128,100,5,BA,A,7,stage.node_plan,4,0.000103436,0.000102287,0.0030806657843065162
128,100,5,BA,A,7,stage.node_prune,4,0.000110783,0.000109661,0.0032994837153682353
128,100,5,BA,A,7,stage.output_alloc,1,7.84e-06,7.523e-06,0.000233501099703808
128,100,5,BA,A,7,stage.pivot_distance,2,0.001208464,0.000753489,0.03599205012148759
128,100,5,BA,A,7,stage.pivot_sort,2,0.001143561,0.001142989,0.03405902437224317
128,100,5,BA,A,7,stage.result_sort,1,0.004832983,0.004832663,0.14394219966196545
128,100,5,BA,A,7,stage.schedule,10,0.003968977,0.003245904,0.11820924670907154
128,100,5,BA,A,7,stage.threshold,2,7.4877e-05,7.3988e-05,0.0022300844186890346
