file,line,kind,operation,scope
include/file.cuh,38,cuda_boundary,cudaMallocManaged,pinned native/conditional/legacy; not proof of runtime execution
include/file.cuh,55,cuda_boundary,cudaMallocManaged,pinned native/conditional/legacy; not proof of runtime execution
include/file.cuh,58,cuda_boundary,cudaMallocManaged,pinned native/conditional/legacy; not proof of runtime execution
include/file.cuh,59,cuda_boundary,cudaMallocManaged,pinned native/conditional/legacy; not proof of runtime execution
include/file.cuh,116,cuda_boundary,cudaMallocManaged,pinned native/conditional/legacy; not proof of runtime execution
include/file.cuh,152,cuda_boundary,cudaMallocManaged,pinned native/conditional/legacy; not proof of runtime execution
include/file.cuh,247,cuda_boundary,cudaMallocManaged,pinned native/conditional/legacy; not proof of runtime execution
include/gpu_timer.cuh,23,cuda_boundary,cudaEventCreate,pinned native/conditional/legacy; not proof of runtime execution
include/gpu_timer.cuh,24,cuda_boundary,cudaEventCreate,pinned native/conditional/legacy; not proof of runtime execution
include/gpu_timer.cuh,28,cuda_boundary,cudaEventDestroy,pinned native/conditional/legacy; not proof of runtime execution
include/gpu_timer.cuh,29,cuda_boundary,cudaEventDestroy,pinned native/conditional/legacy; not proof of runtime execution
include/gpu_timer.cuh,37,cuda_boundary,cudaEventRecord,pinned native/conditional/legacy; not proof of runtime execution
include/gpu_timer.cuh,46,cuda_boundary,cudaEventRecord,pinned native/conditional/legacy; not proof of runtime execution
include/gpu_timer.cuh,57,cuda_boundary,cudaEventSynchronize,pinned native/conditional/legacy; not proof of runtime execution
include/gpu_timer.cuh,58,cuda_boundary,cudaEventElapsedTime,pinned native/conditional/legacy; not proof of runtime execution
include/gpu_timer.cuh,126,cuda_boundary,cudaEventCreate,pinned native/conditional/legacy; not proof of runtime execution
include/gpu_timer.cuh,127,cuda_boundary,cudaEventCreate,pinned native/conditional/legacy; not proof of runtime execution
include/gpu_timer.cuh,131,cuda_boundary,cudaEventDestroy,pinned native/conditional/legacy; not proof of runtime execution
include/gpu_timer.cuh,132,cuda_boundary,cudaEventDestroy,pinned native/conditional/legacy; not proof of runtime execution
include/gpu_timer.cuh,136,cuda_boundary,cudaEventRecord,pinned native/conditional/legacy; not proof of runtime execution
include/gpu_timer.cuh,140,cuda_boundary,cudaEventRecord,pinned native/conditional/legacy; not proof of runtime execution
include/gpu_timer.cuh,145,cuda_boundary,cudaEventSynchronize,pinned native/conditional/legacy; not proof of runtime execution
include/gpu_timer.cuh,146,cuda_boundary,cudaEventElapsedTime,pinned native/conditional/legacy; not proof of runtime execution
include/incremental_insert.cuh,44,cuda_boundary,cudaMemcpy,pinned native/conditional/legacy; not proof of runtime execution
include/incremental_insert.cuh,45,cuda_boundary,cudaMemcpy,pinned native/conditional/legacy; not proof of runtime execution
include/incremental_insert.cuh,47,cuda_boundary,cudaMemcpy,pinned native/conditional/legacy; not proof of runtime execution
include/incremental_insert.cuh,64,cuda_boundary,cudaMemcpy,pinned native/conditional/legacy; not proof of runtime execution
include/incremental_insert.cuh,65,cuda_boundary,cudaMemcpy,pinned native/conditional/legacy; not proof of runtime execution
include/incremental_insert.cuh,166,cuda_boundary,cudaMemcpy,pinned native/conditional/legacy; not proof of runtime execution
include/incremental_insert.cuh,170,cuda_boundary,cudaMemcpy,pinned native/conditional/legacy; not proof of runtime execution
include/incremental_insert.cuh,197,cuda_boundary,cudaMemcpy,pinned native/conditional/legacy; not proof of runtime execution
include/incremental_insert.cuh,223,cuda_boundary,cudaMemcpy,pinned native/conditional/legacy; not proof of runtime execution
include/incremental_insert.cuh,238,cuda_boundary,cudaMemcpy,pinned native/conditional/legacy; not proof of runtime execution
include/incremental_insert.cuh,243,cuda_boundary,cudaMemcpy,pinned native/conditional/legacy; not proof of runtime execution
include/residual_tuner.cuh,510,cuda_boundary,cudaMemcpyToSymbol,pinned native/conditional/legacy; not proof of runtime execution
include/residual_tuner.cuh,519,cuda_boundary,cudaMemcpyToSymbol,pinned native/conditional/legacy; not proof of runtime execution
include/search.cuh,806,launch,initQnode,pinned native/conditional/legacy; not proof of runtime execution
include/search.cuh,816,launch,findNextRnn,pinned native/conditional/legacy; not proof of runtime execution
include/search.cuh,823,launch,updatePnodeFlag,pinned native/conditional/legacy; not proof of runtime execution
include/search.cuh,851,launch,initRes,pinned native/conditional/legacy; not proof of runtime execution
include/search.cuh,856,launch,getQnodeCount,pinned native/conditional/legacy; not proof of runtime execution
include/search.cuh,865,launch,mergeLeafNode,pinned native/conditional/legacy; not proof of runtime execution
include/search.cuh,872,launch,leafProcessRnn,pinned native/conditional/legacy; not proof of runtime execution
include/search.cuh,883,launch,getQresultCount,pinned native/conditional/legacy; not proof of runtime execution
include/search.cuh,888,launch,mergeResultRnn,pinned native/conditional/legacy; not proof of runtime execution
include/search.cuh,956,launch,initQnode,pinned native/conditional/legacy; not proof of runtime execution
include/search.cuh,958,launch,initDisk,pinned native/conditional/legacy; not proof of runtime execution
include/search.cuh,972,launch,updateCnodeFlag,pinned native/conditional/legacy; not proof of runtime execution
include/search.cuh,981,launch,getQpDis,pinned native/conditional/legacy; not proof of runtime execution
include/search.cuh,987,launch,updateDisk,pinned native/conditional/legacy; not proof of runtime execution
include/search.cuh,991,launch,findNextKnn,pinned native/conditional/legacy; not proof of runtime execution
include/search.cuh,998,launch,updatePnodeFlag,pinned native/conditional/legacy; not proof of runtime execution
include/search.cuh,1023,launch,initRes,pinned native/conditional/legacy; not proof of runtime execution
include/search.cuh,1028,launch,getQnodeCount,pinned native/conditional/legacy; not proof of runtime execution
include/search.cuh,1037,launch,mergeLeafNode,pinned native/conditional/legacy; not proof of runtime execution
include/search.cuh,1044,launch,leafProcessKnn,pinned native/conditional/legacy; not proof of runtime execution
include/search.cuh,1057,launch,getQresultCount,pinned native/conditional/legacy; not proof of runtime execution
include/search.cuh,1062,launch,mergeResultKnn,pinned native/conditional/legacy; not proof of runtime execution
include/search.cuh,1072,launch,getKnnResult,pinned native/conditional/legacy; not proof of runtime execution
include/search.cuh,602,thrust,thrust::reduce,pinned native/conditional/legacy; not proof of runtime execution
include/search.cuh,617,thrust,thrust::reduce,pinned native/conditional/legacy; not proof of runtime execution
include/search.cuh,842,thrust,thrust::reduce,pinned native/conditional/legacy; not proof of runtime execution
include/search.cuh,862,thrust,thrust::exclusive_scan,pinned native/conditional/legacy; not proof of runtime execution
include/search.cuh,863,thrust,thrust::exclusive_scan,pinned native/conditional/legacy; not proof of runtime execution
include/search.cuh,879,thrust,thrust::reduce,pinned native/conditional/legacy; not proof of runtime execution
include/search.cuh,886,thrust,thrust::exclusive_scan,pinned native/conditional/legacy; not proof of runtime execution
include/search.cuh,887,thrust,thrust::inclusive_scan,pinned native/conditional/legacy; not proof of runtime execution
include/search.cuh,964,thrust,thrust::reduce,pinned native/conditional/legacy; not proof of runtime execution
include/search.cuh,985,thrust,thrust::sort_by_key,pinned native/conditional/legacy; not proof of runtime execution
include/search.cuh,1014,thrust,thrust::reduce,pinned native/conditional/legacy; not proof of runtime execution
include/search.cuh,1034,thrust,thrust::exclusive_scan,pinned native/conditional/legacy; not proof of runtime execution
include/search.cuh,1035,thrust,thrust::exclusive_scan,pinned native/conditional/legacy; not proof of runtime execution
include/search.cuh,1051,thrust,thrust::reduce,pinned native/conditional/legacy; not proof of runtime execution
include/search.cuh,1060,thrust,thrust::exclusive_scan,pinned native/conditional/legacy; not proof of runtime execution
include/search.cuh,1061,thrust,thrust::inclusive_scan,pinned native/conditional/legacy; not proof of runtime execution
include/search.cuh,1071,thrust,thrust::sort_by_key,pinned native/conditional/legacy; not proof of runtime execution
include/search.cuh,792,cuda_boundary,cudaMallocManaged,pinned native/conditional/legacy; not proof of runtime execution
include/search.cuh,793,cuda_boundary,cudaMallocManaged,pinned native/conditional/legacy; not proof of runtime execution
include/search.cuh,794,cuda_boundary,cudaMallocManaged,pinned native/conditional/legacy; not proof of runtime execution
include/search.cuh,795,cuda_boundary,cudaMallocManaged,pinned native/conditional/legacy; not proof of runtime execution
include/search.cuh,796,cuda_boundary,cudaMalloc,pinned native/conditional/legacy; not proof of runtime execution
include/search.cuh,798,cuda_boundary,cudaMalloc,pinned native/conditional/legacy; not proof of runtime execution
include/search.cuh,799,cuda_boundary,cudaMemset,pinned native/conditional/legacy; not proof of runtime execution
include/search.cuh,800,cuda_boundary,cudaMalloc,pinned native/conditional/legacy; not proof of runtime execution
include/search.cuh,801,cuda_boundary,cudaMalloc,pinned native/conditional/legacy; not proof of runtime execution
include/search.cuh,802,cuda_boundary,cudaMalloc,pinned native/conditional/legacy; not proof of runtime execution
include/search.cuh,807,cuda_boundary,cudaDeviceSynchronize,pinned native/conditional/legacy; not proof of runtime execution
include/search.cuh,808,cuda_boundary,cudaGetLastError,pinned native/conditional/legacy; not proof of runtime execution
include/search.cuh,810,cuda_boundary,cudaGetErrorString,pinned native/conditional/legacy; not proof of runtime execution
include/search.cuh,818,cuda_boundary,cudaDeviceSynchronize,pinned native/conditional/legacy; not proof of runtime execution
include/search.cuh,819,cuda_boundary,cudaGetLastError,pinned native/conditional/legacy; not proof of runtime execution
include/search.cuh,821,cuda_boundary,cudaGetErrorString,pinned native/conditional/legacy; not proof of runtime execution
include/search.cuh,824,cuda_boundary,cudaDeviceSynchronize,pinned native/conditional/legacy; not proof of runtime execution
include/search.cuh,825,cuda_boundary,cudaGetLastError,pinned native/conditional/legacy; not proof of runtime execution
include/search.cuh,827,cuda_boundary,cudaGetErrorString,pinned native/conditional/legacy; not proof of runtime execution
include/search.cuh,846,cuda_boundary,cudaMalloc,pinned native/conditional/legacy; not proof of runtime execution
include/search.cuh,847,cuda_boundary,cudaMalloc,pinned native/conditional/legacy; not proof of runtime execution
include/search.cuh,848,cuda_boundary,cudaMalloc,pinned native/conditional/legacy; not proof of runtime execution
include/search.cuh,849,cuda_boundary,cudaMalloc,pinned native/conditional/legacy; not proof of runtime execution
include/search.cuh,850,cuda_boundary,cudaMalloc,pinned native/conditional/legacy; not proof of runtime execution
include/search.cuh,852,cuda_boundary,cudaDeviceSynchronize,pinned native/conditional/legacy; not proof of runtime execution
include/search.cuh,853,cuda_boundary,cudaGetLastError,pinned native/conditional/legacy; not proof of runtime execution
include/search.cuh,855,cuda_boundary,cudaGetErrorString,pinned native/conditional/legacy; not proof of runtime execution
include/search.cuh,858,cuda_boundary,cudaDeviceSynchronize,pinned native/conditional/legacy; not proof of runtime execution
include/search.cuh,859,cuda_boundary,cudaGetLastError,pinned native/conditional/legacy; not proof of runtime execution
include/search.cuh,861,cuda_boundary,cudaGetErrorString,pinned native/conditional/legacy; not proof of runtime execution
include/search.cuh,867,cuda_boundary,cudaDeviceSynchronize,pinned native/conditional/legacy; not proof of runtime execution
include/search.cuh,868,cuda_boundary,cudaGetLastError,pinned native/conditional/legacy; not proof of runtime execution
include/search.cuh,870,cuda_boundary,cudaGetErrorString,pinned native/conditional/legacy; not proof of runtime execution
include/search.cuh,874,cuda_boundary,cudaDeviceSynchronize,pinned native/conditional/legacy; not proof of runtime execution
include/search.cuh,875,cuda_boundary,cudaGetLastError,pinned native/conditional/legacy; not proof of runtime execution
include/search.cuh,877,cuda_boundary,cudaGetErrorString,pinned native/conditional/legacy; not proof of runtime execution
include/search.cuh,881,cuda_boundary,cudaMallocManaged,pinned native/conditional/legacy; not proof of runtime execution
include/search.cuh,882,cuda_boundary,cudaMallocManaged,pinned native/conditional/legacy; not proof of runtime execution
include/search.cuh,885,cuda_boundary,cudaDeviceSynchronize,pinned native/conditional/legacy; not proof of runtime execution
include/search.cuh,890,cuda_boundary,cudaDeviceSynchronize,pinned native/conditional/legacy; not proof of runtime execution
include/search.cuh,902,cuda_boundary,cudaFree,pinned native/conditional/legacy; not proof of runtime execution
include/search.cuh,903,cuda_boundary,cudaFree,pinned native/conditional/legacy; not proof of runtime execution
include/search.cuh,904,cuda_boundary,cudaFree,pinned native/conditional/legacy; not proof of runtime execution
include/search.cuh,905,cuda_boundary,cudaFree,pinned native/conditional/legacy; not proof of runtime execution
include/search.cuh,906,cuda_boundary,cudaFree,pinned native/conditional/legacy; not proof of runtime execution
include/search.cuh,907,cuda_boundary,cudaFree,pinned native/conditional/legacy; not proof of runtime execution
include/search.cuh,908,cuda_boundary,cudaFree,pinned native/conditional/legacy; not proof of runtime execution
include/search.cuh,915,cuda_boundary,cudaFree,pinned native/conditional/legacy; not proof of runtime execution
include/search.cuh,916,cuda_boundary,cudaFree,pinned native/conditional/legacy; not proof of runtime execution
include/search.cuh,917,cuda_boundary,cudaFree,pinned native/conditional/legacy; not proof of runtime execution
include/search.cuh,918,cuda_boundary,cudaFree,pinned native/conditional/legacy; not proof of runtime execution
include/search.cuh,919,cuda_boundary,cudaFree,pinned native/conditional/legacy; not proof of runtime execution
include/search.cuh,920,cuda_boundary,cudaFree,pinned native/conditional/legacy; not proof of runtime execution
include/search.cuh,921,cuda_boundary,cudaFree,pinned native/conditional/legacy; not proof of runtime execution
include/search.cuh,922,cuda_boundary,cudaFree,pinned native/conditional/legacy; not proof of runtime execution
include/search.cuh,923,cuda_boundary,cudaFree,pinned native/conditional/legacy; not proof of runtime execution
include/search.cuh,938,cuda_boundary,cudaMallocManaged,pinned native/conditional/legacy; not proof of runtime execution
include/search.cuh,939,cuda_boundary,cudaMallocManaged,pinned native/conditional/legacy; not proof of runtime execution
include/search.cuh,940,cuda_boundary,cudaMallocManaged,pinned native/conditional/legacy; not proof of runtime execution
include/search.cuh,941,cuda_boundary,cudaMallocManaged,pinned native/conditional/legacy; not proof of runtime execution
include/search.cuh,942,cuda_boundary,cudaMalloc,pinned native/conditional/legacy; not proof of runtime execution
include/search.cuh,943,cuda_boundary,cudaMalloc,pinned native/conditional/legacy; not proof of runtime execution
include/search.cuh,944,cuda_boundary,cudaMalloc,pinned native/conditional/legacy; not proof of runtime execution
include/search.cuh,945,cuda_boundary,cudaMalloc,pinned native/conditional/legacy; not proof of runtime execution
include/search.cuh,946,cuda_boundary,cudaMalloc,pinned native/conditional/legacy; not proof of runtime execution
include/search.cuh,947,cuda_boundary,cudaMalloc,pinned native/conditional/legacy; not proof of runtime execution
include/search.cuh,948,cuda_boundary,cudaMalloc,pinned native/conditional/legacy; not proof of runtime execution
include/search.cuh,949,cuda_boundary,cudaMalloc,pinned native/conditional/legacy; not proof of runtime execution
include/search.cuh,950,cuda_boundary,cudaMalloc,pinned native/conditional/legacy; not proof of runtime execution
include/search.cuh,951,cuda_boundary,cudaMalloc,pinned native/conditional/legacy; not proof of runtime execution
include/search.cuh,957,cuda_boundary,cudaDeviceSynchronize,pinned native/conditional/legacy; not proof of runtime execution
include/search.cuh,959,cuda_boundary,cudaDeviceSynchronize,pinned native/conditional/legacy; not proof of runtime execution
include/search.cuh,973,cuda_boundary,cudaDeviceSynchronize,pinned native/conditional/legacy; not proof of runtime execution
include/search.cuh,983,cuda_boundary,cudaDeviceSynchronize,pinned native/conditional/legacy; not proof of runtime execution
include/search.cuh,988,cuda_boundary,cudaDeviceSynchronize,pinned native/conditional/legacy; not proof of runtime execution
include/search.cuh,993,cuda_boundary,cudaDeviceSynchronize,pinned native/conditional/legacy; not proof of runtime execution
include/search.cuh,994,cuda_boundary,cudaGetLastError,pinned native/conditional/legacy; not proof of runtime execution
include/search.cuh,996,cuda_boundary,cudaGetErrorString,pinned native/conditional/legacy; not proof of runtime execution
include/search.cuh,999,cuda_boundary,cudaDeviceSynchronize,pinned native/conditional/legacy; not proof of runtime execution
include/search.cuh,1018,cuda_boundary,cudaMalloc,pinned native/conditional/legacy; not proof of runtime execution
include/search.cuh,1019,cuda_boundary,cudaMalloc,pinned native/conditional/legacy; not proof of runtime execution
include/search.cuh,1020,cuda_boundary,cudaMalloc,pinned native/conditional/legacy; not proof of runtime execution
include/search.cuh,1021,cuda_boundary,cudaMalloc,pinned native/conditional/legacy; not proof of runtime execution
include/search.cuh,1022,cuda_boundary,cudaMalloc,pinned native/conditional/legacy; not proof of runtime execution
include/search.cuh,1024,cuda_boundary,cudaDeviceSynchronize,pinned native/conditional/legacy; not proof of runtime execution
include/search.cuh,1025,cuda_boundary,cudaGetLastError,pinned native/conditional/legacy; not proof of runtime execution
include/search.cuh,1027,cuda_boundary,cudaGetErrorString,pinned native/conditional/legacy; not proof of runtime execution
include/search.cuh,1030,cuda_boundary,cudaDeviceSynchronize,pinned native/conditional/legacy; not proof of runtime execution
include/search.cuh,1031,cuda_boundary,cudaGetLastError,pinned native/conditional/legacy; not proof of runtime execution
include/search.cuh,1033,cuda_boundary,cudaGetErrorString,pinned native/conditional/legacy; not proof of runtime execution
include/search.cuh,1039,cuda_boundary,cudaDeviceSynchronize,pinned native/conditional/legacy; not proof of runtime execution
include/search.cuh,1040,cuda_boundary,cudaGetLastError,pinned native/conditional/legacy; not proof of runtime execution
include/search.cuh,1042,cuda_boundary,cudaGetErrorString,pinned native/conditional/legacy; not proof of runtime execution
include/search.cuh,1046,cuda_boundary,cudaDeviceSynchronize,pinned native/conditional/legacy; not proof of runtime execution
include/search.cuh,1047,cuda_boundary,cudaGetLastError,pinned native/conditional/legacy; not proof of runtime execution
include/search.cuh,1049,cuda_boundary,cudaGetErrorString,pinned native/conditional/legacy; not proof of runtime execution
include/search.cuh,1053,cuda_boundary,cudaMalloc,pinned native/conditional/legacy; not proof of runtime execution
include/search.cuh,1054,cuda_boundary,cudaMalloc,pinned native/conditional/legacy; not proof of runtime execution
include/search.cuh,1055,cuda_boundary,cudaMalloc,pinned native/conditional/legacy; not proof of runtime execution
include/search.cuh,1056,cuda_boundary,cudaMalloc,pinned native/conditional/legacy; not proof of runtime execution
include/search.cuh,1059,cuda_boundary,cudaDeviceSynchronize,pinned native/conditional/legacy; not proof of runtime execution
include/search.cuh,1065,cuda_boundary,cudaDeviceSynchronize,pinned native/conditional/legacy; not proof of runtime execution
include/search.cuh,1066,cuda_boundary,cudaGetLastError,pinned native/conditional/legacy; not proof of runtime execution
include/search.cuh,1068,cuda_boundary,cudaGetErrorString,pinned native/conditional/legacy; not proof of runtime execution
include/search.cuh,1074,cuda_boundary,cudaDeviceSynchronize,pinned native/conditional/legacy; not proof of runtime execution
include/search.cuh,1075,cuda_boundary,cudaGetLastError,pinned native/conditional/legacy; not proof of runtime execution
include/search.cuh,1077,cuda_boundary,cudaGetErrorString,pinned native/conditional/legacy; not proof of runtime execution
include/search.cuh,1089,cuda_boundary,cudaFree,pinned native/conditional/legacy; not proof of runtime execution
include/search.cuh,1090,cuda_boundary,cudaFree,pinned native/conditional/legacy; not proof of runtime execution
include/search.cuh,1091,cuda_boundary,cudaFree,pinned native/conditional/legacy; not proof of runtime execution
include/search.cuh,1092,cuda_boundary,cudaFree,pinned native/conditional/legacy; not proof of runtime execution
include/search.cuh,1093,cuda_boundary,cudaFree,pinned native/conditional/legacy; not proof of runtime execution
include/search.cuh,1094,cuda_boundary,cudaFree,pinned native/conditional/legacy; not proof of runtime execution
include/search.cuh,1095,cuda_boundary,cudaFree,pinned native/conditional/legacy; not proof of runtime execution
include/search.cuh,1096,cuda_boundary,cudaFree,pinned native/conditional/legacy; not proof of runtime execution
include/search.cuh,1097,cuda_boundary,cudaFree,pinned native/conditional/legacy; not proof of runtime execution
include/search.cuh,1104,cuda_boundary,cudaFree,pinned native/conditional/legacy; not proof of runtime execution
include/search.cuh,1105,cuda_boundary,cudaFree,pinned native/conditional/legacy; not proof of runtime execution
include/search.cuh,1106,cuda_boundary,cudaFree,pinned native/conditional/legacy; not proof of runtime execution
include/search.cuh,1107,cuda_boundary,cudaFree,pinned native/conditional/legacy; not proof of runtime execution
include/search.cuh,1108,cuda_boundary,cudaFree,pinned native/conditional/legacy; not proof of runtime execution
include/search.cuh,1109,cuda_boundary,cudaFree,pinned native/conditional/legacy; not proof of runtime execution
include/search.cuh,1110,cuda_boundary,cudaFree,pinned native/conditional/legacy; not proof of runtime execution
include/search.cuh,1111,cuda_boundary,cudaFree,pinned native/conditional/legacy; not proof of runtime execution
include/search.cuh,1112,cuda_boundary,cudaFree,pinned native/conditional/legacy; not proof of runtime execution
include/search.cuh,1113,cuda_boundary,cudaFree,pinned native/conditional/legacy; not proof of runtime execution
include/search.cuh,1114,cuda_boundary,cudaFree,pinned native/conditional/legacy; not proof of runtime execution
include/search.cuh,1115,cuda_boundary,cudaFree,pinned native/conditional/legacy; not proof of runtime execution
include/search.cuh,1116,cuda_boundary,cudaFree,pinned native/conditional/legacy; not proof of runtime execution
include/search.cuh,1117,cuda_boundary,cudaFree,pinned native/conditional/legacy; not proof of runtime execution
include/search_naive.cuh,236,launch,searchD,pinned native/conditional/legacy; not proof of runtime execution
include/search_naive.cuh,240,launch,searchS,pinned native/conditional/legacy; not proof of runtime execution
include/search_naive.cuh,247,launch,check,pinned native/conditional/legacy; not proof of runtime execution
include/search_naive.cuh,263,launch,getRnn,pinned native/conditional/legacy; not proof of runtime execution
include/search_naive.cuh,222,cuda_boundary,cudaFree,pinned native/conditional/legacy; not proof of runtime execution
include/search_naive.cuh,223,cuda_boundary,cudaFree,pinned native/conditional/legacy; not proof of runtime execution
include/search_naive.cuh,224,cuda_boundary,cudaFree,pinned native/conditional/legacy; not proof of runtime execution
include/search_naive.cuh,225,cuda_boundary,cudaMalloc,pinned native/conditional/legacy; not proof of runtime execution
include/search_naive.cuh,226,cuda_boundary,cudaMalloc,pinned native/conditional/legacy; not proof of runtime execution
include/search_naive.cuh,227,cuda_boundary,cudaMalloc,pinned native/conditional/legacy; not proof of runtime execution
include/search_naive.cuh,242,cuda_boundary,cudaDeviceSynchronize,pinned native/conditional/legacy; not proof of runtime execution
include/search_naive.cuh,243,cuda_boundary,cudaGetLastError,pinned native/conditional/legacy; not proof of runtime execution
include/search_naive.cuh,245,cuda_boundary,cudaGetErrorString,pinned native/conditional/legacy; not proof of runtime execution
include/search_naive.cuh,248,cuda_boundary,cudaDeviceSynchronize,pinned native/conditional/legacy; not proof of runtime execution
include/search_naive.cuh,249,cuda_boundary,cudaGetLastError,pinned native/conditional/legacy; not proof of runtime execution
include/search_naive.cuh,251,cuda_boundary,cudaGetErrorString,pinned native/conditional/legacy; not proof of runtime execution
include/search_naive.cuh,256,cuda_boundary,cudaMemcpy,pinned native/conditional/legacy; not proof of runtime execution
include/search_naive.cuh,259,cuda_boundary,cudaMemcpy,pinned native/conditional/legacy; not proof of runtime execution
include/search_naive.cuh,264,cuda_boundary,cudaDeviceSynchronize,pinned native/conditional/legacy; not proof of runtime execution
include/search_naive.cuh,265,cuda_boundary,cudaGetLastError,pinned native/conditional/legacy; not proof of runtime execution
include/search_naive.cuh,267,cuda_boundary,cudaGetErrorString,pinned native/conditional/legacy; not proof of runtime execution
include/search_v2.cuh,1124,launch,initPList,pinned native/conditional/legacy; not proof of runtime execution
include/search_v2.cuh,1161,launch,nodeProcessRnn,pinned native/conditional/legacy; not proof of runtime execution
include/search_v2.cuh,1178,launch,getQCount,pinned native/conditional/legacy; not proof of runtime execution
include/search_v2.cuh,1190,launch,mergeLNode,pinned native/conditional/legacy; not proof of runtime execution
include/search_v2.cuh,1200,launch,dataProcessRnn,pinned native/conditional/legacy; not proof of runtime execution
include/search_v2.cuh,1209,launch,mergeResRnn,pinned native/conditional/legacy; not proof of runtime execution
include/search_v2.cuh,1334,launch,initPListKnn,pinned native/conditional/legacy; not proof of runtime execution
include/search_v2.cuh,1339,launch,initDisK,pinned native/conditional/legacy; not proof of runtime execution
include/search_v2.cuh,1380,launch,labelCNode,pinned native/conditional/legacy; not proof of runtime execution
include/search_v2.cuh,1394,launch,getDisPQ,pinned native/conditional/legacy; not proof of runtime execution
include/search_v2.cuh,1410,launch,updateDisK,pinned native/conditional/legacy; not proof of runtime execution
include/search_v2.cuh,1419,launch,nodeProcessKnn,pinned native/conditional/legacy; not proof of runtime execution
include/search_v2.cuh,1437,launch,getQCountKnn,pinned native/conditional/legacy; not proof of runtime execution
include/search_v2.cuh,1450,launch,mergeLNodeKnn,pinned native/conditional/legacy; not proof of runtime execution
include/search_v2.cuh,1459,launch,dataProcessKnn,pinned native/conditional/legacy; not proof of runtime execution
include/search_v2.cuh,1476,launch,mergeResKnn,pinned native/conditional/legacy; not proof of runtime execution
include/search_v2.cuh,1612,launch,initPListKnn,pinned native/conditional/legacy; not proof of runtime execution
include/search_v2.cuh,1617,launch,initDisK,pinned native/conditional/legacy; not proof of runtime execution
include/search_v2.cuh,1656,launch,labelCNode,pinned native/conditional/legacy; not proof of runtime execution
include/search_v2.cuh,1670,launch,getDisPQVec,pinned native/conditional/legacy; not proof of runtime execution
include/search_v2.cuh,1686,launch,updateDisK,pinned native/conditional/legacy; not proof of runtime execution
include/search_v2.cuh,1695,launch,nodeProcessKnn,pinned native/conditional/legacy; not proof of runtime execution
include/search_v2.cuh,1713,launch,getQCountKnn,pinned native/conditional/legacy; not proof of runtime execution
include/search_v2.cuh,1725,launch,mergeLNodeKnn,pinned native/conditional/legacy; not proof of runtime execution
include/search_v2.cuh,1734,launch,dataProcessKnnVec,pinned native/conditional/legacy; not proof of runtime execution
include/search_v2.cuh,1751,launch,mergeResKnn,pinned native/conditional/legacy; not proof of runtime execution
include/search_v2.cuh,1856,launch,initPListKnn,pinned native/conditional/legacy; not proof of runtime execution
include/search_v2.cuh,1861,launch,initDisK,pinned native/conditional/legacy; not proof of runtime execution
include/search_v2.cuh,1900,launch,labelCNode,pinned native/conditional/legacy; not proof of runtime execution
include/search_v2.cuh,1914,launch,getDisPQ,pinned native/conditional/legacy; not proof of runtime execution
include/search_v2.cuh,1930,launch,updateDisK,pinned native/conditional/legacy; not proof of runtime execution
include/search_v2.cuh,1939,launch,nodeProcessKnn,pinned native/conditional/legacy; not proof of runtime execution
include/search_v2.cuh,1957,launch,getQCountKnn,pinned native/conditional/legacy; not proof of runtime execution
include/search_v2.cuh,1969,launch,mergeLNodeKnn,pinned native/conditional/legacy; not proof of runtime execution
include/search_v2.cuh,1978,launch,dataProcessKnn,pinned native/conditional/legacy; not proof of runtime execution
include/search_v2.cuh,1995,launch,mergeResKnnIds,pinned native/conditional/legacy; not proof of runtime execution
include/search_v2.cuh,2100,launch,initPListKnn,pinned native/conditional/legacy; not proof of runtime execution
include/search_v2.cuh,2105,launch,initDisK,pinned native/conditional/legacy; not proof of runtime execution
include/search_v2.cuh,2144,launch,labelCNode,pinned native/conditional/legacy; not proof of runtime execution
include/search_v2.cuh,2158,launch,getDisPQVec,pinned native/conditional/legacy; not proof of runtime execution
include/search_v2.cuh,2174,launch,updateDisK,pinned native/conditional/legacy; not proof of runtime execution
include/search_v2.cuh,2183,launch,nodeProcessKnn,pinned native/conditional/legacy; not proof of runtime execution
include/search_v2.cuh,2201,launch,getQCountKnn,pinned native/conditional/legacy; not proof of runtime execution
include/search_v2.cuh,2213,launch,mergeLNodeKnn,pinned native/conditional/legacy; not proof of runtime execution
include/search_v2.cuh,2222,launch,dataProcessKnnVec,pinned native/conditional/legacy; not proof of runtime execution
include/search_v2.cuh,2239,launch,mergeResKnnIds,pinned native/conditional/legacy; not proof of runtime execution
include/search_v2.cuh,744,thrust,thrust::reduce,pinned native/conditional/legacy; not proof of runtime execution
include/search_v2.cuh,1153,thrust,thrust::reduce,pinned native/conditional/legacy; not proof of runtime execution
include/search_v2.cuh,1185,thrust,thrust::reduce,pinned native/conditional/legacy; not proof of runtime execution
include/search_v2.cuh,1186,thrust,thrust::exclusive_scan,pinned native/conditional/legacy; not proof of runtime execution
include/search_v2.cuh,1364,thrust,thrust::reduce,pinned native/conditional/legacy; not proof of runtime execution
include/search_v2.cuh,1372,thrust,thrust::reduce,pinned native/conditional/legacy; not proof of runtime execution
include/search_v2.cuh,1403,thrust,thrust::sort_by_key,pinned native/conditional/legacy; not proof of runtime execution
include/search_v2.cuh,1444,thrust,thrust::reduce,pinned native/conditional/legacy; not proof of runtime execution
include/search_v2.cuh,1445,thrust,thrust::exclusive_scan,pinned native/conditional/legacy; not proof of runtime execution
include/search_v2.cuh,1467,thrust,thrust::sort_by_key,pinned native/conditional/legacy; not proof of runtime execution
include/search_v2.cuh,1642,thrust,thrust::reduce,pinned native/conditional/legacy; not proof of runtime execution
include/search_v2.cuh,1650,thrust,thrust::reduce,pinned native/conditional/legacy; not proof of runtime execution
include/search_v2.cuh,1679,thrust,thrust::sort_by_key,pinned native/conditional/legacy; not proof of runtime execution
include/search_v2.cuh,1720,thrust,thrust::reduce,pinned native/conditional/legacy; not proof of runtime execution
include/search_v2.cuh,1721,thrust,thrust::exclusive_scan,pinned native/conditional/legacy; not proof of runtime execution
include/search_v2.cuh,1742,thrust,thrust::sort_by_key,pinned native/conditional/legacy; not proof of runtime execution
include/search_v2.cuh,1886,thrust,thrust::reduce,pinned native/conditional/legacy; not proof of runtime execution
include/search_v2.cuh,1894,thrust,thrust::reduce,pinned native/conditional/legacy; not proof of runtime execution
include/search_v2.cuh,1923,thrust,thrust::sort_by_key,pinned native/conditional/legacy; not proof of runtime execution
include/search_v2.cuh,1964,thrust,thrust::reduce,pinned native/conditional/legacy; not proof of runtime execution
include/search_v2.cuh,1965,thrust,thrust::exclusive_scan,pinned native/conditional/legacy; not proof of runtime execution
include/search_v2.cuh,1986,thrust,thrust::sort_by_key,pinned native/conditional/legacy; not proof of runtime execution
include/search_v2.cuh,2130,thrust,thrust::reduce,pinned native/conditional/legacy; not proof of runtime execution
include/search_v2.cuh,2138,thrust,thrust::reduce,pinned native/conditional/legacy; not proof of runtime execution
include/search_v2.cuh,2167,thrust,thrust::sort_by_key,pinned native/conditional/legacy; not proof of runtime execution
include/search_v2.cuh,2208,thrust,thrust::reduce,pinned native/conditional/legacy; not proof of runtime execution
include/search_v2.cuh,2209,thrust,thrust::exclusive_scan,pinned native/conditional/legacy; not proof of runtime execution
include/search_v2.cuh,2230,thrust,thrust::sort_by_key,pinned native/conditional/legacy; not proof of runtime execution
include/search_v2.cuh,1075,cuda_boundary,cudaMallocManaged,pinned native/conditional/legacy; not proof of runtime execution
include/search_v2.cuh,1076,cuda_boundary,cudaMallocManaged,pinned native/conditional/legacy; not proof of runtime execution
include/search_v2.cuh,1081,cuda_boundary,cudaMemGetInfo,pinned native/conditional/legacy; not proof of runtime execution
include/search_v2.cuh,1100,cuda_boundary,cudaMalloc,pinned native/conditional/legacy; not proof of runtime execution
include/search_v2.cuh,1104,cuda_boundary,cudaMemset,pinned native/conditional/legacy; not proof of runtime execution
include/search_v2.cuh,1105,cuda_boundary,cudaMemset,pinned native/conditional/legacy; not proof of runtime execution
include/search_v2.cuh,1125,cuda_boundary,cudaDeviceSynchronize,pinned native/conditional/legacy; not proof of runtime execution
include/search_v2.cuh,1126,cuda_boundary,cudaGetLastError,pinned native/conditional/legacy; not proof of runtime execution
include/search_v2.cuh,1128,cuda_boundary,cudaGetErrorString,pinned native/conditional/legacy; not proof of runtime execution
include/search_v2.cuh,1163,cuda_boundary,cudaDeviceSynchronize,pinned native/conditional/legacy; not proof of runtime execution
include/search_v2.cuh,1164,cuda_boundary,cudaGetLastError,pinned native/conditional/legacy; not proof of runtime execution
include/search_v2.cuh,1166,cuda_boundary,cudaGetErrorString,pinned native/conditional/legacy; not proof of runtime execution
include/search_v2.cuh,1179,cuda_boundary,cudaDeviceSynchronize,pinned native/conditional/legacy; not proof of runtime execution
include/search_v2.cuh,1180,cuda_boundary,cudaGetLastError,pinned native/conditional/legacy; not proof of runtime execution
include/search_v2.cuh,1182,cuda_boundary,cudaGetErrorString,pinned native/conditional/legacy; not proof of runtime execution
include/search_v2.cuh,1192,cuda_boundary,cudaDeviceSynchronize,pinned native/conditional/legacy; not proof of runtime execution
include/search_v2.cuh,1193,cuda_boundary,cudaGetLastError,pinned native/conditional/legacy; not proof of runtime execution
include/search_v2.cuh,1195,cuda_boundary,cudaGetErrorString,pinned native/conditional/legacy; not proof of runtime execution
include/search_v2.cuh,1202,cuda_boundary,cudaDeviceSynchronize,pinned native/conditional/legacy; not proof of runtime execution
include/search_v2.cuh,1203,cuda_boundary,cudaGetLastError,pinned native/conditional/legacy; not proof of runtime execution
include/search_v2.cuh,1205,cuda_boundary,cudaGetErrorString,pinned native/conditional/legacy; not proof of runtime execution
include/search_v2.cuh,1210,cuda_boundary,cudaDeviceSynchronize,pinned native/conditional/legacy; not proof of runtime execution
include/search_v2.cuh,1211,cuda_boundary,cudaGetLastError,pinned native/conditional/legacy; not proof of runtime execution
include/search_v2.cuh,1213,cuda_boundary,cudaGetErrorString,pinned native/conditional/legacy; not proof of runtime execution
include/search_v2.cuh,1265,cuda_boundary,cudaFree,pinned native/conditional/legacy; not proof of runtime execution
include/search_v2.cuh,1266,cuda_boundary,cudaFree,pinned native/conditional/legacy; not proof of runtime execution
include/search_v2.cuh,1282,cuda_boundary,cudaMallocManaged,pinned native/conditional/legacy; not proof of runtime execution
include/search_v2.cuh,1283,cuda_boundary,cudaMallocManaged,pinned native/conditional/legacy; not proof of runtime execution
include/search_v2.cuh,1284,cuda_boundary,cudaMalloc,pinned native/conditional/legacy; not proof of runtime execution
include/search_v2.cuh,1289,cuda_boundary,cudaMemGetInfo,pinned native/conditional/legacy; not proof of runtime execution
include/search_v2.cuh,1308,cuda_boundary,cudaMalloc,pinned native/conditional/legacy; not proof of runtime execution
include/search_v2.cuh,1314,cuda_boundary,cudaMemset,pinned native/conditional/legacy; not proof of runtime execution
include/search_v2.cuh,1335,cuda_boundary,cudaDeviceSynchronize,pinned native/conditional/legacy; not proof of runtime execution
include/search_v2.cuh,1336,cuda_boundary,cudaGetLastError,pinned native/conditional/legacy; not proof of runtime execution
include/search_v2.cuh,1338,cuda_boundary,cudaGetErrorString,pinned native/conditional/legacy; not proof of runtime execution
include/search_v2.cuh,1340,cuda_boundary,cudaDeviceSynchronize,pinned native/conditional/legacy; not proof of runtime execution
include/search_v2.cuh,1341,cuda_boundary,cudaGetLastError,pinned native/conditional/legacy; not proof of runtime execution
include/search_v2.cuh,1343,cuda_boundary,cudaGetErrorString,pinned native/conditional/legacy; not proof of runtime execution
include/search_v2.cuh,1381,cuda_boundary,cudaDeviceSynchronize,pinned native/conditional/legacy; not proof of runtime execution
include/search_v2.cuh,1382,cuda_boundary,cudaGetLastError,pinned native/conditional/legacy; not proof of runtime execution
include/search_v2.cuh,1384,cuda_boundary,cudaGetErrorString,pinned native/conditional/legacy; not proof of runtime execution
include/search_v2.cuh,1396,cuda_boundary,cudaDeviceSynchronize,pinned native/conditional/legacy; not proof of runtime execution
include/search_v2.cuh,1397,cuda_boundary,cudaGetLastError,pinned native/conditional/legacy; not proof of runtime execution
include/search_v2.cuh,1399,cuda_boundary,cudaGetErrorString,pinned native/conditional/legacy; not proof of runtime execution
include/search_v2.cuh,1405,cuda_boundary,cudaGetLastError,pinned native/conditional/legacy; not proof of runtime execution
include/search_v2.cuh,1407,cuda_boundary,cudaGetErrorString,pinned native/conditional/legacy; not proof of runtime execution
include/search_v2.cuh,1411,cuda_boundary,cudaDeviceSynchronize,pinned native/conditional/legacy; not proof of runtime execution
include/search_v2.cuh,1412,cuda_boundary,cudaGetLastError,pinned native/conditional/legacy; not proof of runtime execution
include/search_v2.cuh,1414,cuda_boundary,cudaGetErrorString,pinned native/conditional/legacy; not proof of runtime execution
include/search_v2.cuh,1421,cuda_boundary,cudaDeviceSynchronize,pinned native/conditional/legacy; not proof of runtime execution
include/search_v2.cuh,1422,cuda_boundary,cudaGetLastError,pinned native/conditional/legacy; not proof of runtime execution
include/search_v2.cuh,1424,cuda_boundary,cudaGetErrorString,pinned native/conditional/legacy; not proof of runtime execution
include/search_v2.cuh,1438,cuda_boundary,cudaDeviceSynchronize,pinned native/conditional/legacy; not proof of runtime execution
include/search_v2.cuh,1439,cuda_boundary,cudaGetLastError,pinned native/conditional/legacy; not proof of runtime execution
include/search_v2.cuh,1441,cuda_boundary,cudaGetErrorString,pinned native/conditional/legacy; not proof of runtime execution
include/search_v2.cuh,1452,cuda_boundary,cudaDeviceSynchronize,pinned native/conditional/legacy; not proof of runtime execution
include/search_v2.cuh,1453,cuda_boundary,cudaGetLastError,pinned native/conditional/legacy; not proof of runtime execution
include/search_v2.cuh,1455,cuda_boundary,cudaGetErrorString,pinned native/conditional/legacy; not proof of runtime execution
include/search_v2.cuh,1461,cuda_boundary,cudaDeviceSynchronize,pinned native/conditional/legacy; not proof of runtime execution
include/search_v2.cuh,1462,cuda_boundary,cudaGetLastError,pinned native/conditional/legacy; not proof of runtime execution
include/search_v2.cuh,1464,cuda_boundary,cudaGetErrorString,pinned native/conditional/legacy; not proof of runtime execution
include/search_v2.cuh,1470,cuda_boundary,cudaGetLastError,pinned native/conditional/legacy; not proof of runtime execution
include/search_v2.cuh,1472,cuda_boundary,cudaGetErrorString,pinned native/conditional/legacy; not proof of runtime execution
include/search_v2.cuh,1477,cuda_boundary,cudaDeviceSynchronize,pinned native/conditional/legacy; not proof of runtime execution
include/search_v2.cuh,1478,cuda_boundary,cudaGetLastError,pinned native/conditional/legacy; not proof of runtime execution
include/search_v2.cuh,1480,cuda_boundary,cudaGetErrorString,pinned native/conditional/legacy; not proof of runtime execution
include/search_v2.cuh,1530,cuda_boundary,cudaDeviceSynchronize,pinned native/conditional/legacy; not proof of runtime execution
include/search_v2.cuh,1560,cuda_boundary,cudaFree,pinned native/conditional/legacy; not proof of runtime execution
include/search_v2.cuh,1561,cuda_boundary,cudaFree,pinned native/conditional/legacy; not proof of runtime execution
include/search_v2.cuh,1562,cuda_boundary,cudaFree,pinned native/conditional/legacy; not proof of runtime execution
include/search_v2.cuh,1571,cuda_boundary,cudaMallocManaged,pinned native/conditional/legacy; not proof of runtime execution
include/search_v2.cuh,1572,cuda_boundary,cudaMallocManaged,pinned native/conditional/legacy; not proof of runtime execution
include/search_v2.cuh,1573,cuda_boundary,cudaMalloc,pinned native/conditional/legacy; not proof of runtime execution
include/search_v2.cuh,1578,cuda_boundary,cudaMemGetInfo,pinned native/conditional/legacy; not proof of runtime execution
include/search_v2.cuh,1590,cuda_boundary,cudaMalloc,pinned native/conditional/legacy; not proof of runtime execution
include/search_v2.cuh,1593,cuda_boundary,cudaMemset,pinned native/conditional/legacy; not proof of runtime execution
include/search_v2.cuh,1613,cuda_boundary,cudaDeviceSynchronize,pinned native/conditional/legacy; not proof of runtime execution
include/search_v2.cuh,1614,cuda_boundary,cudaGetLastError,pinned native/conditional/legacy; not proof of runtime execution
include/search_v2.cuh,1616,cuda_boundary,cudaGetErrorString,pinned native/conditional/legacy; not proof of runtime execution
include/search_v2.cuh,1618,cuda_boundary,cudaDeviceSynchronize,pinned native/conditional/legacy; not proof of runtime execution
include/search_v2.cuh,1619,cuda_boundary,cudaGetLastError,pinned native/conditional/legacy; not proof of runtime execution
include/search_v2.cuh,1621,cuda_boundary,cudaGetErrorString,pinned native/conditional/legacy; not proof of runtime execution
include/search_v2.cuh,1657,cuda_boundary,cudaDeviceSynchronize,pinned native/conditional/legacy; not proof of runtime execution
include/search_v2.cuh,1658,cuda_boundary,cudaGetLastError,pinned native/conditional/legacy; not proof of runtime execution
include/search_v2.cuh,1660,cuda_boundary,cudaGetErrorString,pinned native/conditional/legacy; not proof of runtime execution
include/search_v2.cuh,1672,cuda_boundary,cudaDeviceSynchronize,pinned native/conditional/legacy; not proof of runtime execution
include/search_v2.cuh,1673,cuda_boundary,cudaGetLastError,pinned native/conditional/legacy; not proof of runtime execution
include/search_v2.cuh,1675,cuda_boundary,cudaGetErrorString,pinned native/conditional/legacy; not proof of runtime execution
include/search_v2.cuh,1681,cuda_boundary,cudaGetLastError,pinned native/conditional/legacy; not proof of runtime execution
include/search_v2.cuh,1683,cuda_boundary,cudaGetErrorString,pinned native/conditional/legacy; not proof of runtime execution
include/search_v2.cuh,1687,cuda_boundary,cudaDeviceSynchronize,pinned native/conditional/legacy; not proof of runtime execution
include/search_v2.cuh,1688,cuda_boundary,cudaGetLastError,pinned native/conditional/legacy; not proof of runtime execution
include/search_v2.cuh,1690,cuda_boundary,cudaGetErrorString,pinned native/conditional/legacy; not proof of runtime execution
include/search_v2.cuh,1697,cuda_boundary,cudaDeviceSynchronize,pinned native/conditional/legacy; not proof of runtime execution
include/search_v2.cuh,1698,cuda_boundary,cudaGetLastError,pinned native/conditional/legacy; not proof of runtime execution
include/search_v2.cuh,1700,cuda_boundary,cudaGetErrorString,pinned native/conditional/legacy; not proof of runtime execution
include/search_v2.cuh,1714,cuda_boundary,cudaDeviceSynchronize,pinned native/conditional/legacy; not proof of runtime execution
include/search_v2.cuh,1715,cuda_boundary,cudaGetLastError,pinned native/conditional/legacy; not proof of runtime execution
include/search_v2.cuh,1717,cuda_boundary,cudaGetErrorString,pinned native/conditional/legacy; not proof of runtime execution
include/search_v2.cuh,1727,cuda_boundary,cudaDeviceSynchronize,pinned native/conditional/legacy; not proof of runtime execution
include/search_v2.cuh,1728,cuda_boundary,cudaGetLastError,pinned native/conditional/legacy; not proof of runtime execution
include/search_v2.cuh,1730,cuda_boundary,cudaGetErrorString,pinned native/conditional/legacy; not proof of runtime execution
include/search_v2.cuh,1736,cuda_boundary,cudaDeviceSynchronize,pinned native/conditional/legacy; not proof of runtime execution
include/search_v2.cuh,1737,cuda_boundary,cudaGetLastError,pinned native/conditional/legacy; not proof of runtime execution
include/search_v2.cuh,1739,cuda_boundary,cudaGetErrorString,pinned native/conditional/legacy; not proof of runtime execution
include/search_v2.cuh,1745,cuda_boundary,cudaGetLastError,pinned native/conditional/legacy; not proof of runtime execution
include/search_v2.cuh,1747,cuda_boundary,cudaGetErrorString,pinned native/conditional/legacy; not proof of runtime execution
include/search_v2.cuh,1752,cuda_boundary,cudaDeviceSynchronize,pinned native/conditional/legacy; not proof of runtime execution
include/search_v2.cuh,1753,cuda_boundary,cudaGetLastError,pinned native/conditional/legacy; not proof of runtime execution
include/search_v2.cuh,1755,cuda_boundary,cudaGetErrorString,pinned native/conditional/legacy; not proof of runtime execution
include/search_v2.cuh,1804,cuda_boundary,cudaFree,pinned native/conditional/legacy; not proof of runtime execution
include/search_v2.cuh,1805,cuda_boundary,cudaFree,pinned native/conditional/legacy; not proof of runtime execution
include/search_v2.cuh,1806,cuda_boundary,cudaFree,pinned native/conditional/legacy; not proof of runtime execution
include/search_v2.cuh,1815,cuda_boundary,cudaMallocManaged,pinned native/conditional/legacy; not proof of runtime execution
include/search_v2.cuh,1816,cuda_boundary,cudaMallocManaged,pinned native/conditional/legacy; not proof of runtime execution
include/search_v2.cuh,1817,cuda_boundary,cudaMalloc,pinned native/conditional/legacy; not proof of runtime execution
include/search_v2.cuh,1822,cuda_boundary,cudaMemGetInfo,pinned native/conditional/legacy; not proof of runtime execution
include/search_v2.cuh,1834,cuda_boundary,cudaMalloc,pinned native/conditional/legacy; not proof of runtime execution
include/search_v2.cuh,1837,cuda_boundary,cudaMemset,pinned native/conditional/legacy; not proof of runtime execution
include/search_v2.cuh,1857,cuda_boundary,cudaDeviceSynchronize,pinned native/conditional/legacy; not proof of runtime execution
include/search_v2.cuh,1858,cuda_boundary,cudaGetLastError,pinned native/conditional/legacy; not proof of runtime execution
include/search_v2.cuh,1860,cuda_boundary,cudaGetErrorString,pinned native/conditional/legacy; not proof of runtime execution
include/search_v2.cuh,1862,cuda_boundary,cudaDeviceSynchronize,pinned native/conditional/legacy; not proof of runtime execution
include/search_v2.cuh,1863,cuda_boundary,cudaGetLastError,pinned native/conditional/legacy; not proof of runtime execution
include/search_v2.cuh,1865,cuda_boundary,cudaGetErrorString,pinned native/conditional/legacy; not proof of runtime execution
include/search_v2.cuh,1901,cuda_boundary,cudaDeviceSynchronize,pinned native/conditional/legacy; not proof of runtime execution
include/search_v2.cuh,1902,cuda_boundary,cudaGetLastError,pinned native/conditional/legacy; not proof of runtime execution
include/search_v2.cuh,1904,cuda_boundary,cudaGetErrorString,pinned native/conditional/legacy; not proof of runtime execution
include/search_v2.cuh,1916,cuda_boundary,cudaDeviceSynchronize,pinned native/conditional/legacy; not proof of runtime execution
include/search_v2.cuh,1917,cuda_boundary,cudaGetLastError,pinned native/conditional/legacy; not proof of runtime execution
include/search_v2.cuh,1919,cuda_boundary,cudaGetErrorString,pinned native/conditional/legacy; not proof of runtime execution
include/search_v2.cuh,1925,cuda_boundary,cudaGetLastError,pinned native/conditional/legacy; not proof of runtime execution
include/search_v2.cuh,1927,cuda_boundary,cudaGetErrorString,pinned native/conditional/legacy; not proof of runtime execution
include/search_v2.cuh,1931,cuda_boundary,cudaDeviceSynchronize,pinned native/conditional/legacy; not proof of runtime execution
include/search_v2.cuh,1932,cuda_boundary,cudaGetLastError,pinned native/conditional/legacy; not proof of runtime execution
include/search_v2.cuh,1934,cuda_boundary,cudaGetErrorString,pinned native/conditional/legacy; not proof of runtime execution
include/search_v2.cuh,1941,cuda_boundary,cudaDeviceSynchronize,pinned native/conditional/legacy; not proof of runtime execution
include/search_v2.cuh,1942,cuda_boundary,cudaGetLastError,pinned native/conditional/legacy; not proof of runtime execution
include/search_v2.cuh,1944,cuda_boundary,cudaGetErrorString,pinned native/conditional/legacy; not proof of runtime execution
include/search_v2.cuh,1958,cuda_boundary,cudaDeviceSynchronize,pinned native/conditional/legacy; not proof of runtime execution
include/search_v2.cuh,1959,cuda_boundary,cudaGetLastError,pinned native/conditional/legacy; not proof of runtime execution
include/search_v2.cuh,1961,cuda_boundary,cudaGetErrorString,pinned native/conditional/legacy; not proof of runtime execution
include/search_v2.cuh,1971,cuda_boundary,cudaDeviceSynchronize,pinned native/conditional/legacy; not proof of runtime execution
include/search_v2.cuh,1972,cuda_boundary,cudaGetLastError,pinned native/conditional/legacy; not proof of runtime execution
include/search_v2.cuh,1974,cuda_boundary,cudaGetErrorString,pinned native/conditional/legacy; not proof of runtime execution
include/search_v2.cuh,1980,cuda_boundary,cudaDeviceSynchronize,pinned native/conditional/legacy; not proof of runtime execution
include/search_v2.cuh,1981,cuda_boundary,cudaGetLastError,pinned native/conditional/legacy; not proof of runtime execution
include/search_v2.cuh,1983,cuda_boundary,cudaGetErrorString,pinned native/conditional/legacy; not proof of runtime execution
include/search_v2.cuh,1989,cuda_boundary,cudaGetLastError,pinned native/conditional/legacy; not proof of runtime execution
include/search_v2.cuh,1991,cuda_boundary,cudaGetErrorString,pinned native/conditional/legacy; not proof of runtime execution
include/search_v2.cuh,1996,cuda_boundary,cudaDeviceSynchronize,pinned native/conditional/legacy; not proof of runtime execution
include/search_v2.cuh,1997,cuda_boundary,cudaGetLastError,pinned native/conditional/legacy; not proof of runtime execution
include/search_v2.cuh,1999,cuda_boundary,cudaGetErrorString,pinned native/conditional/legacy; not proof of runtime execution
include/search_v2.cuh,2048,cuda_boundary,cudaFree,pinned native/conditional/legacy; not proof of runtime execution
include/search_v2.cuh,2049,cuda_boundary,cudaFree,pinned native/conditional/legacy; not proof of runtime execution
include/search_v2.cuh,2050,cuda_boundary,cudaFree,pinned native/conditional/legacy; not proof of runtime execution
include/search_v2.cuh,2059,cuda_boundary,cudaMallocManaged,pinned native/conditional/legacy; not proof of runtime execution
include/search_v2.cuh,2060,cuda_boundary,cudaMallocManaged,pinned native/conditional/legacy; not proof of runtime execution
include/search_v2.cuh,2061,cuda_boundary,cudaMalloc,pinned native/conditional/legacy; not proof of runtime execution
include/search_v2.cuh,2066,cuda_boundary,cudaMemGetInfo,pinned native/conditional/legacy; not proof of runtime execution
include/search_v2.cuh,2078,cuda_boundary,cudaMalloc,pinned native/conditional/legacy; not proof of runtime execution
include/search_v2.cuh,2081,cuda_boundary,cudaMemset,pinned native/conditional/legacy; not proof of runtime execution
include/search_v2.cuh,2101,cuda_boundary,cudaDeviceSynchronize,pinned native/conditional/legacy; not proof of runtime execution
include/search_v2.cuh,2102,cuda_boundary,cudaGetLastError,pinned native/conditional/legacy; not proof of runtime execution
include/search_v2.cuh,2104,cuda_boundary,cudaGetErrorString,pinned native/conditional/legacy; not proof of runtime execution
include/search_v2.cuh,2106,cuda_boundary,cudaDeviceSynchronize,pinned native/conditional/legacy; not proof of runtime execution
include/search_v2.cuh,2107,cuda_boundary,cudaGetLastError,pinned native/conditional/legacy; not proof of runtime execution
include/search_v2.cuh,2109,cuda_boundary,cudaGetErrorString,pinned native/conditional/legacy; not proof of runtime execution
include/search_v2.cuh,2145,cuda_boundary,cudaDeviceSynchronize,pinned native/conditional/legacy; not proof of runtime execution
include/search_v2.cuh,2146,cuda_boundary,cudaGetLastError,pinned native/conditional/legacy; not proof of runtime execution
include/search_v2.cuh,2148,cuda_boundary,cudaGetErrorString,pinned native/conditional/legacy; not proof of runtime execution
include/search_v2.cuh,2160,cuda_boundary,cudaDeviceSynchronize,pinned native/conditional/legacy; not proof of runtime execution
include/search_v2.cuh,2161,cuda_boundary,cudaGetLastError,pinned native/conditional/legacy; not proof of runtime execution
include/search_v2.cuh,2163,cuda_boundary,cudaGetErrorString,pinned native/conditional/legacy; not proof of runtime execution
include/search_v2.cuh,2169,cuda_boundary,cudaGetLastError,pinned native/conditional/legacy; not proof of runtime execution
include/search_v2.cuh,2171,cuda_boundary,cudaGetErrorString,pinned native/conditional/legacy; not proof of runtime execution
include/search_v2.cuh,2175,cuda_boundary,cudaDeviceSynchronize,pinned native/conditional/legacy; not proof of runtime execution
include/search_v2.cuh,2176,cuda_boundary,cudaGetLastError,pinned native/conditional/legacy; not proof of runtime execution
include/search_v2.cuh,2178,cuda_boundary,cudaGetErrorString,pinned native/conditional/legacy; not proof of runtime execution
include/search_v2.cuh,2185,cuda_boundary,cudaDeviceSynchronize,pinned native/conditional/legacy; not proof of runtime execution
include/search_v2.cuh,2186,cuda_boundary,cudaGetLastError,pinned native/conditional/legacy; not proof of runtime execution
include/search_v2.cuh,2188,cuda_boundary,cudaGetErrorString,pinned native/conditional/legacy; not proof of runtime execution
include/search_v2.cuh,2202,cuda_boundary,cudaDeviceSynchronize,pinned native/conditional/legacy; not proof of runtime execution
include/search_v2.cuh,2203,cuda_boundary,cudaGetLastError,pinned native/conditional/legacy; not proof of runtime execution
include/search_v2.cuh,2205,cuda_boundary,cudaGetErrorString,pinned native/conditional/legacy; not proof of runtime execution
include/search_v2.cuh,2215,cuda_boundary,cudaDeviceSynchronize,pinned native/conditional/legacy; not proof of runtime execution
include/search_v2.cuh,2216,cuda_boundary,cudaGetLastError,pinned native/conditional/legacy; not proof of runtime execution
include/search_v2.cuh,2218,cuda_boundary,cudaGetErrorString,pinned native/conditional/legacy; not proof of runtime execution
include/search_v2.cuh,2224,cuda_boundary,cudaDeviceSynchronize,pinned native/conditional/legacy; not proof of runtime execution
include/search_v2.cuh,2225,cuda_boundary,cudaGetLastError,pinned native/conditional/legacy; not proof of runtime execution
include/search_v2.cuh,2227,cuda_boundary,cudaGetErrorString,pinned native/conditional/legacy; not proof of runtime execution
include/search_v2.cuh,2233,cuda_boundary,cudaGetLastError,pinned native/conditional/legacy; not proof of runtime execution
include/search_v2.cuh,2235,cuda_boundary,cudaGetErrorString,pinned native/conditional/legacy; not proof of runtime execution
include/search_v2.cuh,2240,cuda_boundary,cudaDeviceSynchronize,pinned native/conditional/legacy; not proof of runtime execution
include/search_v2.cuh,2241,cuda_boundary,cudaGetLastError,pinned native/conditional/legacy; not proof of runtime execution
include/search_v2.cuh,2243,cuda_boundary,cudaGetErrorString,pinned native/conditional/legacy; not proof of runtime execution
include/search_v2.cuh,2292,cuda_boundary,cudaFree,pinned native/conditional/legacy; not proof of runtime execution
include/search_v2.cuh,2293,cuda_boundary,cudaFree,pinned native/conditional/legacy; not proof of runtime execution
include/search_v2.cuh,2294,cuda_boundary,cudaFree,pinned native/conditional/legacy; not proof of runtime execution
include/tree.cuh,425,launch,initIndexData,pinned native/conditional/legacy; not proof of runtime execution
include/tree.cuh,439,launch,getPivotDis,pinned native/conditional/legacy; not proof of runtime execution
include/tree.cuh,448,launch,nodeSplit,pinned native/conditional/legacy; not proof of runtime execution
include/tree.cuh,446,thrust,thrust::sort_by_key,pinned native/conditional/legacy; not proof of runtime execution
include/tree.cuh,457,thrust,thrust::reduce,pinned native/conditional/legacy; not proof of runtime execution
include/tree.cuh,27,cuda_boundary,cudaGetErrorString,pinned native/conditional/legacy; not proof of runtime execution
include/tree.cuh,409,cuda_boundary,cudaMallocManaged,pinned native/conditional/legacy; not proof of runtime execution
include/tree.cuh,410,cuda_boundary,cudaMallocManaged,pinned native/conditional/legacy; not proof of runtime execution
include/tree.cuh,412,cuda_boundary,cudaMalloc,pinned native/conditional/legacy; not proof of runtime execution
include/tree.cuh,413,cuda_boundary,cudaMalloc,pinned native/conditional/legacy; not proof of runtime execution
include/tree.cuh,414,cuda_boundary,cudaMalloc,pinned native/conditional/legacy; not proof of runtime execution
include/tree.cuh,415,cuda_boundary,cudaMalloc,pinned native/conditional/legacy; not proof of runtime execution
include/tree.cuh,416,cuda_boundary,cudaMalloc,pinned native/conditional/legacy; not proof of runtime execution
include/tree.cuh,417,cuda_boundary,cudaMalloc,pinned native/conditional/legacy; not proof of runtime execution
include/tree.cuh,418,cuda_boundary,cudaMalloc,pinned native/conditional/legacy; not proof of runtime execution
include/tree.cuh,419,cuda_boundary,cudaMemset,pinned native/conditional/legacy; not proof of runtime execution
include/tree.cuh,420,cuda_boundary,cudaMemset,pinned native/conditional/legacy; not proof of runtime execution
include/tree.cuh,421,cuda_boundary,cudaMemset,pinned native/conditional/legacy; not proof of runtime execution
include/tree.cuh,427,cuda_boundary,cudaDeviceSynchronize,pinned native/conditional/legacy; not proof of runtime execution
include/tree.cuh,428,cuda_boundary,cudaGetLastError,pinned native/conditional/legacy; not proof of runtime execution
include/tree.cuh,430,cuda_boundary,cudaGetErrorString,pinned native/conditional/legacy; not proof of runtime execution
include/tree.cuh,441,cuda_boundary,cudaDeviceSynchronize,pinned native/conditional/legacy; not proof of runtime execution
include/tree.cuh,442,cuda_boundary,cudaGetLastError,pinned native/conditional/legacy; not proof of runtime execution
include/tree.cuh,444,cuda_boundary,cudaGetErrorString,pinned native/conditional/legacy; not proof of runtime execution
include/tree.cuh,450,cuda_boundary,cudaDeviceSynchronize,pinned native/conditional/legacy; not proof of runtime execution
include/tree.cuh,451,cuda_boundary,cudaGetLastError,pinned native/conditional/legacy; not proof of runtime execution
include/tree.cuh,453,cuda_boundary,cudaGetErrorString,pinned native/conditional/legacy; not proof of runtime execution
include/tree.cuh,464,cuda_boundary,cudaMemcpy,pinned native/conditional/legacy; not proof of runtime execution
include/tree.cuh,465,cuda_boundary,cudaMemcpy,pinned native/conditional/legacy; not proof of runtime execution
include/tree.cuh,478,cuda_boundary,cudaMemcpy,pinned native/conditional/legacy; not proof of runtime execution
include/tree.cuh,492,cuda_boundary,cudaMemcpy,pinned native/conditional/legacy; not proof of runtime execution
include/tree.cuh,493,cuda_boundary,cudaMemcpy,pinned native/conditional/legacy; not proof of runtime execution
include/tree.cuh,494,cuda_boundary,cudaMemcpy,pinned native/conditional/legacy; not proof of runtime execution
include/tree.cuh,542,cuda_boundary,cudaFree,pinned native/conditional/legacy; not proof of runtime execution
include/tree.cuh,543,cuda_boundary,cudaMalloc,pinned native/conditional/legacy; not proof of runtime execution
include/tree.cuh,544,cuda_boundary,cudaMemcpy,pinned native/conditional/legacy; not proof of runtime execution
include/tree.cuh,547,cuda_boundary,cudaMemcpy,pinned native/conditional/legacy; not proof of runtime execution
include/tree.cuh,558,cuda_boundary,cudaFree,pinned native/conditional/legacy; not proof of runtime execution
include/tree.cuh,559,cuda_boundary,cudaFree,pinned native/conditional/legacy; not proof of runtime execution
include/tree.cuh,560,cuda_boundary,cudaFree,pinned native/conditional/legacy; not proof of runtime execution
include/tree.cuh,561,cuda_boundary,cudaFree,pinned native/conditional/legacy; not proof of runtime execution
include/update.cuh,596,launch,initQnode,pinned native/conditional/legacy; not proof of runtime execution
include/update.cuh,605,launch,findNextRnn,pinned native/conditional/legacy; not proof of runtime execution
include/update.cuh,608,launch,updatePnodeFlag,pinned native/conditional/legacy; not proof of runtime execution
include/update.cuh,617,launch,collectLeafNodesSingleQuery,pinned native/conditional/legacy; not proof of runtime execution
include/update.cuh,633,launch,initRes,pinned native/conditional/legacy; not proof of runtime execution
include/update.cuh,634,launch,leafProcessRnnUpdate,pinned native/conditional/legacy; not proof of runtime execution
include/update.cuh,638,launch,compactResultSingleQuery,pinned native/conditional/legacy; not proof of runtime execution
include/update.cuh,659,launch,initRes,pinned native/conditional/legacy; not proof of runtime execution
include/update.cuh,661,launch,getQnodeCount,pinned native/conditional/legacy; not proof of runtime execution
include/update.cuh,666,launch,mergeLeafNode,pinned native/conditional/legacy; not proof of runtime execution
include/update.cuh,669,launch,leafProcessRnnUpdate,pinned native/conditional/legacy; not proof of runtime execution
include/update.cuh,675,launch,getQresultCount,pinned native/conditional/legacy; not proof of runtime execution
include/update.cuh,679,launch,mergeResultRnn,pinned native/conditional/legacy; not proof of runtime execution
include/update.cuh,796,launch,getNewData,pinned native/conditional/legacy; not proof of runtime execution
include/update.cuh,871,launch,mergeInResult,pinned native/conditional/legacy; not proof of runtime execution
include/update.cuh,931,launch,mergeTotalResult,pinned native/conditional/legacy; not proof of runtime execution
include/update.cuh,549,thrust,thrust::inclusive_scan,pinned native/conditional/legacy; not proof of runtime execution
include/update.cuh,657,thrust,thrust::reduce,pinned native/conditional/legacy; not proof of runtime execution
include/update.cuh,663,thrust,thrust::exclusive_scan,pinned native/conditional/legacy; not proof of runtime execution
include/update.cuh,664,thrust,thrust::exclusive_scan,pinned native/conditional/legacy; not proof of runtime execution
include/update.cuh,672,thrust,thrust::reduce,pinned native/conditional/legacy; not proof of runtime execution
include/update.cuh,677,thrust,thrust::exclusive_scan,pinned native/conditional/legacy; not proof of runtime execution
include/update.cuh,678,thrust,thrust::inclusive_scan,pinned native/conditional/legacy; not proof of runtime execution
include/update.cuh,870,thrust,thrust::inclusive_scan,pinned native/conditional/legacy; not proof of runtime execution
include/update.cuh,95,cuda_boundary,cudaMallocManaged,pinned native/conditional/legacy; not proof of runtime execution
include/update.cuh,475,cuda_boundary,cudaMallocManaged,pinned native/conditional/legacy; not proof of runtime execution
include/update.cuh,476,cuda_boundary,cudaMallocManaged,pinned native/conditional/legacy; not proof of runtime execution
include/update.cuh,482,cuda_boundary,cudaFree,pinned native/conditional/legacy; not proof of runtime execution
include/update.cuh,484,cuda_boundary,cudaFree,pinned native/conditional/legacy; not proof of runtime execution
include/update.cuh,486,cuda_boundary,cudaMalloc,pinned native/conditional/legacy; not proof of runtime execution
include/update.cuh,487,cuda_boundary,cudaMalloc,pinned native/conditional/legacy; not proof of runtime execution
include/update.cuh,494,cuda_boundary,cudaFree,pinned native/conditional/legacy; not proof of runtime execution
include/update.cuh,496,cuda_boundary,cudaFree,pinned native/conditional/legacy; not proof of runtime execution
include/update.cuh,497,cuda_boundary,cudaMalloc,pinned native/conditional/legacy; not proof of runtime execution
include/update.cuh,498,cuda_boundary,cudaMalloc,pinned native/conditional/legacy; not proof of runtime execution
include/update.cuh,506,cuda_boundary,cudaFree,pinned native/conditional/legacy; not proof of runtime execution
include/update.cuh,507,cuda_boundary,cudaMalloc,pinned native/conditional/legacy; not proof of runtime execution
include/update.cuh,513,cuda_boundary,cudaFree,pinned native/conditional/legacy; not proof of runtime execution
include/update.cuh,515,cuda_boundary,cudaFree,pinned native/conditional/legacy; not proof of runtime execution
include/update.cuh,517,cuda_boundary,cudaFree,pinned native/conditional/legacy; not proof of runtime execution
include/update.cuh,519,cuda_boundary,cudaFree,pinned native/conditional/legacy; not proof of runtime execution
include/update.cuh,521,cuda_boundary,cudaFree,pinned native/conditional/legacy; not proof of runtime execution
include/update.cuh,523,cuda_boundary,cudaMalloc,pinned native/conditional/legacy; not proof of runtime execution
include/update.cuh,524,cuda_boundary,cudaMalloc,pinned native/conditional/legacy; not proof of runtime execution
include/update.cuh,525,cuda_boundary,cudaMalloc,pinned native/conditional/legacy; not proof of runtime execution
include/update.cuh,526,cuda_boundary,cudaMalloc,pinned native/conditional/legacy; not proof of runtime execution
include/update.cuh,527,cuda_boundary,cudaMalloc,pinned native/conditional/legacy; not proof of runtime execution
include/update.cuh,534,cuda_boundary,cudaFree,pinned native/conditional/legacy; not proof of runtime execution
include/update.cuh,536,cuda_boundary,cudaFree,pinned native/conditional/legacy; not proof of runtime execution
include/update.cuh,538,cuda_boundary,cudaMallocManaged,pinned native/conditional/legacy; not proof of runtime execution
include/update.cuh,539,cuda_boundary,cudaMallocManaged,pinned native/conditional/legacy; not proof of runtime execution
include/update.cuh,550,cuda_boundary,cudaDeviceSynchronize,pinned native/conditional/legacy; not proof of runtime execution
include/update.cuh,560,cuda_boundary,cudaFree,pinned native/conditional/legacy; not proof of runtime execution
include/update.cuh,562,cuda_boundary,cudaFree,pinned native/conditional/legacy; not proof of runtime execution
include/update.cuh,565,cuda_boundary,cudaMallocManaged,pinned native/conditional/legacy; not proof of runtime execution
include/update.cuh,566,cuda_boundary,cudaMallocManaged,pinned native/conditional/legacy; not proof of runtime execution
include/update.cuh,576,cuda_boundary,cudaFree,pinned native/conditional/legacy; not proof of runtime execution
include/update.cuh,579,cuda_boundary,cudaMalloc,pinned native/conditional/legacy; not proof of runtime execution
include/update.cuh,590,cuda_boundary,cudaMallocManaged,pinned native/conditional/legacy; not proof of runtime execution
include/update.cuh,592,cuda_boundary,cudaMallocManaged,pinned native/conditional/legacy; not proof of runtime execution
include/update.cuh,599,cuda_boundary,cudaMemset,pinned native/conditional/legacy; not proof of runtime execution
include/update.cuh,616,cuda_boundary,cudaMemset,pinned native/conditional/legacy; not proof of runtime execution
include/update.cuh,619,cuda_boundary,cudaDeviceSynchronize,pinned native/conditional/legacy; not proof of runtime execution
include/update.cuh,620,cuda_boundary,cudaGetLastError,pinned native/conditional/legacy; not proof of runtime execution
include/update.cuh,622,cuda_boundary,cudaGetErrorString,pinned native/conditional/legacy; not proof of runtime execution
include/update.cuh,637,cuda_boundary,cudaMemset,pinned native/conditional/legacy; not proof of runtime execution
include/update.cuh,641,cuda_boundary,cudaDeviceSynchronize,pinned native/conditional/legacy; not proof of runtime execution
include/update.cuh,642,cuda_boundary,cudaGetLastError,pinned native/conditional/legacy; not proof of runtime execution
include/update.cuh,644,cuda_boundary,cudaGetErrorString,pinned native/conditional/legacy; not proof of runtime execution
include/update.cuh,689,cuda_boundary,cudaDeviceSynchronize,pinned native/conditional/legacy; not proof of runtime execution
include/update.cuh,692,cuda_boundary,cudaMallocManaged,pinned native/conditional/legacy; not proof of runtime execution
include/update.cuh,693,cuda_boundary,cudaMallocManaged,pinned native/conditional/legacy; not proof of runtime execution
include/update.cuh,694,cuda_boundary,cudaMallocManaged,pinned native/conditional/legacy; not proof of runtime execution
include/update.cuh,695,cuda_boundary,cudaMallocManaged,pinned native/conditional/legacy; not proof of runtime execution
include/update.cuh,696,cuda_boundary,cudaMalloc,pinned native/conditional/legacy; not proof of runtime execution
include/update.cuh,697,cuda_boundary,cudaMallocManaged,pinned native/conditional/legacy; not proof of runtime execution
include/update.cuh,698,cuda_boundary,cudaMalloc,pinned native/conditional/legacy; not proof of runtime execution
include/update.cuh,699,cuda_boundary,cudaMallocManaged,pinned native/conditional/legacy; not proof of runtime execution
include/update.cuh,700,cuda_boundary,cudaMallocManaged,pinned native/conditional/legacy; not proof of runtime execution
include/update.cuh,701,cuda_boundary,cudaMemset,pinned native/conditional/legacy; not proof of runtime execution
include/update.cuh,702,cuda_boundary,cudaGetLastError,pinned native/conditional/legacy; not proof of runtime execution
include/update.cuh,707,cuda_boundary,cudaDeviceSynchronize,pinned native/conditional/legacy; not proof of runtime execution
include/update.cuh,708,cuda_boundary,cudaGetLastError,pinned native/conditional/legacy; not proof of runtime execution
include/update.cuh,710,cuda_boundary,cudaGetErrorString,pinned native/conditional/legacy; not proof of runtime execution
include/update.cuh,720,cuda_boundary,cudaMalloc,pinned native/conditional/legacy; not proof of runtime execution
include/update.cuh,721,cuda_boundary,cudaMemcpy,pinned native/conditional/legacy; not proof of runtime execution
include/update.cuh,725,cuda_boundary,cudaMalloc,pinned native/conditional/legacy; not proof of runtime execution
include/update.cuh,726,cuda_boundary,cudaMalloc,pinned native/conditional/legacy; not proof of runtime execution
include/update.cuh,727,cuda_boundary,cudaMemcpy,pinned native/conditional/legacy; not proof of runtime execution
include/update.cuh,728,cuda_boundary,cudaMemcpy,pinned native/conditional/legacy; not proof of runtime execution
include/update.cuh,769,cuda_boundary,cudaMemcpy,pinned native/conditional/legacy; not proof of runtime execution
include/update.cuh,773,cuda_boundary,cudaMemcpy,pinned native/conditional/legacy; not proof of runtime execution
include/update.cuh,777,cuda_boundary,cudaMalloc,pinned native/conditional/legacy; not proof of runtime execution
include/update.cuh,778,cuda_boundary,cudaMemcpy,pinned native/conditional/legacy; not proof of runtime execution
include/update.cuh,779,cuda_boundary,cudaFree,pinned native/conditional/legacy; not proof of runtime execution
include/update.cuh,781,cuda_boundary,cudaMallocManaged,pinned native/conditional/legacy; not proof of runtime execution
include/update.cuh,785,cuda_boundary,cudaMalloc,pinned native/conditional/legacy; not proof of runtime execution
include/update.cuh,786,cuda_boundary,cudaMalloc,pinned native/conditional/legacy; not proof of runtime execution
include/update.cuh,787,cuda_boundary,cudaMemcpy,pinned native/conditional/legacy; not proof of runtime execution
include/update.cuh,788,cuda_boundary,cudaMemcpy,pinned native/conditional/legacy; not proof of runtime execution
include/update.cuh,789,cuda_boundary,cudaFree,pinned native/conditional/legacy; not proof of runtime execution
include/update.cuh,790,cuda_boundary,cudaFree,pinned native/conditional/legacy; not proof of runtime execution
include/update.cuh,792,cuda_boundary,cudaMallocManaged,pinned native/conditional/legacy; not proof of runtime execution
include/update.cuh,793,cuda_boundary,cudaMallocManaged,pinned native/conditional/legacy; not proof of runtime execution
include/update.cuh,799,cuda_boundary,cudaDeviceSynchronize,pinned native/conditional/legacy; not proof of runtime execution
include/update.cuh,800,cuda_boundary,cudaGetLastError,pinned native/conditional/legacy; not proof of runtime execution
include/update.cuh,802,cuda_boundary,cudaGetErrorString,pinned native/conditional/legacy; not proof of runtime execution
include/update.cuh,804,cuda_boundary,cudaFree,pinned native/conditional/legacy; not proof of runtime execution
include/update.cuh,805,cuda_boundary,cudaFree,pinned native/conditional/legacy; not proof of runtime execution
include/update.cuh,806,cuda_boundary,cudaFree,pinned native/conditional/legacy; not proof of runtime execution
include/update.cuh,807,cuda_boundary,cudaFree,pinned native/conditional/legacy; not proof of runtime execution
include/update.cuh,810,cuda_boundary,cudaFree,pinned native/conditional/legacy; not proof of runtime execution
include/update.cuh,814,cuda_boundary,cudaFree,pinned native/conditional/legacy; not proof of runtime execution
include/update.cuh,815,cuda_boundary,cudaFree,pinned native/conditional/legacy; not proof of runtime execution
include/update.cuh,820,cuda_boundary,cudaFree,pinned native/conditional/legacy; not proof of runtime execution
include/update.cuh,821,cuda_boundary,cudaFree,pinned native/conditional/legacy; not proof of runtime execution
include/update.cuh,822,cuda_boundary,cudaMallocManaged,pinned native/conditional/legacy; not proof of runtime execution
include/update.cuh,823,cuda_boundary,cudaMallocManaged,pinned native/conditional/legacy; not proof of runtime execution
include/update.cuh,824,cuda_boundary,cudaMemset,pinned native/conditional/legacy; not proof of runtime execution
include/update.cuh,825,cuda_boundary,cudaGetLastError,pinned native/conditional/legacy; not proof of runtime execution
include/update.cuh,867,cuda_boundary,cudaMemset,pinned native/conditional/legacy; not proof of runtime execution
include/update.cuh,868,cuda_boundary,cudaMemcpy,pinned native/conditional/legacy; not proof of runtime execution
include/update.cuh,873,cuda_boundary,cudaDeviceSynchronize,pinned native/conditional/legacy; not proof of runtime execution
include/update.cuh,874,cuda_boundary,cudaGetLastError,pinned native/conditional/legacy; not proof of runtime execution
include/update.cuh,876,cuda_boundary,cudaGetErrorString,pinned native/conditional/legacy; not proof of runtime execution
include/update.cuh,909,cuda_boundary,cudaFree,pinned native/conditional/legacy; not proof of runtime execution
include/update.cuh,910,cuda_boundary,cudaMallocManaged,pinned native/conditional/legacy; not proof of runtime execution
include/update.cuh,933,cuda_boundary,cudaDeviceSynchronize,pinned native/conditional/legacy; not proof of runtime execution
include/update.cuh,934,cuda_boundary,cudaGetLastError,pinned native/conditional/legacy; not proof of runtime execution
include/update.cuh,936,cuda_boundary,cudaGetErrorString,pinned native/conditional/legacy; not proof of runtime execution
include/update.cuh,949,cuda_boundary,cudaFree,pinned native/conditional/legacy; not proof of runtime execution
include/update.cuh,950,cuda_boundary,cudaFree,pinned native/conditional/legacy; not proof of runtime execution
include/update.cuh,951,cuda_boundary,cudaFree,pinned native/conditional/legacy; not proof of runtime execution
include/update.cuh,952,cuda_boundary,cudaFree,pinned native/conditional/legacy; not proof of runtime execution
include/update.cuh,953,cuda_boundary,cudaFree,pinned native/conditional/legacy; not proof of runtime execution
include/update.cuh,954,cuda_boundary,cudaFree,pinned native/conditional/legacy; not proof of runtime execution
include/update.cuh,955,cuda_boundary,cudaFree,pinned native/conditional/legacy; not proof of runtime execution
include/update.cuh,956,cuda_boundary,cudaFree,pinned native/conditional/legacy; not proof of runtime execution
include/update.cuh,959,cuda_boundary,cudaFree,pinned native/conditional/legacy; not proof of runtime execution
include/update.cuh,961,cuda_boundary,cudaFree,pinned native/conditional/legacy; not proof of runtime execution
include/update.cuh,963,cuda_boundary,cudaFree,pinned native/conditional/legacy; not proof of runtime execution
include/update.cuh,965,cuda_boundary,cudaFree,pinned native/conditional/legacy; not proof of runtime execution
include/update.cuh,967,cuda_boundary,cudaFree,pinned native/conditional/legacy; not proof of runtime execution
include/update.cuh,969,cuda_boundary,cudaFree,pinned native/conditional/legacy; not proof of runtime execution
include/update.cuh,971,cuda_boundary,cudaFree,pinned native/conditional/legacy; not proof of runtime execution
include/update.cuh,973,cuda_boundary,cudaFree,pinned native/conditional/legacy; not proof of runtime execution
include/update.cuh,975,cuda_boundary,cudaFree,pinned native/conditional/legacy; not proof of runtime execution
include/update.cuh,977,cuda_boundary,cudaFree,pinned native/conditional/legacy; not proof of runtime execution
include/update.cuh,979,cuda_boundary,cudaFree,pinned native/conditional/legacy; not proof of runtime execution
include/update.cuh,981,cuda_boundary,cudaFree,pinned native/conditional/legacy; not proof of runtime execution
include/update.cuh,983,cuda_boundary,cudaFree,pinned native/conditional/legacy; not proof of runtime execution
include/update.cuh,985,cuda_boundary,cudaFree,pinned native/conditional/legacy; not proof of runtime execution
include/update.cuh,987,cuda_boundary,cudaFree,pinned native/conditional/legacy; not proof of runtime execution
include/update.cuh,989,cuda_boundary,cudaFree,pinned native/conditional/legacy; not proof of runtime execution
include/update.cuh,991,cuda_boundary,cudaFree,pinned native/conditional/legacy; not proof of runtime execution
include/update.cuh,993,cuda_boundary,cudaFree,pinned native/conditional/legacy; not proof of runtime execution
include/update.cuh,995,cuda_boundary,cudaFree,pinned native/conditional/legacy; not proof of runtime execution
include/update.cuh,997,cuda_boundary,cudaFree,pinned native/conditional/legacy; not proof of runtime execution
include/update.cuh,999,cuda_boundary,cudaFree,pinned native/conditional/legacy; not proof of runtime execution
include/update_optimized.cuh,566,launch,initQnode,alternative unselected
include/update_optimized.cuh,573,launch,findNextRnn,alternative unselected
include/update_optimized.cuh,576,launch,updatePnodeFlag,alternative unselected
include/update_optimized.cuh,586,launch,collectLeafNodesAndInitRes,alternative unselected
include/update_optimized.cuh,603,launch,initRes,alternative unselected
include/update_optimized.cuh,604,launch,leafProcessRnnUpdate,alternative unselected
include/update_optimized.cuh,608,launch,compactResultSingleQuery,alternative unselected
include/update_optimized.cuh,629,launch,initRes,alternative unselected
include/update_optimized.cuh,631,launch,getQnodeCount,alternative unselected
include/update_optimized.cuh,636,launch,mergeLeafNode,alternative unselected
include/update_optimized.cuh,639,launch,leafProcessRnnUpdate,alternative unselected
include/update_optimized.cuh,645,launch,getQresultCount,alternative unselected
include/update_optimized.cuh,649,launch,mergeResultRnn,alternative unselected
include/update_optimized.cuh,715,launch,getNewData,alternative unselected
include/update_optimized.cuh,796,launch,mergeInResult,alternative unselected
include/update_optimized.cuh,835,launch,mergeTotalResult,alternative unselected
include/update_optimized.cuh,525,thrust,thrust::inclusive_scan,alternative unselected
include/update_optimized.cuh,627,thrust,thrust::reduce,alternative unselected
include/update_optimized.cuh,633,thrust,thrust::exclusive_scan,alternative unselected
include/update_optimized.cuh,634,thrust,thrust::exclusive_scan,alternative unselected
include/update_optimized.cuh,642,thrust,thrust::reduce,alternative unselected
include/update_optimized.cuh,647,thrust,thrust::exclusive_scan,alternative unselected
include/update_optimized.cuh,648,thrust,thrust::inclusive_scan,alternative unselected
include/update_optimized.cuh,795,thrust,thrust::inclusive_scan,alternative unselected
include/update_optimized.cuh,101,cuda_boundary,cudaMallocManaged,alternative unselected
include/update_optimized.cuh,454,cuda_boundary,cudaMallocManaged,alternative unselected
include/update_optimized.cuh,455,cuda_boundary,cudaMallocManaged,alternative unselected
include/update_optimized.cuh,461,cuda_boundary,cudaFree,alternative unselected
include/update_optimized.cuh,463,cuda_boundary,cudaFree,alternative unselected
include/update_optimized.cuh,465,cuda_boundary,cudaMalloc,alternative unselected
include/update_optimized.cuh,466,cuda_boundary,cudaMalloc,alternative unselected
include/update_optimized.cuh,473,cuda_boundary,cudaFree,alternative unselected
include/update_optimized.cuh,474,cuda_boundary,cudaMalloc,alternative unselected
include/update_optimized.cuh,482,cuda_boundary,cudaFree,alternative unselected
include/update_optimized.cuh,483,cuda_boundary,cudaMalloc,alternative unselected
include/update_optimized.cuh,489,cuda_boundary,cudaFree,alternative unselected
include/update_optimized.cuh,491,cuda_boundary,cudaFree,alternative unselected
include/update_optimized.cuh,493,cuda_boundary,cudaFree,alternative unselected
include/update_optimized.cuh,495,cuda_boundary,cudaFree,alternative unselected
include/update_optimized.cuh,497,cuda_boundary,cudaFree,alternative unselected
include/update_optimized.cuh,499,cuda_boundary,cudaMalloc,alternative unselected
include/update_optimized.cuh,500,cuda_boundary,cudaMalloc,alternative unselected
include/update_optimized.cuh,501,cuda_boundary,cudaMalloc,alternative unselected
include/update_optimized.cuh,502,cuda_boundary,cudaMalloc,alternative unselected
include/update_optimized.cuh,503,cuda_boundary,cudaMalloc,alternative unselected
include/update_optimized.cuh,510,cuda_boundary,cudaFree,alternative unselected
include/update_optimized.cuh,512,cuda_boundary,cudaFree,alternative unselected
include/update_optimized.cuh,514,cuda_boundary,cudaMallocManaged,alternative unselected
include/update_optimized.cuh,515,cuda_boundary,cudaMallocManaged,alternative unselected
include/update_optimized.cuh,528,cuda_boundary,cudaMemPrefetchAsync,alternative unselected
include/update_optimized.cuh,529,cuda_boundary,cudaDeviceSynchronize,alternative unselected
include/update_optimized.cuh,542,cuda_boundary,cudaFree,alternative unselected
include/update_optimized.cuh,544,cuda_boundary,cudaFree,alternative unselected
include/update_optimized.cuh,547,cuda_boundary,cudaMallocManaged,alternative unselected
include/update_optimized.cuh,548,cuda_boundary,cudaMallocManaged,alternative unselected
include/update_optimized.cuh,560,cuda_boundary,cudaMallocManaged,alternative unselected
include/update_optimized.cuh,562,cuda_boundary,cudaMallocManaged,alternative unselected
include/update_optimized.cuh,584,cuda_boundary,cudaMemset,alternative unselected
include/update_optimized.cuh,589,cuda_boundary,cudaDeviceSynchronize,alternative unselected
include/update_optimized.cuh,590,cuda_boundary,cudaGetLastError,alternative unselected
include/update_optimized.cuh,592,cuda_boundary,cudaGetErrorString,alternative unselected
include/update_optimized.cuh,607,cuda_boundary,cudaMemset,alternative unselected
include/update_optimized.cuh,611,cuda_boundary,cudaDeviceSynchronize,alternative unselected
include/update_optimized.cuh,612,cuda_boundary,cudaGetLastError,alternative unselected
include/update_optimized.cuh,614,cuda_boundary,cudaGetErrorString,alternative unselected
include/update_optimized.cuh,661,cuda_boundary,cudaMallocManaged,alternative unselected
include/update_optimized.cuh,662,cuda_boundary,cudaMallocManaged,alternative unselected
include/update_optimized.cuh,663,cuda_boundary,cudaMallocManaged,alternative unselected
include/update_optimized.cuh,664,cuda_boundary,cudaMallocManaged,alternative unselected
include/update_optimized.cuh,665,cuda_boundary,cudaMalloc,alternative unselected
include/update_optimized.cuh,666,cuda_boundary,cudaMallocManaged,alternative unselected
include/update_optimized.cuh,667,cuda_boundary,cudaMalloc,alternative unselected
include/update_optimized.cuh,668,cuda_boundary,cudaMallocManaged,alternative unselected
include/update_optimized.cuh,669,cuda_boundary,cudaMallocManaged,alternative unselected
include/update_optimized.cuh,670,cuda_boundary,cudaMemset,alternative unselected
include/update_optimized.cuh,692,cuda_boundary,cudaMalloc,alternative unselected
include/update_optimized.cuh,693,cuda_boundary,cudaMemcpy,alternative unselected
include/update_optimized.cuh,694,cuda_boundary,cudaFree,alternative unselected
include/update_optimized.cuh,698,cuda_boundary,cudaMallocManaged,alternative unselected
include/update_optimized.cuh,702,cuda_boundary,cudaMalloc,alternative unselected
include/update_optimized.cuh,703,cuda_boundary,cudaMalloc,alternative unselected
include/update_optimized.cuh,704,cuda_boundary,cudaMemcpy,alternative unselected
include/update_optimized.cuh,705,cuda_boundary,cudaMemcpy,alternative unselected
include/update_optimized.cuh,706,cuda_boundary,cudaFree,alternative unselected
include/update_optimized.cuh,707,cuda_boundary,cudaFree,alternative unselected
include/update_optimized.cuh,711,cuda_boundary,cudaMallocManaged,alternative unselected
include/update_optimized.cuh,712,cuda_boundary,cudaMallocManaged,alternative unselected
include/update_optimized.cuh,717,cuda_boundary,cudaDeviceSynchronize,alternative unselected
include/update_optimized.cuh,718,cuda_boundary,cudaGetLastError,alternative unselected
include/update_optimized.cuh,720,cuda_boundary,cudaGetErrorString,alternative unselected
include/update_optimized.cuh,722,cuda_boundary,cudaFree,alternative unselected
include/update_optimized.cuh,723,cuda_boundary,cudaFree,alternative unselected
include/update_optimized.cuh,724,cuda_boundary,cudaFree,alternative unselected
include/update_optimized.cuh,725,cuda_boundary,cudaFree,alternative unselected
include/update_optimized.cuh,728,cuda_boundary,cudaFree,alternative unselected
include/update_optimized.cuh,732,cuda_boundary,cudaFree,alternative unselected
include/update_optimized.cuh,733,cuda_boundary,cudaFree,alternative unselected
include/update_optimized.cuh,738,cuda_boundary,cudaFree,alternative unselected
include/update_optimized.cuh,739,cuda_boundary,cudaFree,alternative unselected
include/update_optimized.cuh,740,cuda_boundary,cudaMallocManaged,alternative unselected
include/update_optimized.cuh,741,cuda_boundary,cudaMallocManaged,alternative unselected
include/update_optimized.cuh,742,cuda_boundary,cudaMemset,alternative unselected
include/update_optimized.cuh,792,cuda_boundary,cudaMemset,alternative unselected
include/update_optimized.cuh,793,cuda_boundary,cudaMemcpy,alternative unselected
include/update_optimized.cuh,798,cuda_boundary,cudaDeviceSynchronize,alternative unselected
include/update_optimized.cuh,799,cuda_boundary,cudaGetLastError,alternative unselected
include/update_optimized.cuh,801,cuda_boundary,cudaGetErrorString,alternative unselected
include/update_optimized.cuh,837,cuda_boundary,cudaDeviceSynchronize,alternative unselected
include/update_optimized.cuh,838,cuda_boundary,cudaGetLastError,alternative unselected
include/update_optimized.cuh,840,cuda_boundary,cudaGetErrorString,alternative unselected
include/update_optimized.cuh,855,cuda_boundary,cudaFree,alternative unselected
include/update_optimized.cuh,856,cuda_boundary,cudaFree,alternative unselected
include/update_optimized.cuh,857,cuda_boundary,cudaFree,alternative unselected
include/update_optimized.cuh,858,cuda_boundary,cudaFree,alternative unselected
include/update_optimized.cuh,859,cuda_boundary,cudaFree,alternative unselected
include/update_optimized.cuh,860,cuda_boundary,cudaFree,alternative unselected
include/update_optimized.cuh,861,cuda_boundary,cudaFree,alternative unselected
include/update_optimized.cuh,862,cuda_boundary,cudaFree,alternative unselected
include/update_optimized.cuh,864,cuda_boundary,cudaFree,alternative unselected
include/update_optimized.cuh,866,cuda_boundary,cudaFree,alternative unselected
include/update_optimized.cuh,868,cuda_boundary,cudaFree,alternative unselected
include/update_optimized.cuh,870,cuda_boundary,cudaFree,alternative unselected
include/update_optimized.cuh,872,cuda_boundary,cudaFree,alternative unselected
include/update_optimized.cuh,874,cuda_boundary,cudaFree,alternative unselected
include/update_optimized.cuh,876,cuda_boundary,cudaFree,alternative unselected
include/update_optimized.cuh,878,cuda_boundary,cudaFree,alternative unselected
include/update_optimized.cuh,880,cuda_boundary,cudaFree,alternative unselected
include/update_optimized.cuh,882,cuda_boundary,cudaFree,alternative unselected
include/update_optimized.cuh,884,cuda_boundary,cudaFree,alternative unselected
include/update_optimized.cuh,886,cuda_boundary,cudaFree,alternative unselected
include/update_optimized.cuh,888,cuda_boundary,cudaFree,alternative unselected
include/update_optimized.cuh,890,cuda_boundary,cudaFree,alternative unselected
include/update_optimized.cuh,892,cuda_boundary,cudaFree,alternative unselected
include/update_optimized.cuh,895,cuda_boundary,cudaFree,alternative unselected
include/update_optimized.cuh,897,cuda_boundary,cudaFree,alternative unselected
include/update_user_modified.cuh,503,launch,initQnode,alternative unselected
include/update_user_modified.cuh,509,launch,findNextRnn,alternative unselected
include/update_user_modified.cuh,512,launch,updatePnodeFlag,alternative unselected
include/update_user_modified.cuh,521,launch,collectLeafNodesSingleQuery,alternative unselected
include/update_user_modified.cuh,537,launch,initRes,alternative unselected
include/update_user_modified.cuh,538,launch,leafProcessRnnUpdate,alternative unselected
include/update_user_modified.cuh,542,launch,compactResultSingleQuery,alternative unselected
include/update_user_modified.cuh,563,launch,initRes,alternative unselected
include/update_user_modified.cuh,565,launch,getQnodeCount,alternative unselected
include/update_user_modified.cuh,570,launch,mergeLeafNode,alternative unselected
include/update_user_modified.cuh,573,launch,leafProcessRnnUpdate,alternative unselected
include/update_user_modified.cuh,579,launch,getQresultCount,alternative unselected
include/update_user_modified.cuh,583,launch,mergeResultRnn,alternative unselected
include/update_user_modified.cuh,649,launch,getNewData,alternative unselected
include/update_user_modified.cuh,726,launch,mergeInResult,alternative unselected
include/update_user_modified.cuh,758,launch,mergeTotalResult,alternative unselected
include/update_user_modified.cuh,561,thrust,thrust::reduce,alternative unselected
include/update_user_modified.cuh,567,thrust,thrust::exclusive_scan,alternative unselected
include/update_user_modified.cuh,568,thrust,thrust::exclusive_scan,alternative unselected
include/update_user_modified.cuh,576,thrust,thrust::reduce,alternative unselected
include/update_user_modified.cuh,581,thrust,thrust::exclusive_scan,alternative unselected
include/update_user_modified.cuh,582,thrust,thrust::inclusive_scan,alternative unselected
include/update_user_modified.cuh,630,thrust,thrust::inclusive_scan,alternative unselected
include/update_user_modified.cuh,642,thrust,thrust::inclusive_scan,alternative unselected
include/update_user_modified.cuh,690,thrust,thrust::inclusive_scan,alternative unselected
include/update_user_modified.cuh,725,thrust,thrust::inclusive_scan,alternative unselected
include/update_user_modified.cuh,757,thrust,thrust::inclusive_scan,alternative unselected
include/update_user_modified.cuh,74,cuda_boundary,cudaMallocManaged,alternative unselected
include/update_user_modified.cuh,424,cuda_boundary,cudaMallocManaged,alternative unselected
include/update_user_modified.cuh,425,cuda_boundary,cudaMallocManaged,alternative unselected
include/update_user_modified.cuh,431,cuda_boundary,cudaFree,alternative unselected
include/update_user_modified.cuh,433,cuda_boundary,cudaFree,alternative unselected
include/update_user_modified.cuh,435,cuda_boundary,cudaMalloc,alternative unselected
include/update_user_modified.cuh,436,cuda_boundary,cudaMalloc,alternative unselected
include/update_user_modified.cuh,443,cuda_boundary,cudaFree,alternative unselected
include/update_user_modified.cuh,444,cuda_boundary,cudaMalloc,alternative unselected
include/update_user_modified.cuh,452,cuda_boundary,cudaFree,alternative unselected
include/update_user_modified.cuh,453,cuda_boundary,cudaMalloc,alternative unselected
include/update_user_modified.cuh,459,cuda_boundary,cudaFree,alternative unselected
include/update_user_modified.cuh,461,cuda_boundary,cudaFree,alternative unselected
include/update_user_modified.cuh,463,cuda_boundary,cudaFree,alternative unselected
include/update_user_modified.cuh,465,cuda_boundary,cudaFree,alternative unselected
include/update_user_modified.cuh,467,cuda_boundary,cudaFree,alternative unselected
include/update_user_modified.cuh,469,cuda_boundary,cudaMalloc,alternative unselected
include/update_user_modified.cuh,470,cuda_boundary,cudaMalloc,alternative unselected
include/update_user_modified.cuh,471,cuda_boundary,cudaMalloc,alternative unselected
include/update_user_modified.cuh,472,cuda_boundary,cudaMalloc,alternative unselected
include/update_user_modified.cuh,473,cuda_boundary,cudaMalloc,alternative unselected
include/update_user_modified.cuh,480,cuda_boundary,cudaFree,alternative unselected
include/update_user_modified.cuh,482,cuda_boundary,cudaFree,alternative unselected
include/update_user_modified.cuh,484,cuda_boundary,cudaMallocManaged,alternative unselected
include/update_user_modified.cuh,485,cuda_boundary,cudaMallocManaged,alternative unselected
include/update_user_modified.cuh,497,cuda_boundary,cudaMallocManaged,alternative unselected
include/update_user_modified.cuh,499,cuda_boundary,cudaMallocManaged,alternative unselected
include/update_user_modified.cuh,520,cuda_boundary,cudaMemset,alternative unselected
include/update_user_modified.cuh,523,cuda_boundary,cudaDeviceSynchronize,alternative unselected
include/update_user_modified.cuh,524,cuda_boundary,cudaGetLastError,alternative unselected
include/update_user_modified.cuh,526,cuda_boundary,cudaGetErrorString,alternative unselected
include/update_user_modified.cuh,541,cuda_boundary,cudaMemset,alternative unselected
include/update_user_modified.cuh,545,cuda_boundary,cudaDeviceSynchronize,alternative unselected
include/update_user_modified.cuh,546,cuda_boundary,cudaGetLastError,alternative unselected
include/update_user_modified.cuh,548,cuda_boundary,cudaGetErrorString,alternative unselected
include/update_user_modified.cuh,595,cuda_boundary,cudaMallocManaged,alternative unselected
include/update_user_modified.cuh,596,cuda_boundary,cudaMallocManaged,alternative unselected
include/update_user_modified.cuh,597,cuda_boundary,cudaMallocManaged,alternative unselected
include/update_user_modified.cuh,598,cuda_boundary,cudaMallocManaged,alternative unselected
include/update_user_modified.cuh,599,cuda_boundary,cudaMalloc,alternative unselected
include/update_user_modified.cuh,600,cuda_boundary,cudaMallocManaged,alternative unselected
include/update_user_modified.cuh,601,cuda_boundary,cudaMalloc,alternative unselected
include/update_user_modified.cuh,602,cuda_boundary,cudaMallocManaged,alternative unselected
include/update_user_modified.cuh,603,cuda_boundary,cudaMallocManaged,alternative unselected
include/update_user_modified.cuh,604,cuda_boundary,cudaMemset,alternative unselected
include/update_user_modified.cuh,627,cuda_boundary,cudaMalloc,alternative unselected
include/update_user_modified.cuh,628,cuda_boundary,cudaMemcpy,alternative unselected
include/update_user_modified.cuh,629,cuda_boundary,cudaFree,alternative unselected
include/update_user_modified.cuh,632,cuda_boundary,cudaMallocManaged,alternative unselected
include/update_user_modified.cuh,636,cuda_boundary,cudaMalloc,alternative unselected
include/update_user_modified.cuh,637,cuda_boundary,cudaMalloc,alternative unselected
include/update_user_modified.cuh,638,cuda_boundary,cudaMemcpy,alternative unselected
include/update_user_modified.cuh,639,cuda_boundary,cudaMemcpy,alternative unselected
include/update_user_modified.cuh,640,cuda_boundary,cudaFree,alternative unselected
include/update_user_modified.cuh,641,cuda_boundary,cudaFree,alternative unselected
include/update_user_modified.cuh,644,cuda_boundary,cudaMallocManaged,alternative unselected
include/update_user_modified.cuh,645,cuda_boundary,cudaMallocManaged,alternative unselected
include/update_user_modified.cuh,651,cuda_boundary,cudaDeviceSynchronize,alternative unselected
include/update_user_modified.cuh,652,cuda_boundary,cudaGetLastError,alternative unselected
include/update_user_modified.cuh,654,cuda_boundary,cudaGetErrorString,alternative unselected
include/update_user_modified.cuh,656,cuda_boundary,cudaFree,alternative unselected
include/update_user_modified.cuh,657,cuda_boundary,cudaFree,alternative unselected
include/update_user_modified.cuh,658,cuda_boundary,cudaFree,alternative unselected
include/update_user_modified.cuh,659,cuda_boundary,cudaFree,alternative unselected
include/update_user_modified.cuh,662,cuda_boundary,cudaFree,alternative unselected
include/update_user_modified.cuh,666,cuda_boundary,cudaFree,alternative unselected
include/update_user_modified.cuh,667,cuda_boundary,cudaFree,alternative unselected
include/update_user_modified.cuh,672,cuda_boundary,cudaFree,alternative unselected
include/update_user_modified.cuh,673,cuda_boundary,cudaFree,alternative unselected
include/update_user_modified.cuh,674,cuda_boundary,cudaMallocManaged,alternative unselected
include/update_user_modified.cuh,675,cuda_boundary,cudaMallocManaged,alternative unselected
include/update_user_modified.cuh,676,cuda_boundary,cudaMemset,alternative unselected
include/update_user_modified.cuh,722,cuda_boundary,cudaMemset,alternative unselected
include/update_user_modified.cuh,723,cuda_boundary,cudaMemcpy,alternative unselected
include/update_user_modified.cuh,728,cuda_boundary,cudaDeviceSynchronize,alternative unselected
include/update_user_modified.cuh,729,cuda_boundary,cudaGetLastError,alternative unselected
include/update_user_modified.cuh,731,cuda_boundary,cudaGetErrorString,alternative unselected
include/update_user_modified.cuh,755,cuda_boundary,cudaMallocManaged,alternative unselected
include/update_user_modified.cuh,756,cuda_boundary,cudaMallocManaged,alternative unselected
include/update_user_modified.cuh,760,cuda_boundary,cudaDeviceSynchronize,alternative unselected
include/update_user_modified.cuh,761,cuda_boundary,cudaGetLastError,alternative unselected
include/update_user_modified.cuh,763,cuda_boundary,cudaGetErrorString,alternative unselected
include/update_user_modified.cuh,768,cuda_boundary,cudaFree,alternative unselected
include/update_user_modified.cuh,769,cuda_boundary,cudaFree,alternative unselected
include/update_user_modified.cuh,778,cuda_boundary,cudaFree,alternative unselected
include/update_user_modified.cuh,779,cuda_boundary,cudaFree,alternative unselected
include/update_user_modified.cuh,780,cuda_boundary,cudaFree,alternative unselected
include/update_user_modified.cuh,781,cuda_boundary,cudaFree,alternative unselected
include/update_user_modified.cuh,782,cuda_boundary,cudaFree,alternative unselected
include/update_user_modified.cuh,783,cuda_boundary,cudaFree,alternative unselected
include/update_user_modified.cuh,784,cuda_boundary,cudaFree,alternative unselected
include/update_user_modified.cuh,785,cuda_boundary,cudaFree,alternative unselected
include/update_user_modified.cuh,787,cuda_boundary,cudaFree,alternative unselected
include/update_user_modified.cuh,789,cuda_boundary,cudaFree,alternative unselected
include/update_user_modified.cuh,791,cuda_boundary,cudaFree,alternative unselected
include/update_user_modified.cuh,793,cuda_boundary,cudaFree,alternative unselected
include/update_user_modified.cuh,795,cuda_boundary,cudaFree,alternative unselected
include/update_user_modified.cuh,797,cuda_boundary,cudaFree,alternative unselected
include/update_user_modified.cuh,799,cuda_boundary,cudaFree,alternative unselected
include/update_user_modified.cuh,801,cuda_boundary,cudaFree,alternative unselected
include/update_user_modified.cuh,803,cuda_boundary,cudaFree,alternative unselected
include/update_user_modified.cuh,805,cuda_boundary,cudaFree,alternative unselected
include/update_user_modified.cuh,807,cuda_boundary,cudaFree,alternative unselected
include/update_user_modified.cuh,809,cuda_boundary,cudaFree,alternative unselected
include/update_user_modified.cuh,811,cuda_boundary,cudaFree,alternative unselected
include/update_user_modified.cuh,813,cuda_boundary,cudaFree,alternative unselected
include/update_user_modified.cuh,815,cuda_boundary,cudaFree,alternative unselected
src/main.cu,27,cuda_boundary,cudaMemcpyToSymbol,pinned native/conditional/legacy; not proof of runtime execution
src/main.cu,28,cuda_boundary,cudaMemcpyToSymbol,pinned native/conditional/legacy; not proof of runtime execution
src/main.cu,29,cuda_boundary,cudaMemcpyToSymbol,pinned native/conditional/legacy; not proof of runtime execution
src/main.cu,30,cuda_boundary,cudaMemcpyToSymbol,pinned native/conditional/legacy; not proof of runtime execution
src/main.cu,31,cuda_boundary,cudaMemcpyToSymbol,pinned native/conditional/legacy; not proof of runtime execution
src/main.cu,41,cuda_boundary,cudaMemcpyToSymbol,pinned native/conditional/legacy; not proof of runtime execution
src/main.cu,42,cuda_boundary,cudaGetErrorString,pinned native/conditional/legacy; not proof of runtime execution
src/main.cu,44,cuda_boundary,cudaMemcpyToSymbol,pinned native/conditional/legacy; not proof of runtime execution
src/main.cu,45,cuda_boundary,cudaGetErrorString,pinned native/conditional/legacy; not proof of runtime execution
src/main.cu,47,cuda_boundary,cudaMemcpyToSymbol,pinned native/conditional/legacy; not proof of runtime execution
src/main.cu,48,cuda_boundary,cudaGetErrorString,pinned native/conditional/legacy; not proof of runtime execution
src/main.cu,51,cuda_boundary,cudaMemcpyToSymbol,pinned native/conditional/legacy; not proof of runtime execution
src/main.cu,52,cuda_boundary,cudaGetErrorString,pinned native/conditional/legacy; not proof of runtime execution
src/main.cu,53,cuda_boundary,cudaMemcpyToSymbol,pinned native/conditional/legacy; not proof of runtime execution
src/main.cu,54,cuda_boundary,cudaGetErrorString,pinned native/conditional/legacy; not proof of runtime execution
src/main.cu,55,cuda_boundary,cudaMemcpyToSymbol,pinned native/conditional/legacy; not proof of runtime execution
src/main.cu,56,cuda_boundary,cudaGetErrorString,pinned native/conditional/legacy; not proof of runtime execution
src/main.cu,59,cuda_boundary,cudaMemcpyToSymbol,pinned native/conditional/legacy; not proof of runtime execution
src/main.cu,60,cuda_boundary,cudaGetErrorString,pinned native/conditional/legacy; not proof of runtime execution
src/main.cu,62,cuda_boundary,cudaMemcpyToSymbol,pinned native/conditional/legacy; not proof of runtime execution
src/main.cu,63,cuda_boundary,cudaGetErrorString,pinned native/conditional/legacy; not proof of runtime execution
src/main.cu,240,cuda_boundary,cudaMemcpy,pinned native/conditional/legacy; not proof of runtime execution
src/main.cu,241,cuda_boundary,cudaMemcpy,pinned native/conditional/legacy; not proof of runtime execution
src/main.cu,242,cuda_boundary,cudaMemcpy,pinned native/conditional/legacy; not proof of runtime execution
src/main.cu,276,cuda_boundary,cudaMallocManaged,pinned native/conditional/legacy; not proof of runtime execution
src/main.cu,286,cuda_boundary,cudaDeviceSynchronize,pinned native/conditional/legacy; not proof of runtime execution
src/main.cu,295,cuda_boundary,cudaFree,pinned native/conditional/legacy; not proof of runtime execution
src/main.cu,324,cuda_boundary,cudaDeviceSynchronize,pinned native/conditional/legacy; not proof of runtime execution
src/main.cu,342,cuda_boundary,cudaFree,pinned native/conditional/legacy; not proof of runtime execution
src/main.cu,364,cuda_boundary,cudaFree,pinned native/conditional/legacy; not proof of runtime execution
src/main.cu,381,cuda_boundary,cudaMallocManaged,pinned native/conditional/legacy; not proof of runtime execution
src/main.cu,389,cuda_boundary,cudaDeviceSynchronize,pinned native/conditional/legacy; not proof of runtime execution
src/main.cu,392,cuda_boundary,cudaGetErrorString,pinned native/conditional/legacy; not proof of runtime execution
src/main.cu,547,cuda_boundary,cudaFree,pinned native/conditional/legacy; not proof of runtime execution
src/main.cu,548,cuda_boundary,cudaFree,pinned native/conditional/legacy; not proof of runtime execution
src/main.cu,549,cuda_boundary,cudaFree,pinned native/conditional/legacy; not proof of runtime execution
src/main.cu,550,cuda_boundary,cudaFree,pinned native/conditional/legacy; not proof of runtime execution
src/main.cu,551,cuda_boundary,cudaFree,pinned native/conditional/legacy; not proof of runtime execution
src/main.cu,552,cuda_boundary,cudaFree,pinned native/conditional/legacy; not proof of runtime execution
src/main.cu,553,cuda_boundary,cudaFree,pinned native/conditional/legacy; not proof of runtime execution
src/main.cu,554,cuda_boundary,cudaFree,pinned native/conditional/legacy; not proof of runtime execution
src/main.cu,555,cuda_boundary,cudaFree,pinned native/conditional/legacy; not proof of runtime execution
src/main.cu,556,cuda_boundary,cudaFree,pinned native/conditional/legacy; not proof of runtime execution
src/main.cu,557,cuda_boundary,cudaFree,pinned native/conditional/legacy; not proof of runtime execution
src/main.cu,558,cuda_boundary,cudaFree,pinned native/conditional/legacy; not proof of runtime execution
