dataset,radius,B,Q_T,round,mode,batch_id,query_ids_hash,host_ready_ms,gpu_ready_ms,result_count_total,d2h_bytes,correctness_hash
GIST,half,8,2,1,SCAN_L,0,14628893485838184760,44.704812,44.682144165,805,6512,12049670356140927271
GIST,half,8,2,1,SCAN_L,1,5277735151802382403,44.706559,44.6830406189,5815,46592,12495090360753926488
GIST,half,8,2,1,SCAN_L,2,12949723088018134982,44.704706,44.682144165,12,168,17798676870000866351
GIST,half,8,2,1,SCAN_L,3,17912368726981257746,44.709002,44.6820487976,22934,183544,3513084467399214196
GIST,half,8,2,1,SCAN_L,4,6813717409520896539,44.711411,44.6826896667,17913,143376,10240984302992681904
GIST,half,8,2,1,SCAN_L,5,15746877753817476956,44.713364,44.6821136475,25267,202208,5187200889313214686
GIST,half,8,2,1,SCAN_L,6,13750152615788058147,44.704676,44.6807365417,367,3008,8703337812097627909
GIST,half,8,2,1,SCAN_L,7,7966444742523137199,44.698131,44.6802864075,9,144,294158670510647467
GIST,half,8,2,1,SCAN_L,8,3722915141321120792,44.697904,44.6803855896,16,200,17247831106653997488
GIST,half,8,2,1,SCAN_L,9,4680770526928094267,44.702914,44.68019104,9,144,6185833218944131429
GIST,half,8,2,1,SCAN_L,10,16634692065747566502,44.703956,44.6831054688,9,144,13324388130527482689
GIST,half,8,2,1,SCAN_L,11,407413494807729236,44.710534,44.6831359863,20742,166008,748099361995206288
GIST,half,8,2,1,SCAN_L,12,17460078167775218888,44.704356,44.6805763245,219,1824,12113822531377232237
GIST,half,8,2,1,SCAN_L,13,12716887085642250387,44.706353,44.6828804016,10,152,5751298164538243026
GIST,half,8,2,1,SCAN_L,14,18369275761964115190,44.695578,44.6791343689,8,136,17294034751593305288
GIST,half,8,2,1,SCAN_L,15,5936729861741803939,44.705108,44.6802558899,1825,14672,4523878408681453459
GIST,half,8,2,1,SCAN_L,16,3537798568722033093,44.716182,44.6843833923,45233,361936,10934986133749753810
GIST,half,8,2,1,SCAN_L,17,9906517406195203870,44.713501,44.6801605225,28764,230184,13893008974686436000
GIST,half,8,2,1,SCAN_L,18,3071783437712951460,44.705905,44.682975769,9,144,4097877200455553912
GIST,half,8,2,1,SCAN_L,19,4844542844294841975,44.713929,44.684223175,27119,217024,3036884596305404821
GIST,half,8,2,1,SCAN_L,20,13580243989274015108,44.697912,44.6797447205,13,176,12167542613742431786
GIST,half,8,2,1,SCAN_L,21,2715171980480150680,44.705258,44.6831359863,3295,26432,4697067458263101281
GIST,half,8,2,1,SCAN_L,22,9583610160574751482,44.705344,44.6817588806,104,904,17584774084035178489
GIST,half,8,2,1,SCAN_L,23,3351983320614235452,44.703786,44.6800308228,8,136,10795653417440584118
GIST,half,8,2,1,SCAN_L,24,14343238801608074176,44.696987,44.6795845032,8,136,335641030610087762
GIST,half,8,2,1,SCAN_L,25,15312881684633933655,44.722162,44.682849884,32548,260456,16202494671275670828
GIST,half,8,2,1,SCAN_L,26,18398409255790635840,44.704096,44.6805114746,8,136,16965475016388596626
GIST,half,8,2,1,SCAN_L,27,14732108746546988498,44.715702,44.6823997498,31256,250120,10640609347284222608
GIST,half,8,2,1,SCAN_L,28,9719453371904557375,44.697569,44.6812171936,53,496,4295370152413759317
GIST,half,8,2,1,SCAN_L,29,7111803339956803225,44.697838,44.6800308228,9,144,11080742569331125641
GIST,half,8,2,1,SCAN_L,30,12630940382236276606,44.704588,44.6811523438,15,192,3888228134973069709
GIST,half,8,2,1,SCAN_L,31,16717924179856591400,44.697384,44.6807365417,98,856,12253136263172607446
GIST,half,8,2,1,SCAN_L,32,1018801991084754777,44.714844,44.6846084595,31191,249600,4139212840337583677
GIST,half,8,2,1,SCAN_L,33,17951213273852593361,44.697079,44.6799049377,8,136,7118776530039946925
GIST,half,8,2,1,SCAN_L,34,11193354026380747684,44.710121,44.6815376282,18718,149816,10323070077910272027
GIST,half,8,2,1,SCAN_L,35,7182522047579593487,44.702991,44.6810874939,12,168,13084839061348052764
GIST,half,8,2,1,SCAN_L,36,5862842069398405510,44.715166,44.6823997498,29682,237528,719140743100350364
GIST,half,8,2,1,SCAN_L,37,7931106857473092034,44.705245,44.6818885803,1642,13208,4836914976961728650
GIST,half,8,2,1,SCAN_L,38,13700905950939581536,44.705092,44.6805458069,9,144,10212566950510398326
GIST,half,8,2,1,SCAN_L,39,5134469820061381952,44.703808,44.6803512573,173,1456,11882963430235204481
GIST,half,8,2,1,SCAN_L,40,523521015842037129,44.706047,44.6820793152,118,1016,14906896884422937853
GIST,half,8,2,1,SCAN_L,41,15735649071512523416,44.696708,44.6797447205,11,160,6439908275319918567
GIST,half,8,2,1,SCAN_L,42,16130457613556805909,44.704872,44.6801261902,10,152,1351820667773349880
GIST,half,8,2,1,SCAN_L,43,3580392345773888933,44.704267,44.6803207397,11,160,7130942906748589245
GIST,half,8,2,1,SCAN_L,44,2657517881292301308,44.713265,44.682144165,28625,229072,14362931499080891524
GIST,half,8,2,1,SCAN_L,45,10634279939165845196,44.698851,44.6809921265,11,160,13746219426551555317
GIST,half,8,2,1,SCAN_L,46,4808905104634366418,44.698339,44.680896759,9,144,14613523175337427617
GIST,half,8,2,1,SCAN_L,47,197228195401547247,44.712537,44.6831665039,29946,239640,3603301588478779561
GIST,half,8,2,1,SCAN_L,48,8248488942050825693,44.70961,44.6834259033,10130,81112,4850681651806503319
GIST,half,8,2,1,SCAN_L,49,15716071042978413762,44.705293,44.6818237305,1785,14352,16881791907273901609
GIST,half,8,2,1,SCAN_L,50,2593988135360058460,44.719667,44.6864013672,49566,396600,10688624242403767082
GIST,half,8,2,1,SCAN_L,51,1321970314038155003,44.702455,44.6803512573,9,144,1725180568680233592
GIST,half,8,2,1,SCAN_L,52,10782300321295982446,44.703839,44.6812477112,11,160,2262457125570541601
GIST,half,8,2,1,SCAN_L,53,1181170520412032450,44.703647,44.6812171936,8,136,15161611065330365500
GIST,half,8,2,1,SCAN_L,54,12485651515614408301,44.715069,44.6847343445,27648,221256,13982227894810710128
GIST,half,8,2,1,SCAN_L,55,2573792055271618832,44.708671,44.6818237305,13053,104496,3700418904193080229
GIST,half,8,2,1,SCAN_L,56,13083263465047869035,44.708145,44.6842880249,10500,84072,6126299974183225491
GIST,half,8,2,1,SCAN_L,57,9021717632597148908,44.706675,44.681854248,7688,61576,16146242436575770571
GIST,half,8,2,1,SCAN_L,58,9268774494751827706,44.70711,44.6811218262,9,144,2940493626614828053
GIST,half,8,2,1,SCAN_L,59,1580871052154375482,44.697074,44.6800003052,10,152,10996509777332881202
GIST,half,8,2,1,SCAN_L,60,2761207983275075740,44.714258,44.6827507019,27937,223568,8219627611328849196
GIST,half,8,2,1,SCAN_L,61,2620909581344322254,44.70212,44.681728363,159,1344,18016158801479111709
GIST,half,8,2,1,SCAN_L,62,8560399019494154138,44.704121,44.6823043823,16,200,10995028448307505731
GIST,half,8,2,1,SCAN_L,63,9575871338223549139,44.705163,44.6831054688,782,6328,14236409939300756135
GIST,half,8,2,1,SCAN_L,64,12923444094630896693,44.703637,44.6800003052,9,144,10890240329654538100
GIST,half,8,2,1,SCAN_L,65,16264934943434005963,44.711769,44.6807022095,23549,188464,1717894044534139949
GIST,half,8,2,1,SCAN_L,66,6567103049086711526,44.703839,44.6827850342,9,144,2120391718945614396
GIST,half,8,2,1,SCAN_L,67,9413171363946879688,44.703952,44.6820144653,10,152,16410576142550180761
GIST,half,8,2,1,SCAN_L,68,17584159069416176766,44.705687,44.6822090149,8,136,14994419951185837632
GIST,half,8,2,1,SCAN_L,69,16370389120603384840,44.704417,44.6827850342,39,384,8893900566493377500
GIST,half,8,2,1,SCAN_L,70,7125887616712792012,44.713915,44.6815681458,30939,247584,2578173215488215435
GIST,half,8,2,1,SCAN_L,71,2653643927898021331,44.704634,44.6814727783,8,136,6674983760768613763
GIST,half,8,2,1,SCAN_L,72,2775573294919263248,44.705218,44.6801261902,14,184,2008831888728120970
GIST,half,8,2,1,SCAN_L,73,6275675870158489986,44.710347,44.6800003052,30287,242368,3965206015652614730
GIST,half,8,2,1,SCAN_L,74,17416559791252488439,44.709393,44.682975769,15885,127152,9191986637692184623
GIST,half,8,2,1,SCAN_L,75,10629383663104694533,44.697736,44.6806716919,8,136,1959805352102410517
GIST,half,8,2,1,SCAN_L,76,6121457899850640239,44.705144,44.681728363,10,152,10439922783850878615
GIST,half,8,2,1,SCAN_L,77,13772194458325883781,44.706163,44.6827507019,8,136,3119058093217859169
GIST,half,8,2,1,SCAN_L,78,384590151492374026,44.705287,44.6816329956,1145,9232,6824037880318392156
GIST,half,8,2,1,SCAN_L,79,17525024244829704515,44.709247,44.6802253723,17953,143696,8782034102419046715
GIST,half,8,2,1,SCAN_L,80,8425382104893835461,44.705473,44.6802253723,138,1176,4615018082655609248
GIST,half,8,2,1,SCAN_L,81,4578548255021645869,44.704139,44.6825904846,8,136,7309366345031128353
GIST,half,8,2,1,SCAN_L,82,17380680694385638840,44.705494,44.6825294495,10,152,17099624996036497700
GIST,half,8,2,1,SCAN_L,83,8711237166219394419,44.704419,44.6815681458,16,200,1159450716902794998
GIST,half,8,2,1,SCAN_L,84,10344073526508897281,44.703878,44.681312561,10,152,12307297875457737052
GIST,half,8,2,1,SCAN_L,85,10946770602578419956,44.703239,44.6819839478,8,136,1403974257677289190
GIST,half,8,2,1,SCAN_L,86,6470508332142331894,44.704236,44.6815986633,3669,29424,3528509250306175135
GIST,half,8,2,1,SCAN_L,87,8534974539240644349,44.711895,44.6823348999,22710,181752,7440715000576488328
GIST,half,8,2,1,SCAN_L,88,17392447945923308625,44.704576,44.6821746826,11,160,16812603617364686395
GIST,half,8,2,1,SCAN_L,89,17243398098289356237,44.711033,44.6839370728,19381,155120,11341570227103404206
GIST,half,8,2,1,SCAN_L,90,1487146102952406162,44.705294,44.6813430786,9,144,11675729656657864315
GIST,half,8,2,1,SCAN_L,91,13351219280779986121,44.704006,44.6822738647,91,800,7129016086556790661
GIST,half,8,2,1,SCAN_L,92,7858987711662060174,44.711249,44.6831359863,16659,133344,18141791887973734438
GIST,half,8,2,1,SCAN_L,93,15824146815298812297,44.704532,44.6805114746,785,6352,16848583768543088517
GIST,half,8,2,1,SCAN_L,94,12966259267171903563,44.964762,44.9403190613,9,144,16525753693329126445
GIST,half,8,2,1,SCAN_L,95,13797457395031324342,44.706247,44.6825294495,4312,34568,8681946398460365715
GIST,half,8,2,1,SCAN_L,96,13118478308687119329,44.709938,44.681854248,12672,101448,12414488981634579085
GIST,half,8,2,1,SCAN_L,97,11331694305099227241,44.705313,44.6825294495,5629,45104,17435282213467792387
GIST,half,8,2,1,SCAN_L,98,1083222351448503346,44.704336,44.6799049377,30,312,14811157689777586302
GIST,half,8,2,1,SCAN_L,99,11723484149300992671,44.704801,44.6819534302,2311,18560,15885591392866052173
GIST,half,8,2,1,SCAN_L,100,416867533671327684,44.705077,44.6836471558,4969,39824,18199109054269478174
GIST,half,8,2,1,SCAN_L,101,463556152314022137,44.705517,44.6820144653,9,144,17739438941913720152
GIST,half,8,2,1,SCAN_L,102,5023834620232924699,44.704389,44.6805763245,9,144,4345061276902095567
GIST,half,8,2,1,SCAN_L,103,3358090661935181962,44.704422,44.6805114746,10,152,206827504788997805
GIST,half,8,2,1,SCAN_L,104,6318150018815276835,44.704795,44.6806716919,8,136,6252710342366139043
GIST,half,8,2,1,SCAN_L,105,3382835124390735773,44.697135,44.6796150208,10,152,1633465981209507262
GIST,half,8,2,1,SCAN_L,106,7862389240255096405,44.696642,44.6805114746,8,136,4454845205277636153
GIST,half,8,2,1,SCAN_L,107,12753255321128375907,44.708427,44.6800308228,11,160,3736671290085159878
GIST,half,8,2,1,SCAN_L,108,5137605947089590316,44.703935,44.6806411743,22,248,8744501858676181288
GIST,half,8,2,1,SCAN_L,109,17603205654855495503,44.707004,44.6831665039,6920,55432,4734971902105951802
GIST,half,8,2,1,SCAN_L,110,10127478537340186675,44.705195,44.6837425232,10,152,1358658317263378375
GIST,half,8,2,1,SCAN_L,111,3665995180310526364,44.713544,44.683807373,41478,331896,5661520465715040291
GIST,half,8,2,1,SCAN_L,112,10135745837711897539,44.711667,44.6897926331,9,144,27334712204462216
GIST,half,8,2,1,SCAN_L,113,10535780349197406948,44.704949,44.6806716919,8,136,14415464039087190790
GIST,half,8,2,1,SCAN_L,114,10648647139011189564,44.705683,44.6832008362,12,168,6772672195218087492
GIST,half,8,2,1,SCAN_L,115,7649011970154020997,44.704799,44.680896759,9,144,3206729205558378233
GIST,half,8,2,1,SCAN_L,116,476149813655704091,44.70499,44.6803855896,10,152,8858849561569991435
GIST,half,8,2,1,SCAN_L,117,1006711879274558233,44.696611,44.6795501709,841,6800,11321619877609521957
GIST,half,8,2,1,SCAN_L,118,16469490972111288920,44.705091,44.6806411743,4028,32296,883241890903009633
GIST,half,8,2,1,SCAN_L,119,5858457743813147244,44.69811,44.6809272766,396,3240,8827444684336327481
GIST,half,8,2,1,SCAN_L,120,5458740354294272417,44.705398,44.6798400879,9,144,7848134651590039281
GIST,half,8,2,1,SCAN_L,121,18044578509838911779,44.713308,44.6814727783,10,152,7928744672891195179
GIST,half,8,2,1,SCAN_L,122,2263849957397490031,44.705444,44.6808013916,2287,18368,8165417142188033165
GIST,half,8,2,1,SCAN_L,123,11214984481703275179,44.703666,44.6820793152,1639,13184,17297314433685050926
GIST,half,8,2,1,SCAN_L,124,8609683818349710292,44.695705,44.6806411743,8,136,13168834338195935582
GIST,half,8,2,1,SCAN_L,125,3028236243262219857,44.703593,44.6799697876,8,136,425355140008332221
GIST,half,8,2,1,SCAN_L,126,12657858335344656681,44.696111,44.6796798706,8,136,4387400323091133037
GIST,half,8,2,1,SCAN_L,127,15208757093895910829,44.705889,44.6824645996,11,160,1809397944155681048
GIST,half,8,2,1,C_ID_L,0,14628893485838184760,40.313448,40.2975349426,805,6512,12049670356140927271
GIST,half,8,2,1,C_ID_L,1,5277735151802382403,40.830482,40.8111686707,5815,46592,12495090360753926488
GIST,half,8,2,1,C_ID_L,2,12949723088018134982,43.177996,43.1564178467,12,168,17798676870000866351
GIST,half,8,2,1,C_ID_L,3,17912368726981257746,34.393394,34.3714561462,22934,183544,3513084467399214196
GIST,half,8,2,1,C_ID_L,4,6813717409520896539,42.004635,41.9838066101,17913,143376,10240984302992681904
GIST,half,8,2,1,C_ID_L,5,15746877753817476956,40.31997,40.2971839905,25267,202208,5187200889313214686
GIST,half,8,2,1,C_ID_L,6,13750152615788058147,40.241944,40.225151062,367,3008,8703337812097627909
GIST,half,8,2,1,C_ID_L,7,7966444742523137199,29.119293,29.1000003815,9,144,294158670510647467
GIST,half,8,2,1,C_ID_L,8,3722915141321120792,38.495741,38.4818229675,16,200,17247831106653997488
GIST,half,8,2,1,C_ID_L,9,4680770526928094267,38.485526,38.4695663452,9,144,6185833218944131429
GIST,half,8,2,1,C_ID_L,10,16634692065747566502,26.874718,26.8590717316,9,144,13324388130527482689
GIST,half,8,2,1,C_ID_L,11,407413494807729236,34.988146,34.9643516541,20742,166008,748099361995206288
GIST,half,8,2,1,C_ID_L,12,17460078167775218888,36.730215,36.7131195068,219,1824,12113822531377232237
GIST,half,8,2,1,C_ID_L,13,12716887085642250387,37.896043,37.8818893433,10,152,5751298164538243026
GIST,half,8,2,1,C_ID_L,14,18369275761964115190,34.969232,34.9538879395,8,136,17294034751593305288
GIST,half,8,2,1,C_ID_L,15,5936729861741803939,38.64341,38.6257286072,1825,14672,4523878408681453459
GIST,half,8,2,1,C_ID_L,16,3537798568722033093,41.484993,41.4575042725,45233,361936,10934986133749753810
GIST,half,8,2,1,C_ID_L,17,9906517406195203870,40.313349,40.2873916626,28764,230184,13893008974686436000
GIST,half,8,2,1,C_ID_L,18,3071783437712951460,28.013398,27.9968643188,9,144,4097877200455553912
GIST,half,8,2,1,C_ID_L,19,4844542844294841975,36.735673,36.7116165161,27119,217024,3036884596305404821
GIST,half,8,2,1,C_ID_L,20,13580243989274015108,35.561468,35.5443534851,13,176,12167542613742431786
GIST,half,8,2,1,C_ID_L,21,2715171980480150680,43.177138,43.1569290161,3295,26432,4697067458263101281
GIST,half,8,2,1,C_ID_L,22,9583610160574751482,39.663339,39.6506576538,104,904,17584774084035178489
GIST,half,8,2,1,C_ID_L,23,3351983320614235452,40.829908,40.8107185364,8,136,10795653417440584118
GIST,half,8,2,1,C_ID_L,24,14343238801608074176,36.235473,36.2203216553,8,136,335641030610087762
GIST,half,8,2,1,C_ID_L,25,15312881684633933655,41.42063,41.3935050964,32548,260456,16202494671275670828
GIST,half,8,2,1,C_ID_L,26,18398409255790635840,37.977666,37.9640960693,8,136,16965475016388596626
GIST,half,8,2,1,C_ID_L,27,14732108746546988498,34.400231,34.3696327209,31256,250120,10640609347284222608
GIST,half,8,2,1,C_ID_L,28,9719453371904557375,40.830214,40.8133125305,53,496,4295370152413759317
GIST,half,8,2,1,C_ID_L,29,7111803339956803225,40.891593,40.8710403442,9,144,11080742569331125641
GIST,half,8,2,1,C_ID_L,30,12630940382236276606,42.073835,42.0582733154,15,192,3888228134973069709
GIST,half,8,2,1,C_ID_L,31,16717924179856591400,36.729974,36.7135047913,98,856,12253136263172607446
GIST,half,8,2,1,C_ID_L,32,1018801991084754777,39.229638,39.2024002075,31191,249600,4139212840337583677
GIST,half,8,2,1,C_ID_L,33,17951213273852593361,35.65822,35.6350708008,8,136,7118776530039946925
GIST,half,8,2,1,C_ID_L,34,11193354026380747684,40.909964,40.8854408264,18718,149816,10323070077910272027
GIST,half,8,2,1,C_ID_L,35,7182522047579593487,37.906136,37.886177063,12,168,13084839061348052764
GIST,half,8,2,1,C_ID_L,36,5862842069398405510,41.503976,41.4791030884,29682,237528,719140743100350364
GIST,half,8,2,1,C_ID_L,37,7931106857473092034,39.647853,39.6328964233,1642,13208,4836914976961728650
GIST,half,8,2,1,C_ID_L,38,13700905950939581536,33.813062,33.7942390442,9,144,10212566950510398326
GIST,half,8,2,1,C_ID_L,39,5134469820061381952,40.906958,40.8926086426,173,1456,11882963430235204481
GIST,half,8,2,1,C_ID_L,40,523521015842037129,36.726859,36.7111358643,118,1016,14906896884422937853
GIST,half,8,2,1,C_ID_L,41,15735649071512523416,43.177406,43.159614563,11,160,6439908275319918567
GIST,half,8,2,1,C_ID_L,42,16130457613556805909,37.978265,37.9557762146,10,152,1351820667773349880
GIST,half,8,2,1,C_ID_L,43,3580392345773888933,39.123535,39.1077423096,11,160,7130942906748589245
GIST,half,8,2,1,C_ID_L,44,2657517881292301308,34.629911,34.6030387878,28625,229072,14362931499080891524
GIST,half,8,2,1,C_ID_L,45,10634279939165845196,39.084988,39.0675201416,11,160,13746219426551555317
GIST,half,8,2,1,C_ID_L,46,4808905104634366418,42.586873,42.5638389587,9,144,14613523175337427617
GIST,half,8,2,1,C_ID_L,47,197228195401547247,36.231163,36.2015991211,29946,239640,3603301588478779561
GIST,half,8,2,1,C_ID_L,48,8248488942050825693,40.256937,40.2347183228,10130,81112,4850681651806503319
GIST,half,8,2,1,C_ID_L,49,15716071042978413762,41.469952,41.4545593262,1785,14352,16881791907273901609
GIST,half,8,2,1,C_ID_L,50,2593988135360058460,27.966106,27.9310398102,49566,396600,10688624242403767082
GIST,half,8,2,1,C_ID_L,51,1321970314038155003,33.806276,33.7893753052,9,144,1725180568680233592
GIST,half,8,2,1,C_ID_L,52,10782300321295982446,41.418777,41.4014701843,11,160,2262457125570541601
GIST,half,8,2,1,C_ID_L,53,1181170520412032450,42.007877,41.989440918,8,136,15161611065330365500
GIST,half,8,2,1,C_ID_L,54,12485651515614408301,41.503724,41.4786567688,27648,221256,13982227894810710128
GIST,half,8,2,1,C_ID_L,55,2573792055271618832,34.455085,34.4369277954,13053,104496,3700418904193080229
GIST,half,8,2,1,C_ID_L,56,13083263465047869035,37.908776,37.8830718994,10500,84072,6126299974183225491
GIST,half,8,2,1,C_ID_L,57,9021717632597148908,34.467046,34.4462394714,7688,61576,16146242436575770571
GIST,half,8,2,1,C_ID_L,58,9268774494751827706,39.661308,39.6428146362,9,144,2940493626614828053
GIST,half,8,2,1,C_ID_L,59,1580871052154375482,38.483665,38.4658546448,10,152,10996509777332881202
GIST,half,8,2,1,C_ID_L,60,2761207983275075740,36.823952,36.7995834351,27937,223568,8219627611328849196
GIST,half,8,2,1,C_ID_L,61,2620909581344322254,43.755519,43.7377929688,159,1344,18016158801479111709
GIST,half,8,2,1,C_ID_L,62,8560399019494154138,43.27411,43.2535667419,16,200,10995028448307505731
GIST,half,8,2,1,C_ID_L,63,9575871338223549139,42.586021,42.5678062439,782,6328,14236409939300756135
GIST,half,8,2,1,C_ID_L,64,12923444094630896693,33.224502,33.2031364441,9,144,10890240329654538100
GIST,half,8,2,1,C_ID_L,65,16264934943434005963,39.365928,39.3441925049,23549,188464,1717894044534139949
GIST,half,8,2,1,C_ID_L,66,6567103049086711526,25.60431,25.5900478363,9,144,2120391718945614396
GIST,half,8,2,1,C_ID_L,67,9413171363946879688,37.401696,37.3847045898,10,152,16410576142550180761
GIST,half,8,2,1,C_ID_L,68,17584159069416176766,43.166975,43.1532173157,8,136,14994419951185837632
GIST,half,8,2,1,C_ID_L,69,16370389120603384840,41.997526,41.9799041748,39,384,8893900566493377500
GIST,half,8,2,1,C_ID_L,70,7125887616712792012,40.262345,40.2301750183,30939,247584,2578173215488215435
GIST,half,8,2,1,C_ID_L,71,2653643927898021331,39.820778,39.8009910583,8,136,6674983760768613763
GIST,half,8,2,1,C_ID_L,72,2775573294919263248,41.420306,41.3970565796,14,184,2008831888728120970
GIST,half,8,2,1,C_ID_L,73,6275675870158489986,33.810742,33.7838096619,30287,242368,3965206015652614730
GIST,half,8,2,1,C_ID_L,74,17416559791252488439,42.592048,42.5713272095,15885,127152,9191986637692184623
GIST,half,8,2,1,C_ID_L,75,10629383663104694533,33.344958,33.3290252686,8,136,1959805352102410517
GIST,half,8,2,1,C_ID_L,76,6121457899850640239,43.816818,43.8034896851,10,152,10439922783850878615
GIST,half,8,2,1,C_ID_L,77,13772194458325883781,42.096512,42.0767364502,8,136,3119058093217859169
GIST,half,8,2,1,C_ID_L,78,384590151492374026,40.253946,40.232257843,1145,9232,6824037880318392156
GIST,half,8,2,1,C_ID_L,79,17525024244829704515,38.564695,38.5435218811,17953,143696,8782034102419046715
GIST,half,8,2,1,C_ID_L,80,8425382104893835461,40.933074,40.9169273376,138,1176,4615018082655609248
GIST,half,8,2,1,C_ID_L,81,4578548255021645869,37.312833,37.2971191406,8,136,7309366345031128353
GIST,half,8,2,1,C_ID_L,82,17380680694385638840,38.175454,38.1565437317,10,152,17099624996036497700
GIST,half,8,2,1,C_ID_L,83,8711237166219394419,36.285988,36.2719345093,16,200,1159450716902794998
GIST,half,8,2,1,C_ID_L,84,10344073526508897281,41.9995,41.9867858887,10,152,12307297875457737052
GIST,half,8,2,1,C_ID_L,85,10946770602578419956,40.832309,40.8172492981,8,136,1403974257677289190
GIST,half,8,2,1,C_ID_L,86,6470508332142331894,43.176839,43.1555213928,3669,29424,3528509250306175135
GIST,half,8,2,1,C_ID_L,87,8534974539240644349,38.551408,38.5248336792,22710,181752,7440715000576488328
GIST,half,8,2,1,C_ID_L,88,17392447945923308625,30.290489,30.2753601074,11,160,16812603617364686395
GIST,half,8,2,1,C_ID_L,89,17243398098289356237,41.425228,41.4025268555,19381,155120,11341570227103404206
GIST,half,8,2,1,C_ID_L,90,1487146102952406162,40.916619,40.8977928162,9,144,11675729656657864315
GIST,half,8,2,1,C_ID_L,91,13351219280779986121,31.465423,31.4469432831,91,800,7129016086556790661
GIST,half,8,2,1,C_ID_L,92,7858987711662060174,28.066147,28.0425281525,16659,133344,18141791887973734438
GIST,half,8,2,1,C_ID_L,93,15824146815298812297,40.832847,40.8158073425,785,6352,16848583768543088517
GIST,half,8,2,1,C_ID_L,94,12966259267171903563,36.148969,36.1284141541,9,144,16525753693329126445
GIST,half,8,2,1,C_ID_L,95,13797457395031324342,42.013764,41.9972801208,4312,34568,8681946398460365715
GIST,half,8,2,1,C_ID_L,96,13118478308687119329,34.393993,34.3692169189,12672,101448,12414488981634579085
GIST,half,8,2,1,C_ID_L,97,11331694305099227241,34.981513,34.9593276978,5629,45104,17435282213467792387
GIST,half,8,2,1,C_ID_L,98,1083222351448503346,38.545262,38.5296325684,30,312,14811157689777586302
GIST,half,8,2,1,C_ID_L,99,11723484149300992671,42.598652,42.5772171021,2311,18560,15885591392866052173
GIST,half,8,2,1,C_ID_L,100,416867533671327684,38.644157,38.6272010803,4969,39824,18199109054269478174
GIST,half,8,2,1,C_ID_L,101,463556152314022137,37.538153,37.5237426758,9,144,17739438941913720152
GIST,half,8,2,1,C_ID_L,102,5023834620232924699,39.823801,39.8052177429,9,144,4345061276902095567
GIST,half,8,2,1,C_ID_L,103,3358090661935181962,44.345851,44.3271369934,10,152,206827504788997805
GIST,half,8,2,1,C_ID_L,104,6318150018815276835,39.664913,39.6488304138,8,136,6252710342366139043
GIST,half,8,2,1,C_ID_L,105,3382835124390735773,34.390597,34.3700141907,10,152,1633465981209507262
GIST,half,8,2,1,C_ID_L,106,7862389240255096405,43.263576,43.2436141968,8,136,4454845205277636153
GIST,half,8,2,1,C_ID_L,107,12753255321128375907,40.929061,40.9067192078,11,160,3736671290085159878
GIST,half,8,2,1,C_ID_L,108,5137605947089590316,39.662538,39.6426544189,22,248,8744501858676181288
GIST,half,8,2,1,C_ID_L,109,17603205654855495503,33.224599,33.2011184692,6920,55432,4734971902105951802
GIST,half,8,2,1,C_ID_L,110,10127478537340186675,35.640013,35.6192970276,10,152,1358658317263378375
GIST,half,8,2,1,C_ID_L,111,3665995180310526364,37.916362,37.8861427307,41478,331896,5661520465715040291
GIST,half,8,2,1,C_ID_L,112,10135745837711897539,35.017142,34.9981117249,9,144,27334712204462216
GIST,half,8,2,1,C_ID_L,113,10535780349197406948,34.979431,34.9593276978,8,136,14415464039087190790
GIST,half,8,2,1,C_ID_L,114,10648647139011189564,36.775466,36.7592315674,12,168,6772672195218087492
GIST,half,8,2,1,C_ID_L,115,7649011970154020997,42.64794,42.62758255,9,144,3206729205558378233
GIST,half,8,2,1,C_ID_L,116,476149813655704091,41.419995,41.4020805359,10,152,8858849561569991435
GIST,half,8,2,1,C_ID_L,117,1006711879274558233,42.759305,42.7385292053,841,6800,11321619877609521957
GIST,half,8,2,1,C_ID_L,118,16469490972111288920,33.210117,33.1949424744,4028,32296,883241890903009633
GIST,half,8,2,1,C_ID_L,119,5858457743813147244,42.588561,42.5695343018,396,3240,8827444684336327481
GIST,half,8,2,1,C_ID_L,120,5458740354294272417,43.338772,43.3228149414,9,144,7848134651590039281
GIST,half,8,2,1,C_ID_L,121,18044578509838911779,39.663632,39.6436462402,10,152,7928744672891195179
GIST,half,8,2,1,C_ID_L,122,2263849957397490031,40.4024,40.3859214783,2287,18368,8165417142188033165
GIST,half,8,2,1,C_ID_L,123,11214984481703275179,39.660571,39.6415672302,1639,13184,17297314433685050926
GIST,half,8,2,1,C_ID_L,124,8609683818349710292,40.326554,40.3047676086,8,136,13168834338195935582
GIST,half,8,2,1,C_ID_L,125,3028236243262219857,38.486258,38.4719696045,8,136,425355140008332221
GIST,half,8,2,1,C_ID_L,126,12657858335344656681,35.646549,35.6314888,8,136,4387400323091133037
GIST,half,8,2,1,C_ID_L,127,15208757093895910829,40.251371,40.2297286987,11,160,1809397944155681048
GIST,half,8,2,1,C_MASK_L,0,14628893485838184760,37.919853,37.90284729,805,6512,12049670356140927271
GIST,half,8,2,1,C_MASK_L,1,5277735151802382403,38.350796,38.333984375,5815,46592,12495090360753926488
GIST,half,8,2,1,C_MASK_L,2,12949723088018134982,40.280934,40.2624015808,12,168,17798676870000866351
GIST,half,8,2,1,C_MASK_L,3,17912368726981257746,33.27034,33.2497901917,22934,183544,3513084467399214196
GIST,half,8,2,1,C_MASK_L,4,6813717409520896539,39.343169,39.3149108887,17913,143376,10240984302992681904
GIST,half,8,2,1,C_MASK_L,5,15746877753817476956,38.107071,38.0756797791,25267,202208,5187200889313214686
GIST,half,8,2,1,C_MASK_L,6,13750152615788058147,38.046819,38.0288658142,367,3008,8703337812097627909
GIST,half,8,2,1,C_MASK_L,7,7966444742523137199,28.644423,28.6273593903,9,144,294158670510647467
GIST,half,8,2,1,C_MASK_L,8,3722915141321120792,36.606251,36.5855369568,16,200,17247831106653997488
GIST,half,8,2,1,C_MASK_L,9,4680770526928094267,36.177694,36.1565437317,9,144,6185833218944131429
GIST,half,8,2,1,C_MASK_L,10,16634692065747566502,26.276476,26.2592964172,9,144,13324388130527482689
GIST,half,8,2,1,C_MASK_L,11,407413494807729236,33.555172,33.5250244141,20742,166008,748099361995206288
GIST,half,8,2,1,C_MASK_L,12,17460078167775218888,34.874736,34.8583984375,219,1824,12113822531377232237
GIST,half,8,2,1,C_MASK_L,13,12716887085642250387,35.760108,35.738494873,10,152,5751298164538243026
GIST,half,8,2,1,C_MASK_L,14,18369275761964115190,33.424005,33.406047821,8,136,17294034751593305288
GIST,half,8,2,1,C_MASK_L,15,5936729861741803939,36.324242,36.3069458008,1825,14672,4523878408681453459
GIST,half,8,2,1,C_MASK_L,16,3537798568722033093,38.776892,38.7436790466,45233,361936,10934986133749753810
GIST,half,8,2,1,C_MASK_L,17,9906517406195203870,38.152933,38.1271362305,28764,230184,13893008974686436000
GIST,half,8,2,1,C_MASK_L,18,3071783437712951460,27.772744,27.7563209534,9,144,4097877200455553912
GIST,half,8,2,1,C_MASK_L,19,4844542844294841975,35.047264,35.0128326416,27119,217024,3036884596305404821
GIST,half,8,2,1,C_MASK_L,20,13580243989274015108,34.222634,34.1990394592,13,176,12167542613742431786
GIST,half,8,2,1,C_MASK_L,21,2715171980480150680,40.464674,40.4440956116,3295,26432,4697067458263101281
GIST,half,8,2,1,C_MASK_L,22,9583610160574751482,37.529185,37.5127677917,104,904,17584774084035178489
GIST,half,8,2,1,C_MASK_L,23,3351983320614235452,38.375533,38.3614387512,8,136,10795653417440584118
GIST,half,8,2,1,C_MASK_L,24,14343238801608074176,34.97505,34.9520301819,8,136,335641030610087762
GIST,half,8,2,1,C_MASK_L,25,15312881684633933655,38.798576,38.7661437988,32548,260456,16202494671275670828
GIST,half,8,2,1,C_MASK_L,26,18398409255790635840,36.384893,36.3640975952,8,136,16965475016388596626
GIST,half,8,2,1,C_MASK_L,27,14732108746546988498,32.77704,32.7378578186,31256,250120,10640609347284222608
GIST,half,8,2,1,C_MASK_L,28,9719453371904557375,38.281075,38.2643852234,53,496,4295370152413759317
GIST,half,8,2,1,C_MASK_L,29,7111803339956803225,38.435801,38.4186897278,9,144,11080742569331125641
GIST,half,8,2,1,C_MASK_L,30,12630940382236276606,39.690356,39.669631958,15,192,3888228134973069709
GIST,half,8,2,1,C_MASK_L,31,16717924179856591400,34.726289,34.709312439,98,856,12253136263172607446
GIST,half,8,2,1,C_MASK_L,32,1018801991084754777,37.712923,37.6854400635,31191,249600,4139212840337583677
GIST,half,8,2,1,C_MASK_L,33,17951213273852593361,34.161248,34.1432952881,8,136,7118776530039946925
GIST,half,8,2,1,C_MASK_L,34,11193354026380747684,38.838688,38.8114891052,18718,149816,10323070077910272027
GIST,half,8,2,1,C_MASK_L,35,7182522047579593487,36.094748,36.0778884888,12,168,13084839061348052764
GIST,half,8,2,1,C_MASK_L,36,5862842069398405510,39.136496,39.1055030823,29682,237528,719140743100350364
GIST,half,8,2,1,C_MASK_L,37,7931106857473092034,37.416844,37.3962249756,1642,13208,4836914976961728650
GIST,half,8,2,1,C_MASK_L,38,13700905950939581536,32.894871,32.8730545044,9,144,10212566950510398326
GIST,half,8,2,1,C_MASK_L,39,5134469820061381952,38.818773,38.8011512756,173,1456,11882963430235204481
GIST,half,8,2,1,C_MASK_L,40,523521015842037129,35.156434,35.1323509216,118,1016,14906896884422937853
GIST,half,8,2,1,C_MASK_L,41,15735649071512523416,40.506455,40.4891204834,11,160,6439908275319918567
GIST,half,8,2,1,C_MASK_L,42,16130457613556805909,36.136949,36.1107521057,10,152,1351820667773349880
GIST,half,8,2,1,C_MASK_L,43,3580392345773888933,36.977199,36.9608955383,11,160,7130942906748589245
GIST,half,8,2,1,C_MASK_L,44,2657517881292301308,33.029218,32.9969596863,28625,229072,14362931499080891524
GIST,half,8,2,1,C_MASK_L,45,10634279939165845196,36.941513,36.925151825,11,160,13746219426551555317
GIST,half,8,2,1,C_MASK_L,46,4808905104634366418,39.703287,39.6850242615,9,144,14613523175337427617
GIST,half,8,2,1,C_MASK_L,47,197228195401547247,34.712667,34.678527832,29946,239640,3603301588478779561
GIST,half,8,2,1,C_MASK_L,48,8248488942050825693,37.971559,37.9459533691,10130,81112,4850681651806503319
GIST,half,8,2,1,C_MASK_L,49,15716071042978413762,39.099226,39.0803184509,1785,14352,16881791907273901609
GIST,half,8,2,1,C_MASK_L,50,2593988135360058460,27.180739,27.14569664,49566,396600,10688624242403767082
GIST,half,8,2,1,C_MASK_L,51,1321970314038155003,32.561954,32.5452156067,9,144,1725180568680233592
GIST,half,8,2,1,C_MASK_L,52,10782300321295982446,38.879182,38.8610572815,11,160,2262457125570541601
GIST,half,8,2,1,C_MASK_L,53,1181170520412032450,39.542609,39.5217590332,8,136,15161611065330365500
GIST,half,8,2,1,C_MASK_L,54,12485651515614408301,39.204073,39.179649353,27648,221256,13982227894810710128
GIST,half,8,2,1,C_MASK_L,55,2573792055271618832,33.365609,33.3488960266,13053,104496,3700418904193080229
GIST,half,8,2,1,C_MASK_L,56,13083263465047869035,35.846899,35.827457428,10500,84072,6126299974183225491
GIST,half,8,2,1,C_MASK_L,57,9021717632597148908,33.187798,33.1663665771,7688,61576,16146242436575770571
GIST,half,8,2,1,C_MASK_L,58,9268774494751827706,37.16787,37.1509437561,9,144,2940493626614828053
GIST,half,8,2,1,C_MASK_L,59,1580871052154375482,36.300095,36.2833595276,10,152,10996509777332881202
GIST,half,8,2,1,C_MASK_L,60,2761207983275075740,35.580919,35.5564498901,27937,223568,8219627611328849196
GIST,half,8,2,1,C_MASK_L,61,2620909581344322254,40.637237,40.6213760376,159,1344,18016158801479111709
GIST,half,8,2,1,C_MASK_L,62,8560399019494154138,40.341353,40.3233909607,16,200,10995028448307505731
GIST,half,8,2,1,C_MASK_L,63,9575871338223549139,39.887501,39.8657913208,782,6328,14236409939300756135
GIST,half,8,2,1,C_MASK_L,64,12923444094630896693,31.912882,31.895904541,9,144,10890240329654538100
GIST,half,8,2,1,C_MASK_L,65,16264934943434005963,37.255987,37.2328643799,23549,188464,1717894044534139949
GIST,half,8,2,1,C_MASK_L,66,6567103049086711526,25.6802,25.657119751,9,144,2120391718945614396
GIST,half,8,2,1,C_MASK_L,67,9413171363946879688,35.659273,35.6350097656,10,152,16410576142550180761
GIST,half,8,2,1,C_MASK_L,68,17584159069416176766,40.386396,40.3712310791,8,136,14994419951185837632
GIST,half,8,2,1,C_MASK_L,69,16370389120603384840,39.193991,39.176574707,39,384,8893900566493377500
GIST,half,8,2,1,C_MASK_L,70,7125887616712792012,37.810136,37.7746238708,30939,247584,2578173215488215435
GIST,half,8,2,1,C_MASK_L,71,2653643927898021331,37.576597,37.5580787659,8,136,6674983760768613763
GIST,half,8,2,1,C_MASK_L,72,2775573294919263248,38.956669,38.9383354187,14,184,2008831888728120970
GIST,half,8,2,1,C_MASK_L,73,6275675870158489986,32.439829,32.4129295349,30287,242368,3965206015652614730
GIST,half,8,2,1,C_MASK_L,74,17416559791252488439,39.744901,39.7182731628,15885,127152,9191986637692184623
GIST,half,8,2,1,C_MASK_L,75,10629383663104694533,32.13169,32.112159729,8,136,1959805352102410517
GIST,half,8,2,1,C_MASK_L,76,6121457899850640239,40.681578,40.6645126343,10,152,10439922783850878615
GIST,half,8,2,1,C_MASK_L,77,13772194458325883781,39.452961,39.4328308105,8,136,3119058093217859169
GIST,half,8,2,1,C_MASK_L,78,384590151492374026,38.225061,38.2085762024,1145,9232,6824037880318392156
GIST,half,8,2,1,C_MASK_L,79,17525024244829704515,36.940038,36.9119682312,17953,143696,8782034102419046715
GIST,half,8,2,1,C_MASK_L,80,8425382104893835461,38.336762,38.3143997192,138,1176,4615018082655609248
GIST,half,8,2,1,C_MASK_L,81,4578548255021645869,35.411679,35.3941764832,8,136,7309366345031128353
GIST,half,8,2,1,C_MASK_L,82,17380680694385638840,36.35999,36.3377609253,10,152,17099624996036497700
GIST,half,8,2,1,C_MASK_L,83,8711237166219394419,34.889099,34.8723831177,16,200,1159450716902794998
GIST,half,8,2,1,C_MASK_L,84,10344073526508897281,39.301025,39.2837104797,10,152,12307297875457737052
GIST,half,8,2,1,C_MASK_L,85,10946770602578419956,38.044505,38.0281906128,8,136,1403974257677289190
GIST,half,8,2,1,C_MASK_L,86,6470508332142331894,40.154692,40.1336326599,3669,29424,3528509250306175135
GIST,half,8,2,1,C_MASK_L,87,8534974539240644349,36.872407,36.8497581482,22710,181752,7440715000576488328
GIST,half,8,2,1,C_MASK_L,88,17392447945923308625,29.820757,29.8044471741,11,160,16812603617364686395
GIST,half,8,2,1,C_MASK_L,89,17243398098289356237,39.116243,39.0904006958,19381,155120,11341570227103404206
GIST,half,8,2,1,C_MASK_L,90,1487146102952406162,38.448887,38.4273910522,9,144,11675729656657864315
GIST,half,8,2,1,C_MASK_L,91,13351219280779986121,30.240934,30.2213439941,91,800,7129016086556790661
GIST,half,8,2,1,C_MASK_L,92,7858987711662060174,28.118426,28.0924797058,16659,133344,18141791887973734438
GIST,half,8,2,1,C_MASK_L,93,15824146815298812297,38.769504,38.7527694702,785,6352,16848583768543088517
GIST,half,8,2,1,C_MASK_L,94,12966259267171903563,34.420524,34.4034881592,9,144,16525753693329126445
GIST,half,8,2,1,C_MASK_L,95,13797457395031324342,39.259777,39.2361297607,4312,34568,8681946398460365715
GIST,half,8,2,1,C_MASK_L,96,13118478308687119329,33.168636,33.1467514038,12672,101448,12414488981634579085
GIST,half,8,2,1,C_MASK_L,97,11331694305099227241,33.901152,33.8799667358,5629,45104,17435282213467792387
GIST,half,8,2,1,C_MASK_L,98,1083222351448503346,36.604586,36.5870094299,30,312,14811157689777586302
GIST,half,8,2,1,C_MASK_L,99,11723484149300992671,40.058696,40.0419502258,2311,18560,15885591392866052173
GIST,half,8,2,1,C_MASK_L,100,416867533671327684,36.888411,36.8714866638,4969,39824,18199109054269478174
GIST,half,8,2,1,C_MASK_L,101,463556152314022137,35.871617,35.8492164612,9,144,17739438941913720152
GIST,half,8,2,1,C_MASK_L,102,5023834620232924699,37.39748,37.3809280396,9,144,4345061276902095567
GIST,half,8,2,1,C_MASK_L,103,3358090661935181962,41.066219,41.0482559204,10,152,206827504788997805
GIST,half,8,2,1,C_MASK_L,104,6318150018815276835,37.42058,37.4039039612,8,136,6252710342366139043
GIST,half,8,2,1,C_MASK_L,105,3382835124390735773,33.017488,32.9981765747,10,152,1633465981209507262
GIST,half,8,2,1,C_MASK_L,106,7862389240255096405,40.552433,40.5337905884,8,136,4454845205277636153
GIST,half,8,2,1,C_MASK_L,107,12753255321128375907,38.327539,38.311870575,11,160,3736671290085159878
GIST,half,8,2,1,C_MASK_L,108,5137605947089590316,37.462907,37.4418258667,22,248,8744501858676181288
GIST,half,8,2,1,C_MASK_L,109,17603205654855495503,31.961388,31.9423046112,6920,55432,4734971902105951802
GIST,half,8,2,1,C_MASK_L,110,10127478537340186675,33.801228,33.7856636047,10,152,1358658317263378375
GIST,half,8,2,1,C_MASK_L,111,3665995180310526364,36.553256,36.5260162354,41478,331896,5661520465715040291
GIST,half,8,2,1,C_MASK_L,112,10135745837711897539,33.463476,33.4464302063,9,144,27334712204462216
GIST,half,8,2,1,C_MASK_L,113,10535780349197406948,33.607026,33.5884819031,8,136,14415464039087190790
GIST,half,8,2,1,C_MASK_L,114,10648647139011189564,34.89629,34.8798713684,12,168,6772672195218087492
GIST,half,8,2,1,C_MASK_L,115,7649011970154020997,40.137116,40.1195526123,9,144,3206729205558378233
GIST,half,8,2,1,C_MASK_L,116,476149813655704091,38.671969,38.6564178467,10,152,8858849561569991435
GIST,half,8,2,1,C_MASK_L,117,1006711879274558233,39.945394,39.9313278198,841,6800,11321619877609521957
GIST,half,8,2,1,C_MASK_L,118,16469490972111288920,32.217422,32.1958084106,4028,32296,883241890903009633
GIST,half,8,2,1,C_MASK_L,119,5858457743813147244,39.669788,39.6542396545,396,3240,8827444684336327481
GIST,half,8,2,1,C_MASK_L,120,5458740354294272417,40.270508,40.2475509644,9,144,7848134651590039281
GIST,half,8,2,1,C_MASK_L,121,18044578509838911779,37.530765,37.5142402649,10,152,7928744672891195179
GIST,half,8,2,1,C_MASK_L,122,2263849957397490031,38.362832,38.341217041,2287,18368,8165417142188033165
GIST,half,8,2,1,C_MASK_L,123,11214984481703275179,37.762449,37.7452468872,1639,13184,17297314433685050926
GIST,half,8,2,1,C_MASK_L,124,8609683818349710292,38.060736,38.0428466797,8,136,13168834338195935582
GIST,half,8,2,1,C_MASK_L,125,3028236243262219857,36.48266,36.4648971558,8,136,425355140008332221
GIST,half,8,2,1,C_MASK_L,126,12657858335344656681,33.995694,33.9796791077,8,136,4387400323091133037
GIST,half,8,2,1,C_MASK_L,127,15208757093895910829,37.954961,37.940158844,11,160,1809397944155681048
GIST,half,8,2,1,C_TASK_L,0,14628893485838184760,45.476231,45.4524497986,805,6512,12049670356140927271
GIST,half,8,2,1,C_TASK_L,1,5277735151802382403,47.724146,47.7086410522,5815,46592,12495090360753926488
GIST,half,8,2,1,C_TASK_L,2,12949723088018134982,46.642078,46.6262702942,12,168,17798676870000866351
GIST,half,8,2,1,C_TASK_L,3,17912368726981257746,45.417729,45.3986549377,22934,183544,3513084467399214196
GIST,half,8,2,1,C_TASK_L,4,6813717409520896539,46.711786,46.6891517639,17913,143376,10240984302992681904
GIST,half,8,2,1,C_TASK_L,5,15746877753817476956,46.614637,46.5917778015,25267,202208,5187200889313214686
GIST,half,8,2,1,C_TASK_L,6,13750152615788058147,46.60525,46.5854072571,367,3008,8703337812097627909
GIST,half,8,2,1,C_TASK_L,7,7966444742523137199,46.421891,46.4093132019,9,144,294158670510647467
GIST,half,8,2,1,C_TASK_L,8,3722915141321120792,46.604887,46.5900497437,16,200,17247831106653997488
GIST,half,8,2,1,C_TASK_L,9,4680770526928094267,45.398739,45.3838386536,9,144,6185833218944131429
GIST,half,8,2,1,C_TASK_L,10,16634692065747566502,37.290431,37.2748794556,9,144,13324388130527482689
GIST,half,8,2,1,C_TASK_L,11,407413494807729236,44.196153,44.1721916199,20742,166008,748099361995206288
GIST,half,8,2,1,C_TASK_L,12,17460078167775218888,45.390343,45.372833252,219,1824,12113822531377232237
GIST,half,8,2,1,C_TASK_L,13,12716887085642250387,45.50225,45.485408783,10,152,5751298164538243026
GIST,half,8,2,1,C_TASK_L,14,18369275761964115190,44.209365,44.1932144165,8,136,17294034751593305288
GIST,half,8,2,1,C_TASK_L,15,5936729861741803939,43.091293,43.0694389343,1825,14672,4523878408681453459
GIST,half,8,2,1,C_TASK_L,16,3537798568722033093,44.481083,44.4532470703,45233,361936,10934986133749753810
GIST,half,8,2,1,C_TASK_L,17,9906517406195203870,46.638837,46.6138877869,28764,230184,13893008974686436000
GIST,half,8,2,1,C_TASK_L,18,3071783437712951460,38.351572,38.337184906,9,144,4097877200455553912
GIST,half,8,2,1,C_TASK_L,19,4844542844294841975,46.539048,46.5140151978,27119,217024,3036884596305404821
GIST,half,8,2,1,C_TASK_L,20,13580243989274015108,45.364373,45.3412475586,13,176,12167542613742431786
GIST,half,8,2,1,C_TASK_L,21,2715171980480150680,46.704015,46.680606842,3295,26432,4697067458263101281
GIST,half,8,2,1,C_TASK_L,22,9583610160574751482,45.512373,45.4925765991,104,904,17584774084035178489
GIST,half,8,2,1,C_TASK_L,23,3351983320614235452,45.462704,45.4465904236,8,136,10795653417440584118
GIST,half,8,2,1,C_TASK_L,24,14343238801608074176,45.401869,45.3809280396,8,136,335641030610087762
GIST,half,8,2,1,C_TASK_L,25,15312881684633933655,47.763502,47.736831665,32548,260456,16202494671275670828
GIST,half,8,2,1,C_TASK_L,26,18398409255790635840,44.258056,44.2393264771,8,136,16965475016388596626
GIST,half,8,2,1,C_TASK_L,27,14732108746546988498,40.745871,40.7202568054,31256,250120,10640609347284222608
GIST,half,8,2,1,C_TASK_L,28,9719453371904557375,46.556241,46.5342063904,53,496,4295370152413759317
GIST,half,8,2,1,C_TASK_L,29,7111803339956803225,46.616885,46.598400116,9,144,11080742569331125641
GIST,half,8,2,1,C_TASK_L,30,12630940382236276606,46.629653,46.609790802,15,192,3888228134973069709
GIST,half,8,2,1,C_TASK_L,31,16717924179856591400,45.393438,45.3760948181,98,856,12253136263172607446
GIST,half,8,2,1,C_TASK_L,32,1018801991084754777,47.821693,47.7900161743,31191,249600,4139212840337583677
GIST,half,8,2,1,C_TASK_L,33,17951213273852593361,44.234065,44.2117424011,8,136,7118776530039946925
GIST,half,8,2,1,C_TASK_L,34,11193354026380747684,46.70903,46.6879043579,18718,149816,10323070077910272027
GIST,half,8,2,1,C_TASK_L,35,7182522047579593487,45.450548,45.4337615967,12,168,13084839061348052764
GIST,half,8,2,1,C_TASK_L,36,5862842069398405510,46.676303,46.6522865295,29682,237528,719140743100350364
GIST,half,8,2,1,C_TASK_L,37,7931106857473092034,46.568574,46.5527038574,1642,13208,4836914976961728650
GIST,half,8,2,1,C_TASK_L,38,13700905950939581536,45.463003,45.4484786987,9,144,10212566950510398326
GIST,half,8,2,1,C_TASK_L,39,5134469820061381952,47.759787,47.7410888672,173,1456,11882963430235204481
GIST,half,8,2,1,C_TASK_L,40,523521015842037129,46.560261,46.5447692871,118,1016,14906896884422937853
GIST,half,8,2,1,C_TASK_L,41,15735649071512523416,46.63047,46.6084480286,11,160,6439908275319918567
GIST,half,8,2,1,C_TASK_L,42,16130457613556805909,45.428742,45.4133110046,10,152,1351820667773349880
GIST,half,8,2,1,C_TASK_L,43,3580392345773888933,46.778133,46.7579841614,11,160,7130942906748589245
GIST,half,8,2,1,C_TASK_L,44,2657517881292301308,44.319495,44.2892150879,28625,229072,14362931499080891524
GIST,half,8,2,1,C_TASK_L,45,10634279939165845196,45.609933,45.5904960632,11,160,13746219426551555317
GIST,half,8,2,1,C_TASK_L,46,4808905104634366418,46.65713,46.6412467957,9,144,14613523175337427617
GIST,half,8,2,1,C_TASK_L,47,197228195401547247,44.341245,44.3122558594,29946,239640,3603301588478779561
GIST,half,8,2,1,C_TASK_L,48,8248488942050825693,46.614481,46.594783783,10130,81112,4850681651806503319
GIST,half,8,2,1,C_TASK_L,49,15716071042978413762,47.771076,47.7504959106,1785,14352,16881791907273901609
GIST,half,8,2,1,C_TASK_L,50,2593988135360058460,36.113484,36.0815048218,49566,396600,10688624242403767082
GIST,half,8,2,1,C_TASK_L,51,1321970314038155003,45.413692,45.3930892944,9,144,1725180568680233592
GIST,half,8,2,1,C_TASK_L,52,10782300321295982446,45.818608,45.8006095886,11,160,2262457125570541601
GIST,half,8,2,1,C_TASK_L,53,1181170520412032450,46.629089,46.6141433716,8,136,15161611065330365500
GIST,half,8,2,1,C_TASK_L,54,12485651515614408301,46.606951,46.5813102722,27648,221256,13982227894810710128
GIST,half,8,2,1,C_TASK_L,55,2573792055271618832,46.54776,46.5224304199,13053,104496,3700418904193080229
GIST,half,8,2,1,C_TASK_L,56,13083263465047869035,45.392752,45.3680000305,10500,84072,6126299974183225491
GIST,half,8,2,1,C_TASK_L,57,9021717632597148908,45.440274,45.4197425842,7688,61576,16146242436575770571
GIST,half,8,2,1,C_TASK_L,58,9268774494751827706,44.271593,44.2519035339,9,144,2940493626614828053
GIST,half,8,2,1,C_TASK_L,59,1580871052154375482,45.405811,45.3889923096,10,152,10996509777332881202
GIST,half,8,2,1,C_TASK_L,60,2761207983275075740,46.57948,46.5488014221,27937,223568,8219627611328849196
GIST,half,8,2,1,C_TASK_L,61,2620909581344322254,46.654826,46.6352653503,159,1344,18016158801479111709
GIST,half,8,2,1,C_TASK_L,62,8560399019494154138,45.663719,45.6424331665,16,200,10995028448307505731
GIST,half,8,2,1,C_TASK_L,63,9575871338223549139,46.642092,46.622303009,782,6328,14236409939300756135
GIST,half,8,2,1,C_TASK_L,64,12923444094630896693,44.214187,44.1969604492,9,144,10890240329654538100
GIST,half,8,2,1,C_TASK_L,65,16264934943434005963,45.605869,45.5814704895,23549,188464,1717894044534139949
GIST,half,8,2,1,C_TASK_L,66,6567103049086711526,45.234619,45.2174415588,9,144,2120391718945614396
GIST,half,8,2,1,C_TASK_L,67,9413171363946879688,44.343507,44.3261451721,10,152,16410576142550180761
GIST,half,8,2,1,C_TASK_L,68,17584159069416176766,46.826528,46.8076782227,8,136,14994419951185837632
GIST,half,8,2,1,C_TASK_L,69,16370389120603384840,44.483563,44.4670715332,39,384,8893900566493377500
GIST,half,8,2,1,C_TASK_L,70,7125887616712792012,45.612106,45.5846405029,30939,247584,2578173215488215435
GIST,half,8,2,1,C_TASK_L,71,2653643927898021331,45.609716,45.5891532898,8,136,6674983760768613763
GIST,half,8,2,1,C_TASK_L,72,2775573294919263248,46.618655,46.5956802368,14,184,2008831888728120970
GIST,half,8,2,1,C_TASK_L,73,6275675870158489986,42.069585,42.0376014709,30287,242368,3965206015652614730
GIST,half,8,2,1,C_TASK_L,74,17416559791252488439,46.610749,46.5902709961,15885,127152,9191986637692184623
GIST,half,8,2,1,C_TASK_L,75,10629383663104694533,46.46106,46.4456634521,8,136,1959805352102410517
GIST,half,8,2,1,C_TASK_L,76,6121457899850640239,46.619349,46.6039352417,10,152,10439922783850878615
GIST,half,8,2,1,C_TASK_L,77,13772194458325883781,46.618557,46.6026878357,8,136,3119058093217859169
GIST,half,8,2,1,C_TASK_L,78,384590151492374026,47.761492,47.7416305542,1145,9232,6824037880318392156
GIST,half,8,2,1,C_TASK_L,79,17525024244829704515,45.421228,45.3987197876,17953,143696,8782034102419046715
GIST,half,8,2,1,C_TASK_L,80,8425382104893835461,46.64255,46.624256134,138,1176,4615018082655609248
GIST,half,8,2,1,C_TASK_L,81,4578548255021645869,46.556149,46.5364151001,8,136,7309366345031128353
GIST,half,8,2,1,C_TASK_L,82,17380680694385638840,46.556031,46.5355529785,10,152,17099624996036497700
GIST,half,8,2,1,C_TASK_L,83,8711237166219394419,45.387728,45.3717422485,16,200,1159450716902794998
GIST,half,8,2,1,C_TASK_L,84,10344073526508897281,46.607333,46.5918731689,10,152,12307297875457737052
GIST,half,8,2,1,C_TASK_L,85,10946770602578419956,43.31176,43.2904319763,8,136,1403974257677289190
GIST,half,8,2,1,C_TASK_L,86,6470508332142331894,46.72917,46.7074241638,3669,29424,3528509250306175135
GIST,half,8,2,1,C_TASK_L,87,8534974539240644349,47.755455,47.7268486023,22710,181752,7440715000576488328
GIST,half,8,2,1,C_TASK_L,88,17392447945923308625,45.293327,45.2764472961,11,160,16812603617364686395
GIST,half,8,2,1,C_TASK_L,89,17243398098289356237,46.685086,46.6609611511,19381,155120,11341570227103404206
GIST,half,8,2,1,C_TASK_L,90,1487146102952406162,44.44464,44.4278717041,9,144,11675729656657864315
GIST,half,8,2,1,C_TASK_L,91,13351219280779986121,40.694319,40.6770248413,91,800,7129016086556790661
GIST,half,8,2,1,C_TASK_L,92,7858987711662060174,45.283469,45.2548789978,16659,133344,18141791887973734438
GIST,half,8,2,1,C_TASK_L,93,15824146815298812297,47.770867,47.7535667419,785,6352,16848583768543088517
GIST,half,8,2,1,C_TASK_L,94,12966259267171903563,45.441743,45.4257278442,9,144,16525753693329126445
GIST,half,8,2,1,C_TASK_L,95,13797457395031324342,46.620327,46.6040649414,4312,34568,8681946398460365715
GIST,half,8,2,1,C_TASK_L,96,13118478308687119329,46.487961,46.461025238,12672,101448,12414488981634579085
GIST,half,8,2,1,C_TASK_L,97,11331694305099227241,46.535406,46.5183372498,5629,45104,17435282213467792387
GIST,half,8,2,1,C_TASK_L,98,1083222351448503346,46.567972,46.5512008667,30,312,14811157689777586302
GIST,half,8,2,1,C_TASK_L,99,11723484149300992671,46.641798,46.6268157959,2311,18560,15885591392866052173
GIST,half,8,2,1,C_TASK_L,100,416867533671327684,46.647378,46.6318397522,4969,39824,18199109054269478174
GIST,half,8,2,1,C_TASK_L,101,463556152314022137,46.556093,46.5382385254,9,144,17739438941913720152
GIST,half,8,2,1,C_TASK_L,102,5023834620232924699,44.333126,44.3177604675,9,144,4345061276902095567
GIST,half,8,2,1,C_TASK_L,103,3358090661935181962,45.610212,45.5894393921,10,152,206827504788997805
GIST,half,8,2,1,C_TASK_L,104,6318150018815276835,45.452039,45.4360961914,8,136,6252710342366139043
GIST,half,8,2,1,C_TASK_L,105,3382835124390735773,45.352643,45.3339538574,10,152,1633465981209507262
GIST,half,8,2,1,C_TASK_L,106,7862389240255096405,45.671161,45.6554870605,8,136,4454845205277636153
GIST,half,8,2,1,C_TASK_L,107,12753255321128375907,45.475296,45.4563522339,11,160,3736671290085159878
GIST,half,8,2,1,C_TASK_L,108,5137605947089590316,44.38098,44.3606071472,22,248,8744501858676181288
GIST,half,8,2,1,C_TASK_L,109,17603205654855495503,44.261258,44.2423667908,6920,55432,4734971902105951802
GIST,half,8,2,1,C_TASK_L,110,10127478537340186675,40.749026,40.7317771912,10,152,1358658317263378375
GIST,half,8,2,1,C_TASK_L,111,3665995180310526364,46.67545,46.6487693787,41478,331896,5661520465715040291
GIST,half,8,2,1,C_TASK_L,112,10135745837711897539,43.066744,43.0450553894,9,144,27334712204462216
GIST,half,8,2,1,C_TASK_L,113,10535780349197406948,46.521325,46.5060462952,8,136,14415464039087190790
GIST,half,8,2,1,C_TASK_L,114,10648647139011189564,44.259259,44.2403831482,12,168,6772672195218087492
GIST,half,8,2,1,C_TASK_L,115,7649011970154020997,46.606167,46.5919342041,9,144,3206729205558378233
GIST,half,8,2,1,C_TASK_L,116,476149813655704091,45.475233,45.4580154419,10,152,8858849561569991435
GIST,half,8,2,1,C_TASK_L,117,1006711879274558233,45.474294,45.455745697,841,6800,11321619877609521957
GIST,half,8,2,1,C_TASK_L,118,16469490972111288920,46.57094,46.54870224,4028,32296,883241890903009633
GIST,half,8,2,1,C_TASK_L,119,5858457743813147244,45.554112,45.5376625061,396,3240,8827444684336327481
GIST,half,8,2,1,C_TASK_L,120,5458740354294272417,46.642564,46.6187858582,9,144,7848134651590039281
GIST,half,8,2,1,C_TASK_L,121,18044578509838911779,46.593537,46.5738868713,10,152,7928744672891195179
GIST,half,8,2,1,C_TASK_L,122,2263849957397490031,46.583308,46.5676498413,2287,18368,8165417142188033165
GIST,half,8,2,1,C_TASK_L,123,11214984481703275179,46.56102,46.5452804565,1639,13184,17297314433685050926
GIST,half,8,2,1,C_TASK_L,124,8609683818349710292,45.463738,45.4484481812,8,136,13168834338195935582
GIST,half,8,2,1,C_TASK_L,125,3028236243262219857,44.306356,44.2904014587,8,136,425355140008332221
GIST,half,8,2,1,C_TASK_L,126,12657858335344656681,44.281762,44.2619857788,8,136,4387400323091133037
GIST,half,8,2,1,C_TASK_L,127,15208757093895910829,47.745176,47.7307853699,11,160,1809397944155681048
GIST,half,8,2,1,SCAN_E,0,14628893485838184760,15.466295,15.4463357925,805,6512,12049670356140927271
GIST,half,8,2,1,SCAN_E,1,5277735151802382403,13.587856,13.572511673,5815,46592,12495090360753926488
GIST,half,8,2,1,SCAN_E,2,12949723088018134982,15.472326,15.4552640915,12,168,17798676870000866351
GIST,half,8,2,1,SCAN_E,3,17912368726981257746,12.657757,12.638463974,22934,183544,3513084467399214196
GIST,half,8,2,1,SCAN_E,4,6813717409520896539,16.447908,16.427072525,17913,143376,10240984302992681904
GIST,half,8,2,1,SCAN_E,5,15746877753817476956,17.994924,17.9752635956,25267,202208,5187200889313214686
GIST,half,8,2,1,SCAN_E,6,13750152615788058147,14.717193,14.6983995438,367,3008,8703337812097627909
GIST,half,8,2,1,SCAN_E,7,7966444742523137199,12.960202,12.9455356598,9,144,294158670510647467
GIST,half,8,2,1,SCAN_E,8,3722915141321120792,14.790986,14.7749757767,16,200,17247831106653997488
GIST,half,8,2,1,SCAN_E,9,4680770526928094267,13.160838,13.1462402344,9,144,6185833218944131429
GIST,half,8,2,1,SCAN_E,10,16634692065747566502,12.456815,12.4365758896,9,144,13324388130527482689
GIST,half,8,2,1,SCAN_E,11,407413494807729236,16.372255,16.3460483551,20742,166008,748099361995206288
GIST,half,8,2,1,SCAN_E,12,17460078167775218888,13.833874,13.819231987,219,1824,12113822531377232237
GIST,half,8,2,1,SCAN_E,13,12716887085642250387,13.378014,13.3635520935,10,152,5751298164538243026
GIST,half,8,2,1,SCAN_E,14,18369275761964115190,13.634267,13.6184644699,8,136,17294034751593305288
GIST,half,8,2,1,SCAN_E,15,5936729861741803939,14.150686,14.1373758316,1825,14672,4523878408681453459
GIST,half,8,2,1,SCAN_E,16,3537798568722033093,16.93021,16.9005756378,45233,361936,10934986133749753810
GIST,half,8,2,1,SCAN_E,17,9906517406195203870,14.665779,14.6408958435,28764,230184,13893008974686436000
GIST,half,8,2,1,SCAN_E,18,3071783437712951460,11.784066,11.7685756683,9,144,4097877200455553912
GIST,half,8,2,1,SCAN_E,19,4844542844294841975,17.170593,17.1414394379,27119,217024,3036884596305404821
GIST,half,8,2,1,SCAN_E,20,13580243989274015108,12.221736,12.2051839828,13,176,12167542613742431786
GIST,half,8,2,1,SCAN_E,21,2715171980480150680,15.640885,15.6245117188,3295,26432,4697067458263101281
GIST,half,8,2,1,SCAN_E,22,9583610160574751482,13.628985,13.613535881,104,904,17584774084035178489
GIST,half,8,2,1,SCAN_E,23,3351983320614235452,13.844762,13.8236484528,8,136,10795653417440584118
GIST,half,8,2,1,SCAN_E,24,14343238801608074176,13.599806,13.5778875351,8,136,335641030610087762
GIST,half,8,2,1,SCAN_E,25,15312881684633933655,16.21482,16.1837120056,32548,260456,16202494671275670828
GIST,half,8,2,1,SCAN_E,26,18398409255790635840,15.159142,15.1438083649,8,136,16965475016388596626
GIST,half,8,2,1,SCAN_E,27,14732108746546988498,13.080803,13.0522880554,31256,250120,10640609347284222608
GIST,half,8,2,1,SCAN_E,28,9719453371904557375,16.267431,16.2521286011,53,496,4295370152413759317
GIST,half,8,2,1,SCAN_E,29,7111803339956803225,14.032326,14.0151042938,9,144,11080742569331125641
GIST,half,8,2,1,SCAN_E,30,12630940382236276606,14.828516,14.8118715286,15,192,3888228134973069709
GIST,half,8,2,1,SCAN_E,31,16717924179856591400,13.317992,13.301823616,98,856,12253136263172607446
GIST,half,8,2,1,SCAN_E,32,1018801991084754777,17.520908,17.4941444397,31191,249600,4139212840337583677
GIST,half,8,2,1,SCAN_E,33,17951213273852593361,12.114374,12.0989761353,8,136,7118776530039946925
GIST,half,8,2,1,SCAN_E,34,11193354026380747684,15.484966,15.4628801346,18718,149816,10323070077910272027
GIST,half,8,2,1,SCAN_E,35,7182522047579593487,12.948316,12.9306879044,12,168,13084839061348052764
GIST,half,8,2,1,SCAN_E,36,5862842069398405510,15.674943,15.6491203308,29682,237528,719140743100350364
GIST,half,8,2,1,SCAN_E,37,7931106857473092034,14.065238,14.0474557877,1642,13208,4836914976961728650
GIST,half,8,2,1,SCAN_E,38,13700905950939581536,12.223263,12.2003517151,9,144,10212566950510398326
GIST,half,8,2,1,SCAN_E,39,5134469820061381952,14.101649,14.0802879333,173,1456,11882963430235204481
GIST,half,8,2,1,SCAN_E,40,523521015842037129,14.002955,13.9895362854,118,1016,14906896884422937853
GIST,half,8,2,1,SCAN_E,41,15735649071512523416,15.80005,15.7856321335,11,160,6439908275319918567
GIST,half,8,2,1,SCAN_E,42,16130457613556805909,10.95706,10.9414720535,10,152,1351820667773349880
GIST,half,8,2,1,SCAN_E,43,3580392345773888933,13.981222,13.9583358765,11,160,7130942906748589245
GIST,half,8,2,1,SCAN_E,44,2657517881292301308,11.78082,11.7559995651,28625,229072,14362931499080891524
GIST,half,8,2,1,SCAN_E,45,10634279939165845196,14.005988,13.9901762009,11,160,13746219426551555317
GIST,half,8,2,1,SCAN_E,46,4808905104634366418,15.272039,15.256896019,9,144,14613523175337427617
GIST,half,8,2,1,SCAN_E,47,197228195401547247,12.455215,12.4300804138,29946,239640,3603301588478779561
GIST,half,8,2,1,SCAN_E,48,8248488942050825693,16.149239,16.1310405731,10130,81112,4850681651806503319
GIST,half,8,2,1,SCAN_E,49,15716071042978413762,13.525637,13.5063362122,1785,14352,16881791907273901609
GIST,half,8,2,1,SCAN_E,50,2593988135360058460,15.247422,15.2108478546,49566,396600,10688624242403767082
GIST,half,8,2,1,SCAN_E,51,1321970314038155003,15.282789,15.2603521347,9,144,1725180568680233592
GIST,half,8,2,1,SCAN_E,52,10782300321295982446,16.082084,16.0592632294,11,160,2262457125570541601
GIST,half,8,2,1,SCAN_E,53,1181170520412032450,13.131976,13.1154556274,8,136,15161611065330365500
GIST,half,8,2,1,SCAN_E,54,12485651515614408301,14.814949,14.7931203842,27648,221256,13982227894810710128
GIST,half,8,2,1,SCAN_E,55,2573792055271618832,13.798715,13.7790403366,13053,104496,3700418904193080229
GIST,half,8,2,1,SCAN_E,56,13083263465047869035,17.622732,17.5976009369,10500,84072,6126299974183225491
GIST,half,8,2,1,SCAN_E,57,9021717632597148908,12.938503,12.9227199554,7688,61576,16146242436575770571
GIST,half,8,2,1,SCAN_E,58,9268774494751827706,14.093843,14.0794878006,9,144,2940493626614828053
GIST,half,8,2,1,SCAN_E,59,1580871052154375482,15.281808,15.2670717239,10,152,10996509777332881202
GIST,half,8,2,1,SCAN_E,60,2761207983275075740,15.599855,15.5774717331,27937,223568,8219627611328849196
GIST,half,8,2,1,SCAN_E,61,2620909581344322254,14.498491,14.4837760925,159,1344,18016158801479111709
GIST,half,8,2,1,SCAN_E,62,8560399019494154138,16.317504,16.3010883331,16,200,10995028448307505731
GIST,half,8,2,1,SCAN_E,63,9575871338223549139,15.949373,15.932767868,782,6328,14236409939300756135
GIST,half,8,2,1,SCAN_E,64,12923444094630896693,13.981931,13.9669761658,9,144,10890240329654538100
GIST,half,8,2,1,SCAN_E,65,16264934943434005963,14.724183,14.6947841644,23549,188464,1717894044534139949
GIST,half,8,2,1,SCAN_E,66,6567103049086711526,10.343384,10.3255681992,9,144,2120391718945614396
GIST,half,8,2,1,SCAN_E,67,9413171363946879688,13.318037,13.3036804199,10,152,16410576142550180761
GIST,half,8,2,1,SCAN_E,68,17584159069416176766,14.98739,14.9654083252,8,136,14994419951185837632
GIST,half,8,2,1,SCAN_E,69,16370389120603384840,15.907468,15.8872642517,39,384,8893900566493377500
GIST,half,8,2,1,SCAN_E,70,7125887616712792012,16.263473,16.2384319305,30939,247584,2578173215488215435
GIST,half,8,2,1,SCAN_E,71,2653643927898021331,13.613826,13.6001596451,8,136,6674983760768613763
GIST,half,8,2,1,SCAN_E,72,2775573294919263248,14.299332,14.2784643173,14,184,2008831888728120970
GIST,half,8,2,1,SCAN_E,73,6275675870158489986,12.933499,12.906080246,30287,242368,3965206015652614730
GIST,half,8,2,1,SCAN_E,74,17416559791252488439,12.940321,12.9146242142,15885,127152,9191986637692184623
GIST,half,8,2,1,SCAN_E,75,10629383663104694533,11.397881,11.3811836243,8,136,1959805352102410517
GIST,half,8,2,1,SCAN_E,76,6121457899850640239,15.895814,15.8764162064,10,152,10439922783850878615
GIST,half,8,2,1,SCAN_E,77,13772194458325883781,14.659275,14.6436796188,8,136,3119058093217859169
GIST,half,8,2,1,SCAN_E,78,384590151492374026,16.499417,16.4788475037,1145,9232,6824037880318392156
GIST,half,8,2,1,SCAN_E,79,17525024244829704515,15.033852,15.0141124725,17953,143696,8782034102419046715
GIST,half,8,2,1,SCAN_E,80,8425382104893835461,15.357609,15.3360319138,138,1176,4615018082655609248
GIST,half,8,2,1,SCAN_E,81,4578548255021645869,12.614754,12.6009922028,8,136,7309366345031128353
GIST,half,8,2,1,SCAN_E,82,17380680694385638840,14.091495,14.0718402863,10,152,17099624996036497700
GIST,half,8,2,1,SCAN_E,83,8711237166219394419,13.856673,13.8416957855,16,200,1159450716902794998
GIST,half,8,2,1,SCAN_E,84,10344073526508897281,13.440202,13.4195203781,10,152,12307297875457737052
GIST,half,8,2,1,SCAN_E,85,10946770602578419956,11.471303,11.4514875412,8,136,1403974257677289190
GIST,half,8,2,1,SCAN_E,86,6470508332142331894,16.107195,16.0885124207,3669,29424,3528509250306175135
GIST,half,8,2,1,SCAN_E,87,8534974539240644349,15.157788,15.1332798004,22710,181752,7440715000576488328
GIST,half,8,2,1,SCAN_E,88,17392447945923308625,14.300829,14.278719902,11,160,16812603617364686395
GIST,half,8,2,1,SCAN_E,89,17243398098289356237,14.919324,14.8976955414,19381,155120,11341570227103404206
GIST,half,8,2,1,SCAN_E,90,1487146102952406162,14.090608,14.0742082596,9,144,11675729656657864315
GIST,half,8,2,1,SCAN_E,91,13351219280779986121,13.280905,13.261343956,91,800,7129016086556790661
GIST,half,8,2,1,SCAN_E,92,7858987711662060174,14.992527,14.9691524506,16659,133344,18141791887973734438
GIST,half,8,2,1,SCAN_E,93,15824146815298812297,14.396687,14.3801603317,785,6352,16848583768543088517
GIST,half,8,2,1,SCAN_E,94,12966259267171903563,14.633631,14.6179199219,9,144,16525753693329126445
GIST,half,8,2,1,SCAN_E,95,13797457395031324342,14.37514,14.3535041809,4312,34568,8681946398460365715
GIST,half,8,2,1,SCAN_E,96,13118478308687119329,13.901426,13.8808641434,12672,101448,12414488981634579085
GIST,half,8,2,1,SCAN_E,97,11331694305099227241,14.26723,14.2510719299,5629,45104,17435282213467792387
GIST,half,8,2,1,SCAN_E,98,1083222351448503346,16.817601,16.8011837006,30,312,14811157689777586302
GIST,half,8,2,1,SCAN_E,99,11723484149300992671,16.032011,16.0138874054,2311,18560,15885591392866052173
GIST,half,8,2,1,SCAN_E,100,416867533671327684,13.31915,13.3036804199,4969,39824,18199109054269478174
GIST,half,8,2,1,SCAN_E,101,463556152314022137,10.73688,10.715968132,9,144,17739438941913720152
GIST,half,8,2,1,SCAN_E,102,5023834620232924699,11.217017,11.2016963959,9,144,4345061276902095567
GIST,half,8,2,1,SCAN_E,103,3358090661935181962,14.567249,14.5533437729,10,152,206827504788997805
GIST,half,8,2,1,SCAN_E,104,6318150018815276835,12.690998,12.6768960953,8,136,6252710342366139043
GIST,half,8,2,1,SCAN_E,105,3382835124390735773,10.871933,10.8576002121,10,152,1633465981209507262
GIST,half,8,2,1,SCAN_E,106,7862389240255096405,14.494775,14.4779195786,8,136,4454845205277636153
GIST,half,8,2,1,SCAN_E,107,12753255321128375907,13.279355,13.2597122192,11,160,3736671290085159878
GIST,half,8,2,1,SCAN_E,108,5137605947089590316,14.056384,14.0407676697,22,248,8744501858676181288
GIST,half,8,2,1,SCAN_E,109,17603205654855495503,14.130446,14.1089601517,6920,55432,4734971902105951802
GIST,half,8,2,1,SCAN_E,110,10127478537340186675,14.960617,14.9468803406,10,152,1358658317263378375
GIST,half,8,2,1,SCAN_E,111,3665995180310526364,16.881497,16.853055954,41478,331896,5661520465715040291
GIST,half,8,2,1,SCAN_E,112,10135745837711897539,12.369587,12.3474559784,9,144,27334712204462216
GIST,half,8,2,1,SCAN_E,113,10535780349197406948,13.425909,13.4059524536,8,136,14415464039087190790
GIST,half,8,2,1,SCAN_E,114,10648647139011189564,13.673925,13.6541442871,12,168,6772672195218087492
GIST,half,8,2,1,SCAN_E,115,7649011970154020997,13.247663,13.2322883606,9,144,3206729205558378233
GIST,half,8,2,1,SCAN_E,116,476149813655704091,14.853427,14.8302717209,10,152,8858849561569991435
GIST,half,8,2,1,SCAN_E,117,1006711879274558233,17.260525,17.2422409058,841,6800,11321619877609521957
GIST,half,8,2,1,SCAN_E,118,16469490972111288920,14.93939,14.9231042862,4028,32296,883241890903009633
GIST,half,8,2,1,SCAN_E,119,5858457743813147244,14.485567,14.4711675644,396,3240,8827444684336327481
GIST,half,8,2,1,SCAN_E,120,5458740354294272417,15.588872,15.5667200089,9,144,7848134651590039281
GIST,half,8,2,1,SCAN_E,121,18044578509838911779,14.006219,13.9914560318,10,152,7928744672891195179
GIST,half,8,2,1,SCAN_E,122,2263849957397490031,15.897671,15.8786878586,2287,18368,8165417142188033165
GIST,half,8,2,1,SCAN_E,123,11214984481703275179,14.757348,14.740896225,1639,13184,17297314433685050926
GIST,half,8,2,1,SCAN_E,124,8609683818349710292,12.233008,12.2122240067,8,136,13168834338195935582
GIST,half,8,2,1,SCAN_E,125,3028236243262219857,14.340843,14.3261117935,8,136,425355140008332221
GIST,half,8,2,1,SCAN_E,126,12657858335344656681,9.058998,9.03177642822,8,136,4387400323091133037
GIST,half,8,2,1,SCAN_E,127,15208757093895910829,12.677014,12.657535553,11,160,1809397944155681048
GIST,half,8,2,1,C_ID_E,0,14628893485838184760,17.869531,17.8530883789,805,6512,12049670356140927271
GIST,half,8,2,1,C_ID_E,1,5277735151802382403,16.096734,16.0742397308,5815,46592,12495090360753926488
GIST,half,8,2,1,C_ID_E,2,12949723088018134982,18.395901,18.3785591125,12,168,17798676870000866351
GIST,half,8,2,1,C_ID_E,3,17912368726981257746,12.992557,12.9689598083,22934,183544,3513084467399214196
GIST,half,8,2,1,C_ID_E,4,6813717409520896539,19.278055,19.2558403015,17913,143376,10240984302992681904
GIST,half,8,2,1,C_ID_E,5,15746877753817476956,20.504004,20.4763202667,25267,202208,5187200889313214686
GIST,half,8,2,1,C_ID_E,6,13750152615788058147,16.307256,16.288608551,367,3008,8703337812097627909
GIST,half,8,2,1,C_ID_E,7,7966444742523137199,11.886772,11.8713283539,9,144,294158670510647467
GIST,half,8,2,1,C_ID_E,8,3722915141321120792,16.344271,16.3271350861,16,200,17247831106653997488
GIST,half,8,2,1,C_ID_E,9,4680770526928094267,15.7786,15.7583036423,9,144,6185833218944131429
GIST,half,8,2,1,C_ID_E,10,16634692065747566502,10.875726,10.8572483063,9,144,13324388130527482689
GIST,half,8,2,1,C_ID_E,11,407413494807729236,17.961264,17.9310398102,20742,166008,748099361995206288
GIST,half,8,2,1,C_ID_E,12,17460078167775218888,14.599181,14.5753278732,219,1824,12113822531377232237
GIST,half,8,2,1,C_ID_E,13,12716887085642250387,14.218762,14.2009916306,10,152,5751298164538243026
GIST,half,8,2,1,C_ID_E,14,18369275761964115190,14.010764,13.9938564301,8,136,17294034751593305288
GIST,half,8,2,1,C_ID_E,15,5936729861741803939,16.003166,15.9849281311,1825,14672,4523878408681453459
GIST,half,8,2,1,C_ID_E,16,3537798568722033093,19.809974,19.7751045227,45233,361936,10934986133749753810
GIST,half,8,2,1,C_ID_E,17,9906517406195203870,15.997205,15.9695997238,28764,230184,13893008974686436000
GIST,half,8,2,1,C_ID_E,18,3071783437712951460,10.53143,10.5123844147,9,144,4097877200455553912
GIST,half,8,2,1,C_ID_E,19,4844542844294841975,17.481047,17.4506244659,27119,217024,3036884596305404821
GIST,half,8,2,1,C_ID_E,20,13580243989274015108,12.80736,12.79155159,13,176,12167542613742431786
GIST,half,8,2,1,C_ID_E,21,2715171980480150680,18.998943,18.9797763824,3295,26432,4697067458263101281
GIST,half,8,2,1,C_ID_E,22,9583610160574751482,15.569782,15.5469760895,104,904,17584774084035178489
GIST,half,8,2,1,C_ID_E,23,3351983320614235452,16.110269,16.0958404541,8,136,10795653417440584118
GIST,half,8,2,1,C_ID_E,24,14343238801608074176,13.884968,13.8636484146,8,136,335641030610087762
GIST,half,8,2,1,C_ID_E,25,15312881684633933655,18.862024,18.8336315155,32548,260456,16202494671275670828
GIST,half,8,2,1,C_ID_E,26,18398409255790635840,16.443919,16.4281921387,8,136,16965475016388596626
GIST,half,8,2,1,C_ID_E,27,14732108746546988498,13.932619,13.9031038284,31256,250120,10640609347284222608
GIST,half,8,2,1,C_ID_E,28,9719453371904557375,18.963114,18.9431362152,53,496,4295370152413759317
GIST,half,8,2,1,C_ID_E,29,7111803339956803225,16.376844,16.3132152557,9,144,11080742569331125641
GIST,half,8,2,1,C_ID_E,30,12630940382236276606,17.608369,17.5803203583,15,192,3888228134973069709
GIST,half,8,2,1,C_ID_E,31,16717924179856591400,13.279982,13.2616319656,98,856,12253136263172607446
GIST,half,8,2,1,C_ID_E,32,1018801991084754777,19.794288,19.7143039703,31191,249600,4139212840337583677
GIST,half,8,2,1,C_ID_E,33,17951213273852593361,13.625081,13.5897598267,8,136,7118776530039946925
GIST,half,8,2,1,C_ID_E,34,11193354026380747684,17.838797,17.7839679718,18718,149816,10323070077910272027
GIST,half,8,2,1,C_ID_E,35,7182522047579593487,14.131164,14.1080636978,12,168,13084839061348052764
GIST,half,8,2,1,C_ID_E,36,5862842069398405510,17.807206,17.7672634125,29682,237528,719140743100350364
GIST,half,8,2,1,C_ID_E,37,7931106857473092034,16.807782,16.7920322418,1642,13208,4836914976961728650
GIST,half,8,2,1,C_ID_E,38,13700905950939581536,12.396337,12.3754882812,9,144,10212566950510398326
GIST,half,8,2,1,C_ID_E,39,5134469820061381952,16.462198,16.4475841522,173,1456,11882963430235204481
GIST,half,8,2,1,C_ID_E,40,523521015842037129,15.889162,15.8723201752,118,1016,14906896884422937853
GIST,half,8,2,1,C_ID_E,41,15735649071512523416,19.007014,18.9880638123,11,160,6439908275319918567
GIST,half,8,2,1,C_ID_E,42,16130457613556805909,12.210127,12.192864418,10,152,1351820667773349880
GIST,half,8,2,1,C_ID_E,43,3580392345773888933,15.763172,15.7455043793,11,160,7130942906748589245
GIST,half,8,2,1,C_ID_E,44,2657517881292301308,12.538157,12.5157756805,28625,229072,14362931499080891524
GIST,half,8,2,1,C_ID_E,45,10634279939165845196,15.514203,15.5008001328,11,160,13746219426551555317
GIST,half,8,2,1,C_ID_E,46,4808905104634366418,17.875743,17.8589439392,9,144,14613523175337427617
GIST,half,8,2,1,C_ID_E,47,197228195401547247,13.709409,13.6828804016,29946,239640,3603301588478779561
GIST,half,8,2,1,C_ID_E,48,8248488942050825693,18.652557,18.6304321289,10130,81112,4850681651806503319
GIST,half,8,2,1,C_ID_E,49,15716071042978413762,15.800341,15.7851200104,1785,14352,16881791907273901609
GIST,half,8,2,1,C_ID_E,50,2593988135360058460,14.106805,14.0773439407,49566,396600,10688624242403767082
GIST,half,8,2,1,C_ID_E,51,1321970314038155003,14.445374,14.4261760712,9,144,1725180568680233592
GIST,half,8,2,1,C_ID_E,52,10782300321295982446,18.575483,18.5611190796,11,160,2262457125570541601
GIST,half,8,2,1,C_ID_E,53,1181170520412032450,15.872859,15.8540477753,8,136,15161611065330365500
GIST,half,8,2,1,C_ID_E,54,12485651515614408301,16.987061,16.9576644897,27648,221256,13982227894810710128
GIST,half,8,2,1,C_ID_E,55,2573792055271618832,14.294715,14.2760324478,13053,104496,3700418904193080229
GIST,half,8,2,1,C_ID_E,56,13083263465047869035,20.118515,20.0993919373,10500,84072,6126299974183225491
GIST,half,8,2,1,C_ID_E,57,9021717632597148908,14.2477,14.2298555374,7688,61576,16146242436575770571
GIST,half,8,2,1,C_ID_E,58,9268774494751827706,16.316312,16.3008327484,9,144,2940493626614828053
GIST,half,8,2,1,C_ID_E,59,1580871052154375482,18.016249,17.9990711212,10,152,10996509777332881202
GIST,half,8,2,1,C_ID_E,60,2761207983275075740,16.39818,16.3724155426,27937,223568,8219627611328849196
GIST,half,8,2,1,C_ID_E,61,2620909581344322254,17.605079,17.5905609131,159,1344,18016158801479111709
GIST,half,8,2,1,C_ID_E,62,8560399019494154138,19.570434,19.5511684418,16,200,10995028448307505731
GIST,half,8,2,1,C_ID_E,63,9575871338223549139,18.883316,18.8638076782,782,6328,14236409939300756135
GIST,half,8,2,1,C_ID_E,64,12923444094630896693,13.944503,13.9224004745,9,144,10890240329654538100
GIST,half,8,2,1,C_ID_E,65,16264934943434005963,17.29632,17.2729911804,23549,188464,1717894044534139949
GIST,half,8,2,1,C_ID_E,66,6567103049086711526,9.925025,9.91071987152,9,144,2120391718945614396
GIST,half,8,2,1,C_ID_E,67,9413171363946879688,14.778015,14.7583999634,10,152,16410576142550180761
GIST,half,8,2,1,C_ID_E,68,17584159069416176766,17.828757,17.814912796,8,136,14994419951185837632
GIST,half,8,2,1,C_ID_E,69,16370389120603384840,19.151828,19.1345272064,39,384,8893900566493377500
GIST,half,8,2,1,C_ID_E,70,7125887616712792012,18.794073,18.7635192871,30939,247584,2578173215488215435
GIST,half,8,2,1,C_ID_E,71,2653643927898021331,15.419224,15.4050235748,8,136,6674983760768613763
GIST,half,8,2,1,C_ID_E,72,2775573294919263248,16.584885,16.5666885376,14,184,2008831888728120970
GIST,half,8,2,1,C_ID_E,73,6275675870158489986,13.989086,13.9608640671,30287,242368,3965206015652614730
GIST,half,8,2,1,C_ID_E,74,17416559791252488439,15.484018,15.4594240189,15885,127152,9191986637692184623
GIST,half,8,2,1,C_ID_E,75,10629383663104694533,12.860263,12.8475198746,8,136,1959805352102410517
GIST,half,8,2,1,C_ID_E,76,6121457899850640239,19.359833,19.3466873169,10,152,10439922783850878615
GIST,half,8,2,1,C_ID_E,77,13772194458325883781,17.535888,17.5214729309,8,136,3119058093217859169
GIST,half,8,2,1,C_ID_E,78,384590151492374026,18.785574,18.7655353546,1145,9232,6824037880318392156
GIST,half,8,2,1,C_ID_E,79,17525024244829704515,17.268141,17.2479038239,17953,143696,8782034102419046715
GIST,half,8,2,1,C_ID_E,80,8425382104893835461,17.752919,17.7317752838,138,1176,4615018082655609248
GIST,half,8,2,1,C_ID_E,81,4578548255021645869,14.224612,14.2081918716,8,136,7309366345031128353
GIST,half,8,2,1,C_ID_E,82,17380680694385638840,15.675279,15.6557760239,10,152,17099624996036497700
GIST,half,8,2,1,C_ID_E,83,8711237166219394419,14.041594,14.0242242813,16,200,1159450716902794998
GIST,half,8,2,1,C_ID_E,84,10344073526508897281,15.946873,15.9239044189,10,152,12307297875457737052
GIST,half,8,2,1,C_ID_E,85,10946770602578419956,13.685582,13.6702079773,8,136,1403974257677289190
GIST,half,8,2,1,C_ID_E,86,6470508332142331894,19.22931,19.2131843567,3669,29424,3528509250306175135
GIST,half,8,2,1,C_ID_E,87,8534974539240644349,16.536327,16.5119361877,22710,181752,7440715000576488328
GIST,half,8,2,1,C_ID_E,88,17392447945923308625,12.677753,12.6565761566,11,160,16812603617364686395
GIST,half,8,2,1,C_ID_E,89,17243398098289356237,17.511341,17.490240097,19381,155120,11341570227103404206
GIST,half,8,2,1,C_ID_E,90,1487146102952406162,16.074938,16.0599994659,9,144,11675729656657864315
GIST,half,8,2,1,C_ID_E,91,13351219280779986121,13.697288,13.6828155518,91,800,7129016086556790661
GIST,half,8,2,1,C_ID_E,92,7858987711662060174,12.019009,11.9942398071,16659,133344,18141791887973734438
GIST,half,8,2,1,C_ID_E,93,15824146815298812297,16.982059,16.9675521851,785,6352,16848583768543088517
GIST,half,8,2,1,C_ID_E,94,12966259267171903563,15.048831,15.0335998535,9,144,16525753693329126445
GIST,half,8,2,1,C_ID_E,95,13797457395031324342,16.941912,16.9244480133,4312,34568,8681946398460365715
GIST,half,8,2,1,C_ID_E,96,13118478308687119329,14.722861,14.7030076981,12672,101448,12414488981634579085
GIST,half,8,2,1,C_ID_E,97,11331694305099227241,14.55999,14.5365762711,5629,45104,17435282213467792387
GIST,half,8,2,1,C_ID_E,98,1083222351448503346,18.971842,18.9556484222,30,312,14811157689777586302
GIST,half,8,2,1,C_ID_E,99,11723484149300992671,19.067621,19.0493125916,2311,18560,15885591392866052173
GIST,half,8,2,1,C_ID_E,100,416867533671327684,15.336688,15.3211841583,4969,39824,18199109054269478174
GIST,half,8,2,1,C_ID_E,101,463556152314022137,12.419,12.3995523453,9,144,17739438941913720152
GIST,half,8,2,1,C_ID_E,102,5023834620232924699,13.144561,13.1232318878,9,144,4345061276902095567
GIST,half,8,2,1,C_ID_E,103,3358090661935181962,17.828224,17.8120956421,10,152,206827504788997805
GIST,half,8,2,1,C_ID_E,104,6318150018815276835,14.507195,14.4931516647,8,136,6252710342366139043
GIST,half,8,2,1,C_ID_E,105,3382835124390735773,11.955306,11.9391040802,10,152,1633465981209507262
GIST,half,8,2,1,C_ID_E,106,7862389240255096405,17.408299,17.3939838409,8,136,4454845205277636153
GIST,half,8,2,1,C_ID_E,107,12753255321128375907,15.554251,15.5326404572,11,160,3736671290085159878
GIST,half,8,2,1,C_ID_E,108,5137605947089590316,16.402846,16.3864955902,22,248,8744501858676181288
GIST,half,8,2,1,C_ID_E,109,17603205654855495503,14.275116,14.2534399033,6920,55432,4734971902105951802
GIST,half,8,2,1,C_ID_E,110,10127478537340186675,14.250682,14.2358398438,10,152,1358658317263378375
GIST,half,8,2,1,C_ID_E,111,3665995180310526364,17.696142,17.6682567596,41478,331896,5661520465715040291
GIST,half,8,2,1,C_ID_E,112,10135745837711897539,13.562876,13.5428161621,9,144,27334712204462216
GIST,half,8,2,1,C_ID_E,113,10535780349197406948,13.805821,13.7910404205,8,136,14415464039087190790
GIST,half,8,2,1,C_ID_E,114,10648647139011189564,14.508799,14.4941759109,12,168,6772672195218087492
GIST,half,8,2,1,C_ID_E,115,7649011970154020997,16.069968,16.0546875,9,144,3206729205558378233
GIST,half,8,2,1,C_ID_E,116,476149813655704091,17.200361,17.1822395325,10,152,8858849561569991435
GIST,half,8,2,1,C_ID_E,117,1006711879274558233,20.701109,20.681728363,841,6800,11321619877609521957
GIST,half,8,2,1,C_ID_E,118,16469490972111288920,14.178096,14.1640319824,4028,32296,883241890903009633
GIST,half,8,2,1,C_ID_E,119,5858457743813147244,17.198136,17.1787528992,396,3240,8827444684336327481
GIST,half,8,2,1,C_ID_E,120,5458740354294272417,18.860711,18.845823288,9,144,7848134651590039281
GIST,half,8,2,1,C_ID_E,121,18044578509838911779,15.429608,15.4120635986,10,152,7928744672891195179
GIST,half,8,2,1,C_ID_E,122,2263849957397490031,18.195724,18.1756477356,2287,18368,8165417142188033165
GIST,half,8,2,1,C_ID_E,123,11214984481703275179,16.78085,16.764415741,1639,13184,17297314433685050926
GIST,half,8,2,1,C_ID_E,124,8609683818349710292,14.262014,14.2435836792,8,136,13168834338195935582
GIST,half,8,2,1,C_ID_E,125,3028236243262219857,16.054469,16.0355205536,8,136,425355140008332221
GIST,half,8,2,1,C_ID_E,126,12657858335344656681,10.194266,10.1775684357,8,136,4387400323091133037
GIST,half,8,2,1,C_ID_E,127,15208757093895910829,14.729797,14.7132158279,11,160,1809397944155681048
GIST,half,8,2,1,C_MASK_E,0,14628893485838184760,14.402553,14.3859519958,805,6512,12049670356140927271
GIST,half,8,2,1,C_MASK_E,1,5277735151802382403,13.039518,13.0221443176,5815,46592,12495090360753926488
GIST,half,8,2,1,C_MASK_E,2,12949723088018134982,14.795657,14.7799682617,12,168,17798676870000866351
GIST,half,8,2,1,C_MASK_E,3,17912368726981257746,11.420295,11.3952636719,22934,183544,3513084467399214196
GIST,half,8,2,1,C_MASK_E,4,6813717409520896539,15.502136,15.4790401459,17913,143376,10240984302992681904
GIST,half,8,2,1,C_MASK_E,5,15746877753817476956,16.612078,16.5878715515,25267,202208,5187200889313214686
GIST,half,8,2,1,C_MASK_E,6,13750152615788058147,13.406904,13.3830718994,367,3008,8703337812097627909
GIST,half,8,2,1,C_MASK_E,7,7966444742523137199,9.929686,9.91273593903,9,144,294158670510647467
GIST,half,8,2,1,C_MASK_E,8,3722915141321120792,13.274186,13.2580795288,16,200,17247831106653997488
GIST,half,8,2,1,C_MASK_E,9,4680770526928094267,12.741724,12.724448204,9,144,6185833218944131429
GIST,half,8,2,1,C_MASK_E,10,16634692065747566502,9.166411,9.14313602448,9,144,13324388130527482689
GIST,half,8,2,1,C_MASK_E,11,407413494807729236,14.633688,14.6072635651,20742,166008,748099361995206288
GIST,half,8,2,1,C_MASK_E,12,17460078167775218888,12.055127,12.0323200226,219,1824,12113822531377232237
GIST,half,8,2,1,C_MASK_E,13,12716887085642250387,11.404556,11.3854722977,10,152,5751298164538243026
GIST,half,8,2,1,C_MASK_E,14,18369275761964115190,11.365959,11.3447675705,8,136,17294034751593305288
GIST,half,8,2,1,C_MASK_E,15,5936729861741803939,12.939157,12.9198083878,1825,14672,4523878408681453459
GIST,half,8,2,1,C_MASK_E,16,3537798568722033093,15.767912,15.7359037399,45233,361936,10934986133749753810
GIST,half,8,2,1,C_MASK_E,17,9906517406195203870,13.441752,13.415807724,28764,230184,13893008974686436000
GIST,half,8,2,1,C_MASK_E,18,3071783437712951460,8.994969,8.97552013397,9,144,4097877200455553912
GIST,half,8,2,1,C_MASK_E,19,4844542844294841975,14.24091,14.21459198,27119,217024,3036884596305404821
GIST,half,8,2,1,C_MASK_E,20,13580243989274015108,10.66644,10.6438398361,13,176,12167542613742431786
GIST,half,8,2,1,C_MASK_E,21,2715171980480150680,15.09076,15.0736322403,3295,26432,4697067458263101281
GIST,half,8,2,1,C_MASK_E,22,9583610160574751482,12.606923,12.5851840973,104,904,17584774084035178489
GIST,half,8,2,1,C_MASK_E,23,3351983320614235452,12.818645,12.8030080795,8,136,10795653417440584118
GIST,half,8,2,1,C_MASK_E,24,14343238801608074176,11.505389,11.489279747,8,136,335641030610087762
GIST,half,8,2,1,C_MASK_E,25,15312881684633933655,15.210999,15.182144165,32548,260456,16202494671275670828
GIST,half,8,2,1,C_MASK_E,26,18398409255790635840,13.197315,13.1783361435,8,136,16965475016388596626
GIST,half,8,2,1,C_MASK_E,27,14732108746546988498,11.414721,11.3867197037,31256,250120,10640609347284222608
GIST,half,8,2,1,C_MASK_E,28,9719453371904557375,15.434241,15.4123840332,53,496,4295370152413759317
GIST,half,8,2,1,C_MASK_E,29,7111803339956803225,13.309173,13.2846403122,9,144,11080742569331125641
GIST,half,8,2,1,C_MASK_E,30,12630940382236276606,14.045401,14.0242881775,15,192,3888228134973069709
GIST,half,8,2,1,C_MASK_E,31,16717924179856591400,10.714097,10.6935997009,98,856,12253136263172607446
GIST,half,8,2,1,C_MASK_E,32,1018801991084754777,15.954215,15.9225921631,31191,249600,4139212840337583677
GIST,half,8,2,1,C_MASK_E,33,17951213273852593361,11.181044,11.1601915359,8,136,7118776530039946925
GIST,half,8,2,1,C_MASK_E,34,11193354026380747684,14.332895,14.3035840988,18718,149816,10323070077910272027
GIST,half,8,2,1,C_MASK_E,35,7182522047579593487,11.479604,11.4630079269,12,168,13084839061348052764
GIST,half,8,2,1,C_MASK_E,36,5862842069398405510,15.013612,14.9897918701,29682,237528,719140743100350364
GIST,half,8,2,1,C_MASK_E,37,7931106857473092034,13.604223,13.5834236145,1642,13208,4836914976961728650
GIST,half,8,2,1,C_MASK_E,38,13700905950939581536,10.323463,10.3061122894,9,144,10212566950510398326
GIST,half,8,2,1,C_MASK_E,39,5134469820061381952,13.41776,13.3987522125,173,1456,11882963430235204481
GIST,half,8,2,1,C_MASK_E,40,523521015842037129,13.209933,13.1877756119,118,1016,14906896884422937853
GIST,half,8,2,1,C_MASK_E,41,15735649071512523416,15.124857,15.1092157364,11,160,6439908275319918567
GIST,half,8,2,1,C_MASK_E,42,16130457613556805909,9.891036,9.87366390228,10,152,1351820667773349880
GIST,half,8,2,1,C_MASK_E,43,3580392345773888933,12.75249,12.7309761047,11,160,7130942906748589245
GIST,half,8,2,1,C_MASK_E,44,2657517881292301308,10.324863,10.2958078384,28625,229072,14362931499080891524
GIST,half,8,2,1,C_MASK_E,45,10634279939165845196,12.47463,12.4581756592,11,160,13746219426551555317
GIST,half,8,2,1,C_MASK_E,46,4808905104634366418,14.376955,14.3611841202,9,144,14613523175337427617
GIST,half,8,2,1,C_MASK_E,47,197228195401547247,11.257294,11.2313919067,29946,239640,3603301588478779561
GIST,half,8,2,1,C_MASK_E,48,8248488942050825693,15.277774,15.2557439804,10130,81112,4850681651806503319
GIST,half,8,2,1,C_MASK_E,49,15716071042978413762,12.828904,12.8134717941,1785,14352,16881791907273901609
GIST,half,8,2,1,C_MASK_E,50,2593988135360058460,11.530206,11.4914560318,49566,396600,10688624242403767082
GIST,half,8,2,1,C_MASK_E,51,1321970314038155003,11.82229,11.8005123138,9,144,1725180568680233592
GIST,half,8,2,1,C_MASK_E,52,10782300321295982446,15.056099,15.038687706,11,160,2262457125570541601
GIST,half,8,2,1,C_MASK_E,53,1181170520412032450,12.656041,12.6233596802,8,136,15161611065330365500
GIST,half,8,2,1,C_MASK_E,54,12485651515614408301,14.141057,14.1125440598,27648,221256,13982227894810710128
GIST,half,8,2,1,C_MASK_E,55,2573792055271618832,11.965774,11.9453115463,13053,104496,3700418904193080229
GIST,half,8,2,1,C_MASK_E,56,13083263465047869035,16.519123,16.4966087341,10500,84072,6126299974183225491
GIST,half,8,2,1,C_MASK_E,57,9021717632597148908,11.663986,11.642080307,7688,61576,16146242436575770571
GIST,half,8,2,1,C_MASK_E,58,9268774494751827706,13.077575,13.0599040985,9,144,2940493626614828053
GIST,half,8,2,1,C_MASK_E,59,1580871052154375482,14.451972,14.4322881699,10,152,10996509777332881202
GIST,half,8,2,1,C_MASK_E,60,2761207983275075740,13.246605,13.2124481201,27937,223568,8219627611328849196
GIST,half,8,2,1,C_MASK_E,61,2620909581344322254,14.032142,14.0072002411,159,1344,18016158801479111709
GIST,half,8,2,1,C_MASK_E,62,8560399019494154138,15.78466,15.7673921585,16,200,10995028448307505731
GIST,half,8,2,1,C_MASK_E,63,9575871338223549139,15.285068,15.2703037262,782,6328,14236409939300756135
GIST,half,8,2,1,C_MASK_E,64,12923444094630896693,11.350781,11.3344640732,9,144,10890240329654538100
GIST,half,8,2,1,C_MASK_E,65,16264934943434005963,13.856054,13.8251838684,23549,188464,1717894044534139949
GIST,half,8,2,1,C_MASK_E,66,6567103049086711526,8.438149,8.42448043823,9,144,2120391718945614396
GIST,half,8,2,1,C_MASK_E,67,9413171363946879688,11.941905,11.9247999191,10,152,16410576142550180761
GIST,half,8,2,1,C_MASK_E,68,17584159069416176766,14.335871,14.321439743,8,136,14994419951185837632
GIST,half,8,2,1,C_MASK_E,69,16370389120603384840,15.128994,15.1115837097,39,384,8893900566493377500
GIST,half,8,2,1,C_MASK_E,70,7125887616712792012,15.132042,15.1024637222,30939,247584,2578173215488215435
GIST,half,8,2,1,C_MASK_E,71,2653643927898021331,12.492062,12.4731836319,8,136,6674983760768613763
GIST,half,8,2,1,C_MASK_E,72,2775573294919263248,13.35285,13.337887764,14,184,2008831888728120970
GIST,half,8,2,1,C_MASK_E,73,6275675870158489986,11.499925,11.4714241028,30287,242368,3965206015652614730
GIST,half,8,2,1,C_MASK_E,74,17416559791252488439,12.485457,12.4589118958,15885,127152,9191986637692184623
GIST,half,8,2,1,C_MASK_E,75,10629383663104694533,10.7136,10.6992635727,8,136,1959805352102410517
GIST,half,8,2,1,C_MASK_E,76,6121457899850640239,15.332186,15.3102083206,10,152,10439922783850878615
GIST,half,8,2,1,C_MASK_E,77,13772194458325883781,13.994124,13.9795198441,8,136,3119058093217859169
GIST,half,8,2,1,C_MASK_E,78,384590151492374026,15.159668,15.1442556381,1145,9232,6824037880318392156
GIST,half,8,2,1,C_MASK_E,79,17525024244829704515,13.915683,13.8937597275,17953,143696,8782034102419046715
GIST,half,8,2,1,C_MASK_E,80,8425382104893835461,14.360822,14.345536232,138,1176,4615018082655609248
GIST,half,8,2,1,C_MASK_E,81,4578548255021645869,11.680261,11.6593923569,8,136,7309366345031128353
GIST,half,8,2,1,C_MASK_E,82,17380680694385638840,12.790235,12.7745599747,10,152,17099624996036497700
GIST,half,8,2,1,C_MASK_E,83,8711237166219394419,11.398608,11.377951622,16,200,1159450716902794998
GIST,half,8,2,1,C_MASK_E,84,10344073526508897281,12.802374,12.7868156433,10,152,12307297875457737052
GIST,half,8,2,1,C_MASK_E,85,10946770602578419956,10.982727,10.9600324631,8,136,1403974257677289190
GIST,half,8,2,1,C_MASK_E,86,6470508332142331894,15.188208,15.1719684601,3669,29424,3528509250306175135
GIST,half,8,2,1,C_MASK_E,87,8534974539240644349,13.373485,13.3469762802,22710,181752,7440715000576488328
GIST,half,8,2,1,C_MASK_E,88,17392447945923308625,10.575553,10.5556163788,11,160,16812603617364686395
GIST,half,8,2,1,C_MASK_E,89,17243398098289356237,13.888086,13.8664321899,19381,155120,11341570227103404206
GIST,half,8,2,1,C_MASK_E,90,1487146102952406162,12.887324,12.8668479919,9,144,11675729656657864315
GIST,half,8,2,1,C_MASK_E,91,13351219280779986121,11.134607,11.1178884506,91,800,7129016086556790661
GIST,half,8,2,1,C_MASK_E,92,7858987711662060174,10.102964,10.0803518295,16659,133344,18141791887973734438
GIST,half,8,2,1,C_MASK_E,93,15824146815298812297,13.824031,13.8104324341,785,6352,16848583768543088517
GIST,half,8,2,1,C_MASK_E,94,12966259267171903563,12.350071,12.3271360397,9,144,16525753693329126445
GIST,half,8,2,1,C_MASK_E,95,13797457395031324342,13.505514,13.4891519547,4312,34568,8681946398460365715
GIST,half,8,2,1,C_MASK_E,96,13118478308687119329,12.69656,12.6766080856,12672,101448,12414488981634579085
GIST,half,8,2,1,C_MASK_E,97,11331694305099227241,11.905598,11.883392334,5629,45104,17435282213467792387
GIST,half,8,2,1,C_MASK_E,98,1083222351448503346,15.382266,15.3627195358,30,312,14811157689777586302
GIST,half,8,2,1,C_MASK_E,99,11723484149300992671,15.294697,15.276512146,2311,18560,15885591392866052173
GIST,half,8,2,1,C_MASK_E,100,416867533671327684,12.493022,12.4723844528,4969,39824,18199109054269478174
GIST,half,8,2,1,C_MASK_E,101,463556152314022137,10.059885,10.0455036163,9,144,17739438941913720152
GIST,half,8,2,1,C_MASK_E,102,5023834620232924699,10.49334,10.4732475281,9,144,4345061276902095567
GIST,half,8,2,1,C_MASK_E,103,3358090661935181962,14.090049,14.0695676804,10,152,206827504788997805
GIST,half,8,2,1,C_MASK_E,104,6318150018815276835,11.807481,11.79251194,8,136,6252710342366139043
GIST,half,8,2,1,C_MASK_E,105,3382835124390735773,9.764129,9.74361610413,10,152,1633465981209507262
GIST,half,8,2,1,C_MASK_E,106,7862389240255096405,13.894607,13.8727998734,8,136,4454845205277636153
GIST,half,8,2,1,C_MASK_E,107,12753255321128375907,12.431153,12.4115839005,11,160,3736671290085159878
GIST,half,8,2,1,C_MASK_E,108,5137605947089590316,13.155614,13.1352319717,22,248,8744501858676181288
GIST,half,8,2,1,C_MASK_E,109,17603205654855495503,11.785667,11.7682237625,6920,55432,4734971902105951802
GIST,half,8,2,1,C_MASK_E,110,10127478537340186675,11.502016,11.4866876602,10,152,1358658317263378375
GIST,half,8,2,1,C_MASK_E,111,3665995180310526364,14.88886,14.8546237946,41478,331896,5661520465715040291
GIST,half,8,2,1,C_MASK_E,112,10135745837711897539,11.118435,11.1025276184,9,144,27334712204462216
GIST,half,8,2,1,C_MASK_E,113,10535780349197406948,11.264977,11.2501764297,8,136,14415464039087190790
GIST,half,8,2,1,C_MASK_E,114,10648647139011189564,11.743651,11.7229118347,12,168,6772672195218087492
GIST,half,8,2,1,C_MASK_E,115,7649011970154020997,12.704003,12.6896324158,9,144,3206729205558378233
GIST,half,8,2,1,C_MASK_E,116,476149813655704091,13.848205,13.8336963654,10,152,8858849561569991435
GIST,half,8,2,1,C_MASK_E,117,1006711879274558233,16.367055,16.3518714905,841,6800,11321619877609521957
GIST,half,8,2,1,C_MASK_E,118,16469490972111288920,11.809084,11.7927360535,4028,32296,883241890903009633
GIST,half,8,2,1,C_MASK_E,119,5858457743813147244,13.642309,13.6190080643,396,3240,8827444684336327481
GIST,half,8,2,1,C_MASK_E,120,5458740354294272417,14.937911,14.917632103,9,144,7848134651590039281
GIST,half,8,2,1,C_MASK_E,121,18044578509838911779,12.506182,12.4832315445,10,152,7928744672891195179
GIST,half,8,2,1,C_MASK_E,122,2263849957397490031,14.754311,14.7357759476,2287,18368,8165417142188033165
GIST,half,8,2,1,C_MASK_E,123,11214984481703275179,13.586196,13.5655355453,1639,13184,17297314433685050926
GIST,half,8,2,1,C_MASK_E,124,8609683818349710292,11.472113,11.4512958527,8,136,13168834338195935582
GIST,half,8,2,1,C_MASK_E,125,3028236243262219857,13.107352,13.0920639038,8,136,425355140008332221
GIST,half,8,2,1,C_MASK_E,126,12657858335344656681,8.375071,8.35433578491,8,136,4387400323091133037
GIST,half,8,2,1,C_MASK_E,127,15208757093895910829,11.977504,11.9566078186,11,160,1809397944155681048
GIST,half,8,2,1,C_TASK_E,0,14628893485838184760,14.275228,14.2567996979,805,6512,12049670356140927271
GIST,half,8,2,1,C_TASK_E,1,5277735151802382403,13.071971,13.0563840866,5815,46592,12495090360753926488
GIST,half,8,2,1,C_TASK_E,2,12949723088018134982,14.765223,14.7463035583,12,168,17798676870000866351
GIST,half,8,2,1,C_TASK_E,3,17912368726981257746,11.309752,11.2893762589,22934,183544,3513084467399214196
GIST,half,8,2,1,C_TASK_E,4,6813717409520896539,15.416363,15.3954238892,17913,143376,10240984302992681904
GIST,half,8,2,1,C_TASK_E,5,15746877753817476956,16.716782,16.6928005219,25267,202208,5187200889313214686
GIST,half,8,2,1,C_TASK_E,6,13750152615788058147,13.391656,13.3737602234,367,3008,8703337812097627909
GIST,half,8,2,1,C_TASK_E,7,7966444742523137199,9.963958,9.94585609436,9,144,294158670510647467
GIST,half,8,2,1,C_TASK_E,8,3722915141321120792,13.168406,13.1503038406,16,200,17247831106653997488
GIST,half,8,2,1,C_TASK_E,9,4680770526928094267,12.742281,12.7218236923,9,144,6185833218944131429
GIST,half,8,2,1,C_TASK_E,10,16634692065747566502,9.128792,9.10681629181,9,144,13324388130527482689
GIST,half,8,2,1,C_TASK_E,11,407413494807729236,14.395482,14.3676795959,20742,166008,748099361995206288
GIST,half,8,2,1,C_TASK_E,12,17460078167775218888,11.992854,11.9725437164,219,1824,12113822531377232237
GIST,half,8,2,1,C_TASK_E,13,12716887085642250387,11.513957,11.4963521957,10,152,5751298164538243026
GIST,half,8,2,1,C_TASK_E,14,18369275761964115190,11.357661,11.3417596817,8,136,17294034751593305288
GIST,half,8,2,1,C_TASK_E,15,5936729861741803939,12.657376,12.6397762299,1825,14672,4523878408681453459
GIST,half,8,2,1,C_TASK_E,16,3537798568722033093,15.66402,15.6265916824,45233,361936,10934986133749753810
GIST,half,8,2,1,C_TASK_E,17,9906517406195203870,13.353839,13.3262720108,28764,230184,13893008974686436000
GIST,half,8,2,1,C_TASK_E,18,3071783437712951460,8.921678,8.90569591522,9,144,4097877200455553912
GIST,half,8,2,1,C_TASK_E,19,4844542844294841975,14.177655,14.1500797272,27119,217024,3036884596305404821
GIST,half,8,2,1,C_TASK_E,20,13580243989274015108,10.531631,10.5090560913,13,176,12167542613742431786
GIST,half,8,2,1,C_TASK_E,21,2715171980480150680,15.126865,15.1042881012,3295,26432,4697067458263101281
GIST,half,8,2,1,C_TASK_E,22,9583610160574751482,12.573575,12.5579519272,104,904,17584774084035178489
GIST,half,8,2,1,C_TASK_E,23,3351983320614235452,12.79603,12.7793283463,8,136,10795653417440584118
GIST,half,8,2,1,C_TASK_E,24,14343238801608074176,11.284432,11.2676477432,8,136,335641030610087762
GIST,half,8,2,1,C_TASK_E,25,15312881684633933655,15.127742,15.0926084518,32548,260456,16202494671275670828
GIST,half,8,2,1,C_TASK_E,26,18398409255790635840,13.246705,13.2300481796,8,136,16965475016388596626
GIST,half,8,2,1,C_TASK_E,27,14732108746546988498,11.391401,11.3635835648,31256,250120,10640609347284222608
GIST,half,8,2,1,C_TASK_E,28,9719453371904557375,15.372827,15.352191925,53,496,4295370152413759317
GIST,half,8,2,1,C_TASK_E,29,7111803339956803225,13.175735,13.1582403183,9,144,11080742569331125641
GIST,half,8,2,1,C_TASK_E,30,12630940382236276606,13.951129,13.9339838028,15,192,3888228134973069709
GIST,half,8,2,1,C_TASK_E,31,16717924179856591400,10.641414,10.6215677261,98,856,12253136263172607446
GIST,half,8,2,1,C_TASK_E,32,1018801991084754777,15.813216,15.7810878754,31191,249600,4139212840337583677
GIST,half,8,2,1,C_TASK_E,33,17951213273852593361,11.207562,11.1892795563,8,136,7118776530039946925
GIST,half,8,2,1,C_TASK_E,34,11193354026380747684,14.260953,14.2312641144,18718,149816,10323070077910272027
GIST,half,8,2,1,C_TASK_E,35,7182522047579593487,11.418026,11.3999357224,12,168,13084839061348052764
GIST,half,8,2,1,C_TASK_E,36,5862842069398405510,14.917058,14.8911361694,29682,237528,719140743100350364
GIST,half,8,2,1,C_TASK_E,37,7931106857473092034,13.448281,13.4304323196,1642,13208,4836914976961728650
GIST,half,8,2,1,C_TASK_E,38,13700905950939581536,10.203547,10.1863040924,9,144,10212566950510398326
GIST,half,8,2,1,C_TASK_E,39,5134469820061381952,13.370715,13.3525762558,173,1456,11882963430235204481
GIST,half,8,2,1,C_TASK_E,40,523521015842037129,13.174394,13.1560964584,118,1016,14906896884422937853
GIST,half,8,2,1,C_TASK_E,41,15735649071512523416,15.006029,14.982591629,11,160,6439908275319918567
GIST,half,8,2,1,C_TASK_E,42,16130457613556805909,9.943988,9.92633628845,10,152,1351820667773349880
GIST,half,8,2,1,C_TASK_E,43,3580392345773888933,12.710689,12.6939840317,11,160,7130942906748589245
GIST,half,8,2,1,C_TASK_E,44,2657517881292301308,10.265145,10.2354240417,28625,229072,14362931499080891524
GIST,half,8,2,1,C_TASK_E,45,10634279939165845196,12.490451,12.4746875763,11,160,13746219426551555317
GIST,half,8,2,1,C_TASK_E,46,4808905104634366418,14.315651,14.2983999252,9,144,14613523175337427617
GIST,half,8,2,1,C_TASK_E,47,197228195401547247,11.20449,11.1786556244,29946,239640,3603301588478779561
GIST,half,8,2,1,C_TASK_E,48,8248488942050825693,14.959143,14.9329280853,10130,81112,4850681651806503319
GIST,half,8,2,1,C_TASK_E,49,15716071042978413762,12.79247,12.7750720978,1785,14352,16881791907273901609
GIST,half,8,2,1,C_TASK_E,50,2593988135360058460,11.36639,11.3197116852,49566,396600,10688624242403767082
GIST,half,8,2,1,C_TASK_E,51,1321970314038155003,11.7715,11.7523517609,9,144,1725180568680233592
GIST,half,8,2,1,C_TASK_E,52,10782300321295982446,14.857021,14.8342723846,11,160,2262457125570541601
GIST,half,8,2,1,C_TASK_E,53,1181170520412032450,12.623726,12.6073284149,8,136,15161611065330365500
GIST,half,8,2,1,C_TASK_E,54,12485651515614408301,14.055399,14.0295038223,27648,221256,13982227894810710128
GIST,half,8,2,1,C_TASK_E,55,2573792055271618832,11.923261,11.9049596786,13053,104496,3700418904193080229
GIST,half,8,2,1,C_TASK_E,56,13083263465047869035,16.617046,16.5938568115,10500,84072,6126299974183225491
GIST,half,8,2,1,C_TASK_E,57,9021717632597148908,11.492181,11.4715843201,7688,61576,16146242436575770571
GIST,half,8,2,1,C_TASK_E,58,9268774494751827706,13.016343,12.9975042343,9,144,2940493626614828053
GIST,half,8,2,1,C_TASK_E,59,1580871052154375482,14.371289,14.3533763885,10,152,10996509777332881202
GIST,half,8,2,1,C_TASK_E,60,2761207983275075740,13.245945,13.2200956345,27937,223568,8219627611328849196
GIST,half,8,2,1,C_TASK_E,61,2620909581344322254,13.95945,13.9425601959,159,1344,18016158801479111709
GIST,half,8,2,1,C_TASK_E,62,8560399019494154138,15.630701,15.6126079559,16,200,10995028448307505731
GIST,half,8,2,1,C_TASK_E,63,9575871338223549139,15.177646,15.1585922241,782,6328,14236409939300756135
GIST,half,8,2,1,C_TASK_E,64,12923444094630896693,11.343087,11.3278398514,9,144,10890240329654538100
GIST,half,8,2,1,C_TASK_E,65,16264934943434005963,13.799197,13.7747516632,23549,188464,1717894044534139949
GIST,half,8,2,1,C_TASK_E,66,6567103049086711526,8.431077,8.40931224823,9,144,2120391718945614396
GIST,half,8,2,1,C_TASK_E,67,9413171363946879688,11.930114,11.9094076157,10,152,16410576142550180761
GIST,half,8,2,1,C_TASK_E,68,17584159069416176766,14.308596,14.2920637131,8,136,14994419951185837632
GIST,half,8,2,1,C_TASK_E,69,16370389120603384840,15.003755,14.9806404114,39,384,8893900566493377500
GIST,half,8,2,1,C_TASK_E,70,7125887616712792012,15.055134,15.0277757645,30939,247584,2578173215488215435
GIST,half,8,2,1,C_TASK_E,71,2653643927898021331,12.448091,12.4301118851,8,136,6674983760768613763
GIST,half,8,2,1,C_TASK_E,72,2775573294919263248,13.31306,13.2952642441,14,184,2008831888728120970
GIST,half,8,2,1,C_TASK_E,73,6275675870158489986,11.427557,11.3996477127,30287,242368,3965206015652614730
GIST,half,8,2,1,C_TASK_E,74,17416559791252488439,12.428589,12.4011201859,15885,127152,9191986637692184623
GIST,half,8,2,1,C_TASK_E,75,10629383663104694533,10.788403,10.7727041245,8,136,1959805352102410517
GIST,half,8,2,1,C_TASK_E,76,6121457899850640239,15.324927,15.3110399246,10,152,10439922783850878615
GIST,half,8,2,1,C_TASK_E,77,13772194458325883781,13.912385,13.8982715607,8,136,3119058093217859169
GIST,half,8,2,1,C_TASK_E,78,384590151492374026,15.204138,15.187871933,1145,9232,6824037880318392156
GIST,half,8,2,1,C_TASK_E,79,17525024244829704515,13.903724,13.8813123703,17953,143696,8782034102419046715
GIST,half,8,2,1,C_TASK_E,80,8425382104893835461,14.254696,14.2368955612,138,1176,4615018082655609248
GIST,half,8,2,1,C_TASK_E,81,4578548255021645869,11.623492,11.6009283066,8,136,7309366345031128353
GIST,half,8,2,1,C_TASK_E,82,17380680694385638840,12.952134,12.9295682907,10,152,17099624996036497700
GIST,half,8,2,1,C_TASK_E,83,8711237166219394419,11.492787,11.4771518707,16,200,1159450716902794998
GIST,half,8,2,1,C_TASK_E,84,10344073526508897281,12.742475,12.7193918228,10,152,12307297875457737052
GIST,half,8,2,1,C_TASK_E,85,10946770602578419956,10.936401,10.9144001007,8,136,1403974257677289190
GIST,half,8,2,1,C_TASK_E,86,6470508332142331894,15.102631,15.0807037354,3669,29424,3528509250306175135
GIST,half,8,2,1,C_TASK_E,87,8534974539240644349,13.389512,13.3647356033,22710,181752,7440715000576488328
GIST,half,8,2,1,C_TASK_E,88,17392447945923308625,10.471754,10.4539518356,11,160,16812603617364686395
GIST,half,8,2,1,C_TASK_E,89,17243398098289356237,14.117034,14.0937280655,19381,155120,11341570227103404206
GIST,half,8,2,1,C_TASK_E,90,1487146102952406162,12.902912,12.8814401627,9,144,11675729656657864315
GIST,half,8,2,1,C_TASK_E,91,13351219280779986121,11.048543,11.0310077667,91,800,7129016086556790661
GIST,half,8,2,1,C_TASK_E,92,7858987711662060174,10.011375,9.98924827576,16659,133344,18141791887973734438
GIST,half,8,2,1,C_TASK_E,93,15824146815298812297,13.67791,13.6586875916,785,6352,16848583768543088517
GIST,half,8,2,1,C_TASK_E,94,12966259267171903563,12.265647,12.2452163696,9,144,16525753693329126445
GIST,half,8,2,1,C_TASK_E,95,13797457395031324342,13.420442,13.3997764587,4312,34568,8681946398460365715
GIST,half,8,2,1,C_TASK_E,96,13118478308687119329,12.457653,12.4353923798,12672,101448,12414488981634579085
GIST,half,8,2,1,C_TASK_E,97,11331694305099227241,11.959201,11.9350404739,5629,45104,17435282213467792387
GIST,half,8,2,1,C_TASK_E,98,1083222351448503346,15.411704,15.3923521042,30,312,14811157689777586302
GIST,half,8,2,1,C_TASK_E,99,11723484149300992671,15.253967,15.236415863,2311,18560,15885591392866052173
GIST,half,8,2,1,C_TASK_E,100,416867533671327684,12.315803,12.295712471,4969,39824,18199109054269478174
GIST,half,8,2,1,C_TASK_E,101,463556152314022137,9.993916,9.97801589966,9,144,17739438941913720152
GIST,half,8,2,1,C_TASK_E,102,5023834620232924699,10.457522,10.4411840439,9,144,4345061276902095567
GIST,half,8,2,1,C_TASK_E,103,3358090661935181962,14.033194,14.0097923279,10,152,206827504788997805
GIST,half,8,2,1,C_TASK_E,104,6318150018815276835,11.702738,11.6861124039,8,136,6252710342366139043
GIST,half,8,2,1,C_TASK_E,105,3382835124390735773,9.811632,9.79417610168,10,152,1633465981209507262
GIST,half,8,2,1,C_TASK_E,106,7862389240255096405,13.896371,13.8772163391,8,136,4454845205277636153
GIST,half,8,2,1,C_TASK_E,107,12753255321128375907,12.385947,12.3688640594,11,160,3736671290085159878
GIST,half,8,2,1,C_TASK_E,108,5137605947089590316,13.09862,13.0764484406,22,248,8744501858676181288
GIST,half,8,2,1,C_TASK_E,109,17603205654855495503,11.717577,11.6979837418,6920,55432,4734971902105951802
GIST,half,8,2,1,C_TASK_E,110,10127478537340186675,11.54071,11.5244483948,10,152,1358658317263378375
GIST,half,8,2,1,C_TASK_E,111,3665995180310526364,14.856056,14.8260478973,41478,331896,5661520465715040291
GIST,half,8,2,1,C_TASK_E,112,10135745837711897539,11.034663,11.0172157288,9,144,27334712204462216
GIST,half,8,2,1,C_TASK_E,113,10535780349197406948,11.145652,11.1238079071,8,136,14415464039087190790
GIST,half,8,2,1,C_TASK_E,114,10648647139011189564,11.650206,11.6302404404,12,168,6772672195218087492
GIST,half,8,2,1,C_TASK_E,115,7649011970154020997,12.731985,12.703871727,9,144,3206729205558378233
GIST,half,8,2,1,C_TASK_E,116,476149813655704091,13.749871,13.7330560684,10,152,8858849561569991435
GIST,half,8,2,1,C_TASK_E,117,1006711879274558233,16.318737,16.2981758118,841,6800,11321619877609521957
GIST,half,8,2,1,C_TASK_E,118,16469490972111288920,11.885109,11.8671035767,4028,32296,883241890903009633
GIST,half,8,2,1,C_TASK_E,119,5858457743813147244,13.591188,13.5681600571,396,3240,8827444684336327481
GIST,half,8,2,1,C_TASK_E,120,5458740354294272417,14.857886,14.8329916,9,144,7848134651590039281
GIST,half,8,2,1,C_TASK_E,121,18044578509838911779,12.435595,12.4137277603,10,152,7928744672891195179
GIST,half,8,2,1,C_TASK_E,122,2263849957397490031,14.733854,14.7152318954,2287,18368,8165417142188033165
GIST,half,8,2,1,C_TASK_E,123,11214984481703275179,13.47159,13.4538879395,1639,13184,17297314433685050926
GIST,half,8,2,1,C_TASK_E,124,8609683818349710292,11.328245,11.3076477051,8,136,13168834338195935582
GIST,half,8,2,1,C_TASK_E,125,3028236243262219857,13.078122,13.0623035431,8,136,425355140008332221
GIST,half,8,2,1,C_TASK_E,126,12657858335344656681,8.269458,8.2536315918,8,136,4387400323091133037
GIST,half,8,2,1,C_TASK_E,127,15208757093895910829,12.030918,12.0087041855,11,160,1809397944155681048
GIST,half,32,2,1,SCAN_L,0,13392786189952033124,177.613206,177.586044312,29566,236792,17654899910400677031
GIST,half,32,2,1,SCAN_L,1,3085188792669438576,177.616145,177.584609985,43556,348712,7751775623948015455
GIST,half,32,2,1,SCAN_L,2,9607284371048990950,177.607188,177.5834198,20776,166472,17020235287267412215
GIST,half,32,2,1,SCAN_L,3,17322893638147462453,177.597343,177.581756592,2062,16760,7116414848619904563
GIST,half,32,2,1,SCAN_L,4,9368830554395401223,177.641092,177.588867188,101125,809264,13109810449993187880
GIST,half,32,2,1,SCAN_L,5,8419766857112927641,177.607466,177.58253479,3420,27624,17792685588925117483
GIST,half,32,2,1,SCAN_L,6,4668807861364956970,177.627227,177.588577271,63820,510824,10099402955953869603
GIST,half,32,2,1,SCAN_L,7,7872727791650862151,177.600873,177.58303833,175,1664,4643210386447554668
GIST,half,32,2,1,SCAN_L,8,15783018974750835728,177.623169,177.585510254,49929,399696,4190309505508178420
GIST,half,32,2,1,SCAN_L,9,7601489796430488175,177.614899,177.584732056,31506,252312,1329596921172543006
GIST,half,32,2,1,SCAN_L,10,5544530460631338786,177.602343,177.584228516,150,1464,13924800278538701120
GIST,half,32,2,1,SCAN_L,11,12325065973520304682,177.628575,177.586364746,58591,468992,267835482051343214
GIST,half,32,2,1,SCAN_L,12,13216066866632432715,177.628252,177.586242676,61490,492184,8239061200449829015
GIST,half,32,2,1,SCAN_L,13,1075722662635840942,177.61986,177.587265015,40720,326024,4270533297038567303
GIST,half,32,2,1,SCAN_L,14,3185229373934033660,177.608827,177.584671021,18207,145920,13654456654282768996
GIST,half,32,2,1,SCAN_L,15,4980500077960720760,177.615548,177.585754395,28894,231416,17240864116231060822
GIST,half,32,2,1,SCAN_L,16,8534462434835011887,177.612422,177.584991455,23577,188880,3778250351653536887
GIST,half,32,2,1,SCAN_L,17,2222729423292320042,177.617283,177.587875366,30994,248216,3826611666964392027
GIST,half,32,2,1,SCAN_L,18,10765395806018310607,177.626858,177.589050293,46194,369816,7444862595273582325
GIST,half,32,2,1,SCAN_L,19,15820513675728183516,177.602871,177.581954956,19116,153192,6060893219430260750
GIST,half,32,2,1,SCAN_L,20,10712815744133708220,177.596859,177.581283569,172,1640,17430303074918329068
GIST,half,32,2,1,SCAN_L,21,3486346971057125245,177.60883,177.583999634,26397,211440,8960657414760105658
GIST,half,32,2,1,SCAN_L,22,5004653838559619408,177.603215,177.580963135,19492,156200,15755818672585262164
GIST,half,32,2,1,SCAN_L,23,10851237028586424301,177.605146,177.582565308,21765,174384,7548619885067429970
GIST,half,32,2,1,SCAN_L,24,1048821632111722058,177.604409,177.581604004,20642,165400,15602677906020214158
GIST,half,32,2,1,SCAN_L,25,13585693668991832971,177.600063,177.582366943,4997,40240,8060471171494153783
GIST,half,32,2,1,SCAN_L,26,13539082034095136927,177.597337,177.581054688,37,560,9838144373337488345
GIST,half,32,2,1,SCAN_L,27,161217794029549079,177.614849,177.583450317,48430,387704,10897917077796498645
GIST,half,32,2,1,SCAN_L,28,306400533752808697,177.60005,177.582214355,38,568,15415108955034365904
GIST,half,32,2,1,SCAN_L,29,15030165245001765777,177.599795,177.582809448,5275,42464,13081611358792727333
GIST,half,32,2,1,SCAN_L,30,14416838764258129161,177.599543,177.583709717,3945,31824,15666152673139803166
GIST,half,32,2,1,SCAN_L,31,7995077726280952526,177.596497,177.580825806,35,544,17738710621554888361
GIST,half,32,2,1,C_ID_L,0,13392786189952033124,154.744029,154.71711731,29566,236792,17654899910400677031
GIST,half,32,2,1,C_ID_L,1,3085188792669438576,147.711935,147.687301636,43556,348712,7751775623948015455
GIST,half,32,2,1,C_ID_L,2,9607284371048990950,135.407176,135.38482666,20776,166472,17020235287267412215
GIST,half,32,2,1,C_ID_L,3,17322893638147462453,144.760641,144.741027832,2062,16760,7116414848619904563
GIST,half,32,2,1,C_ID_L,4,9368830554395401223,143.140204,143.094329834,101125,809264,13109810449993187880
GIST,half,32,2,1,C_ID_L,5,8419766857112927641,155.333761,155.316421509,3420,27624,17792685588925117483
GIST,half,32,2,1,C_ID_L,6,4668807861364956970,146.258656,146.214660645,63820,510824,10099402955953869603
GIST,half,32,2,1,C_ID_L,7,7872727791650862151,157.062758,157.044189453,175,1664,4643210386447554668
GIST,half,32,2,1,C_ID_L,8,15783018974750835728,150.358579,150.3203125,49929,399696,4190309505508178420
GIST,half,32,2,1,C_ID_L,9,7601489796430488175,152.683869,152.655578613,31506,252312,1329596921172543006
GIST,half,32,2,1,C_ID_L,10,5544530460631338786,153.562166,153.539138794,150,1464,13924800278538701120
GIST,half,32,2,1,C_ID_L,11,12325065973520304682,148.410707,148.373245239,58591,468992,267835482051343214
GIST,half,32,2,1,C_ID_L,12,13216066866632432715,139.781664,139.741729736,61490,492184,8239061200449829015
GIST,half,32,2,1,C_ID_L,13,1075722662635840942,155.902552,155.867324829,40720,326024,4270533297038567303
GIST,half,32,2,1,C_ID_L,14,3185229373934033660,146.812199,146.790267944,18207,145920,13654456654282768996
GIST,half,32,2,1,C_ID_L,15,4980500077960720760,162.924495,162.899002075,28894,231416,17240864116231060822
GIST,half,32,2,1,C_ID_L,16,8534462434835011887,131.892718,131.862503052,23577,188880,3778250351653536887
GIST,half,32,2,1,C_ID_L,17,2222729423292320042,161.470861,161.445465088,30994,248216,3826611666964392027
GIST,half,32,2,1,C_ID_L,18,10765395806018310607,147.408985,147.371078491,46194,369816,7444862595273582325
GIST,half,32,2,1,C_ID_L,19,15820513675728183516,161.176534,161.155227661,19116,153192,6060893219430260750
GIST,half,32,2,1,C_ID_L,20,10712815744133708220,149.444513,149.427352905,172,1640,17430303074918329068
GIST,half,32,2,1,C_ID_L,21,3486346971057125245,160.891648,160.867782593,26397,211440,8960657414760105658
GIST,half,32,2,1,C_ID_L,22,5004653838559619408,140.357834,140.329208374,19492,156200,15755818672585262164
GIST,half,32,2,1,C_ID_L,23,10851237028586424301,143.592607,143.568832397,21765,174384,7548619885067429970
GIST,half,32,2,1,C_ID_L,24,1048821632111722058,146.830754,146.80368042,20642,165400,15602677906020214158
GIST,half,32,2,1,C_ID_L,25,13585693668991832971,157.063686,157.041793823,4997,40240,8060471171494153783
GIST,half,32,2,1,C_ID_L,26,13539082034095136927,154.72851,154.708099365,37,560,9838144373337488345
GIST,half,32,2,1,C_ID_L,27,161217794029549079,143.009072,142.97946167,48430,387704,10897917077796498645
GIST,half,32,2,1,C_ID_L,28,306400533752808697,145.92884,145.914810181,38,568,15415108955034365904
GIST,half,32,2,1,C_ID_L,29,15030165245001765777,156.26449,156.244766235,5275,42464,13081611358792727333
GIST,half,32,2,1,C_ID_L,30,14416838764258129161,159.42338,159.402175903,3945,31824,15666152673139803166
GIST,half,32,2,1,C_ID_L,31,7995077726280952526,151.213223,151.194015503,35,544,17738710621554888361
GIST,half,32,2,1,C_MASK_L,0,13392786189952033124,144.266964,144.238052368,29566,236792,17654899910400677031
GIST,half,32,2,1,C_MASK_L,1,3085188792669438576,138.462143,138.428421021,43556,348712,7751775623948015455
GIST,half,32,2,1,C_MASK_L,2,9607284371048990950,127.336083,127.305725098,20776,166472,17020235287267412215
GIST,half,32,2,1,C_MASK_L,3,17322893638147462453,135.32976,135.310394287,2062,16760,7116414848619904563
GIST,half,32,2,1,C_MASK_L,4,9368830554395401223,134.210135,134.16053772,101125,809264,13109810449993187880
GIST,half,32,2,1,C_MASK_L,5,8419766857112927641,144.575122,144.55670166,3420,27624,17792685588925117483
GIST,half,32,2,1,C_MASK_L,6,4668807861364956970,136.529782,136.484039307,63820,510824,10099402955953869603
GIST,half,32,2,1,C_MASK_L,7,7872727791650862151,145.566798,145.548995972,175,1664,4643210386447554668
GIST,half,32,2,1,C_MASK_L,8,15783018974750835728,140.50172,140.465316772,49929,399696,4190309505508178420
GIST,half,32,2,1,C_MASK_L,9,7601489796430488175,142.285761,142.253479004,31506,252312,1329596921172543006
GIST,half,32,2,1,C_MASK_L,10,5544530460631338786,142.958673,142.937789917,150,1464,13924800278538701120
GIST,half,32,2,1,C_MASK_L,11,12325065973520304682,138.910913,138.872344971,58591,468992,267835482051343214
GIST,half,32,2,1,C_MASK_L,12,13216066866632432715,131.208261,131.16835022,61490,492184,8239061200449829015
GIST,half,32,2,1,C_MASK_L,13,1075722662635840942,144.910149,144.881118774,40720,326024,4270533297038567303
GIST,half,32,2,1,C_MASK_L,14,3185229373934033660,137.164187,137.139205933,18207,145920,13654456654282768996
GIST,half,32,2,1,C_MASK_L,15,4980500077960720760,150.756598,150.731903076,28894,231416,17240864116231060822
GIST,half,32,2,1,C_MASK_L,16,8534462434835011887,125.184484,125.155776978,23577,188880,3778250351653536887
GIST,half,32,2,1,C_MASK_L,17,2222729423292320042,149.397288,149.36831665,30994,248216,3826611666964392027
GIST,half,32,2,1,C_MASK_L,18,10765395806018310607,137.617369,137.580413818,46194,369816,7444862595273582325
GIST,half,32,2,1,C_MASK_L,19,15820513675728183516,149.478033,149.454498291,19116,153192,6060893219430260750
GIST,half,32,2,1,C_MASK_L,20,10712815744133708220,139.79041,139.772674561,172,1640,17430303074918329068
GIST,half,32,2,1,C_MASK_L,21,3486346971057125245,149.066927,149.039199829,26397,211440,8960657414760105658
GIST,half,32,2,1,C_MASK_L,22,5004653838559619408,131.592302,131.567398071,19492,156200,15755818672585262164
GIST,half,32,2,1,C_MASK_L,23,10851237028586424301,134.896106,134.871963501,21765,174384,7548619885067429970
GIST,half,32,2,1,C_MASK_L,24,1048821632111722058,137.664003,137.635299683,20642,165400,15602677906020214158
GIST,half,32,2,1,C_MASK_L,25,13585693668991832971,145.651069,145.631576538,4997,40240,8060471171494153783
GIST,half,32,2,1,C_MASK_L,26,13539082034095136927,143.693038,143.675643921,37,560,9838144373337488345
GIST,half,32,2,1,C_MASK_L,27,161217794029549079,134.301928,134.2628479,48430,387704,10897917077796498645
GIST,half,32,2,1,C_MASK_L,28,306400533752808697,136.507907,136.485595703,38,568,15415108955034365904
GIST,half,32,2,1,C_MASK_L,29,15030165245001765777,144.999462,144.972991943,5275,42464,13081611358792727333
GIST,half,32,2,1,C_MASK_L,30,14416838764258129161,148.255386,148.236953735,3945,31824,15666152673139803166
GIST,half,32,2,1,C_MASK_L,31,7995077726280952526,141.23739,141.221054077,35,544,17738710621554888361
GIST,half,32,2,1,C_TASK_L,0,13392786189952033124,180.106564,180.081893921,29566,236792,17654899910400677031
GIST,half,32,2,1,C_TASK_L,1,3085188792669438576,181.488959,181.462875366,43556,348712,7751775623948015455
GIST,half,32,2,1,C_TASK_L,2,9607284371048990950,168.570633,168.542526245,20776,166472,17020235287267412215
GIST,half,32,2,1,C_TASK_L,3,17322893638147462453,173.558807,173.538238525,2062,16760,7116414848619904563
GIST,half,32,2,1,C_TASK_L,4,9368830554395401223,171.8868,171.836120605,101125,809264,13109810449993187880
GIST,half,32,2,1,C_TASK_L,5,8419766857112927641,178.89851,178.881530762,3420,27624,17792685588925117483
GIST,half,32,2,1,C_TASK_L,6,4668807861364956970,172.225805,172.189788818,63820,510824,10099402955953869603
GIST,half,32,2,1,C_TASK_L,7,7872727791650862151,180.116099,180.100250244,175,1664,4643210386447554668
GIST,half,32,2,1,C_TASK_L,8,15783018974750835728,180.403234,180.371398926,49929,399696,4190309505508178420
GIST,half,32,2,1,C_TASK_L,9,7601489796430488175,181.553717,181.527587891,31506,252312,1329596921172543006
GIST,half,32,2,1,C_TASK_L,10,5544530460631338786,180.828594,180.81237793,150,1464,13924800278538701120
GIST,half,32,2,1,C_TASK_L,11,12325065973520304682,177.705809,177.671386719,58591,468992,267835482051343214
GIST,half,32,2,1,C_TASK_L,12,13216066866632432715,171.8148,171.779907227,61490,492184,8239061200449829015
GIST,half,32,2,1,C_TASK_L,13,1075722662635840942,180.460978,180.425827026,40720,326024,4270533297038567303
GIST,half,32,2,1,C_TASK_L,14,3185229373934033660,175.31462,175.28793335,18207,145920,13654456654282768996
GIST,half,32,2,1,C_TASK_L,15,4980500077960720760,181.388913,181.359680176,28894,231416,17240864116231060822
GIST,half,32,2,1,C_TASK_L,16,8534462434835011887,175.838036,175.813949585,23577,188880,3778250351653536887
GIST,half,32,2,1,C_TASK_L,17,2222729423292320042,179.428683,179.402023315,30994,248216,3826611666964392027
GIST,half,32,2,1,C_TASK_L,18,10765395806018310607,176.494375,176.463745117,46194,369816,7444862595273582325
GIST,half,32,2,1,C_TASK_L,19,15820513675728183516,180.220684,180.198394775,19116,153192,6060893219430260750
GIST,half,32,2,1,C_TASK_L,20,10712815744133708220,180.066004,180.044708252,172,1640,17430303074918329068
GIST,half,32,2,1,C_TASK_L,21,3486346971057125245,180.126043,180.102050781,26397,211440,8960657414760105658
GIST,half,32,2,1,C_TASK_L,22,5004653838559619408,172.984099,172.962631226,19492,156200,15755818672585262164
GIST,half,32,2,1,C_TASK_L,23,10851237028586424301,179.978406,179.946426392,21765,174384,7548619885067429970
GIST,half,32,2,1,C_TASK_L,24,1048821632111722058,181.161177,181.134872437,20642,165400,15602677906020214158
GIST,half,32,2,1,C_TASK_L,25,13585693668991832971,179.000101,178.977798462,4997,40240,8060471171494153783
GIST,half,32,2,1,C_TASK_L,26,13539082034095136927,177.173071,177.155426025,37,560,9838144373337488345
GIST,half,32,2,1,C_TASK_L,27,161217794029549079,171.894684,171.863845825,48430,387704,10897917077796498645
GIST,half,32,2,1,C_TASK_L,28,306400533752808697,175.367132,175.350814819,38,568,15415108955034365904
GIST,half,32,2,1,C_TASK_L,29,15030165245001765777,178.975993,178.954940796,5275,42464,13081611358792727333
GIST,half,32,2,1,C_TASK_L,30,14416838764258129161,180.209279,180.191192627,3945,31824,15666152673139803166
GIST,half,32,2,1,C_TASK_L,31,7995077726280952526,177.315093,177.299591064,35,544,17738710621554888361
GIST,half,32,2,1,SCAN_E,0,13392786189952033124,55.751125,55.7342720032,29566,236792,17654899910400677031
GIST,half,32,2,1,SCAN_E,1,3085188792669438576,60.074817,60.0490570068,43556,348712,7751775623948015455
GIST,half,32,2,1,SCAN_E,2,9607284371048990950,55.550161,55.5271034241,20776,166472,17020235287267412215
GIST,half,32,2,1,SCAN_E,3,17322893638147462453,53.674261,53.653377533,2062,16760,7116414848619904563
GIST,half,32,2,1,SCAN_E,4,9368830554395401223,58.740336,58.6841926575,101125,809264,13109810449993187880
GIST,half,32,2,1,SCAN_E,5,8419766857112927641,53.999314,53.9767990112,3420,27624,17792685588925117483
GIST,half,32,2,1,SCAN_E,6,4668807861364956970,56.558576,56.5165748596,63820,510824,10099402955953869603
GIST,half,32,2,1,SCAN_E,7,7872727791650862151,56.668824,56.653377533,175,1664,4643210386447554668
GIST,half,32,2,1,SCAN_E,8,15783018974750835728,56.317342,56.28332901,49929,399696,4190309505508178420
GIST,half,32,2,1,SCAN_E,9,7601489796430488175,54.395524,54.3614730835,31506,252312,1329596921172543006
GIST,half,32,2,1,SCAN_E,10,5544530460631338786,53.299961,53.2855033875,150,1464,13924800278538701120
GIST,half,32,2,1,SCAN_E,11,12325065973520304682,52.181538,52.1411857605,58591,468992,267835482051343214
GIST,half,32,2,1,SCAN_E,12,13216066866632432715,57.537582,57.4964141846,61490,492184,8239061200449829015
GIST,half,32,2,1,SCAN_E,13,1075722662635840942,56.193438,56.1650543213,40720,326024,4270533297038567303
GIST,half,32,2,1,SCAN_E,14,3185229373934033660,58.504036,58.4810256958,18207,145920,13654456654282768996
GIST,half,32,2,1,SCAN_E,15,4980500077960720760,61.126254,61.0940475464,28894,231416,17240864116231060822
GIST,half,32,2,1,SCAN_E,16,8534462434835011887,50.827321,50.7998733521,23577,188880,3778250351653536887
GIST,half,32,2,1,SCAN_E,17,2222729423292320042,59.030764,59.0043525696,30994,248216,3826611666964392027
GIST,half,32,2,1,SCAN_E,18,10765395806018310607,50.455059,50.4182701111,46194,369816,7444862595273582325
GIST,half,32,2,1,SCAN_E,19,15820513675728183516,60.496422,60.4749107361,19116,153192,6060893219430260750
GIST,half,32,2,1,SCAN_E,20,10712815744133708220,54.433444,54.4120330811,172,1640,17430303074918329068
GIST,half,32,2,1,SCAN_E,21,3486346971057125245,54.733005,54.7056312561,26397,211440,8960657414760105658
GIST,half,32,2,1,SCAN_E,22,5004653838559619408,54.96821,54.9427528381,19492,156200,15755818672585262164
GIST,half,32,2,1,SCAN_E,23,10851237028586424301,56.662742,56.6377601624,21765,174384,7548619885067429970
GIST,half,32,2,1,SCAN_E,24,1048821632111722058,59.034468,59.0101776123,20642,165400,15602677906020214158
GIST,half,32,2,1,SCAN_E,25,13585693668991832971,48.460912,48.444190979,4997,40240,8060471171494153783
GIST,half,32,2,1,SCAN_E,26,13539082034095136927,50.096892,50.0801277161,37,560,9838144373337488345
GIST,half,32,2,1,SCAN_E,27,161217794029549079,58.690064,58.6583366394,48430,387704,10897917077796498645
GIST,half,32,2,1,SCAN_E,28,306400533752808697,51.348246,51.3264656067,38,568,15415108955034365904
GIST,half,32,2,1,SCAN_E,29,15030165245001765777,59.904339,59.8839683533,5275,42464,13081611358792727333
GIST,half,32,2,1,SCAN_E,30,14416838764258129161,58.856688,58.8401908875,3945,31824,15666152673139803166
GIST,half,32,2,1,SCAN_E,31,7995077726280952526,46.49433,46.4739532471,35,544,17738710621554888361
GIST,half,32,2,1,C_ID_E,0,13392786189952033124,61.542506,61.5212173462,29566,236792,17654899910400677031
GIST,half,32,2,1,C_ID_E,1,3085188792669438576,64.471384,64.4388809204,43556,348712,7751775623948015455
GIST,half,32,2,1,C_ID_E,2,9607284371048990950,57.395774,57.3623695374,20776,166472,17020235287267412215
GIST,half,32,2,1,C_ID_E,3,17322893638147462453,55.176882,55.1605453491,2062,16760,7116414848619904563
GIST,half,32,2,1,C_ID_E,4,9368830554395401223,60.497525,60.4550704956,101125,809264,13109810449993187880
GIST,half,32,2,1,C_ID_E,5,8419766857112927641,59.755151,59.7376327515,3420,27624,17792685588925117483
GIST,half,32,2,1,C_ID_E,6,4668807861364956970,59.199512,59.1638069153,63820,510824,10099402955953869603
GIST,half,32,2,1,C_ID_E,7,7872727791650862151,61.933357,61.9163208008,175,1664,4643210386447554668
GIST,half,32,2,1,C_ID_E,8,15783018974750835728,61.10317,61.0687675476,49929,399696,4190309505508178420
GIST,half,32,2,1,C_ID_E,9,7601489796430488175,59.726808,59.6953277588,31506,252312,1329596921172543006
GIST,half,32,2,1,C_ID_E,10,5544530460631338786,59.447656,59.4297904968,150,1464,13924800278538701120
GIST,half,32,2,1,C_ID_E,11,12325065973520304682,55.964002,55.9270095825,58591,468992,267835482051343214
GIST,half,32,2,1,C_ID_E,12,13216066866632432715,58.001141,57.9655990601,61490,492184,8239061200449829015
GIST,half,32,2,1,C_ID_E,13,1075722662635840942,62.089142,62.0562896729,40720,326024,4270533297038567303
GIST,half,32,2,1,C_ID_E,14,3185229373934033660,64.971889,64.9507217407,18207,145920,13654456654282768996
GIST,half,32,2,1,C_ID_E,15,4980500077960720760,68.650628,68.6260452271,28894,231416,17240864116231060822
GIST,half,32,2,1,C_ID_E,16,8534462434835011887,51.897511,51.8680953979,23577,188880,3778250351653536887
GIST,half,32,2,1,C_ID_E,17,2222729423292320042,67.014552,66.9872665405,30994,248216,3826611666964392027
GIST,half,32,2,1,C_ID_E,18,10765395806018310607,55.607361,55.5731506348,46194,369816,7444862595273582325
GIST,half,32,2,1,C_ID_E,19,15820513675728183516,68.865273,68.8439025879,19116,153192,6060893219430260750
GIST,half,32,2,1,C_ID_E,20,10712815744133708220,58.169355,58.150592804,172,1640,17430303074918329068
GIST,half,32,2,1,C_ID_E,21,3486346971057125245,61.506987,61.4782714844,26397,211440,8960657414760105658
GIST,half,32,2,1,C_ID_E,22,5004653838559619408,55.472949,55.4500160217,19492,156200,15755818672585262164
GIST,half,32,2,1,C_ID_E,23,10851237028586424301,56.523106,56.5006065369,21765,174384,7548619885067429970
GIST,half,32,2,1,C_ID_E,24,1048821632111722058,63.426451,63.4033584595,20642,165400,15602677906020214158
GIST,half,32,2,1,C_ID_E,25,13585693668991832971,54.533322,54.5151672363,4997,40240,8060471171494153783
GIST,half,32,2,1,C_ID_E,26,13539082034095136927,56.029889,56.0135688782,37,560,9838144373337488345
GIST,half,32,2,1,C_ID_E,27,161217794029549079,58.973881,58.9435844421,48430,387704,10897917077796498645
GIST,half,32,2,1,C_ID_E,28,306400533752808697,54.272651,54.2562866211,38,568,15415108955034365904
GIST,half,32,2,1,C_ID_E,29,15030165245001765777,65.841778,65.8233947754,5275,42464,13081611358792727333
GIST,half,32,2,1,C_ID_E,30,14416838764258129161,65.805214,65.7878723145,3945,31824,15666152673139803166
GIST,half,32,2,1,C_ID_E,31,7995077726280952526,51.373669,51.3555831909,35,544,17738710621554888361
GIST,half,32,2,1,C_MASK_E,0,13392786189952033124,49.633108,49.6089286804,29566,236792,17654899910400677031
GIST,half,32,2,1,C_MASK_E,1,3085188792669438576,51.299702,51.2654418945,43556,348712,7751775623948015455
GIST,half,32,2,1,C_MASK_E,2,9607284371048990950,45.628309,45.5992622375,20776,166472,17020235287267412215
GIST,half,32,2,1,C_MASK_E,3,17322893638147462453,43.83018,43.814655304,2062,16760,7116414848619904563
GIST,half,32,2,1,C_MASK_E,4,9368830554395401223,48.328128,48.284576416,101125,809264,13109810449993187880
GIST,half,32,2,1,C_MASK_E,5,8419766857112927641,47.370161,47.3549118042,3420,27624,17792685588925117483
GIST,half,32,2,1,C_MASK_E,6,4668807861364956970,47.065069,47.0234870911,63820,510824,10099402955953869603
GIST,half,32,2,1,C_MASK_E,7,7872727791650862151,48.782069,48.765537262,175,1664,4643210386447554668
GIST,half,32,2,1,C_MASK_E,8,15783018974750835728,48.529856,48.4933433533,49929,399696,4190309505508178420
GIST,half,32,2,1,C_MASK_E,9,7601489796430488175,47.579498,47.5527687073,31506,252312,1329596921172543006
GIST,half,32,2,1,C_MASK_E,10,5544530460631338786,47.132585,47.1122550964,150,1464,13924800278538701120
GIST,half,32,2,1,C_MASK_E,11,12325065973520304682,44.760053,44.7227210999,58591,468992,267835482051343214
GIST,half,32,2,1,C_MASK_E,12,13216066866632432715,46.218301,46.1799697876,61490,492184,8239061200449829015
GIST,half,32,2,1,C_MASK_E,13,1075722662635840942,49.316121,49.2835197449,40720,326024,4270533297038567303
GIST,half,32,2,1,C_MASK_E,14,3185229373934033660,51.305072,51.2821121216,18207,145920,13654456654282768996
GIST,half,32,2,1,C_MASK_E,15,4980500077960720760,54.325927,54.2976303101,28894,231416,17240864116231060822
GIST,half,32,2,1,C_MASK_E,16,8534462434835011887,41.58836,41.5613136292,23577,188880,3778250351653536887
GIST,half,32,2,1,C_MASK_E,17,2222729423292320042,52.771691,52.7431373596,30994,248216,3826611666964392027
GIST,half,32,2,1,C_MASK_E,18,10765395806018310607,44.224403,44.1933746338,46194,369816,7444862595273582325
GIST,half,32,2,1,C_MASK_E,19,15820513675728183516,54.388998,54.3622093201,19116,153192,6060893219430260750
GIST,half,32,2,1,C_MASK_E,20,10712815744133708220,46.358064,46.3418235779,172,1640,17430303074918329068
GIST,half,32,2,1,C_MASK_E,21,3486346971057125245,48.484646,48.4578895569,26397,211440,8960657414760105658
GIST,half,32,2,1,C_MASK_E,22,5004653838559619408,44.26769,44.2437438965,19492,156200,15755818672585262164
GIST,half,32,2,1,C_MASK_E,23,10851237028586424301,45.348863,45.325504303,21765,174384,7548619885067429970
GIST,half,32,2,1,C_MASK_E,24,1048821632111722058,50.659147,50.6364784241,20642,165400,15602677906020214158
GIST,half,32,2,1,C_MASK_E,25,13585693668991832971,43.17685,43.1574707031,4997,40240,8060471171494153783
GIST,half,32,2,1,C_MASK_E,26,13539082034095136927,44.125624,44.1104621887,37,560,9838144373337488345
GIST,half,32,2,1,C_MASK_E,27,161217794029549079,47.384156,47.3449287415,48430,387704,10897917077796498645
GIST,half,32,2,1,C_MASK_E,28,306400533752808697,42.880733,42.8603210449,38,568,15415108955034365904
GIST,half,32,2,1,C_MASK_E,29,15030165245001765777,51.755321,51.7336006165,5275,42464,13081611358792727333
GIST,half,32,2,1,C_MASK_E,30,14416838764258129161,51.951675,51.9290542603,3945,31824,15666152673139803166
GIST,half,32,2,1,C_MASK_E,31,7995077726280952526,40.804499,40.7908172607,35,544,17738710621554888361
GIST,half,32,2,1,C_TASK_E,0,13392786189952033124,49.349552,49.3274230957,29566,236792,17654899910400677031
GIST,half,32,2,1,C_TASK_E,1,3085188792669438576,50.95603,50.9217262268,43556,348712,7751775623948015455
GIST,half,32,2,1,C_TASK_E,2,9607284371048990950,45.544048,45.5182418823,20776,166472,17020235287267412215
GIST,half,32,2,1,C_TASK_E,3,17322893638147462453,43.659195,43.6358070374,2062,16760,7116414848619904563
GIST,half,32,2,1,C_TASK_E,4,9368830554395401223,47.853194,47.8011856079,101125,809264,13109810449993187880
GIST,half,32,2,1,C_TASK_E,5,8419766857112927641,47.174923,47.153087616,3420,27624,17792685588925117483
GIST,half,32,2,1,C_TASK_E,6,4668807861364956970,46.868454,46.8209266663,63820,510824,10099402955953869603
GIST,half,32,2,1,C_TASK_E,7,7872727791650862151,48.495252,48.4785919189,175,1664,4643210386447554668
GIST,half,32,2,1,C_TASK_E,8,15783018974750835728,48.389507,48.3526725769,49929,399696,4190309505508178420
GIST,half,32,2,1,C_TASK_E,9,7601489796430488175,47.40516,47.3729286194,31506,252312,1329596921172543006
GIST,half,32,2,1,C_TASK_E,10,5544530460631338786,46.952098,46.9300498962,150,1464,13924800278538701120
GIST,half,32,2,1,C_TASK_E,11,12325065973520304682,44.505585,44.4676818848,58591,468992,267835482051343214
GIST,half,32,2,1,C_TASK_E,12,13216066866632432715,45.980138,45.9371528625,61490,492184,8239061200449829015
GIST,half,32,2,1,C_TASK_E,13,1075722662635840942,49.085183,49.0470085144,40720,326024,4270533297038567303
GIST,half,32,2,1,C_TASK_E,14,3185229373934033660,51.124264,51.0991363525,18207,145920,13654456654282768996
GIST,half,32,2,1,C_TASK_E,15,4980500077960720760,54.003822,53.9772148132,28894,231416,17240864116231060822
GIST,half,32,2,1,C_TASK_E,16,8534462434835011887,41.555366,41.5236816406,23577,188880,3778250351653536887
GIST,half,32,2,1,C_TASK_E,17,2222729423292320042,52.492018,52.4584655762,30994,248216,3826611666964392027
GIST,half,32,2,1,C_TASK_E,18,10765395806018310607,44.144933,44.112575531,46194,369816,7444862595273582325
GIST,half,32,2,1,C_TASK_E,19,15820513675728183516,54.15434,54.1304969788,19116,153192,6060893219430260750
GIST,half,32,2,1,C_TASK_E,20,10712815744133708220,46.130537,46.1126098633,172,1640,17430303074918329068
GIST,half,32,2,1,C_TASK_E,21,3486346971057125245,48.350308,48.3190078735,26397,211440,8960657414760105658
GIST,half,32,2,1,C_TASK_E,22,5004653838559619408,44.183562,44.1575698853,19492,156200,15755818672585262164
GIST,half,32,2,1,C_TASK_E,23,10851237028586424301,45.116008,45.0928001404,21765,174384,7548619885067429970
GIST,half,32,2,1,C_TASK_E,24,1048821632111722058,50.561704,50.5362243652,20642,165400,15602677906020214158
GIST,half,32,2,1,C_TASK_E,25,13585693668991832971,43.009742,42.9878387451,4997,40240,8060471171494153783
GIST,half,32,2,1,C_TASK_E,26,13539082034095136927,43.960602,43.944065094,37,560,9838144373337488345
GIST,half,32,2,1,C_TASK_E,27,161217794029549079,47.350233,47.3143997192,48430,387704,10897917077796498645
GIST,half,32,2,1,C_TASK_E,28,306400533752808697,42.702397,42.6847038269,38,568,15415108955034365904
GIST,half,32,2,1,C_TASK_E,29,15030165245001765777,51.87213,51.8463363647,5275,42464,13081611358792727333
GIST,half,32,2,1,C_TASK_E,30,14416838764258129161,51.64899,51.6314239502,3945,31824,15666152673139803166
GIST,half,32,2,1,C_TASK_E,31,7995077726280952526,40.727396,40.7057266235,35,544,17738710621554888361
GIST,half,8,2,2,SCAN_L,127,15208757093895910829,44.700064,44.6825294495,11,160,1809397944155681048
GIST,half,8,2,2,SCAN_L,126,12657858335344656681,44.701201,44.6845741272,8,136,4387400323091133037
GIST,half,8,2,2,SCAN_L,125,3028236243262219857,44.69989,44.6778564453,8,136,425355140008332221
GIST,half,8,2,2,SCAN_L,124,8609683818349710292,44.700547,44.6807670593,8,136,13168834338195935582
GIST,half,8,2,2,SCAN_L,123,11214984481703275179,44.701111,44.6822738647,1639,13184,17297314433685050926
GIST,half,8,2,2,SCAN_L,122,2263849957397490031,44.700645,44.6800308228,2287,18368,8165417142188033165
GIST,half,8,2,2,SCAN_L,121,18044578509838911779,44.702701,44.679649353,10,152,7928744672891195179
GIST,half,8,2,2,SCAN_L,120,5458740354294272417,44.698985,44.6786575317,9,144,7848134651590039281
GIST,half,8,2,2,SCAN_L,119,5858457743813147244,44.700123,44.6808319092,396,3240,8827444684336327481
GIST,half,8,2,2,SCAN_L,118,16469490972111288920,44.701212,44.6798706055,4028,32296,883241890903009633
GIST,half,8,2,2,SCAN_L,117,1006711879274558233,44.699425,44.6800956726,841,6800,11321619877609521957
GIST,half,8,2,2,SCAN_L,116,476149813655704091,44.700444,44.6797447205,10,152,8858849561569991435
GIST,half,8,2,2,SCAN_L,115,7649011970154020997,44.698942,44.6794548035,9,144,3206729205558378233
GIST,half,8,2,2,SCAN_L,114,10648647139011189564,44.701305,44.6783676147,12,168,6772672195218087492
GIST,half,8,2,2,SCAN_L,113,10535780349197406948,44.698936,44.682144165,8,136,14415464039087190790
GIST,half,8,2,2,SCAN_L,112,10135745837711897539,44.701092,44.6793289185,9,144,27334712204462216
GIST,half,8,2,2,SCAN_L,111,3665995180310526364,44.707774,44.6793937683,41478,331896,5661520465715040291
GIST,half,8,2,2,SCAN_L,110,10127478537340186675,44.700944,44.6795196533,10,152,1358658317263378375
GIST,half,8,2,2,SCAN_L,109,17603205654855495503,44.70365,44.6801605225,6920,55432,4734971902105951802
GIST,half,8,2,2,SCAN_L,108,5137605947089590316,44.69994,44.6804161072,22,248,8744501858676181288
GIST,half,8,2,2,SCAN_L,107,12753255321128375907,44.70104,44.6779823303,11,160,3736671290085159878
GIST,half,8,2,2,SCAN_L,106,7862389240255096405,44.700606,44.6784973145,8,136,4454845205277636153
GIST,half,8,2,2,SCAN_L,105,3382835124390735773,44.701554,44.6815376282,10,152,1633465981209507262
GIST,half,8,2,2,SCAN_L,104,6318150018815276835,44.701412,44.6802558899,8,136,6252710342366139043
GIST,half,8,2,2,SCAN_L,103,3358090661935181962,44.700711,44.6799697876,10,152,206827504788997805
GIST,half,8,2,2,SCAN_L,102,5023834620232924699,44.69961,44.6800308228,9,144,4345061276902095567
GIST,half,8,2,2,SCAN_L,101,463556152314022137,44.699768,44.679233551,9,144,17739438941913720152
GIST,half,8,2,2,SCAN_L,100,416867533671327684,44.702424,44.6805763245,4969,39824,18199109054269478174
GIST,half,8,2,2,SCAN_L,99,11723484149300992671,44.700541,44.6819534302,2311,18560,15885591392866052173
GIST,half,8,2,2,SCAN_L,98,1083222351448503346,44.700165,44.6784629822,30,312,14811157689777586302
GIST,half,8,2,2,SCAN_L,97,11331694305099227241,44.702029,44.6783676147,5629,45104,17435282213467792387
GIST,half,8,2,2,SCAN_L,96,13118478308687119329,44.704797,44.6820144653,12672,101448,12414488981634579085
GIST,half,8,2,2,SCAN_L,95,13797457395031324342,44.701934,44.6779518127,4312,34568,8681946398460365715
GIST,half,8,2,2,SCAN_L,94,12966259267171903563,44.699983,44.6813774109,9,144,16525753693329126445
GIST,half,8,2,2,SCAN_L,93,15824146815298812297,44.699741,44.6804466248,785,6352,16848583768543088517
GIST,half,8,2,2,SCAN_L,92,7858987711662060174,44.704059,44.6833610535,16659,133344,18141791887973734438
GIST,half,8,2,2,SCAN_L,91,13351219280779986121,44.700979,44.6800956726,91,800,7129016086556790661
GIST,half,8,2,2,SCAN_L,90,1487146102952406162,44.699346,44.6800003052,9,144,11675729656657864315
GIST,half,8,2,2,SCAN_L,89,17243398098289356237,44.707172,44.6817588806,19381,155120,11341570227103404206
GIST,half,8,2,2,SCAN_L,88,17392447945923308625,44.698174,44.680065155,11,160,16812603617364686395
GIST,half,8,2,2,SCAN_L,87,8534974539240644349,44.709512,44.6812171936,22710,181752,7440715000576488328
GIST,half,8,2,2,SCAN_L,86,6470508332142331894,44.7003,44.6814727783,3669,29424,3528509250306175135
GIST,half,8,2,2,SCAN_L,85,10946770602578419956,44.6976,44.6794891357,8,136,1403974257677289190
GIST,half,8,2,2,SCAN_L,84,10344073526508897281,44.700259,44.6826553345,10,152,12307297875457737052
GIST,half,8,2,2,SCAN_L,83,8711237166219394419,44.700062,44.6775665283,16,200,1159450716902794998
GIST,half,8,2,2,SCAN_L,82,17380680694385638840,44.698824,44.680480957,10,152,17099624996036497700
GIST,half,8,2,2,SCAN_L,81,4578548255021645869,44.699528,44.6807022095,8,136,7309366345031128353
GIST,half,8,2,2,SCAN_L,80,8425382104893835461,44.700908,44.6799697876,138,1176,4615018082655609248
GIST,half,8,2,2,SCAN_L,79,17525024244829704515,44.706773,44.67811203,17953,143696,8782034102419046715
GIST,half,8,2,2,SCAN_L,78,384590151492374026,44.700995,44.6799049377,1145,9232,6824037880318392156
GIST,half,8,2,2,SCAN_L,77,13772194458325883781,44.698824,44.679775238,8,136,3119058093217859169
GIST,half,8,2,2,SCAN_L,76,6121457899850640239,44.700037,44.6803512573,10,152,10439922783850878615
GIST,half,8,2,2,SCAN_L,75,10629383663104694533,44.702245,44.6793937683,8,136,1959805352102410517
GIST,half,8,2,2,SCAN_L,74,17416559791252488439,44.706471,44.6808013916,15885,127152,9191986637692184623
GIST,half,8,2,2,SCAN_L,73,6275675870158489986,44.711473,44.6838417053,30287,242368,3965206015652614730
GIST,half,8,2,2,SCAN_L,72,2775573294919263248,44.698921,44.6795196533,14,184,2008831888728120970
GIST,half,8,2,2,SCAN_L,71,2653643927898021331,44.700267,44.681438446,8,136,6674983760768613763
GIST,half,8,2,2,SCAN_L,70,7125887616712792012,44.70476,44.6797103882,30939,247584,2578173215488215435
GIST,half,8,2,2,SCAN_L,69,16370389120603384840,44.701205,44.6798095703,39,384,8893900566493377500
GIST,half,8,2,2,SCAN_L,68,17584159069416176766,44.699635,44.6797447205,8,136,14994419951185837632
GIST,half,8,2,2,SCAN_L,67,9413171363946879688,44.701116,44.6805763245,10,152,16410576142550180761
GIST,half,8,2,2,SCAN_L,66,6567103049086711526,44.700011,44.6804466248,9,144,2120391718945614396
GIST,half,8,2,2,SCAN_L,65,16264934943434005963,44.708501,44.6795845032,23549,188464,1717894044534139949
GIST,half,8,2,2,SCAN_L,64,12923444094630896693,44.701582,44.6807670593,9,144,10890240329654538100
GIST,half,8,2,2,SCAN_L,63,9575871338223549139,44.698832,44.6777915955,782,6328,14236409939300756135
GIST,half,8,2,2,SCAN_L,62,8560399019494154138,44.699935,44.6781768799,16,200,10995028448307505731
GIST,half,8,2,2,SCAN_L,61,2620909581344322254,44.700151,44.6802864075,159,1344,18016158801479111709
GIST,half,8,2,2,SCAN_L,60,2761207983275075740,44.706401,44.6806411743,27937,223568,8219627611328849196
GIST,half,8,2,2,SCAN_L,59,1580871052154375482,44.702364,44.6814727783,10,152,10996509777332881202
GIST,half,8,2,2,SCAN_L,58,9268774494751827706,44.700288,44.6802558899,9,144,2940493626614828053
GIST,half,8,2,2,SCAN_L,57,9021717632597148908,44.702268,44.6799697876,7688,61576,16146242436575770571
GIST,half,8,2,2,SCAN_L,56,13083263465047869035,44.703056,44.6814079285,10500,84072,6126299974183225491
GIST,half,8,2,2,SCAN_L,55,2573792055271618832,44.704637,44.6783027649,13053,104496,3700418904193080229
GIST,half,8,2,2,SCAN_L,54,12485651515614408301,44.708264,44.6815986633,27648,221256,13982227894810710128
GIST,half,8,2,2,SCAN_L,53,1181170520412032450,44.700343,44.6794891357,8,136,15161611065330365500
GIST,half,8,2,2,SCAN_L,52,10782300321295982446,44.699793,44.6782417297,11,160,2262457125570541601
GIST,half,8,2,2,SCAN_L,51,1321970314038155003,44.700631,44.6795845032,9,144,1725180568680233592
GIST,half,8,2,2,SCAN_L,50,2593988135360058460,44.714415,44.6841926575,49566,396600,10688624242403767082
GIST,half,8,2,2,SCAN_L,49,15716071042978413762,44.70014,44.6802558899,1785,14352,16881791907273901609
GIST,half,8,2,2,SCAN_L,48,8248488942050825693,44.702874,44.681854248,10130,81112,4850681651806503319
GIST,half,8,2,2,SCAN_L,47,197228195401547247,44.71085,44.6812782288,29946,239640,3603301588478779561
GIST,half,8,2,2,SCAN_L,46,4808905104634366418,44.699895,44.681312561,9,144,14613523175337427617
GIST,half,8,2,2,SCAN_L,45,10634279939165845196,44.699116,44.6826553345,11,160,13746219426551555317
GIST,half,8,2,2,SCAN_L,44,2657517881292301308,44.709206,44.6814079285,28625,229072,14362931499080891524
GIST,half,8,2,2,SCAN_L,43,3580392345773888933,44.700086,44.679649353,11,160,7130942906748589245
GIST,half,8,2,2,SCAN_L,42,16130457613556805909,44.700124,44.6774406433,10,152,1351820667773349880
GIST,half,8,2,2,SCAN_L,41,15735649071512523416,44.699923,44.6812782288,11,160,6439908275319918567
GIST,half,8,2,2,SCAN_L,40,523521015842037129,44.698427,44.6795501709,118,1016,14906896884422937853
GIST,half,8,2,2,SCAN_L,39,5134469820061381952,44.701416,44.6800956726,173,1456,11882963430235204481
GIST,half,8,2,2,SCAN_L,38,13700905950939581536,44.700596,44.6798400879,9,144,10212566950510398326
GIST,half,8,2,2,SCAN_L,37,7931106857473092034,44.69968,44.6782417297,1642,13208,4836914976961728650
GIST,half,8,2,2,SCAN_L,36,5862842069398405510,44.710343,44.6827850342,29682,237528,719140743100350364
GIST,half,8,2,2,SCAN_L,35,7182522047579593487,44.700629,44.6795845032,12,168,13084839061348052764
GIST,half,8,2,2,SCAN_L,34,11193354026380747684,44.708316,44.6830062866,18718,149816,10323070077910272027
GIST,half,8,2,2,SCAN_L,33,17951213273852593361,44.699841,44.6815681458,8,136,7118776530039946925
GIST,half,8,2,2,SCAN_L,32,1018801991084754777,44.712321,44.683807373,31191,249600,4139212840337583677
GIST,half,8,2,2,SCAN_L,31,16717924179856591400,44.700309,44.6800003052,98,856,12253136263172607446
GIST,half,8,2,2,SCAN_L,30,12630940382236276606,44.698423,44.6800003052,15,192,3888228134973069709
GIST,half,8,2,2,SCAN_L,29,7111803339956803225,44.700427,44.6824951172,9,144,11080742569331125641
GIST,half,8,2,2,SCAN_L,28,9719453371904557375,44.698778,44.6803855896,53,496,4295370152413759317
GIST,half,8,2,2,SCAN_L,27,14732108746546988498,44.712611,44.6835517883,31256,250120,10640609347284222608
GIST,half,8,2,2,SCAN_L,26,18398409255790635840,44.699187,44.6794242859,8,136,16965475016388596626
GIST,half,8,2,2,SCAN_L,25,15312881684633933655,44.712189,44.6814727783,32548,260456,16202494671275670828
GIST,half,8,2,2,SCAN_L,24,14343238801608074176,44.691517,44.6770553589,8,136,335641030610087762
GIST,half,8,2,2,SCAN_L,23,3351983320614235452,44.700871,44.6795196533,8,136,10795653417440584118
GIST,half,8,2,2,SCAN_L,22,9583610160574751482,44.697606,44.6794548035,104,904,17584774084035178489
GIST,half,8,2,2,SCAN_L,21,2715171980480150680,44.699966,44.6824302673,3295,26432,4697067458263101281
GIST,half,8,2,2,SCAN_L,20,13580243989274015108,44.701389,44.678527832,13,176,12167542613742431786
GIST,half,8,2,2,SCAN_L,19,4844542844294841975,44.709327,44.6803512573,27119,217024,3036884596305404821
GIST,half,8,2,2,SCAN_L,18,3071783437712951460,44.7018,44.680896759,9,144,4097877200455553912
GIST,half,8,2,2,SCAN_L,17,9906517406195203870,44.717461,44.6801605225,28764,230184,13893008974686436000
GIST,half,8,2,2,SCAN_L,16,3537798568722033093,44.723494,44.6884498596,45233,361936,10934986133749753810
GIST,half,8,2,2,SCAN_L,15,5936729861741803939,44.702762,44.680480957,1825,14672,4523878408681453459
GIST,half,8,2,2,SCAN_L,14,18369275761964115190,44.701037,44.6823692322,8,136,17294034751593305288
GIST,half,8,2,2,SCAN_L,13,12716887085642250387,44.701576,44.6822738647,10,152,5751298164538243026
GIST,half,8,2,2,SCAN_L,12,17460078167775218888,44.694912,44.6785926819,219,1824,12113822531377232237
GIST,half,8,2,2,SCAN_L,11,407413494807729236,44.712798,44.6818237305,20742,166008,748099361995206288
GIST,half,8,2,2,SCAN_L,10,16634692065747566502,44.704198,44.6806411743,9,144,13324388130527482689
GIST,half,8,2,2,SCAN_L,9,4680770526928094267,44.703985,44.6829109192,9,144,6185833218944131429
GIST,half,8,2,2,SCAN_L,8,3722915141321120792,44.702251,44.6810569763,16,200,17247831106653997488
GIST,half,8,2,2,SCAN_L,7,7966444742523137199,44.700832,44.6789741516,9,144,294158670510647467
GIST,half,8,2,2,SCAN_L,6,13750152615788058147,44.700091,44.6780815125,367,3008,8703337812097627909
GIST,half,8,2,2,SCAN_L,5,15746877753817476956,44.710104,44.680606842,25267,202208,5187200889313214686
GIST,half,8,2,2,SCAN_L,4,6813717409520896539,44.706579,44.6821136475,17913,143376,10240984302992681904
GIST,half,8,2,2,SCAN_L,3,17912368726981257746,44.709993,44.6807022095,22934,183544,3513084467399214196
GIST,half,8,2,2,SCAN_L,2,12949723088018134982,44.703272,44.681438446,12,168,17798676870000866351
GIST,half,8,2,2,SCAN_L,1,5277735151802382403,44.704929,44.6814079285,5815,46592,12495090360753926488
GIST,half,8,2,2,SCAN_L,0,14628893485838184760,44.705809,44.681854248,805,6512,12049670356140927271
GIST,half,8,2,2,C_ID_L,127,15208757093895910829,40.24644,40.2300796509,11,160,1809397944155681048
GIST,half,8,2,2,C_ID_L,126,12657858335344656681,35.636242,35.6208953857,8,136,4387400323091133037
GIST,half,8,2,2,C_ID_L,125,3028236243262219857,38.487459,38.4726409912,8,136,425355140008332221
GIST,half,8,2,2,C_ID_L,124,8609683818349710292,40.324924,40.3094062805,8,136,13168834338195935582
GIST,half,8,2,2,C_ID_L,123,11214984481703275179,39.663532,39.6474571228,1639,13184,17297314433685050926
GIST,half,8,2,2,C_ID_L,122,2263849957397490031,40.401234,40.3842887878,2287,18368,8165417142188033165
GIST,half,8,2,2,C_ID_L,121,18044578509838911779,39.656876,39.6401901245,10,152,7928744672891195179
GIST,half,8,2,2,C_ID_L,120,5458740354294272417,43.352672,43.3290863037,9,144,7848134651590039281
GIST,half,8,2,2,C_ID_L,119,5858457743813147244,42.590816,42.5670089722,396,3240,8827444684336327481
GIST,half,8,2,2,C_ID_L,118,16469490972111288920,33.212659,33.1959991455,4028,32296,883241890903009633
GIST,half,8,2,2,C_ID_L,117,1006711879274558233,42.760897,42.7407341003,841,6800,11321619877609521957
GIST,half,8,2,2,C_ID_L,116,476149813655704091,41.421231,41.4002876282,10,152,8858849561569991435
GIST,half,8,2,2,C_ID_L,115,7649011970154020997,42.635317,42.6189422607,9,144,3206729205558378233
GIST,half,8,2,2,C_ID_L,114,10648647139011189564,36.77968,36.7629127502,12,168,6772672195218087492
GIST,half,8,2,2,C_ID_L,113,10535780349197406948,34.973742,34.9577598572,8,136,14415464039087190790
GIST,half,8,2,2,C_ID_L,112,10135745837711897539,35.012964,34.9960327148,9,144,27334712204462216
GIST,half,8,2,2,C_ID_L,111,3665995180310526364,37.917168,37.8891830444,41478,331896,5661520465715040291
GIST,half,8,2,2,C_ID_L,110,10127478537340186675,35.639543,35.6222724915,10,152,1358658317263378375
GIST,half,8,2,2,C_ID_L,109,17603205654855495503,33.221204,33.2008018494,6920,55432,4734971902105951802
GIST,half,8,2,2,C_ID_L,108,5137605947089590316,39.662376,39.6461448669,22,248,8744501858676181288
GIST,half,8,2,2,C_ID_L,107,12753255321128375907,40.916736,40.901184082,11,160,3736671290085159878
GIST,half,8,2,2,C_ID_L,106,7862389240255096405,43.262447,43.2437133789,8,136,4454845205277636153
GIST,half,8,2,2,C_ID_L,105,3382835124390735773,34.390638,34.3677101135,10,152,1633465981209507262
GIST,half,8,2,2,C_ID_L,104,6318150018815276835,39.662999,39.6434898376,8,136,6252710342366139043
GIST,half,8,2,2,C_ID_L,103,3358090661935181962,44.348553,44.3303375244,10,152,206827504788997805
GIST,half,8,2,2,C_ID_L,102,5023834620232924699,39.817543,39.8014717102,9,144,4345061276902095567
GIST,half,8,2,2,C_ID_L,101,463556152314022137,37.540386,37.5262413025,9,144,17739438941913720152
GIST,half,8,2,2,C_ID_L,100,416867533671327684,38.646895,38.6256942749,4969,39824,18199109054269478174
GIST,half,8,2,2,C_ID_L,99,11723484149300992671,42.590115,42.57289505,2311,18560,15885591392866052173
GIST,half,8,2,2,C_ID_L,98,1083222351448503346,38.533152,38.5195198059,30,312,14811157689777586302
GIST,half,8,2,2,C_ID_L,97,11331694305099227241,34.982249,34.9625930786,5629,45104,17435282213467792387
GIST,half,8,2,2,C_ID_L,96,13118478308687119329,34.39436,34.3715858459,12672,101448,12414488981634579085
GIST,half,8,2,2,C_ID_L,95,13797457395031324342,42.01141,41.9941444397,4312,34568,8681946398460365715
GIST,half,8,2,2,C_ID_L,94,12966259267171903563,36.141724,36.1260147095,9,144,16525753693329126445
GIST,half,8,2,2,C_ID_L,93,15824146815298812297,40.834153,40.8173751831,785,6352,16848583768543088517
GIST,half,8,2,2,C_ID_L,92,7858987711662060174,28.07428,28.0519351959,16659,133344,18141791887973734438
GIST,half,8,2,2,C_ID_L,91,13351219280779986121,31.468926,31.4458560944,91,800,7129016086556790661
GIST,half,8,2,2,C_ID_L,90,1487146102952406162,40.910792,40.8929901123,9,144,11675729656657864315
GIST,half,8,2,2,C_ID_L,89,17243398098289356237,41.421171,41.3963508606,19381,155120,11341570227103404206
GIST,half,8,2,2,C_ID_L,88,17392447945923308625,30.291011,30.2765445709,11,160,16812603617364686395
GIST,half,8,2,2,C_ID_L,87,8534974539240644349,38.552318,38.5224647522,22710,181752,7440715000576488328
GIST,half,8,2,2,C_ID_L,86,6470508332142331894,43.168706,43.1517105103,3669,29424,3528509250306175135
GIST,half,8,2,2,C_ID_L,85,10946770602578419956,40.831774,40.8157424927,8,136,1403974257677289190
GIST,half,8,2,2,C_ID_L,84,10344073526508897281,42.005258,41.986656189,10,152,12307297875457737052
GIST,half,8,2,2,C_ID_L,83,8711237166219394419,36.285917,36.2682571411,16,200,1159450716902794998
GIST,half,8,2,2,C_ID_L,82,17380680694385638840,38.240969,38.2215042114,10,152,17099624996036497700
GIST,half,8,2,2,C_ID_L,81,4578548255021645869,37.317785,37.3000946045,8,136,7309366345031128353
GIST,half,8,2,2,C_ID_L,80,8425382104893835461,40.979687,40.9616622925,138,1176,4615018082655609248
GIST,half,8,2,2,C_ID_L,79,17525024244829704515,38.569464,38.5445747375,17953,143696,8782034102419046715
GIST,half,8,2,2,C_ID_L,78,384590151492374026,40.253307,40.2325134277,1145,9232,6824037880318392156
GIST,half,8,2,2,C_ID_L,77,13772194458325883781,42.09589,42.0801277161,8,136,3119058093217859169
GIST,half,8,2,2,C_ID_L,76,6121457899850640239,43.816967,43.7950706482,10,152,10439922783850878615
GIST,half,8,2,2,C_ID_L,75,10629383663104694533,33.341662,33.3253746033,8,136,1959805352102410517
GIST,half,8,2,2,C_ID_L,74,17416559791252488439,42.596121,42.5730895996,15885,127152,9191986637692184623
GIST,half,8,2,2,C_ID_L,73,6275675870158489986,33.821053,33.7855987549,30287,242368,3965206015652614730
GIST,half,8,2,2,C_ID_L,72,2775573294919263248,41.414964,41.3972473145,14,184,2008831888728120970
GIST,half,8,2,2,C_ID_L,71,2653643927898021331,39.824324,39.8060493469,8,136,6674983760768613763
GIST,half,8,2,2,C_ID_L,70,7125887616712792012,40.26751,40.2327041626,30939,247584,2578173215488215435
GIST,half,8,2,2,C_ID_L,69,16370389120603384840,41.997602,41.9797439575,39,384,8893900566493377500
GIST,half,8,2,2,C_ID_L,68,17584159069416176766,43.176094,43.1553916931,8,136,14994419951185837632
GIST,half,8,2,2,C_ID_L,67,9413171363946879688,37.402394,37.3812789917,10,152,16410576142550180761
GIST,half,8,2,2,C_ID_L,66,6567103049086711526,25.943703,25.9192314148,9,144,2120391718945614396
GIST,half,8,2,2,C_ID_L,65,16264934943434005963,39.380306,39.3475189209,23549,188464,1717894044534139949
GIST,half,8,2,2,C_ID_L,64,12923444094630896693,33.226535,33.2039985657,9,144,10890240329654538100
GIST,half,8,2,2,C_ID_L,63,9575871338223549139,42.590734,42.5715827942,782,6328,14236409939300756135
GIST,half,8,2,2,C_ID_L,62,8560399019494154138,43.265613,43.2466545105,16,200,10995028448307505731
GIST,half,8,2,2,C_ID_L,61,2620909581344322254,43.758744,43.7389755249,159,1344,18016158801479111709
GIST,half,8,2,2,C_ID_L,60,2761207983275075740,36.825868,36.7961921692,27937,223568,8219627611328849196
GIST,half,8,2,2,C_ID_L,59,1580871052154375482,38.483188,38.4655036926,10,152,10996509777332881202
GIST,half,8,2,2,C_ID_L,58,9268774494751827706,39.664635,39.6493759155,9,144,2940493626614828053
GIST,half,8,2,2,C_ID_L,57,9021717632597148908,34.456746,34.439201355,7688,61576,16146242436575770571
GIST,half,8,2,2,C_ID_L,56,13083263465047869035,37.909802,37.8877754211,10500,84072,6126299974183225491
GIST,half,8,2,2,C_ID_L,55,2573792055271618832,34.447715,34.428478241,13053,104496,3700418904193080229
GIST,half,8,2,2,C_ID_L,54,12485651515614408301,41.504352,41.4744644165,27648,221256,13982227894810710128
GIST,half,8,2,2,C_ID_L,53,1181170520412032450,42.001652,41.9868164062,8,136,15161611065330365500
GIST,half,8,2,2,C_ID_L,52,10782300321295982446,41.420948,41.399936676,11,160,2262457125570541601
GIST,half,8,2,2,C_ID_L,51,1321970314038155003,33.803262,33.7876167297,9,144,1725180568680233592
GIST,half,8,2,2,C_ID_L,50,2593988135360058460,27.967477,27.9318084717,49566,396600,10688624242403767082
GIST,half,8,2,2,C_ID_L,49,15716071042978413762,41.468345,41.446144104,1785,14352,16881791907273901609
GIST,half,8,2,2,C_ID_L,48,8248488942050825693,40.256149,40.2334403992,10130,81112,4850681651806503319
GIST,half,8,2,2,C_ID_L,47,197228195401547247,36.223541,36.1974411011,29946,239640,3603301588478779561
GIST,half,8,2,2,C_ID_L,46,4808905104634366418,42.58718,42.5651855469,9,144,14613523175337427617
GIST,half,8,2,2,C_ID_L,45,10634279939165845196,39.073954,39.0595207214,11,160,13746219426551555317
GIST,half,8,2,2,C_ID_L,44,2657517881292301308,34.402432,34.3715858459,28625,229072,14362931499080891524
GIST,half,8,2,2,C_ID_L,43,3580392345773888933,39.114635,39.0989112854,11,160,7130942906748589245
GIST,half,8,2,2,C_ID_L,42,16130457613556805909,37.979139,37.9635848999,10,152,1351820667773349880
GIST,half,8,2,2,C_ID_L,41,15735649071512523416,43.176695,43.1568946838,11,160,6439908275319918567
GIST,half,8,2,2,C_ID_L,40,523521015842037129,36.727814,36.7136955261,118,1016,14906896884422937853
GIST,half,8,2,2,C_ID_L,39,5134469820061381952,40.916374,40.8992004395,173,1456,11882963430235204481
GIST,half,8,2,2,C_ID_L,38,13700905950939581536,33.814263,33.7914886475,9,144,10212566950510398326
GIST,half,8,2,2,C_ID_L,37,7931106857473092034,39.65017,39.6363525391,1642,13208,4836914976961728650
GIST,half,8,2,2,C_ID_L,36,5862842069398405510,41.507361,41.4816017151,29682,237528,719140743100350364
GIST,half,8,2,2,C_ID_L,35,7182522047579593487,37.895685,37.8819503784,12,168,13084839061348052764
GIST,half,8,2,2,C_ID_L,34,11193354026380747684,40.910972,40.8860473633,18718,149816,10323070077910272027
GIST,half,8,2,2,C_ID_L,33,17951213273852593361,35.644458,35.6280326843,8,136,7118776530039946925
GIST,half,8,2,2,C_ID_L,32,1018801991084754777,39.235166,39.2089920044,31191,249600,4139212840337583677
GIST,half,8,2,2,C_ID_L,31,16717924179856591400,36.737487,36.7155189514,98,856,12253136263172607446
GIST,half,8,2,2,C_ID_L,30,12630940382236276606,42.071528,42.0537261963,15,192,3888228134973069709
GIST,half,8,2,2,C_ID_L,29,7111803339956803225,40.883187,40.8681297302,9,144,11080742569331125641
GIST,half,8,2,2,C_ID_L,28,9719453371904557375,40.829629,40.811870575,53,496,4295370152413759317
GIST,half,8,2,2,C_ID_L,27,14732108746546988498,34.39937,34.3712654114,31256,250120,10640609347284222608
GIST,half,8,2,2,C_ID_L,26,18398409255790635840,37.969469,37.9550094604,8,136,16965475016388596626
GIST,half,8,2,2,C_ID_L,25,15312881684633933655,41.420383,41.3904953003,32548,260456,16202494671275670828
GIST,half,8,2,2,C_ID_L,24,14343238801608074176,36.234065,36.2186889648,8,136,335641030610087762
GIST,half,8,2,2,C_ID_L,23,3351983320614235452,40.829067,40.8092155457,8,136,10795653417440584118
GIST,half,8,2,2,C_ID_L,22,9583610160574751482,39.66649,39.6508789062,104,904,17584774084035178489
GIST,half,8,2,2,C_ID_L,21,2715171980480150680,43.177277,43.1615371704,3295,26432,4697067458263101281
GIST,half,8,2,2,C_ID_L,20,13580243989274015108,35.55894,35.5412483215,13,176,12167542613742431786
GIST,half,8,2,2,C_ID_L,19,4844542844294841975,36.73638,36.7115516663,27119,217024,3036884596305404821
GIST,half,8,2,2,C_ID_L,18,3071783437712951460,28.015961,28.0006713867,9,144,4097877200455553912
GIST,half,8,2,2,C_ID_L,17,9906517406195203870,40.312116,40.2825927734,28764,230184,13893008974686436000
GIST,half,8,2,2,C_ID_L,16,3537798568722033093,41.480204,41.4463348389,45233,361936,10934986133749753810
GIST,half,8,2,2,C_ID_L,15,5936729861741803939,38.643363,38.6278381348,1825,14672,4523878408681453459
GIST,half,8,2,2,C_ID_L,14,18369275761964115190,34.968244,34.9508476257,8,136,17294034751593305288
GIST,half,8,2,2,C_ID_L,13,12716887085642250387,37.895828,37.8805770874,10,152,5751298164538243026
GIST,half,8,2,2,C_ID_L,12,17460078167775218888,36.72873,36.713054657,219,1824,12113822531377232237
GIST,half,8,2,2,C_ID_L,11,407413494807729236,34.987498,34.9621429443,20742,166008,748099361995206288
GIST,half,8,2,2,C_ID_L,10,16634692065747566502,26.88123,26.866815567,9,144,13324388130527482689
GIST,half,8,2,2,C_ID_L,9,4680770526928094267,38.486903,38.4713592529,9,144,6185833218944131429
GIST,half,8,2,2,C_ID_L,8,3722915141321120792,38.492791,38.4779853821,16,200,17247831106653997488
GIST,half,8,2,2,C_ID_L,7,7966444742523137199,29.119389,29.0961914062,9,144,294158670510647467
GIST,half,8,2,2,C_ID_L,6,13750152615788058147,40.240616,40.226398468,367,3008,8703337812097627909
GIST,half,8,2,2,C_ID_L,5,15746877753817476956,40.326346,40.3000640869,25267,202208,5187200889313214686
GIST,half,8,2,2,C_ID_L,4,6813717409520896539,42.004499,41.9822387695,17913,143376,10240984302992681904
GIST,half,8,2,2,C_ID_L,3,17912368726981257746,34.399814,34.3692474365,22934,183544,3513084467399214196
GIST,half,8,2,2,C_ID_L,2,12949723088018134982,43.168589,43.1532173157,12,168,17798676870000866351
GIST,half,8,2,2,C_ID_L,1,5277735151802382403,40.832495,40.8100471497,5815,46592,12495090360753926488
GIST,half,8,2,2,C_ID_L,0,14628893485838184760,40.313208,40.2949752808,805,6512,12049670356140927271
GIST,half,8,2,2,C_MASK_L,127,15208757093895910829,38.10396,38.0889282227,11,160,1809397944155681048
GIST,half,8,2,2,C_MASK_L,126,12657858335344656681,33.97281,33.9538574219,8,136,4387400323091133037
GIST,half,8,2,2,C_MASK_L,125,3028236243262219857,36.503853,36.4855995178,8,136,425355140008332221
GIST,half,8,2,2,C_MASK_L,124,8609683818349710292,38.315622,38.291934967,8,136,13168834338195935582
GIST,half,8,2,2,C_MASK_L,123,11214984481703275179,37.585312,37.5677108765,1639,13184,17297314433685050926
GIST,half,8,2,2,C_MASK_L,122,2263849957397490031,38.424146,38.4071350098,2287,18368,8165417142188033165
GIST,half,8,2,2,C_MASK_L,121,18044578509838911779,37.50008,37.4790077209,10,152,7928744672891195179
GIST,half,8,2,2,C_MASK_L,120,5458740354294272417,40.350723,40.3294715881,9,144,7848134651590039281
GIST,half,8,2,2,C_MASK_L,119,5858457743813147244,39.678553,39.6632957458,396,3240,8827444684336327481
GIST,half,8,2,2,C_MASK_L,118,16469490972111288920,32.37408,32.3554229736,4028,32296,883241890903009633
GIST,half,8,2,2,C_MASK_L,117,1006711879274558233,39.930747,39.9168968201,841,6800,11321619877609521957
GIST,half,8,2,2,C_MASK_L,116,476149813655704091,38.620755,38.6058235168,10,152,8858849561569991435
GIST,half,8,2,2,C_MASK_L,115,7649011970154020997,40.06778,40.0450553894,9,144,3206729205558378233
GIST,half,8,2,2,C_MASK_L,114,10648647139011189564,34.869905,34.849822998,12,168,6772672195218087492
GIST,half,8,2,2,C_MASK_L,113,10535780349197406948,33.518742,33.4967346191,8,136,14415464039087190790
GIST,half,8,2,2,C_MASK_L,112,10135745837711897539,33.455542,33.4359664917,9,144,27334712204462216
GIST,half,8,2,2,C_MASK_L,111,3665995180310526364,36.463289,36.4395828247,41478,331896,5661520465715040291
GIST,half,8,2,2,C_MASK_L,110,10127478537340186675,33.774789,33.7572784424,10,152,1358658317263378375
GIST,half,8,2,2,C_MASK_L,109,17603205654855495503,31.940278,31.9211196899,6920,55432,4734971902105951802
GIST,half,8,2,2,C_MASK_L,108,5137605947089590316,37.350054,37.3310394287,22,248,8744501858676181288
GIST,half,8,2,2,C_MASK_L,107,12753255321128375907,38.45716,38.443649292,11,160,3736671290085159878
GIST,half,8,2,2,C_MASK_L,106,7862389240255096405,40.488767,40.4727668762,8,136,4454845205277636153
GIST,half,8,2,2,C_MASK_L,105,3382835124390735773,32.956903,32.9404792786,10,152,1633465981209507262
GIST,half,8,2,2,C_MASK_L,104,6318150018815276835,37.429684,37.4139518738,8,136,6252710342366139043
GIST,half,8,2,2,C_MASK_L,103,3358090661935181962,40.99015,40.9660491943,10,152,206827504788997805
GIST,half,8,2,2,C_MASK_L,102,5023834620232924699,37.315269,37.2954559326,9,144,4345061276902095567
GIST,half,8,2,2,C_MASK_L,101,463556152314022137,35.791091,35.7712631226,9,144,17739438941913720152
GIST,half,8,2,2,C_MASK_L,100,416867533671327684,36.92265,36.9056015015,4969,39824,18199109054269478174
GIST,half,8,2,2,C_MASK_L,99,11723484149300992671,40.2297,40.2134094238,2311,18560,15885591392866052173
GIST,half,8,2,2,C_MASK_L,98,1083222351448503346,36.947155,36.9259529114,30,312,14811157689777586302
GIST,half,8,2,2,C_MASK_L,97,11331694305099227241,33.679883,33.6584968567,5629,45104,17435282213467792387
GIST,half,8,2,2,C_MASK_L,96,13118478308687119329,33.139912,33.1165428162,12672,101448,12414488981634579085
GIST,half,8,2,2,C_MASK_L,95,13797457395031324342,39.234325,39.2115821838,4312,34568,8681946398460365715
GIST,half,8,2,2,C_MASK_L,94,12966259267171903563,34.623733,34.6031036377,9,144,16525753693329126445
GIST,half,8,2,2,C_MASK_L,93,15824146815298812297,38.775049,38.761920929,785,6352,16848583768543088517
GIST,half,8,2,2,C_MASK_L,92,7858987711662060174,28.091588,28.069152832,16659,133344,18141791887973734438
GIST,half,8,2,2,C_MASK_L,91,13351219280779986121,30.088458,30.0719032288,91,800,7129016086556790661
GIST,half,8,2,2,C_MASK_L,90,1487146102952406162,38.423541,38.4071044922,9,144,11675729656657864315
GIST,half,8,2,2,C_MASK_L,89,17243398098289356237,38.944354,38.9177284241,19381,155120,11341570227103404206
GIST,half,8,2,2,C_MASK_L,88,17392447945923308625,30.077028,30.0603523254,11,160,16812603617364686395
GIST,half,8,2,2,C_MASK_L,87,8534974539240644349,36.840246,36.8168945312,22710,181752,7440715000576488328
GIST,half,8,2,2,C_MASK_L,86,6470508332142331894,40.264241,40.2472648621,3669,29424,3528509250306175135
GIST,half,8,2,2,C_MASK_L,85,10946770602578419956,38.003157,37.9886703491,8,136,1403974257677289190
GIST,half,8,2,2,C_MASK_L,84,10344073526508897281,39.232258,39.2143669128,10,152,12307297875457737052
GIST,half,8,2,2,C_MASK_L,83,8711237166219394419,34.944313,34.9307823181,16,200,1159450716902794998
GIST,half,8,2,2,C_MASK_L,82,17380680694385638840,36.368824,36.346206665,10,152,17099624996036497700
GIST,half,8,2,2,C_MASK_L,81,4578548255021645869,35.397699,35.3796463013,8,136,7309366345031128353
GIST,half,8,2,2,C_MASK_L,80,8425382104893835461,38.360478,38.3424949646,138,1176,4615018082655609248
GIST,half,8,2,2,C_MASK_L,79,17525024244829704515,36.62086,36.5923538208,17953,143696,8782034102419046715
GIST,half,8,2,2,C_MASK_L,78,384590151492374026,38.175228,38.1522865295,1145,9232,6824037880318392156
GIST,half,8,2,2,C_MASK_L,77,13772194458325883781,39.477586,39.4565429688,8,136,3119058093217859169
GIST,half,8,2,2,C_MASK_L,76,6121457899850640239,40.645966,40.6268806458,10,152,10439922783850878615
GIST,half,8,2,2,C_MASK_L,75,10629383663104694533,32.154041,32.1341438293,8,136,1959805352102410517
GIST,half,8,2,2,C_MASK_L,74,17416559791252488439,39.690105,39.6646728516,15885,127152,9191986637692184623
GIST,half,8,2,2,C_MASK_L,73,6275675870158489986,32.471028,32.4407997131,30287,242368,3965206015652614730
GIST,half,8,2,2,C_MASK_L,72,2775573294919263248,38.75245,38.731967926,14,184,2008831888728120970
GIST,half,8,2,2,C_MASK_L,71,2653643927898021331,37.550978,37.5345916748,8,136,6674983760768613763
GIST,half,8,2,2,C_MASK_L,70,7125887616712792012,37.816538,37.7847366333,30939,247584,2578173215488215435
GIST,half,8,2,2,C_MASK_L,69,16370389120603384840,39.236266,39.2208328247,39,384,8893900566493377500
GIST,half,8,2,2,C_MASK_L,68,17584159069416176766,40.288526,40.272064209,8,136,14994419951185837632
GIST,half,8,2,2,C_MASK_L,67,9413171363946879688,35.698459,35.6816635132,10,152,16410576142550180761
GIST,half,8,2,2,C_MASK_L,66,6567103049086711526,25.665975,25.6441917419,9,144,2120391718945614396
GIST,half,8,2,2,C_MASK_L,65,16264934943434005963,37.56847,37.5383377075,23549,188464,1717894044534139949
GIST,half,8,2,2,C_MASK_L,64,12923444094630896693,32.140906,32.1254081726,9,144,10890240329654538100
GIST,half,8,2,2,C_MASK_L,63,9575871338223549139,39.946936,39.930847168,782,6328,14236409939300756135
GIST,half,8,2,2,C_MASK_L,62,8560399019494154138,40.461948,40.4468803406,16,200,10995028448307505731
GIST,half,8,2,2,C_MASK_L,61,2620909581344322254,40.670286,40.6516494751,159,1344,18016158801479111709
GIST,half,8,2,2,C_MASK_L,60,2761207983275075740,35.345772,35.3215370178,27937,223568,8219627611328849196
GIST,half,8,2,2,C_MASK_L,59,1580871052154375482,36.282884,36.2598075867,10,152,10996509777332881202
GIST,half,8,2,2,C_MASK_L,58,9268774494751827706,37.142372,37.1250228882,9,144,2940493626614828053
GIST,half,8,2,2,C_MASK_L,57,9021717632597148908,33.262449,33.239616394,7688,61576,16146242436575770571
GIST,half,8,2,2,C_MASK_L,56,13083263465047869035,35.81952,35.7999687195,10500,84072,6126299974183225491
GIST,half,8,2,2,C_MASK_L,55,2573792055271618832,33.386632,33.3604469299,13053,104496,3700418904193080229
GIST,half,8,2,2,C_MASK_L,54,12485651515614408301,39.265936,39.235168457,27648,221256,13982227894810710128
GIST,half,8,2,2,C_MASK_L,53,1181170520412032450,39.515361,39.5000305176,8,136,15161611065330365500
GIST,half,8,2,2,C_MASK_L,52,10782300321295982446,38.938856,38.9257583618,11,160,2262457125570541601
GIST,half,8,2,2,C_MASK_L,51,1321970314038155003,32.732451,32.7175369263,9,144,1725180568680233592
GIST,half,8,2,2,C_MASK_L,50,2593988135360058460,27.057711,27.0274238586,49566,396600,10688624242403767082
GIST,half,8,2,2,C_MASK_L,49,15716071042978413762,39.172097,39.1576652527,1785,14352,16881791907273901609
GIST,half,8,2,2,C_MASK_L,48,8248488942050825693,38.018263,37.9997444153,10130,81112,4850681651806503319
GIST,half,8,2,2,C_MASK_L,47,197228195401547247,34.731542,34.7007369995,29946,239640,3603301588478779561
GIST,half,8,2,2,C_MASK_L,46,4808905104634366418,39.589199,39.5725135803,9,144,14613523175337427617
GIST,half,8,2,2,C_MASK_L,45,10634279939165845196,36.885552,36.8688964844,11,160,13746219426551555317
GIST,half,8,2,2,C_MASK_L,44,2657517881292301308,32.987243,32.9639053345,28625,229072,14362931499080891524
GIST,half,8,2,2,C_MASK_L,43,3580392345773888933,36.927054,36.9098243713,11,160,7130942906748589245
GIST,half,8,2,2,C_MASK_L,42,16130457613556805909,36.297621,36.2808952332,10,152,1351820667773349880
GIST,half,8,2,2,C_MASK_L,41,15735649071512523416,40.228194,40.2126083374,11,160,6439908275319918567
GIST,half,8,2,2,C_MASK_L,40,523521015842037129,35.054789,35.0375366211,118,1016,14906896884422937853
GIST,half,8,2,2,C_MASK_L,39,5134469820061381952,38.743045,38.7253456116,173,1456,11882963430235204481
GIST,half,8,2,2,C_MASK_L,38,13700905950939581536,32.623599,32.6082572937,9,144,10212566950510398326
GIST,half,8,2,2,C_MASK_L,37,7931106857473092034,37.442439,37.4256973267,1642,13208,4836914976961728650
GIST,half,8,2,2,C_MASK_L,36,5862842069398405510,39.301752,39.2717132568,29682,237528,719140743100350364
GIST,half,8,2,2,C_MASK_L,35,7182522047579593487,36.026272,36.0090255737,12,168,13084839061348052764
GIST,half,8,2,2,C_MASK_L,34,11193354026380747684,38.85632,38.8359375,18718,149816,10323070077910272027
GIST,half,8,2,2,C_MASK_L,33,17951213273852593361,34.137912,34.1201286316,8,136,7118776530039946925
GIST,half,8,2,2,C_MASK_L,32,1018801991084754777,37.693,37.6647033691,31191,249600,4139212840337583677
GIST,half,8,2,2,C_MASK_L,31,16717924179856591400,34.746994,34.729888916,98,856,12253136263172607446
GIST,half,8,2,2,C_MASK_L,30,12630940382236276606,39.659043,39.6420783997,15,192,3888228134973069709
GIST,half,8,2,2,C_MASK_L,29,7111803339956803225,38.507224,38.485824585,9,144,11080742569331125641
GIST,half,8,2,2,C_MASK_L,28,9719453371904557375,38.262637,38.2481269836,53,496,4295370152413759317
GIST,half,8,2,2,C_MASK_L,27,14732108746546988498,32.692269,32.6636810303,31256,250120,10640609347284222608
GIST,half,8,2,2,C_MASK_L,26,18398409255790635840,36.176358,36.160446167,8,136,16965475016388596626
GIST,half,8,2,2,C_MASK_L,25,15312881684633933655,38.776029,38.7502708435,32548,260456,16202494671275670828
GIST,half,8,2,2,C_MASK_L,24,14343238801608074176,34.979394,34.9645767212,8,136,335641030610087762
GIST,half,8,2,2,C_MASK_L,23,3351983320614235452,38.309002,38.2951049805,8,136,10795653417440584118
GIST,half,8,2,2,C_MASK_L,22,9583610160574751482,37.64981,37.6350097656,104,904,17584774084035178489
GIST,half,8,2,2,C_MASK_L,21,2715171980480150680,40.706687,40.6834564209,3295,26432,4697067458263101281
GIST,half,8,2,2,C_MASK_L,20,13580243989274015108,34.107566,34.0889930725,13,176,12167542613742431786
GIST,half,8,2,2,C_MASK_L,19,4844542844294841975,35.01339,34.9873275757,27119,217024,3036884596305404821
GIST,half,8,2,2,C_MASK_L,18,3071783437712951460,27.519573,27.5050888062,9,144,4097877200455553912
GIST,half,8,2,2,C_MASK_L,17,9906517406195203870,38.271326,38.2417907715,28764,230184,13893008974686436000
GIST,half,8,2,2,C_MASK_L,16,3537798568722033093,38.779554,38.7512016296,45233,361936,10934986133749753810
GIST,half,8,2,2,C_MASK_L,15,5936729861741803939,36.259251,36.2415046692,1825,14672,4523878408681453459
GIST,half,8,2,2,C_MASK_L,14,18369275761964115190,33.394732,33.3729286194,8,136,17294034751593305288
GIST,half,8,2,2,C_MASK_L,13,12716887085642250387,35.782663,35.7653121948,10,152,5751298164538243026
GIST,half,8,2,2,C_MASK_L,12,17460078167775218888,34.931652,34.9162559509,219,1824,12113822531377232237
GIST,half,8,2,2,C_MASK_L,11,407413494807729236,33.560065,33.5318412781,20742,166008,748099361995206288
GIST,half,8,2,2,C_MASK_L,10,16634692065747566502,26.43224,26.4167671204,9,144,13324388130527482689
GIST,half,8,2,2,C_MASK_L,9,4680770526928094267,36.160266,36.1394882202,9,144,6185833218944131429
GIST,half,8,2,2,C_MASK_L,8,3722915141321120792,36.600512,36.5865936279,16,200,17247831106653997488
GIST,half,8,2,2,C_MASK_L,7,7966444742523137199,28.862337,28.84009552,9,144,294158670510647467
GIST,half,8,2,2,C_MASK_L,6,13750152615788058147,37.867074,37.8528633118,367,3008,8703337812097627909
GIST,half,8,2,2,C_MASK_L,5,15746877753817476956,38.08416,38.0577278137,25267,202208,5187200889313214686
GIST,half,8,2,2,C_MASK_L,4,6813717409520896539,39.253897,39.2327690125,17913,143376,10240984302992681904
GIST,half,8,2,2,C_MASK_L,3,17912368726981257746,33.303746,33.2810249329,22934,183544,3513084467399214196
GIST,half,8,2,2,C_MASK_L,2,12949723088018134982,40.252185,40.2377586365,12,168,17798676870000866351
GIST,half,8,2,2,C_MASK_L,1,5277735151802382403,38.341236,38.3245429993,5815,46592,12495090360753926488
GIST,half,8,2,2,C_MASK_L,0,14628893485838184760,38.057554,38.0408325195,805,6512,12049670356140927271
GIST,half,8,2,2,C_TASK_L,127,15208757093895910829,47.752815,47.7284469604,11,160,1809397944155681048
GIST,half,8,2,2,C_TASK_L,126,12657858335344656681,44.277704,44.2630386353,8,136,4387400323091133037
GIST,half,8,2,2,C_TASK_L,125,3028236243262219857,44.315595,44.2991027832,8,136,425355140008332221
GIST,half,8,2,2,C_TASK_L,124,8609683818349710292,45.46445,45.4481925964,8,136,13168834338195935582
GIST,half,8,2,2,C_TASK_L,123,11214984481703275179,46.561119,46.540927887,1639,13184,17297314433685050926
GIST,half,8,2,2,C_TASK_L,122,2263849957397490031,46.584366,46.5668792725,2287,18368,8165417142188033165
GIST,half,8,2,2,C_TASK_L,121,18044578509838911779,46.600577,46.5827827454,10,152,7928744672891195179
GIST,half,8,2,2,C_TASK_L,120,5458740354294272417,46.634895,46.6182403564,9,144,7848134651590039281
GIST,half,8,2,2,C_TASK_L,119,5858457743813147244,45.56532,45.5415687561,396,3240,8827444684336327481
GIST,half,8,2,2,C_TASK_L,118,16469490972111288920,46.575402,46.5548477173,4028,32296,883241890903009633
GIST,half,8,2,2,C_TASK_L,117,1006711879274558233,45.477823,45.4568634033,841,6800,11321619877609521957
GIST,half,8,2,2,C_TASK_L,116,476149813655704091,45.478514,45.4553909302,10,152,8858849561569991435
GIST,half,8,2,2,C_TASK_L,115,7649011970154020997,46.607455,46.5876159668,9,144,3206729205558378233
GIST,half,8,2,2,C_TASK_L,114,10648647139011189564,44.261868,44.2435188293,12,168,6772672195218087492
GIST,half,8,2,2,C_TASK_L,113,10535780349197406948,46.528913,46.5030708313,8,136,14415464039087190790
GIST,half,8,2,2,C_TASK_L,112,10135745837711897539,43.065022,43.0463371277,9,144,27334712204462216
GIST,half,8,2,2,C_TASK_L,111,3665995180310526364,46.676965,46.6474876404,41478,331896,5661520465715040291
GIST,half,8,2,2,C_TASK_L,110,10127478537340186675,40.745772,40.7293434143,10,152,1358658317263378375
GIST,half,8,2,2,C_TASK_L,109,17603205654855495503,44.260809,44.241985321,6920,55432,4734971902105951802
GIST,half,8,2,2,C_TASK_L,108,5137605947089590316,44.380897,44.3583374023,22,248,8744501858676181288
GIST,half,8,2,2,C_TASK_L,107,12753255321128375907,45.474544,45.4534721375,11,160,3736671290085159878
GIST,half,8,2,2,C_TASK_L,106,7862389240255096405,45.671155,45.650592804,8,136,4454845205277636153
GIST,half,8,2,2,C_TASK_L,105,3382835124390735773,45.354336,45.3375663757,10,152,1633465981209507262
GIST,half,8,2,2,C_TASK_L,104,6318150018815276835,45.449791,45.4359359741,8,136,6252710342366139043
GIST,half,8,2,2,C_TASK_L,103,3358090661935181962,45.60191,45.5864334106,10,152,206827504788997805
GIST,half,8,2,2,C_TASK_L,102,5023834620232924699,44.332995,44.3178863525,9,144,4345061276902095567
GIST,half,8,2,2,C_TASK_L,101,463556152314022137,46.556297,46.5406723022,9,144,17739438941913720152
GIST,half,8,2,2,C_TASK_L,100,416867533671327684,46.654741,46.6362876892,4969,39824,18199109054269478174
GIST,half,8,2,2,C_TASK_L,99,11723484149300992671,46.643441,46.6288337708,2311,18560,15885591392866052173
GIST,half,8,2,2,C_TASK_L,98,1083222351448503346,46.5701,46.5567054749,30,312,14811157689777586302
GIST,half,8,2,2,C_TASK_L,97,11331694305099227241,46.532384,46.5162887573,5629,45104,17435282213467792387
GIST,half,8,2,2,C_TASK_L,96,13118478308687119329,46.485131,46.4640960693,12672,101448,12414488981634579085
GIST,half,8,2,2,C_TASK_L,95,13797457395031324342,46.618645,46.6016311646,4312,34568,8681946398460365715
GIST,half,8,2,2,C_TASK_L,94,12966259267171903563,45.449335,45.4276809692,9,144,16525753693329126445
GIST,half,8,2,2,C_TASK_L,93,15824146815298812297,47.773577,47.7534408569,785,6352,16848583768543088517
GIST,half,8,2,2,C_TASK_L,92,7858987711662060174,45.2835,45.2553291321,16659,133344,18141791887973734438
GIST,half,8,2,2,C_TASK_L,91,13351219280779986121,40.69824,40.6830062866,91,800,7129016086556790661
GIST,half,8,2,2,C_TASK_L,90,1487146102952406162,44.439837,44.4214706421,9,144,11675729656657864315
GIST,half,8,2,2,C_TASK_L,89,17243398098289356237,46.67553,46.6559028625,19381,155120,11341570227103404206
GIST,half,8,2,2,C_TASK_L,88,17392447945923308625,45.290439,45.2763214111,11,160,16812603617364686395
GIST,half,8,2,2,C_TASK_L,87,8534974539240644349,47.744007,47.7243537903,22710,181752,7440715000576488328
GIST,half,8,2,2,C_TASK_L,86,6470508332142331894,46.729727,46.7075195312,3669,29424,3528509250306175135
GIST,half,8,2,2,C_TASK_L,85,10946770602578419956,43.311415,43.2905273438,8,136,1403974257677289190
GIST,half,8,2,2,C_TASK_L,84,10344073526508897281,46.604368,46.5901756287,10,152,12307297875457737052
GIST,half,8,2,2,C_TASK_L,83,8711237166219394419,45.388587,45.3720016479,16,200,1159450716902794998
GIST,half,8,2,2,C_TASK_L,82,17380680694385638840,46.546884,46.5327377319,10,152,17099624996036497700
GIST,half,8,2,2,C_TASK_L,81,4578548255021645869,46.547183,46.5320968628,8,136,7309366345031128353
GIST,half,8,2,2,C_TASK_L,80,8425382104893835461,46.642071,46.6225585938,138,1176,4615018082655609248
GIST,half,8,2,2,C_TASK_L,79,17525024244829704515,45.421933,45.3984642029,17953,143696,8782034102419046715
GIST,half,8,2,2,C_TASK_L,78,384590151492374026,47.74956,47.7368621826,1145,9232,6824037880318392156
GIST,half,8,2,2,C_TASK_L,77,13772194458325883781,46.61957,46.6049919128,8,136,3119058093217859169
GIST,half,8,2,2,C_TASK_L,76,6121457899850640239,46.616703,46.598400116,10,152,10439922783850878615
GIST,half,8,2,2,C_TASK_L,75,10629383663104694533,46.459704,46.4440002441,8,136,1959805352102410517
GIST,half,8,2,2,C_TASK_L,74,17416559791252488439,46.609506,46.5880622864,15885,127152,9191986637692184623
GIST,half,8,2,2,C_TASK_L,73,6275675870158489986,42.05438,42.0303688049,30287,242368,3965206015652614730
GIST,half,8,2,2,C_TASK_L,72,2775573294919263248,46.617717,46.5958709717,14,184,2008831888728120970
GIST,half,8,2,2,C_TASK_L,71,2653643927898021331,45.613337,45.5976638794,8,136,6674983760768613763
GIST,half,8,2,2,C_TASK_L,70,7125887616712792012,45.611387,45.5851211548,30939,247584,2578173215488215435
GIST,half,8,2,2,C_TASK_L,69,16370389120603384840,44.490652,44.4691200256,39,384,8893900566493377500
GIST,half,8,2,2,C_TASK_L,68,17584159069416176766,46.830017,46.8144302368,8,136,14994419951185837632
GIST,half,8,2,2,C_TASK_L,67,9413171363946879688,44.342407,44.321056366,10,152,16410576142550180761
GIST,half,8,2,2,C_TASK_L,66,6567103049086711526,45.22877,45.2120628357,9,144,2120391718945614396
GIST,half,8,2,2,C_TASK_L,65,16264934943434005963,45.611275,45.5846710205,23549,188464,1717894044534139949
GIST,half,8,2,2,C_TASK_L,64,12923444094630896693,44.209022,44.1884498596,9,144,10890240329654538100
GIST,half,8,2,2,C_TASK_L,63,9575871338223549139,46.643147,46.6246070862,782,6328,14236409939300756135
GIST,half,8,2,2,C_TASK_L,62,8560399019494154138,45.646819,45.6331214905,16,200,10995028448307505731
GIST,half,8,2,2,C_TASK_L,61,2620909581344322254,46.654615,46.6370239258,159,1344,18016158801479111709
GIST,half,8,2,2,C_TASK_L,60,2761207983275075740,46.568051,46.5445137024,27937,223568,8219627611328849196
GIST,half,8,2,2,C_TASK_L,59,1580871052154375482,45.405915,45.3902397156,10,152,10996509777332881202
GIST,half,8,2,2,C_TASK_L,58,9268774494751827706,44.269566,44.2502403259,9,144,2940493626614828053
GIST,half,8,2,2,C_TASK_L,57,9021717632597148908,45.442091,45.4232978821,7688,61576,16146242436575770571
GIST,half,8,2,2,C_TASK_L,56,13083263465047869035,45.390362,45.3679695129,10500,84072,6126299974183225491
GIST,half,8,2,2,C_TASK_L,55,2573792055271618832,46.547958,46.5258255005,13053,104496,3700418904193080229
GIST,half,8,2,2,C_TASK_L,54,12485651515614408301,46.605666,46.5823020935,27648,221256,13982227894810710128
GIST,half,8,2,2,C_TASK_L,53,1181170520412032450,46.627173,46.6138877869,8,136,15161611065330365500
GIST,half,8,2,2,C_TASK_L,52,10782300321295982446,45.524374,45.5108795166,11,160,2262457125570541601
GIST,half,8,2,2,C_TASK_L,51,1321970314038155003,45.411496,45.392288208,9,144,1725180568680233592
GIST,half,8,2,2,C_TASK_L,50,2593988135360058460,36.113172,36.0831375122,49566,396600,10688624242403767082
GIST,half,8,2,2,C_TASK_L,49,15716071042978413762,47.773124,47.7547531128,1785,14352,16881791907273901609
GIST,half,8,2,2,C_TASK_L,48,8248488942050825693,46.611125,46.5914230347,10130,81112,4850681651806503319
GIST,half,8,2,2,C_TASK_L,47,197228195401547247,44.341224,44.3124160767,29946,239640,3603301588478779561
GIST,half,8,2,2,C_TASK_L,46,4808905104634366418,46.666178,46.6476173401,9,144,14613523175337427617
GIST,half,8,2,2,C_TASK_L,45,10634279939165845196,45.611411,45.5978546143,11,160,13746219426551555317
GIST,half,8,2,2,C_TASK_L,44,2657517881292301308,44.315956,44.2911682129,28625,229072,14362931499080891524
GIST,half,8,2,2,C_TASK_L,43,3580392345773888933,46.788933,46.7675514221,11,160,7130942906748589245
GIST,half,8,2,2,C_TASK_L,42,16130457613556805909,45.428097,45.4128303528,10,152,1351820667773349880
GIST,half,8,2,2,C_TASK_L,41,15735649071512523416,46.61576,46.6015052795,11,160,6439908275319918567
GIST,half,8,2,2,C_TASK_L,40,523521015842037129,46.559717,46.5452461243,118,1016,14906896884422937853
GIST,half,8,2,2,C_TASK_L,39,5134469820061381952,47.75794,47.7442245483,173,1456,11882963430235204481
GIST,half,8,2,2,C_TASK_L,38,13700905950939581536,45.463474,45.4504318237,9,144,10212566950510398326
GIST,half,8,2,2,C_TASK_L,37,7931106857473092034,46.57254,46.5578575134,1642,13208,4836914976961728650
GIST,half,8,2,2,C_TASK_L,36,5862842069398405510,46.675285,46.6497917175,29682,237528,719140743100350364
GIST,half,8,2,2,C_TASK_L,35,7182522047579593487,45.453948,45.4373435974,12,168,13084839061348052764
GIST,half,8,2,2,C_TASK_L,34,11193354026380747684,46.708546,46.6820793152,18718,149816,10323070077910272027
GIST,half,8,2,2,C_TASK_L,33,17951213273852593361,44.516277,44.4972496033,8,136,7118776530039946925
GIST,half,8,2,2,C_TASK_L,32,1018801991084754777,47.810239,47.7858543396,31191,249600,4139212840337583677
GIST,half,8,2,2,C_TASK_L,31,16717924179856591400,45.399771,45.3830718994,98,856,12253136263172607446
GIST,half,8,2,2,C_TASK_L,30,12630940382236276606,46.62931,46.6088943481,15,192,3888228134973069709
GIST,half,8,2,2,C_TASK_L,29,7111803339956803225,46.617583,46.5996818542,9,144,11080742569331125641
GIST,half,8,2,2,C_TASK_L,28,9719453371904557375,46.54463,46.5303344727,53,496,4295370152413759317
GIST,half,8,2,2,C_TASK_L,27,14732108746546988498,40.754446,40.7300796509,31256,250120,10640609347284222608
GIST,half,8,2,2,C_TASK_L,26,18398409255790635840,44.258373,44.2418861389,8,136,16965475016388596626
GIST,half,8,2,2,C_TASK_L,25,15312881684633933655,47.762527,47.7351989746,32548,260456,16202494671275670828
GIST,half,8,2,2,C_TASK_L,24,14343238801608074176,45.403874,45.3819503784,8,136,335641030610087762
GIST,half,8,2,2,C_TASK_L,23,3351983320614235452,45.461139,45.4458236694,8,136,10795653417440584118
GIST,half,8,2,2,C_TASK_L,22,9583610160574751482,45.51203,45.4913291931,104,904,17584774084035178489
GIST,half,8,2,2,C_TASK_L,21,2715171980480150680,46.691518,46.6758079529,3295,26432,4697067458263101281
GIST,half,8,2,2,C_TASK_L,20,13580243989274015108,45.353834,45.3371200562,13,176,12167542613742431786
GIST,half,8,2,2,C_TASK_L,19,4844542844294841975,46.542853,46.5183677673,27119,217024,3036884596305404821
GIST,half,8,2,2,C_TASK_L,18,3071783437712951460,38.359946,38.3435821533,9,144,4097877200455553912
GIST,half,8,2,2,C_TASK_L,17,9906517406195203870,46.641696,46.6162223816,28764,230184,13893008974686436000
GIST,half,8,2,2,C_TASK_L,16,3537798568722033093,44.492835,44.4631347656,45233,361936,10934986133749753810
GIST,half,8,2,2,C_TASK_L,15,5936729861741803939,43.079806,43.0610542297,1825,14672,4523878408681453459
GIST,half,8,2,2,C_TASK_L,14,18369275761964115190,44.206863,44.1932792664,8,136,17294034751593305288
GIST,half,8,2,2,C_TASK_L,13,12716887085642250387,45.512436,45.489566803,10,152,5751298164538243026
GIST,half,8,2,2,C_TASK_L,12,17460078167775218888,45.387687,45.370464325,219,1824,12113822531377232237
GIST,half,8,2,2,C_TASK_L,11,407413494807729236,44.19412,44.1722564697,20742,166008,748099361995206288
GIST,half,8,2,2,C_TASK_L,10,16634692065747566502,37.302001,37.2804489136,9,144,13324388130527482689
GIST,half,8,2,2,C_TASK_L,9,4680770526928094267,45.400495,45.3830718994,9,144,6185833218944131429
GIST,half,8,2,2,C_TASK_L,8,3722915141321120792,46.608986,46.5880622864,16,200,17247831106653997488
GIST,half,8,2,2,C_TASK_L,7,7966444742523137199,46.425114,46.4076461792,9,144,294158670510647467
GIST,half,8,2,2,C_TASK_L,6,13750152615788058147,46.594949,46.5791358948,367,3008,8703337812097627909
GIST,half,8,2,2,C_TASK_L,5,15746877753817476956,46.611957,46.5898895264,25267,202208,5187200889313214686
GIST,half,8,2,2,C_TASK_L,4,6813717409520896539,46.714296,46.6929588318,17913,143376,10240984302992681904
GIST,half,8,2,2,C_TASK_L,3,17912368726981257746,45.411828,45.3884811401,22934,183544,3513084467399214196
GIST,half,8,2,2,C_TASK_L,2,12949723088018134982,46.642492,46.6267204285,12,168,17798676870000866351
GIST,half,8,2,2,C_TASK_L,1,5277735151802382403,47.723484,47.7053108215,5815,46592,12495090360753926488
GIST,half,8,2,2,C_TASK_L,0,14628893485838184760,45.464521,45.447807312,805,6512,12049670356140927271
GIST,half,8,2,2,SCAN_E,127,15208757093895910829,12.652928,12.6336641312,11,160,1809397944155681048
GIST,half,8,2,2,SCAN_E,126,12657858335344656681,8.946916,8.93126392365,8,136,4387400323091133037
GIST,half,8,2,2,SCAN_E,125,3028236243262219857,14.250442,14.2313280106,8,136,425355140008332221
GIST,half,8,2,2,SCAN_E,124,8609683818349710292,12.382717,12.3646717072,8,136,13168834338195935582
GIST,half,8,2,2,SCAN_E,123,11214984481703275179,14.743879,14.7247362137,1639,13184,17297314433685050926
GIST,half,8,2,2,SCAN_E,122,2263849957397490031,16.098907,16.0826244354,2287,18368,8165417142188033165
GIST,half,8,2,2,SCAN_E,121,18044578509838911779,13.898801,13.8822402954,10,152,7928744672891195179
GIST,half,8,2,2,SCAN_E,120,5458740354294272417,15.63032,15.6137599945,9,144,7848134651590039281
GIST,half,8,2,2,SCAN_E,119,5858457743813147244,14.438246,14.419424057,396,3240,8827444684336327481
GIST,half,8,2,2,SCAN_E,118,16469490972111288920,14.771172,14.7501764297,4028,32296,883241890903009633
GIST,half,8,2,2,SCAN_E,117,1006711879274558233,17.239632,17.2161273956,841,6800,11321619877609521957
GIST,half,8,2,2,SCAN_E,116,476149813655704091,14.809853,14.79251194,10,152,8858849561569991435
GIST,half,8,2,2,SCAN_E,115,7649011970154020997,13.123854,13.1064958572,9,144,3206729205558378233
GIST,half,8,2,2,SCAN_E,114,10648647139011189564,13.640788,13.6172161102,12,168,6772672195218087492
GIST,half,8,2,2,SCAN_E,113,10535780349197406948,13.490698,13.4730243683,8,136,14415464039087190790
GIST,half,8,2,2,SCAN_E,112,10135745837711897539,12.38813,12.3707199097,9,144,27334712204462216
GIST,half,8,2,2,SCAN_E,111,3665995180310526364,16.720951,16.6972808838,41478,331896,5661520465715040291
GIST,half,8,2,2,SCAN_E,110,10127478537340186675,14.995595,14.9798717499,10,152,1358658317263378375
GIST,half,8,2,2,SCAN_E,109,17603205654855495503,14.196507,14.1735363007,6920,55432,4734971902105951802
GIST,half,8,2,2,SCAN_E,108,5137605947089590316,14.073863,14.0563840866,22,248,8744501858676181288
GIST,half,8,2,2,SCAN_E,107,12753255321128375907,13.33291,13.309472084,11,160,3736671290085159878
GIST,half,8,2,2,SCAN_E,106,7862389240255096405,14.497152,14.4778242111,8,136,4454845205277636153
GIST,half,8,2,2,SCAN_E,105,3382835124390735773,10.926732,10.9112319946,10,152,1633465981209507262
GIST,half,8,2,2,SCAN_E,104,6318150018815276835,12.65582,12.6350402832,8,136,6252710342366139043
GIST,half,8,2,2,SCAN_E,103,3358090661935181962,14.673139,14.648768425,10,152,206827504788997805
GIST,half,8,2,2,SCAN_E,102,5023834620232924699,11.219433,11.200799942,9,144,4345061276902095567
GIST,half,8,2,2,SCAN_E,101,463556152314022137,11.012675,10.9948797226,9,144,17739438941913720152
GIST,half,8,2,2,SCAN_E,100,416867533671327684,13.372042,13.353471756,4969,39824,18199109054269478174
GIST,half,8,2,2,SCAN_E,99,11723484149300992671,16.078718,16.0596485138,2311,18560,15885591392866052173
GIST,half,8,2,2,SCAN_E,98,1083222351448503346,16.774152,16.7576637268,30,312,14811157689777586302
GIST,half,8,2,2,SCAN_E,97,11331694305099227241,14.255671,14.2356796265,5629,45104,17435282213467792387
GIST,half,8,2,2,SCAN_E,96,13118478308687119329,14.025276,14.0015678406,12672,101448,12414488981634579085
GIST,half,8,2,2,SCAN_E,95,13797457395031324342,14.415823,14.3902397156,4312,34568,8681946398460365715
GIST,half,8,2,2,SCAN_E,94,12966259267171903563,14.611286,14.5903997421,9,144,16525753693329126445
GIST,half,8,2,2,SCAN_E,93,15824146815298812297,14.501046,14.4833602905,785,6352,16848583768543088517
GIST,half,8,2,2,SCAN_E,92,7858987711662060174,14.972263,14.943072319,16659,133344,18141791887973734438
GIST,half,8,2,2,SCAN_E,91,13351219280779986121,13.334464,13.3146877289,91,800,7129016086556790661
GIST,half,8,2,2,SCAN_E,90,1487146102952406162,14.0961,14.0790081024,9,144,11675729656657864315
GIST,half,8,2,2,SCAN_E,89,17243398098289356237,14.929086,14.902048111,19381,155120,11341570227103404206
GIST,half,8,2,2,SCAN_E,88,17392447945923308625,14.340709,14.3211841583,11,160,16812603617364686395
GIST,half,8,2,2,SCAN_E,87,8534974539240644349,15.11053,15.0803203583,22710,181752,7440715000576488328
GIST,half,8,2,2,SCAN_E,86,6470508332142331894,16.003825,15.9871683121,3669,29424,3528509250306175135
GIST,half,8,2,2,SCAN_E,85,10946770602578419956,11.537844,11.5197124481,8,136,1403974257677289190
GIST,half,8,2,2,SCAN_E,84,10344073526508897281,13.419363,13.3992958069,10,152,12307297875457737052
GIST,half,8,2,2,SCAN_E,83,8711237166219394419,14.023835,14.0071678162,16,200,1159450716902794998
GIST,half,8,2,2,SCAN_E,82,17380680694385638840,14.057431,14.036031723,10,152,17099624996036497700
GIST,half,8,2,2,SCAN_E,81,4578548255021645869,12.741658,12.7227516174,8,136,7309366345031128353
GIST,half,8,2,2,SCAN_E,80,8425382104893835461,15.277928,15.2616958618,138,1176,4615018082655609248
GIST,half,8,2,2,SCAN_E,79,17525024244829704515,14.950498,14.9194879532,17953,143696,8782034102419046715
GIST,half,8,2,2,SCAN_E,78,384590151492374026,16.576307,16.5560646057,1145,9232,6824037880318392156
GIST,half,8,2,2,SCAN_E,77,13772194458325883781,14.697362,14.6815357208,8,136,3119058093217859169
GIST,half,8,2,2,SCAN_E,76,6121457899850640239,15.911797,15.895775795,10,152,10439922783850878615
GIST,half,8,2,2,SCAN_E,75,10629383663104694533,11.365437,11.3498239517,8,136,1959805352102410517
GIST,half,8,2,2,SCAN_E,74,17416559791252488439,12.925889,12.901632309,15885,127152,9191986637692184623
GIST,half,8,2,2,SCAN_E,73,6275675870158489986,12.901756,12.8734397888,30287,242368,3965206015652614730
GIST,half,8,2,2,SCAN_E,72,2775573294919263248,14.269285,14.2516803741,14,184,2008831888728120970
GIST,half,8,2,2,SCAN_E,71,2653643927898021331,13.602347,13.5790719986,8,136,6674983760768613763
GIST,half,8,2,2,SCAN_E,70,7125887616712792012,16.272228,16.2450237274,30939,247584,2578173215488215435
GIST,half,8,2,2,SCAN_E,69,16370389120603384840,15.996963,15.9766082764,39,384,8893900566493377500
GIST,half,8,2,2,SCAN_E,68,17584159069416176766,14.979029,14.9602241516,8,136,14994419951185837632
GIST,half,8,2,2,SCAN_E,67,9413171363946879688,13.370914,13.3483200073,10,152,16410576142550180761
GIST,half,8,2,2,SCAN_E,66,6567103049086711526,10.248171,10.2279996872,9,144,2120391718945614396
GIST,half,8,2,2,SCAN_E,65,16264934943434005963,14.667823,14.636223793,23549,188464,1717894044534139949
GIST,half,8,2,2,SCAN_E,64,12923444094630896693,13.813101,13.7913599014,9,144,10890240329654538100
GIST,half,8,2,2,SCAN_E,63,9575871338223549139,15.987648,15.9649600983,782,6328,14236409939300756135
GIST,half,8,2,2,SCAN_E,62,8560399019494154138,16.440947,16.4237117767,16,200,10995028448307505731
GIST,half,8,2,2,SCAN_E,61,2620909581344322254,14.486781,14.465760231,159,1344,18016158801479111709
GIST,half,8,2,2,SCAN_E,60,2761207983275075740,15.572278,15.5351037979,27937,223568,8219627611328849196
GIST,half,8,2,2,SCAN_E,59,1580871052154375482,15.384878,15.3664960861,10,152,10996509777332881202
GIST,half,8,2,2,SCAN_E,58,9268774494751827706,14.126217,14.1058244705,9,144,2940493626614828053
GIST,half,8,2,2,SCAN_E,57,9021717632597148908,12.910716,12.8898239136,7688,61576,16146242436575770571
GIST,half,8,2,2,SCAN_E,56,13083263465047869035,17.672469,17.648191452,10500,84072,6126299974183225491
GIST,half,8,2,2,SCAN_E,55,2573792055271618832,13.793752,13.7725439072,13053,104496,3700418904193080229
GIST,half,8,2,2,SCAN_E,54,12485651515614408301,14.967322,14.9404478073,27648,221256,13982227894810710128
GIST,half,8,2,2,SCAN_E,53,1181170520412032450,13.161459,13.1453437805,8,136,15161611065330365500
GIST,half,8,2,2,SCAN_E,52,10782300321295982446,16.100349,16.0813121796,11,160,2262457125570541601
GIST,half,8,2,2,SCAN_E,51,1321970314038155003,15.298714,15.2802877426,9,144,1725180568680233592
GIST,half,8,2,2,SCAN_E,50,2593988135360058460,15.590318,15.5521278381,49566,396600,10688624242403767082
GIST,half,8,2,2,SCAN_E,49,15716071042978413762,13.508724,13.4922876358,1785,14352,16881791907273901609
GIST,half,8,2,2,SCAN_E,48,8248488942050825693,16.099858,16.0803527832,10130,81112,4850681651806503319
GIST,half,8,2,2,SCAN_E,47,197228195401547247,12.362112,12.3347520828,29946,239640,3603301588478779561
GIST,half,8,2,2,SCAN_E,46,4808905104634366418,15.12882,15.1123523712,9,144,14613523175337427617
GIST,half,8,2,2,SCAN_E,45,10634279939165845196,14.010011,13.9934082031,11,160,13746219426551555317
GIST,half,8,2,2,SCAN_E,44,2657517881292301308,11.771586,11.7382717133,28625,229072,14362931499080891524
GIST,half,8,2,2,SCAN_E,43,3580392345773888933,13.935927,13.9182395935,11,160,7130942906748589245
GIST,half,8,2,2,SCAN_E,42,16130457613556805909,10.96188,10.9411840439,10,152,1351820667773349880
GIST,half,8,2,2,SCAN_E,41,15735649071512523416,15.756969,15.7400960922,11,160,6439908275319918567
GIST,half,8,2,2,SCAN_E,40,523521015842037129,14.192371,14.174079895,118,1016,14906896884422937853
GIST,half,8,2,2,SCAN_E,39,5134469820061381952,14.254749,14.2362880707,173,1456,11882963430235204481
GIST,half,8,2,2,SCAN_E,38,13700905950939581536,12.207723,12.1894721985,9,144,10212566950510398326
GIST,half,8,2,2,SCAN_E,37,7931106857473092034,14.204853,14.1881923676,1642,13208,4836914976961728650
GIST,half,8,2,2,SCAN_E,36,5862842069398405510,15.822936,15.7923202515,29682,237528,719140743100350364
GIST,half,8,2,2,SCAN_E,35,7182522047579593487,12.951685,12.927359581,12,168,13084839061348052764
GIST,half,8,2,2,SCAN_E,34,11193354026380747684,15.575234,15.5454397202,18718,149816,10323070077910272027
GIST,half,8,2,2,SCAN_E,33,17951213273852593361,12.217106,12.1999359131,8,136,7118776530039946925
GIST,half,8,2,2,SCAN_E,32,1018801991084754777,17.570612,17.5324478149,31191,249600,4139212840337583677
GIST,half,8,2,2,SCAN_E,31,16717924179856591400,13.335125,13.3115520477,98,856,12253136263172607446
GIST,half,8,2,2,SCAN_E,30,12630940382236276606,14.81483,14.797375679,15,192,3888228134973069709
GIST,half,8,2,2,SCAN_E,29,7111803339956803225,13.971218,13.9540481567,9,144,11080742569331125641
GIST,half,8,2,2,SCAN_E,28,9719453371904557375,16.392111,16.3700809479,53,496,4295370152413759317
GIST,half,8,2,2,SCAN_E,27,14732108746546988498,13.053541,13.0209922791,31256,250120,10640609347284222608
GIST,half,8,2,2,SCAN_E,26,18398409255790635840,15.264113,15.2389755249,8,136,16965475016388596626
GIST,half,8,2,2,SCAN_E,25,15312881684633933655,16.177532,16.1398086548,32548,260456,16202494671275670828
GIST,half,8,2,2,SCAN_E,24,14343238801608074176,13.700721,13.6778879166,8,136,335641030610087762
GIST,half,8,2,2,SCAN_E,23,3351983320614235452,13.798774,13.7813444138,8,136,10795653417440584118
GIST,half,8,2,2,SCAN_E,22,9583610160574751482,13.724123,13.7065601349,104,904,17584774084035178489
GIST,half,8,2,2,SCAN_E,21,2715171980480150680,15.642907,15.626367569,3295,26432,4697067458263101281
GIST,half,8,2,2,SCAN_E,20,13580243989274015108,12.042403,12.0259838104,13,176,12167542613742431786
GIST,half,8,2,2,SCAN_E,19,4844542844294841975,16.884347,16.8586559296,27119,217024,3036884596305404821
GIST,half,8,2,2,SCAN_E,18,3071783437712951460,11.785171,11.7625598907,9,144,4097877200455553912
GIST,half,8,2,2,SCAN_E,17,9906517406195203870,15.24981,15.2232637405,28764,230184,13893008974686436000
GIST,half,8,2,2,SCAN_E,16,3537798568722033093,16.927602,16.8939208984,45233,361936,10934986133749753810
GIST,half,8,2,2,SCAN_E,15,5936729861741803939,14.070918,14.0462398529,1825,14672,4523878408681453459
GIST,half,8,2,2,SCAN_E,14,18369275761964115190,13.578786,13.5578556061,8,136,17294034751593305288
GIST,half,8,2,2,SCAN_E,13,12716887085642250387,13.325154,13.3071680069,10,152,5751298164538243026
GIST,half,8,2,2,SCAN_E,12,17460078167775218888,13.878247,13.8532476425,219,1824,12113822531377232237
GIST,half,8,2,2,SCAN_E,11,407413494807729236,16.636216,16.6061763763,20742,166008,748099361995206288
GIST,half,8,2,2,SCAN_E,10,16634692065747566502,12.351055,12.3350400925,9,144,13324388130527482689
GIST,half,8,2,2,SCAN_E,9,4680770526928094267,13.17314,13.1574401855,9,144,6185833218944131429
GIST,half,8,2,2,SCAN_E,8,3722915141321120792,14.732095,14.7159042358,16,200,17247831106653997488
GIST,half,8,2,2,SCAN_E,7,7966444742523137199,12.976825,12.9566402435,9,144,294158670510647467
GIST,half,8,2,2,SCAN_E,6,13750152615788058147,14.482976,14.4624958038,367,3008,8703337812097627909
GIST,half,8,2,2,SCAN_E,5,15746877753817476956,18.397456,18.3679046631,25267,202208,5187200889313214686
GIST,half,8,2,2,SCAN_E,4,6813717409520896539,16.411734,16.3805122375,17913,143376,10240984302992681904
GIST,half,8,2,2,SCAN_E,3,17912368726981257746,12.799906,12.7681283951,22934,183544,3513084467399214196
GIST,half,8,2,2,SCAN_E,2,12949723088018134982,15.519138,15.5031681061,12,168,17798676870000866351
GIST,half,8,2,2,SCAN_E,1,5277735151802382403,13.583887,13.5567684174,5815,46592,12495090360753926488
GIST,half,8,2,2,SCAN_E,0,14628893485838184760,15.446713,15.4316482544,805,6512,12049670356140927271
GIST,half,8,2,2,C_ID_E,127,15208757093895910829,14.758505,14.7409601212,11,160,1809397944155681048
GIST,half,8,2,2,C_ID_E,126,12657858335344656681,10.185092,10.1686077118,8,136,4387400323091133037
GIST,half,8,2,2,C_ID_E,125,3028236243262219857,16.108774,16.0868167877,8,136,425355140008332221
GIST,half,8,2,2,C_ID_E,124,8609683818349710292,14.277327,14.2590723038,8,136,13168834338195935582
GIST,half,8,2,2,C_ID_E,123,11214984481703275179,16.835251,16.8188800812,1639,13184,17297314433685050926
GIST,half,8,2,2,C_ID_E,122,2263849957397490031,18.238172,18.2210235596,2287,18368,8165417142188033165
GIST,half,8,2,2,C_ID_E,121,18044578509838911779,15.446576,15.4310083389,10,152,7928744672891195179
GIST,half,8,2,2,C_ID_E,120,5458740354294272417,18.851635,18.8347511292,9,144,7848134651590039281
GIST,half,8,2,2,C_ID_E,119,5858457743813147244,17.190005,17.1710395813,396,3240,8827444684336327481
GIST,half,8,2,2,C_ID_E,118,16469490972111288920,14.216798,14.1997756958,4028,32296,883241890903009633
GIST,half,8,2,2,C_ID_E,117,1006711879274558233,20.716284,20.6962871552,841,6800,11321619877609521957
GIST,half,8,2,2,C_ID_E,116,476149813655704091,17.239404,17.2204475403,10,152,8858849561569991435
GIST,half,8,2,2,C_ID_E,115,7649011970154020997,16.036581,16.0204486847,9,144,3206729205558378233
GIST,half,8,2,2,C_ID_E,114,10648647139011189564,14.52388,14.5007362366,12,168,6772672195218087492
GIST,half,8,2,2,C_ID_E,113,10535780349197406948,13.810242,13.7913599014,8,136,14415464039087190790
GIST,half,8,2,2,C_ID_E,112,10135745837711897539,13.417843,13.4009275436,9,144,27334712204462216
GIST,half,8,2,2,C_ID_E,111,3665995180310526364,17.774523,17.7454395294,41478,331896,5661520465715040291
GIST,half,8,2,2,C_ID_E,110,10127478537340186675,14.388431,14.3729600906,10,152,1358658317263378375
GIST,half,8,2,2,C_ID_E,109,17603205654855495503,14.539469,14.5207042694,6920,55432,4734971902105951802
GIST,half,8,2,2,C_ID_E,108,5137605947089590316,16.390412,16.37449646,22,248,8744501858676181288
GIST,half,8,2,2,C_ID_E,107,12753255321128375907,15.604335,15.5822076797,11,160,3736671290085159878
GIST,half,8,2,2,C_ID_E,106,7862389240255096405,17.400383,17.3837127686,8,136,4454845205277636153
GIST,half,8,2,2,C_ID_E,105,3382835124390735773,12.004598,11.9821443558,10,152,1633465981209507262
GIST,half,8,2,2,C_ID_E,104,6318150018815276835,14.523057,14.5047044754,8,136,6252710342366139043
GIST,half,8,2,2,C_ID_E,103,3358090661935181962,17.853204,17.8318729401,10,152,206827504788997805
GIST,half,8,2,2,C_ID_E,102,5023834620232924699,13.245452,13.2254724503,9,144,4345061276902095567
GIST,half,8,2,2,C_ID_E,101,463556152314022137,12.322915,12.3013124466,9,144,17739438941913720152
GIST,half,8,2,2,C_ID_E,100,416867533671327684,15.290797,15.2717437744,4969,39824,18199109054269478174
GIST,half,8,2,2,C_ID_E,99,11723484149300992671,19.101431,19.0834560394,2311,18560,15885591392866052173
GIST,half,8,2,2,C_ID_E,98,1083222351448503346,19.01975,18.998752594,30,312,14811157689777586302
GIST,half,8,2,2,C_ID_E,97,11331694305099227241,14.527673,14.5090560913,5629,45104,17435282213467792387
GIST,half,8,2,2,C_ID_E,96,13118478308687119329,14.765341,14.7450561523,12672,101448,12414488981634579085
GIST,half,8,2,2,C_ID_E,95,13797457395031324342,16.822495,16.7984962463,4312,34568,8681946398460365715
GIST,half,8,2,2,C_ID_E,94,12966259267171903563,15.050822,15.0320320129,9,144,16525753693329126445
GIST,half,8,2,2,C_ID_E,93,15824146815298812297,16.982162,16.963136673,785,6352,16848583768543088517
GIST,half,8,2,2,C_ID_E,92,7858987711662060174,12.159931,12.1377601624,16659,133344,18141791887973734438
GIST,half,8,2,2,C_ID_E,91,13351219280779986121,13.639124,13.6177597046,91,800,7129016086556790661
GIST,half,8,2,2,C_ID_E,90,1487146102952406162,16.071963,16.0558719635,9,144,11675729656657864315
GIST,half,8,2,2,C_ID_E,89,17243398098289356237,17.542109,17.5156478882,19381,155120,11341570227103404206
GIST,half,8,2,2,C_ID_E,88,17392447945923308625,12.617956,12.5958080292,11,160,16812603617364686395
GIST,half,8,2,2,C_ID_E,87,8534974539240644349,16.547446,16.5147514343,22710,181752,7440715000576488328
GIST,half,8,2,2,C_ID_E,86,6470508332142331894,19.205008,19.1831035614,3669,29424,3528509250306175135
GIST,half,8,2,2,C_ID_E,85,10946770602578419956,13.652751,13.6320962906,8,136,1403974257677289190
GIST,half,8,2,2,C_ID_E,84,10344073526508897281,15.937576,15.9205760956,10,152,12307297875457737052
GIST,half,8,2,2,C_ID_E,83,8711237166219394419,13.94493,13.9245119095,16,200,1159450716902794998
GIST,half,8,2,2,C_ID_E,82,17380680694385638840,15.642873,15.6271038055,10,152,17099624996036497700
GIST,half,8,2,2,C_ID_E,81,4578548255021645869,14.276854,14.2565755844,8,136,7309366345031128353
GIST,half,8,2,2,C_ID_E,80,8425382104893835461,17.76671,17.7467842102,138,1176,4615018082655609248
GIST,half,8,2,2,C_ID_E,79,17525024244829704515,17.24481,17.218624115,17953,143696,8782034102419046715
GIST,half,8,2,2,C_ID_E,78,384590151492374026,18.814566,18.7999362946,1145,9232,6824037880318392156
GIST,half,8,2,2,C_ID_E,77,13772194458325883781,17.472771,17.4574394226,8,136,3119058093217859169
GIST,half,8,2,2,C_ID_E,76,6121457899850640239,19.29151,19.2714557648,10,152,10439922783850878615
GIST,half,8,2,2,C_ID_E,75,10629383663104694533,12.926322,12.9044475555,8,136,1959805352102410517
GIST,half,8,2,2,C_ID_E,74,17416559791252488439,15.514245,15.4926080704,15885,127152,9191986637692184623
GIST,half,8,2,2,C_ID_E,73,6275675870158489986,14.031715,13.996512413,30287,242368,3965206015652614730
GIST,half,8,2,2,C_ID_E,72,2775573294919263248,16.612089,16.5899524689,14,184,2008831888728120970
GIST,half,8,2,2,C_ID_E,71,2653643927898021331,15.395915,15.3777923584,8,136,6674983760768613763
GIST,half,8,2,2,C_ID_E,70,7125887616712792012,18.812287,18.7769603729,30939,247584,2578173215488215435
GIST,half,8,2,2,C_ID_E,69,16370389120603384840,18.9966,18.9807033539,39,384,8893900566493377500
GIST,half,8,2,2,C_ID_E,68,17584159069416176766,17.816461,17.8000640869,8,136,14994419951185837632
GIST,half,8,2,2,C_ID_E,67,9413171363946879688,14.756269,14.7387838364,10,152,16410576142550180761
GIST,half,8,2,2,C_ID_E,66,6567103049086711526,9.926788,9.90911960602,9,144,2120391718945614396
GIST,half,8,2,2,C_ID_E,65,16264934943434005963,17.285762,17.2593917847,23549,188464,1717894044534139949
GIST,half,8,2,2,C_ID_E,64,12923444094630896693,13.857505,13.8428478241,9,144,10890240329654538100
GIST,half,8,2,2,C_ID_E,63,9575871338223549139,18.877605,18.8608322144,782,6328,14236409939300756135
GIST,half,8,2,2,C_ID_E,62,8560399019494154138,19.546473,19.5302391052,16,200,10995028448307505731
GIST,half,8,2,2,C_ID_E,61,2620909581344322254,17.608201,17.5931835175,159,1344,18016158801479111709
GIST,half,8,2,2,C_ID_E,60,2761207983275075740,16.268951,16.2419204712,27937,223568,8219627611328849196
GIST,half,8,2,2,C_ID_E,59,1580871052154375482,17.926477,17.9068164825,10,152,10996509777332881202
GIST,half,8,2,2,C_ID_E,58,9268774494751827706,16.341108,16.3178882599,9,144,2940493626614828053
GIST,half,8,2,2,C_ID_E,57,9021717632597148908,14.173283,14.1549119949,7688,61576,16146242436575770571
GIST,half,8,2,2,C_ID_E,56,13083263465047869035,20.071735,20.0517444611,10500,84072,6126299974183225491
GIST,half,8,2,2,C_ID_E,55,2573792055271618832,14.287028,14.2646083832,13053,104496,3700418904193080229
GIST,half,8,2,2,C_ID_E,54,12485651515614408301,16.967831,16.9377288818,27648,221256,13982227894810710128
GIST,half,8,2,2,C_ID_E,53,1181170520412032450,15.915394,15.8999681473,8,136,15161611065330365500
GIST,half,8,2,2,C_ID_E,52,10782300321295982446,18.55597,18.5400314331,11,160,2262457125570541601
GIST,half,8,2,2,C_ID_E,51,1321970314038155003,14.486325,14.4692802429,9,144,1725180568680233592
GIST,half,8,2,2,C_ID_E,50,2593988135360058460,14.144806,14.1120004654,49566,396600,10688624242403767082
GIST,half,8,2,2,C_ID_E,49,15716071042978413762,15.873927,15.8565120697,1785,14352,16881791907273901609
GIST,half,8,2,2,C_ID_E,48,8248488942050825693,18.530763,18.5134086609,10130,81112,4850681651806503319
GIST,half,8,2,2,C_ID_E,47,197228195401547247,13.620617,13.5951356888,29946,239640,3603301588478779561
GIST,half,8,2,2,C_ID_E,46,4808905104634366418,17.853903,17.839679718,9,144,14613523175337427617
GIST,half,8,2,2,C_ID_E,45,10634279939165845196,15.540931,15.5224323273,11,160,13746219426551555317
GIST,half,8,2,2,C_ID_E,44,2657517881292301308,12.551827,12.5217599869,28625,229072,14362931499080891524
GIST,half,8,2,2,C_ID_E,43,3580392345773888933,15.775211,15.7565755844,11,160,7130942906748589245
GIST,half,8,2,2,C_ID_E,42,16130457613556805909,12.197695,12.1838722229,10,152,1351820667773349880
GIST,half,8,2,2,C_ID_E,41,15735649071512523416,19.042678,19.0229434967,11,160,6439908275319918567
GIST,half,8,2,2,C_ID_E,40,523521015842037129,15.908167,15.8907842636,118,1016,14906896884422937853
GIST,half,8,2,2,C_ID_E,39,5134469820061381952,16.486885,16.464799881,173,1456,11882963430235204481
GIST,half,8,2,2,C_ID_E,38,13700905950939581536,12.41096,12.3965444565,9,144,10212566950510398326
GIST,half,8,2,2,C_ID_E,37,7931106857473092034,16.904278,16.8894405365,1642,13208,4836914976961728650
GIST,half,8,2,2,C_ID_E,36,5862842069398405510,17.849992,17.8259830475,29682,237528,719140743100350364
GIST,half,8,2,2,C_ID_E,35,7182522047579593487,14.10271,14.0820159912,12,168,13084839061348052764
GIST,half,8,2,2,C_ID_E,34,11193354026380747684,17.781851,17.759552002,18718,149816,10323070077910272027
GIST,half,8,2,2,C_ID_E,33,17951213273852593361,13.561941,13.5470399857,8,136,7118776530039946925
GIST,half,8,2,2,C_ID_E,32,1018801991084754777,19.740008,19.7147521973,31191,249600,4139212840337583677
GIST,half,8,2,2,C_ID_E,31,16717924179856591400,13.256302,13.2399997711,98,856,12253136263172607446
GIST,half,8,2,2,C_ID_E,30,12630940382236276606,17.519286,17.5021438599,15,192,3888228134973069709
GIST,half,8,2,2,C_ID_E,29,7111803339956803225,16.31446,16.2959671021,9,144,11080742569331125641
GIST,half,8,2,2,C_ID_E,28,9719453371904557375,19.15365,19.1367683411,53,496,4295370152413759317
GIST,half,8,2,2,C_ID_E,27,14732108746546988498,13.941231,13.9149436951,31256,250120,10640609347284222608
GIST,half,8,2,2,C_ID_E,26,18398409255790635840,16.375129,16.3545913696,8,136,16965475016388596626
GIST,half,8,2,2,C_ID_E,25,15312881684633933655,18.934214,18.9037437439,32548,260456,16202494671275670828
GIST,half,8,2,2,C_ID_E,24,14343238801608074176,13.883555,13.8642244339,8,136,335641030610087762
GIST,half,8,2,2,C_ID_E,23,3351983320614235452,16.034588,16.0127048492,8,136,10795653417440584118
GIST,half,8,2,2,C_ID_E,22,9583610160574751482,15.676802,15.6546239853,104,904,17584774084035178489
GIST,half,8,2,2,C_ID_E,21,2715171980480150680,18.935345,18.9192008972,3295,26432,4697067458263101281
GIST,half,8,2,2,C_ID_E,20,13580243989274015108,12.837661,12.817855835,13,176,12167542613742431786
GIST,half,8,2,2,C_ID_E,19,4844542844294841975,17.556184,17.5280647278,27119,217024,3036884596305404821
GIST,half,8,2,2,C_ID_E,18,3071783437712951460,10.530672,10.5146560669,9,144,4097877200455553912
GIST,half,8,2,2,C_ID_E,17,9906517406195203870,16.008954,15.9815359116,28764,230184,13893008974686436000
GIST,half,8,2,2,C_ID_E,16,3537798568722033093,19.775836,19.7401924133,45233,361936,10934986133749753810
GIST,half,8,2,2,C_ID_E,15,5936729861741803939,16.023611,16.0054721832,1825,14672,4523878408681453459
GIST,half,8,2,2,C_ID_E,14,18369275761964115190,13.994279,13.9715843201,8,136,17294034751593305288
GIST,half,8,2,2,C_ID_E,13,12716887085642250387,14.118362,14.0951356888,10,152,5751298164538243026
GIST,half,8,2,2,C_ID_E,12,17460078167775218888,14.619777,14.6032323837,219,1824,12113822531377232237
GIST,half,8,2,2,C_ID_E,11,407413494807729236,17.996948,17.9711036682,20742,166008,748099361995206288
GIST,half,8,2,2,C_ID_E,10,16634692065747566502,10.926539,10.9011516571,9,144,13324388130527482689
GIST,half,8,2,2,C_ID_E,9,4680770526928094267,15.849837,15.8281917572,9,144,6185833218944131429
GIST,half,8,2,2,C_ID_E,8,3722915141321120792,16.282647,16.2677440643,16,200,17247831106653997488
GIST,half,8,2,2,C_ID_E,7,7966444742523137199,11.894017,11.8765439987,9,144,294158670510647467
GIST,half,8,2,2,C_ID_E,6,13750152615788058147,16.354388,16.3345928192,367,3008,8703337812097627909
GIST,half,8,2,2,C_ID_E,5,15746877753817476956,20.529844,20.4965763092,25267,202208,5187200889313214686
GIST,half,8,2,2,C_ID_E,4,6813717409520896539,19.298057,19.2733764648,17913,143376,10240984302992681904
GIST,half,8,2,2,C_ID_E,3,17912368726981257746,12.961339,12.9381437302,22934,183544,3513084467399214196
GIST,half,8,2,2,C_ID_E,2,12949723088018134982,18.40353,18.3854084015,12,168,17798676870000866351
GIST,half,8,2,2,C_ID_E,1,5277735151802382403,16.109566,16.0932483673,5815,46592,12495090360753926488
GIST,half,8,2,2,C_ID_E,0,14628893485838184760,17.802125,17.7843837738,805,6512,12049670356140927271
GIST,half,8,2,2,C_MASK_E,127,15208757093895910829,12.138342,12.1168642044,11,160,1809397944155681048
GIST,half,8,2,2,C_MASK_E,126,12657858335344656681,8.426484,8.40742397308,8,136,4387400323091133037
GIST,half,8,2,2,C_MASK_E,125,3028236243262219857,12.976712,12.9620800018,8,136,425355140008332221
GIST,half,8,2,2,C_MASK_E,124,8609683818349710292,11.451225,11.436384201,8,136,13168834338195935582
GIST,half,8,2,2,C_MASK_E,123,11214984481703275179,13.586252,13.5718717575,1639,13184,17297314433685050926
GIST,half,8,2,2,C_MASK_E,122,2263849957397490031,14.758269,14.7409601212,2287,18368,8165417142188033165
GIST,half,8,2,2,C_MASK_E,121,18044578509838911779,12.483874,12.4673595428,10,152,7928744672891195179
GIST,half,8,2,2,C_MASK_E,120,5458740354294272417,15.052345,15.0355844498,9,144,7848134651590039281
GIST,half,8,2,2,C_MASK_E,119,5858457743813147244,13.580959,13.5632638931,396,3240,8827444684336327481
GIST,half,8,2,2,C_MASK_E,118,16469490972111288920,11.770402,11.749247551,4028,32296,883241890903009633
GIST,half,8,2,2,C_MASK_E,117,1006711879274558233,16.340691,16.3196487427,841,6800,11321619877609521957
GIST,half,8,2,2,C_MASK_E,116,476149813655704091,13.790272,13.7730236053,10,152,8858849561569991435
GIST,half,8,2,2,C_MASK_E,115,7649011970154020997,12.691545,12.6712961197,9,144,3206729205558378233
GIST,half,8,2,2,C_MASK_E,114,10648647139011189564,11.771781,11.7543678284,12,168,6772672195218087492
GIST,half,8,2,2,C_MASK_E,113,10535780349197406948,11.267791,11.249247551,8,136,14415464039087190790
GIST,half,8,2,2,C_MASK_E,112,10135745837711897539,11.095181,11.077088356,9,144,27334712204462216
GIST,half,8,2,2,C_MASK_E,111,3665995180310526364,14.975772,14.9523515701,41478,331896,5661520465715040291
GIST,half,8,2,2,C_MASK_E,110,10127478537340186675,11.501718,11.4835519791,10,152,1358658317263378375
GIST,half,8,2,2,C_MASK_E,109,17603205654855495503,11.785881,11.7616319656,6920,55432,4734971902105951802
GIST,half,8,2,2,C_MASK_E,108,5137605947089590316,13.175406,13.1581764221,22,248,8744501858676181288
GIST,half,8,2,2,C_MASK_E,107,12753255321128375907,12.423,12.4026880264,11,160,3736671290085159878
GIST,half,8,2,2,C_MASK_E,106,7862389240255096405,14.007869,13.9873924255,8,136,4454845205277636153
GIST,half,8,2,2,C_MASK_E,105,3382835124390735773,9.940611,9.92140769958,10,152,1633465981209507262
GIST,half,8,2,2,C_MASK_E,104,6318150018815276835,11.798689,11.7830724716,8,136,6252710342366139043
GIST,half,8,2,2,C_MASK_E,103,3358090661935181962,14.12377,14.1056003571,10,152,206827504788997805
GIST,half,8,2,2,C_MASK_E,102,5023834620232924699,10.592376,10.5687036514,9,144,4345061276902095567
GIST,half,8,2,2,C_MASK_E,101,463556152314022137,10.018236,10.001824379,9,144,17739438941913720152
GIST,half,8,2,2,C_MASK_E,100,416867533671327684,12.367376,12.349439621,4969,39824,18199109054269478174
GIST,half,8,2,2,C_MASK_E,99,11723484149300992671,15.273951,15.2563199997,2311,18560,15885591392866052173
GIST,half,8,2,2,C_MASK_E,98,1083222351448503346,15.359542,15.341088295,30,312,14811157689777586302
GIST,half,8,2,2,C_MASK_E,97,11331694305099227241,12.055636,12.0358076096,5629,45104,17435282213467792387
GIST,half,8,2,2,C_MASK_E,96,13118478308687119329,12.733877,12.7107515335,12672,101448,12414488981634579085
GIST,half,8,2,2,C_MASK_E,95,13797457395031324342,13.481547,13.4608316422,4312,34568,8681946398460365715
GIST,half,8,2,2,C_MASK_E,94,12966259267171903563,12.33657,12.3149442673,9,144,16525753693329126445
GIST,half,8,2,2,C_MASK_E,93,15824146815298812297,13.75387,13.7374401093,785,6352,16848583768543088517
GIST,half,8,2,2,C_MASK_E,92,7858987711662060174,10.240142,10.2188158035,16659,133344,18141791887973734438
GIST,half,8,2,2,C_MASK_E,91,13351219280779986121,11.094429,11.0724802017,91,800,7129016086556790661
GIST,half,8,2,2,C_MASK_E,90,1487146102952406162,12.94012,12.9195203781,9,144,11675729656657864315
GIST,half,8,2,2,C_MASK_E,89,17243398098289356237,13.940083,13.9128637314,19381,155120,11341570227103404206
GIST,half,8,2,2,C_MASK_E,88,17392447945923308625,10.517803,10.5004796982,11,160,16812603617364686395
GIST,half,8,2,2,C_MASK_E,87,8534974539240644349,13.452308,13.4277124405,22710,181752,7440715000576488328
GIST,half,8,2,2,C_MASK_E,86,6470508332142331894,15.176129,15.1583681107,3669,29424,3528509250306175135
GIST,half,8,2,2,C_MASK_E,85,10946770602578419956,10.836977,10.8190717697,8,136,1403974257677289190
GIST,half,8,2,2,C_MASK_E,84,10344073526508897281,12.828582,12.8113603592,10,152,12307297875457737052
GIST,half,8,2,2,C_MASK_E,83,8711237166219394419,11.48882,11.4703998566,16,200,1159450716902794998
GIST,half,8,2,2,C_MASK_E,82,17380680694385638840,12.955076,12.9379520416,10,152,17099624996036497700
GIST,half,8,2,2,C_MASK_E,81,4578548255021645869,11.641646,11.6257600784,8,136,7309366345031128353
GIST,half,8,2,2,C_MASK_E,80,8425382104893835461,14.302044,14.2863044739,138,1176,4615018082655609248
GIST,half,8,2,2,C_MASK_E,79,17525024244829704515,14.003443,13.9769601822,17953,143696,8782034102419046715
GIST,half,8,2,2,C_MASK_E,78,384590151492374026,15.26136,15.2389116287,1145,9232,6824037880318392156
GIST,half,8,2,2,C_MASK_E,77,13772194458325883781,14.012105,13.9953279495,8,136,3119058093217859169
GIST,half,8,2,2,C_MASK_E,76,6121457899850640239,15.370949,15.3517436981,10,152,10439922783850878615
GIST,half,8,2,2,C_MASK_E,75,10629383663104694533,10.70041,10.6810884476,8,136,1959805352102410517
GIST,half,8,2,2,C_MASK_E,74,17416559791252488439,12.524145,12.4976320267,15885,127152,9191986637692184623
GIST,half,8,2,2,C_MASK_E,73,6275675870158489986,11.45488,11.420255661,30287,242368,3965206015652614730
GIST,half,8,2,2,C_MASK_E,72,2775573294919263248,13.321039,13.3014717102,14,184,2008831888728120970
GIST,half,8,2,2,C_MASK_E,71,2653643927898021331,12.524373,12.507648468,8,136,6674983760768613763
GIST,half,8,2,2,C_MASK_E,70,7125887616712792012,15.087192,15.0591363907,30939,247584,2578173215488215435
GIST,half,8,2,2,C_MASK_E,69,16370389120603384840,15.203465,15.182144165,39,384,8893900566493377500
GIST,half,8,2,2,C_MASK_E,68,17584159069416176766,14.374574,14.3579521179,8,136,14994419951185837632
GIST,half,8,2,2,C_MASK_E,67,9413171363946879688,11.956769,11.9360637665,10,152,16410576142550180761
GIST,half,8,2,2,C_MASK_E,66,6567103049086711526,8.416868,8.3994884491,9,144,2120391718945614396
GIST,half,8,2,2,C_MASK_E,65,16264934943434005963,13.833776,13.8085441589,23549,188464,1717894044534139949
GIST,half,8,2,2,C_MASK_E,64,12923444094630896693,11.284784,11.2683839798,9,144,10890240329654538100
GIST,half,8,2,2,C_MASK_E,63,9575871338223549139,15.362908,15.3446722031,782,6328,14236409939300756135
GIST,half,8,2,2,C_MASK_E,62,8560399019494154138,15.679421,15.6591358185,16,200,10995028448307505731
GIST,half,8,2,2,C_MASK_E,61,2620909581344322254,14.03296,14.0091524124,159,1344,18016158801479111709
GIST,half,8,2,2,C_MASK_E,60,2761207983275075740,13.229996,13.1978883743,27937,223568,8219627611328849196
GIST,half,8,2,2,C_MASK_E,59,1580871052154375482,14.377515,14.3599681854,10,152,10996509777332881202
GIST,half,8,2,2,C_MASK_E,58,9268774494751827706,13.013287,12.9918403625,9,144,2940493626614828053
GIST,half,8,2,2,C_MASK_E,57,9021717632597148908,11.567692,11.5482559204,7688,61576,16146242436575770571
GIST,half,8,2,2,C_MASK_E,56,13083263465047869035,16.419129,16.3997116089,10500,84072,6126299974183225491
GIST,half,8,2,2,C_MASK_E,55,2573792055271618832,11.984433,11.9575357437,13053,104496,3700418904193080229
GIST,half,8,2,2,C_MASK_E,54,12485651515614408301,14.457021,14.4302721024,27648,221256,13982227894810710128
GIST,half,8,2,2,C_MASK_E,53,1181170520412032450,12.696538,12.681599617,8,136,15161611065330365500
GIST,half,8,2,2,C_MASK_E,52,10782300321295982446,14.924094,14.9041280746,11,160,2262457125570541601
GIST,half,8,2,2,C_MASK_E,51,1321970314038155003,11.747613,11.7288961411,9,144,1725180568680233592
GIST,half,8,2,2,C_MASK_E,50,2593988135360058460,11.461352,11.4240322113,49566,396600,10688624242403767082
GIST,half,8,2,2,C_MASK_E,49,15716071042978413762,12.841333,12.8209276199,1785,14352,16881791907273901609
GIST,half,8,2,2,C_MASK_E,48,8248488942050825693,15.18915,15.165599823,10130,81112,4850681651806503319
GIST,half,8,2,2,C_MASK_E,47,197228195401547247,11.265667,11.2399044037,29946,239640,3603301588478779561
GIST,half,8,2,2,C_MASK_E,46,4808905104634366418,14.426223,14.4048318863,9,144,14613523175337427617
GIST,half,8,2,2,C_MASK_E,45,10634279939165845196,12.450195,12.4338884354,11,160,13746219426551555317
GIST,half,8,2,2,C_MASK_E,44,2657517881292301308,10.286098,10.2499198914,28625,229072,14362931499080891524
GIST,half,8,2,2,C_MASK_E,43,3580392345773888933,12.816434,12.793888092,11,160,7130942906748589245
GIST,half,8,2,2,C_MASK_E,42,16130457613556805909,9.981382,9.96409606934,10,152,1351820667773349880
GIST,half,8,2,2,C_MASK_E,41,15735649071512523416,15.076718,15.0547523499,11,160,6439908275319918567
GIST,half,8,2,2,C_MASK_E,40,523521015842037129,13.224838,13.2076482773,118,1016,14906896884422937853
GIST,half,8,2,2,C_MASK_E,39,5134469820061381952,13.446044,13.4298563004,173,1456,11882963430235204481
GIST,half,8,2,2,C_MASK_E,38,13700905950939581536,10.264144,10.2476158142,9,144,10212566950510398326
GIST,half,8,2,2,C_MASK_E,37,7931106857473092034,13.516953,13.4998397827,1642,13208,4836914976961728650
GIST,half,8,2,2,C_MASK_E,36,5862842069398405510,14.915772,14.890048027,29682,237528,719140743100350364
GIST,half,8,2,2,C_MASK_E,35,7182522047579593487,11.41604,11.397567749,12,168,13084839061348052764
GIST,half,8,2,2,C_MASK_E,34,11193354026380747684,14.394208,14.3693122864,18718,149816,10323070077910272027
GIST,half,8,2,2,C_MASK_E,33,17951213273852593361,11.11148,11.0960960388,8,136,7118776530039946925
GIST,half,8,2,2,C_MASK_E,32,1018801991084754777,15.94777,15.9151039124,31191,249600,4139212840337583677
GIST,half,8,2,2,C_MASK_E,31,16717924179856591400,10.732723,10.7152318954,98,856,12253136263172607446
GIST,half,8,2,2,C_MASK_E,30,12630940382236276606,13.982282,13.9601602554,15,192,3888228134973069709
GIST,half,8,2,2,C_MASK_E,29,7111803339956803225,13.208504,13.191488266,9,144,11080742569331125641
GIST,half,8,2,2,C_MASK_E,28,9719453371904557375,15.556602,15.5403518677,53,496,4295370152413759317
GIST,half,8,2,2,C_MASK_E,27,14732108746546988498,11.382138,11.3441915512,31256,250120,10640609347284222608
GIST,half,8,2,2,C_MASK_E,26,18398409255790635840,13.111198,13.0883836746,8,136,16965475016388596626
GIST,half,8,2,2,C_MASK_E,25,15312881684633933655,15.150718,15.1267518997,32548,260456,16202494671275670828
GIST,half,8,2,2,C_MASK_E,24,14343238801608074176,11.330484,11.3159999847,8,136,335641030610087762
GIST,half,8,2,2,C_MASK_E,23,3351983320614235452,12.803649,12.7842235565,8,136,10795653417440584118
GIST,half,8,2,2,C_MASK_E,22,9583610160574751482,12.606934,12.5875196457,104,904,17584774084035178489
GIST,half,8,2,2,C_MASK_E,21,2715171980480150680,15.131144,15.1146240234,3295,26432,4697067458263101281
GIST,half,8,2,2,C_MASK_E,20,13580243989274015108,10.63907,10.6247682571,13,176,12167542613742431786
GIST,half,8,2,2,C_MASK_E,19,4844542844294841975,14.117896,14.0919361115,27119,217024,3036884596305404821
GIST,half,8,2,2,C_MASK_E,18,3071783437712951460,8.957601,8.93590354919,9,144,4097877200455553912
GIST,half,8,2,2,C_MASK_E,17,9906517406195203870,13.530273,13.50096035,28764,230184,13893008974686436000
GIST,half,8,2,2,C_MASK_E,16,3537798568722033093,15.770954,15.7371520996,45233,361936,10934986133749753810
GIST,half,8,2,2,C_MASK_E,15,5936729861741803939,12.794055,12.7762880325,1825,14672,4523878408681453459
GIST,half,8,2,2,C_MASK_E,14,18369275761964115190,11.431549,11.4153604507,8,136,17294034751593305288
GIST,half,8,2,2,C_MASK_E,13,12716887085642250387,11.430166,11.413151741,10,152,5751298164538243026
GIST,half,8,2,2,C_MASK_E,12,17460078167775218888,11.91008,11.8927679062,219,1824,12113822531377232237
GIST,half,8,2,2,C_MASK_E,11,407413494807729236,14.494022,14.466176033,20742,166008,748099361995206288
GIST,half,8,2,2,C_MASK_E,10,16634692065747566502,9.183131,9.1656961441,9,144,13324388130527482689
GIST,half,8,2,2,C_MASK_E,9,4680770526928094267,12.773215,12.7556476593,9,144,6185833218944131429
GIST,half,8,2,2,C_MASK_E,8,3722915141321120792,13.259086,13.2385597229,16,200,17247831106653997488
GIST,half,8,2,2,C_MASK_E,7,7966444742523137199,9.9702,9.95164775848,9,144,294158670510647467
GIST,half,8,2,2,C_MASK_E,6,13750152615788058147,13.492474,13.4707517624,367,3008,8703337812097627909
GIST,half,8,2,2,C_MASK_E,5,15746877753817476956,16.842805,16.8171195984,25267,202208,5187200889313214686
GIST,half,8,2,2,C_MASK_E,4,6813717409520896539,15.439305,15.411359787,17913,143376,10240984302992681904
GIST,half,8,2,2,C_MASK_E,3,17912368726981257746,11.275833,11.2492160797,22934,183544,3513084467399214196
GIST,half,8,2,2,C_MASK_E,2,12949723088018134982,14.831028,14.8090877533,12,168,17798676870000866351
GIST,half,8,2,2,C_MASK_E,1,5277735151802382403,13.113329,13.0901117325,5815,46592,12495090360753926488
GIST,half,8,2,2,C_MASK_E,0,14628893485838184760,14.401155,14.3840961456,805,6512,12049670356140927271
GIST,half,8,2,2,C_TASK_E,127,15208757093895910829,12.075834,12.0554876328,11,160,1809397944155681048
GIST,half,8,2,2,C_TASK_E,126,12657858335344656681,8.327255,8.30534362793,8,136,4387400323091133037
GIST,half,8,2,2,C_TASK_E,125,3028236243262219857,13.070072,13.0526075363,8,136,425355140008332221
GIST,half,8,2,2,C_TASK_E,124,8609683818349710292,11.316648,11.301823616,8,136,13168834338195935582
GIST,half,8,2,2,C_TASK_E,123,11214984481703275179,13.524897,13.5104961395,1639,13184,17297314433685050926
GIST,half,8,2,2,C_TASK_E,122,2263849957397490031,14.73224,14.7171201706,2287,18368,8165417142188033165
GIST,half,8,2,2,C_TASK_E,121,18044578509838911779,12.46975,12.4486398697,10,152,7928744672891195179
GIST,half,8,2,2,C_TASK_E,120,5458740354294272417,14.926442,14.9068803787,9,144,7848134651590039281
GIST,half,8,2,2,C_TASK_E,119,5858457743813147244,13.574872,13.5536956787,396,3240,8827444684336327481
GIST,half,8,2,2,C_TASK_E,118,16469490972111288920,11.668666,11.6503038406,4028,32296,883241890903009633
GIST,half,8,2,2,C_TASK_E,117,1006711879274558233,16.26652,16.2485122681,841,6800,11321619877609521957
GIST,half,8,2,2,C_TASK_E,116,476149813655704091,13.809043,13.7946243286,10,152,8858849561569991435
GIST,half,8,2,2,C_TASK_E,115,7649011970154020997,12.664433,12.6439037323,9,144,3206729205558378233
GIST,half,8,2,2,C_TASK_E,114,10648647139011189564,11.658759,11.6388158798,12,168,6772672195218087492
GIST,half,8,2,2,C_TASK_E,113,10535780349197406948,11.338207,11.318271637,8,136,14415464039087190790
GIST,half,8,2,2,C_TASK_E,112,10135745837711897539,11.067263,11.0479364395,9,144,27334712204462216
GIST,half,8,2,2,C_TASK_E,111,3665995180310526364,14.90684,14.8859195709,41478,331896,5661520465715040291
GIST,half,8,2,2,C_TASK_E,110,10127478537340186675,11.472861,11.4554243088,10,152,1358658317263378375
GIST,half,8,2,2,C_TASK_E,109,17603205654855495503,11.758539,11.7387838364,6920,55432,4734971902105951802
GIST,half,8,2,2,C_TASK_E,108,5137605947089590316,13.11866,13.09923172,22,248,8744501858676181288
GIST,half,8,2,2,C_TASK_E,107,12753255321128375907,12.345717,12.3231039047,11,160,3736671290085159878
GIST,half,8,2,2,C_TASK_E,106,7862389240255096405,13.871184,13.8562879562,8,136,4454845205277636153
GIST,half,8,2,2,C_TASK_E,105,3382835124390735773,9.802945,9.78441619873,10,152,1633465981209507262
GIST,half,8,2,2,C_TASK_E,104,6318150018815276835,11.717458,11.7008638382,8,136,6252710342366139043
GIST,half,8,2,2,C_TASK_E,103,3358090661935181962,14.076429,14.0587520599,10,152,206827504788997805
GIST,half,8,2,2,C_TASK_E,102,5023834620232924699,10.452968,10.4352636337,9,144,4345061276902095567
GIST,half,8,2,2,C_TASK_E,101,463556152314022137,9.965134,9.9507522583,9,144,17739438941913720152
GIST,half,8,2,2,C_TASK_E,100,416867533671327684,12.457917,12.439904213,4969,39824,18199109054269478174
GIST,half,8,2,2,C_TASK_E,99,11723484149300992671,15.213758,15.1986236572,2311,18560,15885591392866052173
GIST,half,8,2,2,C_TASK_E,98,1083222351448503346,15.29581,15.2749443054,30,312,14811157689777586302
GIST,half,8,2,2,C_TASK_E,97,11331694305099227241,11.917356,11.8959035873,5629,45104,17435282213467792387
GIST,half,8,2,2,C_TASK_E,96,13118478308687119329,12.559681,12.5402555466,12672,101448,12414488981634579085
GIST,half,8,2,2,C_TASK_E,95,13797457395031324342,13.418319,13.4024000168,4312,34568,8681946398460365715
GIST,half,8,2,2,C_TASK_E,94,12966259267171903563,12.233893,12.2124481201,9,144,16525753693329126445
GIST,half,8,2,2,C_TASK_E,93,15824146815298812297,13.671987,13.651391983,785,6352,16848583768543088517
GIST,half,8,2,2,C_TASK_E,92,7858987711662060174,10.101328,10.0797119141,16659,133344,18141791887973734438
GIST,half,8,2,2,C_TASK_E,91,13351219280779986121,11.080334,11.0640964508,91,800,7129016086556790661
GIST,half,8,2,2,C_TASK_E,90,1487146102952406162,12.81564,12.801407814,9,144,11675729656657864315
GIST,half,8,2,2,C_TASK_E,89,17243398098289356237,13.888458,13.864607811,19381,155120,11341570227103404206
GIST,half,8,2,2,C_TASK_E,88,17392447945923308625,10.502038,10.483455658,11,160,16812603617364686395
GIST,half,8,2,2,C_TASK_E,87,8534974539240644349,13.337379,13.3118076324,22710,181752,7440715000576488328
GIST,half,8,2,2,C_TASK_E,86,6470508332142331894,15.099304,15.0795516968,3669,29424,3528509250306175135
GIST,half,8,2,2,C_TASK_E,85,10946770602578419956,10.785648,10.7651519775,8,136,1403974257677289190
GIST,half,8,2,2,C_TASK_E,84,10344073526508897281,12.775021,12.7586240768,10,152,12307297875457737052
GIST,half,8,2,2,C_TASK_E,83,8711237166219394419,11.500457,11.4858236313,16,200,1159450716902794998
GIST,half,8,2,2,C_TASK_E,82,17380680694385638840,12.749367,12.7305278778,10,152,17099624996036497700
GIST,half,8,2,2,C_TASK_E,81,4578548255021645869,11.645575,11.6296644211,8,136,7309366345031128353
GIST,half,8,2,2,C_TASK_E,80,8425382104893835461,14.316517,14.3011522293,138,1176,4615018082655609248
GIST,half,8,2,2,C_TASK_E,79,17525024244829704515,13.986301,13.9647359848,17953,143696,8782034102419046715
GIST,half,8,2,2,C_TASK_E,78,384590151492374026,15.102003,15.086815834,1145,9232,6824037880318392156
GIST,half,8,2,2,C_TASK_E,77,13772194458325883781,14.003872,13.9902715683,8,136,3119058093217859169
GIST,half,8,2,2,C_TASK_E,76,6121457899850640239,15.308059,15.2917118073,10,152,10439922783850878615
GIST,half,8,2,2,C_TASK_E,75,10629383663104694533,10.638078,10.6153278351,8,136,1959805352102410517
GIST,half,8,2,2,C_TASK_E,74,17416559791252488439,12.412343,12.3846082687,15885,127152,9191986637692184623
GIST,half,8,2,2,C_TASK_E,73,6275675870158489986,11.409517,11.3800964355,30287,242368,3965206015652614730
GIST,half,8,2,2,C_TASK_E,72,2775573294919263248,13.269055,13.2546243668,14,184,2008831888728120970
GIST,half,8,2,2,C_TASK_E,71,2653643927898021331,12.456665,12.4343042374,8,136,6674983760768613763
GIST,half,8,2,2,C_TASK_E,70,7125887616712792012,14.996776,14.9713602066,30939,247584,2578173215488215435
GIST,half,8,2,2,C_TASK_E,69,16370389120603384840,15.174512,15.1580476761,39,384,8893900566493377500
GIST,half,8,2,2,C_TASK_E,68,17584159069416176766,14.328293,14.3138561249,8,136,14994419951185837632
GIST,half,8,2,2,C_TASK_E,67,9413171363946879688,11.916481,11.8976316452,10,152,16410576142550180761
GIST,half,8,2,2,C_TASK_E,66,6567103049086711526,8.450255,8.43391990662,9,144,2120391718945614396
GIST,half,8,2,2,C_TASK_E,65,16264934943434005963,13.742662,13.7153596878,23549,188464,1717894044534139949
GIST,half,8,2,2,C_TASK_E,64,12923444094630896693,11.374081,11.3525762558,9,144,10890240329654538100
GIST,half,8,2,2,C_TASK_E,63,9575871338223549139,15.225653,15.2094717026,782,6328,14236409939300756135
GIST,half,8,2,2,C_TASK_E,62,8560399019494154138,15.664565,15.6418876648,16,200,10995028448307505731
GIST,half,8,2,2,C_TASK_E,61,2620909581344322254,13.972932,13.956319809,159,1344,18016158801479111709
GIST,half,8,2,2,C_TASK_E,60,2761207983275075740,13.205001,13.1725435257,27937,223568,8219627611328849196
GIST,half,8,2,2,C_TASK_E,59,1580871052154375482,14.325982,14.3102722168,10,152,10996509777332881202
GIST,half,8,2,2,C_TASK_E,58,9268774494751827706,12.950261,12.9374399185,9,144,2940493626614828053
GIST,half,8,2,2,C_TASK_E,57,9021717632597148908,11.498959,11.4801282883,7688,61576,16146242436575770571
GIST,half,8,2,2,C_TASK_E,56,13083263465047869035,16.504758,16.4851837158,10500,84072,6126299974183225491
GIST,half,8,2,2,C_TASK_E,55,2573792055271618832,11.942647,11.9217920303,13053,104496,3700418904193080229
GIST,half,8,2,2,C_TASK_E,54,12485651515614408301,14.109453,14.0845117569,27648,221256,13982227894810710128
GIST,half,8,2,2,C_TASK_E,53,1181170520412032450,12.605652,12.5882558823,8,136,15161611065330365500
GIST,half,8,2,2,C_TASK_E,52,10782300321295982446,14.988563,14.9696321487,11,160,2262457125570541601
GIST,half,8,2,2,C_TASK_E,51,1321970314038155003,11.706647,11.6872320175,9,144,1725180568680233592
GIST,half,8,2,2,C_TASK_E,50,2593988135360058460,11.390539,11.3557443619,49566,396600,10688624242403767082
GIST,half,8,2,2,C_TASK_E,49,15716071042978413762,12.887787,12.8736000061,1785,14352,16881791907273901609
GIST,half,8,2,2,C_TASK_E,48,8248488942050825693,15.284996,15.2673597336,10130,81112,4850681651806503319
GIST,half,8,2,2,C_TASK_E,47,197228195401547247,11.165393,11.139840126,29946,239640,3603301588478779561
GIST,half,8,2,2,C_TASK_E,46,4808905104634366418,14.311522,14.2930555344,9,144,14613523175337427617
GIST,half,8,2,2,C_TASK_E,45,10634279939165845196,12.455476,12.4339523315,11,160,13746219426551555317
GIST,half,8,2,2,C_TASK_E,44,2657517881292301308,10.194526,10.1696643829,28625,229072,14362931499080891524
GIST,half,8,2,2,C_TASK_E,43,3580392345773888933,12.740712,12.7263040543,11,160,7130942906748589245
GIST,half,8,2,2,C_TASK_E,42,16130457613556805909,9.936976,9.91577625275,10,152,1351820667773349880
GIST,half,8,2,2,C_TASK_E,41,15735649071512523416,15.074314,15.0518083572,11,160,6439908275319918567
GIST,half,8,2,2,C_TASK_E,40,523521015842037129,13.094404,13.0760002136,118,1016,14906896884422937853
GIST,half,8,2,2,C_TASK_E,39,5134469820061381952,13.390043,13.371295929,173,1456,11882963430235204481
GIST,half,8,2,2,C_TASK_E,38,13700905950939581536,10.356855,10.342464447,9,144,10212566950510398326
GIST,half,8,2,2,C_TASK_E,37,7931106857473092034,13.499262,13.482624054,1642,13208,4836914976961728650
GIST,half,8,2,2,C_TASK_E,36,5862842069398405510,14.791882,14.7634878159,29682,237528,719140743100350364
GIST,half,8,2,2,C_TASK_E,35,7182522047579593487,11.424605,11.4071035385,12,168,13084839061348052764
GIST,half,8,2,2,C_TASK_E,34,11193354026380747684,14.340686,14.3149442673,18718,149816,10323070077910272027
GIST,half,8,2,2,C_TASK_E,33,17951213273852593361,11.191737,11.177280426,8,136,7118776530039946925
GIST,half,8,2,2,C_TASK_E,32,1018801991084754777,15.765143,15.7371520996,31191,249600,4139212840337583677
GIST,half,8,2,2,C_TASK_E,31,16717924179856591400,10.588942,10.5728321075,98,856,12253136263172607446
GIST,half,8,2,2,C_TASK_E,30,12630940382236276606,13.993365,13.9758081436,15,192,3888228134973069709
GIST,half,8,2,2,C_TASK_E,29,7111803339956803225,13.217386,13.2029762268,9,144,11080742569331125641
GIST,half,8,2,2,C_TASK_E,28,9719453371904557375,15.201174,15.184384346,53,496,4295370152413759317
GIST,half,8,2,2,C_TASK_E,27,14732108746546988498,11.329945,11.3009281158,31256,250120,10640609347284222608
GIST,half,8,2,2,C_TASK_E,26,18398409255790635840,13.194702,13.179391861,8,136,16965475016388596626
GIST,half,8,2,2,C_TASK_E,25,15312881684633933655,15.157423,15.1293439865,32548,260456,16202494671275670828
GIST,half,8,2,2,C_TASK_E,24,14343238801608074176,11.459806,11.4388799667,8,136,335641030610087762
GIST,half,8,2,2,C_TASK_E,23,3351983320614235452,12.93644,12.9165763855,8,136,10795653417440584118
GIST,half,8,2,2,C_TASK_E,22,9583610160574751482,12.528362,12.5126399994,104,904,17584774084035178489
GIST,half,8,2,2,C_TASK_E,21,2715171980480150680,15.074668,15.0511360168,3295,26432,4697067458263101281
GIST,half,8,2,2,C_TASK_E,20,13580243989274015108,10.589754,10.5712003708,13,176,12167542613742431786
GIST,half,8,2,2,C_TASK_E,19,4844542844294841975,14.479158,14.4502401352,27119,217024,3036884596305404821
GIST,half,8,2,2,C_TASK_E,18,3071783437712951460,8.918326,8.90531158447,9,144,4097877200455553912
GIST,half,8,2,2,C_TASK_E,17,9906517406195203870,13.312287,13.2864322662,28764,230184,13893008974686436000
GIST,half,8,2,2,C_TASK_E,16,3537798568722033093,15.679279,15.6498556137,45233,361936,10934986133749753810
GIST,half,8,2,2,C_TASK_E,15,5936729861741803939,12.752153,12.7341117859,1825,14672,4523878408681453459
GIST,half,8,2,2,C_TASK_E,14,18369275761964115190,11.463122,11.4486722946,8,136,17294034751593305288
GIST,half,8,2,2,C_TASK_E,13,12716887085642250387,11.390182,11.3743362427,10,152,5751298164538243026
GIST,half,8,2,2,C_TASK_E,12,17460078167775218888,11.953099,11.9348478317,219,1824,12113822531377232237
GIST,half,8,2,2,C_TASK_E,11,407413494807729236,14.481652,14.4601602554,20742,166008,748099361995206288
GIST,half,8,2,2,C_TASK_E,10,16634692065747566502,9.124273,9.11097621918,9,144,13324388130527482689
GIST,half,8,2,2,C_TASK_E,9,4680770526928094267,12.65244,12.6390075684,9,144,6185833218944131429
GIST,half,8,2,2,C_TASK_E,8,3722915141321120792,13.192883,13.1772480011,16,200,17247831106653997488
GIST,half,8,2,2,C_TASK_E,7,7966444742523137199,9.892186,9.87631988525,9,144,294158670510647467
GIST,half,8,2,2,C_TASK_E,6,13750152615788058147,13.427774,13.4082555771,367,3008,8703337812097627909
GIST,half,8,2,2,C_TASK_E,5,15746877753817476956,16.694557,16.6631031036,25267,202208,5187200889313214686
GIST,half,8,2,2,C_TASK_E,4,6813717409520896539,15.524296,15.4970560074,17913,143376,10240984302992681904
GIST,half,8,2,2,C_TASK_E,3,17912368726981257746,11.334037,11.3112316132,22934,183544,3513084467399214196
GIST,half,8,2,2,C_TASK_E,2,12949723088018134982,14.757678,14.7423038483,12,168,17798676870000866351
GIST,half,8,2,2,C_TASK_E,1,5277735151802382403,13.083855,13.0657920837,5815,46592,12495090360753926488
GIST,half,8,2,2,C_TASK_E,0,14628893485838184760,14.311352,14.2908477783,805,6512,12049670356140927271
GIST,half,32,2,2,SCAN_L,31,7995077726280952526,177.601969,177.58265686,35,544,17738710621554888361
GIST,half,32,2,2,SCAN_L,30,14416838764258129161,177.602741,177.584701538,3945,31824,15666152673139803166
GIST,half,32,2,2,SCAN_L,29,15030165245001765777,177.601989,177.585220337,5275,42464,13081611358792727333
GIST,half,32,2,2,SCAN_L,28,306400533752808697,177.602521,177.584671021,38,568,15415108955034365904
GIST,half,32,2,2,SCAN_L,27,161217794029549079,177.613397,177.587554932,48430,387704,10897917077796498645
GIST,half,32,2,2,SCAN_L,26,13539082034095136927,177.610832,177.591522217,37,560,9838144373337488345
GIST,half,32,2,2,SCAN_L,25,13585693668991832971,177.606099,177.586593628,4997,40240,8060471171494153783
GIST,half,32,2,2,SCAN_L,24,1048821632111722058,177.611674,177.586914062,20642,165400,15602677906020214158
GIST,half,32,2,2,SCAN_L,23,10851237028586424301,177.613017,177.584960938,21765,174384,7548619885067429970
GIST,half,32,2,2,SCAN_L,22,5004653838559619408,177.909487,177.879165649,19492,156200,15755818672585262164
GIST,half,32,2,2,SCAN_L,21,3486346971057125245,177.608293,177.582214355,26397,211440,8960657414760105658
GIST,half,32,2,2,SCAN_L,20,10712815744133708220,177.601949,177.584091187,172,1640,17430303074918329068
GIST,half,32,2,2,SCAN_L,19,15820513675728183516,177.608228,177.584793091,19116,153192,6060893219430260750
GIST,half,32,2,2,SCAN_L,18,10765395806018310607,177.618715,177.587173462,46194,369816,7444862595273582325
GIST,half,32,2,2,SCAN_L,17,2222729423292320042,177.612474,177.58505249,30994,248216,3826611666964392027
GIST,half,32,2,2,SCAN_L,16,8534462434835011887,177.610179,177.585540771,23577,188880,3778250351653536887
GIST,half,32,2,2,SCAN_L,15,4980500077960720760,177.612296,177.584838867,28894,231416,17240864116231060822
GIST,half,32,2,2,SCAN_L,14,3185229373934033660,177.608121,177.585342407,18207,145920,13654456654282768996
GIST,half,32,2,2,SCAN_L,13,1075722662635840942,177.61675,177.584228516,40720,326024,4270533297038567303
GIST,half,32,2,2,SCAN_L,12,13216066866632432715,177.623233,177.5912323,61490,492184,8239061200449829015
GIST,half,32,2,2,SCAN_L,11,12325065973520304682,177.620505,177.584838867,58591,468992,267835482051343214
GIST,half,32,2,2,SCAN_L,10,5544530460631338786,177.597651,177.582015991,150,1464,13924800278538701120
GIST,half,32,2,2,SCAN_L,9,7601489796430488175,177.610353,177.583908081,31506,252312,1329596921172543006
GIST,half,32,2,2,SCAN_L,8,15783018974750835728,177.613808,177.581924438,49929,399696,4190309505508178420
GIST,half,32,2,2,SCAN_L,7,7872727791650862151,177.598587,177.581924438,175,1664,4643210386447554668
GIST,half,32,2,2,SCAN_L,6,4668807861364956970,177.627407,177.586593628,63820,510824,10099402955953869603
GIST,half,32,2,2,SCAN_L,5,8419766857112927641,177.596523,177.580551147,3420,27624,17792685588925117483
GIST,half,32,2,2,SCAN_L,4,9368830554395401223,177.633657,177.585342407,101125,809264,13109810449993187880
GIST,half,32,2,2,SCAN_L,3,17322893638147462453,177.600046,177.584762573,2062,16760,7116414848619904563
GIST,half,32,2,2,SCAN_L,2,9607284371048990950,177.60574,177.584320068,20776,166472,17020235287267412215
GIST,half,32,2,2,SCAN_L,1,3085188792669438576,177.610997,177.583847046,43556,348712,7751775623948015455
GIST,half,32,2,2,SCAN_L,0,13392786189952033124,177.610245,177.584472656,29566,236792,17654899910400677031
GIST,half,32,2,2,C_ID_L,31,7995077726280952526,151.206808,151.189529419,35,544,17738710621554888361
GIST,half,32,2,2,C_ID_L,30,14416838764258129161,159.421017,159.405731201,3945,31824,15666152673139803166
GIST,half,32,2,2,C_ID_L,29,15030165245001765777,156.292617,156.27722168,5275,42464,13081611358792727333
GIST,half,32,2,2,C_ID_L,28,306400533752808697,145.929841,145.913116455,38,568,15415108955034365904
GIST,half,32,2,2,C_ID_L,27,161217794029549079,142.998422,142.973464966,48430,387704,10897917077796498645
GIST,half,32,2,2,C_ID_L,26,13539082034095136927,154.733787,154.718078613,37,560,9838144373337488345
GIST,half,32,2,2,C_ID_L,25,13585693668991832971,157.057221,157.039001465,4997,40240,8060471171494153783
GIST,half,32,2,2,C_ID_L,24,1048821632111722058,146.841447,146.806686401,20642,165400,15602677906020214158
GIST,half,32,2,2,C_ID_L,23,10851237028586424301,143.609941,143.580505371,21765,174384,7548619885067429970
GIST,half,32,2,2,C_ID_L,22,5004653838559619408,140.353303,140.328125,19492,156200,15755818672585262164
GIST,half,32,2,2,C_ID_L,21,3486346971057125245,160.91176,160.882492065,26397,211440,8960657414760105658
GIST,half,32,2,2,C_ID_L,20,10712815744133708220,149.438972,149.421051025,172,1640,17430303074918329068
GIST,half,32,2,2,C_ID_L,19,15820513675728183516,161.192098,161.164474487,19116,153192,6060893219430260750
GIST,half,32,2,2,C_ID_L,18,10765395806018310607,147.40328,147.369720459,46194,369816,7444862595273582325
GIST,half,32,2,2,C_ID_L,17,2222729423292320042,161.479881,161.449920654,30994,248216,3826611666964392027
GIST,half,32,2,2,C_ID_L,16,8534462434835011887,131.887847,131.862716675,23577,188880,3778250351653536887
GIST,half,32,2,2,C_ID_L,15,4980500077960720760,162.929268,162.899612427,28894,231416,17240864116231060822
GIST,half,32,2,2,C_ID_L,14,3185229373934033660,146.817452,146.792633057,18207,145920,13654456654282768996
GIST,half,32,2,2,C_ID_L,13,1075722662635840942,155.901264,155.870330811,40720,326024,4270533297038567303
GIST,half,32,2,2,C_ID_L,12,13216066866632432715,139.795875,139.756866455,61490,492184,8239061200449829015
GIST,half,32,2,2,C_ID_L,11,12325065973520304682,148.435553,148.391448975,58591,468992,267835482051343214
GIST,half,32,2,2,C_ID_L,10,5544530460631338786,153.554439,153.538650513,150,1464,13924800278538701120
GIST,half,32,2,2,C_ID_L,9,7601489796430488175,152.384913,152.358047485,31506,252312,1329596921172543006
GIST,half,32,2,2,C_ID_L,8,15783018974750835728,150.337797,150.304290771,49929,399696,4190309505508178420
GIST,half,32,2,2,C_ID_L,7,7872727791650862151,157.351016,157.329574585,175,1664,4643210386447554668
GIST,half,32,2,2,C_ID_L,6,4668807861364956970,146.26358,146.217254639,63820,510824,10099402955953869603
GIST,half,32,2,2,C_ID_L,5,8419766857112927641,155.324836,155.302658081,3420,27624,17792685588925117483
GIST,half,32,2,2,C_ID_L,4,9368830554395401223,143.151389,143.103485107,101125,809264,13109810449993187880
GIST,half,32,2,2,C_ID_L,3,17322893638147462453,144.7301,144.711975098,2062,16760,7116414848619904563
GIST,half,32,2,2,C_ID_L,2,9607284371048990950,135.396748,135.373886108,20776,166472,17020235287267412215
GIST,half,32,2,2,C_ID_L,1,3085188792669438576,147.705284,147.669692993,43556,348712,7751775623948015455
GIST,half,32,2,2,C_ID_L,0,13392786189952033124,154.742113,154.711364746,29566,236792,17654899910400677031
GIST,half,32,2,2,C_MASK_L,31,7995077726280952526,141.072764,141.054168701,35,544,17738710621554888361
GIST,half,32,2,2,C_MASK_L,30,14416838764258129161,148.302524,148.286087036,3945,31824,15666152673139803166
GIST,half,32,2,2,C_MASK_L,29,15030165245001765777,144.935669,144.914245605,5275,42464,13081611358792727333
GIST,half,32,2,2,C_MASK_L,28,306400533752808697,136.407335,136.387619019,38,568,15415108955034365904
GIST,half,32,2,2,C_MASK_L,27,161217794029549079,134.031632,134.000549316,48430,387704,10897917077796498645
GIST,half,32,2,2,C_MASK_L,26,13539082034095136927,143.632589,143.612472534,37,560,9838144373337488345
GIST,half,32,2,2,C_MASK_L,25,13585693668991832971,145.796805,145.771102905,4997,40240,8060471171494153783
GIST,half,32,2,2,C_MASK_L,24,1048821632111722058,137.802314,137.776473999,20642,165400,15602677906020214158
GIST,half,32,2,2,C_MASK_L,23,10851237028586424301,134.853211,134.825912476,21765,174384,7548619885067429970
GIST,half,32,2,2,C_MASK_L,22,5004653838559619408,131.695619,131.667999268,19492,156200,15755818672585262164
GIST,half,32,2,2,C_MASK_L,21,3486346971057125245,149.026968,149.000610352,26397,211440,8960657414760105658
GIST,half,32,2,2,C_MASK_L,20,10712815744133708220,139.690428,139.675033569,172,1640,17430303074918329068
GIST,half,32,2,2,C_MASK_L,19,15820513675728183516,149.364238,149.334457397,19116,153192,6060893219430260750
GIST,half,32,2,2,C_MASK_L,18,10765395806018310607,137.416852,137.381027222,46194,369816,7444862595273582325
GIST,half,32,2,2,C_MASK_L,17,2222729423292320042,149.396486,149.369598389,30994,248216,3826611666964392027
GIST,half,32,2,2,C_MASK_L,16,8534462434835011887,125.220233,125.19606781,23577,188880,3778250351653536887
GIST,half,32,2,2,C_MASK_L,15,4980500077960720760,150.659722,150.631362915,28894,231416,17240864116231060822
GIST,half,32,2,2,C_MASK_L,14,3185229373934033660,137.152667,137.12512207,18207,145920,13654456654282768996
GIST,half,32,2,2,C_MASK_L,13,1075722662635840942,145.076569,145.041091919,40720,326024,4270533297038567303
GIST,half,32,2,2,C_MASK_L,12,13216066866632432715,131.223592,131.181793213,61490,492184,8239061200449829015
GIST,half,32,2,2,C_MASK_L,11,12325065973520304682,138.872664,138.831970215,58591,468992,267835482051343214
GIST,half,32,2,2,C_MASK_L,10,5544530460631338786,143.061952,143.042373657,150,1464,13924800278538701120
GIST,half,32,2,2,C_MASK_L,9,7601489796430488175,142.280556,142.247421265,31506,252312,1329596921172543006
GIST,half,32,2,2,C_MASK_L,8,15783018974750835728,140.702256,140.659744263,49929,399696,4190309505508178420
GIST,half,32,2,2,C_MASK_L,7,7872727791650862151,145.492036,145.473632812,175,1664,4643210386447554668
GIST,half,32,2,2,C_MASK_L,6,4668807861364956970,136.678746,136.632354736,63820,510824,10099402955953869603
GIST,half,32,2,2,C_MASK_L,5,8419766857112927641,144.547156,144.525985718,3420,27624,17792685588925117483
GIST,half,32,2,2,C_MASK_L,4,9368830554395401223,134.169304,134.121536255,101125,809264,13109810449993187880
GIST,half,32,2,2,C_MASK_L,3,17322893638147462453,135.291405,135.274017334,2062,16760,7116414848619904563
GIST,half,32,2,2,C_MASK_L,2,9607284371048990950,127.458865,127.435165405,20776,166472,17020235287267412215
GIST,half,32,2,2,C_MASK_L,1,3085188792669438576,138.371485,138.328353882,43556,348712,7751775623948015455
GIST,half,32,2,2,C_MASK_L,0,13392786189952033124,144.139248,144.111740112,29566,236792,17654899910400677031
GIST,half,32,2,2,C_TASK_L,31,7995077726280952526,177.301828,177.278747559,35,544,17738710621554888361
GIST,half,32,2,2,C_TASK_L,30,14416838764258129161,180.205223,180.189178467,3945,31824,15666152673139803166
GIST,half,32,2,2,C_TASK_L,29,15030165245001765777,178.973364,178.956069946,5275,42464,13081611358792727333
GIST,half,32,2,2,C_TASK_L,28,306400533752808697,175.361918,175.3465271,38,568,15415108955034365904
GIST,half,32,2,2,C_TASK_L,27,161217794029549079,171.89192,171.867584229,48430,387704,10897917077796498645
GIST,half,32,2,2,C_TASK_L,26,13539082034095136927,177.080484,177.065093994,37,560,9838144373337488345
GIST,half,32,2,2,C_TASK_L,25,13585693668991832971,178.990685,178.97354126,4997,40240,8060471171494153783
GIST,half,32,2,2,C_TASK_L,24,1048821632111722058,181.156423,181.134490967,20642,165400,15602677906020214158
GIST,half,32,2,2,C_TASK_L,23,10851237028586424301,180.256415,180.230560303,21765,174384,7548619885067429970
GIST,half,32,2,2,C_TASK_L,22,5004653838559619408,172.981993,172.958297729,19492,156200,15755818672585262164
GIST,half,32,2,2,C_TASK_L,21,3486346971057125245,180.134596,180.108230591,26397,211440,8960657414760105658
GIST,half,32,2,2,C_TASK_L,20,10712815744133708220,180.056406,180.039169312,172,1640,17430303074918329068
GIST,half,32,2,2,C_TASK_L,19,15820513675728183516,180.226231,180.203231812,19116,153192,6060893219430260750
GIST,half,32,2,2,C_TASK_L,18,10765395806018310607,176.502737,176.468444824,46194,369816,7444862595273582325
GIST,half,32,2,2,C_TASK_L,17,2222729423292320042,179.426981,179.392868042,30994,248216,3826611666964392027
GIST,half,32,2,2,C_TASK_L,16,8534462434835011887,175.826931,175.802108765,23577,188880,3778250351653536887
GIST,half,32,2,2,C_TASK_L,15,4980500077960720760,181.391768,181.362564087,28894,231416,17240864116231060822
GIST,half,32,2,2,C_TASK_L,14,3185229373934033660,175.316373,175.288223267,18207,145920,13654456654282768996
GIST,half,32,2,2,C_TASK_L,13,1075722662635840942,180.436182,180.407653809,40720,326024,4270533297038567303
GIST,half,32,2,2,C_TASK_L,12,13216066866632432715,171.827375,171.786117554,61490,492184,8239061200449829015
GIST,half,32,2,2,C_TASK_L,11,12325065973520304682,177.716991,177.674179077,58591,468992,267835482051343214
GIST,half,32,2,2,C_TASK_L,10,5544530460631338786,180.817582,180.801849365,150,1464,13924800278538701120
GIST,half,32,2,2,C_TASK_L,9,7601489796430488175,181.57608,181.547012329,31506,252312,1329596921172543006
GIST,half,32,2,2,C_TASK_L,8,15783018974750835728,180.391601,180.358398438,49929,399696,4190309505508178420
GIST,half,32,2,2,C_TASK_L,7,7872727791650862151,180.115692,180.098342896,175,1664,4643210386447554668
GIST,half,32,2,2,C_TASK_L,6,4668807861364956970,172.234847,172.194946289,63820,510824,10099402955953869603
GIST,half,32,2,2,C_TASK_L,5,8419766857112927641,178.903757,178.886459351,3420,27624,17792685588925117483
GIST,half,32,2,2,C_TASK_L,4,9368830554395401223,171.886488,171.840606689,101125,809264,13109810449993187880
GIST,half,32,2,2,C_TASK_L,3,17322893638147462453,173.251905,173.232452393,2062,16760,7116414848619904563
GIST,half,32,2,2,C_TASK_L,2,9607284371048990950,168.554866,168.532730103,20776,166472,17020235287267412215
GIST,half,32,2,2,C_TASK_L,1,3085188792669438576,181.496058,181.466690063,43556,348712,7751775623948015455
GIST,half,32,2,2,C_TASK_L,0,13392786189952033124,180.116395,180.085830688,29566,236792,17654899910400677031
GIST,half,32,2,2,SCAN_E,31,7995077726280952526,46.433545,46.4168319702,35,544,17738710621554888361
GIST,half,32,2,2,SCAN_E,30,14416838764258129161,58.859946,58.8386573792,3945,31824,15666152673139803166
GIST,half,32,2,2,SCAN_E,29,15030165245001765777,59.888949,59.8666572571,5275,42464,13081611358792727333
GIST,half,32,2,2,SCAN_E,28,306400533752808697,51.274475,51.2526092529,38,568,15415108955034365904
GIST,half,32,2,2,SCAN_E,27,161217794029549079,58.731805,58.7074546814,48430,387704,10897917077796498645
GIST,half,32,2,2,SCAN_E,26,13539082034095136927,50.09367,50.0783348083,37,560,9838144373337488345
GIST,half,32,2,2,SCAN_E,25,13585693668991832971,48.429412,48.4114570618,4997,40240,8060471171494153783
GIST,half,32,2,2,SCAN_E,24,1048821632111722058,59.011938,58.9904327393,20642,165400,15602677906020214158
GIST,half,32,2,2,SCAN_E,23,10851237028586424301,56.603202,56.5755195618,21765,174384,7548619885067429970
GIST,half,32,2,2,SCAN_E,22,5004653838559619408,54.933802,54.9124794006,19492,156200,15755818672585262164
GIST,half,32,2,2,SCAN_E,21,3486346971057125245,54.831129,54.8074569702,26397,211440,8960657414760105658
GIST,half,32,2,2,SCAN_E,20,10712815744133708220,54.396162,54.3782081604,172,1640,17430303074918329068
GIST,half,32,2,2,SCAN_E,19,15820513675728183516,60.533191,60.509601593,19116,153192,6060893219430260750
GIST,half,32,2,2,SCAN_E,18,10765395806018310607,50.293268,50.2615356445,46194,369816,7444862595273582325
GIST,half,32,2,2,SCAN_E,17,2222729423292320042,58.988608,58.9616622925,30994,248216,3826611666964392027
GIST,half,32,2,2,SCAN_E,16,8534462434835011887,51.013516,50.9892807007,23577,188880,3778250351653536887
GIST,half,32,2,2,SCAN_E,15,4980500077960720760,61.005612,60.9741744995,28894,231416,17240864116231060822
GIST,half,32,2,2,SCAN_E,14,3185229373934033660,58.510417,58.4879684448,18207,145920,13654456654282768996
GIST,half,32,2,2,SCAN_E,13,1075722662635840942,56.155426,56.1256942749,40720,326024,4270533297038567303
GIST,half,32,2,2,SCAN_E,12,13216066866632432715,57.414279,57.3788795471,61490,492184,8239061200449829015
GIST,half,32,2,2,SCAN_E,11,12325065973520304682,52.213208,52.1770896912,58591,468992,267835482051343214
GIST,half,32,2,2,SCAN_E,10,5544530460631338786,53.340463,53.3248329163,150,1464,13924800278538701120
GIST,half,32,2,2,SCAN_E,9,7601489796430488175,54.431165,54.4046707153,31506,252312,1329596921172543006
GIST,half,32,2,2,SCAN_E,8,15783018974750835728,56.378991,56.3421134949,49929,399696,4190309505508178420
GIST,half,32,2,2,SCAN_E,7,7872727791650862151,56.708229,56.6889915466,175,1664,4643210386447554668
GIST,half,32,2,2,SCAN_E,6,4668807861364956970,56.566384,56.5309104919,63820,510824,10099402955953869603
GIST,half,32,2,2,SCAN_E,5,8419766857112927641,53.970565,53.9531822205,3420,27624,17792685588925117483
GIST,half,32,2,2,SCAN_E,4,9368830554395401223,58.723489,58.6775054932,101125,809264,13109810449993187880
GIST,half,32,2,2,SCAN_E,3,17322893638147462453,53.638678,53.620929718,2062,16760,7116414848619904563
GIST,half,32,2,2,SCAN_E,2,9607284371048990950,55.414291,55.3923187256,20776,166472,17020235287267412215
GIST,half,32,2,2,SCAN_E,1,3085188792669438576,60.097635,60.0639343262,43556,348712,7751775623948015455
GIST,half,32,2,2,SCAN_E,0,13392786189952033124,55.946452,55.9213752747,29566,236792,17654899910400677031
GIST,half,32,2,2,C_ID_E,31,7995077726280952526,51.398488,51.3775672913,35,544,17738710621554888361
GIST,half,32,2,2,C_ID_E,30,14416838764258129161,65.863353,65.8415985107,3945,31824,15666152673139803166
GIST,half,32,2,2,C_ID_E,29,15030165245001765777,65.878116,65.8573760986,5275,42464,13081611358792727333
GIST,half,32,2,2,C_ID_E,28,306400533752808697,54.201612,54.1812171936,38,568,15415108955034365904
GIST,half,32,2,2,C_ID_E,27,161217794029549079,58.983809,58.9555206299,48430,387704,10897917077796498645
GIST,half,32,2,2,C_ID_E,26,13539082034095136927,55.970379,55.9513282776,37,560,9838144373337488345
GIST,half,32,2,2,C_ID_E,25,13585693668991832971,54.545682,54.5265274048,4997,40240,8060471171494153783
GIST,half,32,2,2,C_ID_E,24,1048821632111722058,63.465614,63.4399681091,20642,165400,15602677906020214158
GIST,half,32,2,2,C_ID_E,23,10851237028586424301,56.500401,56.4756813049,21765,174384,7548619885067429970
GIST,half,32,2,2,C_ID_E,22,5004653838559619408,55.538733,55.5103988647,19492,156200,15755818672585262164
GIST,half,32,2,2,C_ID_E,21,3486346971057125245,61.541499,61.5078735352,26397,211440,8960657414760105658
GIST,half,32,2,2,C_ID_E,20,10712815744133708220,58.174389,58.1583023071,172,1640,17430303074918329068
GIST,half,32,2,2,C_ID_E,19,15820513675728183516,68.928897,68.9049911499,19116,153192,6060893219430260750
GIST,half,32,2,2,C_ID_E,18,10765395806018310607,55.533729,55.493057251,46194,369816,7444862595273582325
GIST,half,32,2,2,C_ID_E,17,2222729423292320042,67.030104,66.9963226318,30994,248216,3826611666964392027
GIST,half,32,2,2,C_ID_E,16,8534462434835011887,51.904354,51.8694381714,23577,188880,3778250351653536887
GIST,half,32,2,2,C_ID_E,15,4980500077960720760,68.727226,68.6956481934,28894,231416,17240864116231060822
GIST,half,32,2,2,C_ID_E,14,3185229373934033660,65.021275,64.9978256226,18207,145920,13654456654282768996
GIST,half,32,2,2,C_ID_E,13,1075722662635840942,62.140382,62.1030731201,40720,326024,4270533297038567303
GIST,half,32,2,2,C_ID_E,12,13216066866632432715,58.005551,57.9698257446,61490,492184,8239061200449829015
GIST,half,32,2,2,C_ID_E,11,12325065973520304682,56.043262,56.0000953674,58591,468992,267835482051343214
GIST,half,32,2,2,C_ID_E,10,5544530460631338786,59.442184,59.4245109558,150,1464,13924800278538701120
GIST,half,32,2,2,C_ID_E,9,7601489796430488175,59.756344,59.7275505066,31506,252312,1329596921172543006
GIST,half,32,2,2,C_ID_E,8,15783018974750835728,61.108152,61.0765762329,49929,399696,4190309505508178420
GIST,half,32,2,2,C_ID_E,7,7872727791650862151,61.907199,61.8903045654,175,1664,4643210386447554668
GIST,half,32,2,2,C_ID_E,6,4668807861364956970,59.25476,59.2056655884,63820,510824,10099402955953869603
GIST,half,32,2,2,C_ID_E,5,8419766857112927641,59.841663,59.8240318298,3420,27624,17792685588925117483
GIST,half,32,2,2,C_ID_E,4,9368830554395401223,60.401226,60.345790863,101125,809264,13109810449993187880
GIST,half,32,2,2,C_ID_E,3,17322893638147462453,55.151854,55.1342391968,2062,16760,7116414848619904563
GIST,half,32,2,2,C_ID_E,2,9607284371048990950,57.329772,57.3053131104,20776,166472,17020235287267412215
GIST,half,32,2,2,C_ID_E,1,3085188792669438576,64.45388,64.4175033569,43556,348712,7751775623948015455
GIST,half,32,2,2,C_ID_E,0,13392786189952033124,61.54483,61.5147209167,29566,236792,17654899910400677031
GIST,half,32,2,2,C_MASK_E,31,7995077726280952526,40.909615,40.8909759521,35,544,17738710621554888361
GIST,half,32,2,2,C_MASK_E,30,14416838764258129161,51.944604,51.9280014038,3945,31824,15666152673139803166
GIST,half,32,2,2,C_MASK_E,29,15030165245001765777,51.7089,51.6889915466,5275,42464,13081611358792727333
GIST,half,32,2,2,C_MASK_E,28,306400533752808697,42.946713,42.9308166504,38,568,15415108955034365904
GIST,half,32,2,2,C_MASK_E,27,161217794029549079,47.502915,47.4745292664,48430,387704,10897917077796498645
GIST,half,32,2,2,C_MASK_E,26,13539082034095136927,44.191136,44.1752319336,37,560,9838144373337488345
GIST,half,32,2,2,C_MASK_E,25,13585693668991832971,43.146427,43.1286735535,4997,40240,8060471171494153783
GIST,half,32,2,2,C_MASK_E,24,1048821632111722058,50.690487,50.6642570496,20642,165400,15602677906020214158
GIST,half,32,2,2,C_MASK_E,23,10851237028586424301,45.327519,45.2972793579,21765,174384,7548619885067429970
GIST,half,32,2,2,C_MASK_E,22,5004653838559619408,44.330935,44.3073616028,19492,156200,15755818672585262164
GIST,half,32,2,2,C_MASK_E,21,3486346971057125245,48.436461,48.4036483765,26397,211440,8960657414760105658
GIST,half,32,2,2,C_MASK_E,20,10712815744133708220,46.343846,46.3262405396,172,1640,17430303074918329068
GIST,half,32,2,2,C_MASK_E,19,15820513675728183516,54.332068,54.3031349182,19116,153192,6060893219430260750
GIST,half,32,2,2,C_MASK_E,18,10765395806018310607,44.307388,44.274017334,46194,369816,7444862595273582325
GIST,half,32,2,2,C_MASK_E,17,2222729423292320042,52.788737,52.758846283,30994,248216,3826611666964392027
GIST,half,32,2,2,C_MASK_E,16,8534462434835011887,41.569336,41.543838501,23577,188880,3778250351653536887
GIST,half,32,2,2,C_MASK_E,15,4980500077960720760,54.299685,54.2717132568,28894,231416,17240864116231060822
GIST,half,32,2,2,C_MASK_E,14,3185229373934033660,51.348609,51.3244171143,18207,145920,13654456654282768996
GIST,half,32,2,2,C_MASK_E,13,1075722662635840942,49.220517,49.1885757446,40720,326024,4270533297038567303
GIST,half,32,2,2,C_MASK_E,12,13216066866632432715,46.26359,46.2265930176,61490,492184,8239061200449829015
GIST,half,32,2,2,C_MASK_E,11,12325065973520304682,44.813364,44.774848938,58591,468992,267835482051343214
GIST,half,32,2,2,C_MASK_E,10,5544530460631338786,47.162077,47.1396484375,150,1464,13924800278538701120
GIST,half,32,2,2,C_MASK_E,9,7601489796430488175,47.614917,47.5848007202,31506,252312,1329596921172543006
GIST,half,32,2,2,C_MASK_E,8,15783018974750835728,48.532203,48.4914894104,49929,399696,4190309505508178420
GIST,half,32,2,2,C_MASK_E,7,7872727791650862151,48.77436,48.758430481,175,1664,4643210386447554668
GIST,half,32,2,2,C_MASK_E,6,4668807861364956970,47.085791,47.0429763794,63820,510824,10099402955953869603
GIST,half,32,2,2,C_MASK_E,5,8419766857112927641,47.370632,47.3510398865,3420,27624,17792685588925117483
GIST,half,32,2,2,C_MASK_E,4,9368830554395401223,48.041244,47.9933776855,101125,809264,13109810449993187880
GIST,half,32,2,2,C_MASK_E,3,17322893638147462453,43.907646,43.8843841553,2062,16760,7116414848619904563
GIST,half,32,2,2,C_MASK_E,2,9607284371048990950,45.707274,45.681728363,20776,166472,17020235287267412215
GIST,half,32,2,2,C_MASK_E,1,3085188792669438576,51.231981,51.1933441162,43556,348712,7751775623948015455
GIST,half,32,2,2,C_MASK_E,0,13392786189952033124,49.58104,49.5529289246,29566,236792,17654899910400677031
GIST,half,32,2,2,C_TASK_E,31,7995077726280952526,40.675008,40.657409668,35,544,17738710621554888361
GIST,half,32,2,2,C_TASK_E,30,14416838764258129161,51.680684,51.6646728516,3945,31824,15666152673139803166
GIST,half,32,2,2,C_TASK_E,29,15030165245001765777,51.534299,51.5167999268,5275,42464,13081611358792727333
GIST,half,32,2,2,C_TASK_E,28,306400533752808697,42.710533,42.6887054443,38,568,15415108955034365904
GIST,half,32,2,2,C_TASK_E,27,161217794029549079,47.176472,47.1506576538,48430,387704,10897917077796498645
GIST,half,32,2,2,C_TASK_E,26,13539082034095136927,43.963184,43.9439048767,37,560,9838144373337488345
GIST,half,32,2,2,C_TASK_E,25,13585693668991832971,42.982858,42.9670410156,4997,40240,8060471171494153783
GIST,half,32,2,2,C_TASK_E,24,1048821632111722058,50.496586,50.4698562622,20642,165400,15602677906020214158
GIST,half,32,2,2,C_TASK_E,23,10851237028586424301,45.1227,45.0974082947,21765,174384,7548619885067429970
GIST,half,32,2,2,C_TASK_E,22,5004653838559619408,44.06942,44.0488014221,19492,156200,15755818672585262164
GIST,half,32,2,2,C_TASK_E,21,3486346971057125245,48.21143,48.1856651306,26397,211440,8960657414760105658
GIST,half,32,2,2,C_TASK_E,20,10712815744133708220,46.10232,46.0794868469,172,1640,17430303074918329068
GIST,half,32,2,2,C_TASK_E,19,15820513675728183516,54.195232,54.1671676636,19116,153192,6060893219430260750
GIST,half,32,2,2,C_TASK_E,18,10765395806018310607,44.072985,44.0425262451,46194,369816,7444862595273582325
GIST,half,32,2,2,C_TASK_E,17,2222729423292320042,52.513681,52.4876174927,30994,248216,3826611666964392027
GIST,half,32,2,2,C_TASK_E,16,8534462434835011887,41.476581,41.4524803162,23577,188880,3778250351653536887
GIST,half,32,2,2,C_TASK_E,15,4980500077960720760,54.000781,53.9702720642,28894,231416,17240864116231060822
GIST,half,32,2,2,C_TASK_E,14,3185229373934033660,51.155646,51.1367034912,18207,145920,13654456654282768996
GIST,half,32,2,2,C_TASK_E,13,1075722662635840942,49.10438,49.0758399963,40720,326024,4270533297038567303
GIST,half,32,2,2,C_TASK_E,12,13216066866632432715,45.972915,45.9356803894,61490,492184,8239061200449829015
GIST,half,32,2,2,C_TASK_E,11,12325065973520304682,44.499584,44.456287384,58591,468992,267835482051343214
GIST,half,32,2,2,C_TASK_E,10,5544530460631338786,46.962486,46.9425926208,150,1464,13924800278538701120
GIST,half,32,2,2,C_TASK_E,9,7601489796430488175,47.441926,47.4149131775,31506,252312,1329596921172543006
GIST,half,32,2,2,C_TASK_E,8,15783018974750835728,48.3559,48.3173751831,49929,399696,4190309505508178420
GIST,half,32,2,2,C_TASK_E,7,7872727791650862151,48.499848,48.4750404358,175,1664,4643210386447554668
GIST,half,32,2,2,C_TASK_E,6,4668807861364956970,46.872527,46.8306541443,63820,510824,10099402955953869603
GIST,half,32,2,2,C_TASK_E,5,8419766857112927641,47.158628,47.1424942017,3420,27624,17792685588925117483
GIST,half,32,2,2,C_TASK_E,4,9368830554395401223,48.084708,48.0333137512,101125,809264,13109810449993187880
GIST,half,32,2,2,C_TASK_E,3,17322893638147462453,43.669386,43.651424408,2062,16760,7116414848619904563
GIST,half,32,2,2,C_TASK_E,2,9607284371048990950,45.626131,45.5999031067,20776,166472,17020235287267412215
GIST,half,32,2,2,C_TASK_E,1,3085188792669438576,50.978731,50.9531822205,43556,348712,7751775623948015455
GIST,half,32,2,2,C_TASK_E,0,13392786189952033124,49.415728,49.3883514404,29566,236792,17654899910400677031
GIST,half,8,2,3,SCAN_L,0,14628893485838184760,44.701755,44.6802253723,805,6512,12049670356140927271
GIST,half,8,2,3,SCAN_L,1,5277735151802382403,44.701377,44.6841926575,5815,46592,12495090360753926488
GIST,half,8,2,3,SCAN_L,2,12949723088018134982,44.701095,44.679775238,12,168,17798676870000866351
GIST,half,8,2,3,SCAN_L,3,17912368726981257746,44.703956,44.6815681458,22934,183544,3513084467399214196
GIST,half,8,2,3,SCAN_L,4,6813717409520896539,44.706257,44.6829452515,17913,143376,10240984302992681904
GIST,half,8,2,3,SCAN_L,5,15746877753817476956,44.709745,44.6823348999,25267,202208,5187200889313214686
GIST,half,8,2,3,SCAN_L,6,13750152615788058147,44.701341,44.6812477112,367,3008,8703337812097627909
GIST,half,8,2,3,SCAN_L,7,7966444742523137199,44.699163,44.681854248,9,144,294158670510647467
GIST,half,8,2,3,SCAN_L,8,3722915141321120792,44.700226,44.6827850342,16,200,17247831106653997488
GIST,half,8,2,3,SCAN_L,9,4680770526928094267,44.700461,44.6815032959,9,144,6185833218944131429
GIST,half,8,2,3,SCAN_L,10,16634692065747566502,44.700753,44.6801261902,9,144,13324388130527482689
GIST,half,8,2,3,SCAN_L,11,407413494807729236,44.708127,44.681312561,20742,166008,748099361995206288
GIST,half,8,2,3,SCAN_L,12,17460078167775218888,44.700684,44.6798400879,219,1824,12113822531377232237
GIST,half,8,2,3,SCAN_L,13,12716887085642250387,44.701581,44.6824645996,10,152,5751298164538243026
GIST,half,8,2,3,SCAN_L,14,18369275761964115190,44.700455,44.6794242859,8,136,17294034751593305288
GIST,half,8,2,3,SCAN_L,15,5936729861741803939,44.699692,44.6814079285,1825,14672,4523878408681453459
GIST,half,8,2,3,SCAN_L,16,3537798568722033093,44.713553,44.6826896667,45233,361936,10934986133749753810
GIST,half,8,2,3,SCAN_L,17,9906517406195203870,44.708584,44.6815376282,28764,230184,13893008974686436000
GIST,half,8,2,3,SCAN_L,18,3071783437712951460,44.700937,44.6819839478,9,144,4097877200455553912
GIST,half,8,2,3,SCAN_L,19,4844542844294841975,44.709278,44.68019104,27119,217024,3036884596305404821
GIST,half,8,2,3,SCAN_L,20,13580243989274015108,44.69952,44.6794548035,13,176,12167542613742431786
GIST,half,8,2,3,SCAN_L,21,2715171980480150680,44.701336,44.6800956726,3295,26432,4697067458263101281
GIST,half,8,2,3,SCAN_L,22,9583610160574751482,44.701236,44.6802558899,104,904,17584774084035178489
GIST,half,8,2,3,SCAN_L,23,3351983320614235452,44.700332,44.6777267456,8,136,10795653417440584118
GIST,half,8,2,3,SCAN_L,24,14343238801608074176,44.699148,44.6778869629,8,136,335641030610087762
GIST,half,8,2,3,SCAN_L,25,15312881684633933655,44.712855,44.6828155518,32548,260456,16202494671275670828
GIST,half,8,2,3,SCAN_L,26,18398409255790635840,44.699479,44.6796798706,8,136,16965475016388596626
GIST,half,8,2,3,SCAN_L,27,14732108746546988498,44.711098,44.6822395325,31256,250120,10640609347284222608
GIST,half,8,2,3,SCAN_L,28,9719453371904557375,44.701033,44.6822738647,53,496,4295370152413759317
GIST,half,8,2,3,SCAN_L,29,7111803339956803225,44.701087,44.6800003052,9,144,11080742569331125641
GIST,half,8,2,3,SCAN_L,30,12630940382236276606,44.698381,44.68019104,15,192,3888228134973069709
GIST,half,8,2,3,SCAN_L,31,16717924179856591400,44.700674,44.680606842,98,856,12253136263172607446
GIST,half,8,2,3,SCAN_L,32,1018801991084754777,44.711193,44.6814727783,31191,249600,4139212840337583677
GIST,half,8,2,3,SCAN_L,33,17951213273852593361,44.700508,44.6775665283,8,136,7118776530039946925
GIST,half,8,2,3,SCAN_L,34,11193354026380747684,44.707317,44.6818885803,18718,149816,10323070077910272027
GIST,half,8,2,3,SCAN_L,35,7182522047579593487,44.700497,44.6799354553,12,168,13084839061348052764
GIST,half,8,2,3,SCAN_L,36,5862842069398405510,44.710061,44.6806411743,29682,237528,719140743100350364
GIST,half,8,2,3,SCAN_L,37,7931106857473092034,44.700351,44.6816978455,1642,13208,4836914976961728650
GIST,half,8,2,3,SCAN_L,38,13700905950939581536,44.700719,44.679775238,9,144,10212566950510398326
GIST,half,8,2,3,SCAN_L,39,5134469820061381952,44.700254,44.6792640686,173,1456,11882963430235204481
GIST,half,8,2,3,SCAN_L,40,523521015842037129,44.700894,44.6780815125,118,1016,14906896884422937853
GIST,half,8,2,3,SCAN_L,41,15735649071512523416,44.701506,44.6797103882,11,160,6439908275319918567
GIST,half,8,2,3,SCAN_L,42,16130457613556805909,44.701625,44.6794548035,10,152,1351820667773349880
GIST,half,8,2,3,SCAN_L,43,3580392345773888933,44.70032,44.6800003052,11,160,7130942906748589245
GIST,half,8,2,3,SCAN_L,44,2657517881292301308,44.710898,44.6817932129,28625,229072,14362931499080891524
GIST,half,8,2,3,SCAN_L,45,10634279939165845196,44.703249,44.6803512573,11,160,13746219426551555317
GIST,half,8,2,3,SCAN_L,46,4808905104634366418,44.698644,44.6791992188,9,144,14613523175337427617
GIST,half,8,2,3,SCAN_L,47,197228195401547247,44.711057,44.679649353,29946,239640,3603301588478779561
GIST,half,8,2,3,SCAN_L,48,8248488942050825693,44.703214,44.682144165,10130,81112,4850681651806503319
GIST,half,8,2,3,SCAN_L,49,15716071042978413762,44.700282,44.6790733337,1785,14352,16881791907273901609
GIST,half,8,2,3,SCAN_L,50,2593988135360058460,44.715601,44.682849884,49566,396600,10688624242403767082
GIST,half,8,2,3,SCAN_L,51,1321970314038155003,44.700355,44.6775054932,9,144,1725180568680233592
GIST,half,8,2,3,SCAN_L,52,10782300321295982446,44.700215,44.6775665283,11,160,2262457125570541601
GIST,half,8,2,3,SCAN_L,53,1181170520412032450,44.697772,44.6793937683,8,136,15161611065330365500
GIST,half,8,2,3,SCAN_L,54,12485651515614408301,44.7113,44.6816329956,27648,221256,13982227894810710128
GIST,half,8,2,3,SCAN_L,55,2573792055271618832,44.704006,44.677406311,13053,104496,3700418904193080229
GIST,half,8,2,3,SCAN_L,56,13083263465047869035,44.703366,44.681022644,10500,84072,6126299974183225491
GIST,half,8,2,3,SCAN_L,57,9021717632597148908,44.702777,44.6801261902,7688,61576,16146242436575770571
GIST,half,8,2,3,SCAN_L,58,9268774494751827706,44.700155,44.6781425476,9,144,2940493626614828053
GIST,half,8,2,3,SCAN_L,59,1580871052154375482,44.699588,44.6801605225,10,152,10996509777332881202
GIST,half,8,2,3,SCAN_L,60,2761207983275075740,44.709475,44.6799049377,27937,223568,8219627611328849196
GIST,half,8,2,3,SCAN_L,61,2620909581344322254,44.69913,44.6798400879,159,1344,18016158801479111709
GIST,half,8,2,3,SCAN_L,62,8560399019494154138,44.697348,44.6791992188,16,200,10995028448307505731
GIST,half,8,2,3,SCAN_L,63,9575871338223549139,44.693006,44.678527832,782,6328,14236409939300756135
GIST,half,8,2,3,SCAN_L,64,12923444094630896693,44.699412,44.6796150208,9,144,10890240329654538100
GIST,half,8,2,3,SCAN_L,65,16264934943434005963,44.709455,44.679775238,23549,188464,1717894044534139949
GIST,half,8,2,3,SCAN_L,66,6567103049086711526,44.698563,44.6791687012,9,144,2120391718945614396
GIST,half,8,2,3,SCAN_L,67,9413171363946879688,44.700662,44.6777610779,10,152,16410576142550180761
GIST,half,8,2,3,SCAN_L,68,17584159069416176766,44.699106,44.6802864075,8,136,14994419951185837632
GIST,half,8,2,3,SCAN_L,69,16370389120603384840,44.701118,44.6801605225,39,384,8893900566493377500
GIST,half,8,2,3,SCAN_L,70,7125887616712792012,44.712073,44.6801261902,30939,247584,2578173215488215435
GIST,half,8,2,3,SCAN_L,71,2653643927898021331,44.700374,44.6794548035,8,136,6674983760768613763
GIST,half,8,2,3,SCAN_L,72,2775573294919263248,44.700054,44.67811203,14,184,2008831888728120970
GIST,half,8,2,3,SCAN_L,73,6275675870158489986,44.710951,44.6793289185,30287,242368,3965206015652614730
GIST,half,8,2,3,SCAN_L,74,17416559791252488439,44.705151,44.6795845032,15885,127152,9191986637692184623
GIST,half,8,2,3,SCAN_L,75,10629383663104694533,44.700011,44.6783027649,8,136,1959805352102410517
GIST,half,8,2,3,SCAN_L,76,6121457899850640239,44.700258,44.6795845032,10,152,10439922783850878615
GIST,half,8,2,3,SCAN_L,77,13772194458325883781,44.699142,44.6802558899,8,136,3119058093217859169
GIST,half,8,2,3,SCAN_L,78,384590151492374026,44.700319,44.679359436,1145,9232,6824037880318392156
GIST,half,8,2,3,SCAN_L,79,17525024244829704515,44.705804,44.6797103882,17953,143696,8782034102419046715
GIST,half,8,2,3,SCAN_L,80,8425382104893835461,44.700783,44.6794548035,138,1176,4615018082655609248
GIST,half,8,2,3,SCAN_L,81,4578548255021645869,44.699177,44.677696228,8,136,7309366345031128353
GIST,half,8,2,3,SCAN_L,82,17380680694385638840,44.706266,44.6776313782,10,152,17099624996036497700
GIST,half,8,2,3,SCAN_L,83,8711237166219394419,44.700543,44.6783370972,16,200,1159450716902794998
GIST,half,8,2,3,SCAN_L,84,10344073526508897281,44.699452,44.6778869629,10,152,12307297875457737052
GIST,half,8,2,3,SCAN_L,85,10946770602578419956,44.700799,44.680065155,8,136,1403974257677289190
GIST,half,8,2,3,SCAN_L,86,6470508332142331894,44.701541,44.6802864075,3669,29424,3528509250306175135
GIST,half,8,2,3,SCAN_L,87,8534974539240644349,44.708957,44.6800003052,22710,181752,7440715000576488328
GIST,half,8,2,3,SCAN_L,88,17392447945923308625,44.699933,44.6791038513,11,160,16812603617364686395
GIST,half,8,2,3,SCAN_L,89,17243398098289356237,44.706782,44.6798706055,19381,155120,11341570227103404206
GIST,half,8,2,3,SCAN_L,90,1487146102952406162,44.700773,44.6780166626,9,144,11675729656657864315
GIST,half,8,2,3,SCAN_L,91,13351219280779986121,44.702183,44.6823043823,91,800,7129016086556790661
GIST,half,8,2,3,SCAN_L,92,7858987711662060174,44.706018,44.6822090149,16659,133344,18141791887973734438
GIST,half,8,2,3,SCAN_L,93,15824146815298812297,44.703313,44.6780471802,785,6352,16848583768543088517
GIST,half,8,2,3,SCAN_L,94,12966259267171903563,44.700703,44.6776313782,9,144,16525753693329126445
GIST,half,8,2,3,SCAN_L,95,13797457395031324342,44.701252,44.6780166626,4312,34568,8681946398460365715
GIST,half,8,2,3,SCAN_L,96,13118478308687119329,44.704894,44.679775238,12672,101448,12414488981634579085
GIST,half,8,2,3,SCAN_L,97,11331694305099227241,44.702916,44.6796798706,5629,45104,17435282213467792387
GIST,half,8,2,3,SCAN_L,98,1083222351448503346,44.700472,44.6797447205,30,312,14811157689777586302
GIST,half,8,2,3,SCAN_L,99,11723484149300992671,44.699587,44.6803855896,2311,18560,15885591392866052173
GIST,half,8,2,3,SCAN_L,100,416867533671327684,44.702602,44.683391571,4969,39824,18199109054269478174
GIST,half,8,2,3,SCAN_L,101,463556152314022137,44.698803,44.6793289185,9,144,17739438941913720152
GIST,half,8,2,3,SCAN_L,102,5023834620232924699,44.698998,44.6795845032,9,144,4345061276902095567
GIST,half,8,2,3,SCAN_L,103,3358090661935181962,45.017203,44.998046875,10,152,206827504788997805
GIST,half,8,2,3,SCAN_L,104,6318150018815276835,44.701604,44.681312561,8,136,6252710342366139043
GIST,half,8,2,3,SCAN_L,105,3382835124390735773,44.700866,44.67811203,10,152,1633465981209507262
GIST,half,8,2,3,SCAN_L,106,7862389240255096405,44.699196,44.679359436,8,136,4454845205277636153
GIST,half,8,2,3,SCAN_L,107,12753255321128375907,44.701484,44.6784324646,11,160,3736671290085159878
GIST,half,8,2,3,SCAN_L,108,5137605947089590316,44.701094,44.6782073975,22,248,8744501858676181288
GIST,half,8,2,3,SCAN_L,109,17603205654855495503,44.700841,44.6821746826,6920,55432,4734971902105951802
GIST,half,8,2,3,SCAN_L,110,10127478537340186675,44.699948,44.6795501709,10,152,1358658317263378375
GIST,half,8,2,3,SCAN_L,111,3665995180310526364,44.712066,44.6816635132,41478,331896,5661520465715040291
GIST,half,8,2,3,SCAN_L,112,10135745837711897539,44.70059,44.6793289185,9,144,27334712204462216
GIST,half,8,2,3,SCAN_L,113,10535780349197406948,44.700528,44.6801261902,8,136,14415464039087190790
GIST,half,8,2,3,SCAN_L,114,10648647139011189564,44.700667,44.6796798706,12,168,6772672195218087492
GIST,half,8,2,3,SCAN_L,115,7649011970154020997,44.698646,44.6801605225,9,144,3206729205558378233
GIST,half,8,2,3,SCAN_L,116,476149813655704091,44.702894,44.679775238,10,152,8858849561569991435
GIST,half,8,2,3,SCAN_L,117,1006711879274558233,44.698003,44.6819190979,841,6800,11321619877609521957
GIST,half,8,2,3,SCAN_L,118,16469490972111288920,44.701126,44.680480957,4028,32296,883241890903009633
GIST,half,8,2,3,SCAN_L,119,5858457743813147244,44.700432,44.6819839478,396,3240,8827444684336327481
GIST,half,8,2,3,SCAN_L,120,5458740354294272417,44.700189,44.6807365417,9,144,7848134651590039281
GIST,half,8,2,3,SCAN_L,121,18044578509838911779,44.700365,44.6796150208,10,152,7928744672891195179
GIST,half,8,2,3,SCAN_L,122,2263849957397490031,44.69891,44.6794242859,2287,18368,8165417142188033165
GIST,half,8,2,3,SCAN_L,123,11214984481703275179,44.70083,44.6800308228,1639,13184,17297314433685050926
GIST,half,8,2,3,SCAN_L,124,8609683818349710292,44.700194,44.6796798706,8,136,13168834338195935582
GIST,half,8,2,3,SCAN_L,125,3028236243262219857,44.701664,44.6787528992,8,136,425355140008332221
GIST,half,8,2,3,SCAN_L,126,12657858335344656681,44.699075,44.681312561,8,136,4387400323091133037
GIST,half,8,2,3,SCAN_L,127,15208757093895910829,44.701255,44.6802558899,11,160,1809397944155681048
GIST,half,8,2,3,C_ID_L,0,14628893485838184760,40.320551,40.3025932312,805,6512,12049670356140927271
GIST,half,8,2,3,C_ID_L,1,5277735151802382403,40.835063,40.8172149658,5815,46592,12495090360753926488
GIST,half,8,2,3,C_ID_L,2,12949723088018134982,43.183797,43.1664009094,12,168,17798676870000866351
GIST,half,8,2,3,C_ID_L,3,17912368726981257746,34.400891,34.3791046143,22934,183544,3513084467399214196
GIST,half,8,2,3,C_ID_L,4,6813717409520896539,42.011617,41.9879989624,17913,143376,10240984302992681904
GIST,half,8,2,3,C_ID_L,5,15746877753817476956,40.328971,40.3046722412,25267,202208,5187200889313214686
GIST,half,8,2,3,C_ID_L,6,13750152615788058147,40.256191,40.2370567322,367,3008,8703337812097627909
GIST,half,8,2,3,C_ID_L,7,7966444742523137199,29.1236,29.1038074493,9,144,294158670510647467
GIST,half,8,2,3,C_ID_L,8,3722915141321120792,38.511285,38.489151001,16,200,17247831106653997488
GIST,half,8,2,3,C_ID_L,9,4680770526928094267,38.499733,38.4750709534,9,144,6185833218944131429
GIST,half,8,2,3,C_ID_L,10,16634692065747566502,26.886481,26.867231369,9,144,13324388130527482689
GIST,half,8,2,3,C_ID_L,11,407413494807729236,35.005559,34.9742088318,20742,166008,748099361995206288
GIST,half,8,2,3,C_ID_L,12,17460078167775218888,36.742218,36.7231025696,219,1824,12113822531377232237
GIST,half,8,2,3,C_ID_L,13,12716887085642250387,37.908515,37.8871040344,10,152,5751298164538243026
GIST,half,8,2,3,C_ID_L,14,18369275761964115190,34.973649,34.9568634033,8,136,17294034751593305288
GIST,half,8,2,3,C_ID_L,15,5936729861741803939,38.646431,38.6263999939,1825,14672,4523878408681453459
GIST,half,8,2,3,C_ID_L,16,3537798568722033093,41.485588,41.4543685913,45233,361936,10934986133749753810
GIST,half,8,2,3,C_ID_L,17,9906517406195203870,40.609633,40.5776634216,28764,230184,13893008974686436000
GIST,half,8,2,3,C_ID_L,18,3071783437712951460,28.029701,28.0071353912,9,144,4097877200455553912
GIST,half,8,2,3,C_ID_L,19,4844542844294841975,36.739674,36.713760376,27119,217024,3036884596305404821
GIST,half,8,2,3,C_ID_L,20,13580243989274015108,35.562844,35.543422699,13,176,12167542613742431786
GIST,half,8,2,3,C_ID_L,21,2715171980480150680,43.18085,43.1591033936,3295,26432,4697067458263101281
GIST,half,8,2,3,C_ID_L,22,9583610160574751482,39.668995,39.651966095,104,904,17584774084035178489
GIST,half,8,2,3,C_ID_L,23,3351983320614235452,40.830632,40.8083190918,8,136,10795653417440584118
GIST,half,8,2,3,C_ID_L,24,14343238801608074176,36.23495,36.2177581787,8,136,335641030610087762
GIST,half,8,2,3,C_ID_L,25,15312881684633933655,41.4322,41.3966407776,32548,260456,16202494671275670828
GIST,half,8,2,3,C_ID_L,26,18398409255790635840,37.977276,37.9614715576,8,136,16965475016388596626
GIST,half,8,2,3,C_ID_L,27,14732108746546988498,34.400828,34.3743362427,31256,250120,10640609347284222608
GIST,half,8,2,3,C_ID_L,28,9719453371904557375,40.830176,40.8134727478,53,496,4295370152413759317
GIST,half,8,2,3,C_ID_L,29,7111803339956803225,40.880095,40.8657608032,9,144,11080742569331125641
GIST,half,8,2,3,C_ID_L,30,12630940382236276606,42.061731,42.0458564758,15,192,3888228134973069709
GIST,half,8,2,3,C_ID_L,31,16717924179856591400,36.737733,36.720161438,98,856,12253136263172607446
GIST,half,8,2,3,C_ID_L,32,1018801991084754777,39.231945,39.2051506042,31191,249600,4139212840337583677
GIST,half,8,2,3,C_ID_L,33,17951213273852593361,35.656495,35.6368637085,8,136,7118776530039946925
GIST,half,8,2,3,C_ID_L,34,11193354026380747684,40.908845,40.8842544556,18718,149816,10323070077910272027
GIST,half,8,2,3,C_ID_L,35,7182522047579593487,37.905075,37.8871040344,12,168,13084839061348052764
GIST,half,8,2,3,C_ID_L,36,5862842069398405510,41.502244,41.4730224609,29682,237528,719140743100350364
GIST,half,8,2,3,C_ID_L,37,7931106857473092034,39.649726,39.6346893311,1642,13208,4836914976961728650
GIST,half,8,2,3,C_ID_L,38,13700905950939581536,33.813801,33.7919044495,9,144,10212566950510398326
GIST,half,8,2,3,C_ID_L,39,5134469820061381952,40.91611,40.8955192566,173,1456,11882963430235204481
GIST,half,8,2,3,C_ID_L,40,523521015842037129,36.736979,36.7167663574,118,1016,14906896884422937853
GIST,half,8,2,3,C_ID_L,41,15735649071512523416,43.177218,43.1592941284,11,160,6439908275319918567
GIST,half,8,2,3,C_ID_L,42,16130457613556805909,37.979183,37.9577293396,10,152,1351820667773349880
GIST,half,8,2,3,C_ID_L,43,3580392345773888933,39.122627,39.1005439758,11,160,7130942906748589245
GIST,half,8,2,3,C_ID_L,44,2657517881292301308,34.40123,34.3776321411,28625,229072,14362931499080891524
GIST,half,8,2,3,C_ID_L,45,10634279939165845196,39.075671,39.0614089966,11,160,13746219426551555317
GIST,half,8,2,3,C_ID_L,46,4808905104634366418,42.586853,42.567073822,9,144,14613523175337427617
GIST,half,8,2,3,C_ID_L,47,197228195401547247,36.231522,36.1995201111,29946,239640,3603301588478779561
GIST,half,8,2,3,C_ID_L,48,8248488942050825693,40.255956,40.2335662842,10130,81112,4850681651806503319
GIST,half,8,2,3,C_ID_L,49,15716071042978413762,41.458722,41.4419517517,1785,14352,16881791907273901609
GIST,half,8,2,3,C_ID_L,50,2593988135360058460,27.96517,27.9330234528,49566,396600,10688624242403767082
GIST,half,8,2,3,C_ID_L,51,1321970314038155003,33.80147,33.7856941223,9,144,1725180568680233592
GIST,half,8,2,3,C_ID_L,52,10782300321295982446,41.420128,41.4005126953,11,160,2262457125570541601
GIST,half,8,2,3,C_ID_L,53,1181170520412032450,42.009524,41.9881286621,8,136,15161611065330365500
GIST,half,8,2,3,C_ID_L,54,12485651515614408301,41.493741,41.4683837891,27648,221256,13982227894810710128
GIST,half,8,2,3,C_ID_L,55,2573792055271618832,34.443494,34.4242897034,13053,104496,3700418904193080229
GIST,half,8,2,3,C_ID_L,56,13083263465047869035,37.907726,37.8828163147,10500,84072,6126299974183225491
GIST,half,8,2,3,C_ID_L,57,9021717632597148908,34.454943,34.4321594238,7688,61576,16146242436575770571
GIST,half,8,2,3,C_ID_L,58,9268774494751827706,39.661418,39.6449928284,9,144,2940493626614828053
GIST,half,8,2,3,C_ID_L,59,1580871052154375482,38.482619,38.4648323059,10,152,10996509777332881202
GIST,half,8,2,3,C_ID_L,60,2761207983275075740,36.820131,36.7914543152,27937,223568,8219627611328849196
GIST,half,8,2,3,C_ID_L,61,2620909581344322254,43.752921,43.7344017029,159,1344,18016158801479111709
GIST,half,8,2,3,C_ID_L,62,8560399019494154138,43.263064,43.2432975769,16,200,10995028448307505731
GIST,half,8,2,3,C_ID_L,63,9575871338223549139,42.586928,42.5657920837,782,6328,14236409939300756135
GIST,half,8,2,3,C_ID_L,64,12923444094630896693,33.224484,33.2030410767,9,144,10890240329654538100
GIST,half,8,2,3,C_ID_L,65,16264934943434005963,39.37322,39.3472328186,23549,188464,1717894044534139949
GIST,half,8,2,3,C_ID_L,66,6567103049086711526,25.614815,25.594783783,9,144,2120391718945614396
GIST,half,8,2,3,C_ID_L,67,9413171363946879688,37.406038,37.3900794983,10,152,16410576142550180761
GIST,half,8,2,3,C_ID_L,68,17584159069416176766,43.166231,43.1535377502,8,136,14994419951185837632
GIST,half,8,2,3,C_ID_L,69,16370389120603384840,41.997639,41.9807052612,39,384,8893900566493377500
GIST,half,8,2,3,C_ID_L,70,7125887616712792012,40.262442,40.229888916,30939,247584,2578173215488215435
GIST,half,8,2,3,C_ID_L,71,2653643927898021331,39.811535,39.7940177917,8,136,6674983760768613763
GIST,half,8,2,3,C_ID_L,72,2775573294919263248,41.411495,41.3944320679,14,184,2008831888728120970
GIST,half,8,2,3,C_ID_L,73,6275675870158489986,33.810685,33.783744812,30287,242368,3965206015652614730
GIST,half,8,2,3,C_ID_L,74,17416559791252488439,42.589281,42.5677757263,15885,127152,9191986637692184623
GIST,half,8,2,3,C_ID_L,75,10629383663104694533,33.345727,33.3271369934,8,136,1959805352102410517
GIST,half,8,2,3,C_ID_L,76,6121457899850640239,43.808128,43.7908782959,10,152,10439922783850878615
GIST,half,8,2,3,C_ID_L,77,13772194458325883781,42.106235,42.0887374878,8,136,3119058093217859169
GIST,half,8,2,3,C_ID_L,78,384590151492374026,40.249681,40.2324790955,1145,9232,6824037880318392156
GIST,half,8,2,3,C_ID_L,79,17525024244829704515,38.561575,38.5406074524,17953,143696,8782034102419046715
GIST,half,8,2,3,C_ID_L,80,8425382104893835461,40.975223,40.9589424133,138,1176,4615018082655609248
GIST,half,8,2,3,C_ID_L,81,4578548255021645869,37.315531,37.297088623,8,136,7309366345031128353
GIST,half,8,2,3,C_ID_L,82,17380680694385638840,38.175329,38.1554870605,10,152,17099624996036497700
GIST,half,8,2,3,C_ID_L,83,8711237166219394419,36.283615,36.2630729675,16,200,1159450716902794998
GIST,half,8,2,3,C_ID_L,84,10344073526508897281,41.999828,41.9845123291,10,152,12307297875457737052
GIST,half,8,2,3,C_ID_L,85,10946770602578419956,40.829722,40.8136634827,8,136,1403974257677289190
GIST,half,8,2,3,C_ID_L,86,6470508332142331894,43.176804,43.1553268433,3669,29424,3528509250306175135
GIST,half,8,2,3,C_ID_L,87,8534974539240644349,38.55331,38.5246734619,22710,181752,7440715000576488328
GIST,half,8,2,3,C_ID_L,88,17392447945923308625,30.297606,30.2755527496,11,160,16812603617364686395
GIST,half,8,2,3,C_ID_L,89,17243398098289356237,41.425736,41.401889801,19381,155120,11341570227103404206
GIST,half,8,2,3,C_ID_L,90,1487146102952406162,40.916142,40.8972473145,9,144,11675729656657864315
GIST,half,8,2,3,C_ID_L,91,13351219280779986121,31.453935,31.4407672882,91,800,7129016086556790661
GIST,half,8,2,3,C_ID_L,92,7858987711662060174,28.067527,28.0398406982,16659,133344,18141791887973734438
GIST,half,8,2,3,C_ID_L,93,15824146815298812297,40.834404,40.8176651001,785,6352,16848583768543088517
GIST,half,8,2,3,C_ID_L,94,12966259267171903563,36.148247,36.1256637573,9,144,16525753693329126445
GIST,half,8,2,3,C_ID_L,95,13797457395031324342,42.010995,41.9943695068,4312,34568,8681946398460365715
GIST,half,8,2,3,C_ID_L,96,13118478308687119329,34.395897,34.3697280884,12672,101448,12414488981634579085
GIST,half,8,2,3,C_ID_L,97,11331694305099227241,34.981908,34.9632301331,5629,45104,17435282213467792387
GIST,half,8,2,3,C_ID_L,98,1083222351448503346,38.536618,38.5194892883,30,312,14811157689777586302
GIST,half,8,2,3,C_ID_L,99,11723484149300992671,42.599517,42.5778884888,2311,18560,15885591392866052173
GIST,half,8,2,3,C_ID_L,100,416867533671327684,38.641459,38.6250572205,4969,39824,18199109054269478174
GIST,half,8,2,3,C_ID_L,101,463556152314022137,37.538964,37.5231361389,9,144,17739438941913720152
GIST,half,8,2,3,C_ID_L,102,5023834620232924699,39.808408,39.7898864746,9,144,4345061276902095567
GIST,half,8,2,3,C_ID_L,103,3358090661935181962,44.344751,44.3280944824,10,152,206827504788997805
GIST,half,8,2,3,C_ID_L,104,6318150018815276835,39.661878,39.6447029114,8,136,6252710342366139043
GIST,half,8,2,3,C_ID_L,105,3382835124390735773,34.386252,34.370880127,10,152,1633465981209507262
GIST,half,8,2,3,C_ID_L,106,7862389240255096405,43.262844,43.2431373596,8,136,4454845205277636153
GIST,half,8,2,3,C_ID_L,107,12753255321128375907,40.917251,40.8984947205,11,160,3736671290085159878
GIST,half,8,2,3,C_ID_L,108,5137605947089590316,39.662319,39.6404495239,22,248,8744501858676181288
GIST,half,8,2,3,C_ID_L,109,17603205654855495503,33.22465,33.2010574341,6920,55432,4734971902105951802
GIST,half,8,2,3,C_ID_L,110,10127478537340186675,35.646827,35.6324806213,10,152,1358658317263378375
GIST,half,8,2,3,C_ID_L,111,3665995180310526364,37.916659,37.889503479,41478,331896,5661520465715040291
GIST,half,8,2,3,C_ID_L,112,10135745837711897539,35.011381,34.9940490723,9,144,27334712204462216
GIST,half,8,2,3,C_ID_L,113,10535780349197406948,34.972895,34.9574394226,8,136,14415464039087190790
GIST,half,8,2,3,C_ID_L,114,10648647139011189564,36.787112,36.7641601562,12,168,6772672195218087492
GIST,half,8,2,3,C_ID_L,115,7649011970154020997,42.639419,42.624961853,9,144,3206729205558378233
GIST,half,8,2,3,C_ID_L,116,476149813655704091,41.420651,41.4047355652,10,152,8858849561569991435
GIST,half,8,2,3,C_ID_L,117,1006711879274558233,42.757929,42.7374725342,841,6800,11321619877609521957
GIST,half,8,2,3,C_ID_L,118,16469490972111288920,33.213551,33.1962890625,4028,32296,883241890903009633
GIST,half,8,2,3,C_ID_L,119,5858457743813147244,42.588269,42.5682563782,396,3240,8827444684336327481
GIST,half,8,2,3,C_ID_L,120,5458740354294272417,43.339124,43.3185920715,9,144,7848134651590039281
GIST,half,8,2,3,C_ID_L,121,18044578509838911779,39.663337,39.6455039978,10,152,7928744672891195179
GIST,half,8,2,3,C_ID_L,122,2263849957397490031,40.399539,40.381439209,2287,18368,8165417142188033165
GIST,half,8,2,3,C_ID_L,123,11214984481703275179,39.661717,39.6472969055,1639,13184,17297314433685050926
GIST,half,8,2,3,C_ID_L,124,8609683818349710292,40.313666,40.2949752808,8,136,13168834338195935582
GIST,half,8,2,3,C_ID_L,125,3028236243262219857,38.494367,38.4718399048,8,136,425355140008332221
GIST,half,8,2,3,C_ID_L,126,12657858335344656681,35.65468,35.6396141052,8,136,4387400323091133037
GIST,half,8,2,3,C_ID_L,127,15208757093895910829,40.251112,40.2306556702,11,160,1809397944155681048
GIST,half,8,2,3,C_MASK_L,0,14628893485838184760,38.262441,38.2401618958,805,6512,12049670356140927271
GIST,half,8,2,3,C_MASK_L,1,5277735151802382403,38.310473,38.2890548706,5815,46592,12495090360753926488
GIST,half,8,2,3,C_MASK_L,2,12949723088018134982,40.151854,40.1347846985,12,168,17798676870000866351
GIST,half,8,2,3,C_MASK_L,3,17912368726981257746,33.595847,33.5714874268,22934,183544,3513084467399214196
GIST,half,8,2,3,C_MASK_L,4,6813717409520896539,39.265698,39.2434577942,17913,143376,10240984302992681904
GIST,half,8,2,3,C_MASK_L,5,15746877753817476956,38.06056,38.0384941101,25267,202208,5187200889313214686
GIST,half,8,2,3,C_MASK_L,6,13750152615788058147,37.921308,37.9057922363,367,3008,8703337812097627909
GIST,half,8,2,3,C_MASK_L,7,7966444742523137199,28.816975,28.799200058,9,144,294158670510647467
GIST,half,8,2,3,C_MASK_L,8,3722915141321120792,36.568751,36.5516471863,16,200,17247831106653997488
GIST,half,8,2,3,C_MASK_L,9,4680770526928094267,36.11566,36.0992012024,9,144,6185833218944131429
GIST,half,8,2,3,C_MASK_L,10,16634692065747566502,26.526121,26.5082569122,9,144,13324388130527482689
GIST,half,8,2,3,C_MASK_L,11,407413494807729236,33.66053,33.6337280273,20742,166008,748099361995206288
GIST,half,8,2,3,C_MASK_L,12,17460078167775218888,34.910734,34.891582489,219,1824,12113822531377232237
GIST,half,8,2,3,C_MASK_L,13,12716887085642250387,35.705118,35.6884803772,10,152,5751298164538243026
GIST,half,8,2,3,C_MASK_L,14,18369275761964115190,33.407606,33.3868484497,8,136,17294034751593305288
GIST,half,8,2,3,C_MASK_L,15,5936729861741803939,36.272779,36.2561912537,1825,14672,4523878408681453459
GIST,half,8,2,3,C_MASK_L,16,3537798568722033093,38.765262,38.7310066223,45233,361936,10934986133749753810
GIST,half,8,2,3,C_MASK_L,17,9906517406195203870,38.258359,38.2280654907,28764,230184,13893008974686436000
GIST,half,8,2,3,C_MASK_L,18,3071783437712951460,27.522663,27.5059833527,9,144,4097877200455553912
GIST,half,8,2,3,C_MASK_L,19,4844542844294841975,35.264406,35.2401618958,27119,217024,3036884596305404821
GIST,half,8,2,3,C_MASK_L,20,13580243989274015108,34.149935,34.1334381104,13,176,12167542613742431786
GIST,half,8,2,3,C_MASK_L,21,2715171980480150680,40.547229,40.5238723755,3295,26432,4697067458263101281
GIST,half,8,2,3,C_MASK_L,22,9583610160574751482,37.564492,37.5447044373,104,904,17584774084035178489
GIST,half,8,2,3,C_MASK_L,23,3351983320614235452,38.382387,38.3692817688,8,136,10795653417440584118
GIST,half,8,2,3,C_MASK_L,24,14343238801608074176,35.201519,35.1826248169,8,136,335641030610087762
GIST,half,8,2,3,C_MASK_L,25,15312881684633933655,38.929179,38.9019508362,32548,260456,16202494671275670828
GIST,half,8,2,3,C_MASK_L,26,18398409255790635840,36.233482,36.2129936218,8,136,16965475016388596626
GIST,half,8,2,3,C_MASK_L,27,14732108746546988498,32.754325,32.7256965637,31256,250120,10640609347284222608
GIST,half,8,2,3,C_MASK_L,28,9719453371904557375,38.277071,38.2606735229,53,496,4295370152413759317
GIST,half,8,2,3,C_MASK_L,29,7111803339956803225,38.517166,38.5020484924,9,144,11080742569331125641
GIST,half,8,2,3,C_MASK_L,30,12630940382236276606,39.525585,39.5107192993,15,192,3888228134973069709
GIST,half,8,2,3,C_MASK_L,31,16717924179856591400,34.748004,34.7270088196,98,856,12253136263172607446
GIST,half,8,2,3,C_MASK_L,32,1018801991084754777,37.500157,37.4696311951,31191,249600,4139212840337583677
GIST,half,8,2,3,C_MASK_L,33,17951213273852593361,34.184059,34.168384552,8,136,7118776530039946925
GIST,half,8,2,3,C_MASK_L,34,11193354026380747684,38.799842,38.7782707214,18718,149816,10323070077910272027
GIST,half,8,2,3,C_MASK_L,35,7182522047579593487,36.098297,36.0830078125,12,168,13084839061348052764
GIST,half,8,2,3,C_MASK_L,36,5862842069398405510,39.205588,39.1799049377,29682,237528,719140743100350364
GIST,half,8,2,3,C_MASK_L,37,7931106857473092034,37.217612,37.2010879517,1642,13208,4836914976961728650
GIST,half,8,2,3,C_MASK_L,38,13700905950939581536,32.744995,32.7275505066,9,144,10212566950510398326
GIST,half,8,2,3,C_MASK_L,39,5134469820061381952,38.763867,38.7454719543,173,1456,11882963430235204481
GIST,half,8,2,3,C_MASK_L,40,523521015842037129,35.190564,35.1699829102,118,1016,14906896884422937853
GIST,half,8,2,3,C_MASK_L,41,15735649071512523416,40.300917,40.2854728699,11,160,6439908275319918567
GIST,half,8,2,3,C_MASK_L,42,16130457613556805909,36.138531,36.123134613,10,152,1351820667773349880
GIST,half,8,2,3,C_MASK_L,43,3580392345773888933,37.020359,37.0014724731,11,160,7130942906748589245
GIST,half,8,2,3,C_MASK_L,44,2657517881292301308,33.355534,33.3240013123,28625,229072,14362931499080891524
GIST,half,8,2,3,C_MASK_L,45,10634279939165845196,36.874879,36.8583679199,11,160,13746219426551555317
GIST,half,8,2,3,C_MASK_L,46,4808905104634366418,39.626801,39.6108169556,9,144,14613523175337427617
GIST,half,8,2,3,C_MASK_L,47,197228195401547247,34.699639,34.674495697,29946,239640,3603301588478779561
GIST,half,8,2,3,C_MASK_L,48,8248488942050825693,38.03094,38.0079689026,10130,81112,4850681651806503319
GIST,half,8,2,3,C_MASK_L,49,15716071042978413762,39.170664,39.1567993164,1785,14352,16881791907273901609
GIST,half,8,2,3,C_MASK_L,50,2593988135360058460,27.012643,26.9831047058,49566,396600,10688624242403767082
GIST,half,8,2,3,C_MASK_L,51,1321970314038155003,32.869068,32.8546257019,9,144,1725180568680233592
GIST,half,8,2,3,C_MASK_L,52,10782300321295982446,38.961991,38.9401283264,11,160,2262457125570541601
GIST,half,8,2,3,C_MASK_L,53,1181170520412032450,39.540044,39.5244483948,8,136,15161611065330365500
GIST,half,8,2,3,C_MASK_L,54,12485651515614408301,39.364681,39.3393936157,27648,221256,13982227894810710128
GIST,half,8,2,3,C_MASK_L,55,2573792055271618832,33.38781,33.3614082336,13053,104496,3700418904193080229
GIST,half,8,2,3,C_MASK_L,56,13083263465047869035,36.00285,35.9794578552,10500,84072,6126299974183225491
GIST,half,8,2,3,C_MASK_L,57,9021717632597148908,33.224808,33.206943512,7688,61576,16146242436575770571
GIST,half,8,2,3,C_MASK_L,58,9268774494751827706,37.143315,37.1271362305,9,144,2940493626614828053
GIST,half,8,2,3,C_MASK_L,59,1580871052154375482,36.257494,36.2430381775,10,152,10996509777332881202
GIST,half,8,2,3,C_MASK_L,60,2761207983275075740,35.599431,35.5719680786,27937,223568,8219627611328849196
GIST,half,8,2,3,C_MASK_L,61,2620909581344322254,40.682406,40.6658554077,159,1344,18016158801479111709
GIST,half,8,2,3,C_MASK_L,62,8560399019494154138,40.387187,40.3626251221,16,200,10995028448307505731
GIST,half,8,2,3,C_MASK_L,63,9575871338223549139,39.829227,39.8136634827,782,6328,14236409939300756135
GIST,half,8,2,3,C_MASK_L,64,12923444094630896693,32.142435,32.125087738,9,144,10890240329654538100
GIST,half,8,2,3,C_MASK_L,65,16264934943434005963,37.285107,37.263168335,23549,188464,1717894044534139949
GIST,half,8,2,3,C_MASK_L,66,6567103049086711526,25.693051,25.6773757935,9,144,2120391718945614396
GIST,half,8,2,3,C_MASK_L,67,9413171363946879688,35.672166,35.6560974121,10,152,16410576142550180761
GIST,half,8,2,3,C_MASK_L,68,17584159069416176766,40.267737,40.2509117126,8,136,14994419951185837632
GIST,half,8,2,3,C_MASK_L,69,16370389120603384840,39.216443,39.1985588074,39,384,8893900566493377500
GIST,half,8,2,3,C_MASK_L,70,7125887616712792012,37.86027,37.8296318054,30939,247584,2578173215488215435
GIST,half,8,2,3,C_MASK_L,71,2653643927898021331,37.527504,37.5090255737,8,136,6674983760768613763
GIST,half,8,2,3,C_MASK_L,72,2775573294919263248,38.872534,38.8544654846,14,184,2008831888728120970
GIST,half,8,2,3,C_MASK_L,73,6275675870158489986,32.24332,32.2094726562,30287,242368,3965206015652614730
GIST,half,8,2,3,C_MASK_L,74,17416559791252488439,39.768484,39.7472000122,15885,127152,9191986637692184623
GIST,half,8,2,3,C_MASK_L,75,10629383663104694533,32.30326,32.2848968506,8,136,1959805352102410517
GIST,half,8,2,3,C_MASK_L,76,6121457899850640239,40.639299,40.6215057373,10,152,10439922783850878615
GIST,half,8,2,3,C_MASK_L,77,13772194458325883781,39.492975,39.4712944031,8,136,3119058093217859169
GIST,half,8,2,3,C_MASK_L,78,384590151492374026,38.307492,38.2912330627,1145,9232,6824037880318392156
GIST,half,8,2,3,C_MASK_L,79,17525024244829704515,36.673108,36.6348800659,17953,143696,8782034102419046715
GIST,half,8,2,3,C_MASK_L,80,8425382104893835461,38.345924,38.3272628784,138,1176,4615018082655609248
GIST,half,8,2,3,C_MASK_L,81,4578548255021645869,35.378034,35.3613433838,8,136,7309366345031128353
GIST,half,8,2,3,C_MASK_L,82,17380680694385638840,36.433994,36.4158706665,10,152,17099624996036497700
GIST,half,8,2,3,C_MASK_L,83,8711237166219394419,34.687479,34.6701126099,16,200,1159450716902794998
GIST,half,8,2,3,C_MASK_L,84,10344073526508897281,39.350006,39.3340492249,10,152,12307297875457737052
GIST,half,8,2,3,C_MASK_L,85,10946770602578419956,38.067452,38.0517425537,8,136,1403974257677289190
GIST,half,8,2,3,C_MASK_L,86,6470508332142331894,40.317571,40.2976303101,3669,29424,3528509250306175135
GIST,half,8,2,3,C_MASK_L,87,8534974539240644349,37.008806,36.9779205322,22710,181752,7440715000576488328
GIST,half,8,2,3,C_MASK_L,88,17392447945923308625,29.767638,29.7477760315,11,160,16812603617364686395
GIST,half,8,2,3,C_MASK_L,89,17243398098289356237,38.865307,38.8432655334,19381,155120,11341570227103404206
GIST,half,8,2,3,C_MASK_L,90,1487146102952406162,38.339661,38.3196487427,9,144,11675729656657864315
GIST,half,8,2,3,C_MASK_L,91,13351219280779986121,30.192065,30.1759357452,91,800,7129016086556790661
GIST,half,8,2,3,C_MASK_L,92,7858987711662060174,28.156838,28.1308803558,16659,133344,18141791887973734438
GIST,half,8,2,3,C_MASK_L,93,15824146815298812297,38.761319,38.7439346313,785,6352,16848583768543088517
GIST,half,8,2,3,C_MASK_L,94,12966259267171903563,34.407145,34.383102417,9,144,16525753693329126445
GIST,half,8,2,3,C_MASK_L,95,13797457395031324342,39.310176,39.2897911072,4312,34568,8681946398460365715
GIST,half,8,2,3,C_MASK_L,96,13118478308687119329,33.183067,33.1580467224,12672,101448,12414488981634579085
GIST,half,8,2,3,C_MASK_L,97,11331694305099227241,33.79225,33.7747840881,5629,45104,17435282213467792387
GIST,half,8,2,3,C_MASK_L,98,1083222351448503346,36.877461,36.8566703796,30,312,14811157689777586302
GIST,half,8,2,3,C_MASK_L,99,11723484149300992671,39.949455,39.9292488098,2311,18560,15885591392866052173
GIST,half,8,2,3,C_MASK_L,100,416867533671327684,36.94206,36.9241294861,4969,39824,18199109054269478174
GIST,half,8,2,3,C_MASK_L,101,463556152314022137,35.848129,35.8291511536,9,144,17739438941913720152
GIST,half,8,2,3,C_MASK_L,102,5023834620232924699,37.41876,37.3993606567,9,144,4345061276902095567
GIST,half,8,2,3,C_MASK_L,103,3358090661935181962,41.09246,41.0709457397,10,152,206827504788997805
GIST,half,8,2,3,C_MASK_L,104,6318150018815276835,37.364142,37.3427848816,8,136,6252710342366139043
GIST,half,8,2,3,C_MASK_L,105,3382835124390735773,32.910226,32.8889274597,10,152,1633465981209507262
GIST,half,8,2,3,C_MASK_L,106,7862389240255096405,40.586491,40.5667190552,8,136,4454845205277636153
GIST,half,8,2,3,C_MASK_L,107,12753255321128375907,38.408898,38.3921928406,11,160,3736671290085159878
GIST,half,8,2,3,C_MASK_L,108,5137605947089590316,37.26645,37.2492485046,22,248,8744501858676181288
GIST,half,8,2,3,C_MASK_L,109,17603205654855495503,31.984318,31.9637126923,6920,55432,4734971902105951802
GIST,half,8,2,3,C_MASK_L,110,10127478537340186675,33.936719,33.9172477722,10,152,1358658317263378375
GIST,half,8,2,3,C_MASK_L,111,3665995180310526364,36.647105,36.6210250854,41478,331896,5661520465715040291
GIST,half,8,2,3,C_MASK_L,112,10135745837711897539,33.37223,33.3548164368,9,144,27334712204462216
GIST,half,8,2,3,C_MASK_L,113,10535780349197406948,33.633659,33.6180152893,8,136,14415464039087190790
GIST,half,8,2,3,C_MASK_L,114,10648647139011189564,34.922803,34.9062080383,12,168,6772672195218087492
GIST,half,8,2,3,C_MASK_L,115,7649011970154020997,40.109749,40.0930252075,9,144,3206729205558378233
GIST,half,8,2,3,C_MASK_L,116,476149813655704091,38.749072,38.7238082886,10,152,8858849561569991435
GIST,half,8,2,3,C_MASK_L,117,1006711879274558233,39.898475,39.8813743591,841,6800,11321619877609521957
GIST,half,8,2,3,C_MASK_L,118,16469490972111288920,32.204883,32.1856307983,4028,32296,883241890903009633
GIST,half,8,2,3,C_MASK_L,119,5858457743813147244,39.687671,39.6659851074,396,3240,8827444684336327481
GIST,half,8,2,3,C_MASK_L,120,5458740354294272417,40.401006,40.3819198608,9,144,7848134651590039281
GIST,half,8,2,3,C_MASK_L,121,18044578509838911779,37.5168,37.4995536804,10,152,7928744672891195179
GIST,half,8,2,3,C_MASK_L,122,2263849957397490031,38.374675,38.3502731323,2287,18368,8165417142188033165
GIST,half,8,2,3,C_MASK_L,123,11214984481703275179,37.626481,37.6094093323,1639,13184,17297314433685050926
GIST,half,8,2,3,C_MASK_L,124,8609683818349710292,38.089261,38.0743675232,8,136,13168834338195935582
GIST,half,8,2,3,C_MASK_L,125,3028236243262219857,36.442692,36.4237747192,8,136,425355140008332221
GIST,half,8,2,3,C_MASK_L,126,12657858335344656681,33.935911,33.9190063477,8,136,4387400323091133037
GIST,half,8,2,3,C_MASK_L,127,15208757093895910829,38.044049,38.0284805298,11,160,1809397944155681048
GIST,half,8,2,3,C_TASK_L,0,14628893485838184760,45.476659,45.4545593262,805,6512,12049670356140927271
GIST,half,8,2,3,C_TASK_L,1,5277735151802382403,47.730333,47.7132797241,5815,46592,12495090360753926488
GIST,half,8,2,3,C_TASK_L,2,12949723088018134982,46.645452,46.6237754822,12,168,17798676870000866351
GIST,half,8,2,3,C_TASK_L,3,17912368726981257746,45.411329,45.3907852173,22934,183544,3513084467399214196
GIST,half,8,2,3,C_TASK_L,4,6813717409520896539,46.71405,46.6886405945,17913,143376,10240984302992681904
GIST,half,8,2,3,C_TASK_L,5,15746877753817476956,46.616497,46.5916786194,25267,202208,5187200889313214686
GIST,half,8,2,3,C_TASK_L,6,13750152615788058147,46.606167,46.5861434937,367,3008,8703337812097627909
GIST,half,8,2,3,C_TASK_L,7,7966444742523137199,46.42483,46.4083213806,9,144,294158670510647467
GIST,half,8,2,3,C_TASK_L,8,3722915141321120792,46.598282,46.5821113586,16,200,17247831106653997488
GIST,half,8,2,3,C_TASK_L,9,4680770526928094267,45.404226,45.3845748901,9,144,6185833218944131429
GIST,half,8,2,3,C_TASK_L,10,16634692065747566502,37.28129,37.2589111328,9,144,13324388130527482689
GIST,half,8,2,3,C_TASK_L,11,407413494807729236,44.196574,44.1698875427,20742,166008,748099361995206288
GIST,half,8,2,3,C_TASK_L,12,17460078167775218888,45.392512,45.3745613098,219,1824,12113822531377232237
GIST,half,8,2,3,C_TASK_L,13,12716887085642250387,45.512531,45.4962882996,10,152,5751298164538243026
GIST,half,8,2,3,C_TASK_L,14,18369275761964115190,44.21104,44.1956481934,8,136,17294034751593305288
GIST,half,8,2,3,C_TASK_L,15,5936729861741803939,43.082299,43.0653457642,1825,14672,4523878408681453459
GIST,half,8,2,3,C_TASK_L,16,3537798568722033093,44.482799,44.4532165527,45233,361936,10934986133749753810
GIST,half,8,2,3,C_TASK_L,17,9906517406195203870,46.652907,46.6236152649,28764,230184,13893008974686436000
GIST,half,8,2,3,C_TASK_L,18,3071783437712951460,38.356008,38.3387184143,9,144,4097877200455553912
GIST,half,8,2,3,C_TASK_L,19,4844542844294841975,46.545662,46.5163841248,27119,217024,3036884596305404821
GIST,half,8,2,3,C_TASK_L,20,13580243989274015108,45.36861,45.3479995728,13,176,12167542613742431786
GIST,half,8,2,3,C_TASK_L,21,2715171980480150680,46.69516,46.6789131165,3295,26432,4697067458263101281
GIST,half,8,2,3,C_TASK_L,22,9583610160574751482,45.514663,45.4981765747,104,904,17584774084035178489
GIST,half,8,2,3,C_TASK_L,23,3351983320614235452,45.465896,45.4462089539,8,136,10795653417440584118
GIST,half,8,2,3,C_TASK_L,24,14343238801608074176,45.405569,45.3806724548,8,136,335641030610087762
GIST,half,8,2,3,C_TASK_L,25,15312881684633933655,47.766043,47.737247467,32548,260456,16202494671275670828
GIST,half,8,2,3,C_TASK_L,26,18398409255790635840,44.262195,44.2413101196,8,136,16965475016388596626
GIST,half,8,2,3,C_TASK_L,27,14732108746546988498,40.766557,40.727519989,31256,250120,10640609347284222608
GIST,half,8,2,3,C_TASK_L,28,9719453371904557375,46.549499,46.5342407227,53,496,4295370152413759317
GIST,half,8,2,3,C_TASK_L,29,7111803339956803225,46.620461,46.5988807678,9,144,11080742569331125641
GIST,half,8,2,3,C_TASK_L,30,12630940382236276606,46.632159,46.613407135,15,192,3888228134973069709
GIST,half,8,2,3,C_TASK_L,31,16717924179856591400,45.396439,45.3800315857,98,856,12253136263172607446
GIST,half,8,2,3,C_TASK_L,32,1018801991084754777,47.825559,47.7905273438,31191,249600,4139212840337583677
GIST,half,8,2,3,C_TASK_L,33,17951213273852593361,44.23728,44.2146873474,8,136,7118776530039946925
GIST,half,8,2,3,C_TASK_L,34,11193354026380747684,46.714066,46.6907196045,18718,149816,10323070077910272027
GIST,half,8,2,3,C_TASK_L,35,7182522047579593487,45.455017,45.4381446838,12,168,13084839061348052764
GIST,half,8,2,3,C_TASK_L,36,5862842069398405510,46.690959,46.6579208374,29682,237528,719140743100350364
GIST,half,8,2,3,C_TASK_L,37,7931106857473092034,46.572258,46.554561615,1642,13208,4836914976961728650
GIST,half,8,2,3,C_TASK_L,38,13700905950939581536,45.467878,45.4516792297,9,144,10212566950510398326
GIST,half,8,2,3,C_TASK_L,39,5134469820061381952,47.765209,47.7431373596,173,1456,11882963430235204481
GIST,half,8,2,3,C_TASK_L,40,523521015842037129,46.560976,46.5426864624,118,1016,14906896884422937853
GIST,half,8,2,3,C_TASK_L,41,15735649071512523416,46.635456,46.6115531921,11,160,6439908275319918567
GIST,half,8,2,3,C_TASK_L,42,16130457613556805909,45.432985,45.4171218872,10,152,1351820667773349880
GIST,half,8,2,3,C_TASK_L,43,3580392345773888933,46.783817,46.7668800354,11,160,7130942906748589245
GIST,half,8,2,3,C_TASK_L,44,2657517881292301308,44.320209,44.2940788269,28625,229072,14362931499080891524
GIST,half,8,2,3,C_TASK_L,45,10634279939165845196,45.594198,45.5786552429,11,160,13746219426551555317
GIST,half,8,2,3,C_TASK_L,46,4808905104634366418,46.67008,46.6528320312,9,144,14613523175337427617
GIST,half,8,2,3,C_TASK_L,47,197228195401547247,44.345496,44.3193283081,29946,239640,3603301588478779561
GIST,half,8,2,3,C_TASK_L,48,8248488942050825693,46.614688,46.5936965942,10130,81112,4850681651806503319
GIST,half,8,2,3,C_TASK_L,49,15716071042978413762,47.77737,47.7536315918,1785,14352,16881791907273901609
GIST,half,8,2,3,C_TASK_L,50,2593988135360058460,36.410291,36.3756790161,49566,396600,10688624242403767082
GIST,half,8,2,3,C_TASK_L,51,1321970314038155003,45.407834,45.3914871216,9,144,1725180568680233592
GIST,half,8,2,3,C_TASK_L,52,10782300321295982446,45.529437,45.5131835938,11,160,2262457125570541601
GIST,half,8,2,3,C_TASK_L,53,1181170520412032450,46.63459,46.6167678833,8,136,15161611065330365500
GIST,half,8,2,3,C_TASK_L,54,12485651515614408301,46.619248,46.5851211548,27648,221256,13982227894810710128
GIST,half,8,2,3,C_TASK_L,55,2573792055271618832,46.551836,46.5280647278,13053,104496,3700418904193080229
GIST,half,8,2,3,C_TASK_L,56,13083263465047869035,45.395587,45.3736305237,10500,84072,6126299974183225491
GIST,half,8,2,3,C_TASK_L,57,9021717632597148908,45.445575,45.4261741638,7688,61576,16146242436575770571
GIST,half,8,2,3,C_TASK_L,58,9268774494751827706,44.27495,44.2546234131,9,144,2940493626614828053
GIST,half,8,2,3,C_TASK_L,59,1580871052154375482,45.408598,45.3923187256,10,152,10996509777332881202
GIST,half,8,2,3,C_TASK_L,60,2761207983275075740,46.581601,46.5485458374,27937,223568,8219627611328849196
GIST,half,8,2,3,C_TASK_L,61,2620909581344322254,46.658979,46.6406707764,159,1344,18016158801479111709
GIST,half,8,2,3,C_TASK_L,62,8560399019494154138,45.661633,45.6419525146,16,200,10995028448307505731
GIST,half,8,2,3,C_TASK_L,63,9575871338223549139,46.654554,46.625793457,782,6328,14236409939300756135
GIST,half,8,2,3,C_TASK_L,64,12923444094630896693,44.220948,44.1995849609,9,144,10890240329654538100
GIST,half,8,2,3,C_TASK_L,65,16264934943434005963,45.606002,45.5848312378,23549,188464,1717894044534139949
GIST,half,8,2,3,C_TASK_L,66,6567103049086711526,45.233146,45.2162246704,9,144,2120391718945614396
GIST,half,8,2,3,C_TASK_L,67,9413171363946879688,44.333413,44.319519043,10,152,16410576142550180761
GIST,half,8,2,3,C_TASK_L,68,17584159069416176766,46.825793,46.8055686951,8,136,14994419951185837632
GIST,half,8,2,3,C_TASK_L,69,16370389120603384840,44.482368,44.4671669006,39,384,8893900566493377500
GIST,half,8,2,3,C_TASK_L,70,7125887616712792012,45.607002,45.5788497925,30939,247584,2578173215488215435
GIST,half,8,2,3,C_TASK_L,71,2653643927898021331,45.595302,45.5814704895,8,136,6674983760768613763
GIST,half,8,2,3,C_TASK_L,72,2775573294919263248,46.618863,46.5971183777,14,184,2008831888728120970
GIST,half,8,2,3,C_TASK_L,73,6275675870158489986,42.057062,42.0299835205,30287,242368,3965206015652614730
GIST,half,8,2,3,C_TASK_L,74,17416559791252488439,46.609749,46.5879058838,15885,127152,9191986637692184623
GIST,half,8,2,3,C_TASK_L,75,10629383663104694533,46.457422,46.442401886,8,136,1959805352102410517
GIST,half,8,2,3,C_TASK_L,76,6121457899850640239,46.61655,46.596031189,10,152,10439922783850878615
GIST,half,8,2,3,C_TASK_L,77,13772194458325883781,46.618404,46.602848053,8,136,3119058093217859169
GIST,half,8,2,3,C_TASK_L,78,384590151492374026,47.760518,47.738910675,1145,9232,6824037880318392156
GIST,half,8,2,3,C_TASK_L,79,17525024244829704515,45.8571,45.4011192322,17953,143696,8782034102419046715
GIST,half,8,2,3,C_TASK_L,80,8425382104893835461,46.644038,46.6276168823,138,1176,4615018082655609248
GIST,half,8,2,3,C_TASK_L,81,4578548255021645869,46.55682,46.5367355347,8,136,7309366345031128353
GIST,half,8,2,3,C_TASK_L,82,17380680694385638840,46.543804,46.5292816162,10,152,17099624996036497700
GIST,half,8,2,3,C_TASK_L,83,8711237166219394419,45.388495,45.3700141907,16,200,1159450716902794998
GIST,half,8,2,3,C_TASK_L,84,10344073526508897281,46.606825,46.5918731689,10,152,12307297875457737052
GIST,half,8,2,3,C_TASK_L,85,10946770602578419956,43.30003,43.2807998657,8,136,1403974257677289190
GIST,half,8,2,3,C_TASK_L,86,6470508332142331894,46.7295,46.712638855,3669,29424,3528509250306175135
GIST,half,8,2,3,C_TASK_L,87,8534974539240644349,47.755893,47.7288627625,22710,181752,7440715000576488328
GIST,half,8,2,3,C_TASK_L,88,17392447945923308625,45.292747,45.2762870789,11,160,16812603617364686395
GIST,half,8,2,3,C_TASK_L,89,17243398098289356237,46.672231,46.6495666504,19381,155120,11341570227103404206
GIST,half,8,2,3,C_TASK_L,90,1487146102952406162,44.430926,44.4121284485,9,144,11675729656657864315
GIST,half,8,2,3,C_TASK_L,91,13351219280779986121,40.696199,40.6793289185,91,800,7129016086556790661
GIST,half,8,2,3,C_TASK_L,92,7858987711662060174,45.283829,45.2576332092,16659,133344,18141791887973734438
GIST,half,8,2,3,C_TASK_L,93,15824146815298812297,47.773197,47.7547187805,785,6352,16848583768543088517
GIST,half,8,2,3,C_TASK_L,94,12966259267171903563,45.450895,45.4300498962,9,144,16525753693329126445
GIST,half,8,2,3,C_TASK_L,95,13797457395031324342,46.617313,46.6003837585,4312,34568,8681946398460365715
GIST,half,8,2,3,C_TASK_L,96,13118478308687119329,46.487738,46.4655990601,12672,101448,12414488981634579085
GIST,half,8,2,3,C_TASK_L,97,11331694305099227241,46.532304,46.5137901306,5629,45104,17435282213467792387
GIST,half,8,2,3,C_TASK_L,98,1083222351448503346,46.58146,46.5593910217,30,312,14811157689777586302
GIST,half,8,2,3,C_TASK_L,99,11723484149300992671,46.646116,46.6308479309,2311,18560,15885591392866052173
GIST,half,8,2,3,C_TASK_L,100,416867533671327684,46.65397,46.6398391724,4969,39824,18199109054269478174
GIST,half,8,2,3,C_TASK_L,101,463556152314022137,46.556029,46.539806366,9,144,17739438941913720152
GIST,half,8,2,3,C_TASK_L,102,5023834620232924699,44.343831,44.3214073181,9,144,4345061276902095567
GIST,half,8,2,3,C_TASK_L,103,3358090661935181962,45.609819,45.5911026001,10,152,206827504788997805
GIST,half,8,2,3,C_TASK_L,104,6318150018815276835,45.451459,45.4354553223,8,136,6252710342366139043
GIST,half,8,2,3,C_TASK_L,105,3382835124390735773,45.353344,45.3340797424,10,152,1633465981209507262
GIST,half,8,2,3,C_TASK_L,106,7862389240255096405,45.669668,45.6548461914,8,136,4454845205277636153
GIST,half,8,2,3,C_TASK_L,107,12753255321128375907,45.477418,45.4549446106,11,160,3736671290085159878
GIST,half,8,2,3,C_TASK_L,108,5137605947089590316,44.38131,44.3627510071,22,248,8744501858676181288
GIST,half,8,2,3,C_TASK_L,109,17603205654855495503,44.263706,44.2450561523,6920,55432,4734971902105951802
GIST,half,8,2,3,C_TASK_L,110,10127478537340186675,40.743552,40.7261428833,10,152,1358658317263378375
GIST,half,8,2,3,C_TASK_L,111,3665995180310526364,46.668364,46.6433296204,41478,331896,5661520465715040291
GIST,half,8,2,3,C_TASK_L,112,10135745837711897539,43.06666,43.0439376831,9,144,27334712204462216
GIST,half,8,2,3,C_TASK_L,113,10535780349197406948,46.523111,46.507648468,8,136,14415464039087190790
GIST,half,8,2,3,C_TASK_L,114,10648647139011189564,44.259004,44.2402877808,12,168,6772672195218087492
GIST,half,8,2,3,C_TASK_L,115,7649011970154020997,46.608438,46.5921287537,9,144,3206729205558378233
GIST,half,8,2,3,C_TASK_L,116,476149813655704091,45.47447,45.453792572,10,152,8858849561569991435
GIST,half,8,2,3,C_TASK_L,117,1006711879274558233,45.474953,45.4546890259,841,6800,11321619877609521957
GIST,half,8,2,3,C_TASK_L,118,16469490972111288920,46.569913,46.5513916016,4028,32296,883241890903009633
GIST,half,8,2,3,C_TASK_L,119,5858457743813147244,45.560479,45.5408325195,396,3240,8827444684336327481
GIST,half,8,2,3,C_TASK_L,120,5458740354294272417,46.641733,46.6194877625,9,144,7848134651590039281
GIST,half,8,2,3,C_TASK_L,121,18044578509838911779,46.594051,46.5771827698,10,152,7928744672891195179
GIST,half,8,2,3,C_TASK_L,122,2263849957397490031,46.581843,46.5674552917,2287,18368,8165417142188033165
GIST,half,8,2,3,C_TASK_L,123,11214984481703275179,46.568751,46.5477752686,1639,13184,17297314433685050926
GIST,half,8,2,3,C_TASK_L,124,8609683818349710292,45.462718,45.4454078674,8,136,13168834338195935582
GIST,half,8,2,3,C_TASK_L,125,3028236243262219857,44.318885,44.2988471985,8,136,425355140008332221
GIST,half,8,2,3,C_TASK_L,126,12657858335344656681,44.2828,44.266494751,8,136,4387400323091133037
GIST,half,8,2,3,C_TASK_L,127,15208757093895910829,47.752156,47.7341423035,11,160,1809397944155681048
GIST,half,8,2,3,SCAN_E,0,14628893485838184760,15.424968,15.408288002,805,6512,12049670356140927271
GIST,half,8,2,3,SCAN_E,1,5277735151802382403,13.566168,13.5420799255,5815,46592,12495090360753926488
GIST,half,8,2,3,SCAN_E,2,12949723088018134982,15.604236,15.5826559067,12,168,17798676870000866351
GIST,half,8,2,3,SCAN_E,3,17912368726981257746,12.917063,12.8923196793,22934,183544,3513084467399214196
GIST,half,8,2,3,SCAN_E,4,6813717409520896539,16.519171,16.4919033051,17913,143376,10240984302992681904
GIST,half,8,2,3,SCAN_E,5,15746877753817476956,18.226201,18.2001914978,25267,202208,5187200889313214686
GIST,half,8,2,3,SCAN_E,6,13750152615788058147,14.470853,14.4544963837,367,3008,8703337812097627909
GIST,half,8,2,3,SCAN_E,7,7966444742523137199,12.874453,12.8526716232,9,144,294158670510647467
GIST,half,8,2,3,SCAN_E,8,3722915141321120792,14.839569,14.8223676682,16,200,17247831106653997488
GIST,half,8,2,3,SCAN_E,9,4680770526928094267,13.254626,13.2403202057,9,144,6185833218944131429
GIST,half,8,2,3,SCAN_E,10,16634692065747566502,12.346929,12.3325119019,9,144,13324388130527482689
GIST,half,8,2,3,SCAN_E,11,407413494807729236,16.369361,16.3476161957,20742,166008,748099361995206288
GIST,half,8,2,3,SCAN_E,12,17460078167775218888,13.932645,13.9180164337,219,1824,12113822531377232237
GIST,half,8,2,3,SCAN_E,13,12716887085642250387,13.316152,13.301856041,10,152,5751298164538243026
GIST,half,8,2,3,SCAN_E,14,18369275761964115190,13.598989,13.583647728,8,136,17294034751593305288
GIST,half,8,2,3,SCAN_E,15,5936729861741803939,14.006505,13.9916162491,1825,14672,4523878408681453459
GIST,half,8,2,3,SCAN_E,16,3537798568722033093,16.845694,16.8199367523,45233,361936,10934986133749753810
GIST,half,8,2,3,SCAN_E,17,9906517406195203870,14.996535,14.9697599411,28764,230184,13893008974686436000
GIST,half,8,2,3,SCAN_E,18,3071783437712951460,11.750773,11.7257604599,9,144,4097877200455553912
GIST,half,8,2,3,SCAN_E,19,4844542844294841975,17.219364,17.1920967102,27119,217024,3036884596305404821
GIST,half,8,2,3,SCAN_E,20,13580243989274015108,12.112196,12.0955200195,13,176,12167542613742431786
GIST,half,8,2,3,SCAN_E,21,2715171980480150680,15.687542,15.6662721634,3295,26432,4697067458263101281
GIST,half,8,2,3,SCAN_E,22,9583610160574751482,13.774348,13.7586555481,104,904,17584774084035178489
GIST,half,8,2,3,SCAN_E,23,3351983320614235452,13.842005,13.8271036148,8,136,10795653417440584118
GIST,half,8,2,3,SCAN_E,24,14343238801608074176,13.586682,13.5674562454,8,136,335641030610087762
GIST,half,8,2,3,SCAN_E,25,15312881684633933655,16.103206,16.0772476196,32548,260456,16202494671275670828
GIST,half,8,2,3,SCAN_E,26,18398409255790635840,15.293461,15.2747516632,8,136,16965475016388596626
GIST,half,8,2,3,SCAN_E,27,14732108746546988498,13.119063,13.0948162079,31256,250120,10640609347284222608
GIST,half,8,2,3,SCAN_E,28,9719453371904557375,16.647374,16.6305599213,53,496,4295370152413759317
GIST,half,8,2,3,SCAN_E,29,7111803339956803225,13.979437,13.9629440308,9,144,11080742569331125641
GIST,half,8,2,3,SCAN_E,30,12630940382236276606,14.839541,14.8238401413,15,192,3888228134973069709
GIST,half,8,2,3,SCAN_E,31,16717924179856591400,13.295916,13.2792959213,98,856,12253136263172607446
GIST,half,8,2,3,SCAN_E,32,1018801991084754777,17.786902,17.7560958862,31191,249600,4139212840337583677
GIST,half,8,2,3,SCAN_E,33,17951213273852593361,12.086841,12.0699195862,8,136,7118776530039946925
GIST,half,8,2,3,SCAN_E,34,11193354026380747684,15.570815,15.5454721451,18718,149816,10323070077910272027
GIST,half,8,2,3,SCAN_E,35,7182522047579593487,12.904065,12.8873596191,12,168,13084839061348052764
GIST,half,8,2,3,SCAN_E,36,5862842069398405510,15.674809,15.6499843597,29682,237528,719140743100350364
GIST,half,8,2,3,SCAN_E,37,7931106857473092034,14.212322,14.1967363358,1642,13208,4836914976961728650
GIST,half,8,2,3,SCAN_E,38,13700905950939581536,12.177001,12.1616315842,9,144,10212566950510398326
GIST,half,8,2,3,SCAN_E,39,5134469820061381952,14.215756,14.2002563477,173,1456,11882963430235204481
GIST,half,8,2,3,SCAN_E,40,523521015842037129,14.055688,14.0407361984,118,1016,14906896884422937853
GIST,half,8,2,3,SCAN_E,41,15735649071512523416,15.784878,15.7696638107,11,160,6439908275319918567
GIST,half,8,2,3,SCAN_E,42,16130457613556805909,10.970323,10.9554243088,10,152,1351820667773349880
GIST,half,8,2,3,SCAN_E,43,3580392345773888933,13.930582,13.9101438522,11,160,7130942906748589245
GIST,half,8,2,3,SCAN_E,44,2657517881292301308,11.826484,11.7949123383,28625,229072,14362931499080891524
GIST,half,8,2,3,SCAN_E,45,10634279939165845196,14.065339,14.0478715897,11,160,13746219426551555317
GIST,half,8,2,3,SCAN_E,46,4808905104634366418,15.209968,15.1946563721,9,144,14613523175337427617
GIST,half,8,2,3,SCAN_E,47,197228195401547247,12.416249,12.3872003555,29946,239640,3603301588478779561
GIST,half,8,2,3,SCAN_E,48,8248488942050825693,16.049471,16.03033638,10130,81112,4850681651806503319
GIST,half,8,2,3,SCAN_E,49,15716071042978413762,13.450539,13.4346237183,1785,14352,16881791907273901609
GIST,half,8,2,3,SCAN_E,50,2593988135360058460,15.11351,15.0782079697,49566,396600,10688624242403767082
GIST,half,8,2,3,SCAN_E,51,1321970314038155003,15.185459,15.1699199677,9,144,1725180568680233592
GIST,half,8,2,3,SCAN_E,52,10782300321295982446,16.128719,16.1144962311,11,160,2262457125570541601
GIST,half,8,2,3,SCAN_E,53,1181170520412032450,13.25337,13.2354564667,8,136,15161611065330365500
GIST,half,8,2,3,SCAN_E,54,12485651515614408301,15.070993,15.045920372,27648,221256,13982227894810710128
GIST,half,8,2,3,SCAN_E,55,2573792055271618832,13.692714,13.6742401123,13053,104496,3700418904193080229
GIST,half,8,2,3,SCAN_E,56,13083263465047869035,17.559528,17.540096283,10500,84072,6126299974183225491
GIST,half,8,2,3,SCAN_E,57,9021717632597148908,12.927409,12.9109115601,7688,61576,16146242436575770571
GIST,half,8,2,3,SCAN_E,58,9268774494751827706,14.164154,14.1486082077,9,144,2940493626614828053
GIST,half,8,2,3,SCAN_E,59,1580871052154375482,15.332406,15.316160202,10,152,10996509777332881202
GIST,half,8,2,3,SCAN_E,60,2761207983275075740,15.647238,15.6187839508,27937,223568,8219627611328849196
GIST,half,8,2,3,SCAN_E,61,2620909581344322254,14.509195,14.4894075394,159,1344,18016158801479111709
GIST,half,8,2,3,SCAN_E,62,8560399019494154138,16.413391,16.3991680145,16,200,10995028448307505731
GIST,half,8,2,3,SCAN_E,63,9575871338223549139,16.045074,16.0291519165,782,6328,14236409939300756135
GIST,half,8,2,3,SCAN_E,64,12923444094630896693,13.833009,13.8151359558,9,144,10890240329654538100
GIST,half,8,2,3,SCAN_E,65,16264934943434005963,14.740071,14.717215538,23549,188464,1717894044534139949
GIST,half,8,2,3,SCAN_E,66,6567103049086711526,10.25354,10.2357759476,9,144,2120391718945614396
GIST,half,8,2,3,SCAN_E,67,9413171363946879688,13.5016,13.4883518219,10,152,16410576142550180761
GIST,half,8,2,3,SCAN_E,68,17584159069416176766,14.986913,14.9715843201,8,136,14994419951185837632
GIST,half,8,2,3,SCAN_E,69,16370389120603384840,16.093026,16.071231842,39,384,8893900566493377500
GIST,half,8,2,3,SCAN_E,70,7125887616712792012,16.263105,16.2327671051,30939,247584,2578173215488215435
GIST,half,8,2,3,SCAN_E,71,2653643927898021331,13.625464,13.6111040115,8,136,6674983760768613763
GIST,half,8,2,3,SCAN_E,72,2775573294919263248,14.237593,14.2236480713,14,184,2008831888728120970
GIST,half,8,2,3,SCAN_E,73,6275675870158489986,12.907051,12.8819522858,30287,242368,3965206015652614730
GIST,half,8,2,3,SCAN_E,74,17416559791252488439,12.927251,12.9017601013,15885,127152,9191986637692184623
GIST,half,8,2,3,SCAN_E,75,10629383663104694533,11.505538,11.4845123291,8,136,1959805352102410517
GIST,half,8,2,3,SCAN_E,76,6121457899850640239,15.858816,15.8414716721,10,152,10439922783850878615
GIST,half,8,2,3,SCAN_E,77,13772194458325883781,14.768064,14.7492799759,8,136,3119058093217859169
GIST,half,8,2,3,SCAN_E,78,384590151492374026,16.424186,16.4048633575,1145,9232,6824037880318392156
GIST,half,8,2,3,SCAN_E,79,17525024244829704515,15.041492,15.0141439438,17953,143696,8782034102419046715
GIST,half,8,2,3,SCAN_E,80,8425382104893835461,15.29429,15.2722558975,138,1176,4615018082655609248
GIST,half,8,2,3,SCAN_E,81,4578548255021645869,12.642833,12.6291837692,8,136,7309366345031128353
GIST,half,8,2,3,SCAN_E,82,17380680694385638840,14.019078,14.0033597946,10,152,17099624996036497700
GIST,half,8,2,3,SCAN_E,83,8711237166219394419,14.07965,14.0657920837,16,200,1159450716902794998
GIST,half,8,2,3,SCAN_E,84,10344073526508897281,13.390492,13.3746881485,10,152,12307297875457737052
GIST,half,8,2,3,SCAN_E,85,10946770602578419956,11.460444,11.439455986,8,136,1403974257677289190
GIST,half,8,2,3,SCAN_E,86,6470508332142331894,15.91259,15.8958396912,3669,29424,3528509250306175135
GIST,half,8,2,3,SCAN_E,87,8534974539240644349,15.134165,15.1126079559,22710,181752,7440715000576488328
GIST,half,8,2,3,SCAN_E,88,17392447945923308625,14.34806,14.3331518173,11,160,16812603617364686395
GIST,half,8,2,3,SCAN_E,89,17243398098289356237,14.785047,14.7644481659,19381,155120,11341570227103404206
GIST,half,8,2,3,SCAN_E,90,1487146102952406162,14.092995,14.0710716248,9,144,11675729656657864315
GIST,half,8,2,3,SCAN_E,91,13351219280779986121,13.305435,13.2855682373,91,800,7129016086556790661
GIST,half,8,2,3,SCAN_E,92,7858987711662060174,15.014482,14.9923839569,16659,133344,18141791887973734438
GIST,half,8,2,3,SCAN_E,93,15824146815298812297,14.434342,14.4204797745,785,6352,16848583768543088517
GIST,half,8,2,3,SCAN_E,94,12966259267171903563,14.642631,14.6282243729,9,144,16525753693329126445
GIST,half,8,2,3,SCAN_E,95,13797457395031324342,14.325919,14.3118715286,4312,34568,8681946398460365715
GIST,half,8,2,3,SCAN_E,96,13118478308687119329,13.773877,13.753279686,12672,101448,12414488981634579085
GIST,half,8,2,3,SCAN_E,97,11331694305099227241,14.324534,14.307264328,5629,45104,17435282213467792387
GIST,half,8,2,3,SCAN_E,98,1083222351448503346,16.761686,16.7448959351,30,312,14811157689777586302
GIST,half,8,2,3,SCAN_E,99,11723484149300992671,16.070025,16.0546550751,2311,18560,15885591392866052173
GIST,half,8,2,3,SCAN_E,100,416867533671327684,13.231796,13.2095041275,4969,39824,18199109054269478174
GIST,half,8,2,3,SCAN_E,101,463556152314022137,10.759537,10.7440643311,9,144,17739438941913720152
GIST,half,8,2,3,SCAN_E,102,5023834620232924699,11.189699,11.1702718735,9,144,4345061276902095567
GIST,half,8,2,3,SCAN_E,103,3358090661935181962,14.556758,14.5400323868,10,152,206827504788997805
GIST,half,8,2,3,SCAN_E,104,6318150018815276835,12.651625,12.6318397522,8,136,6252710342366139043
GIST,half,8,2,3,SCAN_E,105,3382835124390735773,10.993718,10.972864151,10,152,1633465981209507262
GIST,half,8,2,3,SCAN_E,106,7862389240255096405,14.484835,14.4690876007,8,136,4454845205277636153
GIST,half,8,2,3,SCAN_E,107,12753255321128375907,13.279351,13.2648639679,11,160,3736671290085159878
GIST,half,8,2,3,SCAN_E,108,5137605947089590316,14.126753,14.1083841324,22,248,8744501858676181288
GIST,half,8,2,3,SCAN_E,109,17603205654855495503,14.15823,14.1409597397,6920,55432,4734971902105951802
GIST,half,8,2,3,SCAN_E,110,10127478537340186675,14.978739,14.9633922577,10,152,1358658317263378375
GIST,half,8,2,3,SCAN_E,111,3665995180310526364,16.732479,16.7042236328,41478,331896,5661520465715040291
GIST,half,8,2,3,SCAN_E,112,10135745837711897539,12.394036,12.3783359528,9,144,27334712204462216
GIST,half,8,2,3,SCAN_E,113,10535780349197406948,13.42099,13.3932161331,8,136,14415464039087190790
GIST,half,8,2,3,SCAN_E,114,10648647139011189564,13.610469,13.5950717926,12,168,6772672195218087492
GIST,half,8,2,3,SCAN_E,115,7649011970154020997,13.106741,13.0925121307,9,144,3206729205558378233
GIST,half,8,2,3,SCAN_E,116,476149813655704091,14.851731,14.8302402496,10,152,8858849561569991435
GIST,half,8,2,3,SCAN_E,117,1006711879274558233,17.273825,17.2538871765,841,6800,11321619877609521957
GIST,half,8,2,3,SCAN_E,118,16469490972111288920,14.793463,14.7771196365,4028,32296,883241890903009633
GIST,half,8,2,3,SCAN_E,119,5858457743813147244,14.415415,14.3995523453,396,3240,8827444684336327481
GIST,half,8,2,3,SCAN_E,120,5458740354294272417,15.626485,15.6077756882,9,144,7848134651590039281
GIST,half,8,2,3,SCAN_E,121,18044578509838911779,13.995615,13.9812479019,10,152,7928744672891195179
GIST,half,8,2,3,SCAN_E,122,2263849957397490031,16.024482,16.0079364777,2287,18368,8165417142188033165
GIST,half,8,2,3,SCAN_E,123,11214984481703275179,14.814935,14.7954244614,1639,13184,17297314433685050926
GIST,half,8,2,3,SCAN_E,124,8609683818349710292,12.250335,12.2357444763,8,136,13168834338195935582
GIST,half,8,2,3,SCAN_E,125,3028236243262219857,14.32252,14.3074560165,8,136,425355140008332221
GIST,half,8,2,3,SCAN_E,126,12657858335344656681,8.917297,8.90457630157,8,136,4387400323091133037
GIST,half,8,2,3,SCAN_E,127,15208757093895910829,12.508894,12.492064476,11,160,1809397944155681048
GIST,half,8,2,3,C_ID_E,0,14628893485838184760,17.742472,17.7265281677,805,6512,12049670356140927271
GIST,half,8,2,3,C_ID_E,1,5277735151802382403,16.133732,16.117023468,5815,46592,12495090360753926488
GIST,half,8,2,3,C_ID_E,2,12949723088018134982,18.44205,18.4217910767,12,168,17798676870000866351
GIST,half,8,2,3,C_ID_E,3,17912368726981257746,12.988413,12.9661436081,22934,183544,3513084467399214196
GIST,half,8,2,3,C_ID_E,4,6813717409520896539,19.348796,19.3285121918,17913,143376,10240984302992681904
GIST,half,8,2,3,C_ID_E,5,15746877753817476956,20.512905,20.4823036194,25267,202208,5187200889313214686
GIST,half,8,2,3,C_ID_E,6,13750152615788058147,16.421834,16.4055042267,367,3008,8703337812097627909
GIST,half,8,2,3,C_ID_E,7,7966444742523137199,11.892184,11.8714237213,9,144,294158670510647467
GIST,half,8,2,3,C_ID_E,8,3722915141321120792,16.315966,16.2983036041,16,200,17247831106653997488
GIST,half,8,2,3,C_ID_E,9,4680770526928094267,15.871285,15.8507843018,9,144,6185833218944131429
GIST,half,8,2,3,C_ID_E,10,16634692065747566502,10.933563,10.9115524292,9,144,13324388130527482689
GIST,half,8,2,3,C_ID_E,11,407413494807729236,18.115296,18.0920963287,20742,166008,748099361995206288
GIST,half,8,2,3,C_ID_E,12,17460078167775218888,14.644043,14.6271677017,219,1824,12113822531377232237
GIST,half,8,2,3,C_ID_E,13,12716887085642250387,14.189541,14.1702079773,10,152,5751298164538243026
GIST,half,8,2,3,C_ID_E,14,18369275761964115190,14.032703,14.017791748,8,136,17294034751593305288
GIST,half,8,2,3,C_ID_E,15,5936729861741803939,15.914471,15.8973760605,1825,14672,4523878408681453459
GIST,half,8,2,3,C_ID_E,16,3537798568722033093,19.824237,19.7834243774,45233,361936,10934986133749753810
GIST,half,8,2,3,C_ID_E,17,9906517406195203870,16.00455,15.9773759842,28764,230184,13893008974686436000
GIST,half,8,2,3,C_ID_E,18,3071783437712951460,10.550433,10.5334396362,9,144,4097877200455553912
GIST,half,8,2,3,C_ID_E,19,4844542844294841975,17.54051,17.5109443665,27119,217024,3036884596305404821
GIST,half,8,2,3,C_ID_E,20,13580243989274015108,12.817274,12.7978239059,13,176,12167542613742431786
GIST,half,8,2,3,C_ID_E,21,2715171980480150680,18.932605,18.9094085693,3295,26432,4697067458263101281
GIST,half,8,2,3,C_ID_E,22,9583610160574751482,15.577773,15.5578241348,104,904,17584774084035178489
GIST,half,8,2,3,C_ID_E,23,3351983320614235452,15.946596,15.9248962402,8,136,10795653417440584118
GIST,half,8,2,3,C_ID_E,24,14343238801608074176,13.893518,13.8728961945,8,136,335641030610087762
GIST,half,8,2,3,C_ID_E,25,15312881684633933655,18.906568,18.8744316101,32548,260456,16202494671275670828
GIST,half,8,2,3,C_ID_E,26,18398409255790635840,16.462423,16.4470710754,8,136,16965475016388596626
GIST,half,8,2,3,C_ID_E,27,14732108746546988498,13.956201,13.9318723679,31256,250120,10640609347284222608
GIST,half,8,2,3,C_ID_E,28,9719453371904557375,19.031515,19.0084476471,53,496,4295370152413759317
GIST,half,8,2,3,C_ID_E,29,7111803339956803225,16.376857,16.3565769196,9,144,11080742569331125641
GIST,half,8,2,3,C_ID_E,30,12630940382236276606,17.593127,17.5776958466,15,192,3888228134973069709
GIST,half,8,2,3,C_ID_E,31,16717924179856591400,13.292918,13.2749443054,98,856,12253136263172607446
GIST,half,8,2,3,C_ID_E,32,1018801991084754777,19.679537,19.6542072296,31191,249600,4139212840337583677
GIST,half,8,2,3,C_ID_E,33,17951213273852593361,13.579657,13.5643520355,8,136,7118776530039946925
GIST,half,8,2,3,C_ID_E,34,11193354026380747684,17.784243,17.7585277557,18718,149816,10323070077910272027
GIST,half,8,2,3,C_ID_E,35,7182522047579593487,14.077828,14.0634880066,12,168,13084839061348052764
GIST,half,8,2,3,C_ID_E,36,5862842069398405510,17.875649,17.8498249054,29682,237528,719140743100350364
GIST,half,8,2,3,C_ID_E,37,7931106857473092034,16.855056,16.8387203217,1642,13208,4836914976961728650
GIST,half,8,2,3,C_ID_E,38,13700905950939581536,12.458987,12.4423036575,9,144,10212566950510398326
GIST,half,8,2,3,C_ID_E,39,5134469820061381952,16.526401,16.5099830627,173,1456,11882963430235204481
GIST,half,8,2,3,C_ID_E,40,523521015842037129,15.959513,15.9400959015,118,1016,14906896884422937853
GIST,half,8,2,3,C_ID_E,41,15735649071512523416,19.127809,19.1123523712,11,160,6439908275319918567
GIST,half,8,2,3,C_ID_E,42,16130457613556805909,12.241082,12.2125120163,10,152,1351820667773349880
GIST,half,8,2,3,C_ID_E,43,3580392345773888933,15.773584,15.7588157654,11,160,7130942906748589245
GIST,half,8,2,3,C_ID_E,44,2657517881292301308,12.565121,12.5398397446,28625,229072,14362931499080891524
GIST,half,8,2,3,C_ID_E,45,10634279939165845196,15.528859,15.5102720261,11,160,13746219426551555317
GIST,half,8,2,3,C_ID_E,46,4808905104634366418,17.889003,17.865983963,9,144,14613523175337427617
GIST,half,8,2,3,C_ID_E,47,197228195401547247,13.658245,13.6334400177,29946,239640,3603301588478779561
GIST,half,8,2,3,C_ID_E,48,8248488942050825693,18.691445,18.6730556488,10130,81112,4850681651806503319
GIST,half,8,2,3,C_ID_E,49,15716071042978413762,15.837063,15.8216323853,1785,14352,16881791907273901609
GIST,half,8,2,3,C_ID_E,50,2593988135360058460,14.106686,14.076128006,49566,396600,10688624242403767082
GIST,half,8,2,3,C_ID_E,51,1321970314038155003,14.434123,14.4155836105,9,144,1725180568680233592
GIST,half,8,2,3,C_ID_E,52,10782300321295982446,18.601517,18.5807685852,11,160,2262457125570541601
GIST,half,8,2,3,C_ID_E,53,1181170520412032450,15.958514,15.9407997131,8,136,15161611065330365500
GIST,half,8,2,3,C_ID_E,54,12485651515614408301,16.962665,16.933216095,27648,221256,13982227894810710128
GIST,half,8,2,3,C_ID_E,55,2573792055271618832,14.253258,14.235039711,13053,104496,3700418904193080229
GIST,half,8,2,3,C_ID_E,56,13083263465047869035,20.127643,20.1063041687,10500,84072,6126299974183225491
GIST,half,8,2,3,C_ID_E,57,9021717632597148908,14.178568,14.1618556976,7688,61576,16146242436575770571
GIST,half,8,2,3,C_ID_E,58,9268774494751827706,16.289875,16.2723197937,9,144,2940493626614828053
GIST,half,8,2,3,C_ID_E,59,1580871052154375482,17.940998,17.9254074097,10,152,10996509777332881202
GIST,half,8,2,3,C_ID_E,60,2761207983275075740,16.240332,16.2149753571,27937,223568,8219627611328849196
GIST,half,8,2,3,C_ID_E,61,2620909581344322254,17.629903,17.6123847961,159,1344,18016158801479111709
GIST,half,8,2,3,C_ID_E,62,8560399019494154138,19.547594,19.5252475739,16,200,10995028448307505731
GIST,half,8,2,3,C_ID_E,63,9575871338223549139,18.833542,18.8142719269,782,6328,14236409939300756135
GIST,half,8,2,3,C_ID_E,64,12923444094630896693,13.944551,13.9241924286,9,144,10890240329654538100
GIST,half,8,2,3,C_ID_E,65,16264934943434005963,17.269541,17.2440643311,23549,188464,1717894044534139949
GIST,half,8,2,3,C_ID_E,66,6567103049086711526,9.777392,9.75689601898,9,144,2120391718945614396
GIST,half,8,2,3,C_ID_E,67,9413171363946879688,14.716274,14.7026882172,10,152,16410576142550180761
GIST,half,8,2,3,C_ID_E,68,17584159069416176766,17.789946,17.7757759094,8,136,14994419951185837632
GIST,half,8,2,3,C_ID_E,69,16370389120603384840,19.312927,19.2989444733,39,384,8893900566493377500
GIST,half,8,2,3,C_ID_E,70,7125887616712792012,18.794105,18.764383316,30939,247584,2578173215488215435
GIST,half,8,2,3,C_ID_E,71,2653643927898021331,15.396185,15.3795204163,8,136,6674983760768613763
GIST,half,8,2,3,C_ID_E,72,2775573294919263248,16.597967,16.5777606964,14,184,2008831888728120970
GIST,half,8,2,3,C_ID_E,73,6275675870158489986,14.017694,13.9935035706,30287,242368,3965206015652614730
GIST,half,8,2,3,C_ID_E,74,17416559791252488439,15.523376,15.5003519058,15885,127152,9191986637692184623
GIST,half,8,2,3,C_ID_E,75,10629383663104694533,12.910471,12.8907842636,8,136,1959805352102410517
GIST,half,8,2,3,C_ID_E,76,6121457899850640239,19.422433,19.4071044922,10,152,10439922783850878615
GIST,half,8,2,3,C_ID_E,77,13772194458325883781,17.520364,17.5026245117,8,136,3119058093217859169
GIST,half,8,2,3,C_ID_E,78,384590151492374026,18.801855,18.7863044739,1145,9232,6824037880318392156
GIST,half,8,2,3,C_ID_E,79,17525024244829704515,17.216101,17.1950397491,17953,143696,8782034102419046715
GIST,half,8,2,3,C_ID_E,80,8425382104893835461,17.744823,17.7297592163,138,1176,4615018082655609248
GIST,half,8,2,3,C_ID_E,81,4578548255021645869,14.201906,14.1883840561,8,136,7309366345031128353
GIST,half,8,2,3,C_ID_E,82,17380680694385638840,15.654023,15.6396484375,10,152,17099624996036497700
GIST,half,8,2,3,C_ID_E,83,8711237166219394419,13.9654,13.9480962753,16,200,1159450716902794998
GIST,half,8,2,3,C_ID_E,84,10344073526508897281,15.919986,15.9072961807,10,152,12307297875457737052
GIST,half,8,2,3,C_ID_E,85,10946770602578419956,13.685086,13.6693763733,8,136,1403974257677289190
GIST,half,8,2,3,C_ID_E,86,6470508332142331894,19.177336,19.1582393646,3669,29424,3528509250306175135
GIST,half,8,2,3,C_ID_E,87,8534974539240644349,16.557084,16.534784317,22710,181752,7440715000576488328
GIST,half,8,2,3,C_ID_E,88,17392447945923308625,12.589836,12.5689277649,11,160,16812603617364686395
GIST,half,8,2,3,C_ID_E,89,17243398098289356237,17.169239,17.1484489441,19381,155120,11341570227103404206
GIST,half,8,2,3,C_ID_E,90,1487146102952406162,16.091969,16.073600769,9,144,11675729656657864315
GIST,half,8,2,3,C_ID_E,91,13351219280779986121,13.684059,13.668671608,91,800,7129016086556790661
GIST,half,8,2,3,C_ID_E,92,7858987711662060174,11.926079,11.906463623,16659,133344,18141791887973734438
GIST,half,8,2,3,C_ID_E,93,15824146815298812297,16.931249,16.9164161682,785,6352,16848583768543088517
GIST,half,8,2,3,C_ID_E,94,12966259267171903563,15.076793,15.0621118546,9,144,16525753693329126445
GIST,half,8,2,3,C_ID_E,95,13797457395031324342,16.845061,16.8258247375,4312,34568,8681946398460365715
GIST,half,8,2,3,C_ID_E,96,13118478308687119329,14.746844,14.7217597961,12672,101448,12414488981634579085
GIST,half,8,2,3,C_ID_E,97,11331694305099227241,14.521876,14.5055036545,5629,45104,17435282213467792387
GIST,half,8,2,3,C_ID_E,98,1083222351448503346,19.079195,19.063999176,30,312,14811157689777586302
GIST,half,8,2,3,C_ID_E,99,11723484149300992671,19.117593,19.1021766663,2311,18560,15885591392866052173
GIST,half,8,2,3,C_ID_E,100,416867533671327684,15.297932,15.2809915543,4969,39824,18199109054269478174
GIST,half,8,2,3,C_ID_E,101,463556152314022137,12.388438,12.3629436493,9,144,17739438941913720152
GIST,half,8,2,3,C_ID_E,102,5023834620232924699,13.181131,13.1642560959,9,144,4345061276902095567
GIST,half,8,2,3,C_ID_E,103,3358090661935181962,17.789378,17.7747516632,10,152,206827504788997805
GIST,half,8,2,3,C_ID_E,104,6318150018815276835,14.608161,14.5937919617,8,136,6252710342366139043
GIST,half,8,2,3,C_ID_E,105,3382835124390735773,11.902979,11.8814716339,10,152,1633465981209507262
GIST,half,8,2,3,C_ID_E,106,7862389240255096405,17.397048,17.3792953491,8,136,4454845205277636153
GIST,half,8,2,3,C_ID_E,107,12753255321128375907,15.566024,15.5517759323,11,160,3736671290085159878
GIST,half,8,2,3,C_ID_E,108,5137605947089590316,16.369414,16.3535366058,22,248,8744501858676181288
GIST,half,8,2,3,C_ID_E,109,17603205654855495503,14.253202,14.2356157303,6920,55432,4734971902105951802
GIST,half,8,2,3,C_ID_E,110,10127478537340186675,14.22777,14.2131519318,10,152,1358658317263378375
GIST,half,8,2,3,C_ID_E,111,3665995180310526364,17.728675,17.694688797,41478,331896,5661520465715040291
GIST,half,8,2,3,C_ID_E,112,10135745837711897539,13.539815,13.5250244141,9,144,27334712204462216
GIST,half,8,2,3,C_ID_E,113,10535780349197406948,13.759981,13.7430400848,8,136,14415464039087190790
GIST,half,8,2,3,C_ID_E,114,10648647139011189564,14.557349,14.5408964157,12,168,6772672195218087492
GIST,half,8,2,3,C_ID_E,115,7649011970154020997,16.044303,16.0227203369,9,144,3206729205558378233
GIST,half,8,2,3,C_ID_E,116,476149813655704091,17.276761,17.2608642578,10,152,8858849561569991435
GIST,half,8,2,3,C_ID_E,117,1006711879274558233,20.727079,20.7041912079,841,6800,11321619877609521957
GIST,half,8,2,3,C_ID_E,118,16469490972111288920,14.215934,14.1932477951,4028,32296,883241890903009633
GIST,half,8,2,3,C_ID_E,119,5858457743813147244,17.202236,17.1833286285,396,3240,8827444684336327481
GIST,half,8,2,3,C_ID_E,120,5458740354294272417,18.873779,18.8495674133,9,144,7848134651590039281
GIST,half,8,2,3,C_ID_E,121,18044578509838911779,15.445364,15.4275836945,10,152,7928744672891195179
GIST,half,8,2,3,C_ID_E,122,2263849957397490031,18.276436,18.2591686249,2287,18368,8165417142188033165
GIST,half,8,2,3,C_ID_E,123,11214984481703275179,16.834381,16.8200321198,1639,13184,17297314433685050926
GIST,half,8,2,3,C_ID_E,124,8609683818349710292,14.207942,14.1931200027,8,136,13168834338195935582
GIST,half,8,2,3,C_ID_E,125,3028236243262219857,16.099109,16.0818881989,8,136,425355140008332221
GIST,half,8,2,3,C_ID_E,126,12657858335344656681,10.198808,10.1780157089,8,136,4387400323091133037
GIST,half,8,2,3,C_ID_E,127,15208757093895910829,14.745249,14.7269115448,11,160,1809397944155681048
GIST,half,8,2,3,C_MASK_E,0,14628893485838184760,14.292475,14.2764482498,805,6512,12049670356140927271
GIST,half,8,2,3,C_MASK_E,1,5277735151802382403,13.058261,13.040927887,5815,46592,12495090360753926488
GIST,half,8,2,3,C_MASK_E,2,12949723088018134982,14.853466,14.8324480057,12,168,17798676870000866351
GIST,half,8,2,3,C_MASK_E,3,17912368726981257746,11.306005,11.2868795395,22934,183544,3513084467399214196
GIST,half,8,2,3,C_MASK_E,4,6813717409520896539,15.463038,15.4420156479,17913,143376,10240984302992681904
GIST,half,8,2,3,C_MASK_E,5,15746877753817476956,16.73033,16.7063999176,25267,202208,5187200889313214686
GIST,half,8,2,3,C_MASK_E,6,13750152615788058147,13.499996,13.4836158752,367,3008,8703337812097627909
GIST,half,8,2,3,C_MASK_E,7,7966444742523137199,9.898113,9.88326358795,9,144,294158670510647467
GIST,half,8,2,3,C_MASK_E,8,3722915141321120792,13.27972,13.2632961273,16,200,17247831106653997488
GIST,half,8,2,3,C_MASK_E,9,4680770526928094267,12.787447,12.7670078278,9,144,6185833218944131429
GIST,half,8,2,3,C_MASK_E,10,16634692065747566502,9.299305,9.28524780273,9,144,13324388130527482689
GIST,half,8,2,3,C_MASK_E,11,407413494807729236,14.540227,14.5191364288,20742,166008,748099361995206288
GIST,half,8,2,3,C_MASK_E,12,17460078167775218888,11.939523,11.918047905,219,1824,12113822531377232237
GIST,half,8,2,3,C_MASK_E,13,12716887085642250387,11.436542,11.4135360718,10,152,5751298164538243026
GIST,half,8,2,3,C_MASK_E,14,18369275761964115190,11.379467,11.3641281128,8,136,17294034751593305288
GIST,half,8,2,3,C_MASK_E,15,5936729861741803939,12.65322,12.6356477737,1825,14672,4523878408681453459
GIST,half,8,2,3,C_MASK_E,16,3537798568722033093,15.750854,15.7150402069,45233,361936,10934986133749753810
GIST,half,8,2,3,C_MASK_E,17,9906517406195203870,13.423971,13.3995838165,28764,230184,13893008974686436000
GIST,half,8,2,3,C_MASK_E,18,3071783437712951460,8.969529,8.95526409149,9,144,4097877200455553912
GIST,half,8,2,3,C_MASK_E,19,4844542844294841975,14.270456,14.2455358505,27119,217024,3036884596305404821
GIST,half,8,2,3,C_MASK_E,20,13580243989274015108,10.612109,10.594783783,13,176,12167542613742431786
GIST,half,8,2,3,C_MASK_E,21,2715171980480150680,15.185402,15.1619520187,3295,26432,4697067458263101281
GIST,half,8,2,3,C_MASK_E,22,9583610160574751482,12.549889,12.5298881531,104,904,17584774084035178489
GIST,half,8,2,3,C_MASK_E,23,3351983320614235452,12.800861,12.7873601913,8,136,10795653417440584118
GIST,half,8,2,3,C_MASK_E,24,14343238801608074176,11.521077,11.5043201447,8,136,335641030610087762
GIST,half,8,2,3,C_MASK_E,25,15312881684633933655,15.188283,15.1599683762,32548,260456,16202494671275670828
GIST,half,8,2,3,C_MASK_E,26,18398409255790635840,13.171653,13.1577920914,8,136,16965475016388596626
GIST,half,8,2,3,C_MASK_E,27,14732108746546988498,11.411653,11.3808317184,31256,250120,10640609347284222608
GIST,half,8,2,3,C_MASK_E,28,9719453371904557375,15.271078,15.2481279373,53,496,4295370152413759317
GIST,half,8,2,3,C_MASK_E,29,7111803339956803225,13.146958,13.1323518753,9,144,11080742569331125641
GIST,half,8,2,3,C_MASK_E,30,12630940382236276606,13.945371,13.9298877716,15,192,3888228134973069709
GIST,half,8,2,3,C_MASK_E,31,16717924179856591400,10.67348,10.6581115723,98,856,12253136263172607446
GIST,half,8,2,3,C_MASK_E,32,1018801991084754777,15.770843,15.7420158386,31191,249600,4139212840337583677
GIST,half,8,2,3,C_MASK_E,33,17951213273852593361,11.176338,11.1616001129,8,136,7118776530039946925
GIST,half,8,2,3,C_MASK_E,34,11193354026380747684,14.316529,14.2964801788,18718,149816,10323070077910272027
GIST,half,8,2,3,C_MASK_E,35,7182522047579593487,11.474358,11.4590396881,12,168,13084839061348052764
GIST,half,8,2,3,C_MASK_E,36,5862842069398405510,15.026491,15.0002880096,29682,237528,719140743100350364
GIST,half,8,2,3,C_MASK_E,37,7931106857473092034,13.659887,13.6393604279,1642,13208,4836914976961728650
GIST,half,8,2,3,C_MASK_E,38,13700905950939581536,10.281688,10.2675199509,9,144,10212566950510398326
GIST,half,8,2,3,C_MASK_E,39,5134469820061381952,13.41303,13.3989439011,173,1456,11882963430235204481
GIST,half,8,2,3,C_MASK_E,40,523521015842037129,13.118674,13.0979204178,118,1016,14906896884422937853
GIST,half,8,2,3,C_MASK_E,41,15735649071512523416,15.086148,15.0655355453,11,160,6439908275319918567
GIST,half,8,2,3,C_MASK_E,42,16130457613556805909,9.973225,9.95689582825,10,152,1351820667773349880
GIST,half,8,2,3,C_MASK_E,43,3580392345773888933,12.763901,12.7497596741,11,160,7130942906748589245
GIST,half,8,2,3,C_MASK_E,44,2657517881292301308,10.304114,10.2746562958,28625,229072,14362931499080891524
GIST,half,8,2,3,C_MASK_E,45,10634279939165845196,12.443257,12.423871994,11,160,13746219426551555317
GIST,half,8,2,3,C_MASK_E,46,4808905104634366418,14.383198,14.3665599823,9,144,14613523175337427617
GIST,half,8,2,3,C_MASK_E,47,197228195401547247,11.215753,11.1915197372,29946,239640,3603301588478779561
GIST,half,8,2,3,C_MASK_E,48,8248488942050825693,15.346936,15.3215999603,10130,81112,4850681651806503319
GIST,half,8,2,3,C_MASK_E,49,15716071042978413762,12.848265,12.8346557617,1785,14352,16881791907273901609
GIST,half,8,2,3,C_MASK_E,50,2593988135360058460,11.379744,11.341919899,49566,396600,10688624242403767082
GIST,half,8,2,3,C_MASK_E,51,1321970314038155003,11.755242,11.737695694,9,144,1725180568680233592
GIST,half,8,2,3,C_MASK_E,52,10782300321295982446,15.065285,15.0496635437,11,160,2262457125570541601
GIST,half,8,2,3,C_MASK_E,53,1181170520412032450,12.638401,12.6178884506,8,136,15161611065330365500
GIST,half,8,2,3,C_MASK_E,54,12485651515614408301,14.149105,14.1247997284,27648,221256,13982227894810710128
GIST,half,8,2,3,C_MASK_E,55,2573792055271618832,12.005532,11.9792642593,13053,104496,3700418904193080229
GIST,half,8,2,3,C_MASK_E,56,13083263465047869035,16.784722,16.7646083832,10500,84072,6126299974183225491
GIST,half,8,2,3,C_MASK_E,57,9021717632597148908,11.527787,11.5102081299,7688,61576,16146242436575770571
GIST,half,8,2,3,C_MASK_E,58,9268774494751827706,13.046819,13.0326080322,9,144,2940493626614828053
GIST,half,8,2,3,C_MASK_E,59,1580871052154375482,14.349261,14.3274564743,10,152,10996509777332881202
GIST,half,8,2,3,C_MASK_E,60,2761207983275075740,13.288963,13.2612800598,27937,223568,8219627611328849196
GIST,half,8,2,3,C_MASK_E,61,2620909581344322254,14.0405,14.027680397,159,1344,18016158801479111709
GIST,half,8,2,3,C_MASK_E,62,8560399019494154138,15.629554,15.6152324677,16,200,10995028448307505731
GIST,half,8,2,3,C_MASK_E,63,9575871338223549139,15.330788,15.3093757629,782,6328,14236409939300756135
GIST,half,8,2,3,C_MASK_E,64,12923444094630896693,11.354603,11.3386564255,9,144,10890240329654538100
GIST,half,8,2,3,C_MASK_E,65,16264934943434005963,13.814451,13.7864961624,23549,188464,1717894044534139949
GIST,half,8,2,3,C_MASK_E,66,6567103049086711526,8.462566,8.44300842285,9,144,2120391718945614396
GIST,half,8,2,3,C_MASK_E,67,9413171363946879688,11.96963,11.9527359009,10,152,16410576142550180761
GIST,half,8,2,3,C_MASK_E,68,17584159069416176766,14.346468,14.331744194,8,136,14994419951185837632
GIST,half,8,2,3,C_MASK_E,69,16370389120603384840,15.04975,15.0347518921,39,384,8893900566493377500
GIST,half,8,2,3,C_MASK_E,70,7125887616712792012,15.119893,15.0883522034,30939,247584,2578173215488215435
GIST,half,8,2,3,C_MASK_E,71,2653643927898021331,12.527971,12.5092477798,8,136,6674983760768613763
GIST,half,8,2,3,C_MASK_E,72,2775573294919263248,13.329786,13.3152637482,14,184,2008831888728120970
GIST,half,8,2,3,C_MASK_E,73,6275675870158489986,11.425501,11.398015976,30287,242368,3965206015652614730
GIST,half,8,2,3,C_MASK_E,74,17416559791252488439,12.485615,12.4649600983,15885,127152,9191986637692184623
GIST,half,8,2,3,C_MASK_E,75,10629383663104694533,10.697328,10.6786241531,8,136,1959805352102410517
GIST,half,8,2,3,C_MASK_E,76,6121457899850640239,15.367519,15.3501119614,10,152,10439922783850878615
GIST,half,8,2,3,C_MASK_E,77,13772194458325883781,14.089837,14.0693120956,8,136,3119058093217859169
GIST,half,8,2,3,C_MASK_E,78,384590151492374026,15.183531,15.1652479172,1145,9232,6824037880318392156
GIST,half,8,2,3,C_MASK_E,79,17525024244829704515,13.923602,13.901184082,17953,143696,8782034102419046715
GIST,half,8,2,3,C_MASK_E,80,8425382104893835461,14.213861,14.1938238144,138,1176,4615018082655609248
GIST,half,8,2,3,C_MASK_E,81,4578548255021645869,11.680208,11.6635522842,8,136,7309366345031128353
GIST,half,8,2,3,C_MASK_E,82,17380680694385638840,12.850074,12.8278398514,10,152,17099624996036497700
GIST,half,8,2,3,C_MASK_E,83,8711237166219394419,11.607363,11.5885124207,16,200,1159450716902794998
GIST,half,8,2,3,C_MASK_E,84,10344073526508897281,12.787563,12.7745599747,10,152,12307297875457737052
GIST,half,8,2,3,C_MASK_E,85,10946770602578419956,10.883887,10.8702077866,8,136,1403974257677289190
GIST,half,8,2,3,C_MASK_E,86,6470508332142331894,15.208916,15.1884803772,3669,29424,3528509250306175135
GIST,half,8,2,3,C_MASK_E,87,8534974539240644349,13.383724,13.3592319489,22710,181752,7440715000576488328
GIST,half,8,2,3,C_MASK_E,88,17392447945923308625,10.65132,10.6366081238,11,160,16812603617364686395
GIST,half,8,2,3,C_MASK_E,89,17243398098289356237,13.949834,13.9260797501,19381,155120,11341570227103404206
GIST,half,8,2,3,C_MASK_E,90,1487146102952406162,12.901328,12.8790397644,9,144,11675729656657864315
GIST,half,8,2,3,C_MASK_E,91,13351219280779986121,11.140948,11.1216001511,91,800,7129016086556790661
GIST,half,8,2,3,C_MASK_E,92,7858987711662060174,10.151355,10.1318082809,16659,133344,18141791887973734438
GIST,half,8,2,3,C_MASK_E,93,15824146815298812297,13.720758,13.7003202438,785,6352,16848583768543088517
GIST,half,8,2,3,C_MASK_E,94,12966259267171903563,12.308987,12.2934083939,9,144,16525753693329126445
GIST,half,8,2,3,C_MASK_E,95,13797457395031324342,13.426068,13.4079675674,4312,34568,8681946398460365715
GIST,half,8,2,3,C_MASK_E,96,13118478308687119329,12.67144,12.6524801254,12672,101448,12414488981634579085
GIST,half,8,2,3,C_MASK_E,97,11331694305099227241,11.930914,11.9139204025,5629,45104,17435282213467792387
GIST,half,8,2,3,C_MASK_E,98,1083222351448503346,15.307594,15.2869119644,30,312,14811157689777586302
GIST,half,8,2,3,C_MASK_E,99,11723484149300992671,15.358601,15.3417596817,2311,18560,15885591392866052173
GIST,half,8,2,3,C_MASK_E,100,416867533671327684,12.42328,12.4053115845,4969,39824,18199109054269478174
GIST,half,8,2,3,C_MASK_E,101,463556152314022137,10.059263,10.038816452,9,144,17739438941913720152
GIST,half,8,2,3,C_MASK_E,102,5023834620232924699,10.47703,10.4566078186,9,144,4345061276902095567
GIST,half,8,2,3,C_MASK_E,103,3358090661935181962,14.106611,14.0915517807,10,152,206827504788997805
GIST,half,8,2,3,C_MASK_E,104,6318150018815276835,11.770348,11.7541122437,8,136,6252710342366139043
GIST,half,8,2,3,C_MASK_E,105,3382835124390735773,9.937091,9.91452789307,10,152,1633465981209507262
GIST,half,8,2,3,C_MASK_E,106,7862389240255096405,13.919195,13.8974075317,8,136,4454845205277636153
GIST,half,8,2,3,C_MASK_E,107,12753255321128375907,12.418189,12.4018239975,11,160,3736671290085159878
GIST,half,8,2,3,C_MASK_E,108,5137605947089590316,13.10888,13.0947523117,22,248,8744501858676181288
GIST,half,8,2,3,C_MASK_E,109,17603205654855495503,11.757463,11.7335996628,6920,55432,4734971902105951802
GIST,half,8,2,3,C_MASK_E,110,10127478537340186675,11.436301,11.4167995453,10,152,1358658317263378375
GIST,half,8,2,3,C_MASK_E,111,3665995180310526364,14.8033,14.7748155594,41478,331896,5661520465715040291
GIST,half,8,2,3,C_MASK_E,112,10135745837711897539,11.043822,11.021856308,9,144,27334712204462216
GIST,half,8,2,3,C_MASK_E,113,10535780349197406948,11.226733,11.2049922943,8,136,14415464039087190790
GIST,half,8,2,3,C_MASK_E,114,10648647139011189564,11.754742,11.7314243317,12,168,6772672195218087492
GIST,half,8,2,3,C_MASK_E,115,7649011970154020997,12.713612,12.6974077225,9,144,3206729205558378233
GIST,half,8,2,3,C_MASK_E,116,476149813655704091,13.868765,13.8473596573,10,152,8858849561569991435
GIST,half,8,2,3,C_MASK_E,117,1006711879274558233,16.362346,16.340927124,841,6800,11321619877609521957
GIST,half,8,2,3,C_MASK_E,118,16469490972111288920,11.841757,11.8234243393,4028,32296,883241890903009633
GIST,half,8,2,3,C_MASK_E,119,5858457743813147244,13.602854,13.5886077881,396,3240,8827444684336327481
GIST,half,8,2,3,C_MASK_E,120,5458740354294272417,14.987081,14.9639358521,9,144,7848134651590039281
GIST,half,8,2,3,C_MASK_E,121,18044578509838911779,12.493918,12.4751682281,10,152,7928744672891195179
GIST,half,8,2,3,C_MASK_E,122,2263849957397490031,14.790832,14.7726716995,2287,18368,8165417142188033165
GIST,half,8,2,3,C_MASK_E,123,11214984481703275179,13.611147,13.5898237228,1639,13184,17297314433685050926
GIST,half,8,2,3,C_MASK_E,124,8609683818349710292,11.439266,11.4238395691,8,136,13168834338195935582
GIST,half,8,2,3,C_MASK_E,125,3028236243262219857,13.093894,13.0741758347,8,136,425355140008332221
GIST,half,8,2,3,C_MASK_E,126,12657858335344656681,8.265999,8.24345588684,8,136,4387400323091133037
GIST,half,8,2,3,C_MASK_E,127,15208757093895910829,12.262144,12.2469444275,11,160,1809397944155681048
GIST,half,8,2,3,C_TASK_E,0,14628893485838184760,14.264424,14.24796772,805,6512,12049670356140927271
GIST,half,8,2,3,C_TASK_E,1,5277735151802382403,13.100255,13.0825920105,5815,46592,12495090360753926488
GIST,half,8,2,3,C_TASK_E,2,12949723088018134982,14.784468,14.7675199509,12,168,17798676870000866351
GIST,half,8,2,3,C_TASK_E,3,17912368726981257746,11.31858,11.2921600342,22934,183544,3513084467399214196
GIST,half,8,2,3,C_TASK_E,4,6813717409520896539,15.412508,15.3856964111,17913,143376,10240984302992681904
GIST,half,8,2,3,C_TASK_E,5,15746877753817476956,16.828662,16.8040313721,25267,202208,5187200889313214686
GIST,half,8,2,3,C_TASK_E,6,13750152615788058147,13.515205,13.4951677322,367,3008,8703337812097627909
GIST,half,8,2,3,C_TASK_E,7,7966444742523137199,9.914626,9.89465618134,9,144,294158670510647467
GIST,half,8,2,3,C_TASK_E,8,3722915141321120792,13.134582,13.1176643372,16,200,17247831106653997488
GIST,half,8,2,3,C_TASK_E,9,4680770526928094267,12.7899,12.7732801437,9,144,6185833218944131429
GIST,half,8,2,3,C_TASK_E,10,16634692065747566502,9.121308,9.1047039032,9,144,13324388130527482689
GIST,half,8,2,3,C_TASK_E,11,407413494807729236,14.432564,14.4091520309,20742,166008,748099361995206288
GIST,half,8,2,3,C_TASK_E,12,17460078167775218888,11.932932,11.9137277603,219,1824,12113822531377232237
GIST,half,8,2,3,C_TASK_E,13,12716887085642250387,11.407376,11.3908481598,10,152,5751298164538243026
GIST,half,8,2,3,C_TASK_E,14,18369275761964115190,11.378062,11.3602561951,8,136,17294034751593305288
GIST,half,8,2,3,C_TASK_E,15,5936729861741803939,12.804944,12.7811841965,1825,14672,4523878408681453459
GIST,half,8,2,3,C_TASK_E,16,3537798568722033093,15.671224,15.6390399933,45233,361936,10934986133749753810
GIST,half,8,2,3,C_TASK_E,17,9906517406195203870,13.775799,13.7492799759,28764,230184,13893008974686436000
GIST,half,8,2,3,C_TASK_E,18,3071783437712951460,8.871049,8.85004806519,9,144,4097877200455553912
GIST,half,8,2,3,C_TASK_E,19,4844542844294841975,14.363896,14.3300161362,27119,217024,3036884596305404821
GIST,half,8,2,3,C_TASK_E,20,13580243989274015108,10.775546,10.7576961517,13,176,12167542613742431786
GIST,half,8,2,3,C_TASK_E,21,2715171980480150680,15.050555,15.033408165,3295,26432,4697067458263101281
GIST,half,8,2,3,C_TASK_E,22,9583610160574751482,12.604125,12.5827198029,104,904,17584774084035178489
GIST,half,8,2,3,C_TASK_E,23,3351983320614235452,12.777065,12.7624320984,8,136,10795653417440584118
GIST,half,8,2,3,C_TASK_E,24,14343238801608074176,11.354999,11.3306560516,8,136,335641030610087762
GIST,half,8,2,3,C_TASK_E,25,15312881684633933655,15.209798,15.1788797379,32548,260456,16202494671275670828
GIST,half,8,2,3,C_TASK_E,26,18398409255790635840,13.172106,13.1593923569,8,136,16965475016388596626
GIST,half,8,2,3,C_TASK_E,27,14732108746546988498,11.360839,11.3311357498,31256,250120,10640609347284222608
GIST,half,8,2,3,C_TASK_E,28,9719453371904557375,15.354896,15.3404159546,53,496,4295370152413759317
GIST,half,8,2,3,C_TASK_E,29,7111803339956803225,13.158337,13.1435203552,9,144,11080742569331125641
GIST,half,8,2,3,C_TASK_E,30,12630940382236276606,14.041928,14.0241918564,15,192,3888228134973069709
GIST,half,8,2,3,C_TASK_E,31,16717924179856591400,10.614451,10.5914564133,98,856,12253136263172607446
GIST,half,8,2,3,C_TASK_E,32,1018801991084754777,15.908435,15.8792638779,31191,249600,4139212840337583677
GIST,half,8,2,3,C_TASK_E,33,17951213273852593361,11.205017,11.1820802689,8,136,7118776530039946925
GIST,half,8,2,3,C_TASK_E,34,11193354026380747684,14.246313,14.2202243805,18718,149816,10323070077910272027
GIST,half,8,2,3,C_TASK_E,35,7182522047579593487,11.439017,11.4153280258,12,168,13084839061348052764
GIST,half,8,2,3,C_TASK_E,36,5862842069398405510,14.928213,14.9025917053,29682,237528,719140743100350364
GIST,half,8,2,3,C_TASK_E,37,7931106857473092034,13.590942,13.5692481995,1642,13208,4836914976961728650
GIST,half,8,2,3,C_TASK_E,38,13700905950939581536,10.260238,10.2377281189,9,144,10212566950510398326
GIST,half,8,2,3,C_TASK_E,39,5134469820061381952,13.322631,13.3051843643,173,1456,11882963430235204481
GIST,half,8,2,3,C_TASK_E,40,523521015842037129,13.12443,13.1065282822,118,1016,14906896884422937853
GIST,half,8,2,3,C_TASK_E,41,15735649071512523416,15.053575,15.0334396362,11,160,6439908275319918567
GIST,half,8,2,3,C_TASK_E,42,16130457613556805909,9.953081,9.93683242798,10,152,1351820667773349880
GIST,half,8,2,3,C_TASK_E,43,3580392345773888933,12.769563,12.7514877319,11,160,7130942906748589245
GIST,half,8,2,3,C_TASK_E,44,2657517881292301308,10.309326,10.2760000229,28625,229072,14362931499080891524
GIST,half,8,2,3,C_TASK_E,45,10634279939165845196,12.411178,12.3879680634,11,160,13746219426551555317
GIST,half,8,2,3,C_TASK_E,46,4808905104634366418,14.350707,14.3347835541,9,144,14613523175337427617
GIST,half,8,2,3,C_TASK_E,47,197228195401547247,11.196615,11.1667842865,29946,239640,3603301588478779561
GIST,half,8,2,3,C_TASK_E,48,8248488942050825693,15.26523,15.2463998795,10130,81112,4850681651806503319
GIST,half,8,2,3,C_TASK_E,49,15716071042978413762,12.776618,12.7567682266,1785,14352,16881791907273901609
GIST,half,8,2,3,C_TASK_E,50,2593988135360058460,11.335546,11.3031682968,49566,396600,10688624242403767082
GIST,half,8,2,3,C_TASK_E,51,1321970314038155003,11.720824,11.7036800385,9,144,1725180568680233592
GIST,half,8,2,3,C_TASK_E,52,10782300321295982446,14.962866,14.9432640076,11,160,2262457125570541601
GIST,half,8,2,3,C_TASK_E,53,1181170520412032450,12.675988,12.6562242508,8,136,15161611065330365500
GIST,half,8,2,3,C_TASK_E,54,12485651515614408301,14.102304,14.0773439407,27648,221256,13982227894810710128
GIST,half,8,2,3,C_TASK_E,55,2573792055271618832,11.955359,11.9368963242,13053,104496,3700418904193080229
GIST,half,8,2,3,C_TASK_E,56,13083263465047869035,16.342896,16.3212165833,10500,84072,6126299974183225491
GIST,half,8,2,3,C_TASK_E,57,9021717632597148908,11.488602,11.4660482407,7688,61576,16146242436575770571
GIST,half,8,2,3,C_TASK_E,58,9268774494751827706,12.949893,12.9311037064,9,144,2940493626614828053
GIST,half,8,2,3,C_TASK_E,59,1580871052154375482,14.314372,14.2960958481,10,152,10996509777332881202
GIST,half,8,2,3,C_TASK_E,60,2761207983275075740,13.290304,13.2586555481,27937,223568,8219627611328849196
GIST,half,8,2,3,C_TASK_E,61,2620909581344322254,13.94393,13.9262075424,159,1344,18016158801479111709
GIST,half,8,2,3,C_TASK_E,62,8560399019494154138,15.618172,15.6015043259,16,200,10995028448307505731
GIST,half,8,2,3,C_TASK_E,63,9575871338223549139,15.251135,15.2351360321,782,6328,14236409939300756135
GIST,half,8,2,3,C_TASK_E,64,12923444094630896693,11.222191,11.2046403885,9,144,10890240329654538100
GIST,half,8,2,3,C_TASK_E,65,16264934943434005963,13.807116,13.7762241364,23549,188464,1717894044534139949
GIST,half,8,2,3,C_TASK_E,66,6567103049086711526,8.47875,8.46009635925,9,144,2120391718945614396
GIST,half,8,2,3,C_TASK_E,67,9413171363946879688,11.895511,11.8779201508,10,152,16410576142550180761
GIST,half,8,2,3,C_TASK_E,68,17584159069416176766,14.317895,14.3013763428,8,136,14994419951185837632
GIST,half,8,2,3,C_TASK_E,69,16370389120603384840,14.917762,14.8996162415,39,384,8893900566493377500
GIST,half,8,2,3,C_TASK_E,70,7125887616712792012,14.983809,14.9552640915,30939,247584,2578173215488215435
GIST,half,8,2,3,C_TASK_E,71,2653643927898021331,12.461257,12.4457921982,8,136,6674983760768613763
GIST,half,8,2,3,C_TASK_E,72,2775573294919263248,13.331842,13.3091840744,14,184,2008831888728120970
GIST,half,8,2,3,C_TASK_E,73,6275675870158489986,11.424618,11.3951044083,30287,242368,3965206015652614730
GIST,half,8,2,3,C_TASK_E,74,17416559791252488439,12.41293,12.3901758194,15885,127152,9191986637692184623
GIST,half,8,2,3,C_TASK_E,75,10629383663104694533,10.64007,10.6190395355,8,136,1959805352102410517
GIST,half,8,2,3,C_TASK_E,76,6121457899850640239,15.216003,15.1992635727,10,152,10439922783850878615
GIST,half,8,2,3,C_TASK_E,77,13772194458325883781,13.930262,13.9151678085,8,136,3119058093217859169
GIST,half,8,2,3,C_TASK_E,78,384590151492374026,15.113435,15.0977602005,1145,9232,6824037880318392156
GIST,half,8,2,3,C_TASK_E,79,17525024244829704515,14.011905,13.9917116165,17953,143696,8782034102419046715
GIST,half,8,2,3,C_TASK_E,80,8425382104893835461,14.229418,14.2144956589,138,1176,4615018082655609248
GIST,half,8,2,3,C_TASK_E,81,4578548255021645869,11.659854,11.6432323456,8,136,7309366345031128353
GIST,half,8,2,3,C_TASK_E,82,17380680694385638840,12.800573,12.784992218,10,152,17099624996036497700
GIST,half,8,2,3,C_TASK_E,83,8711237166219394419,11.559422,11.5376958847,16,200,1159450716902794998
GIST,half,8,2,3,C_TASK_E,84,10344073526508897281,12.705653,12.6920318604,10,152,12307297875457737052
GIST,half,8,2,3,C_TASK_E,85,10946770602578419956,10.888241,10.8722877502,8,136,1403974257677289190
GIST,half,8,2,3,C_TASK_E,86,6470508332142331894,15.100007,15.0835523605,3669,29424,3528509250306175135
GIST,half,8,2,3,C_TASK_E,87,8534974539240644349,13.353922,13.3312959671,22710,181752,7440715000576488328
GIST,half,8,2,3,C_TASK_E,88,17392447945923308625,10.540817,10.5174398422,11,160,16812603617364686395
GIST,half,8,2,3,C_TASK_E,89,17243398098289356237,13.919676,13.8958396912,19381,155120,11341570227103404206
GIST,half,8,2,3,C_TASK_E,90,1487146102952406162,12.914102,12.8906879425,9,144,11675729656657864315
GIST,half,8,2,3,C_TASK_E,91,13351219280779986121,11.057392,11.0408000946,91,800,7129016086556790661
GIST,half,8,2,3,C_TASK_E,92,7858987711662060174,10.079632,10.0554237366,16659,133344,18141791887973734438
GIST,half,8,2,3,C_TASK_E,93,15824146815298812297,13.688439,13.6669120789,785,6352,16848583768543088517
GIST,half,8,2,3,C_TASK_E,94,12966259267171903563,12.27894,12.2540159225,9,144,16525753693329126445
GIST,half,8,2,3,C_TASK_E,95,13797457395031324342,13.393785,13.3758401871,4312,34568,8681946398460365715
GIST,half,8,2,3,C_TASK_E,96,13118478308687119329,12.517568,12.4969921112,12672,101448,12414488981634579085
GIST,half,8,2,3,C_TASK_E,97,11331694305099227241,11.908824,11.8847036362,5629,45104,17435282213467792387
GIST,half,8,2,3,C_TASK_E,98,1083222351448503346,15.287921,15.2706241608,30,312,14811157689777586302
GIST,half,8,2,3,C_TASK_E,99,11723484149300992671,15.277616,15.2602243423,2311,18560,15885591392866052173
GIST,half,8,2,3,C_TASK_E,100,416867533671327684,12.363159,12.3403196335,4969,39824,18199109054269478174
GIST,half,8,2,3,C_TASK_E,101,463556152314022137,9.965638,9.94390392303,9,144,17739438941913720152
GIST,half,8,2,3,C_TASK_E,102,5023834620232924699,10.455635,10.4337921143,9,144,4345061276902095567
GIST,half,8,2,3,C_TASK_E,103,3358090661935181962,14.070214,14.0472002029,10,152,206827504788997805
GIST,half,8,2,3,C_TASK_E,104,6318150018815276835,11.710006,11.6897277832,8,136,6252710342366139043
GIST,half,8,2,3,C_TASK_E,105,3382835124390735773,9.855716,9.83769607544,10,152,1633465981209507262
GIST,half,8,2,3,C_TASK_E,106,7862389240255096405,13.935248,13.9165439606,8,136,4454845205277636153
GIST,half,8,2,3,C_TASK_E,107,12753255321128375907,12.372514,12.3538236618,11,160,3736671290085159878
GIST,half,8,2,3,C_TASK_E,108,5137605947089590316,13.062762,13.0481595993,22,248,8744501858676181288
GIST,half,8,2,3,C_TASK_E,109,17603205654855495503,11.766726,11.748831749,6920,55432,4734971902105951802
GIST,half,8,2,3,C_TASK_E,110,10127478537340186675,11.576126,11.5555515289,10,152,1358658317263378375
GIST,half,8,2,3,C_TASK_E,111,3665995180310526364,14.920096,14.8895683289,41478,331896,5661520465715040291
GIST,half,8,2,3,C_TASK_E,112,10135745837711897539,10.998094,10.9762239456,9,144,27334712204462216
GIST,half,8,2,3,C_TASK_E,113,10535780349197406948,11.169686,11.1471681595,8,136,14415464039087190790
GIST,half,8,2,3,C_TASK_E,114,10648647139011189564,11.727721,11.7102403641,12,168,6772672195218087492
GIST,half,8,2,3,C_TASK_E,115,7649011970154020997,12.681858,12.6582078934,9,144,3206729205558378233
GIST,half,8,2,3,C_TASK_E,116,476149813655704091,13.83668,13.8132476807,10,152,8858849561569991435
GIST,half,8,2,3,C_TASK_E,117,1006711879274558233,16.343626,16.3233604431,841,6800,11321619877609521957
GIST,half,8,2,3,C_TASK_E,118,16469490972111288920,11.661858,11.6380796432,4028,32296,883241890903009633
GIST,half,8,2,3,C_TASK_E,119,5858457743813147244,13.532163,13.5153923035,396,3240,8827444684336327481
GIST,half,8,2,3,C_TASK_E,120,5458740354294272417,14.882166,14.8629760742,9,144,7848134651590039281
GIST,half,8,2,3,C_TASK_E,121,18044578509838911779,12.485449,12.4647035599,10,152,7928744672891195179
GIST,half,8,2,3,C_TASK_E,122,2263849957397490031,14.772131,14.7553281784,2287,18368,8165417142188033165
GIST,half,8,2,3,C_TASK_E,123,11214984481703275179,13.559659,13.5419836044,1639,13184,17297314433685050926
GIST,half,8,2,3,C_TASK_E,124,8609683818349710292,11.389402,11.3723201752,8,136,13168834338195935582
GIST,half,8,2,3,C_TASK_E,125,3028236243262219857,13.049082,13.033408165,8,136,425355140008332221
GIST,half,8,2,3,C_TASK_E,126,12657858335344656681,8.310329,8.29465579987,8,136,4387400323091133037
GIST,half,8,2,3,C_TASK_E,127,15208757093895910829,12.091032,12.0735044479,11,160,1809397944155681048
GIST,half,32,2,3,SCAN_L,0,13392786189952033124,177.889689,177.864318848,29566,236792,17654899910400677031
GIST,half,32,2,3,SCAN_L,1,3085188792669438576,177.616067,177.587905884,43556,348712,7751775623948015455
GIST,half,32,2,3,SCAN_L,2,9607284371048990950,177.619756,177.585830688,20776,166472,17020235287267412215
GIST,half,32,2,3,SCAN_L,3,17322893638147462453,177.602388,177.585250854,2062,16760,7116414848619904563
GIST,half,32,2,3,SCAN_L,4,9368830554395401223,177.640368,177.589920044,101125,809264,13109810449993187880
GIST,half,32,2,3,SCAN_L,5,8419766857112927641,177.602958,177.584320068,3420,27624,17792685588925117483
GIST,half,32,2,3,SCAN_L,6,4668807861364956970,177.624911,177.586624146,63820,510824,10099402955953869603
GIST,half,32,2,3,SCAN_L,7,7872727791650862151,177.600183,177.582778931,175,1664,4643210386447554668
GIST,half,32,2,3,SCAN_L,8,15783018974750835728,177.621583,177.587265015,49929,399696,4190309505508178420
GIST,half,32,2,3,SCAN_L,9,7601489796430488175,177.614905,177.587356567,31506,252312,1329596921172543006
GIST,half,32,2,3,SCAN_L,10,5544530460631338786,177.602098,177.583557129,150,1464,13924800278538701120
GIST,half,32,2,3,SCAN_L,11,12325065973520304682,177.618934,177.584732056,58591,468992,267835482051343214
GIST,half,32,2,3,SCAN_L,12,13216066866632432715,177.623622,177.586914062,61490,492184,8239061200449829015
GIST,half,32,2,3,SCAN_L,13,1075722662635840942,177.617584,177.587142944,40720,326024,4270533297038567303
GIST,half,32,2,3,SCAN_L,14,3185229373934033660,177.617889,177.589050293,18207,145920,13654456654282768996
GIST,half,32,2,3,SCAN_L,15,4980500077960720760,177.611251,177.585510254,28894,231416,17240864116231060822
GIST,half,32,2,3,SCAN_L,16,8534462434835011887,177.610279,177.583908081,23577,188880,3778250351653536887
GIST,half,32,2,3,SCAN_L,17,2222729423292320042,177.6147,177.585510254,30994,248216,3826611666964392027
GIST,half,32,2,3,SCAN_L,18,10765395806018310607,177.617737,177.586975098,46194,369816,7444862595273582325
GIST,half,32,2,3,SCAN_L,19,15820513675728183516,177.607776,177.585464478,19116,153192,6060893219430260750
GIST,half,32,2,3,SCAN_L,20,10712815744133708220,177.601661,177.584350586,172,1640,17430303074918329068
GIST,half,32,2,3,SCAN_L,21,3486346971057125245,177.609069,177.584289551,26397,211440,8960657414760105658
GIST,half,32,2,3,SCAN_L,22,5004653838559619408,177.612754,177.587677002,19492,156200,15755818672585262164
GIST,half,32,2,3,SCAN_L,23,10851237028586424301,177.608247,177.585083008,21765,174384,7548619885067429970
GIST,half,32,2,3,SCAN_L,24,1048821632111722058,177.61097,177.586044312,20642,165400,15602677906020214158
GIST,half,32,2,3,SCAN_L,25,13585693668991832971,177.603211,177.584518433,4997,40240,8060471171494153783
GIST,half,32,2,3,SCAN_L,26,13539082034095136927,177.599829,177.582748413,37,560,9838144373337488345
GIST,half,32,2,3,SCAN_L,27,161217794029549079,177.617284,177.587677002,48430,387704,10897917077796498645
GIST,half,32,2,3,SCAN_L,28,306400533752808697,177.602316,177.584350586,38,568,15415108955034365904
GIST,half,32,2,3,SCAN_L,29,15030165245001765777,177.603,177.58505249,5275,42464,13081611358792727333
GIST,half,32,2,3,SCAN_L,30,14416838764258129161,177.60242,177.583999634,3945,31824,15666152673139803166
GIST,half,32,2,3,SCAN_L,31,7995077726280952526,177.603705,177.58543396,35,544,17738710621554888361
GIST,half,32,2,3,C_ID_L,0,13392786189952033124,154.726659,154.702331543,29566,236792,17654899910400677031
GIST,half,32,2,3,C_ID_L,1,3085188792669438576,147.70281,147.667129517,43556,348712,7751775623948015455
GIST,half,32,2,3,C_ID_L,2,9607284371048990950,135.39908,135.373245239,20776,166472,17020235287267412215
GIST,half,32,2,3,C_ID_L,3,17322893638147462453,144.713753,144.692474365,2062,16760,7116414848619904563
GIST,half,32,2,3,C_ID_L,4,9368830554395401223,143.137267,143.090759277,101125,809264,13109810449993187880
GIST,half,32,2,3,C_ID_L,5,8419766857112927641,155.313462,155.296005249,3420,27624,17792685588925117483
GIST,half,32,2,3,C_ID_L,6,4668807861364956970,146.259957,146.219238281,63820,510824,10099402955953869603
GIST,half,32,2,3,C_ID_L,7,7872727791650862151,157.055613,157.037979126,175,1664,4643210386447554668
GIST,half,32,2,3,C_ID_L,8,15783018974750835728,150.348967,150.311233521,49929,399696,4190309505508178420
GIST,half,32,2,3,C_ID_L,9,7601489796430488175,152.388153,152.359771729,31506,252312,1329596921172543006
GIST,half,32,2,3,C_ID_L,10,5544530460631338786,153.554105,153.536453247,150,1464,13924800278538701120
GIST,half,32,2,3,C_ID_L,11,12325065973520304682,148.445141,148.408569336,58591,468992,267835482051343214
GIST,half,32,2,3,C_ID_L,12,13216066866632432715,139.809401,139.765533447,61490,492184,8239061200449829015
GIST,half,32,2,3,C_ID_L,13,1075722662635840942,155.909391,155.873626709,40720,326024,4270533297038567303
GIST,half,32,2,3,C_ID_L,14,3185229373934033660,146.833284,146.805892944,18207,145920,13654456654282768996
GIST,half,32,2,3,C_ID_L,15,4980500077960720760,163.196218,163.168960571,28894,231416,17240864116231060822
GIST,half,32,2,3,C_ID_L,16,8534462434835011887,131.893484,131.862136841,23577,188880,3778250351653536887
GIST,half,32,2,3,C_ID_L,17,2222729423292320042,161.484957,161.451934814,30994,248216,3826611666964392027
GIST,half,32,2,3,C_ID_L,18,10765395806018310607,147.419703,147.388961792,46194,369816,7444862595273582325
GIST,half,32,2,3,C_ID_L,19,15820513675728183516,161.177266,161.154724121,19116,153192,6060893219430260750
GIST,half,32,2,3,C_ID_L,20,10712815744133708220,149.444519,149.42755127,172,1640,17430303074918329068
GIST,half,32,2,3,C_ID_L,21,3486346971057125245,160.904882,160.878555298,26397,211440,8960657414760105658
GIST,half,32,2,3,C_ID_L,22,5004653838559619408,140.35476,140.332794189,19492,156200,15755818672585262164
GIST,half,32,2,3,C_ID_L,23,10851237028586424301,143.601599,143.573242188,21765,174384,7548619885067429970
GIST,half,32,2,3,C_ID_L,24,1048821632111722058,146.824853,146.800186157,20642,165400,15602677906020214158
GIST,half,32,2,3,C_ID_L,25,13585693668991832971,157.058945,157.041061401,4997,40240,8060471171494153783
GIST,half,32,2,3,C_ID_L,26,13539082034095136927,154.72898,154.705795288,37,560,9838144373337488345
GIST,half,32,2,3,C_ID_L,27,161217794029549079,143.008405,142.976928711,48430,387704,10897917077796498645
GIST,half,32,2,3,C_ID_L,28,306400533752808697,145.929436,145.912857056,38,568,15415108955034365904
GIST,half,32,2,3,C_ID_L,29,15030165245001765777,156.306394,156.288894653,5275,42464,13081611358792727333
GIST,half,32,2,3,C_ID_L,30,14416838764258129161,159.426355,159.409057617,3945,31824,15666152673139803166
GIST,half,32,2,3,C_ID_L,31,7995077726280952526,151.213064,151.191162109,35,544,17738710621554888361
GIST,half,32,2,3,C_MASK_L,0,13392786189952033124,144.138999,144.114074707,29566,236792,17654899910400677031
GIST,half,32,2,3,C_MASK_L,1,3085188792669438576,138.3623,138.334777832,43556,348712,7751775623948015455
GIST,half,32,2,3,C_MASK_L,2,9607284371048990950,127.32491,127.302497864,20776,166472,17020235287267412215
GIST,half,32,2,3,C_MASK_L,3,17322893638147462453,135.218597,135.197601318,2062,16760,7116414848619904563
GIST,half,32,2,3,C_MASK_L,4,9368830554395401223,133.932528,133.885848999,101125,809264,13109810449993187880
GIST,half,32,2,3,C_MASK_L,5,8419766857112927641,144.717851,144.692443848,3420,27624,17792685588925117483
GIST,half,32,2,3,C_MASK_L,6,4668807861364956970,136.505475,136.458084106,63820,510824,10099402955953869603
GIST,half,32,2,3,C_MASK_L,7,7872727791650862151,145.533094,145.514343262,175,1664,4643210386447554668
GIST,half,32,2,3,C_MASK_L,8,15783018974750835728,140.705018,140.667556763,49929,399696,4190309505508178420
GIST,half,32,2,3,C_MASK_L,9,7601489796430488175,142.267619,142.237243652,31506,252312,1329596921172543006
GIST,half,32,2,3,C_MASK_L,10,5544530460631338786,142.999606,142.973144531,150,1464,13924800278538701120
GIST,half,32,2,3,C_MASK_L,11,12325065973520304682,138.959274,138.921127319,58591,468992,267835482051343214
GIST,half,32,2,3,C_MASK_L,12,13216066866632432715,131.148482,131.112258911,61490,492184,8239061200449829015
GIST,half,32,2,3,C_MASK_L,13,1075722662635840942,144.970532,144.936004639,40720,326024,4270533297038567303
GIST,half,32,2,3,C_MASK_L,14,3185229373934033660,137.166545,137.142150879,18207,145920,13654456654282768996
GIST,half,32,2,3,C_MASK_L,15,4980500077960720760,150.750262,150.72102356,28894,231416,17240864116231060822
GIST,half,32,2,3,C_MASK_L,16,8534462434835011887,125.237687,125.206977844,23577,188880,3778250351653536887
GIST,half,32,2,3,C_MASK_L,17,2222729423292320042,149.240233,149.206207275,30994,248216,3826611666964392027
GIST,half,32,2,3,C_MASK_L,18,10765395806018310607,137.460246,137.426651001,46194,369816,7444862595273582325
GIST,half,32,2,3,C_MASK_L,19,15820513675728183516,149.488664,149.464569092,19116,153192,6060893219430260750
GIST,half,32,2,3,C_MASK_L,20,10712815744133708220,139.74963,139.727706909,172,1640,17430303074918329068
GIST,half,32,2,3,C_MASK_L,21,3486346971057125245,149.131747,149.103164673,26397,211440,8960657414760105658
GIST,half,32,2,3,C_MASK_L,22,5004653838559619408,131.733958,131.704605103,19492,156200,15755818672585262164
GIST,half,32,2,3,C_MASK_L,23,10851237028586424301,134.870043,134.846878052,21765,174384,7548619885067429970
GIST,half,32,2,3,C_MASK_L,24,1048821632111722058,137.879629,137.856124878,20642,165400,15602677906020214158
GIST,half,32,2,3,C_MASK_L,25,13585693668991832971,145.710332,145.687942505,4997,40240,8060471171494153783
GIST,half,32,2,3,C_MASK_L,26,13539082034095136927,143.643632,143.62588501,37,560,9838144373337488345
GIST,half,32,2,3,C_MASK_L,27,161217794029549079,134.173176,134.141281128,48430,387704,10897917077796498645
GIST,half,32,2,3,C_MASK_L,28,306400533752808697,136.555313,136.536605835,38,568,15415108955034365904
GIST,half,32,2,3,C_MASK_L,29,15030165245001765777,144.986452,144.960540771,5275,42464,13081611358792727333
GIST,half,32,2,3,C_MASK_L,30,14416838764258129161,148.096087,148.079864502,3945,31824,15666152673139803166
GIST,half,32,2,3,C_MASK_L,31,7995077726280952526,141.334428,141.318939209,35,544,17738710621554888361
GIST,half,32,2,3,C_TASK_L,0,13392786189952033124,180.135804,180.107009888,29566,236792,17654899910400677031
GIST,half,32,2,3,C_TASK_L,1,3085188792669438576,181.500293,181.473022461,43556,348712,7751775623948015455
GIST,half,32,2,3,C_TASK_L,2,9607284371048990950,168.547602,168.521820068,20776,166472,17020235287267412215
GIST,half,32,2,3,C_TASK_L,3,17322893638147462453,173.262031,173.241348267,2062,16760,7116414848619904563
GIST,half,32,2,3,C_TASK_L,4,9368830554395401223,171.888684,171.837478638,101125,809264,13109810449993187880
GIST,half,32,2,3,C_TASK_L,5,8419766857112927641,178.906544,178.888641357,3420,27624,17792685588925117483
GIST,half,32,2,3,C_TASK_L,6,4668807861364956970,172.239543,172.202651978,63820,510824,10099402955953869603
GIST,half,32,2,3,C_TASK_L,7,7872727791650862151,180.11035,180.094848633,175,1664,4643210386447554668
GIST,half,32,2,3,C_TASK_L,8,15783018974750835728,180.391871,180.354751587,49929,399696,4190309505508178420
GIST,half,32,2,3,C_TASK_L,9,7601489796430488175,181.578505,181.54524231,31506,252312,1329596921172543006
GIST,half,32,2,3,C_TASK_L,10,5544530460631338786,180.780663,180.766082764,150,1464,13924800278538701120
GIST,half,32,2,3,C_TASK_L,11,12325065973520304682,177.705924,177.673339844,58591,468992,267835482051343214
GIST,half,32,2,3,C_TASK_L,12,13216066866632432715,171.829827,171.787261963,61490,492184,8239061200449829015
GIST,half,32,2,3,C_TASK_L,13,1075722662635840942,180.438263,180.406143188,40720,326024,4270533297038567303
GIST,half,32,2,3,C_TASK_L,14,3185229373934033660,175.319038,175.292861938,18207,145920,13654456654282768996
GIST,half,32,2,3,C_TASK_L,15,4980500077960720760,181.391545,181.363677979,28894,231416,17240864116231060822
GIST,half,32,2,3,C_TASK_L,16,8534462434835011887,175.828673,175.804443359,23577,188880,3778250351653536887
GIST,half,32,2,3,C_TASK_L,17,2222729423292320042,179.429849,179.40435791,30994,248216,3826611666964392027
GIST,half,32,2,3,C_TASK_L,18,10765395806018310607,176.494523,176.464675903,46194,369816,7444862595273582325
GIST,half,32,2,3,C_TASK_L,19,15820513675728183516,180.220496,180.193664551,19116,153192,6060893219430260750
GIST,half,32,2,3,C_TASK_L,20,10712815744133708220,180.053636,180.035461426,172,1640,17430303074918329068
GIST,half,32,2,3,C_TASK_L,21,3486346971057125245,180.124813,180.101501465,26397,211440,8960657414760105658
GIST,half,32,2,3,C_TASK_L,22,5004653838559619408,172.985559,172.958587646,19492,156200,15755818672585262164
GIST,half,32,2,3,C_TASK_L,23,10851237028586424301,179.979075,179.949401855,21765,174384,7548619885067429970
GIST,half,32,2,3,C_TASK_L,24,1048821632111722058,181.156909,181.128356934,20642,165400,15602677906020214158
GIST,half,32,2,3,C_TASK_L,25,13585693668991832971,179.016181,178.970840454,4997,40240,8060471171494153783
GIST,half,32,2,3,C_TASK_L,26,13539082034095136927,177.154124,177.135131836,37,560,9838144373337488345
GIST,half,32,2,3,C_TASK_L,27,161217794029549079,171.933021,171.868927002,48430,387704,10897917077796498645
GIST,half,32,2,3,C_TASK_L,28,306400533752808697,175.365992,175.349212646,38,568,15415108955034365904
GIST,half,32,2,3,C_TASK_L,29,15030165245001765777,178.972969,178.95123291,5275,42464,13081611358792727333
GIST,half,32,2,3,C_TASK_L,30,14416838764258129161,180.204226,180.187744141,3945,31824,15666152673139803166
GIST,half,32,2,3,C_TASK_L,31,7995077726280952526,177.278734,177.2631073,35,544,17738710621554888361
GIST,half,32,2,3,SCAN_E,0,13392786189952033124,55.742526,55.720161438,29566,236792,17654899910400677031
GIST,half,32,2,3,SCAN_E,1,3085188792669438576,60.104206,60.0748176575,43556,348712,7751775623948015455
GIST,half,32,2,3,SCAN_E,2,9607284371048990950,55.657487,55.6361274719,20776,166472,17020235287267412215
GIST,half,32,2,3,SCAN_E,3,17322893638147462453,53.572888,53.5495986938,2062,16760,7116414848619904563
GIST,half,32,2,3,SCAN_E,4,9368830554395401223,58.499492,58.4515190125,101125,809264,13109810449993187880
GIST,half,32,2,3,SCAN_E,5,8419766857112927641,54.056747,54.0402565002,3420,27624,17792685588925117483
GIST,half,32,2,3,SCAN_E,6,4668807861364956970,56.606575,56.5602226257,63820,510824,10099402955953869603
GIST,half,32,2,3,SCAN_E,7,7872727791650862151,56.673673,56.6579208374,175,1664,4643210386447554668
GIST,half,32,2,3,SCAN_E,8,15783018974750835728,56.340335,56.3034896851,49929,399696,4190309505508178420
GIST,half,32,2,3,SCAN_E,9,7601489796430488175,54.391183,54.3674240112,31506,252312,1329596921172543006
GIST,half,32,2,3,SCAN_E,10,5544530460631338786,53.402597,53.3866882324,150,1464,13924800278538701120
GIST,half,32,2,3,SCAN_E,11,12325065973520304682,52.291124,52.2504653931,58591,468992,267835482051343214
GIST,half,32,2,3,SCAN_E,12,13216066866632432715,57.43597,57.3951377869,61490,492184,8239061200449829015
GIST,half,32,2,3,SCAN_E,13,1075722662635840942,56.246721,56.2164802551,40720,326024,4270533297038567303
GIST,half,32,2,3,SCAN_E,14,3185229373934033660,58.532734,58.511680603,18207,145920,13654456654282768996
GIST,half,32,2,3,SCAN_E,15,4980500077960720760,61.271216,61.2423667908,28894,231416,17240864116231060822
GIST,half,32,2,3,SCAN_E,16,8534462434835011887,50.888999,50.8604164124,23577,188880,3778250351653536887
GIST,half,32,2,3,SCAN_E,17,2222729423292320042,58.96808,58.9408950806,30994,248216,3826611666964392027
GIST,half,32,2,3,SCAN_E,18,10765395806018310607,50.269131,50.23487854,46194,369816,7444862595273582325
GIST,half,32,2,3,SCAN_E,19,15820513675728183516,60.464283,60.4410247803,19116,153192,6060893219430260750
GIST,half,32,2,3,SCAN_E,20,10712815744133708220,54.361496,54.3393287659,172,1640,17430303074918329068
GIST,half,32,2,3,SCAN_E,21,3486346971057125245,54.788772,54.7639045715,26397,211440,8960657414760105658
GIST,half,32,2,3,SCAN_E,22,5004653838559619408,54.944242,54.9163856506,19492,156200,15755818672585262164
GIST,half,32,2,3,SCAN_E,23,10851237028586424301,56.578349,56.5548782349,21765,174384,7548619885067429970
GIST,half,32,2,3,SCAN_E,24,1048821632111722058,58.95289,58.929889679,20642,165400,15602677906020214158
GIST,half,32,2,3,SCAN_E,25,13585693668991832971,48.420958,48.4033927917,4997,40240,8060471171494153783
GIST,half,32,2,3,SCAN_E,26,13539082034095136927,50.147834,50.1242866516,37,560,9838144373337488345
GIST,half,32,2,3,SCAN_E,27,161217794029549079,58.677731,58.6463661194,48430,387704,10897917077796498645
GIST,half,32,2,3,SCAN_E,28,306400533752808697,51.275219,51.2571182251,38,568,15415108955034365904
GIST,half,32,2,3,SCAN_E,29,15030165245001765777,59.877744,59.8586578369,5275,42464,13081611358792727333
GIST,half,32,2,3,SCAN_E,30,14416838764258129161,58.87578,58.8575668335,3945,31824,15666152673139803166
GIST,half,32,2,3,SCAN_E,31,7995077726280952526,46.461917,46.4431686401,35,544,17738710621554888361
GIST,half,32,2,3,C_ID_E,0,13392786189952033124,61.607368,61.5772781372,29566,236792,17654899910400677031
GIST,half,32,2,3,C_ID_E,1,3085188792669438576,64.340841,64.3065567017,43556,348712,7751775623948015455
GIST,half,32,2,3,C_ID_E,2,9607284371048990950,57.296083,57.2677764893,20776,166472,17020235287267412215
GIST,half,32,2,3,C_ID_E,3,17322893638147462453,55.224273,55.2011833191,2062,16760,7116414848619904563
GIST,half,32,2,3,C_ID_E,4,9368830554395401223,60.571197,60.5199356079,101125,809264,13109810449993187880
GIST,half,32,2,3,C_ID_E,5,8419766857112927641,59.760919,59.7431373596,3420,27624,17792685588925117483
GIST,half,32,2,3,C_ID_E,6,4668807861364956970,59.336959,59.292224884,63820,510824,10099402955953869603
GIST,half,32,2,3,C_ID_E,7,7872727791650862151,61.969731,61.9471664429,175,1664,4643210386447554668
GIST,half,32,2,3,C_ID_E,8,15783018974750835728,61.10654,61.0730895996,49929,399696,4190309505508178420
GIST,half,32,2,3,C_ID_E,9,7601489796430488175,59.756383,59.7221755981,31506,252312,1329596921172543006
GIST,half,32,2,3,C_ID_E,10,5544530460631338786,59.44014,59.4177589417,150,1464,13924800278538701120
GIST,half,32,2,3,C_ID_E,11,12325065973520304682,55.968566,55.9305267334,58591,468992,267835482051343214
GIST,half,32,2,3,C_ID_E,12,13216066866632432715,57.986062,57.9455375671,61490,492184,8239061200449829015
GIST,half,32,2,3,C_ID_E,13,1075722662635840942,62.110043,62.0803184509,40720,326024,4270533297038567303
GIST,half,32,2,3,C_ID_E,14,3185229373934033660,64.952269,64.9295654297,18207,145920,13654456654282768996
GIST,half,32,2,3,C_ID_E,15,4980500077960720760,68.68769,68.6559066772,28894,231416,17240864116231060822
GIST,half,32,2,3,C_ID_E,16,8534462434835011887,51.864798,51.840385437,23577,188880,3778250351653536887
GIST,half,32,2,3,C_ID_E,17,2222729423292320042,67.041979,67.015296936,30994,248216,3826611666964392027
GIST,half,32,2,3,C_ID_E,18,10765395806018310607,55.558543,55.5239028931,46194,369816,7444862595273582325
GIST,half,32,2,3,C_ID_E,19,15820513675728183516,68.857134,68.8279342651,19116,153192,6060893219430260750
GIST,half,32,2,3,C_ID_E,20,10712815744133708220,58.137973,58.117729187,172,1640,17430303074918329068
GIST,half,32,2,3,C_ID_E,21,3486346971057125245,61.625334,61.5994873047,26397,211440,8960657414760105658
GIST,half,32,2,3,C_ID_E,22,5004653838559619408,55.444215,55.4196815491,19492,156200,15755818672585262164
GIST,half,32,2,3,C_ID_E,23,10851237028586424301,56.549548,56.5263671875,21765,174384,7548619885067429970
GIST,half,32,2,3,C_ID_E,24,1048821632111722058,63.451507,63.4242553711,20642,165400,15602677906020214158
GIST,half,32,2,3,C_ID_E,25,13585693668991832971,54.542092,54.5244178772,4997,40240,8060471171494153783
GIST,half,32,2,3,C_ID_E,26,13539082034095136927,55.937523,55.9138565063,37,560,9838144373337488345
GIST,half,32,2,3,C_ID_E,27,161217794029549079,59.030111,58.9892158508,48430,387704,10897917077796498645
GIST,half,32,2,3,C_ID_E,28,306400533752808697,54.208977,54.1904335022,38,568,15415108955034365904
GIST,half,32,2,3,C_ID_E,29,15030165245001765777,65.864077,65.8415985107,5275,42464,13081611358792727333
GIST,half,32,2,3,C_ID_E,30,14416838764258129161,65.803546,65.7857589722,3945,31824,15666152673139803166
GIST,half,32,2,3,C_ID_E,31,7995077726280952526,51.375282,51.3599052429,35,544,17738710621554888361
GIST,half,32,2,3,C_MASK_E,0,13392786189952033124,49.524775,49.5033912659,29566,236792,17654899910400677031
GIST,half,32,2,3,C_MASK_E,1,3085188792669438576,51.291942,51.2642555237,43556,348712,7751775623948015455
GIST,half,32,2,3,C_MASK_E,2,9607284371048990950,45.693538,45.668094635,20776,166472,17020235287267412215
GIST,half,32,2,3,C_MASK_E,3,17322893638147462453,43.881449,43.8637771606,2062,16760,7116414848619904563
GIST,half,32,2,3,C_MASK_E,4,9368830554395401223,48.233361,48.1838722229,101125,809264,13109810449993187880
GIST,half,32,2,3,C_MASK_E,5,8419766857112927641,47.334998,47.317440033,3420,27624,17792685588925117483
GIST,half,32,2,3,C_MASK_E,6,4668807861364956970,47.131523,47.0890541077,63820,510824,10099402955953869603
GIST,half,32,2,3,C_MASK_E,7,7872727791650862151,48.757985,48.7356491089,175,1664,4643210386447554668
GIST,half,32,2,3,C_MASK_E,8,15783018974750835728,48.545453,48.5122566223,49929,399696,4190309505508178420
GIST,half,32,2,3,C_MASK_E,9,7601489796430488175,47.655733,47.6295051575,31506,252312,1329596921172543006
GIST,half,32,2,3,C_MASK_E,10,5544530460631338786,47.129531,47.112449646,150,1464,13924800278538701120
GIST,half,32,2,3,C_MASK_E,11,12325065973520304682,44.761589,44.7255058289,58591,468992,267835482051343214
GIST,half,32,2,3,C_MASK_E,12,13216066866632432715,46.174243,46.1375350952,61490,492184,8239061200449829015
GIST,half,32,2,3,C_MASK_E,13,1075722662635840942,49.301482,49.2650222778,40720,326024,4270533297038567303
GIST,half,32,2,3,C_MASK_E,14,3185229373934033660,51.345394,51.3192329407,18207,145920,13654456654282768996
GIST,half,32,2,3,C_MASK_E,15,4980500077960720760,54.425551,54.399105072,28894,231416,17240864116231060822
GIST,half,32,2,3,C_MASK_E,16,8534462434835011887,41.602731,41.5754890442,23577,188880,3778250351653536887
GIST,half,32,2,3,C_MASK_E,17,2222729423292320042,52.751206,52.7203521729,30994,248216,3826611666964392027
GIST,half,32,2,3,C_MASK_E,18,10765395806018310607,44.16712,44.1327667236,46194,369816,7444862595273582325
GIST,half,32,2,3,C_MASK_E,19,15820513675728183516,54.649968,54.6216964722,19116,153192,6060893219430260750
GIST,half,32,2,3,C_MASK_E,20,10712815744133708220,46.323421,46.3077430725,172,1640,17430303074918329068
GIST,half,32,2,3,C_MASK_E,21,3486346971057125245,48.474291,48.4491539001,26397,211440,8960657414760105658
GIST,half,32,2,3,C_MASK_E,22,5004653838559619408,44.304598,44.2822723389,19492,156200,15755818672585262164
GIST,half,32,2,3,C_MASK_E,23,10851237028586424301,45.311464,45.283039093,21765,174384,7548619885067429970
GIST,half,32,2,3,C_MASK_E,24,1048821632111722058,50.710437,50.6866226196,20642,165400,15602677906020214158
GIST,half,32,2,3,C_MASK_E,25,13585693668991832971,43.219799,43.2009277344,4997,40240,8060471171494153783
GIST,half,32,2,3,C_MASK_E,26,13539082034095136927,44.077476,44.0599365234,37,560,9838144373337488345
GIST,half,32,2,3,C_MASK_E,27,161217794029549079,47.582803,47.5430717468,48430,387704,10897917077796498645
GIST,half,32,2,3,C_MASK_E,28,306400533752808697,42.958042,42.9425582886,38,568,15415108955034365904
GIST,half,32,2,3,C_MASK_E,29,15030165245001765777,51.733715,51.7102394104,5275,42464,13081611358792727333
GIST,half,32,2,3,C_MASK_E,30,14416838764258129161,52.002597,51.9790077209,3945,31824,15666152673139803166
GIST,half,32,2,3,C_MASK_E,31,7995077726280952526,40.95891,40.93932724,35,544,17738710621554888361
GIST,half,32,2,3,C_TASK_E,0,13392786189952033124,49.459969,49.4349746704,29566,236792,17654899910400677031
GIST,half,32,2,3,C_TASK_E,1,3085188792669438576,51.103412,51.0771522522,43556,348712,7751775623948015455
GIST,half,32,2,3,C_TASK_E,2,9607284371048990950,45.56795,45.542881012,20776,166472,17020235287267412215
GIST,half,32,2,3,C_TASK_E,3,17322893638147462453,43.519457,43.5039367676,2062,16760,7116414848619904563
GIST,half,32,2,3,C_TASK_E,4,9368830554395401223,48.247775,48.2016639709,101125,809264,13109810449993187880
GIST,half,32,2,3,C_TASK_E,5,8419766857112927641,47.237111,47.2203521729,3420,27624,17792685588925117483
GIST,half,32,2,3,C_TASK_E,6,4668807861364956970,46.875114,46.8296012878,63820,510824,10099402955953869603
GIST,half,32,2,3,C_TASK_E,7,7872727791650862151,48.4757,48.4591026306,175,1664,4643210386447554668
GIST,half,32,2,3,C_TASK_E,8,15783018974750835728,48.305523,48.2680015564,49929,399696,4190309505508178420
GIST,half,32,2,3,C_TASK_E,9,7601489796430488175,47.432209,47.4031982422,31506,252312,1329596921172543006
GIST,half,32,2,3,C_TASK_E,10,5544530460631338786,46.936858,46.9194564819,150,1464,13924800278538701120
GIST,half,32,2,3,C_TASK_E,11,12325065973520304682,44.512764,44.4721298218,58591,468992,267835482051343214
GIST,half,32,2,3,C_TASK_E,12,13216066866632432715,45.988475,45.9496307373,61490,492184,8239061200449829015
GIST,half,32,2,3,C_TASK_E,13,1075722662635840942,49.040125,49.0029449463,40720,326024,4270533297038567303
GIST,half,32,2,3,C_TASK_E,14,3185229373934033660,51.144338,51.1220169067,18207,145920,13654456654282768996
GIST,half,32,2,3,C_TASK_E,15,4980500077960720760,54.086306,54.0575675964,28894,231416,17240864116231060822
GIST,half,32,2,3,C_TASK_E,16,8534462434835011887,41.575985,41.5454406738,23577,188880,3778250351653536887
GIST,half,32,2,3,C_TASK_E,17,2222729423292320042,52.513455,52.482624054,30994,248216,3826611666964392027
GIST,half,32,2,3,C_TASK_E,18,10765395806018310607,44.126673,44.0966072083,46194,369816,7444862595273582325
GIST,half,32,2,3,C_TASK_E,19,15820513675728183516,54.194496,54.1681938171,19116,153192,6060893219430260750
GIST,half,32,2,3,C_TASK_E,20,10712815744133708220,46.276102,46.2606391907,172,1640,17430303074918329068
GIST,half,32,2,3,C_TASK_E,21,3486346971057125245,48.314571,48.2892494202,26397,211440,8960657414760105658
GIST,half,32,2,3,C_TASK_E,22,5004653838559619408,44.203207,44.1767044067,19492,156200,15755818672585262164
GIST,half,32,2,3,C_TASK_E,23,10851237028586424301,45.162218,45.1326713562,21765,174384,7548619885067429970
GIST,half,32,2,3,C_TASK_E,24,1048821632111722058,50.533157,50.5116157532,20642,165400,15602677906020214158
GIST,half,32,2,3,C_TASK_E,25,13585693668991832971,43.005646,42.9866256714,4997,40240,8060471171494153783
GIST,half,32,2,3,C_TASK_E,26,13539082034095136927,43.918139,43.9022407532,37,560,9838144373337488345
GIST,half,32,2,3,C_TASK_E,27,161217794029549079,47.714606,47.6832313538,48430,387704,10897917077796498645
GIST,half,32,2,3,C_TASK_E,28,306400533752808697,42.796152,42.780254364,38,568,15415108955034365904
GIST,half,32,2,3,C_TASK_E,29,15030165245001765777,51.49756,51.4791984558,5275,42464,13081611358792727333
GIST,half,32,2,3,C_TASK_E,30,14416838764258129161,51.755058,51.7384643555,3945,31824,15666152673139803166
GIST,half,32,2,3,C_TASK_E,31,7995077726280952526,40.596449,40.5799369812,35,544,17738710621554888361
GIST,half,8,2,4,SCAN_L,127,15208757093895910829,47.012306,46.997089386,11,160,1809397944155681048
GIST,half,8,2,4,SCAN_L,126,12657858335344656681,47.014828,46.9990730286,8,136,4387400323091133037
GIST,half,8,2,4,SCAN_L,125,3028236243262219857,47.010921,46.995136261,8,136,425355140008332221
GIST,half,8,2,4,SCAN_L,124,8609683818349710292,47.009799,46.9971199036,8,136,13168834338195935582
GIST,half,8,2,4,SCAN_L,123,11214984481703275179,47.016071,47.000831604,1639,13184,17297314433685050926
GIST,half,8,2,4,SCAN_L,122,2263849957397490031,47.014134,46.998752594,2287,18368,8165417142188033165
GIST,half,8,2,4,SCAN_L,121,18044578509838911779,47.0137,46.9965744019,10,152,7928744672891195179
GIST,half,8,2,4,SCAN_L,120,5458740354294272417,47.012618,46.9973449707,9,144,7848134651590039281
GIST,half,8,2,4,SCAN_L,119,5858457743813147244,47.013038,46.9970550537,396,3240,8827444684336327481
GIST,half,8,2,4,SCAN_L,118,16469490972111288920,47.013058,46.9971199036,4028,32296,883241890903009633
GIST,half,8,2,4,SCAN_L,117,1006711879274558233,47.01318,46.9973449707,841,6800,11321619877609521957
GIST,half,8,2,4,SCAN_L,116,476149813655704091,47.013093,46.9974708557,10,152,8858849561569991435
GIST,half,8,2,4,SCAN_L,115,7649011970154020997,47.01302,46.9970245361,9,144,3206729205558378233
GIST,half,8,2,4,SCAN_L,114,10648647139011189564,47.015581,46.9998397827,12,168,6772672195218087492
GIST,half,8,2,4,SCAN_L,113,10535780349197406948,47.015065,46.999168396,8,136,14415464039087190790
GIST,half,8,2,4,SCAN_L,112,10135745837711897539,47.012106,46.999168396,9,144,27334712204462216
GIST,half,8,2,4,SCAN_L,111,3665995180310526364,47.029831,47.0016975403,41478,331896,5661520465715040291
GIST,half,8,2,4,SCAN_L,110,10127478537340186675,47.007495,46.9948158264,10,152,1358658317263378375
GIST,half,8,2,4,SCAN_L,109,17603205654855495503,47.017317,47.0002861023,6920,55432,4734971902105951802
GIST,half,8,2,4,SCAN_L,108,5137605947089590316,47.012383,46.9969596863,22,248,8744501858676181288
GIST,half,8,2,4,SCAN_L,107,12753255321128375907,47.011985,46.998752594,11,160,3736671290085159878
GIST,half,8,2,4,SCAN_L,106,7862389240255096405,47.011746,46.9974403381,8,136,4454845205277636153
GIST,half,8,2,4,SCAN_L,105,3382835124390735773,45.217357,45.2007369995,10,152,1633465981209507262
GIST,half,8,2,4,SCAN_L,104,6318150018815276835,44.697308,44.6800308228,8,136,6252710342366139043
GIST,half,8,2,4,SCAN_L,103,3358090661935181962,44.702018,44.6825294495,10,152,206827504788997805
GIST,half,8,2,4,SCAN_L,102,5023834620232924699,44.701494,44.6802864075,9,144,4345061276902095567
GIST,half,8,2,4,SCAN_L,101,463556152314022137,44.700615,44.6798706055,9,144,17739438941913720152
GIST,half,8,2,4,SCAN_L,100,416867533671327684,45.010875,44.9872322083,4969,39824,18199109054269478174
GIST,half,8,2,4,SCAN_L,99,11723484149300992671,44.701543,44.6825294495,2311,18560,15885591392866052173
GIST,half,8,2,4,SCAN_L,98,1083222351448503346,44.700278,44.679359436,30,312,14811157689777586302
GIST,half,8,2,4,SCAN_L,97,11331694305099227241,44.702682,44.6821136475,5629,45104,17435282213467792387
GIST,half,8,2,4,SCAN_L,96,13118478308687119329,44.705171,44.6860809326,12672,101448,12414488981634579085
GIST,half,8,2,4,SCAN_L,95,13797457395031324342,44.702289,44.6799354553,4312,34568,8681946398460365715
GIST,half,8,2,4,SCAN_L,94,12966259267171903563,44.700214,44.6816978455,9,144,16525753693329126445
GIST,half,8,2,4,SCAN_L,93,15824146815298812297,44.700582,44.6815986633,785,6352,16848583768543088517
GIST,half,8,2,4,SCAN_L,92,7858987711662060174,44.705752,44.6817588806,16659,133344,18141791887973734438
GIST,half,8,2,4,SCAN_L,91,13351219280779986121,44.701309,44.6823692322,91,800,7129016086556790661
GIST,half,8,2,4,SCAN_L,90,1487146102952406162,44.699632,44.6800003052,9,144,11675729656657864315
GIST,half,8,2,4,SCAN_L,89,17243398098289356237,44.706168,44.6815032959,19381,155120,11341570227103404206
GIST,half,8,2,4,SCAN_L,88,17392447945923308625,44.70061,44.6802558899,11,160,16812603617364686395
GIST,half,8,2,4,SCAN_L,87,8534974539240644349,44.706596,44.679359436,22710,181752,7440715000576488328
GIST,half,8,2,4,SCAN_L,86,6470508332142331894,44.700953,44.6796150208,3669,29424,3528509250306175135
GIST,half,8,2,4,SCAN_L,85,10946770602578419956,44.69856,44.6780166626,8,136,1403974257677289190
GIST,half,8,2,4,SCAN_L,84,10344073526508897281,44.700905,44.6775360107,10,152,12307297875457737052
GIST,half,8,2,4,SCAN_L,83,8711237166219394419,44.700565,44.680065155,16,200,1159450716902794998
GIST,half,8,2,4,SCAN_L,82,17380680694385638840,44.701338,44.6823997498,10,152,17099624996036497700
GIST,half,8,2,4,SCAN_L,81,4578548255021645869,44.699567,44.68019104,8,136,7309366345031128353
GIST,half,8,2,4,SCAN_L,80,8425382104893835461,44.700445,44.6815376282,138,1176,4615018082655609248
GIST,half,8,2,4,SCAN_L,79,17525024244829704515,44.705376,44.6812477112,17953,143696,8782034102419046715
GIST,half,8,2,4,SCAN_L,78,384590151492374026,44.698467,44.6800308228,1145,9232,6824037880318392156
GIST,half,8,2,4,SCAN_L,77,13772194458325883781,44.701467,44.6794891357,8,136,3119058093217859169
GIST,half,8,2,4,SCAN_L,76,6121457899850640239,44.700868,44.6780815125,10,152,10439922783850878615
GIST,half,8,2,4,SCAN_L,75,10629383663104694533,44.700448,44.6813774109,8,136,1959805352102410517
GIST,half,8,2,4,SCAN_L,74,17416559791252488439,44.705064,44.6812782288,15885,127152,9191986637692184623
GIST,half,8,2,4,SCAN_L,73,6275675870158489986,44.710106,44.6830062866,30287,242368,3965206015652614730
GIST,half,8,2,4,SCAN_L,72,2775573294919263248,44.700694,44.6802253723,14,184,2008831888728120970
GIST,half,8,2,4,SCAN_L,71,2653643927898021331,44.701774,44.6798706055,8,136,6674983760768613763
GIST,half,8,2,4,SCAN_L,70,7125887616712792012,44.709916,44.6818885803,30939,247584,2578173215488215435
GIST,half,8,2,4,SCAN_L,69,16370389120603384840,44.704438,44.682559967,39,384,8893900566493377500
GIST,half,8,2,4,SCAN_L,68,17584159069416176766,44.701158,44.6802558899,8,136,14994419951185837632
GIST,half,8,2,4,SCAN_L,67,9413171363946879688,44.701109,44.6802864075,10,152,16410576142550180761
GIST,half,8,2,4,SCAN_L,66,6567103049086711526,44.697789,44.6812171936,9,144,2120391718945614396
GIST,half,8,2,4,SCAN_L,65,16264934943434005963,44.707834,44.6824302673,23549,188464,1717894044534139949
GIST,half,8,2,4,SCAN_L,64,12923444094630896693,44.70082,44.6836166382,9,144,10890240329654538100
GIST,half,8,2,4,SCAN_L,63,9575871338223549139,44.700216,44.6814727783,782,6328,14236409939300756135
GIST,half,8,2,4,SCAN_L,62,8560399019494154138,44.699931,44.6790733337,16,200,10995028448307505731
GIST,half,8,2,4,SCAN_L,61,2620909581344322254,44.69965,44.6802864075,159,1344,18016158801479111709
GIST,half,8,2,4,SCAN_L,60,2761207983275075740,44.708721,44.6812477112,27937,223568,8219627611328849196
GIST,half,8,2,4,SCAN_L,59,1580871052154375482,44.702118,44.6797447205,10,152,10996509777332881202
GIST,half,8,2,4,SCAN_L,58,9268774494751827706,44.699228,44.679649353,9,144,2940493626614828053
GIST,half,8,2,4,SCAN_L,57,9021717632597148908,44.703048,44.683681488,7688,61576,16146242436575770571
GIST,half,8,2,4,SCAN_L,56,13083263465047869035,44.704209,44.6855049133,10500,84072,6126299974183225491
GIST,half,8,2,4,SCAN_L,55,2573792055271618832,44.70736,44.6857261658,13053,104496,3700418904193080229
GIST,half,8,2,4,SCAN_L,54,12485651515614408301,44.708579,44.6818237305,27648,221256,13982227894810710128
GIST,half,8,2,4,SCAN_L,53,1181170520412032450,44.700724,44.683265686,8,136,15161611065330365500
GIST,half,8,2,4,SCAN_L,52,10782300321295982446,44.700946,44.680065155,11,160,2262457125570541601
GIST,half,8,2,4,SCAN_L,51,1321970314038155003,44.700202,44.6789131165,9,144,1725180568680233592
GIST,half,8,2,4,SCAN_L,50,2593988135360058460,44.713032,44.6822090149,49566,396600,10688624242403767082
GIST,half,8,2,4,SCAN_L,49,15716071042978413762,44.699047,44.6796798706,1785,14352,16881791907273901609
GIST,half,8,2,4,SCAN_L,48,8248488942050825693,44.701091,44.6815376282,10130,81112,4850681651806503319
GIST,half,8,2,4,SCAN_L,47,197228195401547247,44.709523,44.6804161072,29946,239640,3603301588478779561
GIST,half,8,2,4,SCAN_L,46,4808905104634366418,44.700827,44.6778564453,9,144,14613523175337427617
GIST,half,8,2,4,SCAN_L,45,10634279939165845196,44.699848,44.6783370972,11,160,13746219426551555317
GIST,half,8,2,4,SCAN_L,44,2657517881292301308,44.709284,44.6815986633,28625,229072,14362931499080891524
GIST,half,8,2,4,SCAN_L,43,3580392345773888933,44.698989,44.6796150208,11,160,7130942906748589245
GIST,half,8,2,4,SCAN_L,42,16130457613556805909,44.70044,44.6816329956,10,152,1351820667773349880
GIST,half,8,2,4,SCAN_L,41,15735649071512523416,44.700646,44.6783370972,11,160,6439908275319918567
GIST,half,8,2,4,SCAN_L,40,523521015842037129,44.700576,44.6798400879,118,1016,14906896884422937853
GIST,half,8,2,4,SCAN_L,39,5134469820061381952,44.699938,44.6796798706,173,1456,11882963430235204481
GIST,half,8,2,4,SCAN_L,38,13700905950939581536,44.699286,44.6797447205,9,144,10212566950510398326
GIST,half,8,2,4,SCAN_L,37,7931106857473092034,44.700369,44.6794548035,1642,13208,4836914976961728650
GIST,half,8,2,4,SCAN_L,36,5862842069398405510,44.712592,44.6858253479,29682,237528,719140743100350364
GIST,half,8,2,4,SCAN_L,35,7182522047579593487,44.701405,44.6794242859,12,168,13084839061348052764
GIST,half,8,2,4,SCAN_L,34,11193354026380747684,44.704505,44.6802253723,18718,149816,10323070077910272027
GIST,half,8,2,4,SCAN_L,33,17951213273852593361,44.700665,44.679775238,8,136,7118776530039946925
GIST,half,8,2,4,SCAN_L,32,1018801991084754777,44.709786,44.6843528748,31191,249600,4139212840337583677
GIST,half,8,2,4,SCAN_L,31,16717924179856591400,44.699673,44.6799697876,98,856,12253136263172607446
GIST,half,8,2,4,SCAN_L,30,12630940382236276606,44.70048,44.6775360107,15,192,3888228134973069709
GIST,half,8,2,4,SCAN_L,29,7111803339956803225,44.700605,44.6800956726,9,144,11080742569331125641
GIST,half,8,2,4,SCAN_L,28,9719453371904557375,44.698008,44.6795196533,53,496,4295370152413759317
GIST,half,8,2,4,SCAN_L,27,14732108746546988498,44.708979,44.6824302673,31256,250120,10640609347284222608
GIST,half,8,2,4,SCAN_L,26,18398409255790635840,44.700293,44.6773757935,8,136,16965475016388596626
GIST,half,8,2,4,SCAN_L,25,15312881684633933655,44.710619,44.6826248169,32548,260456,16202494671275670828
GIST,half,8,2,4,SCAN_L,24,14343238801608074176,44.700517,44.679649353,8,136,335641030610087762
GIST,half,8,2,4,SCAN_L,23,3351983320614235452,44.69844,44.6800956726,8,136,10795653417440584118
GIST,half,8,2,4,SCAN_L,22,9583610160574751482,44.699482,44.6778869629,104,904,17584774084035178489
GIST,half,8,2,4,SCAN_L,21,2715171980480150680,44.700853,44.6797103882,3295,26432,4697067458263101281
GIST,half,8,2,4,SCAN_L,20,13580243989274015108,44.700944,44.6782073975,13,176,12167542613742431786
GIST,half,8,2,4,SCAN_L,19,4844542844294841975,44.710162,44.6824951172,27119,217024,3036884596305404821
GIST,half,8,2,4,SCAN_L,18,3071783437712951460,44.700915,44.6800003052,9,144,4097877200455553912
GIST,half,8,2,4,SCAN_L,17,9906517406195203870,44.710489,44.6802864075,28764,230184,13893008974686436000
GIST,half,8,2,4,SCAN_L,16,3537798568722033093,44.713285,44.6838417053,45233,361936,10934986133749753810
GIST,half,8,2,4,SCAN_L,15,5936729861741803939,44.701608,44.6800003052,1825,14672,4523878408681453459
GIST,half,8,2,4,SCAN_L,14,18369275761964115190,44.698846,44.6798400879,8,136,17294034751593305288
GIST,half,8,2,4,SCAN_L,13,12716887085642250387,44.700772,44.6793289185,10,152,5751298164538243026
GIST,half,8,2,4,SCAN_L,12,17460078167775218888,44.700793,44.6800003052,219,1824,12113822531377232237
GIST,half,8,2,4,SCAN_L,11,407413494807729236,44.705787,44.6820793152,20742,166008,748099361995206288
GIST,half,8,2,4,SCAN_L,10,16634692065747566502,44.700037,44.6791992188,9,144,13324388130527482689
GIST,half,8,2,4,SCAN_L,9,4680770526928094267,44.699901,44.6803207397,9,144,6185833218944131429
GIST,half,8,2,4,SCAN_L,8,3722915141321120792,44.700568,44.6793937683,16,200,17247831106653997488
GIST,half,8,2,4,SCAN_L,7,7966444742523137199,44.701726,44.6790084839,9,144,294158670510647467
GIST,half,8,2,4,SCAN_L,6,13750152615788058147,44.699176,44.6781768799,367,3008,8703337812097627909
GIST,half,8,2,4,SCAN_L,5,15746877753817476956,44.707711,44.6792945862,25267,202208,5187200889313214686
GIST,half,8,2,4,SCAN_L,4,6813717409520896539,44.706682,44.6804466248,17913,143376,10240984302992681904
GIST,half,8,2,4,SCAN_L,3,17912368726981257746,44.70878,44.6800308228,22934,183544,3513084467399214196
GIST,half,8,2,4,SCAN_L,2,12949723088018134982,44.699572,44.6800003052,12,168,17798676870000866351
GIST,half,8,2,4,SCAN_L,1,5277735151802382403,44.701923,44.6816978455,5815,46592,12495090360753926488
GIST,half,8,2,4,SCAN_L,0,14628893485838184760,44.699337,44.6840324402,805,6512,12049670356140927271
GIST,half,8,2,4,C_ID_L,127,15208757093895910829,40.253306,40.2377586365,11,160,1809397944155681048
GIST,half,8,2,4,C_ID_L,126,12657858335344656681,35.657024,35.6391372681,8,136,4387400323091133037
GIST,half,8,2,4,C_ID_L,125,3028236243262219857,38.495608,38.4760627747,8,136,425355140008332221
GIST,half,8,2,4,C_ID_L,124,8609683818349710292,40.32501,40.3067207336,8,136,13168834338195935582
GIST,half,8,2,4,C_ID_L,123,11214984481703275179,39.666941,39.6517105103,1639,13184,17297314433685050926
GIST,half,8,2,4,C_ID_L,122,2263849957397490031,40.413366,40.3900794983,2287,18368,8165417142188033165
GIST,half,8,2,4,C_ID_L,121,18044578509838911779,39.663576,39.6474227905,10,152,7928744672891195179
GIST,half,8,2,4,C_ID_L,120,5458740354294272417,43.349923,43.3302383423,9,144,7848134651590039281
GIST,half,8,2,4,C_ID_L,119,5858457743813147244,42.590172,42.5736312866,396,3240,8827444684336327481
GIST,half,8,2,4,C_ID_L,118,16469490972111288920,33.225024,33.2035827637,4028,32296,883241890903009633
GIST,half,8,2,4,C_ID_L,117,1006711879274558233,42.759505,42.7417907715,841,6800,11321619877609521957
GIST,half,8,2,4,C_ID_L,116,476149813655704091,41.422543,41.4056625366,10,152,8858849561569991435
GIST,half,8,2,4,C_ID_L,115,7649011970154020997,42.648179,42.6289291382,9,144,3206729205558378233
GIST,half,8,2,4,C_ID_L,114,10648647139011189564,36.787339,36.7652168274,12,168,6772672195218087492
GIST,half,8,2,4,C_ID_L,113,10535780349197406948,34.979821,34.9612808228,8,136,14415464039087190790
GIST,half,8,2,4,C_ID_L,112,10135745837711897539,35.020957,35.0063667297,9,144,27334712204462216
GIST,half,8,2,4,C_ID_L,111,3665995180310526364,37.926097,37.8967666626,41478,331896,5661520465715040291
GIST,half,8,2,4,C_ID_L,110,10127478537340186675,35.648411,35.6331214905,10,152,1358658317263378375
GIST,half,8,2,4,C_ID_L,109,17603205654855495503,33.224547,33.206943512,6920,55432,4734971902105951802
GIST,half,8,2,4,C_ID_L,108,5137605947089590316,39.666304,39.6503982544,22,248,8744501858676181288
GIST,half,8,2,4,C_ID_L,107,12753255321128375907,40.928597,40.9079360962,11,160,3736671290085159878
GIST,half,8,2,4,C_ID_L,106,7862389240255096405,43.264405,43.2491836548,8,136,4454845205277636153
GIST,half,8,2,4,C_ID_L,105,3382835124390735773,34.389682,34.3748817444,10,152,1633465981209507262
GIST,half,8,2,4,C_ID_L,104,6318150018815276835,39.674805,39.6526412964,8,136,6252710342366139043
GIST,half,8,2,4,C_ID_L,103,3358090661935181962,44.346983,44.3294410706,10,152,206827504788997805
GIST,half,8,2,4,C_ID_L,102,5023834620232924699,39.81491,39.7996177673,9,144,4345061276902095567
GIST,half,8,2,4,C_ID_L,101,463556152314022137,37.549261,37.5282897949,9,144,17739438941913720152
GIST,half,8,2,4,C_ID_L,100,416867533671327684,38.644959,38.6295051575,4969,39824,18199109054269478174
GIST,half,8,2,4,C_ID_L,99,11723484149300992671,42.600681,42.5800018311,2311,18560,15885591392866052173
GIST,half,8,2,4,C_ID_L,98,1083222351448503346,38.544987,38.5249290466,30,312,14811157689777586302
GIST,half,8,2,4,C_ID_L,97,11331694305099227241,34.987693,34.9693756104,5629,45104,17435282213467792387
GIST,half,8,2,4,C_ID_L,96,13118478308687119329,34.395081,34.3737297058,12672,101448,12414488981634579085
GIST,half,8,2,4,C_ID_L,95,13797457395031324342,42.015715,41.9986228943,4312,34568,8681946398460365715
GIST,half,8,2,4,C_ID_L,94,12966259267171903563,36.148923,36.1322250366,9,144,16525753693329126445
GIST,half,8,2,4,C_ID_L,93,15824146815298812297,40.840981,40.8240623474,785,6352,16848583768543088517
GIST,half,8,2,4,C_ID_L,92,7858987711662060174,28.070648,28.0507831573,16659,133344,18141791887973734438
GIST,half,8,2,4,C_ID_L,91,13351219280779986121,31.46837,31.455039978,91,800,7129016086556790661
GIST,half,8,2,4,C_ID_L,90,1487146102952406162,40.920188,40.9044799805,9,144,11675729656657864315
GIST,half,8,2,4,C_ID_L,89,17243398098289356237,41.427405,41.4050559998,19381,155120,11341570227103404206
GIST,half,8,2,4,C_ID_L,88,17392447945923308625,30.298549,30.2800006866,11,160,16812603617364686395
GIST,half,8,2,4,C_ID_L,87,8534974539240644349,38.553351,38.5288314819,22710,181752,7440715000576488328
GIST,half,8,2,4,C_ID_L,86,6470508332142331894,43.188739,43.1672973633,3669,29424,3528509250306175135
GIST,half,8,2,4,C_ID_L,85,10946770602578419956,40.843064,40.8216018677,8,136,1403974257677289190
GIST,half,8,2,4,C_ID_L,84,10344073526508897281,42.01005,41.988735199,10,152,12307297875457737052
GIST,half,8,2,4,C_ID_L,83,8711237166219394419,36.284138,36.2687034607,16,200,1159450716902794998
GIST,half,8,2,4,C_ID_L,82,17380680694385638840,38.179557,38.1637763977,10,152,17099624996036497700
GIST,half,8,2,4,C_ID_L,81,4578548255021645869,37.318827,37.3034896851,8,136,7309366345031128353
GIST,half,8,2,4,C_ID_L,80,8425382104893835461,40.988976,40.9672317505,138,1176,4615018082655609248
GIST,half,8,2,4,C_ID_L,79,17525024244829704515,38.564309,38.5396156311,17953,143696,8782034102419046715
GIST,half,8,2,4,C_ID_L,78,384590151492374026,40.253028,40.230430603,1145,9232,6824037880318392156
GIST,half,8,2,4,C_ID_L,77,13772194458325883781,42.108312,42.0927696228,8,136,3119058093217859169
GIST,half,8,2,4,C_ID_L,76,6121457899850640239,43.814885,43.8006401062,10,152,10439922783850878615
GIST,half,8,2,4,C_ID_L,75,10629383663104694533,33.335771,33.3204803467,8,136,1959805352102410517
GIST,half,8,2,4,C_ID_L,74,17416559791252488439,42.593133,42.5693778992,15885,127152,9191986637692184623
GIST,half,8,2,4,C_ID_L,73,6275675870158489986,33.811167,33.7818222046,30287,242368,3965206015652614730
GIST,half,8,2,4,C_ID_L,72,2775573294919263248,41.411683,41.3948783875,14,184,2008831888728120970
GIST,half,8,2,4,C_ID_L,71,2653643927898021331,39.801253,39.7854728699,8,136,6674983760768613763
GIST,half,8,2,4,C_ID_L,70,7125887616712792012,40.261612,40.232383728,30939,247584,2578173215488215435
GIST,half,8,2,4,C_ID_L,69,16370389120603384840,41.997217,41.9812812805,39,384,8893900566493377500
GIST,half,8,2,4,C_ID_L,68,17584159069416176766,43.177731,43.1581764221,8,136,14994419951185837632
GIST,half,8,2,4,C_ID_L,67,9413171363946879688,37.414016,37.390750885,10,152,16410576142550180761
GIST,half,8,2,4,C_ID_L,66,6567103049086711526,25.607934,25.5923194885,9,144,2120391718945614396
GIST,half,8,2,4,C_ID_L,65,16264934943434005963,39.374115,39.3526725769,23549,188464,1717894044534139949
GIST,half,8,2,4,C_ID_L,64,12923444094630896693,33.224132,33.2011528015,9,144,10890240329654538100
GIST,half,8,2,4,C_ID_L,63,9575871338223549139,42.586846,42.567073822,782,6328,14236409939300756135
GIST,half,8,2,4,C_ID_L,62,8560399019494154138,43.262596,43.2458572388,16,200,10995028448307505731
GIST,half,8,2,4,C_ID_L,61,2620909581344322254,43.753671,43.7372817993,159,1344,18016158801479111709
GIST,half,8,2,4,C_ID_L,60,2761207983275075740,36.819926,36.7952308655,27937,223568,8219627611328849196
GIST,half,8,2,4,C_ID_L,59,1580871052154375482,38.482696,38.4627189636,10,152,10996509777332881202
GIST,half,8,2,4,C_ID_L,58,9268774494751827706,39.662263,39.6453742981,9,144,2940493626614828053
GIST,half,8,2,4,C_ID_L,57,9021717632597148908,34.45371,34.4350090027,7688,61576,16146242436575770571
GIST,half,8,2,4,C_ID_L,56,13083263465047869035,37.908652,37.8825912476,10500,84072,6126299974183225491
GIST,half,8,2,4,C_ID_L,55,2573792055271618832,34.45613,34.4340782166,13053,104496,3700418904193080229
GIST,half,8,2,4,C_ID_L,54,12485651515614408301,41.499065,41.4745903015,27648,221256,13982227894810710128
GIST,half,8,2,4,C_ID_L,53,1181170520412032450,42.008159,41.9883537292,8,136,15161611065330365500
GIST,half,8,2,4,C_ID_L,52,10782300321295982446,41.419792,41.402431488,11,160,2262457125570541601
GIST,half,8,2,4,C_ID_L,51,1321970314038155003,33.80478,33.78748703,9,144,1725180568680233592
GIST,half,8,2,4,C_ID_L,50,2593988135360058460,27.964775,27.9320964813,49566,396600,10688624242403767082
GIST,half,8,2,4,C_ID_L,49,15716071042978413762,41.46762,41.4464950562,1785,14352,16881791907273901609
GIST,half,8,2,4,C_ID_L,48,8248488942050825693,40.255044,40.2353591919,10130,81112,4850681651806503319
GIST,half,8,2,4,C_ID_L,47,197228195401547247,36.221503,36.1958389282,29946,239640,3603301588478779561
GIST,half,8,2,4,C_ID_L,46,4808905104634366418,42.579246,42.563457489,9,144,14613523175337427617
GIST,half,8,2,4,C_ID_L,45,10634279939165845196,39.083902,39.0635185242,11,160,13746219426551555317
GIST,half,8,2,4,C_ID_L,44,2657517881292301308,34.396549,34.3711051941,28625,229072,14362931499080891524
GIST,half,8,2,4,C_ID_L,43,3580392345773888933,39.122228,39.1034240723,11,160,7130942906748589245
GIST,half,8,2,4,C_ID_L,42,16130457613556805909,37.978123,37.95753479,10,152,1351820667773349880
GIST,half,8,2,4,C_ID_L,41,15735649071512523416,43.174653,43.1591033936,11,160,6439908275319918567
GIST,half,8,2,4,C_ID_L,40,523521015842037129,36.728972,36.7146568298,118,1016,14906896884422937853
GIST,half,8,2,4,C_ID_L,39,5134469820061381952,40.912763,40.8943367004,173,1456,11882963430235204481
GIST,half,8,2,4,C_ID_L,38,13700905950939581536,33.814336,33.7933425903,9,144,10212566950510398326
GIST,half,8,2,4,C_ID_L,37,7931106857473092034,39.649124,39.6342086792,1642,13208,4836914976961728650
GIST,half,8,2,4,C_ID_L,36,5862842069398405510,41.503806,41.4791679382,29682,237528,719140743100350364
GIST,half,8,2,4,C_ID_L,35,7182522047579593487,37.905028,37.8832321167,12,168,13084839061348052764
GIST,half,8,2,4,C_ID_L,34,11193354026380747684,40.908664,40.8852157593,18718,149816,10323070077910272027
GIST,half,8,2,4,C_ID_L,33,17951213273852593361,35.645211,35.6294708252,8,136,7118776530039946925
GIST,half,8,2,4,C_ID_L,32,1018801991084754777,39.242343,39.2107849121,31191,249600,4139212840337583677
GIST,half,8,2,4,C_ID_L,31,16717924179856591400,36.737711,36.7154541016,98,856,12253136263172607446
GIST,half,8,2,4,C_ID_L,30,12630940382236276606,42.0711,42.0555534363,15,192,3888228134973069709
GIST,half,8,2,4,C_ID_L,29,7111803339956803225,40.881301,40.8656654358,9,144,11080742569331125641
GIST,half,8,2,4,C_ID_L,28,9719453371904557375,40.830771,40.8136634827,53,496,4295370152413759317
GIST,half,8,2,4,C_ID_L,27,14732108746546988498,34.400084,34.3714561462,31256,250120,10640609347284222608
GIST,half,8,2,4,C_ID_L,26,18398409255790635840,37.954123,37.9367027283,8,136,16965475016388596626
GIST,half,8,2,4,C_ID_L,25,15312881684633933655,41.420761,41.3956489563,32548,260456,16202494671275670828
GIST,half,8,2,4,C_ID_L,24,14343238801608074176,36.235206,36.2204818726,8,136,335641030610087762
GIST,half,8,2,4,C_ID_L,23,3351983320614235452,40.832708,40.8094062805,8,136,10795653417440584118
GIST,half,8,2,4,C_ID_L,22,9583610160574751482,39.664847,39.651424408,104,904,17584774084035178489
GIST,half,8,2,4,C_ID_L,21,2715171980480150680,43.176973,43.158657074,3295,26432,4697067458263101281
GIST,half,8,2,4,C_ID_L,20,13580243989274015108,35.557365,35.5419845581,13,176,12167542613742431786
GIST,half,8,2,4,C_ID_L,19,4844542844294841975,36.738631,36.7126083374,27119,217024,3036884596305404821
GIST,half,8,2,4,C_ID_L,18,3071783437712951460,28.012133,27.9939193726,9,144,4097877200455553912
GIST,half,8,2,4,C_ID_L,17,9906517406195203870,40.31151,40.2848014832,28764,230184,13893008974686436000
GIST,half,8,2,4,C_ID_L,16,3537798568722033093,41.48306,41.4491539001,45233,361936,10934986133749753810
GIST,half,8,2,4,C_ID_L,15,5936729861741803939,38.644177,38.621761322,1825,14672,4523878408681453459
GIST,half,8,2,4,C_ID_L,14,18369275761964115190,35.263479,35.2437438965,8,136,17294034751593305288
GIST,half,8,2,4,C_ID_L,13,12716887085642250387,37.90532,37.883518219,10,152,5751298164538243026
GIST,half,8,2,4,C_ID_L,12,17460078167775218888,36.730486,36.7135047913,219,1824,12113822531377232237
GIST,half,8,2,4,C_ID_L,11,407413494807729236,34.978797,34.9577598572,20742,166008,748099361995206288
GIST,half,8,2,4,C_ID_L,10,16634692065747566502,26.873674,26.859167099,9,144,13324388130527482689
GIST,half,8,2,4,C_ID_L,9,4680770526928094267,38.484895,38.4692153931,9,144,6185833218944131429
GIST,half,8,2,4,C_ID_L,8,3722915141321120792,38.494265,38.4799346924,16,200,17247831106653997488
GIST,half,8,2,4,C_ID_L,7,7966444742523137199,29.119316,29.0967998505,9,144,294158670510647467
GIST,half,8,2,4,C_ID_L,6,13750152615788058147,40.242901,40.2263374329,367,3008,8703337812097627909
GIST,half,8,2,4,C_ID_L,5,15746877753817476956,40.324284,40.3017921448,25267,202208,5187200889313214686
GIST,half,8,2,4,C_ID_L,4,6813717409520896539,42.0032,41.9820480347,17913,143376,10240984302992681904
GIST,half,8,2,4,C_ID_L,3,17912368726981257746,34.397409,34.3684158325,22934,183544,3513084467399214196
GIST,half,8,2,4,C_ID_L,2,12949723088018134982,43.163629,43.1509742737,12,168,17798676870000866351
GIST,half,8,2,4,C_ID_L,1,5277735151802382403,40.832092,40.8137931824,5815,46592,12495090360753926488
GIST,half,8,2,4,C_ID_L,0,14628893485838184760,40.312492,40.2952308655,805,6512,12049670356140927271
GIST,half,8,2,4,C_MASK_L,127,15208757093895910829,38.091157,38.0704650879,11,160,1809397944155681048
GIST,half,8,2,4,C_MASK_L,126,12657858335344656681,34.048627,34.0254707336,8,136,4387400323091133037
GIST,half,8,2,4,C_MASK_L,125,3028236243262219857,36.429424,36.4158096313,8,136,425355140008332221
GIST,half,8,2,4,C_MASK_L,124,8609683818349710292,38.013471,37.9994544983,8,136,13168834338195935582
GIST,half,8,2,4,C_MASK_L,123,11214984481703275179,37.774498,37.7583694458,1639,13184,17297314433685050926
GIST,half,8,2,4,C_MASK_L,122,2263849957397490031,38.450073,38.4336013794,2287,18368,8165417142188033165
GIST,half,8,2,4,C_MASK_L,121,18044578509838911779,37.596831,37.5750732422,10,152,7928744672891195179
GIST,half,8,2,4,C_MASK_L,120,5458740354294272417,40.330038,40.3139533997,9,144,7848134651590039281
GIST,half,8,2,4,C_MASK_L,119,5858457743813147244,39.749322,39.7289924622,396,3240,8827444684336327481
GIST,half,8,2,4,C_MASK_L,118,16469490972111288920,32.193028,32.1693458557,4028,32296,883241890903009633
GIST,half,8,2,4,C_MASK_L,117,1006711879274558233,39.906653,39.891040802,841,6800,11321619877609521957
GIST,half,8,2,4,C_MASK_L,116,476149813655704091,38.646455,38.631072998,10,152,8858849561569991435
GIST,half,8,2,4,C_MASK_L,115,7649011970154020997,40.047458,40.0304336548,9,144,3206729205558378233
GIST,half,8,2,4,C_MASK_L,114,10648647139011189564,34.957058,34.9423370361,12,168,6772672195218087492
GIST,half,8,2,4,C_MASK_L,113,10535780349197406948,33.557919,33.5414390564,8,136,14415464039087190790
GIST,half,8,2,4,C_MASK_L,112,10135745837711897539,33.264541,33.2475852966,9,144,27334712204462216
GIST,half,8,2,4,C_MASK_L,111,3665995180310526364,36.389612,36.3610877991,41478,331896,5661520465715040291
GIST,half,8,2,4,C_MASK_L,110,10127478537340186675,33.827395,33.8119049072,10,152,1358658317263378375
GIST,half,8,2,4,C_MASK_L,109,17603205654855495503,31.897896,31.875328064,6920,55432,4734971902105951802
GIST,half,8,2,4,C_MASK_L,108,5137605947089590316,37.42524,37.4097938538,22,248,8744501858676181288
GIST,half,8,2,4,C_MASK_L,107,12753255321128375907,38.35976,38.3440628052,11,160,3736671290085159878
GIST,half,8,2,4,C_MASK_L,106,7862389240255096405,40.585061,40.569694519,8,136,4454845205277636153
GIST,half,8,2,4,C_MASK_L,105,3382835124390735773,32.978403,32.9626541138,10,152,1633465981209507262
GIST,half,8,2,4,C_MASK_L,104,6318150018815276835,37.290786,37.2745933533,8,136,6252710342366139043
GIST,half,8,2,4,C_MASK_L,103,3358090661935181962,41.437071,41.4219207764,10,152,206827504788997805
GIST,half,8,2,4,C_MASK_L,102,5023834620232924699,37.376224,37.3586235046,9,144,4345061276902095567
GIST,half,8,2,4,C_MASK_L,101,463556152314022137,35.767583,35.7445755005,9,144,17739438941913720152
GIST,half,8,2,4,C_MASK_L,100,416867533671327684,36.935058,36.9132804871,4969,39824,18199109054269478174
GIST,half,8,2,4,C_MASK_L,99,11723484149300992671,39.948555,39.93126297,2311,18560,15885591392866052173
GIST,half,8,2,4,C_MASK_L,98,1083222351448503346,36.888537,36.8730888367,30,312,14811157689777586302
GIST,half,8,2,4,C_MASK_L,97,11331694305099227241,33.892422,33.8754234314,5629,45104,17435282213467792387
GIST,half,8,2,4,C_MASK_L,96,13118478308687119329,33.399242,33.37865448,12672,101448,12414488981634579085
GIST,half,8,2,4,C_MASK_L,95,13797457395031324342,39.332507,39.3112945557,4312,34568,8681946398460365715
GIST,half,8,2,4,C_MASK_L,94,12966259267171903563,34.512376,34.4919662476,9,144,16525753693329126445
GIST,half,8,2,4,C_MASK_L,93,15824146815298812297,38.753232,38.7354545593,785,6352,16848583768543088517
GIST,half,8,2,4,C_MASK_L,92,7858987711662060174,28.141338,28.1137924194,16659,133344,18141791887973734438
GIST,half,8,2,4,C_MASK_L,91,13351219280779986121,30.186838,30.1722888947,91,800,7129016086556790661
GIST,half,8,2,4,C_MASK_L,90,1487146102952406162,38.349275,38.3311691284,9,144,11675729656657864315
GIST,half,8,2,4,C_MASK_L,89,17243398098289356237,38.834478,38.8129272461,19381,155120,11341570227103404206
GIST,half,8,2,4,C_MASK_L,88,17392447945923308625,29.793491,29.7788791656,11,160,16812603617364686395
GIST,half,8,2,4,C_MASK_L,87,8534974539240644349,36.794047,36.7646408081,22710,181752,7440715000576488328
GIST,half,8,2,4,C_MASK_L,86,6470508332142331894,40.242682,40.2216300964,3669,29424,3528509250306175135
GIST,half,8,2,4,C_MASK_L,85,10946770602578419956,38.005679,37.9924812317,8,136,1403974257677289190
GIST,half,8,2,4,C_MASK_L,84,10344073526508897281,39.269682,39.2484817505,10,152,12307297875457737052
GIST,half,8,2,4,C_MASK_L,83,8711237166219394419,34.93073,34.9093132019,16,200,1159450716902794998
GIST,half,8,2,4,C_MASK_L,82,17380680694385638840,36.419391,36.3971824646,10,152,17099624996036497700
GIST,half,8,2,4,C_MASK_L,81,4578548255021645869,35.391443,35.3760643005,8,136,7309366345031128353
GIST,half,8,2,4,C_MASK_L,80,8425382104893835461,38.460799,38.4463043213,138,1176,4615018082655609248
GIST,half,8,2,4,C_MASK_L,79,17525024244829704515,36.818954,36.7950401306,17953,143696,8782034102419046715
GIST,half,8,2,4,C_MASK_L,78,384590151492374026,38.212771,38.1975364685,1145,9232,6824037880318392156
GIST,half,8,2,4,C_MASK_L,77,13772194458325883781,39.503432,39.4887046814,8,136,3119058093217859169
GIST,half,8,2,4,C_MASK_L,76,6121457899850640239,40.784512,40.7683830261,10,152,10439922783850878615
GIST,half,8,2,4,C_MASK_L,75,10629383663104694533,32.094391,32.0786247253,8,136,1959805352102410517
GIST,half,8,2,4,C_MASK_L,74,17416559791252488439,39.705403,39.6799049377,15885,127152,9191986637692184623
GIST,half,8,2,4,C_MASK_L,73,6275675870158489986,32.447491,32.4162559509,30287,242368,3965206015652614730
GIST,half,8,2,4,C_MASK_L,72,2775573294919263248,38.952973,38.9385910034,14,184,2008831888728120970
GIST,half,8,2,4,C_MASK_L,71,2653643927898021331,37.537223,37.5197753906,8,136,6674983760768613763
GIST,half,8,2,4,C_MASK_L,70,7125887616712792012,37.864198,37.84009552,30939,247584,2578173215488215435
GIST,half,8,2,4,C_MASK_L,69,16370389120603384840,39.242956,39.2244491577,39,384,8893900566493377500
GIST,half,8,2,4,C_MASK_L,68,17584159069416176766,40.399268,40.3767662048,8,136,14994419951185837632
GIST,half,8,2,4,C_MASK_L,67,9413171363946879688,35.635381,35.61951828,10,152,16410576142550180761
GIST,half,8,2,4,C_MASK_L,66,6567103049086711526,25.714603,25.6942081451,9,144,2120391718945614396
GIST,half,8,2,4,C_MASK_L,65,16264934943434005963,37.525808,37.4994544983,23549,188464,1717894044534139949
GIST,half,8,2,4,C_MASK_L,64,12923444094630896693,32.140698,32.1251831055,9,144,10890240329654538100
GIST,half,8,2,4,C_MASK_L,63,9575871338223549139,39.74963,39.7330551147,782,6328,14236409939300756135
GIST,half,8,2,4,C_MASK_L,62,8560399019494154138,40.448368,40.4287376404,16,200,10995028448307505731
GIST,half,8,2,4,C_MASK_L,61,2620909581344322254,40.645231,40.6246414185,159,1344,18016158801479111709
GIST,half,8,2,4,C_MASK_L,60,2761207983275075740,35.495137,35.4629745483,27937,223568,8219627611328849196
GIST,half,8,2,4,C_MASK_L,59,1580871052154375482,36.30798,36.2852783203,10,152,10996509777332881202
GIST,half,8,2,4,C_MASK_L,58,9268774494751827706,37.119271,37.103969574,9,144,2940493626614828053
GIST,half,8,2,4,C_MASK_L,57,9021717632597148908,33.324457,33.3051185608,7688,61576,16146242436575770571
GIST,half,8,2,4,C_MASK_L,56,13083263465047869035,35.880155,35.8595848083,10500,84072,6126299974183225491
GIST,half,8,2,4,C_MASK_L,55,2573792055271618832,33.437615,33.4134712219,13053,104496,3700418904193080229
GIST,half,8,2,4,C_MASK_L,54,12485651515614408301,39.156084,39.1266555786,27648,221256,13982227894810710128
GIST,half,8,2,4,C_MASK_L,53,1181170520412032450,39.478804,39.4643821716,8,136,15161611065330365500
GIST,half,8,2,4,C_MASK_L,52,10782300321295982446,38.974156,38.958366394,11,160,2262457125570541601
GIST,half,8,2,4,C_MASK_L,51,1321970314038155003,32.667582,32.6472625732,9,144,1725180568680233592
GIST,half,8,2,4,C_MASK_L,50,2593988135360058460,27.143748,27.114112854,49566,396600,10688624242403767082
GIST,half,8,2,4,C_MASK_L,49,15716071042978413762,39.15929,39.1392974854,1785,14352,16881791907273901609
GIST,half,8,2,4,C_MASK_L,48,8248488942050825693,37.981747,37.9635505676,10130,81112,4850681651806503319
GIST,half,8,2,4,C_MASK_L,47,197228195401547247,34.659985,34.6265602112,29946,239640,3603301588478779561
GIST,half,8,2,4,C_MASK_L,46,4808905104634366418,39.741002,39.7251853943,9,144,14613523175337427617
GIST,half,8,2,4,C_MASK_L,45,10634279939165845196,36.948998,36.9336967468,11,160,13746219426551555317
GIST,half,8,2,4,C_MASK_L,44,2657517881292301308,33.234142,33.2046737671,28625,229072,14362931499080891524
GIST,half,8,2,4,C_MASK_L,43,3580392345773888933,36.913743,36.8968963623,11,160,7130942906748589245
GIST,half,8,2,4,C_MASK_L,42,16130457613556805909,36.322054,36.3055686951,10,152,1351820667773349880
GIST,half,8,2,4,C_MASK_L,41,15735649071512523416,40.436762,40.4221763611,11,160,6439908275319918567
GIST,half,8,2,4,C_MASK_L,40,523521015842037129,35.141073,35.1223373413,118,1016,14906896884422937853
GIST,half,8,2,4,C_MASK_L,39,5134469820061381952,38.77823,38.7578239441,173,1456,11882963430235204481
GIST,half,8,2,4,C_MASK_L,38,13700905950939581536,32.881386,32.8578567505,9,144,10212566950510398326
GIST,half,8,2,4,C_MASK_L,37,7931106857473092034,37.221227,37.204990387,1642,13208,4836914976961728650
GIST,half,8,2,4,C_MASK_L,36,5862842069398405510,39.130229,39.0994567871,29682,237528,719140743100350364
GIST,half,8,2,4,C_MASK_L,35,7182522047579593487,35.919617,35.9024963379,12,168,13084839061348052764
GIST,half,8,2,4,C_MASK_L,34,11193354026380747684,38.873164,38.852481842,18718,149816,10323070077910272027
GIST,half,8,2,4,C_MASK_L,33,17951213273852593361,34.088324,34.0715827942,8,136,7118776530039946925
GIST,half,8,2,4,C_MASK_L,32,1018801991084754777,37.694884,37.6639022827,31191,249600,4139212840337583677
GIST,half,8,2,4,C_MASK_L,31,16717924179856591400,34.737669,34.7216949463,98,856,12253136263172607446
GIST,half,8,2,4,C_MASK_L,30,12630940382236276606,39.540892,39.5202560425,15,192,3888228134973069709
GIST,half,8,2,4,C_MASK_L,29,7111803339956803225,38.557892,38.5434875488,9,144,11080742569331125641
GIST,half,8,2,4,C_MASK_L,28,9719453371904557375,38.32282,38.3071670532,53,496,4295370152413759317
GIST,half,8,2,4,C_MASK_L,27,14732108746546988498,32.608004,32.5757102966,31256,250120,10640609347284222608
GIST,half,8,2,4,C_MASK_L,26,18398409255790635840,35.94893,35.9351348877,8,136,16965475016388596626
GIST,half,8,2,4,C_MASK_L,25,15312881684633933655,38.779776,38.7524490356,32548,260456,16202494671275670828
GIST,half,8,2,4,C_MASK_L,24,14343238801608074176,34.968083,34.9495048523,8,136,335641030610087762
GIST,half,8,2,4,C_MASK_L,23,3351983320614235452,38.249063,38.2311058044,8,136,10795653417440584118
GIST,half,8,2,4,C_MASK_L,22,9583610160574751482,37.635778,37.6190071106,104,904,17584774084035178489
GIST,half,8,2,4,C_MASK_L,21,2715171980480150680,40.643128,40.6263046265,3295,26432,4697067458263101281
GIST,half,8,2,4,C_MASK_L,20,13580243989274015108,34.256319,34.2375984192,13,176,12167542613742431786
GIST,half,8,2,4,C_MASK_L,19,4844542844294841975,35.149678,35.1185264587,27119,217024,3036884596305404821
GIST,half,8,2,4,C_MASK_L,18,3071783437712951460,27.496475,27.4825592041,9,144,4097877200455553912
GIST,half,8,2,4,C_MASK_L,17,9906517406195203870,38.135629,38.1119346619,28764,230184,13893008974686436000
GIST,half,8,2,4,C_MASK_L,16,3537798568722033093,38.742744,38.7071990967,45233,361936,10934986133749753810
GIST,half,8,2,4,C_MASK_L,15,5936729861741803939,36.249452,36.2321586609,1825,14672,4523878408681453459
GIST,half,8,2,4,C_MASK_L,14,18369275761964115190,33.436467,33.4201927185,8,136,17294034751593305288
GIST,half,8,2,4,C_MASK_L,13,12716887085642250387,35.694133,35.6733131409,10,152,5751298164538243026
GIST,half,8,2,4,C_MASK_L,12,17460078167775218888,34.992153,34.9715843201,219,1824,12113822531377232237
GIST,half,8,2,4,C_MASK_L,11,407413494807729236,33.647941,33.6219520569,20742,166008,748099361995206288
GIST,half,8,2,4,C_MASK_L,10,16634692065747566502,26.256584,26.2366409302,9,144,13324388130527482689
GIST,half,8,2,4,C_MASK_L,9,4680770526928094267,36.233314,36.2170562744,9,144,6185833218944131429
GIST,half,8,2,4,C_MASK_L,8,3722915141321120792,36.675274,36.6565437317,16,200,17247831106653997488
GIST,half,8,2,4,C_MASK_L,7,7966444742523137199,28.876556,28.8579845428,9,144,294158670510647467
GIST,half,8,2,4,C_MASK_L,6,13750152615788058147,37.847308,37.8327674866,367,3008,8703337812097627909
GIST,half,8,2,4,C_MASK_L,5,15746877753817476956,38.086846,38.0615997314,25267,202208,5187200889313214686
GIST,half,8,2,4,C_MASK_L,4,6813717409520896539,39.569541,39.5480651855,17913,143376,10240984302992681904
GIST,half,8,2,4,C_MASK_L,3,17912368726981257746,33.058449,33.0350074768,22934,183544,3513084467399214196
GIST,half,8,2,4,C_MASK_L,2,12949723088018134982,40.109876,40.0925750732,12,168,17798676870000866351
GIST,half,8,2,4,C_MASK_L,1,5277735151802382403,38.315911,38.2994232178,5815,46592,12495090360753926488
GIST,half,8,2,4,C_MASK_L,0,14628893485838184760,38.174269,38.1577911377,805,6512,12049670356140927271
GIST,half,8,2,4,C_TASK_L,127,15208757093895910829,47.75255,47.7364463806,11,160,1809397944155681048
GIST,half,8,2,4,C_TASK_L,126,12657858335344656681,44.286111,44.2704658508,8,136,4387400323091133037
GIST,half,8,2,4,C_TASK_L,125,3028236243262219857,44.319622,44.3026542664,8,136,425355140008332221
GIST,half,8,2,4,C_TASK_L,124,8609683818349710292,45.465977,45.4502716064,8,136,13168834338195935582
GIST,half,8,2,4,C_TASK_L,123,11214984481703275179,46.569001,46.5478096008,1639,13184,17297314433685050926
GIST,half,8,2,4,C_TASK_L,122,2263849957397490031,46.59334,46.5741119385,2287,18368,8165417142188033165
GIST,half,8,2,4,C_TASK_L,121,18044578509838911779,46.614924,46.5943374634,10,152,7928744672891195179
GIST,half,8,2,4,C_TASK_L,120,5458740354294272417,46.642432,46.622718811,9,144,7848134651590039281
GIST,half,8,2,4,C_TASK_L,119,5858457743813147244,45.561668,45.5442237854,396,3240,8827444684336327481
GIST,half,8,2,4,C_TASK_L,118,16469490972111288920,46.583415,46.5681610107,4028,32296,883241890903009633
GIST,half,8,2,4,C_TASK_L,117,1006711879274558233,45.476642,45.4619216919,841,6800,11321619877609521957
GIST,half,8,2,4,C_TASK_L,116,476149813655704091,45.475469,45.4596786499,10,152,8858849561569991435
GIST,half,8,2,4,C_TASK_L,115,7649011970154020997,46.610831,46.5937919617,9,144,3206729205558378233
GIST,half,8,2,4,C_TASK_L,114,10648647139011189564,44.261292,44.2445755005,12,168,6772672195218087492
GIST,half,8,2,4,C_TASK_L,113,10535780349197406948,46.531442,46.5098876953,8,136,14415464039087190790
GIST,half,8,2,4,C_TASK_L,112,10135745837711897539,43.067025,43.0469436646,9,144,27334712204462216
GIST,half,8,2,4,C_TASK_L,111,3665995180310526364,46.673641,46.6510734558,41478,331896,5661520465715040291
GIST,half,8,2,4,C_TASK_L,110,10127478537340186675,40.756693,40.7328643799,10,152,1358658317263378375
GIST,half,8,2,4,C_TASK_L,109,17603205654855495503,44.271667,44.2527999878,6920,55432,4734971902105951802
GIST,half,8,2,4,C_TASK_L,108,5137605947089590316,44.392912,44.3718070984,22,248,8744501858676181288
GIST,half,8,2,4,C_TASK_L,107,12753255321128375907,45.476931,45.4601593018,11,160,3736671290085159878
GIST,half,8,2,4,C_TASK_L,106,7862389240255096405,45.674264,45.6571502686,8,136,4454845205277636153
GIST,half,8,2,4,C_TASK_L,105,3382835124390735773,45.355829,45.3403205872,10,152,1633465981209507262
GIST,half,8,2,4,C_TASK_L,104,6318150018815276835,45.462208,45.4437103271,8,136,6252710342366139043
GIST,half,8,2,4,C_TASK_L,103,3358090661935181962,45.611107,45.5913276672,10,152,206827504788997805
GIST,half,8,2,4,C_TASK_L,102,5023834620232924699,44.336915,44.3202896118,9,144,4345061276902095567
GIST,half,8,2,4,C_TASK_L,101,463556152314022137,46.554822,46.5407676697,9,144,17739438941913720152
GIST,half,8,2,4,C_TASK_L,100,416867533671327684,46.668508,46.6498222351,4969,39824,18199109054269478174
GIST,half,8,2,4,C_TASK_L,99,11723484149300992671,46.650778,46.6331214905,2311,18560,15885591392866052173
GIST,half,8,2,4,C_TASK_L,98,1083222351448503346,46.578145,46.5626869202,30,312,14811157689777586302
GIST,half,8,2,4,C_TASK_L,97,11331694305099227241,46.545213,46.5286712646,5629,45104,17435282213467792387
GIST,half,8,2,4,C_TASK_L,96,13118478308687119329,46.485158,46.4669113159,12672,101448,12414488981634579085
GIST,half,8,2,4,C_TASK_L,95,13797457395031324342,46.630447,46.6100158691,4312,34568,8681946398460365715
GIST,half,8,2,4,C_TASK_L,94,12966259267171903563,45.460956,45.4442558289,9,144,16525753693329126445
GIST,half,8,2,4,C_TASK_L,93,15824146815298812297,47.784808,47.7628479004,785,6352,16848583768543088517
GIST,half,8,2,4,C_TASK_L,92,7858987711662060174,45.282063,45.2614402771,16659,133344,18141791887973734438
GIST,half,8,2,4,C_TASK_L,91,13351219280779986121,40.707487,40.6855697632,91,800,7129016086556790661
GIST,half,8,2,4,C_TASK_L,90,1487146102952406162,44.455139,44.4343032837,9,144,11675729656657864315
GIST,half,8,2,4,C_TASK_L,89,17243398098289356237,46.685285,46.6619186401,19381,155120,11341570227103404206
GIST,half,8,2,4,C_TASK_L,88,17392447945923308625,45.303432,45.2823982239,11,160,16812603617364686395
GIST,half,8,2,4,C_TASK_L,87,8534974539240644349,47.758145,47.7339859009,22710,181752,7440715000576488328
GIST,half,8,2,4,C_TASK_L,86,6470508332142331894,46.733101,46.7167358398,3669,29424,3528509250306175135
GIST,half,8,2,4,C_TASK_L,85,10946770602578419956,43.312029,43.2901763916,8,136,1403974257677289190
GIST,half,8,2,4,C_TASK_L,84,10344073526508897281,46.616108,46.5974731445,10,152,12307297875457737052
GIST,half,8,2,4,C_TASK_L,83,8711237166219394419,45.399534,45.3780174255,16,200,1159450716902794998
GIST,half,8,2,4,C_TASK_L,82,17380680694385638840,46.556083,46.540222168,10,152,17099624996036497700
GIST,half,8,2,4,C_TASK_L,81,4578548255021645869,46.568785,46.5470085144,8,136,7309366345031128353
GIST,half,8,2,4,C_TASK_L,80,8425382104893835461,46.654817,46.6389122009,138,1176,4615018082655609248
GIST,half,8,2,4,C_TASK_L,79,17525024244829704515,45.428734,45.4063682556,17953,143696,8782034102419046715
GIST,half,8,2,4,C_TASK_L,78,384590151492374026,47.762691,47.7477455139,1145,9232,6824037880318392156
GIST,half,8,2,4,C_TASK_L,77,13772194458325883781,46.630771,46.6089286804,8,136,3119058093217859169
GIST,half,8,2,4,C_TASK_L,76,6121457899850640239,46.629645,46.6104011536,10,152,10439922783850878615
GIST,half,8,2,4,C_TASK_L,75,10629383663104694533,46.470174,46.4504318237,8,136,1959805352102410517
GIST,half,8,2,4,C_TASK_L,74,17416559791252488439,46.614158,46.5943031311,15885,127152,9191986637692184623
GIST,half,8,2,4,C_TASK_L,73,6275675870158489986,42.068123,42.0372467041,30287,242368,3965206015652614730
GIST,half,8,2,4,C_TASK_L,72,2775573294919263248,46.620054,46.6044807434,14,184,2008831888728120970
GIST,half,8,2,4,C_TASK_L,71,2653643927898021331,45.608286,45.5940475464,8,136,6674983760768613763
GIST,half,8,2,4,C_TASK_L,70,7125887616712792012,45.611823,45.5858573914,30939,247584,2578173215488215435
GIST,half,8,2,4,C_TASK_L,69,16370389120603384840,44.491765,44.4708175659,39,384,8893900566493377500
GIST,half,8,2,4,C_TASK_L,68,17584159069416176766,46.828655,46.8121261597,8,136,14994419951185837632
GIST,half,8,2,4,C_TASK_L,67,9413171363946879688,44.356338,44.3355522156,10,152,16410576142550180761
GIST,half,8,2,4,C_TASK_L,66,6567103049086711526,45.24117,45.2220802307,9,144,2120391718945614396
GIST,half,8,2,4,C_TASK_L,65,16264934943434005963,45.605254,45.5811195374,23549,188464,1717894044534139949
GIST,half,8,2,4,C_TASK_L,64,12923444094630896693,44.221371,44.2024650574,9,144,10890240329654538100
GIST,half,8,2,4,C_TASK_L,63,9575871338223549139,46.646315,46.6303672791,782,6328,14236409939300756135
GIST,half,8,2,4,C_TASK_L,62,8560399019494154138,45.66249,45.6467208862,16,200,10995028448307505731
GIST,half,8,2,4,C_TASK_L,61,2620909581344322254,46.658585,46.6432647705,159,1344,18016158801479111709
GIST,half,8,2,4,C_TASK_L,60,2761207983275075740,46.578057,46.5522880554,27937,223568,8219627611328849196
GIST,half,8,2,4,C_TASK_L,59,1580871052154375482,45.414257,45.3965454102,10,152,10996509777332881202
GIST,half,8,2,4,C_TASK_L,58,9268774494751827706,44.273194,44.2573127747,9,144,2940493626614828053
GIST,half,8,2,4,C_TASK_L,57,9021717632597148908,45.452341,45.4276161194,7688,61576,16146242436575770571
GIST,half,8,2,4,C_TASK_L,56,13083263465047869035,45.396059,45.3763198853,10500,84072,6126299974183225491
GIST,half,8,2,4,C_TASK_L,55,2573792055271618832,46.560353,46.5337600708,13053,104496,3700418904193080229
GIST,half,8,2,4,C_TASK_L,54,12485651515614408301,46.614417,46.5881271362,27648,221256,13982227894810710128
GIST,half,8,2,4,C_TASK_L,53,1181170520412032450,46.634513,46.6187210083,8,136,15161611065330365500
GIST,half,8,2,4,C_TASK_L,52,10782300321295982446,45.547606,45.5258865356,11,160,2262457125570541601
GIST,half,8,2,4,C_TASK_L,51,1321970314038155003,45.425595,45.4085426331,9,144,1725180568680233592
GIST,half,8,2,4,C_TASK_L,50,2593988135360058460,36.125233,36.0928649902,49566,396600,10688624242403767082
GIST,half,8,2,4,C_TASK_L,49,15716071042978413762,47.77729,47.7613105774,1785,14352,16881791907273901609
GIST,half,8,2,4,C_TASK_L,48,8248488942050825693,46.619571,46.5996818542,10130,81112,4850681651806503319
GIST,half,8,2,4,C_TASK_L,47,197228195401547247,44.344421,44.318977356,29946,239640,3603301588478779561
GIST,half,8,2,4,C_TASK_L,46,4808905104634366418,46.666376,46.6495361328,9,144,14613523175337427617
GIST,half,8,2,4,C_TASK_L,45,10634279939165845196,45.599896,45.5835838318,11,160,13746219426551555317
GIST,half,8,2,4,C_TASK_L,44,2657517881292301308,44.320237,44.294719696,28625,229072,14362931499080891524
GIST,half,8,2,4,C_TASK_L,43,3580392345773888933,46.776679,46.7603530884,11,160,7130942906748589245
GIST,half,8,2,4,C_TASK_L,42,16130457613556805909,45.437788,45.4168624878,10,152,1351820667773349880
GIST,half,8,2,4,C_TASK_L,41,15735649071512523416,46.630262,46.6086082458,11,160,6439908275319918567
GIST,half,8,2,4,C_TASK_L,40,523521015842037129,46.559643,46.5440330505,118,1016,14906896884422937853
GIST,half,8,2,4,C_TASK_L,39,5134469820061381952,47.760561,47.7384643555,173,1456,11882963430235204481
GIST,half,8,2,4,C_TASK_L,38,13700905950939581536,45.465816,45.4501113892,9,144,10212566950510398326
GIST,half,8,2,4,C_TASK_L,37,7931106857473092034,46.56858,46.5531196594,1642,13208,4836914976961728650
GIST,half,8,2,4,C_TASK_L,36,5862842069398405510,46.676731,46.6518707275,29682,237528,719140743100350364
GIST,half,8,2,4,C_TASK_L,35,7182522047579593487,45.462729,45.4420471191,12,168,13084839061348052764
GIST,half,8,2,4,C_TASK_L,34,11193354026380747684,46.723908,46.7038078308,18718,149816,10323070077910272027
GIST,half,8,2,4,C_TASK_L,33,17951213273852593361,44.232966,44.213760376,8,136,7118776530039946925
GIST,half,8,2,4,C_TASK_L,32,1018801991084754777,47.816662,47.7917442322,31191,249600,4139212840337583677
GIST,half,8,2,4,C_TASK_L,31,16717924179856591400,45.402089,45.3803825378,98,856,12253136263172607446
GIST,half,8,2,4,C_TASK_L,30,12630940382236276606,46.628759,46.6123847961,15,192,3888228134973069709
GIST,half,8,2,4,C_TASK_L,29,7111803339956803225,46.614953,46.5995826721,9,144,11080742569331125641
GIST,half,8,2,4,C_TASK_L,28,9719453371904557375,46.554552,46.5370864868,53,496,4295370152413759317
GIST,half,8,2,4,C_TASK_L,27,14732108746546988498,40.756165,40.727935791,31256,250120,10640609347284222608
GIST,half,8,2,4,C_TASK_L,26,18398409255790635840,44.261585,44.2452468872,8,136,16965475016388596626
GIST,half,8,2,4,C_TASK_L,25,15312881684633933655,47.760581,47.736415863,32548,260456,16202494671275670828
GIST,half,8,2,4,C_TASK_L,24,14343238801608074176,45.400744,45.382976532,8,136,335641030610087762
GIST,half,8,2,4,C_TASK_L,23,3351983320614235452,45.748502,45.7294387817,8,136,10795653417440584118
GIST,half,8,2,4,C_TASK_L,22,9583610160574751482,45.512536,45.4948158264,104,904,17584774084035178489
GIST,half,8,2,4,C_TASK_L,21,2715171980480150680,46.695948,46.6801605225,3295,26432,4697067458263101281
GIST,half,8,2,4,C_TASK_L,20,13580243989274015108,45.364098,45.3412818909,13,176,12167542613742431786
GIST,half,8,2,4,C_TASK_L,19,4844542844294841975,46.541508,46.5123214722,27119,217024,3036884596305404821
GIST,half,8,2,4,C_TASK_L,18,3071783437712951460,38.359638,38.3419189453,9,144,4097877200455553912
GIST,half,8,2,4,C_TASK_L,17,9906517406195203870,46.65256,46.6200332642,28764,230184,13893008974686436000
GIST,half,8,2,4,C_TASK_L,16,3537798568722033093,44.487765,44.453792572,45233,361936,10934986133749753810
GIST,half,8,2,4,C_TASK_L,15,5936729861741803939,43.089625,43.0722541809,1825,14672,4523878408681453459
GIST,half,8,2,4,C_TASK_L,14,18369275761964115190,44.208906,44.1930541992,8,136,17294034751593305288
GIST,half,8,2,4,C_TASK_L,13,12716887085642250387,45.514904,45.4964485168,10,152,5751298164538243026
GIST,half,8,2,4,C_TASK_L,12,17460078167775218888,45.393391,45.3768005371,219,1824,12113822531377232237
GIST,half,8,2,4,C_TASK_L,11,407413494807729236,44.204306,44.1782073975,20742,166008,748099361995206288
GIST,half,8,2,4,C_TASK_L,10,16634692065747566502,37.296105,37.2784004211,9,144,13324388130527482689
GIST,half,8,2,4,C_TASK_L,9,4680770526928094267,45.401787,45.3858566284,9,144,6185833218944131429
GIST,half,8,2,4,C_TASK_L,8,3722915141321120792,46.603582,46.5864334106,16,200,17247831106653997488
GIST,half,8,2,4,C_TASK_L,7,7966444742523137199,46.42252,46.405632019,9,144,294158670510647467
GIST,half,8,2,4,C_TASK_L,6,13750152615788058147,46.606281,46.5865592957,367,3008,8703337812097627909
GIST,half,8,2,4,C_TASK_L,5,15746877753817476956,46.616714,46.5900802612,25267,202208,5187200889313214686
GIST,half,8,2,4,C_TASK_L,4,6813717409520896539,46.713935,46.6908798218,17913,143376,10240984302992681904
GIST,half,8,2,4,C_TASK_L,3,17912368726981257746,45.427717,45.3950080872,22934,183544,3513084467399214196
GIST,half,8,2,4,C_TASK_L,2,12949723088018134982,46.64977,46.630241394,12,168,17798676870000866351
GIST,half,8,2,4,C_TASK_L,1,5277735151802382403,47.731198,47.7129936218,5815,46592,12495090360753926488
GIST,half,8,2,4,C_TASK_L,0,14628893485838184760,45.465744,45.448928833,805,6512,12049670356140927271
GIST,half,8,2,4,SCAN_E,127,15208757093895910829,12.567572,12.5496635437,11,160,1809397944155681048
GIST,half,8,2,4,SCAN_E,126,12657858335344656681,8.993159,8.97750377655,8,136,4387400323091133037
GIST,half,8,2,4,SCAN_E,125,3028236243262219857,14.33459,14.3212480545,8,136,425355140008332221
GIST,half,8,2,4,SCAN_E,124,8609683818349710292,12.259339,12.245759964,8,136,13168834338195935582
GIST,half,8,2,4,SCAN_E,123,11214984481703275179,14.718154,14.6970243454,1639,13184,17297314433685050926
GIST,half,8,2,4,SCAN_E,122,2263849957397490031,16.07326,16.0569915771,2287,18368,8165417142188033165
GIST,half,8,2,4,SCAN_E,121,18044578509838911779,13.991744,13.9704637527,10,152,7928744672891195179
GIST,half,8,2,4,SCAN_E,120,5458740354294272417,15.626648,15.6105279922,9,144,7848134651590039281
GIST,half,8,2,4,SCAN_E,119,5858457743813147244,14.435541,14.4193277359,396,3240,8827444684336327481
GIST,half,8,2,4,SCAN_E,118,16469490972111288920,14.840639,14.8181762695,4028,32296,883241890903009633
GIST,half,8,2,4,SCAN_E,117,1006711879274558233,17.273419,17.2561283112,841,6800,11321619877609521957
GIST,half,8,2,4,SCAN_E,116,476149813655704091,14.793303,14.7764158249,10,152,8858849561569991435
GIST,half,8,2,4,SCAN_E,115,7649011970154020997,13.221122,13.2065916061,9,144,3206729205558378233
GIST,half,8,2,4,SCAN_E,114,10648647139011189564,13.672548,13.6531839371,12,168,6772672195218087492
GIST,half,8,2,4,SCAN_E,113,10535780349197406948,13.291331,13.2729282379,8,136,14415464039087190790
GIST,half,8,2,4,SCAN_E,112,10135745837711897539,12.431431,12.4151039124,9,144,27334712204462216
GIST,half,8,2,4,SCAN_E,111,3665995180310526364,16.971929,16.9481277466,41478,331896,5661520465715040291
GIST,half,8,2,4,SCAN_E,110,10127478537340186675,15.000604,14.9819517136,10,152,1358658317263378375
GIST,half,8,2,4,SCAN_E,109,17603205654855495503,14.097624,14.0799360275,6920,55432,4734971902105951802
GIST,half,8,2,4,SCAN_E,108,5137605947089590316,14.129047,14.1138563156,22,248,8744501858676181288
GIST,half,8,2,4,SCAN_E,107,12753255321128375907,13.209123,13.1935682297,11,160,3736671290085159878
GIST,half,8,2,4,SCAN_E,106,7862389240255096405,14.532253,14.5116481781,8,136,4454845205277636153
GIST,half,8,2,4,SCAN_E,105,3382835124390735773,10.796273,10.7781438828,10,152,1633465981209507262
GIST,half,8,2,4,SCAN_E,104,6318150018815276835,12.68902,12.6756477356,8,136,6252710342366139043
GIST,half,8,2,4,SCAN_E,103,3358090661935181962,14.562072,14.5459842682,10,152,206827504788997805
GIST,half,8,2,4,SCAN_E,102,5023834620232924699,11.177834,11.1595516205,9,144,4345061276902095567
GIST,half,8,2,4,SCAN_E,101,463556152314022137,10.786071,10.7687358856,9,144,17739438941913720152
GIST,half,8,2,4,SCAN_E,100,416867533671327684,13.506172,13.4899196625,4969,39824,18199109054269478174
GIST,half,8,2,4,SCAN_E,99,11723484149300992671,16.012785,15.995967865,2311,18560,15885591392866052173
GIST,half,8,2,4,SCAN_E,98,1083222351448503346,16.696001,16.673248291,30,312,14811157689777586302
GIST,half,8,2,4,SCAN_E,97,11331694305099227241,14.362744,14.3443517685,5629,45104,17435282213467792387
GIST,half,8,2,4,SCAN_E,96,13118478308687119329,13.762322,13.7421121597,12672,101448,12414488981634579085
GIST,half,8,2,4,SCAN_E,95,13797457395031324342,14.373877,14.3559684753,4312,34568,8681946398460365715
GIST,half,8,2,4,SCAN_E,94,12966259267171903563,14.606999,14.5889596939,9,144,16525753693329126445
GIST,half,8,2,4,SCAN_E,93,15824146815298812297,14.435695,14.4188804626,785,6352,16848583768543088517
GIST,half,8,2,4,SCAN_E,92,7858987711662060174,14.905274,14.8806400299,16659,133344,18141791887973734438
GIST,half,8,2,4,SCAN_E,91,13351219280779986121,13.353856,13.3404798508,91,800,7129016086556790661
GIST,half,8,2,4,SCAN_E,90,1487146102952406162,14.095398,14.0755519867,9,144,11675729656657864315
GIST,half,8,2,4,SCAN_E,89,17243398098289356237,14.859524,14.838848114,19381,155120,11341570227103404206
GIST,half,8,2,4,SCAN_E,88,17392447945923308625,14.375504,14.3594560623,11,160,16812603617364686395
GIST,half,8,2,4,SCAN_E,87,8534974539240644349,15.156239,15.1270723343,22710,181752,7440715000576488328
GIST,half,8,2,4,SCAN_E,86,6470508332142331894,15.89721,15.8787517548,3669,29424,3528509250306175135
GIST,half,8,2,4,SCAN_E,85,10946770602578419956,11.570979,11.5486078262,8,136,1403974257677289190
GIST,half,8,2,4,SCAN_E,84,10344073526508897281,13.41412,13.3957118988,10,152,12307297875457737052
GIST,half,8,2,4,SCAN_E,83,8711237166219394419,13.881002,13.8645124435,16,200,1159450716902794998
GIST,half,8,2,4,SCAN_E,82,17380680694385638840,13.941831,13.9215040207,10,152,17099624996036497700
GIST,half,8,2,4,SCAN_E,81,4578548255021645869,12.700451,12.680768013,8,136,7309366345031128353
GIST,half,8,2,4,SCAN_E,80,8425382104893835461,15.25818,15.2354564667,138,1176,4615018082655609248
GIST,half,8,2,4,SCAN_E,79,17525024244829704515,14.994971,14.967040062,17953,143696,8782034102419046715
GIST,half,8,2,4,SCAN_E,78,384590151492374026,16.522776,16.5075206757,1145,9232,6824037880318392156
GIST,half,8,2,4,SCAN_E,77,13772194458325883781,14.69402,14.680352211,8,136,3119058093217859169
GIST,half,8,2,4,SCAN_E,76,6121457899850640239,15.858698,15.8382396698,10,152,10439922783850878615
GIST,half,8,2,4,SCAN_E,75,10629383663104694533,11.436958,11.4143362045,8,136,1959805352102410517
GIST,half,8,2,4,SCAN_E,74,17416559791252488439,12.926124,12.9018878937,15885,127152,9191986637692184623
GIST,half,8,2,4,SCAN_E,73,6275675870158489986,12.909647,12.8825283051,30287,242368,3965206015652614730
GIST,half,8,2,4,SCAN_E,72,2775573294919263248,14.237654,14.2173118591,14,184,2008831888728120970
GIST,half,8,2,4,SCAN_E,71,2653643927898021331,13.613217,13.5980796814,8,136,6674983760768613763
GIST,half,8,2,4,SCAN_E,70,7125887616712792012,16.213363,16.1818885803,30939,247584,2578173215488215435
GIST,half,8,2,4,SCAN_E,69,16370389120603384840,15.909326,15.8909435272,39,384,8893900566493377500
GIST,half,8,2,4,SCAN_E,68,17584159069416176766,14.961475,14.9428482056,8,136,14994419951185837632
GIST,half,8,2,4,SCAN_E,67,9413171363946879688,13.254647,13.237695694,10,152,16410576142550180761
GIST,half,8,2,4,SCAN_E,66,6567103049086711526,10.293524,10.277888298,9,144,2120391718945614396
GIST,half,8,2,4,SCAN_E,65,16264934943434005963,14.687207,14.6631040573,23549,188464,1717894044534139949
GIST,half,8,2,4,SCAN_E,64,12923444094630896693,13.917579,13.903424263,9,144,10890240329654538100
GIST,half,8,2,4,SCAN_E,63,9575871338223549139,16.13381,16.1181755066,782,6328,14236409939300756135
GIST,half,8,2,4,SCAN_E,62,8560399019494154138,16.353817,16.339263916,16,200,10995028448307505731
GIST,half,8,2,4,SCAN_E,61,2620909581344322254,14.483882,14.4623355865,159,1344,18016158801479111709
GIST,half,8,2,4,SCAN_E,60,2761207983275075740,15.624382,15.5923519135,27937,223568,8219627611328849196
GIST,half,8,2,4,SCAN_E,59,1580871052154375482,15.356464,15.3387517929,10,152,10996509777332881202
GIST,half,8,2,4,SCAN_E,58,9268774494751827706,14.140938,14.1285762787,9,144,2940493626614828053
GIST,half,8,2,4,SCAN_E,57,9021717632597148908,12.925046,12.9090242386,7688,61576,16146242436575770571
GIST,half,8,2,4,SCAN_E,56,13083263465047869035,17.781354,17.7638397217,10500,84072,6126299974183225491
GIST,half,8,2,4,SCAN_E,55,2573792055271618832,13.807177,13.7886724472,13053,104496,3700418904193080229
GIST,half,8,2,4,SCAN_E,54,12485651515614408301,15.145607,15.1216316223,27648,221256,13982227894810710128
GIST,half,8,2,4,SCAN_E,53,1181170520412032450,13.181284,13.1656637192,8,136,15161611065330365500
GIST,half,8,2,4,SCAN_E,52,10782300321295982446,16.241992,16.2265911102,11,160,2262457125570541601
GIST,half,8,2,4,SCAN_E,51,1321970314038155003,15.270659,15.25203228,9,144,1725180568680233592
GIST,half,8,2,4,SCAN_E,50,2593988135360058460,15.187403,15.1567678452,49566,396600,10688624242403767082
GIST,half,8,2,4,SCAN_E,49,15716071042978413762,13.588235,13.5737600327,1785,14352,16881791907273901609
GIST,half,8,2,4,SCAN_E,48,8248488942050825693,16.343602,16.3249282837,10130,81112,4850681651806503319
GIST,half,8,2,4,SCAN_E,47,197228195401547247,12.465505,12.4400644302,29946,239640,3603301588478779561
GIST,half,8,2,4,SCAN_E,46,4808905104634366418,15.249956,15.2332801819,9,144,14613523175337427617
GIST,half,8,2,4,SCAN_E,45,10634279939165845196,14.031096,14.0168323517,11,160,13746219426551555317
GIST,half,8,2,4,SCAN_E,44,2657517881292301308,11.790702,11.766336441,28625,229072,14362931499080891524
GIST,half,8,2,4,SCAN_E,43,3580392345773888933,13.930261,13.9098243713,11,160,7130942906748589245
GIST,half,8,2,4,SCAN_E,42,16130457613556805909,10.932851,10.9102077484,10,152,1351820667773349880
GIST,half,8,2,4,SCAN_E,41,15735649071512523416,15.776965,15.7626876831,11,160,6439908275319918567
GIST,half,8,2,4,SCAN_E,40,523521015842037129,14.139099,14.1195840836,118,1016,14906896884422937853
GIST,half,8,2,4,SCAN_E,39,5134469820061381952,14.152554,14.1363515854,173,1456,11882963430235204481
GIST,half,8,2,4,SCAN_E,38,13700905950939581536,12.234027,12.2146558762,9,144,10212566950510398326
GIST,half,8,2,4,SCAN_E,37,7931106857473092034,14.140285,14.1184959412,1642,13208,4836914976961728650
GIST,half,8,2,4,SCAN_E,36,5862842069398405510,15.844703,15.8141117096,29682,237528,719140743100350364
GIST,half,8,2,4,SCAN_E,35,7182522047579593487,12.924409,12.9100799561,12,168,13084839061348052764
GIST,half,8,2,4,SCAN_E,34,11193354026380747684,15.93773,15.9134721756,18718,149816,10323070077910272027
GIST,half,8,2,4,SCAN_E,33,17951213273852593361,12.089896,12.074432373,8,136,7118776530039946925
GIST,half,8,2,4,SCAN_E,32,1018801991084754777,17.691488,17.6655673981,31191,249600,4139212840337583677
GIST,half,8,2,4,SCAN_E,31,16717924179856591400,13.32774,13.3110723495,98,856,12253136263172607446
GIST,half,8,2,4,SCAN_E,30,12630940382236276606,14.78995,14.7736644745,15,192,3888228134973069709
GIST,half,8,2,4,SCAN_E,29,7111803339956803225,13.979471,13.9588479996,9,144,11080742569331125641
GIST,half,8,2,4,SCAN_E,28,9719453371904557375,16.526313,16.5114879608,53,496,4295370152413759317
GIST,half,8,2,4,SCAN_E,27,14732108746546988498,13.055636,13.0314559937,31256,250120,10640609347284222608
GIST,half,8,2,4,SCAN_E,26,18398409255790635840,15.233583,15.219039917,8,136,16965475016388596626
GIST,half,8,2,4,SCAN_E,25,15312881684633933655,16.10835,16.0811843872,32548,260456,16202494671275670828
GIST,half,8,2,4,SCAN_E,24,14343238801608074176,13.549182,13.5349121094,8,136,335641030610087762
GIST,half,8,2,4,SCAN_E,23,3351983320614235452,13.904771,13.8845758438,8,136,10795653417440584118
GIST,half,8,2,4,SCAN_E,22,9583610160574751482,13.62198,13.6022720337,104,904,17584774084035178489
GIST,half,8,2,4,SCAN_E,21,2715171980480150680,15.664535,15.64067173,3295,26432,4697067458263101281
GIST,half,8,2,4,SCAN_E,20,13580243989274015108,12.209888,12.194527626,13,176,12167542613742431786
GIST,half,8,2,4,SCAN_E,19,4844542844294841975,16.865361,16.8404483795,27119,217024,3036884596305404821
GIST,half,8,2,4,SCAN_E,18,3071783437712951460,11.772785,11.7560958862,9,144,4097877200455553912
GIST,half,8,2,4,SCAN_E,17,9906517406195203870,14.676412,14.6466884613,28764,230184,13893008974686436000
GIST,half,8,2,4,SCAN_E,16,3537798568722033093,16.819605,16.7904644012,45233,361936,10934986133749753810
GIST,half,8,2,4,SCAN_E,15,5936729861741803939,14.16508,14.1489601135,1825,14672,4523878408681453459
GIST,half,8,2,4,SCAN_E,14,18369275761964115190,13.596922,13.5834236145,8,136,17294034751593305288
GIST,half,8,2,4,SCAN_E,13,12716887085642250387,13.411738,13.3955202103,10,152,5751298164538243026
GIST,half,8,2,4,SCAN_E,12,17460078167775218888,13.819388,13.7971515656,219,1824,12113822531377232237
GIST,half,8,2,4,SCAN_E,11,407413494807729236,16.421857,16.3985919952,20742,166008,748099361995206288
GIST,half,8,2,4,SCAN_E,10,16634692065747566502,12.369391,12.3541755676,9,144,13324388130527482689
GIST,half,8,2,4,SCAN_E,9,4680770526928094267,13.218661,13.2003202438,9,144,6185833218944131429
GIST,half,8,2,4,SCAN_E,8,3722915141321120792,14.912381,14.8987522125,16,200,17247831106653997488
GIST,half,8,2,4,SCAN_E,7,7966444742523137199,12.936598,12.9131202698,9,144,294158670510647467
GIST,half,8,2,4,SCAN_E,6,13750152615788058147,14.544183,14.5299844742,367,3008,8703337812097627909
GIST,half,8,2,4,SCAN_E,5,15746877753817476956,18.104027,18.0753917694,25267,202208,5187200889313214686
GIST,half,8,2,4,SCAN_E,4,6813717409520896539,16.467833,16.4404792786,17913,143376,10240984302992681904
GIST,half,8,2,4,SCAN_E,3,17912368726981257746,12.612574,12.5899200439,22934,183544,3513084467399214196
GIST,half,8,2,4,SCAN_E,2,12949723088018134982,15.392703,15.3752002716,12,168,17798676870000866351
GIST,half,8,2,4,SCAN_E,1,5277735151802382403,13.637027,13.6168317795,5815,46592,12495090360753926488
GIST,half,8,2,4,SCAN_E,0,14628893485838184760,15.433489,15.4193916321,805,6512,12049670356140927271
GIST,half,8,2,4,C_ID_E,127,15208757093895910829,15.47865,15.4587841034,11,160,1809397944155681048
GIST,half,8,2,4,C_ID_E,126,12657858335344656681,10.724851,10.7037439346,8,136,4387400323091133037
GIST,half,8,2,4,C_ID_E,125,3028236243262219857,16.585695,16.5637435913,8,136,425355140008332221
GIST,half,8,2,4,C_ID_E,124,8609683818349710292,14.215764,14.2004480362,8,136,13168834338195935582
GIST,half,8,2,4,C_ID_E,123,11214984481703275179,16.735582,16.7188796997,1639,13184,17297314433685050926
GIST,half,8,2,4,C_ID_E,122,2263849957397490031,18.193848,18.1752319336,2287,18368,8165417142188033165
GIST,half,8,2,4,C_ID_E,121,18044578509838911779,15.381567,15.3590402603,10,152,7928744672891195179
GIST,half,8,2,4,C_ID_E,120,5458740354294272417,18.91288,18.8961601257,9,144,7848134651590039281
GIST,half,8,2,4,C_ID_E,119,5858457743813147244,17.162832,17.1452484131,396,3240,8827444684336327481
GIST,half,8,2,4,C_ID_E,118,16469490972111288920,14.237988,14.2207040787,4028,32296,883241890903009633
GIST,half,8,2,4,C_ID_E,117,1006711879274558233,20.724336,20.7103366852,841,6800,11321619877609521957
GIST,half,8,2,4,C_ID_E,116,476149813655704091,17.225825,17.2123203278,10,152,8858849561569991435
GIST,half,8,2,4,C_ID_E,115,7649011970154020997,16.056934,16.0403842926,9,144,3206729205558378233
GIST,half,8,2,4,C_ID_E,114,10648647139011189564,14.570823,14.5550403595,12,168,6772672195218087492
GIST,half,8,2,4,C_ID_E,113,10535780349197406948,13.794759,13.7790079117,8,136,14415464039087190790
GIST,half,8,2,4,C_ID_E,112,10135745837711897539,13.5495,13.5351362228,9,144,27334712204462216
GIST,half,8,2,4,C_ID_E,111,3665995180310526364,17.734635,17.7118396759,41478,331896,5661520465715040291
GIST,half,8,2,4,C_ID_E,110,10127478537340186675,14.225314,14.2048959732,10,152,1358658317263378375
GIST,half,8,2,4,C_ID_E,109,17603205654855495503,14.277461,14.2554883957,6920,55432,4734971902105951802
GIST,half,8,2,4,C_ID_E,108,5137605947089590316,16.292063,16.2763843536,22,248,8744501858676181288
GIST,half,8,2,4,C_ID_E,107,12753255321128375907,15.566413,15.5474882126,11,160,3736671290085159878
GIST,half,8,2,4,C_ID_E,106,7862389240255096405,17.421344,17.4077129364,8,136,4454845205277636153
GIST,half,8,2,4,C_ID_E,105,3382835124390735773,12.016157,11.9995203018,10,152,1633465981209507262
GIST,half,8,2,4,C_ID_E,104,6318150018815276835,14.591395,14.5728960037,8,136,6252710342366139043
GIST,half,8,2,4,C_ID_E,103,3358090661935181962,17.802076,17.7857284546,10,152,206827504788997805
GIST,half,8,2,4,C_ID_E,102,5023834620232924699,13.156284,13.1410560608,9,144,4345061276902095567
GIST,half,8,2,4,C_ID_E,101,463556152314022137,12.40609,12.3907203674,9,144,17739438941913720152
GIST,half,8,2,4,C_ID_E,100,416867533671327684,15.323192,15.3048324585,4969,39824,18199109054269478174
GIST,half,8,2,4,C_ID_E,99,11723484149300992671,19.044086,19.0211200714,2311,18560,15885591392866052173
GIST,half,8,2,4,C_ID_E,98,1083222351448503346,19.153298,19.1306877136,30,312,14811157689777586302
GIST,half,8,2,4,C_ID_E,97,11331694305099227241,14.546912,14.526720047,5629,45104,17435282213467792387
GIST,half,8,2,4,C_ID_E,96,13118478308687119329,14.769334,14.7440004349,12672,101448,12414488981634579085
GIST,half,8,2,4,C_ID_E,95,13797457395031324342,16.77009,16.7516155243,4312,34568,8681946398460365715
GIST,half,8,2,4,C_ID_E,94,12966259267171903563,15.062503,15.0425596237,9,144,16525753693329126445
GIST,half,8,2,4,C_ID_E,93,15824146815298812297,16.957526,16.9432315826,785,6352,16848583768543088517
GIST,half,8,2,4,C_ID_E,92,7858987711662060174,12.010209,11.9873924255,16659,133344,18141791887973734438
GIST,half,8,2,4,C_ID_E,91,13351219280779986121,13.651885,13.6375360489,91,800,7129016086556790661
GIST,half,8,2,4,C_ID_E,90,1487146102952406162,16.082265,16.0668792725,9,144,11675729656657864315
GIST,half,8,2,4,C_ID_E,89,17243398098289356237,17.428231,17.4076480865,19381,155120,11341570227103404206
GIST,half,8,2,4,C_ID_E,88,17392447945923308625,12.695052,12.6792316437,11,160,16812603617364686395
GIST,half,8,2,4,C_ID_E,87,8534974539240644349,16.558819,16.5256633759,22710,181752,7440715000576488328
GIST,half,8,2,4,C_ID_E,86,6470508332142331894,19.034957,19.0187206268,3669,29424,3528509250306175135
GIST,half,8,2,4,C_ID_E,85,10946770602578419956,13.63678,13.6191358566,8,136,1403974257677289190
GIST,half,8,2,4,C_ID_E,84,10344073526508897281,15.922431,15.9062719345,10,152,12307297875457737052
GIST,half,8,2,4,C_ID_E,83,8711237166219394419,14.00605,13.9936962128,16,200,1159450716902794998
GIST,half,8,2,4,C_ID_E,82,17380680694385638840,15.673216,15.6560640335,10,152,17099624996036497700
GIST,half,8,2,4,C_ID_E,81,4578548255021645869,14.225199,14.2108163834,8,136,7309366345031128353
GIST,half,8,2,4,C_ID_E,80,8425382104893835461,17.708374,17.6905288696,138,1176,4615018082655609248
GIST,half,8,2,4,C_ID_E,79,17525024244829704515,17.255683,17.229888916,17953,143696,8782034102419046715
GIST,half,8,2,4,C_ID_E,78,384590151492374026,18.784064,18.7698230743,1145,9232,6824037880318392156
GIST,half,8,2,4,C_ID_E,77,13772194458325883781,17.469729,17.4534072876,8,136,3119058093217859169
GIST,half,8,2,4,C_ID_E,76,6121457899850640239,19.430159,19.4123516083,10,152,10439922783850878615
GIST,half,8,2,4,C_ID_E,75,10629383663104694533,12.97237,12.9538564682,8,136,1959805352102410517
GIST,half,8,2,4,C_ID_E,74,17416559791252488439,15.53463,15.5141124725,15885,127152,9191986637692184623
GIST,half,8,2,4,C_ID_E,73,6275675870158489986,14.030253,14.0046720505,30287,242368,3965206015652614730
GIST,half,8,2,4,C_ID_E,72,2775573294919263248,16.586186,16.5709762573,14,184,2008831888728120970
GIST,half,8,2,4,C_ID_E,71,2653643927898021331,15.420567,15.4054718018,8,136,6674983760768613763
GIST,half,8,2,4,C_ID_E,70,7125887616712792012,18.855531,18.823551178,30939,247584,2578173215488215435
GIST,half,8,2,4,C_ID_E,69,16370389120603384840,19.031223,19.0145606995,39,384,8893900566493377500
GIST,half,8,2,4,C_ID_E,68,17584159069416176766,17.812752,17.7949123383,8,136,14994419951185837632
GIST,half,8,2,4,C_ID_E,67,9413171363946879688,14.703278,14.6862077713,10,152,16410576142550180761
GIST,half,8,2,4,C_ID_E,66,6567103049086711526,9.910553,9.89132785797,9,144,2120391718945614396
GIST,half,8,2,4,C_ID_E,65,16264934943434005963,17.306058,17.2776641846,23549,188464,1717894044534139949
GIST,half,8,2,4,C_ID_E,64,12923444094630896693,13.918515,13.8981122971,9,144,10890240329654538100
GIST,half,8,2,4,C_ID_E,63,9575871338223549139,18.846718,18.8281917572,782,6328,14236409939300756135
GIST,half,8,2,4,C_ID_E,62,8560399019494154138,19.597041,19.574432373,16,200,10995028448307505731
GIST,half,8,2,4,C_ID_E,61,2620909581344322254,17.640526,17.6203517914,159,1344,18016158801479111709
GIST,half,8,2,4,C_ID_E,60,2761207983275075740,16.239824,16.2119998932,27937,223568,8219627611328849196
GIST,half,8,2,4,C_ID_E,59,1580871052154375482,17.902047,17.8875846863,10,152,10996509777332881202
GIST,half,8,2,4,C_ID_E,58,9268774494751827706,16.303172,16.286687851,9,144,2940493626614828053
GIST,half,8,2,4,C_ID_E,57,9021717632597148908,14.203874,14.1807355881,7688,61576,16146242436575770571
GIST,half,8,2,4,C_ID_E,56,13083263465047869035,20.104849,20.0787849426,10500,84072,6126299974183225491
GIST,half,8,2,4,C_ID_E,55,2573792055271618832,14.31828,14.2937278748,13053,104496,3700418904193080229
GIST,half,8,2,4,C_ID_E,54,12485651515614408301,17.0261,16.9995517731,27648,221256,13982227894810710128
GIST,half,8,2,4,C_ID_E,53,1181170520412032450,15.989985,15.9745922089,8,136,15161611065330365500
GIST,half,8,2,4,C_ID_E,52,10782300321295982446,18.592815,18.574464798,11,160,2262457125570541601
GIST,half,8,2,4,C_ID_E,51,1321970314038155003,14.439231,14.4154243469,9,144,1725180568680233592
GIST,half,8,2,4,C_ID_E,50,2593988135360058460,14.335158,14.2960319519,49566,396600,10688624242403767082
GIST,half,8,2,4,C_ID_E,49,15716071042978413762,15.889211,15.8724155426,1785,14352,16881791907273901609
GIST,half,8,2,4,C_ID_E,48,8248488942050825693,18.670634,18.6425590515,10130,81112,4850681651806503319
GIST,half,8,2,4,C_ID_E,47,197228195401547247,13.656209,13.619263649,29946,239640,3603301588478779561
GIST,half,8,2,4,C_ID_E,46,4808905104634366418,17.854569,17.8329925537,9,144,14613523175337427617
GIST,half,8,2,4,C_ID_E,45,10634279939165845196,15.569866,15.5529918671,11,160,13746219426551555317
GIST,half,8,2,4,C_ID_E,44,2657517881292301308,12.552873,12.528512001,28625,229072,14362931499080891524
GIST,half,8,2,4,C_ID_E,43,3580392345773888933,15.794214,15.7776641846,11,160,7130942906748589245
GIST,half,8,2,4,C_ID_E,42,16130457613556805909,12.214602,12.1920957565,10,152,1351820667773349880
GIST,half,8,2,4,C_ID_E,41,15735649071512523416,19.032934,19.0121593475,11,160,6439908275319918567
GIST,half,8,2,4,C_ID_E,40,523521015842037129,15.93936,15.9240961075,118,1016,14906896884422937853
GIST,half,8,2,4,C_ID_E,39,5134469820061381952,16.507398,16.4904327393,173,1456,11882963430235204481
GIST,half,8,2,4,C_ID_E,38,13700905950939581536,12.375471,12.3511676788,9,144,10212566950510398326
GIST,half,8,2,4,C_ID_E,37,7931106857473092034,16.874746,16.8570232391,1642,13208,4836914976961728650
GIST,half,8,2,4,C_ID_E,36,5862842069398405510,17.817984,17.7878723145,29682,237528,719140743100350364
GIST,half,8,2,4,C_ID_E,35,7182522047579593487,14.13112,14.1083517075,12,168,13084839061348052764
GIST,half,8,2,4,C_ID_E,34,11193354026380747684,17.82372,17.8054409027,18718,149816,10323070077910272027
GIST,half,8,2,4,C_ID_E,33,17951213273852593361,13.583005,13.5675516129,8,136,7118776530039946925
GIST,half,8,2,4,C_ID_E,32,1018801991084754777,19.63849,19.6118087769,31191,249600,4139212840337583677
GIST,half,8,2,4,C_ID_E,31,16717924179856591400,13.247256,13.2231359482,98,856,12253136263172607446
GIST,half,8,2,4,C_ID_E,30,12630940382236276606,17.535382,17.5159683228,15,192,3888228134973069709
GIST,half,8,2,4,C_ID_E,29,7111803339956803225,16.296082,16.2721920013,9,144,11080742569331125641
GIST,half,8,2,4,C_ID_E,28,9719453371904557375,19.25331,19.2358398438,53,496,4295370152413759317
GIST,half,8,2,4,C_ID_E,27,14732108746546988498,13.959001,13.933631897,31256,250120,10640609347284222608
GIST,half,8,2,4,C_ID_E,26,18398409255790635840,16.380949,16.3646392822,8,136,16965475016388596626
GIST,half,8,2,4,C_ID_E,25,15312881684633933655,18.915537,18.8824005127,32548,260456,16202494671275670828
GIST,half,8,2,4,C_ID_E,24,14343238801608074176,13.872697,13.8553600311,8,136,335641030610087762
GIST,half,8,2,4,C_ID_E,23,3351983320614235452,16.035296,16.013376236,8,136,10795653417440584118
GIST,half,8,2,4,C_ID_E,22,9583610160574751482,15.64226,15.6203842163,104,904,17584774084035178489
GIST,half,8,2,4,C_ID_E,21,2715171980480150680,18.948324,18.9285125732,3295,26432,4697067458263101281
GIST,half,8,2,4,C_ID_E,20,13580243989274015108,12.81937,12.8029117584,13,176,12167542613742431786
GIST,half,8,2,4,C_ID_E,19,4844542844294841975,17.562076,17.5303688049,27119,217024,3036884596305404821
GIST,half,8,2,4,C_ID_E,18,3071783437712951460,10.521679,10.5058555603,9,144,4097877200455553912
GIST,half,8,2,4,C_ID_E,17,9906517406195203870,15.972208,15.9453115463,28764,230184,13893008974686436000
GIST,half,8,2,4,C_ID_E,16,3537798568722033093,19.802968,19.7711677551,45233,361936,10934986133749753810
GIST,half,8,2,4,C_ID_E,15,5936729861741803939,16.012368,15.9891519547,1825,14672,4523878408681453459
GIST,half,8,2,4,C_ID_E,14,18369275761964115190,14.019822,14.0033597946,8,136,17294034751593305288
GIST,half,8,2,4,C_ID_E,13,12716887085642250387,14.170208,14.153216362,10,152,5751298164538243026
GIST,half,8,2,4,C_ID_E,12,17460078167775218888,14.624792,14.601984024,219,1824,12113822531377232237
GIST,half,8,2,4,C_ID_E,11,407413494807729236,17.986855,17.9608631134,20742,166008,748099361995206288
GIST,half,8,2,4,C_ID_E,10,16634692065747566502,10.875082,10.8568964005,9,144,13324388130527482689
GIST,half,8,2,4,C_ID_E,9,4680770526928094267,15.903295,15.8765115738,9,144,6185833218944131429
GIST,half,8,2,4,C_ID_E,8,3722915141321120792,16.441178,16.422624588,16,200,17247831106653997488
GIST,half,8,2,4,C_ID_E,7,7966444742523137199,11.8881,11.8692159653,9,144,294158670510647467
GIST,half,8,2,4,C_ID_E,6,13750152615788058147,16.320616,16.3033924103,367,3008,8703337812097627909
GIST,half,8,2,4,C_ID_E,5,15746877753817476956,20.489683,20.4681606293,25267,202208,5187200889313214686
GIST,half,8,2,4,C_ID_E,4,6813717409520896539,19.297934,19.2734718323,17913,143376,10240984302992681904
GIST,half,8,2,4,C_ID_E,3,17912368726981257746,12.972382,12.9414081573,22934,183544,3513084467399214196
GIST,half,8,2,4,C_ID_E,2,12949723088018134982,18.408369,18.3886089325,12,168,17798676870000866351
GIST,half,8,2,4,C_ID_E,1,5277735151802382403,16.016708,15.989824295,5815,46592,12495090360753926488
GIST,half,8,2,4,C_ID_E,0,14628893485838184760,17.785963,17.768447876,805,6512,12049670356140927271
GIST,half,8,2,4,C_MASK_E,127,15208757093895910829,12.591959,12.5755519867,11,160,1809397944155681048
GIST,half,8,2,4,C_MASK_E,126,12657858335344656681,8.683145,8.66656017303,8,136,4387400323091133037
GIST,half,8,2,4,C_MASK_E,125,3028236243262219857,13.534743,13.5219841003,8,136,425355140008332221
GIST,half,8,2,4,C_MASK_E,124,8609683818349710292,11.438843,11.4231996536,8,136,13168834338195935582
GIST,half,8,2,4,C_MASK_E,123,11214984481703275179,13.566415,13.5507202148,1639,13184,17297314433685050926
GIST,half,8,2,4,C_MASK_E,122,2263849957397490031,14.797076,14.7797441483,2287,18368,8165417142188033165
GIST,half,8,2,4,C_MASK_E,121,18044578509838911779,12.506364,12.4894723892,10,152,7928744672891195179
GIST,half,8,2,4,C_MASK_E,120,5458740354294272417,14.963714,14.9432001114,9,144,7848134651590039281
GIST,half,8,2,4,C_MASK_E,119,5858457743813147244,13.57388,13.5547838211,396,3240,8827444684336327481
GIST,half,8,2,4,C_MASK_E,118,16469490972111288920,11.805933,11.7881603241,4028,32296,883241890903009633
GIST,half,8,2,4,C_MASK_E,117,1006711879274558233,16.389313,16.3663043976,841,6800,11321619877609521957
GIST,half,8,2,4,C_MASK_E,116,476149813655704091,13.923389,13.9073915482,10,152,8858849561569991435
GIST,half,8,2,4,C_MASK_E,115,7649011970154020997,12.667886,12.6472635269,9,144,3206729205558378233
GIST,half,8,2,4,C_MASK_E,114,10648647139011189564,11.806881,11.7835521698,12,168,6772672195218087492
GIST,half,8,2,4,C_MASK_E,113,10535780349197406948,11.217673,11.1991682053,8,136,14415464039087190790
GIST,half,8,2,4,C_MASK_E,112,10135745837711897539,11.108125,11.0863361359,9,144,27334712204462216
GIST,half,8,2,4,C_MASK_E,111,3665995180310526364,15.084087,15.0563516617,41478,331896,5661520465715040291
GIST,half,8,2,4,C_MASK_E,110,10127478537340186675,11.551056,11.5304956436,10,152,1358658317263378375
GIST,half,8,2,4,C_MASK_E,109,17603205654855495503,11.799014,11.7745599747,6920,55432,4734971902105951802
GIST,half,8,2,4,C_MASK_E,108,5137605947089590316,13.173316,13.151807785,22,248,8744501858676181288
GIST,half,8,2,4,C_MASK_E,107,12753255321128375907,12.410785,12.3919677734,11,160,3736671290085159878
GIST,half,8,2,4,C_MASK_E,106,7862389240255096405,13.93796,13.9214401245,8,136,4454845205277636153
GIST,half,8,2,4,C_MASK_E,105,3382835124390735773,9.977425,9.95808029175,10,152,1633465981209507262
GIST,half,8,2,4,C_MASK_E,104,6318150018815276835,11.783305,11.7677755356,8,136,6252710342366139043
GIST,half,8,2,4,C_MASK_E,103,3358090661935181962,14.115643,14.0983037949,10,152,206827504788997805
GIST,half,8,2,4,C_MASK_E,102,5023834620232924699,10.553113,10.5308160782,9,144,4345061276902095567
GIST,half,8,2,4,C_MASK_E,101,463556152314022137,10.074967,10.0538244247,9,144,17739438941913720152
GIST,half,8,2,4,C_MASK_E,100,416867533671327684,12.43768,12.4198083878,4969,39824,18199109054269478174
GIST,half,8,2,4,C_MASK_E,99,11723484149300992671,15.310358,15.2876157761,2311,18560,15885591392866052173
GIST,half,8,2,4,C_MASK_E,98,1083222351448503346,15.348978,15.3321275711,30,312,14811157689777586302
GIST,half,8,2,4,C_MASK_E,97,11331694305099227241,11.956424,11.9379844666,5629,45104,17435282213467792387
GIST,half,8,2,4,C_MASK_E,96,13118478308687119329,12.495635,12.4767036438,12672,101448,12414488981634579085
GIST,half,8,2,4,C_MASK_E,95,13797457395031324342,13.453161,13.4330558777,4312,34568,8681946398460365715
GIST,half,8,2,4,C_MASK_E,94,12966259267171903563,12.297083,12.2745599747,9,144,16525753693329126445
GIST,half,8,2,4,C_MASK_E,93,15824146815298812297,13.722674,13.7070083618,785,6352,16848583768543088517
GIST,half,8,2,4,C_MASK_E,92,7858987711662060174,9.967298,9.94505596161,16659,133344,18141791887973734438
GIST,half,8,2,4,C_MASK_E,91,13351219280779986121,11.133232,11.1171836853,91,800,7129016086556790661
GIST,half,8,2,4,C_MASK_E,90,1487146102952406162,12.972039,12.9513282776,9,144,11675729656657864315
GIST,half,8,2,4,C_MASK_E,89,17243398098289356237,13.937432,13.9156799316,19381,155120,11341570227103404206
GIST,half,8,2,4,C_MASK_E,88,17392447945923308625,10.591521,10.5744638443,11,160,16812603617364686395
GIST,half,8,2,4,C_MASK_E,87,8534974539240644349,13.484417,13.4609603882,22710,181752,7440715000576488328
GIST,half,8,2,4,C_MASK_E,86,6470508332142331894,15.149102,15.1324157715,3669,29424,3528509250306175135
GIST,half,8,2,4,C_MASK_E,85,10946770602578419956,10.922816,10.9011201859,8,136,1403974257677289190
GIST,half,8,2,4,C_MASK_E,84,10344073526508897281,12.86782,12.8517122269,10,152,12307297875457737052
GIST,half,8,2,4,C_MASK_E,83,8711237166219394419,11.441921,11.4257917404,16,200,1159450716902794998
GIST,half,8,2,4,C_MASK_E,82,17380680694385638840,12.938767,12.920255661,10,152,17099624996036497700
GIST,half,8,2,4,C_MASK_E,81,4578548255021645869,11.69775,11.6759357452,8,136,7309366345031128353
GIST,half,8,2,4,C_MASK_E,80,8425382104893835461,14.303323,14.2838077545,138,1176,4615018082655609248
GIST,half,8,2,4,C_MASK_E,79,17525024244829704515,13.940436,13.9147520065,17953,143696,8782034102419046715
GIST,half,8,2,4,C_MASK_E,78,384590151492374026,15.163457,15.1454715729,1145,9232,6824037880318392156
GIST,half,8,2,4,C_MASK_E,77,13772194458325883781,13.983118,13.9603843689,8,136,3119058093217859169
GIST,half,8,2,4,C_MASK_E,76,6121457899850640239,15.38514,15.3683843613,10,152,10439922783850878615
GIST,half,8,2,4,C_MASK_E,75,10629383663104694533,10.75085,10.7317123413,8,136,1959805352102410517
GIST,half,8,2,4,C_MASK_E,74,17416559791252488439,12.501727,12.4758081436,15885,127152,9191986637692184623
GIST,half,8,2,4,C_MASK_E,73,6275675870158489986,11.453638,11.4277763367,30287,242368,3965206015652614730
GIST,half,8,2,4,C_MASK_E,72,2775573294919263248,13.348738,13.3310403824,14,184,2008831888728120970
GIST,half,8,2,4,C_MASK_E,71,2653643927898021331,12.519307,12.4956483841,8,136,6674983760768613763
GIST,half,8,2,4,C_MASK_E,70,7125887616712792012,15.075869,15.0436477661,30939,247584,2578173215488215435
GIST,half,8,2,4,C_MASK_E,69,16370389120603384840,14.976217,14.9208955765,39,384,8893900566493377500
GIST,half,8,2,4,C_MASK_E,68,17584159069416176766,14.331371,14.3105278015,8,136,14994419951185837632
GIST,half,8,2,4,C_MASK_E,67,9413171363946879688,11.934802,11.9124803543,10,152,16410576142550180761
GIST,half,8,2,4,C_MASK_E,66,6567103049086711526,8.51574,8.49900817871,9,144,2120391718945614396
GIST,half,8,2,4,C_MASK_E,65,16264934943434005963,13.884968,13.8130559921,23549,188464,1717894044534139949
GIST,half,8,2,4,C_MASK_E,64,12923444094630896693,11.305046,11.2883520126,9,144,10890240329654538100
GIST,half,8,2,4,C_MASK_E,63,9575871338223549139,15.242617,15.2252159119,782,6328,14236409939300756135
GIST,half,8,2,4,C_MASK_E,62,8560399019494154138,15.679092,15.6592321396,16,200,10995028448307505731
GIST,half,8,2,4,C_MASK_E,61,2620909581344322254,14.009331,13.9916162491,159,1344,18016158801479111709
GIST,half,8,2,4,C_MASK_E,60,2761207983275075740,13.289884,13.257856369,27937,223568,8219627611328849196
GIST,half,8,2,4,C_MASK_E,59,1580871052154375482,14.504688,14.4887361526,10,152,10996509777332881202
GIST,half,8,2,4,C_MASK_E,58,9268774494751827706,13.018706,13.0015363693,9,144,2940493626614828053
GIST,half,8,2,4,C_MASK_E,57,9021717632597148908,11.729942,11.7100477219,7688,61576,16146242436575770571
GIST,half,8,2,4,C_MASK_E,56,13083263465047869035,16.706197,16.6863040924,10500,84072,6126299974183225491
GIST,half,8,2,4,C_MASK_E,55,2573792055271618832,11.978815,11.9524803162,13053,104496,3700418904193080229
GIST,half,8,2,4,C_MASK_E,54,12485651515614408301,14.19611,14.1675195694,27648,221256,13982227894810710128
GIST,half,8,2,4,C_MASK_E,53,1181170520412032450,12.634072,12.6156482697,8,136,15161611065330365500
GIST,half,8,2,4,C_MASK_E,52,10782300321295982446,15.092307,15.07081604,11,160,2262457125570541601
GIST,half,8,2,4,C_MASK_E,51,1321970314038155003,11.773718,11.7521600723,9,144,1725180568680233592
GIST,half,8,2,4,C_MASK_E,50,2593988135360058460,11.539212,11.4885759354,49566,396600,10688624242403767082
GIST,half,8,2,4,C_MASK_E,49,15716071042978413762,12.91703,12.894528389,1785,14352,16881791907273901609
GIST,half,8,2,4,C_MASK_E,48,8248488942050825693,15.302536,15.2812156677,10130,81112,4850681651806503319
GIST,half,8,2,4,C_MASK_E,47,197228195401547247,11.249016,11.2181119919,29946,239640,3603301588478779561
GIST,half,8,2,4,C_MASK_E,46,4808905104634366418,14.429198,14.4043521881,9,144,14613523175337427617
GIST,half,8,2,4,C_MASK_E,45,10634279939165845196,12.448335,12.4246397018,11,160,13746219426551555317
GIST,half,8,2,4,C_MASK_E,44,2657517881292301308,10.385927,10.3536958694,28625,229072,14362931499080891524
GIST,half,8,2,4,C_MASK_E,43,3580392345773888933,12.772464,12.7536640167,11,160,7130942906748589245
GIST,half,8,2,4,C_MASK_E,42,16130457613556805909,9.917643,9.89612770081,10,152,1351820667773349880
GIST,half,8,2,4,C_MASK_E,41,15735649071512523416,15.117713,15.1005115509,11,160,6439908275319918567
GIST,half,8,2,4,C_MASK_E,40,523521015842037129,13.224734,13.1999998093,118,1016,14906896884422937853
GIST,half,8,2,4,C_MASK_E,39,5134469820061381952,13.55766,13.5398721695,173,1456,11882963430235204481
GIST,half,8,2,4,C_MASK_E,38,13700905950939581536,10.361718,10.3384962082,9,144,10212566950510398326
GIST,half,8,2,4,C_MASK_E,37,7931106857473092034,13.652759,13.6334724426,1642,13208,4836914976961728650
GIST,half,8,2,4,C_MASK_E,36,5862842069398405510,14.955762,14.920255661,29682,237528,719140743100350364
GIST,half,8,2,4,C_MASK_E,35,7182522047579593487,11.75576,11.7312316895,12,168,13084839061348052764
GIST,half,8,2,4,C_MASK_E,34,11193354026380747684,14.398475,14.3738880157,18718,149816,10323070077910272027
GIST,half,8,2,4,C_MASK_E,33,17951213273852593361,11.185257,11.1685438156,8,136,7118776530039946925
GIST,half,8,2,4,C_MASK_E,32,1018801991084754777,15.893663,15.8631677628,31191,249600,4139212840337583677
GIST,half,8,2,4,C_MASK_E,31,16717924179856591400,10.730507,10.7102079391,98,856,12253136263172607446
GIST,half,8,2,4,C_MASK_E,30,12630940382236276606,13.961405,13.9414720535,15,192,3888228134973069709
GIST,half,8,2,4,C_MASK_E,29,7111803339956803225,13.253026,13.229344368,9,144,11080742569331125641
GIST,half,8,2,4,C_MASK_E,28,9719453371904557375,15.316405,15.2979841232,53,496,4295370152413759317
GIST,half,8,2,4,C_MASK_E,27,14732108746546988498,11.443101,11.4088640213,31256,250120,10640609347284222608
GIST,half,8,2,4,C_MASK_E,26,18398409255790635840,13.327162,13.3104963303,8,136,16965475016388596626
GIST,half,8,2,4,C_MASK_E,25,15312881684633933655,15.228236,15.1918077469,32548,260456,16202494671275670828
GIST,half,8,2,4,C_MASK_E,24,14343238801608074176,11.409218,11.3924484253,8,136,335641030610087762
GIST,half,8,2,4,C_MASK_E,23,3351983320614235452,12.806943,12.7846403122,8,136,10795653417440584118
GIST,half,8,2,4,C_MASK_E,22,9583610160574751482,12.578296,12.5604162216,104,904,17584774084035178489
GIST,half,8,2,4,C_MASK_E,21,2715171980480150680,15.215557,15.1983041763,3295,26432,4697067458263101281
GIST,half,8,2,4,C_MASK_E,20,13580243989274015108,10.618544,10.5982398987,13,176,12167542613742431786
GIST,half,8,2,4,C_MASK_E,19,4844542844294841975,14.295898,14.2672319412,27119,217024,3036884596305404821
GIST,half,8,2,4,C_MASK_E,18,3071783437712951460,9.02283,9.00559997559,9,144,4097877200455553912
GIST,half,8,2,4,C_MASK_E,17,9906517406195203870,13.484844,13.4458560944,28764,230184,13893008974686436000
GIST,half,8,2,4,C_MASK_E,16,3537798568722033093,15.788704,15.7422399521,45233,361936,10934986133749753810
GIST,half,8,2,4,C_MASK_E,15,5936729861741803939,12.911073,12.890912056,1825,14672,4523878408681453459
GIST,half,8,2,4,C_MASK_E,14,18369275761964115190,11.482523,11.4648323059,8,136,17294034751593305288
GIST,half,8,2,4,C_MASK_E,13,12716887085642250387,11.538897,11.5155200958,10,152,5751298164538243026
GIST,half,8,2,4,C_MASK_E,12,17460078167775218888,11.924248,11.9068479538,219,1824,12113822531377232237
GIST,half,8,2,4,C_MASK_E,11,407413494807729236,14.452013,14.4229440689,20742,166008,748099361995206288
GIST,half,8,2,4,C_MASK_E,10,16634692065747566502,9.096305,9.07494354248,9,144,13324388130527482689
GIST,half,8,2,4,C_MASK_E,9,4680770526928094267,12.789466,12.7644796371,9,144,6185833218944131429
GIST,half,8,2,4,C_MASK_E,8,3722915141321120792,13.292553,13.2726716995,16,200,17247831106653997488
GIST,half,8,2,4,C_MASK_E,7,7966444742523137199,9.968703,9.94880008698,9,144,294158670510647467
GIST,half,8,2,4,C_MASK_E,6,13750152615788058147,13.531143,13.5069437027,367,3008,8703337812097627909
GIST,half,8,2,4,C_MASK_E,5,15746877753817476956,16.787893,16.7521286011,25267,202208,5187200889313214686
GIST,half,8,2,4,C_MASK_E,4,6813717409520896539,15.544301,15.519616127,17913,143376,10240984302992681904
GIST,half,8,2,4,C_MASK_E,3,17912368726981257746,11.3155,11.2861442566,22934,183544,3513084467399214196
GIST,half,8,2,4,C_MASK_E,2,12949723088018134982,14.90774,14.8900156021,12,168,17798676870000866351
GIST,half,8,2,4,C_MASK_E,1,5277735151802382403,13.154426,13.1322555542,5815,46592,12495090360753926488
GIST,half,8,2,4,C_MASK_E,0,14628893485838184760,14.405575,14.3825922012,805,6512,12049670356140927271
GIST,half,8,2,4,C_TASK_E,127,15208757093895910829,12.639798,12.6216964722,11,160,1809397944155681048
GIST,half,8,2,4,C_TASK_E,126,12657858335344656681,8.722726,8.70486354828,8,136,4387400323091133037
GIST,half,8,2,4,C_TASK_E,125,3028236243262219857,13.662147,13.6445436478,8,136,425355140008332221
GIST,half,8,2,4,C_TASK_E,124,8609683818349710292,11.886073,11.8697280884,8,136,13168834338195935582
GIST,half,8,2,4,C_TASK_E,123,11214984481703275179,14.179614,14.1591358185,1639,13184,17297314433685050926
GIST,half,8,2,4,C_TASK_E,122,2263849957397490031,15.605962,15.5886716843,2287,18368,8165417142188033165
GIST,half,8,2,4,C_TASK_E,121,18044578509838911779,13.049918,13.0336322784,10,152,7928744672891195179
GIST,half,8,2,4,C_TASK_E,120,5458740354294272417,15.706687,15.6899518967,9,144,7848134651590039281
GIST,half,8,2,4,C_TASK_E,119,5858457743813147244,14.206343,14.1860160828,396,3240,8827444684336327481
GIST,half,8,2,4,C_TASK_E,118,16469490972111288920,12.293163,12.2767362595,4028,32296,883241890903009633
GIST,half,8,2,4,C_TASK_E,117,1006711879274558233,16.380872,16.3641281128,841,6800,11321619877609521957
GIST,half,8,2,4,C_TASK_E,116,476149813655704091,13.741206,13.7236480713,10,152,8858849561569991435
GIST,half,8,2,4,C_TASK_E,115,7649011970154020997,12.804696,12.7828798294,9,144,3206729205558378233
GIST,half,8,2,4,C_TASK_E,114,10648647139011189564,11.711473,11.6891517639,12,168,6772672195218087492
GIST,half,8,2,4,C_TASK_E,113,10535780349197406948,11.232621,11.2167682648,8,136,14415464039087190790
GIST,half,8,2,4,C_TASK_E,112,10135745837711897539,11.013564,10.9949760437,9,144,27334712204462216
GIST,half,8,2,4,C_TASK_E,111,3665995180310526364,15.025102,15.0011520386,41478,331896,5661520465715040291
GIST,half,8,2,4,C_TASK_E,110,10127478537340186675,11.526589,11.511551857,10,152,1358658317263378375
GIST,half,8,2,4,C_TASK_E,109,17603205654855495503,11.745703,11.7238721848,6920,55432,4734971902105951802
GIST,half,8,2,4,C_TASK_E,108,5137605947089590316,13.095335,13.0754880905,22,248,8744501858676181288
GIST,half,8,2,4,C_TASK_E,107,12753255321128375907,12.351684,12.3343362808,11,160,3736671290085159878
GIST,half,8,2,4,C_TASK_E,106,7862389240255096405,13.919108,13.8974399567,8,136,4454845205277636153
GIST,half,8,2,4,C_TASK_E,105,3382835124390735773,9.79159,9.76963233948,10,152,1633465981209507262
GIST,half,8,2,4,C_TASK_E,104,6318150018815276835,11.719795,11.6970558167,8,136,6252710342366139043
GIST,half,8,2,4,C_TASK_E,103,3358090661935181962,14.083981,14.0677118301,10,152,206827504788997805
GIST,half,8,2,4,C_TASK_E,102,5023834620232924699,10.568451,10.5439996719,9,144,4345061276902095567
GIST,half,8,2,4,C_TASK_E,101,463556152314022137,9.990248,9.96508789062,9,144,17739438941913720152
GIST,half,8,2,4,C_TASK_E,100,416867533671327684,12.446433,12.4230718613,4969,39824,18199109054269478174
GIST,half,8,2,4,C_TASK_E,99,11723484149300992671,15.186236,15.1698560715,2311,18560,15885591392866052173
GIST,half,8,2,4,C_TASK_E,98,1083222351448503346,15.33493,15.3188800812,30,312,14811157689777586302
GIST,half,8,2,4,C_TASK_E,97,11331694305099227241,11.824973,11.8075838089,5629,45104,17435282213467792387
GIST,half,8,2,4,C_TASK_E,96,13118478308687119329,12.474936,12.4510402679,12672,101448,12414488981634579085
GIST,half,8,2,4,C_TASK_E,95,13797457395031324342,13.455497,13.432767868,4312,34568,8681946398460365715
GIST,half,8,2,4,C_TASK_E,94,12966259267171903563,12.226673,12.2043523788,9,144,16525753693329126445
GIST,half,8,2,4,C_TASK_E,93,15824146815298812297,13.639387,13.6199035645,785,6352,16848583768543088517
GIST,half,8,2,4,C_TASK_E,92,7858987711662060174,10.182401,10.1594238281,16659,133344,18141791887973734438
GIST,half,8,2,4,C_TASK_E,91,13351219280779986121,11.099525,11.0752315521,91,800,7129016086556790661
GIST,half,8,2,4,C_TASK_E,90,1487146102952406162,12.833965,12.8166723251,9,144,11675729656657864315
GIST,half,8,2,4,C_TASK_E,89,17243398098289356237,13.933422,13.9070720673,19381,155120,11341570227103404206
GIST,half,8,2,4,C_TASK_E,88,17392447945923308625,10.49456,10.4770879745,11,160,16812603617364686395
GIST,half,8,2,4,C_TASK_E,87,8534974539240644349,13.367477,13.3414077759,22710,181752,7440715000576488328
GIST,half,8,2,4,C_TASK_E,86,6470508332142331894,15.15691,15.1361923218,3669,29424,3528509250306175135
GIST,half,8,2,4,C_TASK_E,85,10946770602578419956,10.947971,10.931936264,8,136,1403974257677289190
GIST,half,8,2,4,C_TASK_E,84,10344073526508897281,12.765717,12.7496957779,10,152,12307297875457737052
GIST,half,8,2,4,C_TASK_E,83,8711237166219394419,11.387831,11.3685436249,16,200,1159450716902794998
GIST,half,8,2,4,C_TASK_E,82,17380680694385638840,12.926148,12.9048318863,10,152,17099624996036497700
GIST,half,8,2,4,C_TASK_E,81,4578548255021645869,11.673011,11.656288147,8,136,7309366345031128353
GIST,half,8,2,4,C_TASK_E,80,8425382104893835461,14.213529,14.1949119568,138,1176,4615018082655609248
GIST,half,8,2,4,C_TASK_E,79,17525024244829704515,14.01458,13.9916801453,17953,143696,8782034102419046715
GIST,half,8,2,4,C_TASK_E,78,384590151492374026,15.184958,15.1627836227,1145,9232,6824037880318392156
GIST,half,8,2,4,C_TASK_E,77,13772194458325883781,14.007627,13.9910078049,8,136,3119058093217859169
GIST,half,8,2,4,C_TASK_E,76,6121457899850640239,15.296445,15.2774076462,10,152,10439922783850878615
GIST,half,8,2,4,C_TASK_E,75,10629383663104694533,10.650863,10.6300802231,8,136,1959805352102410517
GIST,half,8,2,4,C_TASK_E,74,17416559791252488439,12.447401,12.4242238998,15885,127152,9191986637692184623
GIST,half,8,2,4,C_TASK_E,73,6275675870158489986,11.389895,11.364192009,30287,242368,3965206015652614730
GIST,half,8,2,4,C_TASK_E,72,2775573294919263248,13.260801,13.2439680099,14,184,2008831888728120970
GIST,half,8,2,4,C_TASK_E,71,2653643927898021331,12.469157,12.4507837296,8,136,6674983760768613763
GIST,half,8,2,4,C_TASK_E,70,7125887616712792012,15.011483,14.9852161407,30939,247584,2578173215488215435
GIST,half,8,2,4,C_TASK_E,69,16370389120603384840,15.027013,15.0070075989,39,384,8893900566493377500
GIST,half,8,2,4,C_TASK_E,68,17584159069416176766,14.331413,14.3152322769,8,136,14994419951185837632
GIST,half,8,2,4,C_TASK_E,67,9413171363946879688,11.86994,11.8523836136,10,152,16410576142550180761
GIST,half,8,2,4,C_TASK_E,66,6567103049086711526,8.478146,8.46172809601,9,144,2120391718945614396
GIST,half,8,2,4,C_TASK_E,65,16264934943434005963,13.87063,13.8453435898,23549,188464,1717894044534139949
GIST,half,8,2,4,C_TASK_E,64,12923444094630896693,11.330706,11.3122882843,9,144,10890240329654538100
GIST,half,8,2,4,C_TASK_E,63,9575871338223549139,15.337269,15.3157758713,782,6328,14236409939300756135
GIST,half,8,2,4,C_TASK_E,62,8560399019494154138,15.62248,15.6065921783,16,200,10995028448307505731
GIST,half,8,2,4,C_TASK_E,61,2620909581344322254,13.972637,13.9506883621,159,1344,18016158801479111709
GIST,half,8,2,4,C_TASK_E,60,2761207983275075740,13.208735,13.1805438995,27937,223568,8219627611328849196
GIST,half,8,2,4,C_TASK_E,59,1580871052154375482,14.303009,14.2869758606,10,152,10996509777332881202
GIST,half,8,2,4,C_TASK_E,58,9268774494751827706,12.965304,12.949215889,9,144,2940493626614828053
GIST,half,8,2,4,C_TASK_E,57,9021717632597148908,11.56485,11.5426559448,7688,61576,16146242436575770571
GIST,half,8,2,4,C_TASK_E,56,13083263465047869035,16.468815,16.4488964081,10500,84072,6126299974183225491
GIST,half,8,2,4,C_TASK_E,55,2573792055271618832,11.921704,11.896191597,13053,104496,3700418904193080229
GIST,half,8,2,4,C_TASK_E,54,12485651515614408301,13.993102,13.9686079025,27648,221256,13982227894810710128
GIST,half,8,2,4,C_TASK_E,53,1181170520412032450,12.627788,12.613984108,8,136,15161611065330365500
GIST,half,8,2,4,C_TASK_E,52,10782300321295982446,14.976134,14.9605760574,11,160,2262457125570541601
GIST,half,8,2,4,C_TASK_E,51,1321970314038155003,11.672223,11.6576957703,9,144,1725180568680233592
GIST,half,8,2,4,C_TASK_E,50,2593988135360058460,11.427065,11.3924484253,49566,396600,10688624242403767082
GIST,half,8,2,4,C_TASK_E,49,15716071042978413762,12.898551,12.877951622,1785,14352,16881791907273901609
GIST,half,8,2,4,C_TASK_E,48,8248488942050825693,15.031473,15.0130882263,10130,81112,4850681651806503319
GIST,half,8,2,4,C_TASK_E,47,197228195401547247,11.201076,11.1685438156,29946,239640,3603301588478779561
GIST,half,8,2,4,C_TASK_E,46,4808905104634366418,14.348747,14.3280963898,9,144,14613523175337427617
GIST,half,8,2,4,C_TASK_E,45,10634279939165845196,12.462304,12.4449920654,11,160,13746219426551555317
GIST,half,8,2,4,C_TASK_E,44,2657517881292301308,10.328851,10.2997121811,28625,229072,14362931499080891524
GIST,half,8,2,4,C_TASK_E,43,3580392345773888933,12.752407,12.7366075516,11,160,7130942906748589245
GIST,half,8,2,4,C_TASK_E,42,16130457613556805909,9.964151,9.94095993042,10,152,1351820667773349880
GIST,half,8,2,4,C_TASK_E,41,15735649071512523416,15.05378,15.0387840271,11,160,6439908275319918567
GIST,half,8,2,4,C_TASK_E,40,523521015842037129,13.073174,13.05564785,118,1016,14906896884422937853
GIST,half,8,2,4,C_TASK_E,39,5134469820061381952,13.357345,13.3394880295,173,1456,11882963430235204481
GIST,half,8,2,4,C_TASK_E,38,13700905950939581536,10.308919,10.2901115417,9,144,10212566950510398326
GIST,half,8,2,4,C_TASK_E,37,7931106857473092034,13.529609,13.507519722,1642,13208,4836914976961728650
GIST,half,8,2,4,C_TASK_E,36,5862842069398405510,14.769371,14.7375679016,29682,237528,719140743100350364
GIST,half,8,2,4,C_TASK_E,35,7182522047579593487,11.466067,11.4485435486,12,168,13084839061348052764
GIST,half,8,2,4,C_TASK_E,34,11193354026380747684,14.303258,14.2779521942,18718,149816,10323070077910272027
GIST,half,8,2,4,C_TASK_E,33,17951213273852593361,11.432635,11.4078722,8,136,7118776530039946925
GIST,half,8,2,4,C_TASK_E,32,1018801991084754777,15.695513,15.6675844193,31191,249600,4139212840337583677
GIST,half,8,2,4,C_TASK_E,31,16717924179856591400,10.630069,10.6070404053,98,856,12253136263172607446
GIST,half,8,2,4,C_TASK_E,30,12630940382236276606,13.951872,13.9337596893,15,192,3888228134973069709
GIST,half,8,2,4,C_TASK_E,29,7111803339956803225,13.1236,13.1003198624,9,144,11080742569331125641
GIST,half,8,2,4,C_TASK_E,28,9719453371904557375,15.063464,15.0426244736,53,496,4295370152413759317
GIST,half,8,2,4,C_TASK_E,27,14732108746546988498,11.320406,11.2908163071,31256,250120,10640609347284222608
GIST,half,8,2,4,C_TASK_E,26,18398409255790635840,13.036679,13.0210876465,8,136,16965475016388596626
GIST,half,8,2,4,C_TASK_E,25,15312881684633933655,15.147028,15.1156482697,32548,260456,16202494671275670828
GIST,half,8,2,4,C_TASK_E,24,14343238801608074176,11.398115,11.3812799454,8,136,335641030610087762
GIST,half,8,2,4,C_TASK_E,23,3351983320614235452,12.852048,12.8365764618,8,136,10795653417440584118
GIST,half,8,2,4,C_TASK_E,22,9583610160574751482,12.540984,12.5246076584,104,904,17584774084035178489
GIST,half,8,2,4,C_TASK_E,21,2715171980480150680,15.13664,15.1217603683,3295,26432,4697067458263101281
GIST,half,8,2,4,C_TASK_E,20,13580243989274015108,10.637493,10.6178236008,13,176,12167542613742431786
GIST,half,8,2,4,C_TASK_E,19,4844542844294841975,14.20743,14.1847677231,27119,217024,3036884596305404821
GIST,half,8,2,4,C_TASK_E,18,3071783437712951460,8.894566,8.87564754486,9,144,4097877200455553912
GIST,half,8,2,4,C_TASK_E,17,9906517406195203870,13.698722,13.6740484238,28764,230184,13893008974686436000
GIST,half,8,2,4,C_TASK_E,16,3537798568722033093,15.706253,15.6671361923,45233,361936,10934986133749753810
GIST,half,8,2,4,C_TASK_E,15,5936729861741803939,12.745292,12.7287683487,1825,14672,4523878408681453459
GIST,half,8,2,4,C_TASK_E,14,18369275761964115190,11.340683,11.3229122162,8,136,17294034751593305288
GIST,half,8,2,4,C_TASK_E,13,12716887085642250387,11.479399,11.463104248,10,152,5751298164538243026
GIST,half,8,2,4,C_TASK_E,12,17460078167775218888,11.861297,11.8452482224,219,1824,12113822531377232237
GIST,half,8,2,4,C_TASK_E,11,407413494807729236,14.375559,14.3515520096,20742,166008,748099361995206288
GIST,half,8,2,4,C_TASK_E,10,16634692065747566502,9.085761,9.06816005707,9,144,13324388130527482689
GIST,half,8,2,4,C_TASK_E,9,4680770526928094267,12.704674,12.6901435852,9,144,6185833218944131429
GIST,half,8,2,4,C_TASK_E,8,3722915141321120792,13.310301,13.2944641113,16,200,17247831106653997488
GIST,half,8,2,4,C_TASK_E,7,7966444742523137199,9.88114,9.86118412018,9,144,294158670510647467
GIST,half,8,2,4,C_TASK_E,6,13750152615788058147,13.554239,13.5306882858,367,3008,8703337812097627909
GIST,half,8,2,4,C_TASK_E,5,15746877753817476956,16.651027,16.624288559,25267,202208,5187200889313214686
GIST,half,8,2,4,C_TASK_E,4,6813717409520896539,15.452527,15.4274559021,17913,143376,10240984302992681904
GIST,half,8,2,4,C_TASK_E,3,17912368726981257746,11.378861,11.354432106,22934,183544,3513084467399214196
GIST,half,8,2,4,C_TASK_E,2,12949723088018134982,14.732162,14.7135362625,12,168,17798676870000866351
GIST,half,8,2,4,C_TASK_E,1,5277735151802382403,12.856315,12.8393278122,5815,46592,12495090360753926488
GIST,half,8,2,4,C_TASK_E,0,14628893485838184760,14.304117,14.2808322906,805,6512,12049670356140927271
GIST,half,32,2,4,SCAN_L,31,7995077726280952526,177.603101,177.584579468,35,544,17738710621554888361
GIST,half,32,2,4,SCAN_L,30,14416838764258129161,177.602073,177.585693359,3945,31824,15666152673139803166
GIST,half,32,2,4,SCAN_L,29,15030165245001765777,177.612936,177.588577271,5275,42464,13081611358792727333
GIST,half,32,2,4,SCAN_L,28,306400533752808697,177.601638,177.585571289,38,568,15415108955034365904
GIST,half,32,2,4,SCAN_L,27,161217794029549079,177.614668,177.587646484,48430,387704,10897917077796498645
GIST,half,32,2,4,SCAN_L,26,13539082034095136927,177.603611,177.585021973,37,560,9838144373337488345
GIST,half,32,2,4,SCAN_L,25,13585693668991832971,177.61448,177.585662842,4997,40240,8060471171494153783
GIST,half,32,2,4,SCAN_L,24,1048821632111722058,177.61283,177.589599609,20642,165400,15602677906020214158
GIST,half,32,2,4,SCAN_L,23,10851237028586424301,177.608509,177.58493042,21765,174384,7548619885067429970
GIST,half,32,2,4,SCAN_L,22,5004653838559619408,177.605495,177.583999634,19492,156200,15755818672585262164
GIST,half,32,2,4,SCAN_L,21,3486346971057125245,177.607606,177.583526611,26397,211440,8960657414760105658
GIST,half,32,2,4,SCAN_L,20,10712815744133708220,177.599254,177.582077026,172,1640,17430303074918329068
GIST,half,32,2,4,SCAN_L,19,15820513675728183516,177.603779,177.582107544,19116,153192,6060893219430260750
GIST,half,32,2,4,SCAN_L,18,10765395806018310607,177.612026,177.58505249,46194,369816,7444862595273582325
GIST,half,32,2,4,SCAN_L,17,2222729423292320042,177.610507,177.585159302,30994,248216,3826611666964392027
GIST,half,32,2,4,SCAN_L,16,8534462434835011887,177.604985,177.582275391,23577,188880,3778250351653536887
GIST,half,32,2,4,SCAN_L,15,4980500077960720760,177.608687,177.583618164,28894,231416,17240864116231060822
GIST,half,32,2,4,SCAN_L,14,3185229373934033660,177.60473,177.582977295,18207,145920,13654456654282768996
GIST,half,32,2,4,SCAN_L,13,1075722662635840942,177.611798,177.582305908,40720,326024,4270533297038567303
GIST,half,32,2,4,SCAN_L,12,13216066866632432715,177.629324,177.586242676,61490,492184,8239061200449829015
GIST,half,32,2,4,SCAN_L,11,12325065973520304682,177.625902,177.588088989,58591,468992,267835482051343214
GIST,half,32,2,4,SCAN_L,10,5544530460631338786,177.600159,177.582977295,150,1464,13924800278538701120
GIST,half,32,2,4,SCAN_L,9,7601489796430488175,177.613709,177.586395264,31506,252312,1329596921172543006
GIST,half,32,2,4,SCAN_L,8,15783018974750835728,177.613188,177.583847046,49929,399696,4190309505508178420
GIST,half,32,2,4,SCAN_L,7,7872727791650862151,177.602671,177.584030151,175,1664,4643210386447554668
GIST,half,32,2,4,SCAN_L,6,4668807861364956970,177.621545,177.584442139,63820,510824,10099402955953869603
GIST,half,32,2,4,SCAN_L,5,8419766857112927641,177.601158,177.583129883,3420,27624,17792685588925117483
GIST,half,32,2,4,SCAN_L,4,9368830554395401223,177.938317,177.887649536,101125,809264,13109810449993187880
GIST,half,32,2,4,SCAN_L,3,17322893638147462453,177.603646,177.587142944,2062,16760,7116414848619904563
GIST,half,32,2,4,SCAN_L,2,9607284371048990950,177.615087,177.584472656,20776,166472,17020235287267412215
GIST,half,32,2,4,SCAN_L,1,3085188792669438576,177.615625,177.587036133,43556,348712,7751775623948015455
GIST,half,32,2,4,SCAN_L,0,13392786189952033124,177.611613,177.585021973,29566,236792,17654899910400677031
GIST,half,32,2,4,C_ID_L,31,7995077726280952526,151.207911,151.188186646,35,544,17738710621554888361
GIST,half,32,2,4,C_ID_L,30,14416838764258129161,159.419735,159.402084351,3945,31824,15666152673139803166
GIST,half,32,2,4,C_ID_L,29,15030165245001765777,156.297383,156.278137207,5275,42464,13081611358792727333
GIST,half,32,2,4,C_ID_L,28,306400533752808697,145.933754,145.910980225,38,568,15415108955034365904
GIST,half,32,2,4,C_ID_L,27,161217794029549079,143.007367,142.976989746,48430,387704,10897917077796498645
GIST,half,32,2,4,C_ID_L,26,13539082034095136927,154.730068,154.70690918,37,560,9838144373337488345
GIST,half,32,2,4,C_ID_L,25,13585693668991832971,157.061864,157.044570923,4997,40240,8060471171494153783
GIST,half,32,2,4,C_ID_L,24,1048821632111722058,146.847366,146.817565918,20642,165400,15602677906020214158
GIST,half,32,2,4,C_ID_L,23,10851237028586424301,143.603717,143.576126099,21765,174384,7548619885067429970
GIST,half,32,2,4,C_ID_L,22,5004653838559619408,140.320338,140.292480469,19492,156200,15755818672585262164
GIST,half,32,2,4,C_ID_L,21,3486346971057125245,160.90818,160.883804321,26397,211440,8960657414760105658
GIST,half,32,2,4,C_ID_L,20,10712815744133708220,149.44345,149.423324585,172,1640,17430303074918329068
GIST,half,32,2,4,C_ID_L,19,15820513675728183516,161.185165,161.157409668,19116,153192,6060893219430260750
GIST,half,32,2,4,C_ID_L,18,10765395806018310607,147.417604,147.386566162,46194,369816,7444862595273582325
GIST,half,32,2,4,C_ID_L,17,2222729423292320042,161.463355,161.436096191,30994,248216,3826611666964392027
GIST,half,32,2,4,C_ID_L,16,8534462434835011887,131.885841,131.861633301,23577,188880,3778250351653536887
GIST,half,32,2,4,C_ID_L,15,4980500077960720760,162.925938,162.898406982,28894,231416,17240864116231060822
GIST,half,32,2,4,C_ID_L,14,3185229373934033660,146.836904,146.807876587,18207,145920,13654456654282768996
GIST,half,32,2,4,C_ID_L,13,1075722662635840942,155.907959,155.874206543,40720,326024,4270533297038567303
GIST,half,32,2,4,C_ID_L,12,13216066866632432715,139.808778,139.771392822,61490,492184,8239061200449829015
GIST,half,32,2,4,C_ID_L,11,12325065973520304682,148.449682,148.408889771,58591,468992,267835482051343214
GIST,half,32,2,4,C_ID_L,10,5544530460631338786,153.552834,153.53302002,150,1464,13924800278538701120
GIST,half,32,2,4,C_ID_L,9,7601489796430488175,152.386907,152.359069824,31506,252312,1329596921172543006
GIST,half,32,2,4,C_ID_L,8,15783018974750835728,150.304606,150.269790649,49929,399696,4190309505508178420
GIST,half,32,2,4,C_ID_L,7,7872727791650862151,157.054643,157.035873413,175,1664,4643210386447554668
GIST,half,32,2,4,C_ID_L,6,4668807861364956970,146.260799,146.217636108,63820,510824,10099402955953869603
GIST,half,32,2,4,C_ID_L,5,8419766857112927641,155.346424,155.310821533,3420,27624,17792685588925117483
GIST,half,32,2,4,C_ID_L,4,9368830554395401223,143.087429,143.040039062,101125,809264,13109810449993187880
GIST,half,32,2,4,C_ID_L,3,17322893638147462453,144.745311,144.726745605,2062,16760,7116414848619904563
GIST,half,32,2,4,C_ID_L,2,9607284371048990950,135.398232,135.374267578,20776,166472,17020235287267412215
GIST,half,32,2,4,C_ID_L,1,3085188792669438576,147.706248,147.676513672,43556,348712,7751775623948015455
GIST,half,32,2,4,C_ID_L,0,13392786189952033124,154.741515,154.70854187,29566,236792,17654899910400677031
GIST,half,32,2,4,C_MASK_L,31,7995077726280952526,141.057457,141.039291382,35,544,17738710621554888361
GIST,half,32,2,4,C_MASK_L,30,14416838764258129161,148.119162,148.09564209,3945,31824,15666152673139803166
GIST,half,32,2,4,C_MASK_L,29,15030165245001765777,145.013052,144.994369507,5275,42464,13081611358792727333
GIST,half,32,2,4,C_MASK_L,28,306400533752808697,136.709651,136.692092896,38,568,15415108955034365904
GIST,half,32,2,4,C_MASK_L,27,161217794029549079,134.028243,134.000839233,48430,387704,10897917077796498645
GIST,half,32,2,4,C_MASK_L,26,13539082034095136927,143.540091,143.52482605,37,560,9838144373337488345
GIST,half,32,2,4,C_MASK_L,25,13585693668991832971,145.79873,145.77746582,4997,40240,8060471171494153783
GIST,half,32,2,4,C_MASK_L,24,1048821632111722058,137.953436,137.922302246,20642,165400,15602677906020214158
GIST,half,32,2,4,C_MASK_L,23,10851237028586424301,134.893499,134.864227295,21765,174384,7548619885067429970
GIST,half,32,2,4,C_MASK_L,22,5004653838559619408,131.585355,131.560897827,19492,156200,15755818672585262164
GIST,half,32,2,4,C_MASK_L,21,3486346971057125245,149.0882,149.062240601,26397,211440,8960657414760105658
GIST,half,32,2,4,C_MASK_L,20,10712815744133708220,140.024302,140.006149292,172,1640,17430303074918329068
GIST,half,32,2,4,C_MASK_L,19,15820513675728183516,149.279782,149.255386353,19116,153192,6060893219430260750
GIST,half,32,2,4,C_MASK_L,18,10765395806018310607,137.566562,137.531616211,46194,369816,7444862595273582325
GIST,half,32,2,4,C_MASK_L,17,2222729423292320042,149.602769,149.576263428,30994,248216,3826611666964392027
GIST,half,32,2,4,C_MASK_L,16,8534462434835011887,125.185855,125.154403687,23577,188880,3778250351653536887
GIST,half,32,2,4,C_MASK_L,15,4980500077960720760,150.673203,150.643264771,28894,231416,17240864116231060822
GIST,half,32,2,4,C_MASK_L,14,3185229373934033660,137.113093,137.08770752,18207,145920,13654456654282768996
GIST,half,32,2,4,C_MASK_L,13,1075722662635840942,145.04975,145.01449585,40720,326024,4270533297038567303
GIST,half,32,2,4,C_MASK_L,12,13216066866632432715,131.094146,131.051864624,61490,492184,8239061200449829015
GIST,half,32,2,4,C_MASK_L,11,12325065973520304682,138.864916,138.826141357,58591,468992,267835482051343214
GIST,half,32,2,4,C_MASK_L,10,5544530460631338786,142.99593,142.974304199,150,1464,13924800278538701120
GIST,half,32,2,4,C_MASK_L,9,7601489796430488175,142.209693,142.180358887,31506,252312,1329596921172543006
GIST,half,32,2,4,C_MASK_L,8,15783018974750835728,140.532598,140.499267578,49929,399696,4190309505508178420
GIST,half,32,2,4,C_MASK_L,7,7872727791650862151,145.649633,145.632507324,175,1664,4643210386447554668
GIST,half,32,2,4,C_MASK_L,6,4668807861364956970,136.688616,136.647964478,63820,510824,10099402955953869603
GIST,half,32,2,4,C_MASK_L,5,8419766857112927641,144.518448,144.50239563,3420,27624,17792685588925117483
GIST,half,32,2,4,C_MASK_L,4,9368830554395401223,134.116779,134.064987183,101125,809264,13109810449993187880
GIST,half,32,2,4,C_MASK_L,3,17322893638147462453,135.295546,135.27734375,2062,16760,7116414848619904563
GIST,half,32,2,4,C_MASK_L,2,9607284371048990950,127.493475,127.467170715,20776,166472,17020235287267412215
GIST,half,32,2,4,C_MASK_L,1,3085188792669438576,138.503477,138.470336914,43556,348712,7751775623948015455
GIST,half,32,2,4,C_MASK_L,0,13392786189952033124,144.29894,144.271682739,29566,236792,17654899910400677031
GIST,half,32,2,4,C_TASK_L,31,7995077726280952526,177.269908,177.252090454,35,544,17738710621554888361
GIST,half,32,2,4,C_TASK_L,30,14416838764258129161,180.205817,180.189346313,3945,31824,15666152673139803166
GIST,half,32,2,4,C_TASK_L,29,15030165245001765777,178.968132,178.951263428,5275,42464,13081611358792727333
GIST,half,32,2,4,C_TASK_L,28,306400533752808697,175.365751,175.348480225,38,568,15415108955034365904
GIST,half,32,2,4,C_TASK_L,27,161217794029549079,171.894024,171.870361328,48430,387704,10897917077796498645
GIST,half,32,2,4,C_TASK_L,26,13539082034095136927,177.09325,177.07081604,37,560,9838144373337488345
GIST,half,32,2,4,C_TASK_L,25,13585693668991832971,178.992703,178.975448608,4997,40240,8060471171494153783
GIST,half,32,2,4,C_TASK_L,24,1048821632111722058,181.159359,181.129501343,20642,165400,15602677906020214158
GIST,half,32,2,4,C_TASK_L,23,10851237028586424301,179.976956,179.946182251,21765,174384,7548619885067429970
GIST,half,32,2,4,C_TASK_L,22,5004653838559619408,172.985576,172.955810547,19492,156200,15755818672585262164
GIST,half,32,2,4,C_TASK_L,21,3486346971057125245,180.13847,180.107803345,26397,211440,8960657414760105658
GIST,half,32,2,4,C_TASK_L,20,10712815744133708220,180.054176,180.032699585,172,1640,17430303074918329068
GIST,half,32,2,4,C_TASK_L,19,15820513675728183516,180.221492,180.200317383,19116,153192,6060893219430260750
GIST,half,32,2,4,C_TASK_L,18,10765395806018310607,176.507044,176.46774292,46194,369816,7444862595273582325
GIST,half,32,2,4,C_TASK_L,17,2222729423292320042,179.452714,179.424346924,30994,248216,3826611666964392027
GIST,half,32,2,4,C_TASK_L,16,8534462434835011887,175.815256,175.789505005,23577,188880,3778250351653536887
GIST,half,32,2,4,C_TASK_L,15,4980500077960720760,181.393452,181.366592407,28894,231416,17240864116231060822
GIST,half,32,2,4,C_TASK_L,14,3185229373934033660,175.308943,175.286621094,18207,145920,13654456654282768996
GIST,half,32,2,4,C_TASK_L,13,1075722662635840942,180.427537,180.398880005,40720,326024,4270533297038567303
GIST,half,32,2,4,C_TASK_L,12,13216066866632432715,171.818568,171.779296875,61490,492184,8239061200449829015
GIST,half,32,2,4,C_TASK_L,11,12325065973520304682,177.70737,177.670913696,58591,468992,267835482051343214
GIST,half,32,2,4,C_TASK_L,10,5544530460631338786,180.805822,180.782562256,150,1464,13924800278538701120
GIST,half,32,2,4,C_TASK_L,9,7601489796430488175,181.581679,181.545318604,31506,252312,1329596921172543006
GIST,half,32,2,4,C_TASK_L,8,15783018974750835728,180.388633,180.351715088,49929,399696,4190309505508178420
GIST,half,32,2,4,C_TASK_L,7,7872727791650862151,180.122249,180.104446411,175,1664,4643210386447554668
GIST,half,32,2,4,C_TASK_L,6,4668807861364956970,172.257328,172.215332031,63820,510824,10099402955953869603
GIST,half,32,2,4,C_TASK_L,5,8419766857112927641,178.90789,178.889404297,3420,27624,17792685588925117483
GIST,half,32,2,4,C_TASK_L,4,9368830554395401223,171.893068,171.844741821,101125,809264,13109810449993187880
GIST,half,32,2,4,C_TASK_L,3,17322893638147462453,173.26259,173.239334106,2062,16760,7116414848619904563
GIST,half,32,2,4,C_TASK_L,2,9607284371048990950,168.529714,168.506118774,20776,166472,17020235287267412215
GIST,half,32,2,4,C_TASK_L,1,3085188792669438576,181.792724,181.755966187,43556,348712,7751775623948015455
GIST,half,32,2,4,C_TASK_L,0,13392786189952033124,180.116998,180.083587646,29566,236792,17654899910400677031
GIST,half,32,2,4,SCAN_E,31,7995077726280952526,46.531189,46.515296936,35,544,17738710621554888361
GIST,half,32,2,4,SCAN_E,30,14416838764258129161,58.907183,58.8840637207,3945,31824,15666152673139803166
GIST,half,32,2,4,SCAN_E,29,15030165245001765777,60.102972,60.0831031799,5275,42464,13081611358792727333
GIST,half,32,2,4,SCAN_E,28,306400533752808697,51.274503,51.2546882629,38,568,15415108955034365904
GIST,half,32,2,4,SCAN_E,27,161217794029549079,59.131801,59.103969574,48430,387704,10897917077796498645
GIST,half,32,2,4,SCAN_E,26,13539082034095136927,50.096824,50.0823020935,37,560,9838144373337488345
GIST,half,32,2,4,SCAN_E,25,13585693668991832971,48.47254,48.4520645142,4997,40240,8060471171494153783
GIST,half,32,2,4,SCAN_E,24,1048821632111722058,59.024261,58.9998397827,20642,165400,15602677906020214158
GIST,half,32,2,4,SCAN_E,23,10851237028586424301,56.608554,56.5845451355,21765,174384,7548619885067429970
GIST,half,32,2,4,SCAN_E,22,5004653838559619408,54.930646,54.90284729,19492,156200,15755818672585262164
GIST,half,32,2,4,SCAN_E,21,3486346971057125245,54.760141,54.7361907959,26397,211440,8960657414760105658
GIST,half,32,2,4,SCAN_E,20,10712815744133708220,54.469946,54.4492492676,172,1640,17430303074918329068
GIST,half,32,2,4,SCAN_E,19,15820513675728183516,60.547951,60.5261421204,19116,153192,6060893219430260750
GIST,half,32,2,4,SCAN_E,18,10765395806018310607,50.359132,50.328704834,46194,369816,7444862595273582325
GIST,half,32,2,4,SCAN_E,17,2222729423292320042,58.976694,58.9451217651,30994,248216,3826611666964392027
GIST,half,32,2,4,SCAN_E,16,8534462434835011887,50.89994,50.878112793,23577,188880,3778250351653536887
GIST,half,32,2,4,SCAN_E,15,4980500077960720760,61.143377,61.1169929504,28894,231416,17240864116231060822
GIST,half,32,2,4,SCAN_E,14,3185229373934033660,58.518198,58.4941749573,18207,145920,13654456654282768996
GIST,half,32,2,4,SCAN_E,13,1075722662635840942,56.146342,56.117313385,40720,326024,4270533297038567303
GIST,half,32,2,4,SCAN_E,12,13216066866632432715,57.412126,57.3736305237,61490,492184,8239061200449829015
GIST,half,32,2,4,SCAN_E,11,12325065973520304682,52.226642,52.1931533813,58591,468992,267835482051343214
GIST,half,32,2,4,SCAN_E,10,5544530460631338786,53.31799,53.3022384644,150,1464,13924800278538701120
GIST,half,32,2,4,SCAN_E,9,7601489796430488175,54.405385,54.3800010681,31506,252312,1329596921172543006
GIST,half,32,2,4,SCAN_E,8,15783018974750835728,56.365663,56.3279342651,49929,399696,4190309505508178420
GIST,half,32,2,4,SCAN_E,7,7872727791650862151,56.669798,56.653503418,175,1664,4643210386447554668
GIST,half,32,2,4,SCAN_E,6,4668807861364956970,56.641424,56.6064338684,63820,510824,10099402955953869603
GIST,half,32,2,4,SCAN_E,5,8419766857112927641,53.990492,53.9719352722,3420,27624,17792685588925117483
GIST,half,32,2,4,SCAN_E,4,9368830554395401223,58.590335,58.5414085388,101125,809264,13109810449993187880
GIST,half,32,2,4,SCAN_E,3,17322893638147462453,53.621367,53.6034240723,2062,16760,7116414848619904563
GIST,half,32,2,4,SCAN_E,2,9607284371048990950,55.605588,55.5808334351,20776,166472,17020235287267412215
GIST,half,32,2,4,SCAN_E,1,3085188792669438576,60.189057,60.1601600647,43556,348712,7751775623948015455
GIST,half,32,2,4,SCAN_E,0,13392786189952033124,55.855357,55.8305282593,29566,236792,17654899910400677031
GIST,half,32,2,4,C_ID_E,31,7995077726280952526,51.397839,51.3812141418,35,544,17738710621554888361
GIST,half,32,2,4,C_ID_E,30,14416838764258129161,65.899054,65.8830108643,3945,31824,15666152673139803166
GIST,half,32,2,4,C_ID_E,29,15030165245001765777,65.813168,65.7930908203,5275,42464,13081611358792727333
GIST,half,32,2,4,C_ID_E,28,306400533752808697,54.261652,54.2427215576,38,568,15415108955034365904
GIST,half,32,2,4,C_ID_E,27,161217794029549079,58.973272,58.9517440796,48430,387704,10897917077796498645
GIST,half,32,2,4,C_ID_E,26,13539082034095136927,55.996052,55.9809608459,37,560,9838144373337488345
GIST,half,32,2,4,C_ID_E,25,13585693668991832971,54.519541,54.5009613037,4997,40240,8060471171494153783
GIST,half,32,2,4,C_ID_E,24,1048821632111722058,63.459705,63.4335670471,20642,165400,15602677906020214158
GIST,half,32,2,4,C_ID_E,23,10851237028586424301,56.554282,56.5313262939,21765,174384,7548619885067429970
GIST,half,32,2,4,C_ID_E,22,5004653838559619408,55.488592,55.4670410156,19492,156200,15755818672585262164
GIST,half,32,2,4,C_ID_E,21,3486346971057125245,61.484962,61.4631347656,26397,211440,8960657414760105658
GIST,half,32,2,4,C_ID_E,20,10712815744133708220,58.13423,58.1172790527,172,1640,17430303074918329068
GIST,half,32,2,4,C_ID_E,19,15820513675728183516,68.865581,68.8372497559,19116,153192,6060893219430260750
GIST,half,32,2,4,C_ID_E,18,10765395806018310607,55.565454,55.5294418335,46194,369816,7444862595273582325
GIST,half,32,2,4,C_ID_E,17,2222729423292320042,67.027066,66.9982070923,30994,248216,3826611666964392027
GIST,half,32,2,4,C_ID_E,16,8534462434835011887,51.871089,51.8456306458,23577,188880,3778250351653536887
GIST,half,32,2,4,C_ID_E,15,4980500077960720760,68.697977,68.671585083,28894,231416,17240864116231060822
GIST,half,32,2,4,C_ID_E,14,3185229373934033660,64.981991,64.958656311,18207,145920,13654456654282768996
GIST,half,32,2,4,C_ID_E,13,1075722662635840942,62.116468,62.0865287781,40720,326024,4270533297038567303
GIST,half,32,2,4,C_ID_E,12,13216066866632432715,58.015012,57.9754257202,61490,492184,8239061200449829015
GIST,half,32,2,4,C_ID_E,11,12325065973520304682,55.952908,55.9165115356,58591,468992,267835482051343214
GIST,half,32,2,4,C_ID_E,10,5544530460631338786,59.447875,59.4316177368,150,1464,13924800278538701120
GIST,half,32,2,4,C_ID_E,9,7601489796430488175,59.71555,59.6853752136,31506,252312,1329596921172543006
GIST,half,32,2,4,C_ID_E,8,15783018974750835728,61.121776,61.0827217102,49929,399696,4190309505508178420
GIST,half,32,2,4,C_ID_E,7,7872727791650862151,61.934055,61.9175987244,175,1664,4643210386447554668
GIST,half,32,2,4,C_ID_E,6,4668807861364956970,59.20814,59.1704978943,63820,510824,10099402955953869603
GIST,half,32,2,4,C_ID_E,5,8419766857112927641,59.828392,59.8100814819,3420,27624,17792685588925117483
GIST,half,32,2,4,C_ID_E,4,9368830554395401223,60.570833,60.517665863,101125,809264,13109810449993187880
GIST,half,32,2,4,C_ID_E,3,17322893638147462453,55.208115,55.1899528503,2062,16760,7116414848619904563
GIST,half,32,2,4,C_ID_E,2,9607284371048990950,57.314573,57.2878417969,20776,166472,17020235287267412215
GIST,half,32,2,4,C_ID_E,1,3085188792669438576,64.327955,64.2980499268,43556,348712,7751775623948015455
GIST,half,32,2,4,C_ID_E,0,13392786189952033124,61.583512,61.5582733154,29566,236792,17654899910400677031
GIST,half,32,2,4,C_MASK_E,31,7995077726280952526,40.774149,40.7565765381,35,544,17738710621554888361
GIST,half,32,2,4,C_MASK_E,30,14416838764258129161,51.951123,51.9306869507,3945,31824,15666152673139803166
GIST,half,32,2,4,C_MASK_E,29,15030165245001765777,51.706386,51.6895370483,5275,42464,13081611358792727333
GIST,half,32,2,4,C_MASK_E,28,306400533752808697,42.992152,42.9766082764,38,568,15415108955034365904
GIST,half,32,2,4,C_MASK_E,27,161217794029549079,47.489514,47.4658546448,48430,387704,10897917077796498645
GIST,half,32,2,4,C_MASK_E,26,13539082034095136927,44.200762,44.1852149963,37,560,9838144373337488345
GIST,half,32,2,4,C_MASK_E,25,13585693668991832971,43.207038,43.1899185181,4997,40240,8060471171494153783
GIST,half,32,2,4,C_MASK_E,24,1048821632111722058,50.705657,50.6823043823,20642,165400,15602677906020214158
GIST,half,32,2,4,C_MASK_E,23,10851237028586424301,45.321535,45.2984313965,21765,174384,7548619885067429970
GIST,half,32,2,4,C_MASK_E,22,5004653838559619408,44.314296,44.2882575989,19492,156200,15755818672585262164
GIST,half,32,2,4,C_MASK_E,21,3486346971057125245,48.503063,48.4753913879,26397,211440,8960657414760105658
GIST,half,32,2,4,C_MASK_E,20,10712815744133708220,46.325724,46.3094406128,172,1640,17430303074918329068
GIST,half,32,2,4,C_MASK_E,19,15820513675728183516,54.477553,54.4491539001,19116,153192,6060893219430260750
GIST,half,32,2,4,C_MASK_E,18,10765395806018310607,44.202486,44.1656951904,46194,369816,7444862595273582325
GIST,half,32,2,4,C_MASK_E,17,2222729423292320042,52.780297,52.7532157898,30994,248216,3826611666964392027
GIST,half,32,2,4,C_MASK_E,16,8534462434835011887,41.709903,41.683681488,23577,188880,3778250351653536887
GIST,half,32,2,4,C_MASK_E,15,4980500077960720760,54.467192,54.4405441284,28894,231416,17240864116231060822
GIST,half,32,2,4,C_MASK_E,14,3185229373934033660,51.341127,51.3144950867,18207,145920,13654456654282768996
GIST,half,32,2,4,C_MASK_E,13,1075722662635840942,49.182161,49.1502723694,40720,326024,4270533297038567303
GIST,half,32,2,4,C_MASK_E,12,13216066866632432715,46.340939,46.2066879272,61490,492184,8239061200449829015
GIST,half,32,2,4,C_MASK_E,11,12325065973520304682,44.772621,44.7238731384,58591,468992,267835482051343214
GIST,half,32,2,4,C_MASK_E,10,5544530460631338786,47.150266,47.123134613,150,1464,13924800278538701120
GIST,half,32,2,4,C_MASK_E,9,7601489796430488175,47.687061,47.6584968567,31506,252312,1329596921172543006
GIST,half,32,2,4,C_MASK_E,8,15783018974750835728,48.517228,48.4786224365,49929,399696,4190309505508178420
GIST,half,32,2,4,C_MASK_E,7,7872727791650862151,48.805985,48.784286499,175,1664,4643210386447554668
GIST,half,32,2,4,C_MASK_E,6,4668807861364956970,47.083808,47.0433273315,63820,510824,10099402955953869603
GIST,half,32,2,4,C_MASK_E,5,8419766857112927641,47.422683,47.4055366516,3420,27624,17792685588925117483
GIST,half,32,2,4,C_MASK_E,4,9368830554395401223,48.607638,48.5564804077,101125,809264,13109810449993187880
GIST,half,32,2,4,C_MASK_E,3,17322893638147462453,43.796616,43.7741775513,2062,16760,7116414848619904563
GIST,half,32,2,4,C_MASK_E,2,9607284371048990950,45.781156,45.7518730164,20776,166472,17020235287267412215
GIST,half,32,2,4,C_MASK_E,1,3085188792669438576,51.296301,51.2658882141,43556,348712,7751775623948015455
GIST,half,32,2,4,C_MASK_E,0,13392786189952033124,49.68728,49.6571846008,29566,236792,17654899910400677031
GIST,half,32,2,4,C_TASK_E,31,7995077726280952526,40.805784,40.7881278992,35,544,17738710621554888361
GIST,half,32,2,4,C_TASK_E,30,14416838764258129161,51.768811,51.7534713745,3945,31824,15666152673139803166
GIST,half,32,2,4,C_TASK_E,29,15030165245001765777,51.546915,51.5241279602,5275,42464,13081611358792727333
GIST,half,32,2,4,C_TASK_E,28,306400533752808697,42.783141,42.7645759583,38,568,15415108955034365904
GIST,half,32,2,4,C_TASK_E,27,161217794029549079,47.275635,47.2531204224,48430,387704,10897917077796498645
GIST,half,32,2,4,C_TASK_E,26,13539082034095136927,43.975766,43.9577293396,37,560,9838144373337488345
GIST,half,32,2,4,C_TASK_E,25,13585693668991832971,43.016597,43.0000953674,4997,40240,8060471171494153783
GIST,half,32,2,4,C_TASK_E,24,1048821632111722058,50.575471,50.5515518188,20642,165400,15602677906020214158
GIST,half,32,2,4,C_TASK_E,23,10851237028586424301,45.11258,45.0871047974,21765,174384,7548619885067429970
GIST,half,32,2,4,C_TASK_E,22,5004653838559619408,44.15293,44.1330871582,19492,156200,15755818672585262164
GIST,half,32,2,4,C_TASK_E,21,3486346971057125245,48.284247,48.2599029541,26397,211440,8960657414760105658
GIST,half,32,2,4,C_TASK_E,20,10712815744133708220,46.093614,46.0768318176,172,1640,17430303074918329068
GIST,half,32,2,4,C_TASK_E,19,15820513675728183516,54.174211,54.1500473022,19116,153192,6060893219430260750
GIST,half,32,2,4,C_TASK_E,18,10765395806018310607,44.056058,44.0228462219,46194,369816,7444862595273582325
GIST,half,32,2,4,C_TASK_E,17,2222729423292320042,52.566615,52.5367698669,30994,248216,3826611666964392027
GIST,half,32,2,4,C_TASK_E,16,8534462434835011887,41.500639,41.4722862244,23577,188880,3778250351653536887
GIST,half,32,2,4,C_TASK_E,15,4980500077960720760,54.076104,54.0427513123,28894,231416,17240864116231060822
GIST,half,32,2,4,C_TASK_E,14,3185229373934033660,51.13393,51.1104011536,18207,145920,13654456654282768996
GIST,half,32,2,4,C_TASK_E,13,1075722662635840942,49.113753,49.0774078369,40720,326024,4270533297038567303
GIST,half,32,2,4,C_TASK_E,12,13216066866632432715,45.986234,45.9518089294,61490,492184,8239061200449829015
GIST,half,32,2,4,C_TASK_E,11,12325065973520304682,44.491819,44.4510726929,58591,468992,267835482051343214
GIST,half,32,2,4,C_TASK_E,10,5544530460631338786,46.939627,46.9233589172,150,1464,13924800278538701120
GIST,half,32,2,4,C_TASK_E,9,7601489796430488175,47.374102,47.3436164856,31506,252312,1329596921172543006
GIST,half,32,2,4,C_TASK_E,8,15783018974750835728,48.345413,48.3124160767,49929,399696,4190309505508178420
GIST,half,32,2,4,C_TASK_E,7,7872727791650862151,48.485861,48.4644165039,175,1664,4643210386447554668
GIST,half,32,2,4,C_TASK_E,6,4668807861364956970,46.920022,46.8854064941,63820,510824,10099402955953869603
GIST,half,32,2,4,C_TASK_E,5,8419766857112927641,47.256789,47.2353935242,3420,27624,17792685588925117483
GIST,half,32,2,4,C_TASK_E,4,9368830554395401223,47.985513,47.9360656738,101125,809264,13109810449993187880
GIST,half,32,2,4,C_TASK_E,3,17322893638147462453,43.631669,43.6098556519,2062,16760,7116414848619904563
GIST,half,32,2,4,C_TASK_E,2,9607284371048990950,45.628578,45.599647522,20776,166472,17020235287267412215
GIST,half,32,2,4,C_TASK_E,1,3085188792669438576,50.995932,50.9653778076,43556,348712,7751775623948015455
GIST,half,32,2,4,C_TASK_E,0,13392786189952033124,49.306652,49.281791687,29566,236792,17654899910400677031
GIST,half,8,2,5,SCAN_L,0,14628893485838184760,44.700628,44.680606842,805,6512,12049670356140927271
GIST,half,8,2,5,SCAN_L,1,5277735151802382403,44.700841,44.6823997498,5815,46592,12495090360753926488
GIST,half,8,2,5,SCAN_L,2,12949723088018134982,44.700857,44.6800308228,12,168,17798676870000866351
GIST,half,8,2,5,SCAN_L,3,17912368726981257746,44.704987,44.6808624268,22934,183544,3513084467399214196
GIST,half,8,2,5,SCAN_L,4,6813717409520896539,44.707474,44.6831665039,17913,143376,10240984302992681904
GIST,half,8,2,5,SCAN_L,5,15746877753817476956,44.70767,44.6805458069,25267,202208,5187200889313214686
GIST,half,8,2,5,SCAN_L,6,13750152615788058147,44.700795,44.6817588806,367,3008,8703337812097627909
GIST,half,8,2,5,SCAN_L,7,7966444742523137199,44.70114,44.6804161072,9,144,294158670510647467
GIST,half,8,2,5,SCAN_L,8,3722915141321120792,44.700836,44.68019104,16,200,17247831106653997488
GIST,half,8,2,5,SCAN_L,9,4680770526928094267,44.701801,44.6809616089,9,144,6185833218944131429
GIST,half,8,2,5,SCAN_L,10,16634692065747566502,44.699971,44.6791992188,9,144,13324388130527482689
GIST,half,8,2,5,SCAN_L,11,407413494807729236,44.708268,44.6802253723,20742,166008,748099361995206288
GIST,half,8,2,5,SCAN_L,12,17460078167775218888,44.700459,44.6797447205,219,1824,12113822531377232237
GIST,half,8,2,5,SCAN_L,13,12716887085642250387,44.702329,44.6802253723,10,152,5751298164538243026
GIST,half,8,2,5,SCAN_L,14,18369275761964115190,44.700642,44.6776657104,8,136,17294034751593305288
GIST,half,8,2,5,SCAN_L,15,5936729861741803939,44.701359,44.6801261902,1825,14672,4523878408681453459
GIST,half,8,2,5,SCAN_L,16,3537798568722033093,44.71462,44.6836471558,45233,361936,10934986133749753810
GIST,half,8,2,5,SCAN_L,17,9906517406195203870,44.710853,44.6808013916,28764,230184,13893008974686436000
GIST,half,8,2,5,SCAN_L,18,3071783437712951460,44.700799,44.6820793152,9,144,4097877200455553912
GIST,half,8,2,5,SCAN_L,19,4844542844294841975,44.710883,44.6824302673,27119,217024,3036884596305404821
GIST,half,8,2,5,SCAN_L,20,13580243989274015108,44.700745,44.6781425476,13,176,12167542613742431786
GIST,half,8,2,5,SCAN_L,21,2715171980480150680,44.700918,44.682144165,3295,26432,4697067458263101281
GIST,half,8,2,5,SCAN_L,22,9583610160574751482,44.700978,44.6808319092,104,904,17584774084035178489
GIST,half,8,2,5,SCAN_L,23,3351983320614235452,44.698535,44.6804161072,8,136,10795653417440584118
GIST,half,8,2,5,SCAN_L,24,14343238801608074176,44.706338,44.6810874939,8,136,335641030610087762
GIST,half,8,2,5,SCAN_L,25,15312881684633933655,44.713601,44.6826248169,32548,260456,16202494671275670828
GIST,half,8,2,5,SCAN_L,26,18398409255790635840,44.707183,44.6796150208,8,136,16965475016388596626
GIST,half,8,2,5,SCAN_L,27,14732108746546988498,44.721533,44.6873588562,31256,250120,10640609347284222608
GIST,half,8,2,5,SCAN_L,28,9719453371904557375,44.700969,44.6788482666,53,496,4295370152413759317
GIST,half,8,2,5,SCAN_L,29,7111803339956803225,44.694906,44.6788787842,9,144,11080742569331125641
GIST,half,8,2,5,SCAN_L,30,12630940382236276606,44.70242,44.6797103882,15,192,3888228134973069709
GIST,half,8,2,5,SCAN_L,31,16717924179856591400,44.697274,44.6808013916,98,856,12253136263172607446
GIST,half,8,2,5,SCAN_L,32,1018801991084754777,44.714177,44.6816978455,31191,249600,4139212840337583677
GIST,half,8,2,5,SCAN_L,33,17951213273852593361,44.704088,44.6825904846,8,136,7118776530039946925
GIST,half,8,2,5,SCAN_L,34,11193354026380747684,44.711284,44.6818237305,18718,149816,10323070077910272027
GIST,half,8,2,5,SCAN_L,35,7182522047579593487,44.7049,44.6814079285,12,168,13084839061348052764
GIST,half,8,2,5,SCAN_L,36,5862842069398405510,44.716332,44.6825294495,29682,237528,719140743100350364
GIST,half,8,2,5,SCAN_L,37,7931106857473092034,44.704225,44.6832313538,1642,13208,4836914976961728650
GIST,half,8,2,5,SCAN_L,38,13700905950939581536,44.70417,44.6815986633,9,144,10212566950510398326
GIST,half,8,2,5,SCAN_L,39,5134469820061381952,44.745439,44.6815032959,173,1456,11882963430235204481
GIST,half,8,2,5,SCAN_L,40,523521015842037129,44.72554,44.7043838501,118,1016,14906896884422937853
GIST,half,8,2,5,SCAN_L,41,15735649071512523416,44.7055,44.6822090149,11,160,6439908275319918567
GIST,half,8,2,5,SCAN_L,42,16130457613556805909,44.70294,44.6795501709,10,152,1351820667773349880
GIST,half,8,2,5,SCAN_L,43,3580392345773888933,44.701713,44.6783676147,11,160,7130942906748589245
GIST,half,8,2,5,SCAN_L,44,2657517881292301308,44.750299,44.6825904846,28625,229072,14362931499080891524
GIST,half,8,2,5,SCAN_L,45,10634279939165845196,44.700408,44.6808624268,11,160,13746219426551555317
GIST,half,8,2,5,SCAN_L,46,4808905104634366418,44.700734,44.6802253723,9,144,14613523175337427617
GIST,half,8,2,5,SCAN_L,47,197228195401547247,44.712811,44.6822395325,29946,239640,3603301588478779561
GIST,half,8,2,5,SCAN_L,48,8248488942050825693,44.704085,44.6837120056,10130,81112,4850681651806503319
GIST,half,8,2,5,SCAN_L,49,15716071042978413762,44.703816,44.6824302673,1785,14352,16881791907273901609
GIST,half,8,2,5,SCAN_L,50,2593988135360058460,44.733375,44.6884803772,49566,396600,10688624242403767082
GIST,half,8,2,5,SCAN_L,51,1321970314038155003,44.705729,44.6807670593,9,144,1725180568680233592
GIST,half,8,2,5,SCAN_L,52,10782300321295982446,44.704008,44.6846389771,11,160,2262457125570541601
GIST,half,8,2,5,SCAN_L,53,1181170520412032450,44.697788,44.6792640686,8,136,15161611065330365500
GIST,half,8,2,5,SCAN_L,54,12485651515614408301,44.71107,44.6823997498,27648,221256,13982227894810710128
GIST,half,8,2,5,SCAN_L,55,2573792055271618832,44.705047,44.6819839478,13053,104496,3700418904193080229
GIST,half,8,2,5,SCAN_L,56,13083263465047869035,44.705112,44.6838417053,10500,84072,6126299974183225491
GIST,half,8,2,5,SCAN_L,57,9021717632597148908,44.707394,44.6812171936,7688,61576,16146242436575770571
GIST,half,8,2,5,SCAN_L,58,9268774494751827706,44.706289,44.6841278076,9,144,2940493626614828053
GIST,half,8,2,5,SCAN_L,59,1580871052154375482,44.707388,44.6813774109,10,152,10996509777332881202
GIST,half,8,2,5,SCAN_L,60,2761207983275075740,44.712895,44.6839981079,27937,223568,8219627611328849196
GIST,half,8,2,5,SCAN_L,61,2620909581344322254,44.699223,44.6801605225,159,1344,18016158801479111709
GIST,half,8,2,5,SCAN_L,62,8560399019494154138,44.699815,44.6804161072,16,200,10995028448307505731
GIST,half,8,2,5,SCAN_L,63,9575871338223549139,44.702353,44.6814079285,782,6328,14236409939300756135
GIST,half,8,2,5,SCAN_L,64,12923444094630896693,44.70146,44.6795845032,9,144,10890240329654538100
GIST,half,8,2,5,SCAN_L,65,16264934943434005963,44.711671,44.6805763245,23549,188464,1717894044534139949
GIST,half,8,2,5,SCAN_L,66,6567103049086711526,44.699164,44.6816978455,9,144,2120391718945614396
GIST,half,8,2,5,SCAN_L,67,9413171363946879688,44.702663,44.6794242859,10,152,16410576142550180761
GIST,half,8,2,5,SCAN_L,68,17584159069416176766,44.701641,44.6790733337,8,136,14994419951185837632
GIST,half,8,2,5,SCAN_L,69,16370389120603384840,44.700506,44.6775360107,39,384,8893900566493377500
GIST,half,8,2,5,SCAN_L,70,7125887616712792012,44.706747,44.6824302673,30939,247584,2578173215488215435
GIST,half,8,2,5,SCAN_L,71,2653643927898021331,44.710362,44.6792640686,8,136,6674983760768613763
GIST,half,8,2,5,SCAN_L,72,2775573294919263248,45.008518,44.9885101318,14,184,2008831888728120970
GIST,half,8,2,5,SCAN_L,73,6275675870158489986,44.715304,44.6813774109,30287,242368,3965206015652614730
GIST,half,8,2,5,SCAN_L,74,17416559791252488439,44.710073,44.6815986633,15885,127152,9191986637692184623
GIST,half,8,2,5,SCAN_L,75,10629383663104694533,44.702647,44.6793289185,8,136,1959805352102410517
GIST,half,8,2,5,SCAN_L,76,6121457899850640239,44.694856,44.6786880493,10,152,10439922783850878615
GIST,half,8,2,5,SCAN_L,77,13772194458325883781,44.697041,44.6808013916,8,136,3119058093217859169
GIST,half,8,2,5,SCAN_L,78,384590151492374026,44.704035,44.6819534302,1145,9232,6824037880318392156
GIST,half,8,2,5,SCAN_L,79,17525024244829704515,44.712531,44.683391571,17953,143696,8782034102419046715
GIST,half,8,2,5,SCAN_L,80,8425382104893835461,44.704871,44.6803512573,138,1176,4615018082655609248
GIST,half,8,2,5,SCAN_L,81,4578548255021645869,44.696969,44.680065155,8,136,7309366345031128353
GIST,half,8,2,5,SCAN_L,82,17380680694385638840,44.705389,44.6817588806,10,152,17099624996036497700
GIST,half,8,2,5,SCAN_L,83,8711237166219394419,44.70434,44.6826248169,16,200,1159450716902794998
GIST,half,8,2,5,SCAN_L,84,10344073526508897281,44.696152,44.6796150208,10,152,12307297875457737052
GIST,half,8,2,5,SCAN_L,85,10946770602578419956,44.711568,44.6826248169,8,136,1403974257677289190
GIST,half,8,2,5,SCAN_L,86,6470508332142331894,44.717279,44.6941452026,3669,29424,3528509250306175135
GIST,half,8,2,5,SCAN_L,87,8534974539240644349,44.707086,44.6822395325,22710,181752,7440715000576488328
GIST,half,8,2,5,SCAN_L,88,17392447945923308625,44.706164,44.6822090149,11,160,16812603617364686395
GIST,half,8,2,5,SCAN_L,89,17243398098289356237,44.710904,44.6815376282,19381,155120,11341570227103404206
GIST,half,8,2,5,SCAN_L,90,1487146102952406162,44.702719,44.6826896667,9,144,11675729656657864315
GIST,half,8,2,5,SCAN_L,91,13351219280779986121,44.7043,44.6823692322,91,800,7129016086556790661
GIST,half,8,2,5,SCAN_L,92,7858987711662060174,44.71193,44.6829452515,16659,133344,18141791887973734438
GIST,half,8,2,5,SCAN_L,93,15824146815298812297,44.704729,44.6820144653,785,6352,16848583768543088517
GIST,half,8,2,5,SCAN_L,94,12966259267171903563,44.698435,44.6806716919,9,144,16525753693329126445
GIST,half,8,2,5,SCAN_L,95,13797457395031324342,44.70731,44.6840629578,4312,34568,8681946398460365715
GIST,half,8,2,5,SCAN_L,96,13118478308687119329,44.70937,44.681854248,12672,101448,12414488981634579085
GIST,half,8,2,5,SCAN_L,97,11331694305099227241,44.70737,44.6848335266,5629,45104,17435282213467792387
GIST,half,8,2,5,SCAN_L,98,1083222351448503346,44.703647,44.6812782288,30,312,14811157689777586302
GIST,half,8,2,5,SCAN_L,99,11723484149300992671,44.703716,44.682559967,2311,18560,15885591392866052173
GIST,half,8,2,5,SCAN_L,100,416867533671327684,44.705715,44.6831359863,4969,39824,18199109054269478174
GIST,half,8,2,5,SCAN_L,101,463556152314022137,44.69655,44.6799354553,9,144,17739438941913720152
GIST,half,8,2,5,SCAN_L,102,5023834620232924699,44.704581,44.6802558899,9,144,4345061276902095567
GIST,half,8,2,5,SCAN_L,103,3358090661935181962,44.699047,44.6817588806,10,152,206827504788997805
GIST,half,8,2,5,SCAN_L,104,6318150018815276835,44.706506,44.6811218262,8,136,6252710342366139043
GIST,half,8,2,5,SCAN_L,105,3382835124390735773,44.699121,44.680480957,10,152,1633465981209507262
GIST,half,8,2,5,SCAN_L,106,7862389240255096405,44.69552,44.6796798706,8,136,4454845205277636153
GIST,half,8,2,5,SCAN_L,107,12753255321128375907,44.703328,44.6798400879,11,160,3736671290085159878
GIST,half,8,2,5,SCAN_L,108,5137605947089590316,44.696854,44.679649353,22,248,8744501858676181288
GIST,half,8,2,5,SCAN_L,109,17603205654855495503,44.699663,44.6817932129,6920,55432,4734971902105951802
GIST,half,8,2,5,SCAN_L,110,10127478537340186675,44.696438,44.6803855896,10,152,1358658317263378375
GIST,half,8,2,5,SCAN_L,111,3665995180310526364,44.707413,44.6803512573,41478,331896,5661520465715040291
GIST,half,8,2,5,SCAN_L,112,10135745837711897539,44.698,44.6804466248,9,144,27334712204462216
GIST,half,8,2,5,SCAN_L,113,10535780349197406948,44.704192,44.6822395325,8,136,14415464039087190790
GIST,half,8,2,5,SCAN_L,114,10648647139011189564,44.703979,44.6812171936,12,168,6772672195218087492
GIST,half,8,2,5,SCAN_L,115,7649011970154020997,44.704193,44.6815032959,9,144,3206729205558378233
GIST,half,8,2,5,SCAN_L,116,476149813655704091,44.701377,44.677696228,10,152,8858849561569991435
GIST,half,8,2,5,SCAN_L,117,1006711879274558233,44.698579,44.6783676147,841,6800,11321619877609521957
GIST,half,8,2,5,SCAN_L,118,16469490972111288920,44.702287,44.6815681458,4028,32296,883241890903009633
GIST,half,8,2,5,SCAN_L,119,5858457743813147244,44.703073,44.6813774109,396,3240,8827444684336327481
GIST,half,8,2,5,SCAN_L,120,5458740354294272417,44.704086,44.6791687012,9,144,7848134651590039281
GIST,half,8,2,5,SCAN_L,121,18044578509838911779,44.70254,44.6804466248,10,152,7928744672891195179
GIST,half,8,2,5,SCAN_L,122,2263849957397490031,44.695694,44.679359436,2287,18368,8165417142188033165
GIST,half,8,2,5,SCAN_L,123,11214984481703275179,44.703841,44.6822090149,1639,13184,17297314433685050926
GIST,half,8,2,5,SCAN_L,124,8609683818349710292,44.70237,44.6806716919,8,136,13168834338195935582
GIST,half,8,2,5,SCAN_L,125,3028236243262219857,44.702399,44.6796150208,8,136,425355140008332221
GIST,half,8,2,5,SCAN_L,126,12657858335344656681,44.70281,44.6809616089,8,136,4387400323091133037
GIST,half,8,2,5,SCAN_L,127,15208757093895910829,44.705721,44.6835212708,11,160,1809397944155681048
GIST,half,8,2,5,C_ID_L,0,14628893485838184760,40.317498,40.2991676331,805,6512,12049670356140927271
GIST,half,8,2,5,C_ID_L,1,5277735151802382403,40.834676,40.8115501404,5815,46592,12495090360753926488
GIST,half,8,2,5,C_ID_L,2,12949723088018134982,43.173666,43.1567993164,12,168,17798676870000866351
GIST,half,8,2,5,C_ID_L,3,17912368726981257746,34.399609,34.3742408752,22934,183544,3513084467399214196
GIST,half,8,2,5,C_ID_L,4,6813717409520896539,42.006991,41.9800949097,17913,143376,10240984302992681904
GIST,half,8,2,5,C_ID_L,5,15746877753817476956,40.32513,40.2974090576,25267,202208,5187200889313214686
GIST,half,8,2,5,C_ID_L,6,13750152615788058147,40.245337,40.2258872986,367,3008,8703337812097627909
GIST,half,8,2,5,C_ID_L,7,7966444742523137199,29.117164,29.1008644104,9,144,294158670510647467
GIST,half,8,2,5,C_ID_L,8,3722915141321120792,38.498643,38.4798736572,16,200,17247831106653997488
GIST,half,8,2,5,C_ID_L,9,4680770526928094267,38.490625,38.4722251892,9,144,6185833218944131429
GIST,half,8,2,5,C_ID_L,10,16634692065747566502,26.874547,26.8551673889,9,144,13324388130527482689
GIST,half,8,2,5,C_ID_L,11,407413494807729236,34.992714,34.9660148621,20742,166008,748099361995206288
GIST,half,8,2,5,C_ID_L,12,17460078167775218888,36.746207,36.7195854187,219,1824,12113822531377232237
GIST,half,8,2,5,C_ID_L,13,12716887085642250387,37.898335,37.882686615,10,152,5751298164538243026
GIST,half,8,2,5,C_ID_L,14,18369275761964115190,34.972207,34.9543685913,8,136,17294034751593305288
GIST,half,8,2,5,C_ID_L,15,5936729861741803939,38.692235,38.6251182556,1825,14672,4523878408681453459
GIST,half,8,2,5,C_ID_L,16,3537798568722033093,41.540161,41.4721908569,45233,361936,10934986133749753810
GIST,half,8,2,5,C_ID_L,17,9906517406195203870,40.313539,40.2823028564,28764,230184,13893008974686436000
GIST,half,8,2,5,C_ID_L,18,3071783437712951460,28.022909,28.0050888062,9,144,4097877200455553912
GIST,half,8,2,5,C_ID_L,19,4844542844294841975,36.744348,36.7132492065,27119,217024,3036884596305404821
GIST,half,8,2,5,C_ID_L,20,13580243989274015108,35.566733,35.5413131714,13,176,12167542613742431786
GIST,half,8,2,5,C_ID_L,21,2715171980480150680,43.184008,43.1620178223,3295,26432,4697067458263101281
GIST,half,8,2,5,C_ID_L,22,9583610160574751482,39.668179,39.6509742737,104,904,17584774084035178489
GIST,half,8,2,5,C_ID_L,23,3351983320614235452,40.827733,40.8110733032,8,136,10795653417440584118
GIST,half,8,2,5,C_ID_L,24,14343238801608074176,36.23922,36.2178878784,8,136,335641030610087762
GIST,half,8,2,5,C_ID_L,25,15312881684633933655,41.42735,41.3947525024,32548,260456,16202494671275670828
GIST,half,8,2,5,C_ID_L,26,18398409255790635840,37.954824,37.934463501,8,136,16965475016388596626
GIST,half,8,2,5,C_ID_L,27,14732108746546988498,34.411136,34.3740158081,31256,250120,10640609347284222608
GIST,half,8,2,5,C_ID_L,28,9719453371904557375,40.837128,40.8148155212,53,496,4295370152413759317
GIST,half,8,2,5,C_ID_L,29,7111803339956803225,40.887256,40.8641929626,9,144,11080742569331125641
GIST,half,8,2,5,C_ID_L,30,12630940382236276606,42.077179,42.0554885864,15,192,3888228134973069709
GIST,half,8,2,5,C_ID_L,31,16717924179856591400,36.734557,36.7155532837,98,856,12253136263172607446
GIST,half,8,2,5,C_ID_L,32,1018801991084754777,39.24482,39.2121276855,31191,249600,4139212840337583677
GIST,half,8,2,5,C_ID_L,33,17951213273852593361,35.650201,35.6297607422,8,136,7118776530039946925
GIST,half,8,2,5,C_ID_L,34,11193354026380747684,40.915824,40.887008667,18718,149816,10323070077910272027
GIST,half,8,2,5,C_ID_L,35,7182522047579593487,37.903612,37.8862380981,12,168,13084839061348052764
GIST,half,8,2,5,C_ID_L,36,5862842069398405510,41.512878,41.4807052612,29682,237528,719140743100350364
GIST,half,8,2,5,C_ID_L,37,7931106857473092034,39.657297,39.6361618042,1642,13208,4836914976961728650
GIST,half,8,2,5,C_ID_L,38,13700905950939581536,33.812378,33.7940177917,9,144,10212566950510398326
GIST,half,8,2,5,C_ID_L,39,5134469820061381952,40.914613,40.888961792,173,1456,11882963430235204481
GIST,half,8,2,5,C_ID_L,40,523521015842037129,36.738137,36.7170257568,118,1016,14906896884422937853
GIST,half,8,2,5,C_ID_L,41,15735649071512523416,43.182671,43.1590080261,11,160,6439908275319918567
GIST,half,8,2,5,C_ID_L,42,16130457613556805909,37.982789,37.9604797363,10,152,1351820667773349880
GIST,half,8,2,5,C_ID_L,43,3580392345773888933,39.115476,39.098815918,11,160,7130942906748589245
GIST,half,8,2,5,C_ID_L,44,2657517881292301308,34.405118,34.3718070984,28625,229072,14362931499080891524
GIST,half,8,2,5,C_ID_L,45,10634279939165845196,39.077173,39.0611534119,11,160,13746219426551555317
GIST,half,8,2,5,C_ID_L,46,4808905104634366418,42.583096,42.5647354126,9,144,14613523175337427617
GIST,half,8,2,5,C_ID_L,47,197228195401547247,36.239723,36.206401825,29946,239640,3603301588478779561
GIST,half,8,2,5,C_ID_L,48,8248488942050825693,40.259729,40.2354240417,10130,81112,4850681651806503319
GIST,half,8,2,5,C_ID_L,49,15716071042978413762,41.462997,41.4454078674,1785,14352,16881791907273901609
GIST,half,8,2,5,C_ID_L,50,2593988135360058460,27.965495,27.934015274,49566,396600,10688624242403767082
GIST,half,8,2,5,C_ID_L,51,1321970314038155003,33.809676,33.790561676,9,144,1725180568680233592
GIST,half,8,2,5,C_ID_L,52,10782300321295982446,41.426399,41.4017906189,11,160,2262457125570541601
GIST,half,8,2,5,C_ID_L,53,1181170520412032450,42.006057,41.9878730774,8,136,15161611065330365500
GIST,half,8,2,5,C_ID_L,54,12485651515614408301,41.504626,41.4755821228,27648,221256,13982227894810710128
GIST,half,8,2,5,C_ID_L,55,2573792055271618832,34.461537,34.4357757568,13053,104496,3700418904193080229
GIST,half,8,2,5,C_ID_L,56,13083263465047869035,37.915684,37.8853111267,10500,84072,6126299974183225491
GIST,half,8,2,5,C_ID_L,57,9021717632597148908,34.471101,34.4474258423,7688,61576,16146242436575770571
GIST,half,8,2,5,C_ID_L,58,9268774494751827706,39.667112,39.6483840942,9,144,2940493626614828053
GIST,half,8,2,5,C_ID_L,59,1580871052154375482,38.486521,38.4670410156,10,152,10996509777332881202
GIST,half,8,2,5,C_ID_L,60,2761207983275075740,36.82838,36.7961616516,27937,223568,8219627611328849196
GIST,half,8,2,5,C_ID_L,61,2620909581344322254,43.755727,43.7367668152,159,1344,18016158801479111709
GIST,half,8,2,5,C_ID_L,62,8560399019494154138,43.265848,43.2501449585,16,200,10995028448307505731
GIST,half,8,2,5,C_ID_L,63,9575871338223549139,42.587314,42.5674552917,782,6328,14236409939300756135
GIST,half,8,2,5,C_ID_L,64,12923444094630896693,33.2275,33.2061767578,9,144,10890240329654538100
GIST,half,8,2,5,C_ID_L,65,16264934943434005963,39.367896,39.3460464478,23549,188464,1717894044534139949
GIST,half,8,2,5,C_ID_L,66,6567103049086711526,25.621839,25.5970249176,9,144,2120391718945614396
GIST,half,8,2,5,C_ID_L,67,9413171363946879688,37.405313,37.3869743347,10,152,16410576142550180761
GIST,half,8,2,5,C_ID_L,68,17584159069416176766,43.178731,43.1563186646,8,136,14994419951185837632
GIST,half,8,2,5,C_ID_L,69,16370389120603384840,41.99925,41.9800338745,39,384,8893900566493377500
GIST,half,8,2,5,C_ID_L,70,7125887616712792012,40.263135,40.2306251526,30939,247584,2578173215488215435
GIST,half,8,2,5,C_ID_L,71,2653643927898021331,39.814936,39.7997741699,8,136,6674983760768613763
GIST,half,8,2,5,C_ID_L,72,2775573294919263248,41.413468,41.3955535889,14,184,2008831888728120970
GIST,half,8,2,5,C_ID_L,73,6275675870158489986,33.809272,33.7841911316,30287,242368,3965206015652614730
GIST,half,8,2,5,C_ID_L,74,17416559791252488439,42.594744,42.5709114075,15885,127152,9191986637692184623
GIST,half,8,2,5,C_ID_L,75,10629383663104694533,33.338619,33.3228797913,8,136,1959805352102410517
GIST,half,8,2,5,C_ID_L,76,6121457899850640239,43.818267,43.7963218689,10,152,10439922783850878615
GIST,half,8,2,5,C_ID_L,77,13772194458325883781,42.112255,42.0912628174,8,136,3119058093217859169
GIST,half,8,2,5,C_ID_L,78,384590151492374026,40.254063,40.233631134,1145,9232,6824037880318392156
GIST,half,8,2,5,C_ID_L,79,17525024244829704515,38.567802,38.5373458862,17953,143696,8782034102419046715
GIST,half,8,2,5,C_ID_L,80,8425382104893835461,40.938823,40.9205131531,138,1176,4615018082655609248
GIST,half,8,2,5,C_ID_L,81,4578548255021645869,37.320099,37.2978553772,8,136,7309366345031128353
GIST,half,8,2,5,C_ID_L,82,17380680694385638840,38.183343,38.164352417,10,152,17099624996036497700
GIST,half,8,2,5,C_ID_L,83,8711237166219394419,36.287302,36.2659187317,16,200,1159450716902794998
GIST,half,8,2,5,C_ID_L,84,10344073526508897281,42.003349,41.9850578308,10,152,12307297875457737052
GIST,half,8,2,5,C_ID_L,85,10946770602578419956,40.834312,40.8187522888,8,136,1403974257677289190
GIST,half,8,2,5,C_ID_L,86,6470508332142331894,43.171745,43.1548805237,3669,29424,3528509250306175135
GIST,half,8,2,5,C_ID_L,87,8534974539240644349,38.545154,38.5219841003,22710,181752,7440715000576488328
GIST,half,8,2,5,C_ID_L,88,17392447945923308625,30.292522,30.2755832672,11,160,16812603617364686395
GIST,half,8,2,5,C_ID_L,89,17243398098289356237,41.430272,41.40284729,19381,155120,11341570227103404206
GIST,half,8,2,5,C_ID_L,90,1487146102952406162,40.920991,40.8970222473,9,144,11675729656657864315
GIST,half,8,2,5,C_ID_L,91,13351219280779986121,31.470655,31.4499206543,91,800,7129016086556790661
GIST,half,8,2,5,C_ID_L,92,7858987711662060174,28.07329,28.0504646301,16659,133344,18141791887973734438
GIST,half,8,2,5,C_ID_L,93,15824146815298812297,40.83954,40.8223686218,785,6352,16848583768543088517
GIST,half,8,2,5,C_ID_L,94,12966259267171903563,36.154446,36.1333122253,9,144,16525753693329126445
GIST,half,8,2,5,C_ID_L,95,13797457395031324342,42.016099,41.992225647,4312,34568,8681946398460365715
GIST,half,8,2,5,C_ID_L,96,13118478308687119329,34.400102,34.3715209961,12672,101448,12414488981634579085
GIST,half,8,2,5,C_ID_L,97,11331694305099227241,34.986893,34.9615364075,5629,45104,17435282213467792387
GIST,half,8,2,5,C_ID_L,98,1083222351448503346,38.54172,38.5235519409,30,312,14811157689777586302
GIST,half,8,2,5,C_ID_L,99,11723484149300992671,42.591614,42.5752334595,2311,18560,15885591392866052173
GIST,half,8,2,5,C_ID_L,100,416867533671327684,38.647174,38.6291503906,4969,39824,18199109054269478174
GIST,half,8,2,5,C_ID_L,101,463556152314022137,37.541501,37.5247344971,9,144,17739438941913720152
GIST,half,8,2,5,C_ID_L,102,5023834620232924699,39.816159,39.7995529175,9,144,4345061276902095567
GIST,half,8,2,5,C_ID_L,103,3358090661935181962,44.351616,44.331073761,10,152,206827504788997805
GIST,half,8,2,5,C_ID_L,104,6318150018815276835,39.666216,39.6497917175,8,136,6252710342366139043
GIST,half,8,2,5,C_ID_L,105,3382835124390735773,34.395773,34.3706245422,10,152,1633465981209507262
GIST,half,8,2,5,C_ID_L,106,7862389240255096405,43.266849,43.2473602295,8,136,4454845205277636153
GIST,half,8,2,5,C_ID_L,107,12753255321128375907,40.919754,40.9047050476,11,160,3736671290085159878
GIST,half,8,2,5,C_ID_L,108,5137605947089590316,39.659195,39.6414070129,22,248,8744501858676181288
GIST,half,8,2,5,C_ID_L,109,17603205654855495503,33.222238,33.2029457092,6920,55432,4734971902105951802
GIST,half,8,2,5,C_ID_L,110,10127478537340186675,35.650397,35.6320648193,10,152,1358658317263378375
GIST,half,8,2,5,C_ID_L,111,3665995180310526364,37.921548,37.8924789429,41478,331896,5661520465715040291
GIST,half,8,2,5,C_ID_L,112,10135745837711897539,35.023823,35.0051193237,9,144,27334712204462216
GIST,half,8,2,5,C_ID_L,113,10535780349197406948,34.975593,34.9584655762,8,136,14415464039087190790
GIST,half,8,2,5,C_ID_L,114,10648647139011189564,36.791526,36.7697601318,12,168,6772672195218087492
GIST,half,8,2,5,C_ID_L,115,7649011970154020997,42.652933,42.6293449402,9,144,3206729205558378233
GIST,half,8,2,5,C_ID_L,116,476149813655704091,41.424233,41.4038391113,10,152,8858849561569991435
GIST,half,8,2,5,C_ID_L,117,1006711879274558233,42.763596,42.7408638,841,6800,11321619877609521957
GIST,half,8,2,5,C_ID_L,118,16469490972111288920,33.215973,33.1964492798,4028,32296,883241890903009633
GIST,half,8,2,5,C_ID_L,119,5858457743813147244,42.593011,42.5712623596,396,3240,8827444684336327481
GIST,half,8,2,5,C_ID_L,120,5458740354294272417,43.344072,43.3244171143,9,144,7848134651590039281
GIST,half,8,2,5,C_ID_L,121,18044578509838911779,39.669453,39.6444168091,10,152,7928744672891195179
GIST,half,8,2,5,C_ID_L,122,2263849957397490031,40.40504,40.3865280151,2287,18368,8165417142188033165
GIST,half,8,2,5,C_ID_L,123,11214984481703275179,39.668687,39.6458892822,1639,13184,17297314433685050926
GIST,half,8,2,5,C_ID_L,124,8609683818349710292,40.316654,40.2998733521,8,136,13168834338195935582
GIST,half,8,2,5,C_ID_L,125,3028236243262219857,38.489386,38.4727668762,8,136,425355140008332221
GIST,half,8,2,5,C_ID_L,126,12657858335344656681,35.652238,35.6344642639,8,136,4387400323091133037
GIST,half,8,2,5,C_ID_L,127,15208757093895910829,40.255982,40.2339515686,11,160,1809397944155681048
GIST,half,8,2,5,C_MASK_L,0,14628893485838184760,38.178313,38.1646080017,805,6512,12049670356140927271
GIST,half,8,2,5,C_MASK_L,1,5277735151802382403,38.410943,38.3894081116,5815,46592,12495090360753926488
GIST,half,8,2,5,C_MASK_L,2,12949723088018134982,40.230278,40.213344574,12,168,17798676870000866351
GIST,half,8,2,5,C_MASK_L,3,17912368726981257746,33.401208,33.3811836243,22934,183544,3513084467399214196
GIST,half,8,2,5,C_MASK_L,4,6813717409520896539,39.385753,39.3645439148,17913,143376,10240984302992681904
GIST,half,8,2,5,C_MASK_L,5,15746877753817476956,38.0301,38.0013122559,25267,202208,5187200889313214686
GIST,half,8,2,5,C_MASK_L,6,13750152615788058147,38.084399,38.06067276,367,3008,8703337812097627909
GIST,half,8,2,5,C_MASK_L,7,7966444742523137199,28.788186,28.771232605,9,144,294158670510647467
GIST,half,8,2,5,C_MASK_L,8,3722915141321120792,36.731029,36.7136001587,16,200,17247831106653997488
GIST,half,8,2,5,C_MASK_L,9,4680770526928094267,36.161262,36.1454086304,9,144,6185833218944131429
GIST,half,8,2,5,C_MASK_L,10,16634692065747566502,26.555508,26.5389118195,9,144,13324388130527482689
GIST,half,8,2,5,C_MASK_L,11,407413494807729236,33.43,33.4009590149,20742,166008,748099361995206288
GIST,half,8,2,5,C_MASK_L,12,17460078167775218888,34.925824,34.9088973999,219,1824,12113822531377232237
GIST,half,8,2,5,C_MASK_L,13,12716887085642250387,35.720605,35.7051849365,10,152,5751298164538243026
GIST,half,8,2,5,C_MASK_L,14,18369275761964115190,33.484094,33.4658546448,8,136,17294034751593305288
GIST,half,8,2,5,C_MASK_L,15,5936729861741803939,36.320706,36.2978553772,1825,14672,4523878408681453459
GIST,half,8,2,5,C_MASK_L,16,3537798568722033093,38.862602,38.829246521,45233,361936,10934986133749753810
GIST,half,8,2,5,C_MASK_L,17,9906517406195203870,38.356253,38.3285751343,28764,230184,13893008974686436000
GIST,half,8,2,5,C_MASK_L,18,3071783437712951460,27.721021,27.7044792175,9,144,4097877200455553912
GIST,half,8,2,5,C_MASK_L,19,4844542844294841975,35.115674,35.0856971741,27119,217024,3036884596305404821
GIST,half,8,2,5,C_MASK_L,20,13580243989274015108,34.16448,34.1474227905,13,176,12167542613742431786
GIST,half,8,2,5,C_MASK_L,21,2715171980480150680,40.488007,40.4641609192,3295,26432,4697067458263101281
GIST,half,8,2,5,C_MASK_L,22,9583610160574751482,37.600094,37.5779838562,104,904,17584774084035178489
GIST,half,8,2,5,C_MASK_L,23,3351983320614235452,38.44006,38.425151825,8,136,10795653417440584118
GIST,half,8,2,5,C_MASK_L,24,14343238801608074176,35.109729,35.0938873291,8,136,335641030610087762
GIST,half,8,2,5,C_MASK_L,25,15312881684633933655,38.812827,38.7848014832,32548,260456,16202494671275670828
GIST,half,8,2,5,C_MASK_L,26,18398409255790635840,36.03655,36.0210876465,8,136,16965475016388596626
GIST,half,8,2,5,C_MASK_L,27,14732108746546988498,32.804372,32.778591156,31256,250120,10640609347284222608
GIST,half,8,2,5,C_MASK_L,28,9719453371904557375,38.274839,38.2572174072,53,496,4295370152413759317
GIST,half,8,2,5,C_MASK_L,29,7111803339956803225,38.500052,38.4828147888,9,144,11080742569331125641
GIST,half,8,2,5,C_MASK_L,30,12630940382236276606,39.528862,39.5126419067,15,192,3888228134973069709
GIST,half,8,2,5,C_MASK_L,31,16717924179856591400,34.791585,34.773601532,98,856,12253136263172607446
GIST,half,8,2,5,C_MASK_L,32,1018801991084754777,37.744669,37.7074546814,31191,249600,4139212840337583677
GIST,half,8,2,5,C_MASK_L,33,17951213273852593361,34.184267,34.1620178223,8,136,7118776530039946925
GIST,half,8,2,5,C_MASK_L,34,11193354026380747684,38.882096,38.8587837219,18718,149816,10323070077910272027
GIST,half,8,2,5,C_MASK_L,35,7182522047579593487,36.12361,36.1066551208,12,168,13084839061348052764
GIST,half,8,2,5,C_MASK_L,36,5862842069398405510,39.180598,39.1515846252,29682,237528,719140743100350364
GIST,half,8,2,5,C_MASK_L,37,7931106857473092034,37.147867,37.1321296692,1642,13208,4836914976961728650
GIST,half,8,2,5,C_MASK_L,38,13700905950939581536,32.79419,32.7706222534,9,144,10212566950510398326
GIST,half,8,2,5,C_MASK_L,39,5134469820061381952,38.717264,38.7014732361,173,1456,11882963430235204481
GIST,half,8,2,5,C_MASK_L,40,523521015842037129,35.205226,35.1823997498,118,1016,14906896884422937853
GIST,half,8,2,5,C_MASK_L,41,15735649071512523416,40.318184,40.2998733521,11,160,6439908275319918567
GIST,half,8,2,5,C_MASK_L,42,16130457613556805909,36.2157,36.1999053955,10,152,1351820667773349880
GIST,half,8,2,5,C_MASK_L,43,3580392345773888933,36.98799,36.9717445374,11,160,7130942906748589245
GIST,half,8,2,5,C_MASK_L,44,2657517881292301308,33.138904,33.1139831543,28625,229072,14362931499080891524
GIST,half,8,2,5,C_MASK_L,45,10634279939165845196,36.947285,36.9263343811,11,160,13746219426551555317
GIST,half,8,2,5,C_MASK_L,46,4808905104634366418,39.650981,39.6352310181,9,144,14613523175337427617
GIST,half,8,2,5,C_MASK_L,47,197228195401547247,34.746872,34.7217903137,29946,239640,3603301588478779561
GIST,half,8,2,5,C_MASK_L,48,8248488942050825693,37.95982,37.9404792786,10130,81112,4850681651806503319
GIST,half,8,2,5,C_MASK_L,49,15716071042978413762,39.098462,39.0777282715,1785,14352,16881791907273901609
GIST,half,8,2,5,C_MASK_L,50,2593988135360058460,27.273583,27.2414722443,49566,396600,10688624242403767082
GIST,half,8,2,5,C_MASK_L,51,1321970314038155003,32.66419,32.6472625732,9,144,1725180568680233592
GIST,half,8,2,5,C_MASK_L,52,10782300321295982446,38.858885,38.8415374756,11,160,2262457125570541601
GIST,half,8,2,5,C_MASK_L,53,1181170520412032450,39.639746,39.6212806702,8,136,15161611065330365500
GIST,half,8,2,5,C_MASK_L,54,12485651515614408301,39.14436,39.1174736023,27648,221256,13982227894810710128
GIST,half,8,2,5,C_MASK_L,55,2573792055271618832,33.345034,33.3171844482,13053,104496,3700418904193080229
GIST,half,8,2,5,C_MASK_L,56,13083263465047869035,35.78673,35.7662734985,10500,84072,6126299974183225491
GIST,half,8,2,5,C_MASK_L,57,9021717632597148908,33.254535,33.2356147766,7688,61576,16146242436575770571
GIST,half,8,2,5,C_MASK_L,58,9268774494751827706,37.222816,37.2057266235,9,144,2940493626614828053
GIST,half,8,2,5,C_MASK_L,59,1580871052154375482,36.285958,36.2656326294,10,152,10996509777332881202
GIST,half,8,2,5,C_MASK_L,60,2761207983275075740,35.477143,35.4504623413,27937,223568,8219627611328849196
GIST,half,8,2,5,C_MASK_L,61,2620909581344322254,40.63889,40.6223983765,159,1344,18016158801479111709
GIST,half,8,2,5,C_MASK_L,62,8560399019494154138,40.354338,40.3353919983,16,200,10995028448307505731
GIST,half,8,2,5,C_MASK_L,63,9575871338223549139,39.910756,39.8917427063,782,6328,14236409939300756135
GIST,half,8,2,5,C_MASK_L,64,12923444094630896693,32.008612,31.9918727875,9,144,10890240329654538100
GIST,half,8,2,5,C_MASK_L,65,16264934943434005963,37.302935,37.2794876099,23549,188464,1717894044534139949
GIST,half,8,2,5,C_MASK_L,66,6567103049086711526,25.70306,25.6813430786,9,144,2120391718945614396
GIST,half,8,2,5,C_MASK_L,67,9413171363946879688,35.680666,35.663105011,10,152,16410576142550180761
GIST,half,8,2,5,C_MASK_L,68,17584159069416176766,40.289876,40.2731513977,8,136,14994419951185837632
GIST,half,8,2,5,C_MASK_L,69,16370389120603384840,39.198342,39.1792945862,39,384,8893900566493377500
GIST,half,8,2,5,C_MASK_L,70,7125887616712792012,37.843125,37.8123855591,30939,247584,2578173215488215435
GIST,half,8,2,5,C_MASK_L,71,2653643927898021331,37.514654,37.4912338257,8,136,6674983760768613763
GIST,half,8,2,5,C_MASK_L,72,2775573294919263248,38.954123,38.9336624146,14,184,2008831888728120970
GIST,half,8,2,5,C_MASK_L,73,6275675870158489986,32.303248,32.2768325806,30287,242368,3965206015652614730
GIST,half,8,2,5,C_MASK_L,74,17416559791252488439,39.981055,39.95753479,15885,127152,9191986637692184623
GIST,half,8,2,5,C_MASK_L,75,10629383663104694533,32.093358,32.0773429871,8,136,1959805352102410517
GIST,half,8,2,5,C_MASK_L,76,6121457899850640239,40.719995,40.6988792419,10,152,10439922783850878615
GIST,half,8,2,5,C_MASK_L,77,13772194458325883781,39.414964,39.3972167969,8,136,3119058093217859169
GIST,half,8,2,5,C_MASK_L,78,384590151492374026,38.255163,38.2399368286,1145,9232,6824037880318392156
GIST,half,8,2,5,C_MASK_L,79,17525024244829704515,36.76943,36.7447357178,17953,143696,8782034102419046715
GIST,half,8,2,5,C_MASK_L,80,8425382104893835461,38.352606,38.3359680176,138,1176,4615018082655609248
GIST,half,8,2,5,C_MASK_L,81,4578548255021645869,35.380406,35.3633613586,8,136,7309366345031128353
GIST,half,8,2,5,C_MASK_L,82,17380680694385638840,36.421296,36.3976974487,10,152,17099624996036497700
GIST,half,8,2,5,C_MASK_L,83,8711237166219394419,34.664157,34.6414718628,16,200,1159450716902794998
GIST,half,8,2,5,C_MASK_L,84,10344073526508897281,39.30075,39.284160614,10,152,12307297875457737052
GIST,half,8,2,5,C_MASK_L,85,10946770602578419956,37.994527,37.9717750549,8,136,1403974257677289190
GIST,half,8,2,5,C_MASK_L,86,6470508332142331894,40.222544,40.2059516907,3669,29424,3528509250306175135
GIST,half,8,2,5,C_MASK_L,87,8534974539240644349,36.901708,36.8779182434,22710,181752,7440715000576488328
GIST,half,8,2,5,C_MASK_L,88,17392447945923308625,29.738676,29.7179203033,11,160,16812603617364686395
GIST,half,8,2,5,C_MASK_L,89,17243398098289356237,39.270158,39.2469100952,19381,155120,11341570227103404206
GIST,half,8,2,5,C_MASK_L,90,1487146102952406162,38.364637,38.3436470032,9,144,11675729656657864315
GIST,half,8,2,5,C_MASK_L,91,13351219280779986121,30.155438,30.1354560852,91,800,7129016086556790661
GIST,half,8,2,5,C_MASK_L,92,7858987711662060174,28.431308,28.40883255,16659,133344,18141791887973734438
GIST,half,8,2,5,C_MASK_L,93,15824146815298812297,38.559858,38.5403823853,785,6352,16848583768543088517
GIST,half,8,2,5,C_MASK_L,94,12966259267171903563,34.545791,34.5287055969,9,144,16525753693329126445
GIST,half,8,2,5,C_MASK_L,95,13797457395031324342,39.308695,39.2864952087,4312,34568,8681946398460365715
GIST,half,8,2,5,C_MASK_L,96,13118478308687119329,33.358477,33.3375663757,12672,101448,12414488981634579085
GIST,half,8,2,5,C_MASK_L,97,11331694305099227241,33.879056,33.8548469543,5629,45104,17435282213467792387
GIST,half,8,2,5,C_MASK_L,98,1083222351448503346,36.876135,36.8566703796,30,312,14811157689777586302
GIST,half,8,2,5,C_MASK_L,99,11723484149300992671,40.071783,40.0511054993,2311,18560,15885591392866052173
GIST,half,8,2,5,C_MASK_L,100,416867533671327684,36.792114,36.7704658508,4969,39824,18199109054269478174
GIST,half,8,2,5,C_MASK_L,101,463556152314022137,35.74852,35.7288322449,9,144,17739438941913720152
GIST,half,8,2,5,C_MASK_L,102,5023834620232924699,37.417213,37.3969917297,9,144,4345061276902095567
GIST,half,8,2,5,C_MASK_L,103,3358090661935181962,41.017887,40.9948806763,10,152,206827504788997805
GIST,half,8,2,5,C_MASK_L,104,6318150018815276835,37.367639,37.3467521667,8,136,6252710342366139043
GIST,half,8,2,5,C_MASK_L,105,3382835124390735773,32.820977,32.8036155701,10,152,1633465981209507262
GIST,half,8,2,5,C_MASK_L,106,7862389240255096405,40.476023,40.4577598572,8,136,4454845205277636153
GIST,half,8,2,5,C_MASK_L,107,12753255321128375907,38.415087,38.3987197876,11,160,3736671290085159878
GIST,half,8,2,5,C_MASK_L,108,5137605947089590316,37.35589,37.3347206116,22,248,8744501858676181288
GIST,half,8,2,5,C_MASK_L,109,17603205654855495503,31.927257,31.9055042267,6920,55432,4734971902105951802
GIST,half,8,2,5,C_MASK_L,110,10127478537340186675,33.7928,33.776512146,10,152,1358658317263378375
GIST,half,8,2,5,C_MASK_L,111,3665995180310526364,36.499224,36.4611206055,41478,331896,5661520465715040291
GIST,half,8,2,5,C_MASK_L,112,10135745837711897539,33.48647,33.4681930542,9,144,27334712204462216
GIST,half,8,2,5,C_MASK_L,113,10535780349197406948,33.644322,33.6217269897,8,136,14415464039087190790
GIST,half,8,2,5,C_MASK_L,114,10648647139011189564,34.884783,34.8675842285,12,168,6772672195218087492
GIST,half,8,2,5,C_MASK_L,115,7649011970154020997,39.9165,39.9001922607,9,144,3206729205558378233
GIST,half,8,2,5,C_MASK_L,116,476149813655704091,38.623876,38.6063346863,10,152,8858849561569991435
GIST,half,8,2,5,C_MASK_L,117,1006711879274558233,39.938373,39.9212493896,841,6800,11321619877609521957
GIST,half,8,2,5,C_MASK_L,118,16469490972111288920,32.343422,32.3220787048,4028,32296,883241890903009633
GIST,half,8,2,5,C_MASK_L,119,5858457743813147244,39.778686,39.7568016052,396,3240,8827444684336327481
GIST,half,8,2,5,C_MASK_L,120,5458740354294272417,40.380916,40.3613128662,9,144,7848134651590039281
GIST,half,8,2,5,C_MASK_L,121,18044578509838911779,37.445924,37.429473877,10,152,7928744672891195179
GIST,half,8,2,5,C_MASK_L,122,2263849957397490031,38.191572,38.171710968,2287,18368,8165417142188033165
GIST,half,8,2,5,C_MASK_L,123,11214984481703275179,37.736481,37.7160644531,1639,13184,17297314433685050926
GIST,half,8,2,5,C_MASK_L,124,8609683818349710292,37.950607,37.9289283752,8,136,13168834338195935582
GIST,half,8,2,5,C_MASK_L,125,3028236243262219857,36.383774,36.3615341187,8,136,425355140008332221
GIST,half,8,2,5,C_MASK_L,126,12657858335344656681,34.062387,34.0415344238,8,136,4387400323091133037
GIST,half,8,2,5,C_MASK_L,127,15208757093895910829,38.121456,38.1044158936,11,160,1809397944155681048
GIST,half,8,2,5,C_TASK_L,0,14628893485838184760,45.47645,45.4542388916,805,6512,12049670356140927271
GIST,half,8,2,5,C_TASK_L,1,5277735151802382403,47.724409,47.7045440674,5815,46592,12495090360753926488
GIST,half,8,2,5,C_TASK_L,2,12949723088018134982,46.642743,46.6250572205,12,168,17798676870000866351
GIST,half,8,2,5,C_TASK_L,3,17912368726981257746,45.408672,45.3886413574,22934,183544,3513084467399214196
GIST,half,8,2,5,C_TASK_L,4,6813717409520896539,46.714199,46.6930236816,17913,143376,10240984302992681904
GIST,half,8,2,5,C_TASK_L,5,15746877753817476956,46.614355,46.5916175842,25267,202208,5187200889313214686
GIST,half,8,2,5,C_TASK_L,6,13750152615788058147,46.605588,46.5876159668,367,3008,8703337812097627909
GIST,half,8,2,5,C_TASK_L,7,7966444742523137199,46.419926,46.4014091492,9,144,294158670510647467
GIST,half,8,2,5,C_TASK_L,8,3722915141321120792,46.6052,46.5856018066,16,200,17247831106653997488
GIST,half,8,2,5,C_TASK_L,9,4680770526928094267,45.401707,45.3853759766,9,144,6185833218944131429
GIST,half,8,2,5,C_TASK_L,10,16634692065747566502,37.279486,37.2562561035,9,144,13324388130527482689
GIST,half,8,2,5,C_TASK_L,11,407413494807729236,44.20208,44.1781768799,20742,166008,748099361995206288
GIST,half,8,2,5,C_TASK_L,12,17460078167775218888,45.391743,45.3749427795,219,1824,12113822531377232237
GIST,half,8,2,5,C_TASK_L,13,12716887085642250387,45.504055,45.487487793,10,152,5751298164538243026
GIST,half,8,2,5,C_TASK_L,14,18369275761964115190,44.213351,44.1966400146,8,136,17294034751593305288
GIST,half,8,2,5,C_TASK_L,15,5936729861741803939,43.091439,43.0692176819,1825,14672,4523878408681453459
GIST,half,8,2,5,C_TASK_L,16,3537798568722033093,44.4903,44.458782196,45233,361936,10934986133749753810
GIST,half,8,2,5,C_TASK_L,17,9906517406195203870,46.651562,46.6205749512,28764,230184,13893008974686436000
GIST,half,8,2,5,C_TASK_L,18,3071783437712951460,38.361049,38.3394546509,9,144,4097877200455553912
GIST,half,8,2,5,C_TASK_L,19,4844542844294841975,46.5415,46.5184631348,27119,217024,3036884596305404821
GIST,half,8,2,5,C_TASK_L,20,13580243989274015108,45.363766,45.3408622742,13,176,12167542613742431786
GIST,half,8,2,5,C_TASK_L,21,2715171980480150680,46.691796,46.6759681702,3295,26432,4697067458263101281
GIST,half,8,2,5,C_TASK_L,22,9583610160574751482,45.513591,45.49792099,104,904,17584774084035178489
GIST,half,8,2,5,C_TASK_L,23,3351983320614235452,45.464615,45.4479675293,8,136,10795653417440584118
GIST,half,8,2,5,C_TASK_L,24,14343238801608074176,45.401569,45.3822097778,8,136,335641030610087762
GIST,half,8,2,5,C_TASK_L,25,15312881684633933655,47.762228,47.7370567322,32548,260456,16202494671275670828
GIST,half,8,2,5,C_TASK_L,26,18398409255790635840,44.259056,44.2423362732,8,136,16965475016388596626
GIST,half,8,2,5,C_TASK_L,27,14732108746546988498,40.753736,40.7268486023,31256,250120,10640609347284222608
GIST,half,8,2,5,C_TASK_L,28,9719453371904557375,46.547817,46.5318412781,53,496,4295370152413759317
GIST,half,8,2,5,C_TASK_L,29,7111803339956803225,46.618081,46.5985603333,9,144,11080742569331125641
GIST,half,8,2,5,C_TASK_L,30,12630940382236276606,46.628488,46.6099510193,15,192,3888228134973069709
GIST,half,8,2,5,C_TASK_L,31,16717924179856591400,45.390508,45.3749427795,98,856,12253136263172607446
GIST,half,8,2,5,C_TASK_L,32,1018801991084754777,47.820405,47.7905921936,31191,249600,4139212840337583677
GIST,half,8,2,5,C_TASK_L,33,17951213273852593361,44.225539,44.209438324,8,136,7118776530039946925
GIST,half,8,2,5,C_TASK_L,34,11193354026380747684,46.710239,46.6901435852,18718,149816,10323070077910272027
GIST,half,8,2,5,C_TASK_L,35,7182522047579593487,45.462551,45.4414710999,12,168,13084839061348052764
GIST,half,8,2,5,C_TASK_L,36,5862842069398405510,46.676925,46.6503982544,29682,237528,719140743100350364
GIST,half,8,2,5,C_TASK_L,37,7931106857473092034,46.568392,46.5504951477,1642,13208,4836914976961728650
GIST,half,8,2,5,C_TASK_L,38,13700905950939581536,45.464016,45.4484786987,9,144,10212566950510398326
GIST,half,8,2,5,C_TASK_L,39,5134469820061381952,47.760034,47.7433929443,173,1456,11882963430235204481
GIST,half,8,2,5,C_TASK_L,40,523521015842037129,46.557949,46.5427856445,118,1016,14906896884422937853
GIST,half,8,2,5,C_TASK_L,41,15735649071512523416,46.630379,46.6084785461,11,160,6439908275319918567
GIST,half,8,2,5,C_TASK_L,42,16130457613556805909,45.439184,45.4174385071,10,152,1351820667773349880
GIST,half,8,2,5,C_TASK_L,43,3580392345773888933,46.774766,46.7601928711,11,160,7130942906748589245
GIST,half,8,2,5,C_TASK_L,44,2657517881292301308,44.320121,44.2964172363,28625,229072,14362931499080891524
GIST,half,8,2,5,C_TASK_L,45,10634279939165845196,45.597198,45.5778541565,11,160,13746219426551555317
GIST,half,8,2,5,C_TASK_L,46,4808905104634366418,46.66885,46.6528015137,9,144,14613523175337427617
GIST,half,8,2,5,C_TASK_L,47,197228195401547247,44.344753,44.31980896,29946,239640,3603301588478779561
GIST,half,8,2,5,C_TASK_L,48,8248488942050825693,46.612588,46.5936965942,10130,81112,4850681651806503319
GIST,half,8,2,5,C_TASK_L,49,15716071042978413762,47.772809,47.7551345825,1785,14352,16881791907273901609
GIST,half,8,2,5,C_TASK_L,50,2593988135360058460,36.112941,36.0828170776,49566,396600,10688624242403767082
GIST,half,8,2,5,C_TASK_L,51,1321970314038155003,45.413723,45.3951034546,9,144,1725180568680233592
GIST,half,8,2,5,C_TASK_L,52,10782300321295982446,45.536037,45.5151672363,11,160,2262457125570541601
GIST,half,8,2,5,C_TASK_L,53,1181170520412032450,46.631175,46.6166381836,8,136,15161611065330365500
GIST,half,8,2,5,C_TASK_L,54,12485651515614408301,46.613294,46.5838088989,27648,221256,13982227894810710128
GIST,half,8,2,5,C_TASK_L,55,2573792055271618832,46.560135,46.5342063904,13053,104496,3700418904193080229
GIST,half,8,2,5,C_TASK_L,56,13083263465047869035,45.392222,45.3680305481,10500,84072,6126299974183225491
GIST,half,8,2,5,C_TASK_L,57,9021717632597148908,45.440538,45.4217262268,7688,61576,16146242436575770571
GIST,half,8,2,5,C_TASK_L,58,9268774494751827706,44.269532,44.2520332336,9,144,2940493626614828053
GIST,half,8,2,5,C_TASK_L,59,1580871052154375482,45.414572,45.391166687,10,152,10996509777332881202
GIST,half,8,2,5,C_TASK_L,60,2761207983275075740,46.579265,46.5486068726,27937,223568,8219627611328849196
GIST,half,8,2,5,C_TASK_L,61,2620909581344322254,46.655025,46.6391029358,159,1344,18016158801479111709
GIST,half,8,2,5,C_TASK_L,62,8560399019494154138,45.648977,45.6341133118,16,200,10995028448307505731
GIST,half,8,2,5,C_TASK_L,63,9575871338223549139,46.640601,46.6247367859,782,6328,14236409939300756135
GIST,half,8,2,5,C_TASK_L,64,12923444094630896693,44.212074,44.1949424744,9,144,10890240329654538100
GIST,half,8,2,5,C_TASK_L,65,16264934943434005963,45.604623,45.5794563293,23549,188464,1717894044534139949
GIST,half,8,2,5,C_TASK_L,66,6567103049086711526,45.240324,45.2184638977,9,144,2120391718945614396
GIST,half,8,2,5,C_TASK_L,67,9413171363946879688,44.346367,44.3300170898,10,152,16410576142550180761
GIST,half,8,2,5,C_TASK_L,68,17584159069416176766,46.826859,46.8056640625,8,136,14994419951185837632
GIST,half,8,2,5,C_TASK_L,69,16370389120603384840,44.481432,44.4648628235,39,384,8893900566493377500
GIST,half,8,2,5,C_TASK_L,70,7125887616712792012,45.598979,45.5733451843,30939,247584,2578173215488215435
GIST,half,8,2,5,C_TASK_L,71,2653643927898021331,45.608545,45.5895996094,8,136,6674983760768613763
GIST,half,8,2,5,C_TASK_L,72,2775573294919263248,46.618071,46.5974388123,14,184,2008831888728120970
GIST,half,8,2,5,C_TASK_L,73,6275675870158489986,42.056178,42.0239982605,30287,242368,3965206015652614730
GIST,half,8,2,5,C_TASK_L,74,17416559791252488439,46.614274,46.5921287537,15885,127152,9191986637692184623
GIST,half,8,2,5,C_TASK_L,75,10629383663104694533,46.459838,46.4445457458,8,136,1959805352102410517
GIST,half,8,2,5,C_TASK_L,76,6121457899850640239,46.615037,46.5976638794,10,152,10439922783850878615
GIST,half,8,2,5,C_TASK_L,77,13772194458325883781,46.621123,46.6060142517,8,136,3119058093217859169
GIST,half,8,2,5,C_TASK_L,78,384590151492374026,47.749139,47.7314224243,1145,9232,6824037880318392156
GIST,half,8,2,5,C_TASK_L,79,17525024244829704515,45.423128,45.4009933472,17953,143696,8782034102419046715
GIST,half,8,2,5,C_TASK_L,80,8425382104893835461,46.65036,46.6287345886,138,1176,4615018082655609248
GIST,half,8,2,5,C_TASK_L,81,4578548255021645869,46.555614,46.53647995,8,136,7309366345031128353
GIST,half,8,2,5,C_TASK_L,82,17380680694385638840,46.548864,46.5333442688,10,152,17099624996036497700
GIST,half,8,2,5,C_TASK_L,83,8711237166219394419,45.389942,45.3738861084,16,200,1159450716902794998
GIST,half,8,2,5,C_TASK_L,84,10344073526508897281,46.60967,46.5940818787,10,152,12307297875457737052
GIST,half,8,2,5,C_TASK_L,85,10946770602578419956,43.300478,43.2825584412,8,136,1403974257677289190
GIST,half,8,2,5,C_TASK_L,86,6470508332142331894,46.729879,46.707649231,3669,29424,3528509250306175135
GIST,half,8,2,5,C_TASK_L,87,8534974539240644349,47.755637,47.7267189026,22710,181752,7440715000576488328
GIST,half,8,2,5,C_TASK_L,88,17392447945923308625,45.29408,45.278049469,11,160,16812603617364686395
GIST,half,8,2,5,C_TASK_L,89,17243398098289356237,46.685082,46.667137146,19381,155120,11341570227103404206
GIST,half,8,2,5,C_TASK_L,90,1487146102952406162,44.430419,44.4124794006,9,144,11675729656657864315
GIST,half,8,2,5,C_TASK_L,91,13351219280779986121,40.695063,40.6794242859,91,800,7129016086556790661
GIST,half,8,2,5,C_TASK_L,92,7858987711662060174,45.275715,45.2536315918,16659,133344,18141791887973734438
GIST,half,8,2,5,C_TASK_L,93,15824146815298812297,47.772483,47.7528648376,785,6352,16848583768543088517
GIST,half,8,2,5,C_TASK_L,94,12966259267171903563,45.463199,45.440032959,9,144,16525753693329126445
GIST,half,8,2,5,C_TASK_L,95,13797457395031324342,46.630738,46.6083183289,4312,34568,8681946398460365715
GIST,half,8,2,5,C_TASK_L,96,13118478308687119329,46.487701,46.4654083252,12672,101448,12414488981634579085
GIST,half,8,2,5,C_TASK_L,97,11331694305099227241,46.533836,46.5159683228,5629,45104,17435282213467792387
GIST,half,8,2,5,C_TASK_L,98,1083222351448503346,46.571165,46.5551376343,30,312,14811157689777586302
GIST,half,8,2,5,C_TASK_L,99,11723484149300992671,46.653675,46.6328315735,2311,18560,15885591392866052173
GIST,half,8,2,5,C_TASK_L,100,416867533671327684,46.658692,46.6416015625,4969,39824,18199109054269478174
GIST,half,8,2,5,C_TASK_L,101,463556152314022137,46.559759,46.5450248718,9,144,17739438941913720152
GIST,half,8,2,5,C_TASK_L,102,5023834620232924699,44.334207,44.3198394775,9,144,4345061276902095567
GIST,half,8,2,5,C_TASK_L,103,3358090661935181962,45.609929,45.5869750977,10,152,206827504788997805
GIST,half,8,2,5,C_TASK_L,104,6318150018815276835,45.462402,45.4416656494,8,136,6252710342366139043
GIST,half,8,2,5,C_TASK_L,105,3382835124390735773,45.353263,45.3320655823,10,152,1633465981209507262
GIST,half,8,2,5,C_TASK_L,106,7862389240255096405,45.672264,45.6557121277,8,136,4454845205277636153
GIST,half,8,2,5,C_TASK_L,107,12753255321128375907,45.472651,45.4538230896,11,160,3736671290085159878
GIST,half,8,2,5,C_TASK_L,108,5137605947089590316,44.383314,44.3669433594,22,248,8744501858676181288
GIST,half,8,2,5,C_TASK_L,109,17603205654855495503,44.26297,44.2443847656,6920,55432,4734971902105951802
GIST,half,8,2,5,C_TASK_L,110,10127478537340186675,40.755948,40.7331504822,10,152,1358658317263378375
GIST,half,8,2,5,C_TASK_L,111,3665995180310526364,46.667155,46.6413421631,41478,331896,5661520465715040291
GIST,half,8,2,5,C_TASK_L,112,10135745837711897539,43.067001,43.0461120605,9,144,27334712204462216
GIST,half,8,2,5,C_TASK_L,113,10535780349197406948,46.519293,46.505569458,8,136,14415464039087190790
GIST,half,8,2,5,C_TASK_L,114,10648647139011189564,44.258827,44.2369270325,12,168,6772672195218087492
GIST,half,8,2,5,C_TASK_L,115,7649011970154020997,46.606357,46.5921592712,9,144,3206729205558378233
GIST,half,8,2,5,C_TASK_L,116,476149813655704091,45.475028,45.4580154419,10,152,8858849561569991435
GIST,half,8,2,5,C_TASK_L,117,1006711879274558233,45.466891,45.4502410889,841,6800,11321619877609521957
GIST,half,8,2,5,C_TASK_L,118,16469490972111288920,46.569684,46.5509757996,4028,32296,883241890903009633
GIST,half,8,2,5,C_TASK_L,119,5858457743813147244,45.56159,45.5409927368,396,3240,8827444684336327481
GIST,half,8,2,5,C_TASK_L,120,5458740354294272417,46.642633,46.6190071106,9,144,7848134651590039281
GIST,half,8,2,5,C_TASK_L,121,18044578509838911779,46.592431,46.5766067505,10,152,7928744672891195179
GIST,half,8,2,5,C_TASK_L,122,2263849957397490031,46.583322,46.5689926147,2287,18368,8165417142188033165
GIST,half,8,2,5,C_TASK_L,123,11214984481703275179,46.557482,46.5405426025,1639,13184,17297314433685050926
GIST,half,8,2,5,C_TASK_L,124,8609683818349710292,45.462903,45.4444465637,8,136,13168834338195935582
GIST,half,8,2,5,C_TASK_L,125,3028236243262219857,44.319867,44.3031044006,8,136,425355140008332221
GIST,half,8,2,5,C_TASK_L,126,12657858335344656681,44.280678,44.2666549683,8,136,4387400323091133037
GIST,half,8,2,5,C_TASK_L,127,15208757093895910829,47.752521,47.7377586365,11,160,1809397944155681048
GIST,half,8,2,5,SCAN_E,0,14628893485838184760,15.51613,15.4957122803,805,6512,12049670356140927271
GIST,half,8,2,5,SCAN_E,1,5277735151802382403,13.638836,13.6221437454,5815,46592,12495090360753926488
GIST,half,8,2,5,SCAN_E,2,12949723088018134982,15.531953,15.5152959824,12,168,17798676870000866351
GIST,half,8,2,5,SCAN_E,3,17912368726981257746,12.585382,12.5593280792,22934,183544,3513084467399214196
GIST,half,8,2,5,SCAN_E,4,6813717409520896539,16.531619,16.5090236664,17913,143376,10240984302992681904
GIST,half,8,2,5,SCAN_E,5,15746877753817476956,18.0466,18.0144958496,25267,202208,5187200889313214686
GIST,half,8,2,5,SCAN_E,6,13750152615788058147,14.511904,14.4908475876,367,3008,8703337812097627909
GIST,half,8,2,5,SCAN_E,7,7966444742523137199,13.062764,13.0450878143,9,144,294158670510647467
GIST,half,8,2,5,SCAN_E,8,3722915141321120792,14.797262,14.7796802521,16,200,17247831106653997488
GIST,half,8,2,5,SCAN_E,9,4680770526928094267,13.283494,13.2640962601,9,144,6185833218944131429
GIST,half,8,2,5,SCAN_E,10,16634692065747566502,12.386911,12.3703355789,9,144,13324388130527482689
GIST,half,8,2,5,SCAN_E,11,407413494807729236,16.464471,16.4419517517,20742,166008,748099361995206288
GIST,half,8,2,5,SCAN_E,12,17460078167775218888,13.77893,13.7614078522,219,1824,12113822531377232237
GIST,half,8,2,5,SCAN_E,13,12716887085642250387,13.423655,13.406080246,10,152,5751298164538243026
GIST,half,8,2,5,SCAN_E,14,18369275761964115190,13.50775,13.4896640778,8,136,17294034751593305288
GIST,half,8,2,5,SCAN_E,15,5936729861741803939,14.217702,14.195936203,1825,14672,4523878408681453459
GIST,half,8,2,5,SCAN_E,16,3537798568722033093,16.846243,16.8152008057,45233,361936,10934986133749753810
GIST,half,8,2,5,SCAN_E,17,9906517406195203870,14.853743,14.8235197067,28764,230184,13893008974686436000
GIST,half,8,2,5,SCAN_E,18,3071783437712951460,11.760682,11.7399044037,9,144,4097877200455553912
GIST,half,8,2,5,SCAN_E,19,4844542844294841975,16.892243,16.8661117554,27119,217024,3036884596305404821
GIST,half,8,2,5,SCAN_E,20,13580243989274015108,12.081197,12.0651521683,13,176,12167542613742431786
GIST,half,8,2,5,SCAN_E,21,2715171980480150680,15.716904,15.7010879517,3295,26432,4697067458263101281
GIST,half,8,2,5,SCAN_E,22,9583610160574751482,13.738177,13.7153921127,104,904,17584774084035178489
GIST,half,8,2,5,SCAN_E,23,3351983320614235452,13.847903,13.8271684647,8,136,10795653417440584118
GIST,half,8,2,5,SCAN_E,24,14343238801608074176,13.762693,13.7460803986,8,136,335641030610087762
GIST,half,8,2,5,SCAN_E,25,15312881684633933655,16.198936,16.1717758179,32548,260456,16202494671275670828
GIST,half,8,2,5,SCAN_E,26,18398409255790635840,15.251134,15.2355203629,8,136,16965475016388596626
GIST,half,8,2,5,SCAN_E,27,14732108746546988498,13.058558,13.0317440033,31256,250120,10640609347284222608
GIST,half,8,2,5,SCAN_E,28,9719453371904557375,16.406738,16.3902721405,53,496,4295370152413759317
GIST,half,8,2,5,SCAN_E,29,7111803339956803225,13.935987,13.9167995453,9,144,11080742569331125641
GIST,half,8,2,5,SCAN_E,30,12630940382236276606,14.819915,14.7970876694,15,192,3888228134973069709
GIST,half,8,2,5,SCAN_E,31,16717924179856591400,13.298543,13.275967598,98,856,12253136263172607446
GIST,half,8,2,5,SCAN_E,32,1018801991084754777,17.595895,17.5683517456,31191,249600,4139212840337583677
GIST,half,8,2,5,SCAN_E,33,17951213273852593361,12.132142,12.1152000427,8,136,7118776530039946925
GIST,half,8,2,5,SCAN_E,34,11193354026380747684,15.652844,15.6303682327,18718,149816,10323070077910272027
GIST,half,8,2,5,SCAN_E,35,7182522047579593487,12.940247,12.9208955765,12,168,13084839061348052764
GIST,half,8,2,5,SCAN_E,36,5862842069398405510,15.546664,15.5204162598,29682,237528,719140743100350364
GIST,half,8,2,5,SCAN_E,37,7931106857473092034,14.062352,14.0442876816,1642,13208,4836914976961728650
GIST,half,8,2,5,SCAN_E,38,13700905950939581536,12.238381,12.2152643204,9,144,10212566950510398326
GIST,half,8,2,5,SCAN_E,39,5134469820061381952,14.190248,14.1690559387,173,1456,11882963430235204481
GIST,half,8,2,5,SCAN_E,40,523521015842037129,14.180867,14.1583681107,118,1016,14906896884422937853
GIST,half,8,2,5,SCAN_E,41,15735649071512523416,15.793548,15.777888298,11,160,6439908275319918567
GIST,half,8,2,5,SCAN_E,42,16130457613556805909,10.996715,10.9734716415,10,152,1351820667773349880
GIST,half,8,2,5,SCAN_E,43,3580392345773888933,13.897657,13.8799676895,11,160,7130942906748589245
GIST,half,8,2,5,SCAN_E,44,2657517881292301308,11.853577,11.8235836029,28625,229072,14362931499080891524
GIST,half,8,2,5,SCAN_E,45,10634279939165845196,14.046501,14.0290555954,11,160,13746219426551555317
GIST,half,8,2,5,SCAN_E,46,4808905104634366418,15.150151,15.1313276291,9,144,14613523175337427617
GIST,half,8,2,5,SCAN_E,47,197228195401547247,12.461678,12.4357757568,29946,239640,3603301588478779561
GIST,half,8,2,5,SCAN_E,48,8248488942050825693,15.977723,15.9517755508,10130,81112,4850681651806503319
GIST,half,8,2,5,SCAN_E,49,15716071042978413762,13.517363,13.500831604,1785,14352,16881791907273901609
GIST,half,8,2,5,SCAN_E,50,2593988135360058460,15.351124,15.3133440018,49566,396600,10688624242403767082
GIST,half,8,2,5,SCAN_E,51,1321970314038155003,15.239518,15.2252483368,9,144,1725180568680233592
GIST,half,8,2,5,SCAN_E,52,10782300321295982446,16.207917,16.1852798462,11,160,2262457125570541601
GIST,half,8,2,5,SCAN_E,53,1181170520412032450,13.185821,13.1656637192,8,136,15161611065330365500
GIST,half,8,2,5,SCAN_E,54,12485651515614408301,15.393717,15.3675842285,27648,221256,13982227894810710128
GIST,half,8,2,5,SCAN_E,55,2573792055271618832,13.720752,13.6988477707,13053,104496,3700418904193080229
GIST,half,8,2,5,SCAN_E,56,13083263465047869035,17.583194,17.5619525909,10500,84072,6126299974183225491
GIST,half,8,2,5,SCAN_E,57,9021717632597148908,12.954946,12.9333438873,7688,61576,16146242436575770571
GIST,half,8,2,5,SCAN_E,58,9268774494751827706,14.106632,14.0843515396,9,144,2940493626614828053
GIST,half,8,2,5,SCAN_E,59,1580871052154375482,15.316175,15.2991676331,10,152,10996509777332881202
GIST,half,8,2,5,SCAN_E,60,2761207983275075740,15.60542,15.5802240372,27937,223568,8219627611328849196
GIST,half,8,2,5,SCAN_E,61,2620909581344322254,14.564219,14.5476484299,159,1344,18016158801479111709
GIST,half,8,2,5,SCAN_E,62,8560399019494154138,16.405479,16.3822402954,16,200,10995028448307505731
GIST,half,8,2,5,SCAN_E,63,9575871338223549139,16.110775,16.09308815,782,6328,14236409939300756135
GIST,half,8,2,5,SCAN_E,64,12923444094630896693,13.959451,13.935968399,9,144,10890240329654538100
GIST,half,8,2,5,SCAN_E,65,16264934943434005963,14.64299,14.6183042526,23549,188464,1717894044534139949
GIST,half,8,2,5,SCAN_E,66,6567103049086711526,10.261145,10.2434558868,9,144,2120391718945614396
GIST,half,8,2,5,SCAN_E,67,9413171363946879688,13.394004,13.37753582,10,152,16410576142550180761
GIST,half,8,2,5,SCAN_E,68,17584159069416176766,14.932207,14.9161596298,8,136,14994419951185837632
GIST,half,8,2,5,SCAN_E,69,16370389120603384840,16.319338,16.296672821,39,384,8893900566493377500
GIST,half,8,2,5,SCAN_E,70,7125887616712792012,16.254263,16.2279682159,30939,247584,2578173215488215435
GIST,half,8,2,5,SCAN_E,71,2653643927898021331,13.596456,13.5681915283,8,136,6674983760768613763
GIST,half,8,2,5,SCAN_E,72,2775573294919263248,14.251354,14.2320642471,14,184,2008831888728120970
GIST,half,8,2,5,SCAN_E,73,6275675870158489986,12.937519,12.9054079056,30287,242368,3965206015652614730
GIST,half,8,2,5,SCAN_E,74,17416559791252488439,12.971854,12.9499197006,15885,127152,9191986637692184623
GIST,half,8,2,5,SCAN_E,75,10629383663104694533,11.426589,11.4051837921,8,136,1959805352102410517
GIST,half,8,2,5,SCAN_E,76,6121457899850640239,15.817847,15.8019838333,10,152,10439922783850878615
GIST,half,8,2,5,SCAN_E,77,13772194458325883781,14.644345,14.6257600784,8,136,3119058093217859169
GIST,half,8,2,5,SCAN_E,78,384590151492374026,16.536525,16.5231685638,1145,9232,6824037880318392156
GIST,half,8,2,5,SCAN_E,79,17525024244829704515,15.00581,14.9784002304,17953,143696,8782034102419046715
GIST,half,8,2,5,SCAN_E,80,8425382104893835461,15.344342,15.3221759796,138,1176,4615018082655609248
GIST,half,8,2,5,SCAN_E,81,4578548255021645869,12.655253,12.6415996552,8,136,7309366345031128353
GIST,half,8,2,5,SCAN_E,82,17380680694385638840,13.971752,13.9573755264,10,152,17099624996036497700
GIST,half,8,2,5,SCAN_E,83,8711237166219394419,13.862501,13.8470077515,16,200,1159450716902794998
GIST,half,8,2,5,SCAN_E,84,10344073526508897281,13.477615,13.463104248,10,152,12307297875457737052
GIST,half,8,2,5,SCAN_E,85,10946770602578419956,11.564624,11.5491838455,8,136,1403974257677289190
GIST,half,8,2,5,SCAN_E,86,6470508332142331894,15.959688,15.9432640076,3669,29424,3528509250306175135
GIST,half,8,2,5,SCAN_E,87,8534974539240644349,15.093642,15.0720319748,22710,181752,7440715000576488328
GIST,half,8,2,5,SCAN_E,88,17392447945923308625,14.275883,14.2583999634,11,160,16812603617364686395
GIST,half,8,2,5,SCAN_E,89,17243398098289356237,14.810109,14.7913284302,19381,155120,11341570227103404206
GIST,half,8,2,5,SCAN_E,90,1487146102952406162,14.126281,14.1077442169,9,144,11675729656657864315
GIST,half,8,2,5,SCAN_E,91,13351219280779986121,13.293027,13.2786884308,91,800,7129016086556790661
GIST,half,8,2,5,SCAN_E,92,7858987711662060174,14.8443,14.8218240738,16659,133344,18141791887973734438
GIST,half,8,2,5,SCAN_E,93,15824146815298812297,14.547717,14.5317764282,785,6352,16848583768543088517
GIST,half,8,2,5,SCAN_E,94,12966259267171903563,14.618883,14.5982398987,9,144,16525753693329126445
GIST,half,8,2,5,SCAN_E,95,13797457395031324342,14.386783,14.3651838303,4312,34568,8681946398460365715
GIST,half,8,2,5,SCAN_E,96,13118478308687119329,13.751136,13.7293119431,12672,101448,12414488981634579085
GIST,half,8,2,5,SCAN_E,97,11331694305099227241,14.288701,14.2684803009,5629,45104,17435282213467792387
GIST,half,8,2,5,SCAN_E,98,1083222351448503346,16.719651,16.7041606903,30,312,14811157689777586302
GIST,half,8,2,5,SCAN_E,99,11723484149300992671,16.117267,16.0998401642,2311,18560,15885591392866052173
GIST,half,8,2,5,SCAN_E,100,416867533671327684,13.284193,13.2668476105,4969,39824,18199109054269478174
GIST,half,8,2,5,SCAN_E,101,463556152314022137,10.723468,10.7039680481,9,144,17739438941913720152
GIST,half,8,2,5,SCAN_E,102,5023834620232924699,11.27587,11.2564477921,9,144,4345061276902095567
GIST,half,8,2,5,SCAN_E,103,3358090661935181962,14.558795,14.5443840027,10,152,206827504788997805
GIST,half,8,2,5,SCAN_E,104,6318150018815276835,12.66887,12.6543035507,8,136,6252710342366139043
GIST,half,8,2,5,SCAN_E,105,3382835124390735773,10.896544,10.8811836243,10,152,1633465981209507262
GIST,half,8,2,5,SCAN_E,106,7862389240255096405,14.497533,14.483455658,8,136,4454845205277636153
GIST,half,8,2,5,SCAN_E,107,12753255321128375907,13.229174,13.2076482773,11,160,3736671290085159878
GIST,half,8,2,5,SCAN_E,108,5137605947089590316,14.091392,14.0735998154,22,248,8744501858676181288
GIST,half,8,2,5,SCAN_E,109,17603205654855495503,14.117921,14.1013441086,6920,55432,4734971902105951802
GIST,half,8,2,5,SCAN_E,110,10127478537340186675,15.060366,15.0408964157,10,152,1358658317263378375
GIST,half,8,2,5,SCAN_E,111,3665995180310526364,16.710325,16.6836471558,41478,331896,5661520465715040291
GIST,half,8,2,5,SCAN_E,112,10135745837711897539,12.345559,12.3234558105,9,144,27334712204462216
GIST,half,8,2,5,SCAN_E,113,10535780349197406948,13.407007,13.3914556503,8,136,14415464039087190790
GIST,half,8,2,5,SCAN_E,114,10648647139011189564,13.633604,13.6176319122,12,168,6772672195218087492
GIST,half,8,2,5,SCAN_E,115,7649011970154020997,13.145541,13.1304960251,9,144,3206729205558378233
GIST,half,8,2,5,SCAN_E,116,476149813655704091,14.812737,14.793888092,10,152,8858849561569991435
GIST,half,8,2,5,SCAN_E,117,1006711879274558233,17.272096,17.2534713745,841,6800,11321619877609521957
GIST,half,8,2,5,SCAN_E,118,16469490972111288920,14.769249,14.7529277802,4028,32296,883241890903009633
GIST,half,8,2,5,SCAN_E,119,5858457743813147244,14.412162,14.3986244202,396,3240,8827444684336327481
GIST,half,8,2,5,SCAN_E,120,5458740354294272417,15.565009,15.5480003357,9,144,7848134651590039281
GIST,half,8,2,5,SCAN_E,121,18044578509838911779,13.96947,13.9508161545,10,152,7928744672891195179
GIST,half,8,2,5,SCAN_E,122,2263849957397490031,15.969519,15.9504642487,2287,18368,8165417142188033165
GIST,half,8,2,5,SCAN_E,123,11214984481703275179,14.754956,14.7355203629,1639,13184,17297314433685050926
GIST,half,8,2,5,SCAN_E,124,8609683818349710292,12.159537,12.14473629,8,136,13168834338195935582
GIST,half,8,2,5,SCAN_E,125,3028236243262219857,14.329206,14.3137598038,8,136,425355140008332221
GIST,half,8,2,5,SCAN_E,126,12657858335344656681,9.01908,9.00463962555,8,136,4387400323091133037
GIST,half,8,2,5,SCAN_E,127,15208757093895910829,12.591309,12.5696001053,11,160,1809397944155681048
GIST,half,8,2,5,C_ID_E,0,14628893485838184760,17.839054,17.8208007812,805,6512,12049670356140927271
GIST,half,8,2,5,C_ID_E,1,5277735151802382403,16.105685,16.0863685608,5815,46592,12495090360753926488
GIST,half,8,2,5,C_ID_E,2,12949723088018134982,18.404779,18.3890552521,12,168,17798676870000866351
GIST,half,8,2,5,C_ID_E,3,17912368726981257746,12.990044,12.9720640182,22934,183544,3513084467399214196
GIST,half,8,2,5,C_ID_E,4,6813717409520896539,19.258789,19.237695694,17913,143376,10240984302992681904
GIST,half,8,2,5,C_ID_E,5,15746877753817476956,20.536346,20.5135364532,25267,202208,5187200889313214686
GIST,half,8,2,5,C_ID_E,6,13750152615788058147,16.377898,16.3624649048,367,3008,8703337812097627909
GIST,half,8,2,5,C_ID_E,7,7966444742523137199,11.903298,11.8840322495,9,144,294158670510647467
GIST,half,8,2,5,C_ID_E,8,3722915141321120792,16.377863,16.3624649048,16,200,17247831106653997488
GIST,half,8,2,5,C_ID_E,9,4680770526928094267,15.73685,15.7153282166,9,144,6185833218944131429
GIST,half,8,2,5,C_ID_E,10,16634692065747566502,10.908425,10.8899202347,9,144,13324388130527482689
GIST,half,8,2,5,C_ID_E,11,407413494807729236,17.930873,17.9036808014,20742,166008,748099361995206288
GIST,half,8,2,5,C_ID_E,12,17460078167775218888,14.631776,14.6142396927,219,1824,12113822531377232237
GIST,half,8,2,5,C_ID_E,13,12716887085642250387,14.18043,14.1597442627,10,152,5751298164538243026
GIST,half,8,2,5,C_ID_E,14,18369275761964115190,14.018151,13.995967865,8,136,17294034751593305288
GIST,half,8,2,5,C_ID_E,15,5936729861741803939,15.97537,15.956735611,1825,14672,4523878408681453459
GIST,half,8,2,5,C_ID_E,16,3537798568722033093,19.803654,19.7789440155,45233,361936,10934986133749753810
GIST,half,8,2,5,C_ID_E,17,9906517406195203870,15.979184,15.9555835724,28764,230184,13893008974686436000
GIST,half,8,2,5,C_ID_E,18,3071783437712951460,10.513806,10.4922237396,9,144,4097877200455553912
GIST,half,8,2,5,C_ID_E,19,4844542844294841975,17.42878,17.4055042267,27119,217024,3036884596305404821
GIST,half,8,2,5,C_ID_E,20,13580243989274015108,12.787294,12.7689599991,13,176,12167542613742431786
GIST,half,8,2,5,C_ID_E,21,2715171980480150680,18.8952,18.8758087158,3295,26432,4697067458263101281
GIST,half,8,2,5,C_ID_E,22,9583610160574751482,15.675925,15.6531200409,104,904,17584774084035178489
GIST,half,8,2,5,C_ID_E,23,3351983320614235452,15.982332,15.9650878906,8,136,10795653417440584118
GIST,half,8,2,5,C_ID_E,24,14343238801608074176,13.872939,13.8570241928,8,136,335641030610087762
GIST,half,8,2,5,C_ID_E,25,15312881684633933655,18.856134,18.8311042786,32548,260456,16202494671275670828
GIST,half,8,2,5,C_ID_E,26,18398409255790635840,16.450211,16.4339199066,8,136,16965475016388596626
GIST,half,8,2,5,C_ID_E,27,14732108746546988498,13.941073,13.9165763855,31256,250120,10640609347284222608
GIST,half,8,2,5,C_ID_E,28,9719453371904557375,19.165716,19.1468486786,53,496,4295370152413759317
GIST,half,8,2,5,C_ID_E,29,7111803339956803225,16.267357,16.251871109,9,144,11080742569331125641
GIST,half,8,2,5,C_ID_E,30,12630940382236276606,17.568153,17.5478725433,15,192,3888228134973069709
GIST,half,8,2,5,C_ID_E,31,16717924179856591400,13.16824,13.1497602463,98,856,12253136263172607446
GIST,half,8,2,5,C_ID_E,32,1018801991084754777,19.817644,19.7899837494,31191,249600,4139212840337583677
GIST,half,8,2,5,C_ID_E,33,17951213273852593361,13.622664,13.6090564728,8,136,7118776530039946925
GIST,half,8,2,5,C_ID_E,34,11193354026380747684,17.820837,17.7954235077,18718,149816,10323070077910272027
GIST,half,8,2,5,C_ID_E,35,7182522047579593487,14.101648,14.085439682,12,168,13084839061348052764
GIST,half,8,2,5,C_ID_E,36,5862842069398405510,17.810639,17.7865924835,29682,237528,719140743100350364
GIST,half,8,2,5,C_ID_E,37,7931106857473092034,16.830545,16.812128067,1642,13208,4836914976961728650
GIST,half,8,2,5,C_ID_E,38,13700905950939581536,12.444434,12.4239044189,9,144,10212566950510398326
GIST,half,8,2,5,C_ID_E,39,5134469820061381952,16.510541,16.4902076721,173,1456,11882963430235204481
GIST,half,8,2,5,C_ID_E,40,523521015842037129,15.876802,15.860704422,118,1016,14906896884422937853
GIST,half,8,2,5,C_ID_E,41,15735649071512523416,19.029673,19.0079689026,11,160,6439908275319918567
GIST,half,8,2,5,C_ID_E,42,16130457613556805909,12.209567,12.1942081451,10,152,1351820667773349880
GIST,half,8,2,5,C_ID_E,43,3580392345773888933,15.797413,15.7774076462,11,160,7130942906748589245
GIST,half,8,2,5,C_ID_E,44,2657517881292301308,12.591316,12.5677757263,28625,229072,14362931499080891524
GIST,half,8,2,5,C_ID_E,45,10634279939165845196,15.565288,15.5428476334,11,160,13746219426551555317
GIST,half,8,2,5,C_ID_E,46,4808905104634366418,17.850211,17.8359355927,9,144,14613523175337427617
GIST,half,8,2,5,C_ID_E,47,197228195401547247,13.63084,13.605471611,29946,239640,3603301588478779561
GIST,half,8,2,5,C_ID_E,48,8248488942050825693,18.642866,18.6245441437,10130,81112,4850681651806503319
GIST,half,8,2,5,C_ID_E,49,15716071042978413762,15.823773,15.8077116013,1785,14352,16881791907273901609
GIST,half,8,2,5,C_ID_E,50,2593988135360058460,14.084762,14.055264473,49566,396600,10688624242403767082
GIST,half,8,2,5,C_ID_E,51,1321970314038155003,14.434317,14.415807724,9,144,1725180568680233592
GIST,half,8,2,5,C_ID_E,52,10782300321295982446,18.538122,18.5176639557,11,160,2262457125570541601
GIST,half,8,2,5,C_ID_E,53,1181170520412032450,15.958942,15.9380483627,8,136,15161611065330365500
GIST,half,8,2,5,C_ID_E,54,12485651515614408301,16.949379,16.9262084961,27648,221256,13982227894810710128
GIST,half,8,2,5,C_ID_E,55,2573792055271618832,14.241563,14.2232961655,13053,104496,3700418904193080229
GIST,half,8,2,5,C_ID_E,56,13083263465047869035,20.163663,20.1444168091,10500,84072,6126299974183225491
GIST,half,8,2,5,C_ID_E,57,9021717632597148908,14.155152,14.1342077255,7688,61576,16146242436575770571
GIST,half,8,2,5,C_ID_E,58,9268774494751827706,16.301817,16.288608551,9,144,2940493626614828053
GIST,half,8,2,5,C_ID_E,59,1580871052154375482,17.961782,17.9468803406,10,152,10996509777332881202
GIST,half,8,2,5,C_ID_E,60,2761207983275075740,16.371881,16.3422718048,27937,223568,8219627611328849196
GIST,half,8,2,5,C_ID_E,61,2620909581344322254,17.655709,17.6414718628,159,1344,18016158801479111709
GIST,half,8,2,5,C_ID_E,62,8560399019494154138,19.593879,19.5802879333,16,200,10995028448307505731
GIST,half,8,2,5,C_ID_E,63,9575871338223549139,18.869632,18.8552646637,782,6328,14236409939300756135
GIST,half,8,2,5,C_ID_E,64,12923444094630896693,13.917465,13.8977279663,9,144,10890240329654538100
GIST,half,8,2,5,C_ID_E,65,16264934943434005963,17.24857,17.2253437042,23549,188464,1717894044534139949
GIST,half,8,2,5,C_ID_E,66,6567103049086711526,9.814623,9.80028820038,9,144,2120391718945614396
GIST,half,8,2,5,C_ID_E,67,9413171363946879688,14.691993,14.6736316681,10,152,16410576142550180761
GIST,half,8,2,5,C_ID_E,68,17584159069416176766,17.804275,17.7904644012,8,136,14994419951185837632
GIST,half,8,2,5,C_ID_E,69,16370389120603384840,19.153119,19.1303043365,39,384,8893900566493377500
GIST,half,8,2,5,C_ID_E,70,7125887616712792012,18.83043,18.8041286469,30939,247584,2578173215488215435
GIST,half,8,2,5,C_ID_E,71,2653643927898021331,15.418866,15.398015976,8,136,6674983760768613763
GIST,half,8,2,5,C_ID_E,72,2775573294919263248,16.560493,16.5384960175,14,184,2008831888728120970
GIST,half,8,2,5,C_ID_E,73,6275675870158489986,13.915372,13.8912963867,30287,242368,3965206015652614730
GIST,half,8,2,5,C_ID_E,74,17416559791252488439,15.524009,15.5037117004,15885,127152,9191986637692184623
GIST,half,8,2,5,C_ID_E,75,10629383663104694533,12.947612,12.9346561432,8,136,1959805352102410517
GIST,half,8,2,5,C_ID_E,76,6121457899850640239,19.289049,19.2746238708,10,152,10439922783850878615
GIST,half,8,2,5,C_ID_E,77,13772194458325883781,17.486776,17.4709434509,8,136,3119058093217859169
GIST,half,8,2,5,C_ID_E,78,384590151492374026,18.746778,18.7304325104,1145,9232,6824037880318392156
GIST,half,8,2,5,C_ID_E,79,17525024244829704515,17.240903,17.2147521973,17953,143696,8782034102419046715
GIST,half,8,2,5,C_ID_E,80,8425382104893835461,17.807256,17.7901763916,138,1176,4615018082655609248
GIST,half,8,2,5,C_ID_E,81,4578548255021645869,14.238952,14.2214078903,8,136,7309366345031128353
GIST,half,8,2,5,C_ID_E,82,17380680694385638840,15.687293,15.6729278564,10,152,17099624996036497700
GIST,half,8,2,5,C_ID_E,83,8711237166219394419,13.940921,13.9239997864,16,200,1159450716902794998
GIST,half,8,2,5,C_ID_E,84,10344073526508897281,15.921176,15.9048957825,10,152,12307297875457737052
GIST,half,8,2,5,C_ID_E,85,10946770602578419956,13.733129,13.715423584,8,136,1403974257677289190
GIST,half,8,2,5,C_ID_E,86,6470508332142331894,19.176008,19.1576633453,3669,29424,3528509250306175135
GIST,half,8,2,5,C_ID_E,87,8534974539240644349,16.528968,16.5039367676,22710,181752,7440715000576488328
GIST,half,8,2,5,C_ID_E,88,17392447945923308625,12.60368,12.5866556168,11,160,16812603617364686395
GIST,half,8,2,5,C_ID_E,89,17243398098289356237,17.258145,17.2366085052,19381,155120,11341570227103404206
GIST,half,8,2,5,C_ID_E,90,1487146102952406162,16.093976,16.0771522522,9,144,11675729656657864315
GIST,half,8,2,5,C_ID_E,91,13351219280779986121,13.674529,13.6599998474,91,800,7129016086556790661
GIST,half,8,2,5,C_ID_E,92,7858987711662060174,12.020261,11.9998083115,16659,133344,18141791887973734438
GIST,half,8,2,5,C_ID_E,93,15824146815298812297,16.930835,16.9165115356,785,6352,16848583768543088517
GIST,half,8,2,5,C_ID_E,94,12966259267171903563,15.052157,15.0377283096,9,144,16525753693329126445
GIST,half,8,2,5,C_ID_E,95,13797457395031324342,16.955797,16.9413433075,4312,34568,8681946398460365715
GIST,half,8,2,5,C_ID_E,96,13118478308687119329,14.759249,14.7361278534,12672,101448,12414488981634579085
GIST,half,8,2,5,C_ID_E,97,11331694305099227241,14.547408,14.5251522064,5629,45104,17435282213467792387
GIST,half,8,2,5,C_ID_E,98,1083222351448503346,19.068166,19.0532474518,30,312,14811157689777586302
GIST,half,8,2,5,C_ID_E,99,11723484149300992671,19.046378,19.0309753418,2311,18560,15885591392866052173
GIST,half,8,2,5,C_ID_E,100,416867533671327684,15.306216,15.2913284302,4969,39824,18199109054269478174
GIST,half,8,2,5,C_ID_E,101,463556152314022137,12.38428,12.3698244095,9,144,17739438941913720152
GIST,half,8,2,5,C_ID_E,102,5023834620232924699,13.168271,13.1499843597,9,144,4345061276902095567
GIST,half,8,2,5,C_ID_E,103,3358090661935181962,17.777418,17.7556152344,10,152,206827504788997805
GIST,half,8,2,5,C_ID_E,104,6318150018815276835,14.574219,14.5591039658,8,136,6252710342366139043
GIST,half,8,2,5,C_ID_E,105,3382835124390735773,11.97685,11.9566717148,10,152,1633465981209507262
GIST,half,8,2,5,C_ID_E,106,7862389240255096405,17.381691,17.3690242767,8,136,4454845205277636153
GIST,half,8,2,5,C_ID_E,107,12753255321128375907,15.551116,15.5372161865,11,160,3736671290085159878
GIST,half,8,2,5,C_ID_E,108,5137605947089590316,16.303311,16.2889270782,22,248,8744501858676181288
GIST,half,8,2,5,C_ID_E,109,17603205654855495503,14.264912,14.2452163696,6920,55432,4734971902105951802
GIST,half,8,2,5,C_ID_E,110,10127478537340186675,14.396858,14.3783998489,10,152,1358658317263378375
GIST,half,8,2,5,C_ID_E,111,3665995180310526364,17.70363,17.6758728027,41478,331896,5661520465715040291
GIST,half,8,2,5,C_ID_E,112,10135745837711897539,13.611931,13.5931196213,9,144,27334712204462216
GIST,half,8,2,5,C_ID_E,113,10535780349197406948,13.857049,13.8396158218,8,136,14415464039087190790
GIST,half,8,2,5,C_ID_E,114,10648647139011189564,14.593711,14.5752639771,12,168,6772672195218087492
GIST,half,8,2,5,C_ID_E,115,7649011970154020997,16.055794,16.0405769348,9,144,3206729205558378233
GIST,half,8,2,5,C_ID_E,116,476149813655704091,17.239013,17.2234554291,10,152,8858849561569991435
GIST,half,8,2,5,C_ID_E,117,1006711879274558233,20.700433,20.6841602325,841,6800,11321619877609521957
GIST,half,8,2,5,C_ID_E,118,16469490972111288920,14.217193,14.2020158768,4028,32296,883241890903009633
GIST,half,8,2,5,C_ID_E,119,5858457743813147244,17.125729,17.111328125,396,3240,8827444684336327481
GIST,half,8,2,5,C_ID_E,120,5458740354294272417,18.90756,18.8882236481,9,144,7848134651590039281
GIST,half,8,2,5,C_ID_E,121,18044578509838911779,15.392462,15.3729915619,10,152,7928744672891195179
GIST,half,8,2,5,C_ID_E,122,2263849957397490031,18.197661,18.1818237305,2287,18368,8165417142188033165
GIST,half,8,2,5,C_ID_E,123,11214984481703275179,16.903739,16.8853435516,1639,13184,17297314433685050926
GIST,half,8,2,5,C_ID_E,124,8609683818349710292,14.212398,14.1988162994,8,136,13168834338195935582
GIST,half,8,2,5,C_ID_E,125,3028236243262219857,16.067141,16.0526714325,8,136,425355140008332221
GIST,half,8,2,5,C_ID_E,126,12657858335344656681,10.125035,10.1113595963,8,136,4387400323091133037
GIST,half,8,2,5,C_ID_E,127,15208757093895910829,14.753984,14.7323522568,11,160,1809397944155681048
GIST,half,8,2,5,C_MASK_E,0,14628893485838184760,14.372625,14.3515195847,805,6512,12049670356140927271
GIST,half,8,2,5,C_MASK_E,1,5277735151802382403,13.156707,13.1352319717,5815,46592,12495090360753926488
GIST,half,8,2,5,C_MASK_E,2,12949723088018134982,14.790555,14.7691202164,12,168,17798676870000866351
GIST,half,8,2,5,C_MASK_E,3,17912368726981257746,11.573804,11.5506563187,22934,183544,3513084467399214196
GIST,half,8,2,5,C_MASK_E,4,6813717409520896539,15.545206,15.5198402405,17913,143376,10240984302992681904
GIST,half,8,2,5,C_MASK_E,5,15746877753817476956,16.728453,16.7000637054,25267,202208,5187200889313214686
GIST,half,8,2,5,C_MASK_E,6,13750152615788058147,13.426562,13.4138555527,367,3008,8703337812097627909
GIST,half,8,2,5,C_MASK_E,7,7966444742523137199,9.939968,9.9266242981,9,144,294158670510647467
GIST,half,8,2,5,C_MASK_E,8,3722915141321120792,13.338444,13.3191041946,16,200,17247831106653997488
GIST,half,8,2,5,C_MASK_E,9,4680770526928094267,12.737848,12.7184000015,9,144,6185833218944131429
GIST,half,8,2,5,C_MASK_E,10,16634692065747566502,9.127667,9.1132478714,9,144,13324388130527482689
GIST,half,8,2,5,C_MASK_E,11,407413494807729236,14.587684,14.5625915527,20742,166008,748099361995206288
GIST,half,8,2,5,C_MASK_E,12,17460078167775218888,11.987803,11.9673919678,219,1824,12113822531377232237
GIST,half,8,2,5,C_MASK_E,13,12716887085642250387,11.508411,11.4894075394,10,152,5751298164538243026
GIST,half,8,2,5,C_MASK_E,14,18369275761964115190,11.363308,11.3439035416,8,136,17294034751593305288
GIST,half,8,2,5,C_MASK_E,15,5936729861741803939,12.822658,12.8056955338,1825,14672,4523878408681453459
GIST,half,8,2,5,C_MASK_E,16,3537798568722033093,15.722972,15.6992635727,45233,361936,10934986133749753810
GIST,half,8,2,5,C_MASK_E,17,9906517406195203870,13.545672,13.5229120255,28764,230184,13893008974686436000
GIST,half,8,2,5,C_MASK_E,18,3071783437712951460,8.940619,8.91919994354,9,144,4097877200455553912
GIST,half,8,2,5,C_MASK_E,19,4844542844294841975,14.333378,14.3056640625,27119,217024,3036884596305404821
GIST,half,8,2,5,C_MASK_E,20,13580243989274015108,10.58763,10.5701436996,13,176,12167542613742431786
GIST,half,8,2,5,C_MASK_E,21,2715171980480150680,15.12474,15.1043519974,3295,26432,4697067458263101281
GIST,half,8,2,5,C_MASK_E,22,9583610160574751482,12.529063,12.5091524124,104,904,17584774084035178489
GIST,half,8,2,5,C_MASK_E,23,3351983320614235452,12.799066,12.7842884064,8,136,10795653417440584118
GIST,half,8,2,5,C_MASK_E,24,14343238801608074176,11.324783,11.3035202026,8,136,335641030610087762
GIST,half,8,2,5,C_MASK_E,25,15312881684633933655,15.243276,15.2162876129,32548,260456,16202494671275670828
GIST,half,8,2,5,C_MASK_E,26,18398409255790635840,13.154341,13.1389122009,8,136,16965475016388596626
GIST,half,8,2,5,C_MASK_E,27,14732108746546988498,11.376056,11.3503675461,31256,250120,10640609347284222608
GIST,half,8,2,5,C_MASK_E,28,9719453371904557375,15.283414,15.2665920258,53,496,4295370152413759317
GIST,half,8,2,5,C_MASK_E,29,7111803339956803225,13.16843,13.1479682922,9,144,11080742569331125641
GIST,half,8,2,5,C_MASK_E,30,12630940382236276606,13.98349,13.9690876007,15,192,3888228134973069709
GIST,half,8,2,5,C_MASK_E,31,16717924179856591400,10.71033,10.6886720657,98,856,12253136263172607446
GIST,half,8,2,5,C_MASK_E,32,1018801991084754777,16.006116,15.9770879745,31191,249600,4139212840337583677
GIST,half,8,2,5,C_MASK_E,33,17951213273852593361,11.213751,11.197728157,8,136,7118776530039946925
GIST,half,8,2,5,C_MASK_E,34,11193354026380747684,14.431688,14.4124164581,18718,149816,10323070077910272027
GIST,half,8,2,5,C_MASK_E,35,7182522047579593487,11.436215,11.4200963974,12,168,13084839061348052764
GIST,half,8,2,5,C_MASK_E,36,5862842069398405510,15.120019,15.0915842056,29682,237528,719140743100350364
GIST,half,8,2,5,C_MASK_E,37,7931106857473092034,13.567453,13.5520963669,1642,13208,4836914976961728650
GIST,half,8,2,5,C_MASK_E,38,13700905950939581536,10.304589,10.290304184,9,144,10212566950510398326
GIST,half,8,2,5,C_MASK_E,39,5134469820061381952,13.463428,13.4461755753,173,1456,11882963430235204481
GIST,half,8,2,5,C_MASK_E,40,523521015842037129,13.241654,13.2228164673,118,1016,14906896884422937853
GIST,half,8,2,5,C_MASK_E,41,15735649071512523416,15.163876,15.1474561691,11,160,6439908275319918567
GIST,half,8,2,5,C_MASK_E,42,16130457613556805909,9.961225,9.94464015961,10,152,1351820667773349880
GIST,half,8,2,5,C_MASK_E,43,3580392345773888933,12.750528,12.7320642471,11,160,7130942906748589245
GIST,half,8,2,5,C_MASK_E,44,2657517881292301308,10.275627,10.253824234,28625,229072,14362931499080891524
GIST,half,8,2,5,C_MASK_E,45,10634279939165845196,12.468168,12.4536962509,11,160,13746219426551555317
GIST,half,8,2,5,C_MASK_E,46,4808905104634366418,14.372402,14.354016304,9,144,14613523175337427617
GIST,half,8,2,5,C_MASK_E,47,197228195401547247,11.212246,11.1868162155,29946,239640,3603301588478779561
GIST,half,8,2,5,C_MASK_E,48,8248488942050825693,15.198878,15.1739521027,10130,81112,4850681651806503319
GIST,half,8,2,5,C_MASK_E,49,15716071042978413762,12.8409,12.8257598877,1785,14352,16881791907273901609
GIST,half,8,2,5,C_MASK_E,50,2593988135360058460,11.377496,11.3404159546,49566,396600,10688624242403767082
GIST,half,8,2,5,C_MASK_E,51,1321970314038155003,11.784762,11.7693443298,9,144,1725180568680233592
GIST,half,8,2,5,C_MASK_E,52,10782300321295982446,14.950631,14.9277763367,11,160,2262457125570541601
GIST,half,8,2,5,C_MASK_E,53,1181170520412032450,12.601036,12.5882558823,8,136,15161611065330365500
GIST,half,8,2,5,C_MASK_E,54,12485651515614408301,14.454956,14.4251842499,27648,221256,13982227894810710128
GIST,half,8,2,5,C_MASK_E,55,2573792055271618832,11.910488,11.8912963867,13053,104496,3700418904193080229
GIST,half,8,2,5,C_MASK_E,56,13083263465047869035,16.574476,16.5562877655,10500,84072,6126299974183225491
GIST,half,8,2,5,C_MASK_E,57,9021717632597148908,11.528272,11.5105924606,7688,61576,16146242436575770571
GIST,half,8,2,5,C_MASK_E,58,9268774494751827706,13.118312,13.1040000916,9,144,2940493626614828053
GIST,half,8,2,5,C_MASK_E,59,1580871052154375482,14.38611,14.370464325,10,152,10996509777332881202
GIST,half,8,2,5,C_MASK_E,60,2761207983275075740,13.325029,13.2957439423,27937,223568,8219627611328849196
GIST,half,8,2,5,C_MASK_E,61,2620909581344322254,13.992095,13.972448349,159,1344,18016158801479111709
GIST,half,8,2,5,C_MASK_E,62,8560399019494154138,15.577075,15.5607681274,16,200,10995028448307505731
GIST,half,8,2,5,C_MASK_E,63,9575871338223549139,15.296061,15.2807359695,782,6328,14236409939300756135
GIST,half,8,2,5,C_MASK_E,64,12923444094630896693,11.399442,11.3816957474,9,144,10890240329654538100
GIST,half,8,2,5,C_MASK_E,65,16264934943434005963,13.937509,13.9097919464,23549,188464,1717894044534139949
GIST,half,8,2,5,C_MASK_E,66,6567103049086711526,8.425311,8.41020774841,9,144,2120391718945614396
GIST,half,8,2,5,C_MASK_E,67,9413171363946879688,11.945246,11.9284801483,10,152,16410576142550180761
GIST,half,8,2,5,C_MASK_E,68,17584159069416176766,14.311137,14.2982721329,8,136,14994419951185837632
GIST,half,8,2,5,C_MASK_E,69,16370389120603384840,15.023639,15.0105600357,39,384,8893900566493377500
GIST,half,8,2,5,C_MASK_E,70,7125887616712792012,15.085221,15.0608644485,30939,247584,2578173215488215435
GIST,half,8,2,5,C_MASK_E,71,2653643927898021331,12.567876,12.5531835556,8,136,6674983760768613763
GIST,half,8,2,5,C_MASK_E,72,2775573294919263248,13.292876,13.2782077789,14,184,2008831888728120970
GIST,half,8,2,5,C_MASK_E,73,6275675870158489986,11.433319,11.4039039612,30287,242368,3965206015652614730
GIST,half,8,2,5,C_MASK_E,74,17416559791252488439,12.461256,12.4405117035,15885,127152,9191986637692184623
GIST,half,8,2,5,C_MASK_E,75,10629383663104694533,10.686574,10.6651515961,8,136,1959805352102410517
GIST,half,8,2,5,C_MASK_E,76,6121457899850640239,15.293916,15.278752327,10,152,10439922783850878615
GIST,half,8,2,5,C_MASK_E,77,13772194458325883781,14.039141,14.0215044022,8,136,3119058093217859169
GIST,half,8,2,5,C_MASK_E,78,384590151492374026,15.160482,15.1381435394,1145,9232,6824037880318392156
GIST,half,8,2,5,C_MASK_E,79,17525024244829704515,14.122095,14.1019201279,17953,143696,8782034102419046715
GIST,half,8,2,5,C_MASK_E,80,8425382104893835461,14.26312,14.2451839447,138,1176,4615018082655609248
GIST,half,8,2,5,C_MASK_E,81,4578548255021645869,11.680063,11.6656322479,8,136,7309366345031128353
GIST,half,8,2,5,C_MASK_E,82,17380680694385638840,12.923945,12.908288002,10,152,17099624996036497700
GIST,half,8,2,5,C_MASK_E,83,8711237166219394419,11.426438,11.4126720428,16,200,1159450716902794998
GIST,half,8,2,5,C_MASK_E,84,10344073526508897281,12.78702,12.7736959457,10,152,12307297875457737052
GIST,half,8,2,5,C_MASK_E,85,10946770602578419956,10.918736,10.8978881836,8,136,1403974257677289190
GIST,half,8,2,5,C_MASK_E,86,6470508332142331894,15.184048,15.1659202576,3669,29424,3528509250306175135
GIST,half,8,2,5,C_MASK_E,87,8534974539240644349,13.4013,13.3798398972,22710,181752,7440715000576488328
GIST,half,8,2,5,C_MASK_E,88,17392447945923308625,10.524873,10.5065279007,11,160,16812603617364686395
GIST,half,8,2,5,C_MASK_E,89,17243398098289356237,13.923161,13.8968000412,19381,155120,11341570227103404206
GIST,half,8,2,5,C_MASK_E,90,1487146102952406162,12.950142,12.9343681335,9,144,11675729656657864315
GIST,half,8,2,5,C_MASK_E,91,13351219280779986121,11.154681,11.1392002106,91,800,7129016086556790661
GIST,half,8,2,5,C_MASK_E,92,7858987711662060174,10.066219,10.0417280197,16659,133344,18141791887973734438
GIST,half,8,2,5,C_MASK_E,93,15824146815298812297,13.784928,13.7705917358,785,6352,16848583768543088517
GIST,half,8,2,5,C_MASK_E,94,12966259267171903563,12.235234,12.2167682648,9,144,16525753693329126445
GIST,half,8,2,5,C_MASK_E,95,13797457395031324342,13.501043,13.4794883728,4312,34568,8681946398460365715
GIST,half,8,2,5,C_MASK_E,96,13118478308687119329,12.558011,12.5351037979,12672,101448,12414488981634579085
GIST,half,8,2,5,C_MASK_E,97,11331694305099227241,11.954086,11.9378557205,5629,45104,17435282213467792387
GIST,half,8,2,5,C_MASK_E,98,1083222351448503346,15.392731,15.3709764481,30,312,14811157689777586302
GIST,half,8,2,5,C_MASK_E,99,11723484149300992671,15.29464,15.2764482498,2311,18560,15885591392866052173
GIST,half,8,2,5,C_MASK_E,100,416867533671327684,12.338108,12.3212480545,4969,39824,18199109054269478174
GIST,half,8,2,5,C_MASK_E,101,463556152314022137,10.059052,10.0428161621,9,144,17739438941913720152
GIST,half,8,2,5,C_MASK_E,102,5023834620232924699,10.515205,10.500831604,9,144,4345061276902095567
GIST,half,8,2,5,C_MASK_E,103,3358090661935181962,14.101807,14.0874881744,10,152,206827504788997805
GIST,half,8,2,5,C_MASK_E,104,6318150018815276835,11.767784,11.7505598068,8,136,6252710342366139043
GIST,half,8,2,5,C_MASK_E,105,3382835124390735773,9.998393,9.98201560974,10,152,1633465981209507262
GIST,half,8,2,5,C_MASK_E,106,7862389240255096405,13.89681,13.881152153,8,136,4454845205277636153
GIST,half,8,2,5,C_MASK_E,107,12753255321128375907,12.407854,12.3855037689,11,160,3736671290085159878
GIST,half,8,2,5,C_MASK_E,108,5137605947089590316,13.155117,13.1346235275,22,248,8744501858676181288
GIST,half,8,2,5,C_MASK_E,109,17603205654855495503,11.769463,11.7499837875,6920,55432,4734971902105951802
GIST,half,8,2,5,C_MASK_E,110,10127478537340186675,11.597624,11.5750398636,10,152,1358658317263378375
GIST,half,8,2,5,C_MASK_E,111,3665995180310526364,14.807475,14.7788162231,41478,331896,5661520465715040291
GIST,half,8,2,5,C_MASK_E,112,10135745837711897539,11.05492,11.0328321457,9,144,27334712204462216
GIST,half,8,2,5,C_MASK_E,113,10535780349197406948,11.213743,11.1949119568,8,136,14415464039087190790
GIST,half,8,2,5,C_MASK_E,114,10648647139011189564,11.744083,11.7251195908,12,168,6772672195218087492
GIST,half,8,2,5,C_MASK_E,115,7649011970154020997,12.700737,12.6872320175,9,144,3206729205558378233
GIST,half,8,2,5,C_MASK_E,116,476149813655704091,13.847192,13.8319683075,10,152,8858849561569991435
GIST,half,8,2,5,C_MASK_E,117,1006711879274558233,16.313153,16.294719696,841,6800,11321619877609521957
GIST,half,8,2,5,C_MASK_E,118,16469490972111288920,11.890656,11.8683843613,4028,32296,883241890903009633
GIST,half,8,2,5,C_MASK_E,119,5858457743813147244,13.611935,13.5895357132,396,3240,8827444684336327481
GIST,half,8,2,5,C_MASK_E,120,5458740354294272417,14.954128,14.9371843338,9,144,7848134651590039281
GIST,half,8,2,5,C_MASK_E,121,18044578509838911779,12.507083,12.4937601089,10,152,7928744672891195179
GIST,half,8,2,5,C_MASK_E,122,2263849957397490031,14.733604,14.7181758881,2287,18368,8165417142188033165
GIST,half,8,2,5,C_MASK_E,123,11214984481703275179,13.515987,13.5016002655,1639,13184,17297314433685050926
GIST,half,8,2,5,C_MASK_E,124,8609683818349710292,11.375973,11.3614082336,8,136,13168834338195935582
GIST,half,8,2,5,C_MASK_E,125,3028236243262219857,13.070997,13.057472229,8,136,425355140008332221
GIST,half,8,2,5,C_MASK_E,126,12657858335344656681,8.228192,8.21068763733,8,136,4387400323091133037
GIST,half,8,2,5,C_MASK_E,127,15208757093895910829,12.211931,12.1966400146,11,160,1809397944155681048
GIST,half,8,2,5,C_TASK_E,0,14628893485838184760,14.374976,14.3545284271,805,6512,12049670356140927271
GIST,half,8,2,5,C_TASK_E,1,5277735151802382403,12.949667,12.9272956848,5815,46592,12495090360753926488
GIST,half,8,2,5,C_TASK_E,2,12949723088018134982,14.754265,14.7365436554,12,168,17798676870000866351
GIST,half,8,2,5,C_TASK_E,3,17912368726981257746,11.217658,11.1930561066,22934,183544,3513084467399214196
GIST,half,8,2,5,C_TASK_E,4,6813717409520896539,15.436786,15.4131202698,17913,143376,10240984302992681904
GIST,half,8,2,5,C_TASK_E,5,15746877753817476956,16.729714,16.7067527771,25267,202208,5187200889313214686
GIST,half,8,2,5,C_TASK_E,6,13750152615788058147,13.418814,13.4044160843,367,3008,8703337812097627909
GIST,half,8,2,5,C_TASK_E,7,7966444742523137199,9.954527,9.93916797638,9,144,294158670510647467
GIST,half,8,2,5,C_TASK_E,8,3722915141321120792,13.218585,13.2027521133,16,200,17247831106653997488
GIST,half,8,2,5,C_TASK_E,9,4680770526928094267,12.691924,12.6775360107,9,144,6185833218944131429
GIST,half,8,2,5,C_TASK_E,10,16634692065747566502,9.115347,9.10089588165,9,144,13324388130527482689
GIST,half,8,2,5,C_TASK_E,11,407413494807729236,14.518557,14.497344017,20742,166008,748099361995206288
GIST,half,8,2,5,C_TASK_E,12,17460078167775218888,11.926516,11.9077758789,219,1824,12113822531377232237
GIST,half,8,2,5,C_TASK_E,13,12716887085642250387,11.461219,11.4406404495,10,152,5751298164538243026
GIST,half,8,2,5,C_TASK_E,14,18369275761964115190,11.3507,11.3351678848,8,136,17294034751593305288
GIST,half,8,2,5,C_TASK_E,15,5936729861741803939,12.729743,12.7142076492,1825,14672,4523878408681453459
GIST,half,8,2,5,C_TASK_E,16,3537798568722033093,15.638383,15.6084480286,45233,361936,10934986133749753810
GIST,half,8,2,5,C_TASK_E,17,9906517406195203870,13.280915,13.256896019,28764,230184,13893008974686436000
GIST,half,8,2,5,C_TASK_E,18,3071783437712951460,8.855282,8.83561611176,9,144,4097877200455553912
GIST,half,8,2,5,C_TASK_E,19,4844542844294841975,14.11155,14.0879678726,27119,217024,3036884596305404821
GIST,half,8,2,5,C_TASK_E,20,13580243989274015108,10.574241,10.5458564758,13,176,12167542613742431786
GIST,half,8,2,5,C_TASK_E,21,2715171980480150680,15.113772,15.0972795486,3295,26432,4697067458263101281
GIST,half,8,2,5,C_TASK_E,22,9583610160574751482,12.504465,12.4836483002,104,904,17584774084035178489
GIST,half,8,2,5,C_TASK_E,23,3351983320614235452,12.751643,12.7329282761,8,136,10795653417440584118
GIST,half,8,2,5,C_TASK_E,24,14343238801608074176,11.329441,11.3142080307,8,136,335641030610087762
GIST,half,8,2,5,C_TASK_E,25,15312881684633933655,15.23143,15.2032003403,32548,260456,16202494671275670828
GIST,half,8,2,5,C_TASK_E,26,18398409255790635840,13.155851,13.1348800659,8,136,16965475016388596626
GIST,half,8,2,5,C_TASK_E,27,14732108746546988498,11.324378,11.2988796234,31256,250120,10640609347284222608
GIST,half,8,2,5,C_TASK_E,28,9719453371904557375,15.259384,15.2424640656,53,496,4295370152413759317
GIST,half,8,2,5,C_TASK_E,29,7111803339956803225,13.110073,13.0946559906,9,144,11080742569331125641
GIST,half,8,2,5,C_TASK_E,30,12630940382236276606,13.908825,13.8931522369,15,192,3888228134973069709
GIST,half,8,2,5,C_TASK_E,31,16717924179856591400,10.638639,10.6156158447,98,856,12253136263172607446
GIST,half,8,2,5,C_TASK_E,32,1018801991084754777,15.7974,15.7666559219,31191,249600,4139212840337583677
GIST,half,8,2,5,C_TASK_E,33,17951213273852593361,11.11734,11.1017923355,8,136,7118776530039946925
GIST,half,8,2,5,C_TASK_E,34,11193354026380747684,14.402677,14.3760318756,18718,149816,10323070077910272027
GIST,half,8,2,5,C_TASK_E,35,7182522047579593487,11.463238,11.4474563599,12,168,13084839061348052764
GIST,half,8,2,5,C_TASK_E,36,5862842069398405510,14.81687,14.7918395996,29682,237528,719140743100350364
GIST,half,8,2,5,C_TASK_E,37,7931106857473092034,13.513892,13.4962558746,1642,13208,4836914976961728650
GIST,half,8,2,5,C_TASK_E,38,13700905950939581536,10.17123,10.1558084488,9,144,10212566950510398326
GIST,half,8,2,5,C_TASK_E,39,5134469820061381952,13.305485,13.288895607,173,1456,11882963430235204481
GIST,half,8,2,5,C_TASK_E,40,523521015842037129,13.155371,13.1393280029,118,1016,14906896884422937853
GIST,half,8,2,5,C_TASK_E,41,15735649071512523416,15.012996,14.9927043915,11,160,6439908275319918567
GIST,half,8,2,5,C_TASK_E,42,16130457613556805909,9.888125,9.87161636353,10,152,1351820667773349880
GIST,half,8,2,5,C_TASK_E,43,3580392345773888933,12.715147,12.6931524277,11,160,7130942906748589245
GIST,half,8,2,5,C_TASK_E,44,2657517881292301308,10.282741,10.2585277557,28625,229072,14362931499080891524
GIST,half,8,2,5,C_TASK_E,45,10634279939165845196,12.411785,12.3963842392,11,160,13746219426551555317
GIST,half,8,2,5,C_TASK_E,46,4808905104634366418,14.364151,14.3497915268,9,144,14613523175337427617
GIST,half,8,2,5,C_TASK_E,47,197228195401547247,11.200919,11.1731843948,29946,239640,3603301588478779561
GIST,half,8,2,5,C_TASK_E,48,8248488942050825693,15.113931,15.0907840729,10130,81112,4850681651806503319
GIST,half,8,2,5,C_TASK_E,49,15716071042978413762,12.799765,12.7853441238,1785,14352,16881791907273901609
GIST,half,8,2,5,C_TASK_E,50,2593988135360058460,11.599134,11.5675201416,49566,396600,10688624242403767082
GIST,half,8,2,5,C_TASK_E,51,1321970314038155003,11.793516,11.7755203247,9,144,1725180568680233592
GIST,half,8,2,5,C_TASK_E,52,10782300321295982446,14.92719,14.9083518982,11,160,2262457125570541601
GIST,half,8,2,5,C_TASK_E,53,1181170520412032450,12.553904,12.532992363,8,136,15161611065330365500
GIST,half,8,2,5,C_TASK_E,54,12485651515614408301,14.159476,14.1367044449,27648,221256,13982227894810710128
GIST,half,8,2,5,C_TASK_E,55,2573792055271618832,11.956382,11.9317121506,13053,104496,3700418904193080229
GIST,half,8,2,5,C_TASK_E,56,13083263465047869035,16.48104,16.4628162384,10500,84072,6126299974183225491
GIST,half,8,2,5,C_TASK_E,57,9021717632597148908,11.597529,11.5767679214,7688,61576,16146242436575770571
GIST,half,8,2,5,C_TASK_E,58,9268774494751827706,12.964854,12.9502077103,9,144,2940493626614828053
GIST,half,8,2,5,C_TASK_E,59,1580871052154375482,14.338161,14.3201599121,10,152,10996509777332881202
GIST,half,8,2,5,C_TASK_E,60,2761207983275075740,13.288413,13.2628479004,27937,223568,8219627611328849196
GIST,half,8,2,5,C_TASK_E,61,2620909581344322254,13.972472,13.948384285,159,1344,18016158801479111709
GIST,half,8,2,5,C_TASK_E,62,8560399019494154138,15.655392,15.6394882202,16,200,10995028448307505731
GIST,half,8,2,5,C_TASK_E,63,9575871338223549139,15.27385,15.2583360672,782,6328,14236409939300756135
GIST,half,8,2,5,C_TASK_E,64,12923444094630896693,11.287607,11.2687358856,9,144,10890240329654538100
GIST,half,8,2,5,C_TASK_E,65,16264934943434005963,13.765401,13.7424001694,23549,188464,1717894044534139949
GIST,half,8,2,5,C_TASK_E,66,6567103049086711526,8.367662,8.35052776337,9,144,2120391718945614396
GIST,half,8,2,5,C_TASK_E,67,9413171363946879688,11.866122,11.848608017,10,152,16410576142550180761
GIST,half,8,2,5,C_TASK_E,68,17584159069416176766,14.323667,14.3038396835,8,136,14994419951185837632
GIST,half,8,2,5,C_TASK_E,69,16370389120603384840,14.916339,14.9022397995,39,384,8893900566493377500
GIST,half,8,2,5,C_TASK_E,70,7125887616712792012,15.040009,15.0138559341,30939,247584,2578173215488215435
GIST,half,8,2,5,C_TASK_E,71,2653643927898021331,12.422682,12.4071998596,8,136,6674983760768613763
GIST,half,8,2,5,C_TASK_E,72,2775573294919263248,13.265962,13.2477436066,14,184,2008831888728120970
GIST,half,8,2,5,C_TASK_E,73,6275675870158489986,11.426457,11.4015035629,30287,242368,3965206015652614730
GIST,half,8,2,5,C_TASK_E,74,17416559791252488439,12.449281,12.4225921631,15885,127152,9191986637692184623
GIST,half,8,2,5,C_TASK_E,75,10629383663104694533,10.538599,10.5217599869,8,136,1959805352102410517
GIST,half,8,2,5,C_TASK_E,76,6121457899850640239,15.347075,15.3323841095,10,152,10439922783850878615
GIST,half,8,2,5,C_TASK_E,77,13772194458325883781,13.958887,13.9450235367,8,136,3119058093217859169
GIST,half,8,2,5,C_TASK_E,78,384590151492374026,15.059059,15.040927887,1145,9232,6824037880318392156
GIST,half,8,2,5,C_TASK_E,79,17525024244829704515,13.888765,13.8663358688,17953,143696,8782034102419046715
GIST,half,8,2,5,C_TASK_E,80,8425382104893835461,14.262573,14.2455682755,138,1176,4615018082655609248
GIST,half,8,2,5,C_TASK_E,81,4578548255021645869,11.645956,11.6316795349,8,136,7309366345031128353
GIST,half,8,2,5,C_TASK_E,82,17380680694385638840,12.923802,12.9041280746,10,152,17099624996036497700
GIST,half,8,2,5,C_TASK_E,83,8711237166219394419,11.472575,11.4549436569,16,200,1159450716902794998
GIST,half,8,2,5,C_TASK_E,84,10344073526508897281,12.741109,12.7266559601,10,152,12307297875457737052
GIST,half,8,2,5,C_TASK_E,85,10946770602578419956,10.83789,10.8223361969,8,136,1403974257677289190
GIST,half,8,2,5,C_TASK_E,86,6470508332142331894,15.074847,15.0585603714,3669,29424,3528509250306175135
GIST,half,8,2,5,C_TASK_E,87,8534974539240644349,13.468269,13.4448003769,22710,181752,7440715000576488328
GIST,half,8,2,5,C_TASK_E,88,17392447945923308625,10.46935,10.4553279877,11,160,16812603617364686395
GIST,half,8,2,5,C_TASK_E,89,17243398098289356237,13.979138,13.9574718475,19381,155120,11341570227103404206
GIST,half,8,2,5,C_TASK_E,90,1487146102952406162,12.837318,12.816608429,9,144,11675729656657864315
GIST,half,8,2,5,C_TASK_E,91,13351219280779986121,11.081018,11.0635519028,91,800,7129016086556790661
GIST,half,8,2,5,C_TASK_E,92,7858987711662060174,10.064429,10.0447359085,16659,133344,18141791887973734438
GIST,half,8,2,5,C_TASK_E,93,15824146815298812297,13.627423,13.6129922867,785,6352,16848583768543088517
GIST,half,8,2,5,C_TASK_E,94,12966259267171903563,12.272023,12.2503995895,9,144,16525753693329126445
GIST,half,8,2,5,C_TASK_E,95,13797457395031324342,13.380047,13.3648319244,4312,34568,8681946398460365715
GIST,half,8,2,5,C_TASK_E,96,13118478308687119329,12.6616,12.6421117783,12672,101448,12414488981634579085
GIST,half,8,2,5,C_TASK_E,97,11331694305099227241,11.869371,11.8446083069,5629,45104,17435282213467792387
GIST,half,8,2,5,C_TASK_E,98,1083222351448503346,15.442165,15.4227199554,30,312,14811157689777586302
GIST,half,8,2,5,C_TASK_E,99,11723484149300992671,15.197891,15.181183815,2311,18560,15885591392866052173
GIST,half,8,2,5,C_TASK_E,100,416867533671327684,12.422951,12.4064321518,4969,39824,18199109054269478174
GIST,half,8,2,5,C_TASK_E,101,463556152314022137,9.951023,9.93427181244,9,144,17739438941913720152
GIST,half,8,2,5,C_TASK_E,102,5023834620232924699,10.481194,10.4666881561,9,144,4345061276902095567
GIST,half,8,2,5,C_TASK_E,103,3358090661935181962,14.07693,14.0639038086,10,152,206827504788997805
GIST,half,8,2,5,C_TASK_E,104,6318150018815276835,11.744092,11.7279996872,8,136,6252710342366139043
GIST,half,8,2,5,C_TASK_E,105,3382835124390735773,9.756433,9.74076843262,10,152,1633465981209507262
GIST,half,8,2,5,C_TASK_E,106,7862389240255096405,13.882801,13.86332798,8,136,4454845205277636153
GIST,half,8,2,5,C_TASK_E,107,12753255321128375907,12.362373,12.3468799591,11,160,3736671290085159878
GIST,half,8,2,5,C_TASK_E,108,5137605947089590316,13.074289,13.0594558716,22,248,8744501858676181288
GIST,half,8,2,5,C_TASK_E,109,17603205654855495503,11.747311,11.724896431,6920,55432,4734971902105951802
GIST,half,8,2,5,C_TASK_E,110,10127478537340186675,11.546434,11.5248317719,10,152,1358658317263378375
GIST,half,8,2,5,C_TASK_E,111,3665995180310526364,14.730599,14.6999359131,41478,331896,5661520465715040291
GIST,half,8,2,5,C_TASK_E,112,10135745837711897539,11.048602,11.031583786,9,144,27334712204462216
GIST,half,8,2,5,C_TASK_E,113,10535780349197406948,11.425358,11.4085121155,8,136,14415464039087190790
GIST,half,8,2,5,C_TASK_E,114,10648647139011189564,11.682053,11.6665277481,12,168,6772672195218087492
GIST,half,8,2,5,C_TASK_E,115,7649011970154020997,12.848901,12.8303041458,9,144,3206729205558378233
GIST,half,8,2,5,C_TASK_E,116,476149813655704091,13.745625,13.7250242233,10,152,8858849561569991435
GIST,half,8,2,5,C_TASK_E,117,1006711879274558233,16.301815,16.2801914215,841,6800,11321619877609521957
GIST,half,8,2,5,C_TASK_E,118,16469490972111288920,11.768493,11.750207901,4028,32296,883241890903009633
GIST,half,8,2,5,C_TASK_E,119,5858457743813147244,13.538383,13.5168638229,396,3240,8827444684336327481
GIST,half,8,2,5,C_TASK_E,120,5458740354294272417,14.877546,14.8580799103,9,144,7848134651590039281
GIST,half,8,2,5,C_TASK_E,121,18044578509838911779,12.481524,12.4646081924,10,152,7928744672891195179
GIST,half,8,2,5,C_TASK_E,122,2263849957397490031,14.716146,14.6976957321,2287,18368,8165417142188033165
GIST,half,8,2,5,C_TASK_E,123,11214984481703275179,13.512661,13.495136261,1639,13184,17297314433685050926
GIST,half,8,2,5,C_TASK_E,124,8609683818349710292,11.424874,11.4041595459,8,136,13168834338195935582
GIST,half,8,2,5,C_TASK_E,125,3028236243262219857,13.036867,13.0213117599,8,136,425355140008332221
GIST,half,8,2,5,C_TASK_E,126,12657858335344656681,8.19674,8.18131160736,8,136,4387400323091133037
GIST,half,8,2,5,C_TASK_E,127,15208757093895910829,12.051397,12.0327043533,11,160,1809397944155681048
GIST,half,32,2,5,SCAN_L,0,13392786189952033124,177.618003,177.588088989,29566,236792,17654899910400677031
GIST,half,32,2,5,SCAN_L,1,3085188792669438576,177.61426,177.584671021,43556,348712,7751775623948015455
GIST,half,32,2,5,SCAN_L,2,9607284371048990950,177.609173,177.584411621,20776,166472,17020235287267412215
GIST,half,32,2,5,SCAN_L,3,17322893638147462453,177.599828,177.584732056,2062,16760,7116414848619904563
GIST,half,32,2,5,SCAN_L,4,9368830554395401223,177.63887,177.590682983,101125,809264,13109810449993187880
GIST,half,32,2,5,SCAN_L,5,8419766857112927641,177.607275,177.583999634,3420,27624,17792685588925117483
GIST,half,32,2,5,SCAN_L,6,4668807861364956970,177.621575,177.584350586,63820,510824,10099402955953869603
GIST,half,32,2,5,SCAN_L,7,7872727791650862151,177.601965,177.583587646,175,1664,4643210386447554668
GIST,half,32,2,5,SCAN_L,8,15783018974750835728,177.621345,177.587142944,49929,399696,4190309505508178420
GIST,half,32,2,5,SCAN_L,9,7601489796430488175,177.611746,177.58543396,31506,252312,1329596921172543006
GIST,half,32,2,5,SCAN_L,10,5544530460631338786,177.604446,177.587036133,150,1464,13924800278538701120
GIST,half,32,2,5,SCAN_L,11,12325065973520304682,177.622592,177.583679199,58591,468992,267835482051343214
GIST,half,32,2,5,SCAN_L,12,13216066866632432715,177.624966,177.587203979,61490,492184,8239061200449829015
GIST,half,32,2,5,SCAN_L,13,1075722662635840942,177.614279,177.585662842,40720,326024,4270533297038567303
GIST,half,32,2,5,SCAN_L,14,3185229373934033660,177.608582,177.585189819,18207,145920,13654456654282768996
GIST,half,32,2,5,SCAN_L,15,4980500077960720760,177.610353,177.583618164,28894,231416,17240864116231060822
GIST,half,32,2,5,SCAN_L,16,8534462434835011887,177.609343,177.583709717,23577,188880,3778250351653536887
GIST,half,32,2,5,SCAN_L,17,2222729423292320042,177.611932,177.584259033,30994,248216,3826611666964392027
GIST,half,32,2,5,SCAN_L,18,10765395806018310607,177.619543,177.586242676,46194,369816,7444862595273582325
GIST,half,32,2,5,SCAN_L,19,15820513675728183516,177.608259,177.58543396,19116,153192,6060893219430260750
GIST,half,32,2,5,SCAN_L,20,10712815744133708220,177.601528,177.584228516,172,1640,17430303074918329068
GIST,half,32,2,5,SCAN_L,21,3486346971057125245,177.609043,177.582946777,26397,211440,8960657414760105658
GIST,half,32,2,5,SCAN_L,22,5004653838559619408,177.611933,177.586532593,19492,156200,15755818672585262164
GIST,half,32,2,5,SCAN_L,23,10851237028586424301,177.609378,177.586914062,21765,174384,7548619885067429970
GIST,half,32,2,5,SCAN_L,24,1048821632111722058,177.609012,177.585250854,20642,165400,15602677906020214158
GIST,half,32,2,5,SCAN_L,25,13585693668991832971,177.603732,177.58493042,4997,40240,8060471171494153783
GIST,half,32,2,5,SCAN_L,26,13539082034095136927,177.601653,177.584197998,37,560,9838144373337488345
GIST,half,32,2,5,SCAN_L,27,161217794029549079,177.623736,177.58770752,48430,387704,10897917077796498645
GIST,half,32,2,5,SCAN_L,28,306400533752808697,177.602968,177.583999634,38,568,15415108955034365904
GIST,half,32,2,5,SCAN_L,29,15030165245001765777,177.60896,177.585861206,5275,42464,13081611358792727333
GIST,half,32,2,5,SCAN_L,30,14416838764258129161,177.607695,177.589569092,3945,31824,15666152673139803166
GIST,half,32,2,5,SCAN_L,31,7995077726280952526,177.599146,177.583389282,35,544,17738710621554888361
GIST,half,32,2,5,C_ID_L,0,13392786189952033124,154.729065,154.706970215,29566,236792,17654899910400677031
GIST,half,32,2,5,C_ID_L,1,3085188792669438576,147.720035,147.681381226,43556,348712,7751775623948015455
GIST,half,32,2,5,C_ID_L,2,9607284371048990950,135.402094,135.377822876,20776,166472,17020235287267412215
GIST,half,32,2,5,C_ID_L,3,17322893638147462453,144.746978,144.728088379,2062,16760,7116414848619904563
GIST,half,32,2,5,C_ID_L,4,9368830554395401223,143.10605,143.052352905,101125,809264,13109810449993187880
GIST,half,32,2,5,C_ID_L,5,8419766857112927641,155.33471,155.310241699,3420,27624,17792685588925117483
GIST,half,32,2,5,C_ID_L,6,4668807861364956970,146.270742,146.228485107,63820,510824,10099402955953869603
GIST,half,32,2,5,C_ID_L,7,7872727791650862151,157.053367,157.032669067,175,1664,4643210386447554668
GIST,half,32,2,5,C_ID_L,8,15783018974750835728,150.341284,150.302658081,49929,399696,4190309505508178420
GIST,half,32,2,5,C_ID_L,9,7601489796430488175,152.389648,152.35987854,31506,252312,1329596921172543006
GIST,half,32,2,5,C_ID_L,10,5544530460631338786,153.847454,153.827713013,150,1464,13924800278538701120
GIST,half,32,2,5,C_ID_L,11,12325065973520304682,148.456891,148.41305542,58591,468992,267835482051343214
GIST,half,32,2,5,C_ID_L,12,13216066866632432715,139.819546,139.778778076,61490,492184,8239061200449829015
GIST,half,32,2,5,C_ID_L,13,1075722662635840942,155.906473,155.8724823,40720,326024,4270533297038567303
GIST,half,32,2,5,C_ID_L,14,3185229373934033660,146.851353,146.824127197,18207,145920,13654456654282768996
GIST,half,32,2,5,C_ID_L,15,4980500077960720760,162.928264,162.901123047,28894,231416,17240864116231060822
GIST,half,32,2,5,C_ID_L,16,8534462434835011887,131.891998,131.864578247,23577,188880,3778250351653536887
GIST,half,32,2,5,C_ID_L,17,2222729423292320042,161.467343,161.439102173,30994,248216,3826611666964392027
GIST,half,32,2,5,C_ID_L,18,10765395806018310607,147.43049,147.389633179,46194,369816,7444862595273582325
GIST,half,32,2,5,C_ID_L,19,15820513675728183516,161.181583,161.157119751,19116,153192,6060893219430260750
GIST,half,32,2,5,C_ID_L,20,10712815744133708220,149.44886,149.425369263,172,1640,17430303074918329068
GIST,half,32,2,5,C_ID_L,21,3486346971057125245,160.92302,160.898269653,26397,211440,8960657414760105658
GIST,half,32,2,5,C_ID_L,22,5004653838559619408,140.336785,140.311004639,19492,156200,15755818672585262164
GIST,half,32,2,5,C_ID_L,23,10851237028586424301,143.61127,143.577087402,21765,174384,7548619885067429970
GIST,half,32,2,5,C_ID_L,24,1048821632111722058,146.862355,146.834884644,20642,165400,15602677906020214158
GIST,half,32,2,5,C_ID_L,25,13585693668991832971,157.060187,157.041244507,4997,40240,8060471171494153783
GIST,half,32,2,5,C_ID_L,26,13539082034095136927,154.723852,154.707229614,37,560,9838144373337488345
GIST,half,32,2,5,C_ID_L,27,161217794029549079,143.010027,142.976516724,48430,387704,10897917077796498645
GIST,half,32,2,5,C_ID_L,28,306400533752808697,145.933604,145.914779663,38,568,15415108955034365904
GIST,half,32,2,5,C_ID_L,29,15030165245001765777,156.284662,156.264572144,5275,42464,13081611358792727333
GIST,half,32,2,5,C_ID_L,30,14416838764258129161,159.426745,159.404281616,3945,31824,15666152673139803166
GIST,half,32,2,5,C_ID_L,31,7995077726280952526,151.209573,151.191070557,35,544,17738710621554888361
GIST,half,32,2,5,C_MASK_L,0,13392786189952033124,143.992452,143.966400146,29566,236792,17654899910400677031
GIST,half,32,2,5,C_MASK_L,1,3085188792669438576,138.49604,138.462463379,43556,348712,7751775623948015455
GIST,half,32,2,5,C_MASK_L,2,9607284371048990950,127.418186,127.394302368,20776,166472,17020235287267412215
GIST,half,32,2,5,C_MASK_L,3,17322893638147462453,135.202307,135.184738159,2062,16760,7116414848619904563
GIST,half,32,2,5,C_MASK_L,4,9368830554395401223,134.12072,134.075683594,101125,809264,13109810449993187880
GIST,half,32,2,5,C_MASK_L,5,8419766857112927641,144.65563,144.640441895,3420,27624,17792685588925117483
GIST,half,32,2,5,C_MASK_L,6,4668807861364956970,136.597754,136.555618286,63820,510824,10099402955953869603
GIST,half,32,2,5,C_MASK_L,7,7872727791650862151,145.537038,145.516357422,175,1664,4643210386447554668
GIST,half,32,2,5,C_MASK_L,8,15783018974750835728,140.551677,140.517181396,49929,399696,4190309505508178420
GIST,half,32,2,5,C_MASK_L,9,7601489796430488175,142.204604,142.176254272,31506,252312,1329596921172543006
GIST,half,32,2,5,C_MASK_L,10,5544530460631338786,142.982574,142.96697998,150,1464,13924800278538701120
GIST,half,32,2,5,C_MASK_L,11,12325065973520304682,138.825267,138.791046143,58591,468992,267835482051343214
GIST,half,32,2,5,C_MASK_L,12,13216066866632432715,131.239897,131.202651978,61490,492184,8239061200449829015
GIST,half,32,2,5,C_MASK_L,13,1075722662635840942,144.978053,144.936187744,40720,326024,4270533297038567303
GIST,half,32,2,5,C_MASK_L,14,3185229373934033660,137.381681,137.356613159,18207,145920,13654456654282768996
GIST,half,32,2,5,C_MASK_L,15,4980500077960720760,150.539227,150.510910034,28894,231416,17240864116231060822
GIST,half,32,2,5,C_MASK_L,16,8534462434835011887,125.197809,125.174179077,23577,188880,3778250351653536887
GIST,half,32,2,5,C_MASK_L,17,2222729423292320042,149.320908,149.293762207,30994,248216,3826611666964392027
GIST,half,32,2,5,C_MASK_L,18,10765395806018310607,137.433933,137.402694702,46194,369816,7444862595273582325
GIST,half,32,2,5,C_MASK_L,19,15820513675728183516,149.53101,149.508163452,19116,153192,6060893219430260750
GIST,half,32,2,5,C_MASK_L,20,10712815744133708220,139.71692,139.699645996,172,1640,17430303074918329068
GIST,half,32,2,5,C_MASK_L,21,3486346971057125245,149.054969,149.028640747,26397,211440,8960657414760105658
GIST,half,32,2,5,C_MASK_L,22,5004653838559619408,131.551017,131.526855469,19492,156200,15755818672585262164
GIST,half,32,2,5,C_MASK_L,23,10851237028586424301,134.95468,134.925094604,21765,174384,7548619885067429970
GIST,half,32,2,5,C_MASK_L,24,1048821632111722058,137.771443,137.746688843,20642,165400,15602677906020214158
GIST,half,32,2,5,C_MASK_L,25,13585693668991832971,145.896592,145.872955322,4997,40240,8060471171494153783
GIST,half,32,2,5,C_MASK_L,26,13539082034095136927,143.573514,143.550949097,37,560,9838144373337488345
GIST,half,32,2,5,C_MASK_L,27,161217794029549079,134.090316,134.057952881,48430,387704,10897917077796498645
GIST,half,32,2,5,C_MASK_L,28,306400533752808697,136.632711,136.608444214,38,568,15415108955034365904
GIST,half,32,2,5,C_MASK_L,29,15030165245001765777,145.089404,145.071426392,5275,42464,13081611358792727333
GIST,half,32,2,5,C_MASK_L,30,14416838764258129161,148.173782,148.154586792,3945,31824,15666152673139803166
GIST,half,32,2,5,C_MASK_L,31,7995077726280952526,141.401901,141.381698608,35,544,17738710621554888361
GIST,half,32,2,5,C_TASK_L,0,13392786189952033124,180.099227,180.079238892,29566,236792,17654899910400677031
GIST,half,32,2,5,C_TASK_L,1,3085188792669438576,181.50408,181.472549438,43556,348712,7751775623948015455
GIST,half,32,2,5,C_TASK_L,2,9607284371048990950,168.841252,168.812515259,20776,166472,17020235287267412215
GIST,half,32,2,5,C_TASK_L,3,17322893638147462453,173.274579,173.258468628,2062,16760,7116414848619904563
GIST,half,32,2,5,C_TASK_L,4,9368830554395401223,171.88643,171.838180542,101125,809264,13109810449993187880
GIST,half,32,2,5,C_TASK_L,5,8419766857112927641,178.915121,178.887588501,3420,27624,17792685588925117483
GIST,half,32,2,5,C_TASK_L,6,4668807861364956970,172.26708,172.223556519,63820,510824,10099402955953869603
GIST,half,32,2,5,C_TASK_L,7,7872727791650862151,180.121918,180.105606079,175,1664,4643210386447554668
GIST,half,32,2,5,C_TASK_L,8,15783018974750835728,180.417673,180.380065918,49929,399696,4190309505508178420
GIST,half,32,2,5,C_TASK_L,9,7601489796430488175,181.580951,181.547775269,31506,252312,1329596921172543006
GIST,half,32,2,5,C_TASK_L,10,5544530460631338786,180.816778,180.793563843,150,1464,13924800278538701120
GIST,half,32,2,5,C_TASK_L,11,12325065973520304682,177.721291,177.675109863,58591,468992,267835482051343214
GIST,half,32,2,5,C_TASK_L,12,13216066866632432715,171.831058,171.789916992,61490,492184,8239061200449829015
GIST,half,32,2,5,C_TASK_L,13,1075722662635840942,180.476361,180.446044922,40720,326024,4270533297038567303
GIST,half,32,2,5,C_TASK_L,14,3185229373934033660,175.316563,175.291748047,18207,145920,13654456654282768996
GIST,half,32,2,5,C_TASK_L,15,4980500077960720760,181.392664,181.35987854,28894,231416,17240864116231060822
GIST,half,32,2,5,C_TASK_L,16,8534462434835011887,175.813546,175.789474487,23577,188880,3778250351653536887
GIST,half,32,2,5,C_TASK_L,17,2222729423292320042,179.437827,179.410110474,30994,248216,3826611666964392027
GIST,half,32,2,5,C_TASK_L,18,10765395806018310607,176.505377,176.4715271,46194,369816,7444862595273582325
GIST,half,32,2,5,C_TASK_L,19,15820513675728183516,180.21997,180.195968628,19116,153192,6060893219430260750
GIST,half,32,2,5,C_TASK_L,20,10712815744133708220,180.056936,180.039642334,172,1640,17430303074918329068
GIST,half,32,2,5,C_TASK_L,21,3486346971057125245,180.137296,180.106460571,26397,211440,8960657414760105658
GIST,half,32,2,5,C_TASK_L,22,5004653838559619408,172.994633,172.968582153,19492,156200,15755818672585262164
GIST,half,32,2,5,C_TASK_L,23,10851237028586424301,179.976193,179.948608398,21765,174384,7548619885067429970
GIST,half,32,2,5,C_TASK_L,24,1048821632111722058,181.155516,181.131454468,20642,165400,15602677906020214158
GIST,half,32,2,5,C_TASK_L,25,13585693668991832971,178.99919,178.97555542,4997,40240,8060471171494153783
GIST,half,32,2,5,C_TASK_L,26,13539082034095136927,177.092143,177.073562622,37,560,9838144373337488345
GIST,half,32,2,5,C_TASK_L,27,161217794029549079,171.89848,171.864639282,48430,387704,10897917077796498645
GIST,half,32,2,5,C_TASK_L,28,306400533752808697,175.373024,175.352920532,38,568,15415108955034365904
GIST,half,32,2,5,C_TASK_L,29,15030165245001765777,178.963529,178.945404053,5275,42464,13081611358792727333
GIST,half,32,2,5,C_TASK_L,30,14416838764258129161,180.203068,180.185089111,3945,31824,15666152673139803166
GIST,half,32,2,5,C_TASK_L,31,7995077726280952526,177.281254,177.264358521,35,544,17738710621554888361
GIST,half,32,2,5,SCAN_E,0,13392786189952033124,55.984663,55.9597129822,29566,236792,17654899910400677031
GIST,half,32,2,5,SCAN_E,1,3085188792669438576,60.112849,60.0862731934,43556,348712,7751775623948015455
GIST,half,32,2,5,SCAN_E,2,9607284371048990950,55.446051,55.4241905212,20776,166472,17020235287267412215
GIST,half,32,2,5,SCAN_E,3,17322893638147462453,53.795393,53.7809295654,2062,16760,7116414848619904563
GIST,half,32,2,5,SCAN_E,4,9368830554395401223,58.772495,58.7253112793,101125,809264,13109810449993187880
GIST,half,32,2,5,SCAN_E,5,8419766857112927641,54.101732,54.0801925659,3420,27624,17792685588925117483
GIST,half,32,2,5,SCAN_E,6,4668807861364956970,56.652587,56.6121902466,63820,510824,10099402955953869603
GIST,half,32,2,5,SCAN_E,7,7872727791650862151,56.645588,56.6292152405,175,1664,4643210386447554668
GIST,half,32,2,5,SCAN_E,8,15783018974750835728,56.3565,56.3231048584,49929,399696,4190309505508178420
GIST,half,32,2,5,SCAN_E,9,7601489796430488175,54.599132,54.574848175,31506,252312,1329596921172543006
GIST,half,32,2,5,SCAN_E,10,5544530460631338786,53.376465,53.3527679443,150,1464,13924800278538701120
GIST,half,32,2,5,SCAN_E,11,12325065973520304682,52.227306,52.1932144165,58591,468992,267835482051343214
GIST,half,32,2,5,SCAN_E,12,13216066866632432715,57.425388,57.3869438171,61490,492184,8239061200449829015
GIST,half,32,2,5,SCAN_E,13,1075722662635840942,56.154905,56.129825592,40720,326024,4270533297038567303
GIST,half,32,2,5,SCAN_E,14,3185229373934033660,58.51783,58.4965744019,18207,145920,13654456654282768996
GIST,half,32,2,5,SCAN_E,15,4980500077960720760,61.089973,61.0632324219,28894,231416,17240864116231060822
GIST,half,32,2,5,SCAN_E,16,8534462434835011887,50.962974,50.9374732971,23577,188880,3778250351653536887
GIST,half,32,2,5,SCAN_E,17,2222729423292320042,59.006103,58.980670929,30994,248216,3826611666964392027
GIST,half,32,2,5,SCAN_E,18,10765395806018310607,50.344801,50.3137283325,46194,369816,7444862595273582325
GIST,half,32,2,5,SCAN_E,19,15820513675728183516,60.496571,60.4711685181,19116,153192,6060893219430260750
GIST,half,32,2,5,SCAN_E,20,10712815744133708220,54.395639,54.3750724792,172,1640,17430303074918329068
GIST,half,32,2,5,SCAN_E,21,3486346971057125245,54.760505,54.7368011475,26397,211440,8960657414760105658
GIST,half,32,2,5,SCAN_E,22,5004653838559619408,54.958398,54.9363822937,19492,156200,15755818672585262164
GIST,half,32,2,5,SCAN_E,23,10851237028586424301,56.66198,56.6334724426,21765,174384,7548619885067429970
GIST,half,32,2,5,SCAN_E,24,1048821632111722058,59.022402,58.9958724976,20642,165400,15602677906020214158
GIST,half,32,2,5,SCAN_E,25,13585693668991832971,48.402108,48.3851852417,4997,40240,8060471171494153783
GIST,half,32,2,5,SCAN_E,26,13539082034095136927,50.084349,50.0675506592,37,560,9838144373337488345
GIST,half,32,2,5,SCAN_E,27,161217794029549079,59.142356,59.1111984253,48430,387704,10897917077796498645
GIST,half,32,2,5,SCAN_E,28,306400533752808697,51.225651,51.2077445984,38,568,15415108955034365904
GIST,half,32,2,5,SCAN_E,29,15030165245001765777,59.789392,59.7722244263,5275,42464,13081611358792727333
GIST,half,32,2,5,SCAN_E,30,14416838764258129161,58.922403,58.9069747925,3945,31824,15666152673139803166
GIST,half,32,2,5,SCAN_E,31,7995077726280952526,46.359809,46.3465614319,35,544,17738710621554888361
GIST,half,32,2,5,C_ID_E,0,13392786189952033124,61.539444,61.5142707825,29566,236792,17654899910400677031
GIST,half,32,2,5,C_ID_E,1,3085188792669438576,64.411946,64.3855056763,43556,348712,7751775623948015455
GIST,half,32,2,5,C_ID_E,2,9607284371048990950,57.329673,57.3061447144,20776,166472,17020235287267412215
GIST,half,32,2,5,C_ID_E,3,17322893638147462453,55.212309,55.1953926086,2062,16760,7116414848619904563
GIST,half,32,2,5,C_ID_E,4,9368830554395401223,60.372672,60.3253135681,101125,809264,13109810449993187880
GIST,half,32,2,5,C_ID_E,5,8419766857112927641,59.840764,59.8198738098,3420,27624,17792685588925117483
GIST,half,32,2,5,C_ID_E,6,4668807861364956970,59.285528,59.2515525818,63820,510824,10099402955953869603
GIST,half,32,2,5,C_ID_E,7,7872727791650862151,61.943421,61.926399231,175,1664,4643210386447554668
GIST,half,32,2,5,C_ID_E,8,15783018974750835728,61.07352,61.0382080078,49929,399696,4190309505508178420
GIST,half,32,2,5,C_ID_E,9,7601489796430488175,59.753874,59.7281913757,31506,252312,1329596921172543006
GIST,half,32,2,5,C_ID_E,10,5544530460631338786,59.427643,59.4118385315,150,1464,13924800278538701120
GIST,half,32,2,5,C_ID_E,11,12325065973520304682,55.948287,55.9161262512,58591,468992,267835482051343214
GIST,half,32,2,5,C_ID_E,12,13216066866632432715,58.020325,57.9844818115,61490,492184,8239061200449829015
GIST,half,32,2,5,C_ID_E,13,1075722662635840942,62.103186,62.0762252808,40720,326024,4270533297038567303
GIST,half,32,2,5,C_ID_E,14,3185229373934033660,64.94985,64.9294052124,18207,145920,13654456654282768996
GIST,half,32,2,5,C_ID_E,15,4980500077960720760,68.613093,68.5856018066,28894,231416,17240864116231060822
GIST,half,32,2,5,C_ID_E,16,8534462434835011887,51.872713,51.8431053162,23577,188880,3778250351653536887
GIST,half,32,2,5,C_ID_E,17,2222729423292320042,67.013436,66.9825286865,30994,248216,3826611666964392027
GIST,half,32,2,5,C_ID_E,18,10765395806018310607,55.481566,55.4510383606,46194,369816,7444862595273582325
GIST,half,32,2,5,C_ID_E,19,15820513675728183516,68.891867,68.8696289062,19116,153192,6060893219430260750
GIST,half,32,2,5,C_ID_E,20,10712815744133708220,58.398947,58.3828468323,172,1640,17430303074918329068
GIST,half,32,2,5,C_ID_E,21,3486346971057125245,61.569953,61.5487670898,26397,211440,8960657414760105658
GIST,half,32,2,5,C_ID_E,22,5004653838559619408,55.486566,55.4659538269,19492,156200,15755818672585262164
GIST,half,32,2,5,C_ID_E,23,10851237028586424301,56.454643,56.4322891235,21765,174384,7548619885067429970
GIST,half,32,2,5,C_ID_E,24,1048821632111722058,63.462357,63.4407043457,20642,165400,15602677906020214158
GIST,half,32,2,5,C_ID_E,25,13585693668991832971,54.594145,54.5740814209,4997,40240,8060471171494153783
GIST,half,32,2,5,C_ID_E,26,13539082034095136927,56.027667,56.0077438354,37,560,9838144373337488345
GIST,half,32,2,5,C_ID_E,27,161217794029549079,58.957428,58.9213447571,48430,387704,10897917077796498645
GIST,half,32,2,5,C_ID_E,28,306400533752808697,54.162222,54.1454734802,38,568,15415108955034365904
GIST,half,32,2,5,C_ID_E,29,15030165245001765777,65.885766,65.8656997681,5275,42464,13081611358792727333
GIST,half,32,2,5,C_ID_E,30,14416838764258129161,65.837712,65.8201904297,3945,31824,15666152673139803166
GIST,half,32,2,5,C_ID_E,31,7995077726280952526,51.340334,51.3247375488,35,544,17738710621554888361
GIST,half,32,2,5,C_MASK_E,0,13392786189952033124,49.641207,49.6178245544,29566,236792,17654899910400677031
GIST,half,32,2,5,C_MASK_E,1,3085188792669438576,51.266789,51.2310066223,43556,348712,7751775623948015455
GIST,half,32,2,5,C_MASK_E,2,9607284371048990950,45.854258,45.8267211914,20776,166472,17020235287267412215
GIST,half,32,2,5,C_MASK_E,3,17322893638147462453,43.810018,43.7930221558,2062,16760,7116414848619904563
GIST,half,32,2,5,C_MASK_E,4,9368830554395401223,48.131693,48.0776977539,101125,809264,13109810449993187880
GIST,half,32,2,5,C_MASK_E,5,8419766857112927641,47.433039,47.4133453369,3420,27624,17792685588925117483
GIST,half,32,2,5,C_MASK_E,6,4668807861364956970,47.222703,47.1830062866,63820,510824,10099402955953869603
GIST,half,32,2,5,C_MASK_E,7,7872727791650862151,48.783779,48.7647361755,175,1664,4643210386447554668
GIST,half,32,2,5,C_MASK_E,8,15783018974750835728,48.572706,48.5263023376,49929,399696,4190309505508178420
GIST,half,32,2,5,C_MASK_E,9,7601489796430488175,47.74932,47.7224311829,31506,252312,1329596921172543006
GIST,half,32,2,5,C_MASK_E,10,5544530460631338786,47.176741,47.1601295471,150,1464,13924800278538701120
GIST,half,32,2,5,C_MASK_E,11,12325065973520304682,44.783913,44.7452468872,58591,468992,267835482051343214
GIST,half,32,2,5,C_MASK_E,12,13216066866632432715,46.229199,46.1803512573,61490,492184,8239061200449829015
GIST,half,32,2,5,C_MASK_E,13,1075722662635840942,49.236292,49.2000656128,40720,326024,4270533297038567303
GIST,half,32,2,5,C_MASK_E,14,3185229373934033660,51.319233,51.295425415,18207,145920,13654456654282768996
GIST,half,32,2,5,C_MASK_E,15,4980500077960720760,54.476519,54.4466552734,28894,231416,17240864116231060822
GIST,half,32,2,5,C_MASK_E,16,8534462434835011887,41.586956,41.5643501282,23577,188880,3778250351653536887
GIST,half,32,2,5,C_MASK_E,17,2222729423292320042,53.016374,52.986366272,30994,248216,3826611666964392027
GIST,half,32,2,5,C_MASK_E,18,10765395806018310607,44.24936,44.2144966125,46194,369816,7444862595273582325
GIST,half,32,2,5,C_MASK_E,19,15820513675728183516,54.366113,54.3365745544,19116,153192,6060893219430260750
GIST,half,32,2,5,C_MASK_E,20,10712815744133708220,46.345384,46.3278388977,172,1640,17430303074918329068
GIST,half,32,2,5,C_MASK_E,21,3486346971057125245,48.434574,48.4102401733,26397,211440,8960657414760105658
GIST,half,32,2,5,C_MASK_E,22,5004653838559619408,44.289898,44.2610244751,19492,156200,15755818672585262164
GIST,half,32,2,5,C_MASK_E,23,10851237028586424301,45.310575,45.2826576233,21765,174384,7548619885067429970
GIST,half,32,2,5,C_MASK_E,24,1048821632111722058,50.727941,50.6989746094,20642,165400,15602677906020214158
GIST,half,32,2,5,C_MASK_E,25,13585693668991832971,43.191551,43.1701774597,4997,40240,8060471171494153783
GIST,half,32,2,5,C_MASK_E,26,13539082034095136927,44.14621,44.1267204285,37,560,9838144373337488345
GIST,half,32,2,5,C_MASK_E,27,161217794029549079,47.395147,47.3618888855,48430,387704,10897917077796498645
GIST,half,32,2,5,C_MASK_E,28,306400533752808697,42.909169,42.8927688599,38,568,15415108955034365904
GIST,half,32,2,5,C_MASK_E,29,15030165245001765777,51.695543,51.6793937683,5275,42464,13081611358792727333
GIST,half,32,2,5,C_MASK_E,30,14416838764258129161,51.943153,51.9266548157,3945,31824,15666152673139803166
GIST,half,32,2,5,C_MASK_E,31,7995077726280952526,40.891021,40.871295929,35,544,17738710621554888361
GIST,half,32,2,5,C_TASK_E,0,13392786189952033124,49.718183,49.6940803528,29566,236792,17654899910400677031
GIST,half,32,2,5,C_TASK_E,1,3085188792669438576,51.055989,51.0241279602,43556,348712,7751775623948015455
GIST,half,32,2,5,C_TASK_E,2,9607284371048990950,45.61759,45.5944976807,20776,166472,17020235287267412215
GIST,half,32,2,5,C_TASK_E,3,17322893638147462453,43.570722,43.5554885864,2062,16760,7116414848619904563
GIST,half,32,2,5,C_TASK_E,4,9368830554395401223,48.132932,48.0823669434,101125,809264,13109810449993187880
GIST,half,32,2,5,C_TASK_E,5,8419766857112927641,47.164076,47.1477432251,3420,27624,17792685588925117483
GIST,half,32,2,5,C_TASK_E,6,4668807861364956970,46.938263,46.8945274353,63820,510824,10099402955953869603
GIST,half,32,2,5,C_TASK_E,7,7872727791650862151,48.474951,48.4561271667,175,1664,4643210386447554668
GIST,half,32,2,5,C_TASK_E,8,15783018974750835728,48.320804,48.2784004211,49929,399696,4190309505508178420
GIST,half,32,2,5,C_TASK_E,9,7601489796430488175,47.378747,47.3501434326,31506,252312,1329596921172543006
GIST,half,32,2,5,C_TASK_E,10,5544530460631338786,46.914577,46.8918418884,150,1464,13924800278538701120
GIST,half,32,2,5,C_TASK_E,11,12325065973520304682,44.492739,44.4564170837,58591,468992,267835482051343214
GIST,half,32,2,5,C_TASK_E,12,13216066866632432715,46.048418,46.0099830627,61490,492184,8239061200449829015
GIST,half,32,2,5,C_TASK_E,13,1075722662635840942,49.107187,49.0761260986,40720,326024,4270533297038567303
GIST,half,32,2,5,C_TASK_E,14,3185229373934033660,51.159764,51.1310386658,18207,145920,13654456654282768996
GIST,half,32,2,5,C_TASK_E,15,4980500077960720760,54.150998,54.1258544922,28894,231416,17240864116231060822
GIST,half,32,2,5,C_TASK_E,16,8534462434835011887,41.747613,41.7188491821,23577,188880,3778250351653536887
GIST,half,32,2,5,C_TASK_E,17,2222729423292320042,52.509827,52.4832649231,30994,248216,3826611666964392027
GIST,half,32,2,5,C_TASK_E,18,10765395806018310607,43.975659,43.9463996887,46194,369816,7444862595273582325
GIST,half,32,2,5,C_TASK_E,19,15820513675728183516,54.072394,54.0503044128,19116,153192,6060893219430260750
GIST,half,32,2,5,C_TASK_E,20,10712815744133708220,46.013289,45.9976654053,172,1640,17430303074918329068
GIST,half,32,2,5,C_TASK_E,21,3486346971057125245,48.239723,48.215423584,26397,211440,8960657414760105658
GIST,half,32,2,5,C_TASK_E,22,5004653838559619408,44.133717,44.1111030579,19492,156200,15755818672585262164
GIST,half,32,2,5,C_TASK_E,23,10851237028586424301,45.113979,45.0861129761,21765,174384,7548619885067429970
GIST,half,32,2,5,C_TASK_E,24,1048821632111722058,50.556315,50.5325126648,20642,165400,15602677906020214158
GIST,half,32,2,5,C_TASK_E,25,13585693668991832971,43.081608,43.0613441467,4997,40240,8060471171494153783
GIST,half,32,2,5,C_TASK_E,26,13539082034095136927,43.962244,43.9437446594,37,560,9838144373337488345
GIST,half,32,2,5,C_TASK_E,27,161217794029549079,47.15129,47.1175994873,48430,387704,10897917077796498645
GIST,half,32,2,5,C_TASK_E,28,306400533752808697,42.748693,42.734046936,38,568,15415108955034365904
GIST,half,32,2,5,C_TASK_E,29,15030165245001765777,51.582613,51.5627822876,5275,42464,13081611358792727333
GIST,half,32,2,5,C_TASK_E,30,14416838764258129161,51.684438,51.6684799194,3945,31824,15666152673139803166
GIST,half,32,2,5,C_TASK_E,31,7995077726280952526,40.660561,40.6462402344,35,544,17738710621554888361
GIST,half,8,2,6,SCAN_L,127,15208757093895910829,44.703559,44.6805114746,11,160,1809397944155681048
GIST,half,8,2,6,SCAN_L,126,12657858335344656681,44.693977,44.6791687012,8,136,4387400323091133037
GIST,half,8,2,6,SCAN_L,125,3028236243262219857,44.700778,44.6826896667,8,136,425355140008332221
GIST,half,8,2,6,SCAN_L,124,8609683818349710292,44.701375,44.6789131165,8,136,13168834338195935582
GIST,half,8,2,6,SCAN_L,123,11214984481703275179,44.702117,44.6804466248,1639,13184,17297314433685050926
GIST,half,8,2,6,SCAN_L,122,2263849957397490031,44.696005,44.6790084839,2287,18368,8165417142188033165
GIST,half,8,2,6,SCAN_L,121,18044578509838911779,44.696407,44.6791992188,10,152,7928744672891195179
GIST,half,8,2,6,SCAN_L,120,5458740354294272417,44.696134,44.6793289185,9,144,7848134651590039281
GIST,half,8,2,6,SCAN_L,119,5858457743813147244,44.701159,44.681438446,396,3240,8827444684336327481
GIST,half,8,2,6,SCAN_L,118,16469490972111288920,44.702643,44.6810569763,4028,32296,883241890903009633
GIST,half,8,2,6,SCAN_L,117,1006711879274558233,44.700599,44.6798706055,841,6800,11321619877609521957
GIST,half,8,2,6,SCAN_L,116,476149813655704091,44.701032,44.6778869629,10,152,8858849561569991435
GIST,half,8,2,6,SCAN_L,115,7649011970154020997,44.701033,44.6799354553,9,144,3206729205558378233
GIST,half,8,2,6,SCAN_L,114,10648647139011189564,44.705334,44.6807022095,12,168,6772672195218087492
GIST,half,8,2,6,SCAN_L,113,10535780349197406948,44.704516,44.6822395325,8,136,14415464039087190790
GIST,half,8,2,6,SCAN_L,112,10135745837711897539,44.697072,44.6798095703,9,144,27334712204462216
GIST,half,8,2,6,SCAN_L,111,3665995180310526364,44.70901,44.6812782288,41478,331896,5661520465715040291
GIST,half,8,2,6,SCAN_L,110,10127478537340186675,44.70155,44.6804466248,10,152,1358658317263378375
GIST,half,8,2,6,SCAN_L,109,17603205654855495503,44.701171,44.6799354553,6920,55432,4734971902105951802
GIST,half,8,2,6,SCAN_L,108,5137605947089590316,44.701187,44.6800956726,22,248,8744501858676181288
GIST,half,8,2,6,SCAN_L,107,12753255321128375907,44.70171,44.6800003052,11,160,3736671290085159878
GIST,half,8,2,6,SCAN_L,106,7862389240255096405,44.69435,44.6785926819,8,136,4454845205277636153
GIST,half,8,2,6,SCAN_L,105,3382835124390735773,44.704266,44.6807022095,10,152,1633465981209507262
GIST,half,8,2,6,SCAN_L,104,6318150018815276835,44.703879,44.6820487976,8,136,6252710342366139043
GIST,half,8,2,6,SCAN_L,103,3358090661935181962,44.697088,44.6792945862,10,152,206827504788997805
GIST,half,8,2,6,SCAN_L,102,5023834620232924699,44.695111,44.6791038513,9,144,4345061276902095567
GIST,half,8,2,6,SCAN_L,101,463556152314022137,44.701198,44.6782417297,9,144,17739438941913720152
GIST,half,8,2,6,SCAN_L,100,416867533671327684,44.703775,44.6809616089,4969,39824,18199109054269478174
GIST,half,8,2,6,SCAN_L,99,11723484149300992671,44.694916,44.6788482666,2311,18560,15885591392866052173
GIST,half,8,2,6,SCAN_L,98,1083222351448503346,44.703267,44.6802558899,30,312,14811157689777586302
GIST,half,8,2,6,SCAN_L,97,11331694305099227241,44.704905,44.6829109192,5629,45104,17435282213467792387
GIST,half,8,2,6,SCAN_L,96,13118478308687119329,44.709466,44.6827507019,12672,101448,12414488981634579085
GIST,half,8,2,6,SCAN_L,95,13797457395031324342,44.696583,44.6789131165,4312,34568,8681946398460365715
GIST,half,8,2,6,SCAN_L,94,12966259267171903563,44.694751,44.678527832,9,144,16525753693329126445
GIST,half,8,2,6,SCAN_L,93,15824146815298812297,44.699637,44.6778869629,785,6352,16848583768543088517
GIST,half,8,2,6,SCAN_L,92,7858987711662060174,44.702491,44.6823043823,16659,133344,18141791887973734438
GIST,half,8,2,6,SCAN_L,91,13351219280779986121,44.701512,44.6815376282,91,800,7129016086556790661
GIST,half,8,2,6,SCAN_L,90,1487146102952406162,44.703191,44.6787185669,9,144,11675729656657864315
GIST,half,8,2,6,SCAN_L,89,17243398098289356237,44.710058,44.6832008362,19381,155120,11341570227103404206
GIST,half,8,2,6,SCAN_L,88,17392447945923308625,44.704637,44.6819190979,11,160,16812603617364686395
GIST,half,8,2,6,SCAN_L,87,8534974539240644349,44.715955,44.679775238,22710,181752,7440715000576488328
GIST,half,8,2,6,SCAN_L,86,6470508332142331894,44.70275,44.682975769,3669,29424,3528509250306175135
GIST,half,8,2,6,SCAN_L,85,10946770602578419956,44.700964,44.6799049377,8,136,1403974257677289190
GIST,half,8,2,6,SCAN_L,84,10344073526508897281,44.698169,44.6779212952,10,152,12307297875457737052
GIST,half,8,2,6,SCAN_L,83,8711237166219394419,44.700415,44.6788787842,16,200,1159450716902794998
GIST,half,8,2,6,SCAN_L,82,17380680694385638840,44.701785,44.6805114746,10,152,17099624996036497700
GIST,half,8,2,6,SCAN_L,81,4578548255021645869,44.694689,44.6787834167,8,136,7309366345031128353
GIST,half,8,2,6,SCAN_L,80,8425382104893835461,44.705245,44.6828155518,138,1176,4615018082655609248
GIST,half,8,2,6,SCAN_L,79,17525024244829704515,44.709535,44.6809272766,17953,143696,8782034102419046715
GIST,half,8,2,6,SCAN_L,78,384590151492374026,44.702602,44.679233551,1145,9232,6824037880318392156
GIST,half,8,2,6,SCAN_L,77,13772194458325883781,44.980028,44.9552001953,8,136,3119058093217859169
GIST,half,8,2,6,SCAN_L,76,6121457899850640239,44.701623,44.6803207397,10,152,10439922783850878615
GIST,half,8,2,6,SCAN_L,75,10629383663104694533,44.70077,44.6799697876,8,136,1959805352102410517
GIST,half,8,2,6,SCAN_L,74,17416559791252488439,44.708184,44.680480957,15885,127152,9191986637692184623
GIST,half,8,2,6,SCAN_L,73,6275675870158489986,44.713554,44.6835823059,30287,242368,3965206015652614730
GIST,half,8,2,6,SCAN_L,72,2775573294919263248,44.704966,44.6811828613,14,184,2008831888728120970
GIST,half,8,2,6,SCAN_L,71,2653643927898021331,44.703458,44.6814079285,8,136,6674983760768613763
GIST,half,8,2,6,SCAN_L,70,7125887616712792012,44.713201,44.6839370728,30939,247584,2578173215488215435
GIST,half,8,2,6,SCAN_L,69,16370389120603384840,44.703008,44.6807670593,39,384,8893900566493377500
GIST,half,8,2,6,SCAN_L,68,17584159069416176766,44.702912,44.6810874939,8,136,14994419951185837632
GIST,half,8,2,6,SCAN_L,67,9413171363946879688,44.702021,44.678527832,10,152,16410576142550180761
GIST,half,8,2,6,SCAN_L,66,6567103049086711526,44.702838,44.6803855896,9,144,2120391718945614396
GIST,half,8,2,6,SCAN_L,65,16264934943434005963,44.712091,44.6808319092,23549,188464,1717894044534139949
GIST,half,8,2,6,SCAN_L,64,12923444094630896693,44.705236,44.681312561,9,144,10890240329654538100
GIST,half,8,2,6,SCAN_L,63,9575871338223549139,44.703916,44.6799049377,782,6328,14236409939300756135
GIST,half,8,2,6,SCAN_L,62,8560399019494154138,44.702351,44.680480957,16,200,10995028448307505731
GIST,half,8,2,6,SCAN_L,61,2620909581344322254,44.698783,44.6786575317,159,1344,18016158801479111709
GIST,half,8,2,6,SCAN_L,60,2761207983275075740,44.710327,44.6835823059,27937,223568,8219627611328849196
GIST,half,8,2,6,SCAN_L,59,1580871052154375482,44.701412,44.6786575317,10,152,10996509777332881202
GIST,half,8,2,6,SCAN_L,58,9268774494751827706,44.703327,44.6802253723,9,144,2940493626614828053
GIST,half,8,2,6,SCAN_L,57,9021717632597148908,44.705754,44.6810874939,7688,61576,16146242436575770571
GIST,half,8,2,6,SCAN_L,56,13083263465047869035,44.708918,44.6820487976,10500,84072,6126299974183225491
GIST,half,8,2,6,SCAN_L,55,2573792055271618832,44.708729,44.6805114746,13053,104496,3700418904193080229
GIST,half,8,2,6,SCAN_L,54,12485651515614408301,44.712942,44.681022644,27648,221256,13982227894810710128
GIST,half,8,2,6,SCAN_L,53,1181170520412032450,44.70179,44.678817749,8,136,15161611065330365500
GIST,half,8,2,6,SCAN_L,52,10782300321295982446,44.701277,44.6803512573,11,160,2262457125570541601
GIST,half,8,2,6,SCAN_L,51,1321970314038155003,44.700647,44.6795196533,9,144,1725180568680233592
GIST,half,8,2,6,SCAN_L,50,2593988135360058460,44.715398,44.682975769,49566,396600,10688624242403767082
GIST,half,8,2,6,SCAN_L,49,15716071042978413762,44.702873,44.6787528992,1785,14352,16881791907273901609
GIST,half,8,2,6,SCAN_L,48,8248488942050825693,44.706956,44.6816978455,10130,81112,4850681651806503319
GIST,half,8,2,6,SCAN_L,47,197228195401547247,44.714618,44.6831054688,29946,239640,3603301588478779561
GIST,half,8,2,6,SCAN_L,46,4808905104634366418,44.696089,44.6795845032,9,144,14613523175337427617
GIST,half,8,2,6,SCAN_L,45,10634279939165845196,44.704179,44.680606842,11,160,13746219426551555317
GIST,half,8,2,6,SCAN_L,44,2657517881292301308,44.713919,44.6836471558,28625,229072,14362931499080891524
GIST,half,8,2,6,SCAN_L,43,3580392345773888933,44.702986,44.6819190979,11,160,7130942906748589245
GIST,half,8,2,6,SCAN_L,42,16130457613556805909,44.69696,44.6798706055,10,152,1351820667773349880
GIST,half,8,2,6,SCAN_L,41,15735649071512523416,44.704619,44.6811523438,11,160,6439908275319918567
GIST,half,8,2,6,SCAN_L,40,523521015842037129,44.697088,44.6785926819,118,1016,14906896884422937853
GIST,half,8,2,6,SCAN_L,39,5134469820061381952,44.705387,44.680896759,173,1456,11882963430235204481
GIST,half,8,2,6,SCAN_L,38,13700905950939581536,44.694451,44.6795845032,9,144,10212566950510398326
GIST,half,8,2,6,SCAN_L,37,7931106857473092034,44.702702,44.6822090149,1642,13208,4836914976961728650
GIST,half,8,2,6,SCAN_L,36,5862842069398405510,44.714357,44.6816978455,29682,237528,719140743100350364
GIST,half,8,2,6,SCAN_L,35,7182522047579593487,44.699501,44.6796798706,12,168,13084839061348052764
GIST,half,8,2,6,SCAN_L,34,11193354026380747684,44.709849,44.681312561,18718,149816,10323070077910272027
GIST,half,8,2,6,SCAN_L,33,17951213273852593361,44.702568,44.6812477112,8,136,7118776530039946925
GIST,half,8,2,6,SCAN_L,32,1018801991084754777,44.714305,44.6856651306,31191,249600,4139212840337583677
GIST,half,8,2,6,SCAN_L,31,16717924179856591400,44.696792,44.6788787842,98,856,12253136263172607446
GIST,half,8,2,6,SCAN_L,30,12630940382236276606,44.703594,44.6818885803,15,192,3888228134973069709
GIST,half,8,2,6,SCAN_L,29,7111803339956803225,44.702649,44.6789131165,9,144,11080742569331125641
GIST,half,8,2,6,SCAN_L,28,9719453371904557375,44.70031,44.6804466248,53,496,4295370152413759317
GIST,half,8,2,6,SCAN_L,27,14732108746546988498,44.71142,44.6803855896,31256,250120,10640609347284222608
GIST,half,8,2,6,SCAN_L,26,18398409255790635840,44.701544,44.6807022095,8,136,16965475016388596626
GIST,half,8,2,6,SCAN_L,25,15312881684633933655,44.713211,44.6824951172,32548,260456,16202494671275670828
GIST,half,8,2,6,SCAN_L,24,14343238801608074176,44.703333,44.6810569763,8,136,335641030610087762
GIST,half,8,2,6,SCAN_L,23,3351983320614235452,44.703753,44.6805458069,8,136,10795653417440584118
GIST,half,8,2,6,SCAN_L,22,9583610160574751482,44.695236,44.6792640686,104,904,17584774084035178489
GIST,half,8,2,6,SCAN_L,21,2715171980480150680,44.701395,44.6802253723,3295,26432,4697067458263101281
GIST,half,8,2,6,SCAN_L,20,13580243989274015108,44.70081,44.68019104,13,176,12167542613742431786
GIST,half,8,2,6,SCAN_L,19,4844542844294841975,44.712361,44.6847343445,27119,217024,3036884596305404821
GIST,half,8,2,6,SCAN_L,18,3071783437712951460,44.69516,44.6788482666,9,144,4097877200455553912
GIST,half,8,2,6,SCAN_L,17,9906517406195203870,44.71157,44.6786231995,28764,230184,13893008974686436000
GIST,half,8,2,6,SCAN_L,16,3537798568722033093,44.714624,44.684928894,45233,361936,10934986133749753810
GIST,half,8,2,6,SCAN_L,15,5936729861741803939,44.704552,44.6819534302,1825,14672,4523878408681453459
GIST,half,8,2,6,SCAN_L,14,18369275761964115190,44.702514,44.681854248,8,136,17294034751593305288
GIST,half,8,2,6,SCAN_L,13,12716887085642250387,44.703715,44.6798706055,10,152,5751298164538243026
GIST,half,8,2,6,SCAN_L,12,17460078167775218888,44.70041,44.6805763245,219,1824,12113822531377232237
GIST,half,8,2,6,SCAN_L,11,407413494807729236,44.707569,44.682849884,20742,166008,748099361995206288
GIST,half,8,2,6,SCAN_L,10,16634692065747566502,44.703411,44.6810874939,9,144,13324388130527482689
GIST,half,8,2,6,SCAN_L,9,4680770526928094267,44.704475,44.6820793152,9,144,6185833218944131429
GIST,half,8,2,6,SCAN_L,8,3722915141321120792,44.693798,44.679649353,16,200,17247831106653997488
GIST,half,8,2,6,SCAN_L,7,7966444742523137199,44.704089,44.6809616089,9,144,294158670510647467
GIST,half,8,2,6,SCAN_L,6,13750152615788058147,44.705156,44.681022644,367,3008,8703337812097627909
GIST,half,8,2,6,SCAN_L,5,15746877753817476956,44.710813,44.6849594116,25267,202208,5187200889313214686
GIST,half,8,2,6,SCAN_L,4,6813717409520896539,44.707528,44.6807670593,17913,143376,10240984302992681904
GIST,half,8,2,6,SCAN_L,3,17912368726981257746,44.705638,44.681854248,22934,183544,3513084467399214196
GIST,half,8,2,6,SCAN_L,2,12949723088018134982,44.701584,44.681022644,12,168,17798676870000866351
GIST,half,8,2,6,SCAN_L,1,5277735151802382403,44.702437,44.6818237305,5815,46592,12495090360753926488
GIST,half,8,2,6,SCAN_L,0,14628893485838184760,44.704804,44.6815032959,805,6512,12049670356140927271
GIST,half,8,2,6,C_ID_L,127,15208757093895910829,40.256822,40.2357749939,11,160,1809397944155681048
GIST,half,8,2,6,C_ID_L,126,12657858335344656681,35.651564,35.6331520081,8,136,4387400323091133037
GIST,half,8,2,6,C_ID_L,125,3028236243262219857,38.492614,38.4750061035,8,136,425355140008332221
GIST,half,8,2,6,C_ID_L,124,8609683818349710292,40.32171,40.3039054871,8,136,13168834338195935582
GIST,half,8,2,6,C_ID_L,123,11214984481703275179,39.666486,39.6464004517,1639,13184,17297314433685050926
GIST,half,8,2,6,C_ID_L,122,2263849957397490031,40.404095,40.382976532,2287,18368,8165417142188033165
GIST,half,8,2,6,C_ID_L,121,18044578509838911779,39.668484,39.6415672302,10,152,7928744672891195179
GIST,half,8,2,6,C_ID_L,120,5458740354294272417,43.346918,43.3289909363,9,144,7848134651590039281
GIST,half,8,2,6,C_ID_L,119,5858457743813147244,42.592695,42.5710411072,396,3240,8827444684336327481
GIST,half,8,2,6,C_ID_L,118,16469490972111288920,33.215928,33.1980476379,4028,32296,883241890903009633
GIST,half,8,2,6,C_ID_L,117,1006711879274558233,42.763353,42.7429122925,841,6800,11321619877609521957
GIST,half,8,2,6,C_ID_L,116,476149813655704091,41.426029,41.4048309326,10,152,8858849561569991435
GIST,half,8,2,6,C_ID_L,115,7649011970154020997,42.651414,42.6280975342,9,144,3206729205558378233
GIST,half,8,2,6,C_ID_L,114,10648647139011189564,36.780592,36.7641601562,12,168,6772672195218087492
GIST,half,8,2,6,C_ID_L,113,10535780349197406948,34.976678,34.9596176147,8,136,14415464039087190790
GIST,half,8,2,6,C_ID_L,112,10135745837711897539,35.011944,34.9948806763,9,144,27334712204462216
GIST,half,8,2,6,C_ID_L,111,3665995180310526364,37.918445,37.8917427063,41478,331896,5661520465715040291
GIST,half,8,2,6,C_ID_L,110,10127478537340186675,35.648553,35.6296005249,10,152,1358658317263378375
GIST,half,8,2,6,C_ID_L,109,17603205654855495503,33.222249,33.2030067444,6920,55432,4734971902105951802
GIST,half,8,2,6,C_ID_L,108,5137605947089590316,39.666861,39.6452178955,22,248,8744501858676181288
GIST,half,8,2,6,C_ID_L,107,12753255321128375907,40.922903,40.9060173035,11,160,3736671290085159878
GIST,half,8,2,6,C_ID_L,106,7862389240255096405,43.266468,43.2447662354,8,136,4454845205277636153
GIST,half,8,2,6,C_ID_L,105,3382835124390735773,34.385358,34.3688316345,10,152,1633465981209507262
GIST,half,8,2,6,C_ID_L,104,6318150018815276835,39.66542,39.6485748291,8,136,6252710342366139043
GIST,half,8,2,6,C_ID_L,103,3358090661935181962,44.348543,44.3314247131,10,152,206827504788997805
GIST,half,8,2,6,C_ID_L,102,5023834620232924699,39.827225,39.8032646179,9,144,4345061276902095567
GIST,half,8,2,6,C_ID_L,101,463556152314022137,37.543137,37.5257606506,9,144,17739438941913720152
GIST,half,8,2,6,C_ID_L,100,416867533671327684,38.648464,38.6248321533,4969,39824,18199109054269478174
GIST,half,8,2,6,C_ID_L,99,11723484149300992671,42.603303,42.5801582336,2311,18560,15885591392866052173
GIST,half,8,2,6,C_ID_L,98,1083222351448503346,38.547987,38.5241279602,30,312,14811157689777586302
GIST,half,8,2,6,C_ID_L,97,11331694305099227241,34.986435,34.9666557312,5629,45104,17435282213467792387
GIST,half,8,2,6,C_ID_L,96,13118478308687119329,34.398639,34.3731536865,12672,101448,12414488981634579085
GIST,half,8,2,6,C_ID_L,95,13797457395031324342,42.01481,41.9955825806,4312,34568,8681946398460365715
GIST,half,8,2,6,C_ID_L,94,12966259267171903563,36.150984,36.1284484863,9,144,16525753693329126445
GIST,half,8,2,6,C_ID_L,93,15824146815298812297,40.837694,40.8199043274,785,6352,16848583768543088517
GIST,half,8,2,6,C_ID_L,92,7858987711662060174,28.071889,28.0454711914,16659,133344,18141791887973734438
GIST,half,8,2,6,C_ID_L,91,13351219280779986121,31.470183,31.4481277466,91,800,7129016086556790661
GIST,half,8,2,6,C_ID_L,90,1487146102952406162,40.920164,40.8961601257,9,144,11675729656657864315
GIST,half,8,2,6,C_ID_L,89,17243398098289356237,41.420255,41.3993263245,19381,155120,11341570227103404206
GIST,half,8,2,6,C_ID_L,88,17392447945923308625,30.293624,30.2784004211,11,160,16812603617364686395
GIST,half,8,2,6,C_ID_L,87,8534974539240644349,38.552538,38.5273933411,22710,181752,7440715000576488328
GIST,half,8,2,6,C_ID_L,86,6470508332142331894,43.170797,43.154750824,3669,29424,3528509250306175135
GIST,half,8,2,6,C_ID_L,85,10946770602578419956,40.842023,40.8197135925,8,136,1403974257677289190
GIST,half,8,2,6,C_ID_L,84,10344073526508897281,42.00039,41.984703064,10,152,12307297875457737052
GIST,half,8,2,6,C_ID_L,83,8711237166219394419,36.287398,36.2712631226,16,200,1159450716902794998
GIST,half,8,2,6,C_ID_L,82,17380680694385638840,38.178242,38.1548156738,10,152,17099624996036497700
GIST,half,8,2,6,C_ID_L,81,4578548255021645869,37.318707,37.2984962463,8,136,7309366345031128353
GIST,half,8,2,6,C_ID_L,80,8425382104893835461,40.936404,40.9191665649,138,1176,4615018082655609248
GIST,half,8,2,6,C_ID_L,79,17525024244829704515,38.564961,38.5387840271,17953,143696,8782034102419046715
GIST,half,8,2,6,C_ID_L,78,384590151492374026,40.254481,40.2334403992,1145,9232,6824037880318392156
GIST,half,8,2,6,C_ID_L,77,13772194458325883781,42.098271,42.0830383301,8,136,3119058093217859169
GIST,half,8,2,6,C_ID_L,76,6121457899850640239,43.828987,43.8072967529,10,152,10439922783850878615
GIST,half,8,2,6,C_ID_L,75,10629383663104694533,33.336514,33.3212471008,8,136,1959805352102410517
GIST,half,8,2,6,C_ID_L,74,17416559791252488439,42.592541,42.5681610107,15885,127152,9191986637692184623
GIST,half,8,2,6,C_ID_L,73,6275675870158489986,33.81137,33.7844161987,30287,242368,3965206015652614730
GIST,half,8,2,6,C_ID_L,72,2775573294919263248,41.415409,41.3981132507,14,184,2008831888728120970
GIST,half,8,2,6,C_ID_L,71,2653643927898021331,39.827255,39.8069114685,8,136,6674983760768613763
GIST,half,8,2,6,C_ID_L,70,7125887616712792012,40.267184,40.2347183228,30939,247584,2578173215488215435
GIST,half,8,2,6,C_ID_L,69,16370389120603384840,41.999365,41.981086731,39,384,8893900566493377500
GIST,half,8,2,6,C_ID_L,68,17584159069416176766,43.171103,43.1531829834,8,136,14994419951185837632
GIST,half,8,2,6,C_ID_L,67,9413171363946879688,37.406154,37.3875198364,10,152,16410576142550180761
GIST,half,8,2,6,C_ID_L,66,6567103049086711526,25.611046,25.5944328308,9,144,2120391718945614396
GIST,half,8,2,6,C_ID_L,65,16264934943434005963,39.37552,39.348449707,23549,188464,1717894044534139949
GIST,half,8,2,6,C_ID_L,64,12923444094630896693,33.23055,33.2140808105,9,144,10890240329654538100
GIST,half,8,2,6,C_ID_L,63,9575871338223549139,42.590323,42.5681266785,782,6328,14236409939300756135
GIST,half,8,2,6,C_ID_L,62,8560399019494154138,43.266307,43.2446403503,16,200,10995028448307505731
GIST,half,8,2,6,C_ID_L,61,2620909581344322254,43.759743,43.7379837036,159,1344,18016158801479111709
GIST,half,8,2,6,C_ID_L,60,2761207983275075740,36.823511,36.7965431213,27937,223568,8219627611328849196
GIST,half,8,2,6,C_ID_L,59,1580871052154375482,38.484893,38.4666862488,10,152,10996509777332881202
GIST,half,8,2,6,C_ID_L,58,9268774494751827706,39.66383,39.6458892822,9,144,2940493626614828053
GIST,half,8,2,6,C_ID_L,57,9021717632597148908,34.455215,34.4354248047,7688,61576,16146242436575770571
GIST,half,8,2,6,C_ID_L,56,13083263465047869035,37.909276,37.8865280151,10500,84072,6126299974183225491
GIST,half,8,2,6,C_ID_L,55,2573792055271618832,34.445301,34.4253425598,13053,104496,3700418904193080229
GIST,half,8,2,6,C_ID_L,54,12485651515614408301,41.503939,41.4714241028,27648,221256,13982227894810710128
GIST,half,8,2,6,C_ID_L,53,1181170520412032450,42.010847,41.992225647,8,136,15161611065330365500
GIST,half,8,2,6,C_ID_L,52,10782300321295982446,41.423956,41.403553009,11,160,2262457125570541601
GIST,half,8,2,6,C_ID_L,51,1321970314038155003,33.804511,33.7874565125,9,144,1725180568680233592
GIST,half,8,2,6,C_ID_L,50,2593988135360058460,27.960033,27.930431366,49566,396600,10688624242403767082
GIST,half,8,2,6,C_ID_L,49,15716071042978413762,41.470771,41.4493751526,1785,14352,16881791907273901609
GIST,half,8,2,6,C_ID_L,48,8248488942050825693,40.256789,40.2344970703,10130,81112,4850681651806503319
GIST,half,8,2,6,C_ID_L,47,197228195401547247,36.231737,36.2011184692,29946,239640,3603301588478779561
GIST,half,8,2,6,C_ID_L,46,4808905104634366418,42.581376,42.5638389587,9,144,14613523175337427617
GIST,half,8,2,6,C_ID_L,45,10634279939165845196,39.07807,39.0599365234,11,160,13746219426551555317
GIST,half,8,2,6,C_ID_L,44,2657517881292301308,34.403292,34.3719367981,28625,229072,14362931499080891524
GIST,half,8,2,6,C_ID_L,43,3580392345773888933,39.124115,39.1068153381,11,160,7130942906748589245
GIST,half,8,2,6,C_ID_L,42,16130457613556805909,37.974519,37.9584312439,10,152,1351820667773349880
GIST,half,8,2,6,C_ID_L,41,15735649071512523416,43.179867,43.158782959,11,160,6439908275319918567
GIST,half,8,2,6,C_ID_L,40,523521015842037129,36.732444,36.7165107727,118,1016,14906896884422937853
GIST,half,8,2,6,C_ID_L,39,5134469820061381952,40.916947,40.897567749,173,1456,11882963430235204481
GIST,half,8,2,6,C_ID_L,38,13700905950939581536,33.805752,33.7886734009,9,144,10212566950510398326
GIST,half,8,2,6,C_ID_L,37,7931106857473092034,39.650552,39.6328010559,1642,13208,4836914976961728650
GIST,half,8,2,6,C_ID_L,36,5862842069398405510,41.507889,41.481502533,29682,237528,719140743100350364
GIST,half,8,2,6,C_ID_L,35,7182522047579593487,37.907788,37.8844490051,12,168,13084839061348052764
GIST,half,8,2,6,C_ID_L,34,11193354026380747684,40.914719,40.8926734924,18718,149816,10323070077910272027
GIST,half,8,2,6,C_ID_L,33,17951213273852593361,35.653104,35.6359367371,8,136,7118776530039946925
GIST,half,8,2,6,C_ID_L,32,1018801991084754777,39.245931,39.2144966125,31191,249600,4139212840337583677
GIST,half,8,2,6,C_ID_L,31,16717924179856591400,36.729979,36.7125434875,98,856,12253136263172607446
GIST,half,8,2,6,C_ID_L,30,12630940382236276606,42.083935,42.0616645813,15,192,3888228134973069709
GIST,half,8,2,6,C_ID_L,29,7111803339956803225,40.892669,40.8718414307,9,144,11080742569331125641
GIST,half,8,2,6,C_ID_L,28,9719453371904557375,40.830622,40.8116798401,53,496,4295370152413759317
GIST,half,8,2,6,C_ID_L,27,14732108746546988498,34.403213,34.3734397888,31256,250120,10640609347284222608
GIST,half,8,2,6,C_ID_L,26,18398409255790635840,37.955284,37.9408950806,8,136,16965475016388596626
GIST,half,8,2,6,C_ID_L,25,15312881684633933655,41.422216,41.3926391602,32548,260456,16202494671275670828
GIST,half,8,2,6,C_ID_L,24,14343238801608074176,36.238349,36.2164802551,8,136,335641030610087762
GIST,half,8,2,6,C_ID_L,23,3351983320614235452,40.826154,40.8090896606,8,136,10795653417440584118
GIST,half,8,2,6,C_ID_L,22,9583610160574751482,39.668654,39.6525115967,104,904,17584774084035178489
GIST,half,8,2,6,C_ID_L,21,2715171980480150680,43.178269,43.1581764221,3295,26432,4697067458263101281
GIST,half,8,2,6,C_ID_L,20,13580243989274015108,35.559838,35.5438079834,13,176,12167542613742431786
GIST,half,8,2,6,C_ID_L,19,4844542844294841975,36.73438,36.709438324,27119,217024,3036884596305404821
GIST,half,8,2,6,C_ID_L,18,3071783437712951460,28.015375,27.9997444153,9,144,4097877200455553912
GIST,half,8,2,6,C_ID_L,17,9906517406195203870,40.308895,40.28540802,28764,230184,13893008974686436000
GIST,half,8,2,6,C_ID_L,16,3537798568722033093,41.486122,41.4556808472,45233,361936,10934986133749753810
GIST,half,8,2,6,C_ID_L,15,5936729861741803939,38.649754,38.6327667236,1825,14672,4523878408681453459
GIST,half,8,2,6,C_ID_L,14,18369275761964115190,34.971915,34.9563217163,8,136,17294034751593305288
GIST,half,8,2,6,C_ID_L,13,12716887085642250387,37.898036,37.88048172,10,152,5751298164538243026
GIST,half,8,2,6,C_ID_L,12,17460078167775218888,36.73334,36.7167053223,219,1824,12113822531377232237
GIST,half,8,2,6,C_ID_L,11,407413494807729236,34.987096,34.963104248,20742,166008,748099361995206288
GIST,half,8,2,6,C_ID_L,10,16634692065747566502,26.885492,26.8705921173,9,144,13324388130527482689
GIST,half,8,2,6,C_ID_L,9,4680770526928094267,38.484217,38.4680328369,9,144,6185833218944131429
GIST,half,8,2,6,C_ID_L,8,3722915141321120792,38.496341,38.4811820984,16,200,17247831106653997488
GIST,half,8,2,6,C_ID_L,7,7966444742523137199,29.122925,29.100320816,9,144,294158670510647467
GIST,half,8,2,6,C_ID_L,6,13750152615788058147,40.248045,40.2301101685,367,3008,8703337812097627909
GIST,half,8,2,6,C_ID_L,5,15746877753817476956,40.325587,40.3014717102,25267,202208,5187200889313214686
GIST,half,8,2,6,C_ID_L,4,6813717409520896539,42.007948,41.9864311218,17913,143376,10240984302992681904
GIST,half,8,2,6,C_ID_L,3,17912368726981257746,34.393421,34.3688621521,22934,183544,3513084467399214196
GIST,half,8,2,6,C_ID_L,2,12949723088018134982,43.171281,43.1544303894,12,168,17798676870000866351
GIST,half,8,2,6,C_ID_L,1,5277735151802382403,40.832395,40.8117752075,5815,46592,12495090360753926488
GIST,half,8,2,6,C_ID_L,0,14628893485838184760,40.318771,40.3019523621,805,6512,12049670356140927271
GIST,half,8,2,6,C_MASK_L,127,15208757093895910829,38.065118,38.0460166931,11,160,1809397944155681048
GIST,half,8,2,6,C_MASK_L,126,12657858335344656681,34.047156,34.0276145935,8,136,4387400323091133037
GIST,half,8,2,6,C_MASK_L,125,3028236243262219857,36.371555,36.3549423218,8,136,425355140008332221
GIST,half,8,2,6,C_MASK_L,124,8609683818349710292,38.077238,38.0578575134,8,136,13168834338195935582
GIST,half,8,2,6,C_MASK_L,123,11214984481703275179,37.758231,37.7429428101,1639,13184,17297314433685050926
GIST,half,8,2,6,C_MASK_L,122,2263849957397490031,38.324082,38.3040313721,2287,18368,8165417142188033165
GIST,half,8,2,6,C_MASK_L,121,18044578509838911779,37.504198,37.4877128601,10,152,7928744672891195179
GIST,half,8,2,6,C_MASK_L,120,5458740354294272417,40.400496,40.3784942627,9,144,7848134651590039281
GIST,half,8,2,6,C_MASK_L,119,5858457743813147244,39.64225,39.6261749268,396,3240,8827444684336327481
GIST,half,8,2,6,C_MASK_L,118,16469490972111288920,32.183099,32.1665916443,4028,32296,883241890903009633
GIST,half,8,2,6,C_MASK_L,117,1006711879274558233,39.89677,39.8767356873,841,6800,11321619877609521957
GIST,half,8,2,6,C_MASK_L,116,476149813655704091,38.714247,38.6983032227,10,152,8858849561569991435
GIST,half,8,2,6,C_MASK_L,115,7649011970154020997,40.10536,40.0833587646,9,144,3206729205558378233
GIST,half,8,2,6,C_MASK_L,114,10648647139011189564,34.971518,34.9570884705,12,168,6772672195218087492
GIST,half,8,2,6,C_MASK_L,113,10535780349197406948,33.58061,33.5581130981,8,136,14415464039087190790
GIST,half,8,2,6,C_MASK_L,112,10135745837711897539,33.418603,33.3979187012,9,144,27334712204462216
GIST,half,8,2,6,C_MASK_L,111,3665995180310526364,36.510224,36.485118866,41478,331896,5661520465715040291
GIST,half,8,2,6,C_MASK_L,110,10127478537340186675,33.788767,33.7714881897,10,152,1358658317263378375
GIST,half,8,2,6,C_MASK_L,109,17603205654855495503,31.911171,31.8923835754,6920,55432,4734971902105951802
GIST,half,8,2,6,C_MASK_L,108,5137605947089590316,37.263784,37.2458572388,22,248,8744501858676181288
GIST,half,8,2,6,C_MASK_L,107,12753255321128375907,38.339569,38.3210258484,11,160,3736671290085159878
GIST,half,8,2,6,C_MASK_L,106,7862389240255096405,40.503473,40.488609314,8,136,4454845205277636153
GIST,half,8,2,6,C_MASK_L,105,3382835124390735773,33.039129,33.0215988159,10,152,1633465981209507262
GIST,half,8,2,6,C_MASK_L,104,6318150018815276835,37.316444,37.2936973572,8,136,6252710342366139043
GIST,half,8,2,6,C_MASK_L,103,3358090661935181962,41.063804,41.0466880798,10,152,206827504788997805
GIST,half,8,2,6,C_MASK_L,102,5023834620232924699,37.453911,37.4385261536,9,144,4345061276902095567
GIST,half,8,2,6,C_MASK_L,101,463556152314022137,35.894129,35.8773765564,9,144,17739438941913720152
GIST,half,8,2,6,C_MASK_L,100,416867533671327684,36.850525,36.8264312744,4969,39824,18199109054269478174
GIST,half,8,2,6,C_MASK_L,99,11723484149300992671,40.054344,40.0345611572,2311,18560,15885591392866052173
GIST,half,8,2,6,C_MASK_L,98,1083222351448503346,36.836897,36.8210258484,30,312,14811157689777586302
GIST,half,8,2,6,C_MASK_L,97,11331694305099227241,33.825115,33.8085746765,5629,45104,17435282213467792387
GIST,half,8,2,6,C_MASK_L,96,13118478308687119329,33.229994,33.211265564,12672,101448,12414488981634579085
GIST,half,8,2,6,C_MASK_L,95,13797457395031324342,39.210226,39.1909103394,4312,34568,8681946398460365715
GIST,half,8,2,6,C_MASK_L,94,12966259267171903563,34.375919,34.3608627319,9,144,16525753693329126445
GIST,half,8,2,6,C_MASK_L,93,15824146815298812297,38.801335,38.7839050293,785,6352,16848583768543088517
GIST,half,8,2,6,C_MASK_L,92,7858987711662060174,28.142959,28.1200313568,16659,133344,18141791887973734438
GIST,half,8,2,6,C_MASK_L,91,13351219280779986121,30.140279,30.125951767,91,800,7129016086556790661
GIST,half,8,2,6,C_MASK_L,90,1487146102952406162,38.384146,38.3695030212,9,144,11675729656657864315
GIST,half,8,2,6,C_MASK_L,89,17243398098289356237,39.266848,39.2354888916,19381,155120,11341570227103404206
GIST,half,8,2,6,C_MASK_L,88,17392447945923308625,29.761884,29.7473926544,11,160,16812603617364686395
GIST,half,8,2,6,C_MASK_L,87,8534974539240644349,36.881201,36.8524475098,22710,181752,7440715000576488328
GIST,half,8,2,6,C_MASK_L,86,6470508332142331894,40.106133,40.0880317688,3669,29424,3528509250306175135
GIST,half,8,2,6,C_MASK_L,85,10946770602578419956,38.051043,38.0366096497,8,136,1403974257677289190
GIST,half,8,2,6,C_MASK_L,84,10344073526508897281,39.318295,39.296257019,10,152,12307297875457737052
GIST,half,8,2,6,C_MASK_L,83,8711237166219394419,34.857019,34.8406066895,16,200,1159450716902794998
GIST,half,8,2,6,C_MASK_L,82,17380680694385638840,36.470919,36.4553909302,10,152,17099624996036497700
GIST,half,8,2,6,C_MASK_L,81,4578548255021645869,35.337052,35.3214416504,8,136,7309366345031128353
GIST,half,8,2,6,C_MASK_L,80,8425382104893835461,38.360015,38.3406410217,138,1176,4615018082655609248
GIST,half,8,2,6,C_MASK_L,79,17525024244829704515,36.65837,36.6290245056,17953,143696,8782034102419046715
GIST,half,8,2,6,C_MASK_L,78,384590151492374026,38.088921,38.0724143982,1145,9232,6824037880318392156
GIST,half,8,2,6,C_MASK_L,77,13772194458325883781,39.691335,39.6675186157,8,136,3119058093217859169
GIST,half,8,2,6,C_MASK_L,76,6121457899850640239,40.762189,40.7463684082,10,152,10439922783850878615
GIST,half,8,2,6,C_MASK_L,75,10629383663104694533,32.096077,32.0746879578,8,136,1959805352102410517
GIST,half,8,2,6,C_MASK_L,74,17416559791252488439,39.705361,39.6855697632,15885,127152,9191986637692184623
GIST,half,8,2,6,C_MASK_L,73,6275675870158489986,32.336726,32.3115844727,30287,242368,3965206015652614730
GIST,half,8,2,6,C_MASK_L,72,2775573294919263248,38.961185,38.9407348633,14,184,2008831888728120970
GIST,half,8,2,6,C_MASK_L,71,2653643927898021331,37.646577,37.6283187866,8,136,6674983760768613763
GIST,half,8,2,6,C_MASK_L,70,7125887616712792012,37.779312,37.7530250549,30939,247584,2578173215488215435
GIST,half,8,2,6,C_MASK_L,69,16370389120603384840,39.197054,39.176448822,39,384,8893900566493377500
GIST,half,8,2,6,C_MASK_L,68,17584159069416176766,40.28106,40.2641296387,8,136,14994419951185837632
GIST,half,8,2,6,C_MASK_L,67,9413171363946879688,35.66912,35.6495361328,10,152,16410576142550180761
GIST,half,8,2,6,C_MASK_L,66,6567103049086711526,25.755094,25.7407035828,9,144,2120391718945614396
GIST,half,8,2,6,C_MASK_L,65,16264934943434005963,37.384325,37.3561935425,23549,188464,1717894044534139949
GIST,half,8,2,6,C_MASK_L,64,12923444094630896693,31.883199,31.8656005859,9,144,10890240329654538100
GIST,half,8,2,6,C_MASK_L,63,9575871338223549139,39.838179,39.823425293,782,6328,14236409939300756135
GIST,half,8,2,6,C_MASK_L,62,8560399019494154138,40.41276,40.391998291,16,200,10995028448307505731
GIST,half,8,2,6,C_MASK_L,61,2620909581344322254,40.596683,40.5760955811,159,1344,18016158801479111709
GIST,half,8,2,6,C_MASK_L,60,2761207983275075740,35.334137,35.3053131104,27937,223568,8219627611328849196
GIST,half,8,2,6,C_MASK_L,59,1580871052154375482,36.322723,36.3073616028,10,152,10996509777332881202
GIST,half,8,2,6,C_MASK_L,58,9268774494751827706,37.128888,37.1111984253,9,144,2940493626614828053
GIST,half,8,2,6,C_MASK_L,57,9021717632597148908,33.212143,33.1808624268,7688,61576,16146242436575770571
GIST,half,8,2,6,C_MASK_L,56,13083263465047869035,35.965741,35.9411506653,10500,84072,6126299974183225491
GIST,half,8,2,6,C_MASK_L,55,2573792055271618832,33.42746,33.4074249268,13053,104496,3700418904193080229
GIST,half,8,2,6,C_MASK_L,54,12485651515614408301,39.438062,39.4135360718,27648,221256,13982227894810710128
GIST,half,8,2,6,C_MASK_L,53,1181170520412032450,39.477633,39.4649581909,8,136,15161611065330365500
GIST,half,8,2,6,C_MASK_L,52,10782300321295982446,38.923556,38.9060783386,11,160,2262457125570541601
GIST,half,8,2,6,C_MASK_L,51,1321970314038155003,32.732255,32.7154541016,9,144,1725180568680233592
GIST,half,8,2,6,C_MASK_L,50,2593988135360058460,27.130449,27.1051845551,49566,396600,10688624242403767082
GIST,half,8,2,6,C_MASK_L,49,15716071042978413762,39.121758,39.1005134583,1785,14352,16881791907273901609
GIST,half,8,2,6,C_MASK_L,48,8248488942050825693,38.005678,37.988193512,10130,81112,4850681651806503319
GIST,half,8,2,6,C_MASK_L,47,197228195401547247,34.612742,34.5887680054,29946,239640,3603301588478779561
GIST,half,8,2,6,C_MASK_L,46,4808905104634366418,39.625974,39.6060791016,9,144,14613523175337427617
GIST,half,8,2,6,C_MASK_L,45,10634279939165845196,36.924574,36.9081611633,11,160,13746219426551555317
GIST,half,8,2,6,C_MASK_L,44,2657517881292301308,33.037729,33.012928009,28625,229072,14362931499080891524
GIST,half,8,2,6,C_MASK_L,43,3580392345773888933,37.020765,36.9996147156,11,160,7130942906748589245
GIST,half,8,2,6,C_MASK_L,42,16130457613556805909,36.24514,36.2278404236,10,152,1351820667773349880
GIST,half,8,2,6,C_MASK_L,41,15735649071512523416,40.30217,40.287071228,11,160,6439908275319918567
GIST,half,8,2,6,C_MASK_L,40,523521015842037129,35.119028,35.1033287048,118,1016,14906896884422937853
GIST,half,8,2,6,C_MASK_L,39,5134469820061381952,38.716566,38.7003211975,173,1456,11882963430235204481
GIST,half,8,2,6,C_MASK_L,38,13700905950939581536,32.83417,32.8179206848,9,144,10212566950510398326
GIST,half,8,2,6,C_MASK_L,37,7931106857473092034,37.254583,37.2315216064,1642,13208,4836914976961728650
GIST,half,8,2,6,C_MASK_L,36,5862842069398405510,39.363981,39.3402862549,29682,237528,719140743100350364
GIST,half,8,2,6,C_MASK_L,35,7182522047579593487,36.062208,36.0464324951,12,168,13084839061348052764
GIST,half,8,2,6,C_MASK_L,34,11193354026380747684,38.870645,38.8504638672,18718,149816,10323070077910272027
GIST,half,8,2,6,C_MASK_L,33,17951213273852593361,34.130303,34.1147193909,8,136,7118776530039946925
GIST,half,8,2,6,C_MASK_L,32,1018801991084754777,37.612691,37.5871047974,31191,249600,4139212840337583677
GIST,half,8,2,6,C_MASK_L,31,16717924179856591400,34.708652,34.6888313293,98,856,12253136263172607446
GIST,half,8,2,6,C_MASK_L,30,12630940382236276606,39.661771,39.6482887268,15,192,3888228134973069709
GIST,half,8,2,6,C_MASK_L,29,7111803339956803225,38.47097,38.4530258179,9,144,11080742569331125641
GIST,half,8,2,6,C_MASK_L,28,9719453371904557375,38.422618,38.4081611633,53,496,4295370152413759317
GIST,half,8,2,6,C_MASK_L,27,14732108746546988498,32.829742,32.8033294678,31256,250120,10640609347284222608
GIST,half,8,2,6,C_MASK_L,26,18398409255790635840,36.279114,36.2638092041,8,136,16965475016388596626
GIST,half,8,2,6,C_MASK_L,25,15312881684633933655,38.774667,38.7458877563,32548,260456,16202494671275670828
GIST,half,8,2,6,C_MASK_L,24,14343238801608074176,35.091733,35.0760002136,8,136,335641030610087762
GIST,half,8,2,6,C_MASK_L,23,3351983320614235452,38.274419,38.2586250305,8,136,10795653417440584118
GIST,half,8,2,6,C_MASK_L,22,9583610160574751482,37.621495,37.6005744934,104,904,17584774084035178489
GIST,half,8,2,6,C_MASK_L,21,2715171980480150680,40.588082,40.5709457397,3295,26432,4697067458263101281
GIST,half,8,2,6,C_MASK_L,20,13580243989274015108,34.070542,34.0561904907,13,176,12167542613742431786
GIST,half,8,2,6,C_MASK_L,19,4844542844294841975,35.247617,35.220993042,27119,217024,3036884596305404821
GIST,half,8,2,6,C_MASK_L,18,3071783437712951460,27.64386,27.6244792938,9,144,4097877200455553912
GIST,half,8,2,6,C_MASK_L,17,9906517406195203870,38.279326,38.2563209534,28764,230184,13893008974686436000
GIST,half,8,2,6,C_MASK_L,16,3537798568722033093,38.829244,38.7958068848,45233,361936,10934986133749753810
GIST,half,8,2,6,C_MASK_L,15,5936729861741803939,36.307499,36.2908477783,1825,14672,4523878408681453459
GIST,half,8,2,6,C_MASK_L,14,18369275761964115190,33.418866,33.4013137817,8,136,17294034751593305288
GIST,half,8,2,6,C_MASK_L,13,12716887085642250387,35.906511,35.8898544312,10,152,5751298164538243026
GIST,half,8,2,6,C_MASK_L,12,17460078167775218888,34.996359,34.9818878174,219,1824,12113822531377232237
GIST,half,8,2,6,C_MASK_L,11,407413494807729236,33.538353,33.5166397095,20742,166008,748099361995206288
GIST,half,8,2,6,C_MASK_L,10,16634692065747566502,26.379428,26.3636798859,9,144,13324388130527482689
GIST,half,8,2,6,C_MASK_L,9,4680770526928094267,36.146372,36.1209602356,9,144,6185833218944131429
GIST,half,8,2,6,C_MASK_L,8,3722915141321120792,36.749967,36.7302703857,16,200,17247831106653997488
GIST,half,8,2,6,C_MASK_L,7,7966444742523137199,28.739659,28.7167034149,9,144,294158670510647467
GIST,half,8,2,6,C_MASK_L,6,13750152615788058147,38.028396,38.0130882263,367,3008,8703337812097627909
GIST,half,8,2,6,C_MASK_L,5,15746877753817476956,38.075911,38.0533103943,25267,202208,5187200889313214686
GIST,half,8,2,6,C_MASK_L,4,6813717409520896539,39.324486,39.2991371155,17913,143376,10240984302992681904
GIST,half,8,2,6,C_MASK_L,3,17912368726981257746,33.181491,33.1589126587,22934,183544,3513084467399214196
GIST,half,8,2,6,C_MASK_L,2,12949723088018134982,40.251432,40.2298545837,12,168,17798676870000866351
GIST,half,8,2,6,C_MASK_L,1,5277735151802382403,38.250942,38.2276496887,5815,46592,12495090360753926488
GIST,half,8,2,6,C_MASK_L,0,14628893485838184760,37.991312,37.9738235474,805,6512,12049670356140927271
GIST,half,8,2,6,C_TASK_L,127,15208757093895910829,47.749151,47.7326087952,11,160,1809397944155681048
GIST,half,8,2,6,C_TASK_L,126,12657858335344656681,44.282806,44.2626228333,8,136,4387400323091133037
GIST,half,8,2,6,C_TASK_L,125,3028236243262219857,44.307924,44.2932815552,8,136,425355140008332221
GIST,half,8,2,6,C_TASK_L,124,8609683818349710292,45.461708,45.446849823,8,136,13168834338195935582
GIST,half,8,2,6,C_TASK_L,123,11214984481703275179,46.557473,46.5414733887,1639,13184,17297314433685050926
GIST,half,8,2,6,C_TASK_L,122,2263849957397490031,46.584563,46.5680961609,2287,18368,8165417142188033165
GIST,half,8,2,6,C_TASK_L,121,18044578509838911779,46.596872,46.5756797791,10,152,7928744672891195179
GIST,half,8,2,6,C_TASK_L,120,5458740354294272417,46.632881,46.6181755066,9,144,7848134651590039281
GIST,half,8,2,6,C_TASK_L,119,5858457743813147244,45.561074,45.5375366211,396,3240,8827444684336327481
GIST,half,8,2,6,C_TASK_L,118,16469490972111288920,46.569161,46.5501747131,4028,32296,883241890903009633
GIST,half,8,2,6,C_TASK_L,117,1006711879274558233,45.4753,45.456287384,841,6800,11321619877609521957
GIST,half,8,2,6,C_TASK_L,116,476149813655704091,45.475165,45.4584007263,10,152,8858849561569991435
GIST,half,8,2,6,C_TASK_L,115,7649011970154020997,46.605823,46.5879364014,9,144,3206729205558378233
GIST,half,8,2,6,C_TASK_L,114,10648647139011189564,44.259683,44.2376327515,12,168,6772672195218087492
GIST,half,8,2,6,C_TASK_L,113,10535780349197406948,46.523228,46.5078392029,8,136,14415464039087190790
GIST,half,8,2,6,C_TASK_L,112,10135745837711897539,43.073132,43.0448951721,9,144,27334712204462216
GIST,half,8,2,6,C_TASK_L,111,3665995180310526364,46.662664,46.6408309937,41478,331896,5661520465715040291
GIST,half,8,2,6,C_TASK_L,110,10127478537340186675,40.744872,40.727809906,10,152,1358658317263378375
GIST,half,8,2,6,C_TASK_L,109,17603205654855495503,44.262592,44.2442245483,6920,55432,4734971902105951802
GIST,half,8,2,6,C_TASK_L,108,5137605947089590316,44.381578,44.3643188477,22,248,8744501858676181288
GIST,half,8,2,6,C_TASK_L,107,12753255321128375907,45.474698,45.4547195435,11,160,3736671290085159878
GIST,half,8,2,6,C_TASK_L,106,7862389240255096405,45.662042,45.6473922729,8,136,4454845205277636153
GIST,half,8,2,6,C_TASK_L,105,3382835124390735773,45.352835,45.3316497803,10,152,1633465981209507262
GIST,half,8,2,6,C_TASK_L,104,6318150018815276835,45.450635,45.4342384338,8,136,6252710342366139043
GIST,half,8,2,6,C_TASK_L,103,3358090661935181962,45.609951,45.5936317444,10,152,206827504788997805
GIST,half,8,2,6,C_TASK_L,102,5023834620232924699,44.33417,44.3176002502,9,144,4345061276902095567
GIST,half,8,2,6,C_TASK_L,101,463556152314022137,46.555973,46.5401611328,9,144,17739438941913720152
GIST,half,8,2,6,C_TASK_L,100,416867533671327684,46.658726,46.6418228149,4969,39824,18199109054269478174
GIST,half,8,2,6,C_TASK_L,99,11723484149300992671,46.643074,46.6269111633,2311,18560,15885591392866052173
GIST,half,8,2,6,C_TASK_L,98,1083222351448503346,46.580623,46.5588798523,30,312,14811157689777586302
GIST,half,8,2,6,C_TASK_L,97,11331694305099227241,46.533788,46.5101127625,5629,45104,17435282213467792387
GIST,half,8,2,6,C_TASK_L,96,13118478308687119329,46.485934,46.4624328613,12672,101448,12414488981634579085
GIST,half,8,2,6,C_TASK_L,95,13797457395031324342,46.631926,46.6096000671,4312,34568,8681946398460365715
GIST,half,8,2,6,C_TASK_L,94,12966259267171903563,45.449859,45.4333763123,9,144,16525753693329126445
GIST,half,8,2,6,C_TASK_L,93,15824146815298812297,47.773193,47.7515830994,785,6352,16848583768543088517
GIST,half,8,2,6,C_TASK_L,92,7858987711662060174,45.275222,45.2536010742,16659,133344,18141791887973734438
GIST,half,8,2,6,C_TASK_L,91,13351219280779986121,40.697016,40.6802864075,91,800,7129016086556790661
GIST,half,8,2,6,C_TASK_L,90,1487146102952406162,44.442677,44.4217910767,9,144,11675729656657864315
GIST,half,8,2,6,C_TASK_L,89,17243398098289356237,46.683039,46.6616630554,19381,155120,11341570227103404206
GIST,half,8,2,6,C_TASK_L,88,17392447945923308625,45.293381,45.2770576477,11,160,16812603617364686395
GIST,half,8,2,6,C_TASK_L,87,8534974539240644349,47.755784,47.7267837524,22710,181752,7440715000576488328
GIST,half,8,2,6,C_TASK_L,86,6470508332142331894,46.722813,46.7053108215,3669,29424,3528509250306175135
GIST,half,8,2,6,C_TASK_L,85,10946770602578419956,43.301659,43.286945343,8,136,1403974257677289190
GIST,half,8,2,6,C_TASK_L,84,10344073526508897281,46.607154,46.5911369324,10,152,12307297875457737052
GIST,half,8,2,6,C_TASK_L,83,8711237166219394419,45.388854,45.37241745,16,200,1159450716902794998
GIST,half,8,2,6,C_TASK_L,82,17380680694385638840,46.549178,46.5333747864,10,152,17099624996036497700
GIST,half,8,2,6,C_TASK_L,81,4578548255021645869,46.555826,46.5363845825,8,136,7309366345031128353
GIST,half,8,2,6,C_TASK_L,80,8425382104893835461,46.642394,46.6247024536,138,1176,4615018082655609248
GIST,half,8,2,6,C_TASK_L,79,17525024244829704515,45.422316,45.400352478,17953,143696,8782034102419046715
GIST,half,8,2,6,C_TASK_L,78,384590151492374026,47.760063,47.7412490845,1145,9232,6824037880318392156
GIST,half,8,2,6,C_TASK_L,77,13772194458325883781,46.620712,46.6050224304,8,136,3119058093217859169
GIST,half,8,2,6,C_TASK_L,76,6121457899850640239,46.61646,46.5982093811,10,152,10439922783850878615
GIST,half,8,2,6,C_TASK_L,75,10629383663104694533,46.45697,46.4398384094,8,136,1959805352102410517
GIST,half,8,2,6,C_TASK_L,74,17416559791252488439,46.610197,46.5876159668,15885,127152,9191986637692184623
GIST,half,8,2,6,C_TASK_L,73,6275675870158489986,42.056085,42.0292472839,30287,242368,3965206015652614730
GIST,half,8,2,6,C_TASK_L,72,2775573294919263248,46.608889,46.594367981,14,184,2008831888728120970
GIST,half,8,2,6,C_TASK_L,71,2653643927898021331,45.610054,45.5869750977,8,136,6674983760768613763
GIST,half,8,2,6,C_TASK_L,70,7125887616712792012,45.598822,45.5735359192,30939,247584,2578173215488215435
GIST,half,8,2,6,C_TASK_L,69,16370389120603384840,44.480754,44.4609909058,39,384,8893900566493377500
GIST,half,8,2,6,C_TASK_L,68,17584159069416176766,46.814252,46.7990722656,8,136,14994419951185837632
GIST,half,8,2,6,C_TASK_L,67,9413171363946879688,44.336062,44.3192977905,10,152,16410576142550180761
GIST,half,8,2,6,C_TASK_L,66,6567103049086711526,45.232789,45.2158737183,9,144,2120391718945614396
GIST,half,8,2,6,C_TASK_L,65,16264934943434005963,45.605185,45.5792655945,23549,188464,1717894044534139949
GIST,half,8,2,6,C_TASK_L,64,12923444094630896693,44.213534,44.1964149475,9,144,10890240329654538100
GIST,half,8,2,6,C_TASK_L,63,9575871338223549139,46.644113,46.6289901733,782,6328,14236409939300756135
GIST,half,8,2,6,C_TASK_L,62,8560399019494154138,45.65954,45.6365127563,16,200,10995028448307505731
GIST,half,8,2,6,C_TASK_L,61,2620909581344322254,46.653598,46.6391677856,159,1344,18016158801479111709
GIST,half,8,2,6,C_TASK_L,60,2761207983275075740,46.577901,46.5488319397,27937,223568,8219627611328849196
GIST,half,8,2,6,C_TASK_L,59,1580871052154375482,45.411477,45.3910713196,10,152,10996509777332881202
GIST,half,8,2,6,C_TASK_L,58,9268774494751827706,44.269698,44.2521934509,9,144,2940493626614828053
GIST,half,8,2,6,C_TASK_L,57,9021717632597148908,45.43974,45.4198417664,7688,61576,16146242436575770571
GIST,half,8,2,6,C_TASK_L,56,13083263465047869035,45.390863,45.3701133728,10500,84072,6126299974183225491
GIST,half,8,2,6,C_TASK_L,55,2573792055271618832,46.547918,46.5276794434,13053,104496,3700418904193080229
GIST,half,8,2,6,C_TASK_L,54,12485651515614408301,46.614259,46.5840301514,27648,221256,13982227894810710128
GIST,half,8,2,6,C_TASK_L,53,1181170520412032450,46.63193,46.6162223816,8,136,15161611065330365500
GIST,half,8,2,6,C_TASK_L,52,10782300321295982446,45.526048,45.5102729797,11,160,2262457125570541601
GIST,half,8,2,6,C_TASK_L,51,1321970314038155003,45.413748,45.39270401,9,144,1725180568680233592
GIST,half,8,2,6,C_TASK_L,50,2593988135360058460,36.112133,36.0845451355,49566,396600,10688624242403767082
GIST,half,8,2,6,C_TASK_L,49,15716071042978413762,47.769932,47.7507209778,1785,14352,16881791907273901609
GIST,half,8,2,6,C_TASK_L,48,8248488942050825693,46.610193,46.5923843384,10130,81112,4850681651806503319
GIST,half,8,2,6,C_TASK_L,47,197228195401547247,44.342306,44.3115844727,29946,239640,3603301588478779561
GIST,half,8,2,6,C_TASK_L,46,4808905104634366418,46.656017,46.6403503418,9,144,14613523175337427617
GIST,half,8,2,6,C_TASK_L,45,10634279939165845196,45.598238,45.5794563293,11,160,13746219426551555317
GIST,half,8,2,6,C_TASK_L,44,2657517881292301308,44.328849,44.3010559082,28625,229072,14362931499080891524
GIST,half,8,2,6,C_TASK_L,43,3580392345773888933,46.77737,46.7553291321,11,160,7130942906748589245
GIST,half,8,2,6,C_TASK_L,42,16130457613556805909,45.438453,45.4187202454,10,152,1351820667773349880
GIST,half,8,2,6,C_TASK_L,41,15735649071512523416,46.621996,46.6063346863,11,160,6439908275319918567
GIST,half,8,2,6,C_TASK_L,40,523521015842037129,46.558729,46.5451507568,118,1016,14906896884422937853
GIST,half,8,2,6,C_TASK_L,39,5134469820061381952,47.760405,47.7452163696,173,1456,11882963430235204481
GIST,half,8,2,6,C_TASK_L,38,13700905950939581536,45.466888,45.4499206543,9,144,10212566950510398326
GIST,half,8,2,6,C_TASK_L,37,7931106857473092034,46.56785,46.5510063171,1642,13208,4836914976961728650
GIST,half,8,2,6,C_TASK_L,36,5862842069398405510,46.678424,46.654335022,29682,237528,719140743100350364
GIST,half,8,2,6,C_TASK_L,35,7182522047579593487,45.45491,45.4378547668,12,168,13084839061348052764
GIST,half,8,2,6,C_TASK_L,34,11193354026380747684,46.721557,46.6979522705,18718,149816,10323070077910272027
GIST,half,8,2,6,C_TASK_L,33,17951213273852593361,44.234291,44.2143669128,8,136,7118776530039946925
GIST,half,8,2,6,C_TASK_L,32,1018801991084754777,47.80905,47.783870697,31191,249600,4139212840337583677
GIST,half,8,2,6,C_TASK_L,31,16717924179856591400,45.402019,45.3803215027,98,856,12253136263172607446
GIST,half,8,2,6,C_TASK_L,30,12630940382236276606,46.629395,46.6089286804,15,192,3888228134973069709
GIST,half,8,2,6,C_TASK_L,29,7111803339956803225,46.617468,46.5975036621,9,144,11080742569331125641
GIST,half,8,2,6,C_TASK_L,28,9719453371904557375,46.556107,46.5365753174,53,496,4295370152413759317
GIST,half,8,2,6,C_TASK_L,27,14732108746546988498,40.757459,40.7306556702,31256,250120,10640609347284222608
GIST,half,8,2,6,C_TASK_L,26,18398409255790635840,44.257978,44.2395210266,8,136,16965475016388596626
GIST,half,8,2,6,C_TASK_L,25,15312881684633933655,47.763154,47.7362556458,32548,260456,16202494671275670828
GIST,half,8,2,6,C_TASK_L,24,14343238801608074176,45.393355,45.3765449524,8,136,335641030610087762
GIST,half,8,2,6,C_TASK_L,23,3351983320614235452,45.462531,45.447807312,8,136,10795653417440584118
GIST,half,8,2,6,C_TASK_L,22,9583610160574751482,45.511735,45.4924163818,104,904,17584774084035178489
GIST,half,8,2,6,C_TASK_L,21,2715171980480150680,46.692631,46.6693115234,3295,26432,4697067458263101281
GIST,half,8,2,6,C_TASK_L,20,13580243989274015108,45.356209,45.34009552,13,176,12167542613742431786
GIST,half,8,2,6,C_TASK_L,19,4844542844294841975,46.539946,46.5149765015,27119,217024,3036884596305404821
GIST,half,8,2,6,C_TASK_L,18,3071783437712951460,38.360966,38.3390388489,9,144,4097877200455553912
GIST,half,8,2,6,C_TASK_L,17,9906517406195203870,46.651315,46.6208000183,28764,230184,13893008974686436000
GIST,half,8,2,6,C_TASK_L,16,3537798568722033093,44.483488,44.4527053833,45233,361936,10934986133749753810
GIST,half,8,2,6,C_TASK_L,15,5936729861741803939,43.09029,43.0713615417,1825,14672,4523878408681453459
GIST,half,8,2,6,C_TASK_L,14,18369275761964115190,44.212504,44.1968650818,8,136,17294034751593305288
GIST,half,8,2,6,C_TASK_L,13,12716887085642250387,45.517615,45.4896621704,10,152,5751298164538243026
GIST,half,8,2,6,C_TASK_L,12,17460078167775218888,45.389737,45.3744010925,219,1824,12113822531377232237
GIST,half,8,2,6,C_TASK_L,11,407413494807729236,44.191384,44.166015625,20742,166008,748099361995206288
GIST,half,8,2,6,C_TASK_L,10,16634692065747566502,37.291269,37.2705612183,9,144,13324388130527482689
GIST,half,8,2,6,C_TASK_L,9,4680770526928094267,45.403912,45.3870735168,9,144,6185833218944131429
GIST,half,8,2,6,C_TASK_L,8,3722915141321120792,46.606189,46.5887031555,16,200,17247831106653997488
GIST,half,8,2,6,C_TASK_L,7,7966444742523137199,46.425915,46.4082870483,9,144,294158670510647467
GIST,half,8,2,6,C_TASK_L,6,13750152615788058147,46.597304,46.5815048218,367,3008,8703337812097627909
GIST,half,8,2,6,C_TASK_L,5,15746877753817476956,46.616463,46.5931510925,25267,202208,5187200889313214686
GIST,half,8,2,6,C_TASK_L,4,6813717409520896539,46.712531,46.6904945374,17913,143376,10240984302992681904
GIST,half,8,2,6,C_TASK_L,3,17912368726981257746,45.421168,45.3914222717,22934,183544,3513084467399214196
GIST,half,8,2,6,C_TASK_L,2,12949723088018134982,46.644533,46.628704071,12,168,17798676870000866351
GIST,half,8,2,6,C_TASK_L,1,5277735151802382403,47.726537,47.7102394104,5815,46592,12495090360753926488
GIST,half,8,2,6,C_TASK_L,0,14628893485838184760,45.474807,45.4536972046,805,6512,12049670356140927271
GIST,half,8,2,6,SCAN_E,127,15208757093895910829,12.553066,12.5380163193,11,160,1809397944155681048
GIST,half,8,2,6,SCAN_E,126,12657858335344656681,8.930314,8.91567993164,8,136,4387400323091133037
GIST,half,8,2,6,SCAN_E,125,3028236243262219857,14.215271,14.2007684708,8,136,425355140008332221
GIST,half,8,2,6,SCAN_E,124,8609683818349710292,12.270165,12.2531843185,8,136,13168834338195935582
GIST,half,8,2,6,SCAN_E,123,11214984481703275179,14.792167,14.773311615,1639,13184,17297314433685050926
GIST,half,8,2,6,SCAN_E,122,2263849957397490031,16.058391,16.0410232544,2287,18368,8165417142188033165
GIST,half,8,2,6,SCAN_E,121,18044578509838911779,13.946807,13.9331197739,10,152,7928744672891195179
GIST,half,8,2,6,SCAN_E,120,5458740354294272417,15.638728,15.6239995956,9,144,7848134651590039281
GIST,half,8,2,6,SCAN_E,119,5858457743813147244,14.423649,14.4072961807,396,3240,8827444684336327481
GIST,half,8,2,6,SCAN_E,118,16469490972111288920,14.854499,14.8363523483,4028,32296,883241890903009633
GIST,half,8,2,6,SCAN_E,117,1006711879274558233,17.228509,17.2114887238,841,6800,11321619877609521957
GIST,half,8,2,6,SCAN_E,116,476149813655704091,14.829147,14.810303688,10,152,8858849561569991435
GIST,half,8,2,6,SCAN_E,115,7649011970154020997,13.123967,13.1073923111,9,144,3206729205558378233
GIST,half,8,2,6,SCAN_E,114,10648647139011189564,13.655839,13.6388483047,12,168,6772672195218087492
GIST,half,8,2,6,SCAN_E,113,10535780349197406948,13.343464,13.3283843994,8,136,14415464039087190790
GIST,half,8,2,6,SCAN_E,112,10135745837711897539,12.396738,12.3776960373,9,144,27334712204462216
GIST,half,8,2,6,SCAN_E,111,3665995180310526364,16.900814,16.8751049042,41478,331896,5661520465715040291
GIST,half,8,2,6,SCAN_E,110,10127478537340186675,15.128541,15.1114244461,10,152,1358658317263378375
GIST,half,8,2,6,SCAN_E,109,17603205654855495503,14.210163,14.1924476624,6920,55432,4734971902105951802
GIST,half,8,2,6,SCAN_E,108,5137605947089590316,14.146795,14.1292476654,22,248,8744501858676181288
GIST,half,8,2,6,SCAN_E,107,12753255321128375907,13.28219,13.2611522675,11,160,3736671290085159878
GIST,half,8,2,6,SCAN_E,106,7862389240255096405,14.460965,14.4385919571,8,136,4454845205277636153
GIST,half,8,2,6,SCAN_E,105,3382835124390735773,10.841512,10.8253755569,10,152,1633465981209507262
GIST,half,8,2,6,SCAN_E,104,6318150018815276835,12.667662,12.6471042633,8,136,6252710342366139043
GIST,half,8,2,6,SCAN_E,103,3358090661935181962,14.51282,14.4927358627,10,152,206827504788997805
GIST,half,8,2,6,SCAN_E,102,5023834620232924699,11.193843,11.1774721146,9,144,4345061276902095567
GIST,half,8,2,6,SCAN_E,101,463556152314022137,10.763879,10.7402563095,9,144,17739438941913720152
GIST,half,8,2,6,SCAN_E,100,416867533671327684,13.433285,13.4099836349,4969,39824,18199109054269478174
GIST,half,8,2,6,SCAN_E,99,11723484149300992671,15.998943,15.9815359116,2311,18560,15885591392866052173
GIST,half,8,2,6,SCAN_E,98,1083222351448503346,16.785172,16.7687683105,30,312,14811157689777586302
GIST,half,8,2,6,SCAN_E,97,11331694305099227241,14.353817,14.3304004669,5629,45104,17435282213467792387
GIST,half,8,2,6,SCAN_E,96,13118478308687119329,13.890251,13.8655042648,12672,101448,12414488981634579085
GIST,half,8,2,6,SCAN_E,95,13797457395031324342,14.392013,14.3740797043,4312,34568,8681946398460365715
GIST,half,8,2,6,SCAN_E,94,12966259267171903563,14.638673,14.6214723587,9,144,16525753693329126445
GIST,half,8,2,6,SCAN_E,93,15824146815298812297,14.387236,14.3717756271,785,6352,16848583768543088517
GIST,half,8,2,6,SCAN_E,92,7858987711662060174,15.034513,15.0128002167,16659,133344,18141791887973734438
GIST,half,8,2,6,SCAN_E,91,13351219280779986121,13.295402,13.2722558975,91,800,7129016086556790661
GIST,half,8,2,6,SCAN_E,90,1487146102952406162,14.069356,14.0500164032,9,144,11675729656657864315
GIST,half,8,2,6,SCAN_E,89,17243398098289356237,14.849738,14.8271999359,19381,155120,11341570227103404206
GIST,half,8,2,6,SCAN_E,88,17392447945923308625,14.427257,14.4098882675,11,160,16812603617364686395
GIST,half,8,2,6,SCAN_E,87,8534974539240644349,15.10942,15.0794563293,22710,181752,7440715000576488328
GIST,half,8,2,6,SCAN_E,86,6470508332142331894,16.097272,16.0732479095,3669,29424,3528509250306175135
GIST,half,8,2,6,SCAN_E,85,10946770602578419956,11.598489,11.5787200928,8,136,1403974257677289190
GIST,half,8,2,6,SCAN_E,84,10344073526508897281,13.405753,13.3821115494,10,152,12307297875457737052
GIST,half,8,2,6,SCAN_E,83,8711237166219394419,13.835051,13.818400383,16,200,1159450716902794998
GIST,half,8,2,6,SCAN_E,82,17380680694385638840,14.168334,14.1519041061,10,152,17099624996036497700
GIST,half,8,2,6,SCAN_E,81,4578548255021645869,12.704327,12.6837759018,8,136,7309366345031128353
GIST,half,8,2,6,SCAN_E,80,8425382104893835461,15.285101,15.2701759338,138,1176,4615018082655609248
GIST,half,8,2,6,SCAN_E,79,17525024244829704515,15.000305,14.97772789,17953,143696,8782034102419046715
GIST,half,8,2,6,SCAN_E,78,384590151492374026,16.476879,16.459104538,1145,9232,6824037880318392156
GIST,half,8,2,6,SCAN_E,77,13772194458325883781,14.74678,14.7300157547,8,136,3119058093217859169
GIST,half,8,2,6,SCAN_E,76,6121457899850640239,15.843301,15.8269443512,10,152,10439922783850878615
GIST,half,8,2,6,SCAN_E,75,10629383663104694533,11.330484,11.31478405,8,136,1959805352102410517
GIST,half,8,2,6,SCAN_E,74,17416559791252488439,12.936362,12.9138555527,15885,127152,9191986637692184623
GIST,half,8,2,6,SCAN_E,73,6275675870158489986,12.974117,12.948767662,30287,242368,3965206015652614730
GIST,half,8,2,6,SCAN_E,72,2775573294919263248,14.265865,14.2498235703,14,184,2008831888728120970
GIST,half,8,2,6,SCAN_E,71,2653643927898021331,13.553593,13.5338878632,8,136,6674983760768613763
GIST,half,8,2,6,SCAN_E,70,7125887616712792012,16.198257,16.1712646484,30939,247584,2578173215488215435
GIST,half,8,2,6,SCAN_E,69,16370389120603384840,15.975588,15.9615364075,39,384,8893900566493377500
GIST,half,8,2,6,SCAN_E,68,17584159069416176766,14.965545,14.9468803406,8,136,14994419951185837632
GIST,half,8,2,6,SCAN_E,67,9413171363946879688,13.258667,13.2376003265,10,152,16410576142550180761
GIST,half,8,2,6,SCAN_E,66,6567103049086711526,10.297153,10.2797117233,9,144,2120391718945614396
GIST,half,8,2,6,SCAN_E,65,16264934943434005963,14.659529,14.6336317062,23549,188464,1717894044534139949
GIST,half,8,2,6,SCAN_E,64,12923444094630896693,14.01411,13.9965438843,9,144,10890240329654538100
GIST,half,8,2,6,SCAN_E,63,9575871338223549139,16.195951,16.1792640686,782,6328,14236409939300756135
GIST,half,8,2,6,SCAN_E,62,8560399019494154138,16.451197,16.436416626,16,200,10995028448307505731
GIST,half,8,2,6,SCAN_E,61,2620909581344322254,14.514141,14.4900798798,159,1344,18016158801479111709
GIST,half,8,2,6,SCAN_E,60,2761207983275075740,15.558454,15.5323839188,27937,223568,8219627611328849196
GIST,half,8,2,6,SCAN_E,59,1580871052154375482,15.359705,15.3405122757,10,152,10996509777332881202
GIST,half,8,2,6,SCAN_E,58,9268774494751827706,14.144892,14.1279678345,9,144,2940493626614828053
GIST,half,8,2,6,SCAN_E,57,9021717632597148908,13.000348,12.980383873,7688,61576,16146242436575770571
GIST,half,8,2,6,SCAN_E,56,13083263465047869035,17.746621,17.7280006409,10500,84072,6126299974183225491
GIST,half,8,2,6,SCAN_E,55,2573792055271618832,13.727595,13.703455925,13053,104496,3700418904193080229
GIST,half,8,2,6,SCAN_E,54,12485651515614408301,14.873314,14.8467197418,27648,221256,13982227894810710128
GIST,half,8,2,6,SCAN_E,53,1181170520412032450,13.317648,13.3031682968,8,136,15161611065330365500
GIST,half,8,2,6,SCAN_E,52,10782300321295982446,16.122938,16.106048584,11,160,2262457125570541601
GIST,half,8,2,6,SCAN_E,51,1321970314038155003,15.257806,15.235168457,9,144,1725180568680233592
GIST,half,8,2,6,SCAN_E,50,2593988135360058460,15.042421,15.0143356323,49566,396600,10688624242403767082
GIST,half,8,2,6,SCAN_E,49,15716071042978413762,13.514289,13.4998397827,1785,14352,16881791907273901609
GIST,half,8,2,6,SCAN_E,48,8248488942050825693,16.034097,16.0115203857,10130,81112,4850681651806503319
GIST,half,8,2,6,SCAN_E,47,197228195401547247,12.406243,12.380736351,29946,239640,3603301588478779561
GIST,half,8,2,6,SCAN_E,46,4808905104634366418,15.25667,15.237279892,9,144,14613523175337427617
GIST,half,8,2,6,SCAN_E,45,10634279939165845196,14.00746,13.9917116165,11,160,13746219426551555317
GIST,half,8,2,6,SCAN_E,44,2657517881292301308,11.7814,11.7566080093,28625,229072,14362931499080891524
GIST,half,8,2,6,SCAN_E,43,3580392345773888933,14.029736,14.0106563568,11,160,7130942906748589245
GIST,half,8,2,6,SCAN_E,42,16130457613556805909,10.947564,10.93318367,10,152,1351820667773349880
GIST,half,8,2,6,SCAN_E,41,15735649071512523416,15.785062,15.7701759338,11,160,6439908275319918567
GIST,half,8,2,6,SCAN_E,40,523521015842037129,14.084052,14.0625915527,118,1016,14906896884422937853
GIST,half,8,2,6,SCAN_E,39,5134469820061381952,14.225632,14.2108163834,173,1456,11882963430235204481
GIST,half,8,2,6,SCAN_E,38,13700905950939581536,12.189942,12.173119545,9,144,10212566950510398326
GIST,half,8,2,6,SCAN_E,37,7931106857473092034,14.224362,14.2110395432,1642,13208,4836914976961728650
GIST,half,8,2,6,SCAN_E,36,5862842069398405510,16.152137,16.1276798248,29682,237528,719140743100350364
GIST,half,8,2,6,SCAN_E,35,7182522047579593487,12.91038,12.8897600174,12,168,13084839061348052764
GIST,half,8,2,6,SCAN_E,34,11193354026380747684,15.5208,15.4972801208,18718,149816,10323070077910272027
GIST,half,8,2,6,SCAN_E,33,17951213273852593361,12.171813,12.1550397873,8,136,7118776530039946925
GIST,half,8,2,6,SCAN_E,32,1018801991084754777,17.688388,17.65990448,31191,249600,4139212840337583677
GIST,half,8,2,6,SCAN_E,31,16717924179856591400,13.307789,13.2910079956,98,856,12253136263172607446
GIST,half,8,2,6,SCAN_E,30,12630940382236276606,14.87835,14.8631362915,15,192,3888228134973069709
GIST,half,8,2,6,SCAN_E,29,7111803339956803225,14.016184,14.0018558502,9,144,11080742569331125641
GIST,half,8,2,6,SCAN_E,28,9719453371904557375,16.535084,16.5136966705,53,496,4295370152413759317
GIST,half,8,2,6,SCAN_E,27,14732108746546988498,13.067615,13.043264389,31256,250120,10640609347284222608
GIST,half,8,2,6,SCAN_E,26,18398409255790635840,15.210824,15.1972160339,8,136,16965475016388596626
GIST,half,8,2,6,SCAN_E,25,15312881684633933655,16.127793,16.0998725891,32548,260456,16202494671275670828
GIST,half,8,2,6,SCAN_E,24,14343238801608074176,13.598932,13.5832643509,8,136,335641030610087762
GIST,half,8,2,6,SCAN_E,23,3351983320614235452,13.844723,13.8259840012,8,136,10795653417440584118
GIST,half,8,2,6,SCAN_E,22,9583610160574751482,13.683395,13.6637115479,104,904,17584774084035178489
GIST,half,8,2,6,SCAN_E,21,2715171980480150680,15.639129,15.6182718277,3295,26432,4697067458263101281
GIST,half,8,2,6,SCAN_E,20,13580243989274015108,12.13639,12.1168642044,13,176,12167542613742431786
GIST,half,8,2,6,SCAN_E,19,4844542844294841975,16.862448,16.8383998871,27119,217024,3036884596305404821
GIST,half,8,2,6,SCAN_E,18,3071783437712951460,11.754956,11.7405443192,9,144,4097877200455553912
GIST,half,8,2,6,SCAN_E,17,9906517406195203870,14.800725,14.7688322067,28764,230184,13893008974686436000
GIST,half,8,2,6,SCAN_E,16,3537798568722033093,16.869807,16.8345279694,45233,361936,10934986133749753810
GIST,half,8,2,6,SCAN_E,15,5936729861741803939,14.070614,14.0543680191,1825,14672,4523878408681453459
GIST,half,8,2,6,SCAN_E,14,18369275761964115190,13.536576,13.5198717117,8,136,17294034751593305288
GIST,half,8,2,6,SCAN_E,13,12716887085642250387,13.401502,13.3871679306,10,152,5751298164538243026
GIST,half,8,2,6,SCAN_E,12,17460078167775218888,13.895757,13.8810558319,219,1824,12113822531377232237
GIST,half,8,2,6,SCAN_E,11,407413494807729236,16.517292,16.4941120148,20742,166008,748099361995206288
GIST,half,8,2,6,SCAN_E,10,16634692065747566502,12.287078,12.2702722549,9,144,13324388130527482689
GIST,half,8,2,6,SCAN_E,9,4680770526928094267,13.331813,13.3185281754,9,144,6185833218944131429
GIST,half,8,2,6,SCAN_E,8,3722915141321120792,14.865933,14.8505601883,16,200,17247831106653997488
GIST,half,8,2,6,SCAN_E,7,7966444742523137199,13.08574,13.0671682358,9,144,294158670510647467
GIST,half,8,2,6,SCAN_E,6,13750152615788058147,14.630063,14.615776062,367,3008,8703337812097627909
GIST,half,8,2,6,SCAN_E,5,15746877753817476956,18.398496,18.3762245178,25267,202208,5187200889313214686
GIST,half,8,2,6,SCAN_E,4,6813717409520896539,16.468797,16.4479045868,17913,143376,10240984302992681904
GIST,half,8,2,6,SCAN_E,3,17912368726981257746,12.840803,12.8176317215,22934,183544,3513084467399214196
GIST,half,8,2,6,SCAN_E,2,12949723088018134982,15.441462,15.4261436462,12,168,17798676870000866351
GIST,half,8,2,6,SCAN_E,1,5277735151802382403,13.602236,13.5861444473,5815,46592,12495090360753926488
GIST,half,8,2,6,SCAN_E,0,14628893485838184760,15.429421,15.4119682312,805,6512,12049670356140927271
GIST,half,8,2,6,C_ID_E,127,15208757093895910829,14.733199,14.7160959244,11,160,1809397944155681048
GIST,half,8,2,6,C_ID_E,126,12657858335344656681,10.186696,10.1722240448,8,136,4387400323091133037
GIST,half,8,2,6,C_ID_E,125,3028236243262219857,16.13556,16.1207351685,8,136,425355140008332221
GIST,half,8,2,6,C_ID_E,124,8609683818349710292,14.374549,14.3568639755,8,136,13168834338195935582
GIST,half,8,2,6,C_ID_E,123,11214984481703275179,16.80841,16.7852802277,1639,13184,17297314433685050926
GIST,half,8,2,6,C_ID_E,122,2263849957397490031,18.272002,18.2503681183,2287,18368,8165417142188033165
GIST,half,8,2,6,C_ID_E,121,18044578509838911779,15.407806,15.3912315369,10,152,7928744672891195179
GIST,half,8,2,6,C_ID_E,120,5458740354294272417,18.898848,18.8768310547,9,144,7848134651590039281
GIST,half,8,2,6,C_ID_E,119,5858457743813147244,17.159719,17.1411838531,396,3240,8827444684336327481
GIST,half,8,2,6,C_ID_E,118,16469490972111288920,14.230067,14.2062397003,4028,32296,883241890903009633
GIST,half,8,2,6,C_ID_E,117,1006711879274558233,20.742812,20.7244167328,841,6800,11321619877609521957
GIST,half,8,2,6,C_ID_E,116,476149813655704091,17.204372,17.1827831268,10,152,8858849561569991435
GIST,half,8,2,6,C_ID_E,115,7649011970154020997,16.003735,15.9872961044,9,144,3206729205558378233
GIST,half,8,2,6,C_ID_E,114,10648647139011189564,14.536837,14.5140476227,12,168,6772672195218087492
GIST,half,8,2,6,C_ID_E,113,10535780349197406948,13.810799,13.7910079956,8,136,14415464039087190790
GIST,half,8,2,6,C_ID_E,112,10135745837711897539,13.580905,13.5634241104,9,144,27334712204462216
GIST,half,8,2,6,C_ID_E,111,3665995180310526364,17.79239,17.7670402527,41478,331896,5661520465715040291
GIST,half,8,2,6,C_ID_E,110,10127478537340186675,14.254257,14.2312641144,10,152,1358658317263378375
GIST,half,8,2,6,C_ID_E,109,17603205654855495503,14.271213,14.2540798187,6920,55432,4734971902105951802
GIST,half,8,2,6,C_ID_E,108,5137605947089590316,16.304198,16.2829113007,22,248,8744501858676181288
GIST,half,8,2,6,C_ID_E,107,12753255321128375907,15.584965,15.5685119629,11,160,3736671290085159878
GIST,half,8,2,6,C_ID_E,106,7862389240255096405,17.412722,17.3952007294,8,136,4454845205277636153
GIST,half,8,2,6,C_ID_E,105,3382835124390735773,11.956719,11.9360961914,10,152,1633465981209507262
GIST,half,8,2,6,C_ID_E,104,6318150018815276835,14.647143,14.6286401749,8,136,6252710342366139043
GIST,half,8,2,6,C_ID_E,103,3358090661935181962,17.805791,17.7849273682,10,152,206827504788997805
GIST,half,8,2,6,C_ID_E,102,5023834620232924699,13.164459,13.1467199326,9,144,4345061276902095567
GIST,half,8,2,6,C_ID_E,101,463556152314022137,12.339757,12.3234243393,9,144,17739438941913720152
GIST,half,8,2,6,C_ID_E,100,416867533671327684,15.361435,15.3440637589,4969,39824,18199109054269478174
GIST,half,8,2,6,C_ID_E,99,11723484149300992671,19.097873,19.0772476196,2311,18560,15885591392866052173
GIST,half,8,2,6,C_ID_E,98,1083222351448503346,19.034988,19.0155525208,30,312,14811157689777586302
GIST,half,8,2,6,C_ID_E,97,11331694305099227241,14.567024,14.5495357513,5629,45104,17435282213467792387
GIST,half,8,2,6,C_ID_E,96,13118478308687119329,14.777077,14.7578239441,12672,101448,12414488981634579085
GIST,half,8,2,6,C_ID_E,95,13797457395031324342,16.862106,16.8427200317,4312,34568,8681946398460365715
GIST,half,8,2,6,C_ID_E,94,12966259267171903563,15.028305,15.0055036545,9,144,16525753693329126445
GIST,half,8,2,6,C_ID_E,93,15824146815298812297,16.960971,16.9434871674,785,6352,16848583768543088517
GIST,half,8,2,6,C_ID_E,92,7858987711662060174,12.09796,12.0712957382,16659,133344,18141791887973734438
GIST,half,8,2,6,C_ID_E,91,13351219280779986121,13.738085,13.7165441513,91,800,7129016086556790661
GIST,half,8,2,6,C_ID_E,90,1487146102952406162,16.061806,16.0422401428,9,144,11675729656657864315
GIST,half,8,2,6,C_ID_E,89,17243398098289356237,17.398515,17.3749752045,19381,155120,11341570227103404206
GIST,half,8,2,6,C_ID_E,88,17392447945923308625,12.758179,12.7406721115,11,160,16812603617364686395
GIST,half,8,2,6,C_ID_E,87,8534974539240644349,16.57196,16.5437755585,22710,181752,7440715000576488328
GIST,half,8,2,6,C_ID_E,86,6470508332142331894,19.076551,19.0592002869,3669,29424,3528509250306175135
GIST,half,8,2,6,C_ID_E,85,10946770602578419956,13.766856,13.7500162125,8,136,1403974257677289190
GIST,half,8,2,6,C_ID_E,84,10344073526508897281,15.927235,15.9109115601,10,152,12307297875457737052
GIST,half,8,2,6,C_ID_E,83,8711237166219394419,14.020358,13.9995517731,16,200,1159450716902794998
GIST,half,8,2,6,C_ID_E,82,17380680694385638840,15.666494,15.6467838287,10,152,17099624996036497700
GIST,half,8,2,6,C_ID_E,81,4578548255021645869,14.221062,14.2008962631,8,136,7309366345031128353
GIST,half,8,2,6,C_ID_E,80,8425382104893835461,17.842307,17.8196163177,138,1176,4615018082655609248
GIST,half,8,2,6,C_ID_E,79,17525024244829704515,17.27173,17.2432003021,17953,143696,8782034102419046715
GIST,half,8,2,6,C_ID_E,78,384590151492374026,18.720649,18.7022075653,1145,9232,6824037880318392156
GIST,half,8,2,6,C_ID_E,77,13772194458325883781,17.550096,17.5331192017,8,136,3119058093217859169
GIST,half,8,2,6,C_ID_E,76,6121457899850640239,19.401837,19.3840312958,10,152,10439922783850878615
GIST,half,8,2,6,C_ID_E,75,10629383663104694533,12.915325,12.8968000412,8,136,1959805352102410517
GIST,half,8,2,6,C_ID_E,74,17416559791252488439,15.503268,15.4801282883,15885,127152,9191986637692184623
GIST,half,8,2,6,C_ID_E,73,6275675870158489986,14.008123,13.9823684692,30287,242368,3965206015652614730
GIST,half,8,2,6,C_ID_E,72,2775573294919263248,16.566612,16.5488319397,14,184,2008831888728120970
GIST,half,8,2,6,C_ID_E,71,2653643927898021331,15.410728,15.3934078217,8,136,6674983760768613763
GIST,half,8,2,6,C_ID_E,70,7125887616712792012,18.828337,18.8011837006,30939,247584,2578173215488215435
GIST,half,8,2,6,C_ID_E,69,16370389120603384840,19.098794,19.0812797546,39,384,8893900566493377500
GIST,half,8,2,6,C_ID_E,68,17584159069416176766,17.842717,17.8192958832,8,136,14994419951185837632
GIST,half,8,2,6,C_ID_E,67,9413171363946879688,14.67252,14.6531200409,10,152,16410576142550180761
GIST,half,8,2,6,C_ID_E,66,6567103049086711526,9.847085,9.82966423035,9,144,2120391718945614396
GIST,half,8,2,6,C_ID_E,65,16264934943434005963,17.284754,17.2577915192,23549,188464,1717894044534139949
GIST,half,8,2,6,C_ID_E,64,12923444094630896693,13.936355,13.9191036224,9,144,10890240329654538100
GIST,half,8,2,6,C_ID_E,63,9575871338223549139,18.899468,18.879776001,782,6328,14236409939300756135
GIST,half,8,2,6,C_ID_E,62,8560399019494154138,19.598326,19.5810241699,16,200,10995028448307505731
GIST,half,8,2,6,C_ID_E,61,2620909581344322254,17.660462,17.6452484131,159,1344,18016158801479111709
GIST,half,8,2,6,C_ID_E,60,2761207983275075740,16.20658,16.1800632477,27937,223568,8219627611328849196
GIST,half,8,2,6,C_ID_E,59,1580871052154375482,17.916668,17.8971195221,10,152,10996509777332881202
GIST,half,8,2,6,C_ID_E,58,9268774494751827706,16.281838,16.26121521,9,144,2940493626614828053
GIST,half,8,2,6,C_ID_E,57,9021717632597148908,14.148205,14.1285438538,7688,61576,16146242436575770571
GIST,half,8,2,6,C_ID_E,56,13083263465047869035,20.082864,20.0608959198,10500,84072,6126299974183225491
GIST,half,8,2,6,C_ID_E,55,2573792055271618832,14.271996,14.2486715317,13053,104496,3700418904193080229
GIST,half,8,2,6,C_ID_E,54,12485651515614408301,16.953032,16.926240921,27648,221256,13982227894810710128
GIST,half,8,2,6,C_ID_E,53,1181170520412032450,15.839841,15.8198719025,8,136,15161611065330365500
GIST,half,8,2,6,C_ID_E,52,10782300321295982446,18.557016,18.5330562592,11,160,2262457125570541601
GIST,half,8,2,6,C_ID_E,51,1321970314038155003,14.439575,14.4197435379,9,144,1725180568680233592
GIST,half,8,2,6,C_ID_E,50,2593988135360058460,13.930433,13.8980798721,49566,396600,10688624242403767082
GIST,half,8,2,6,C_ID_E,49,15716071042978413762,15.889778,15.8719682693,1785,14352,16881791907273901609
GIST,half,8,2,6,C_ID_E,48,8248488942050825693,18.645419,18.6209926605,10130,81112,4850681651806503319
GIST,half,8,2,6,C_ID_E,47,197228195401547247,13.654473,13.6267843246,29946,239640,3603301588478779561
GIST,half,8,2,6,C_ID_E,46,4808905104634366418,17.854459,17.8329925537,9,144,14613523175337427617
GIST,half,8,2,6,C_ID_E,45,10634279939165845196,15.519883,15.5018558502,11,160,13746219426551555317
GIST,half,8,2,6,C_ID_E,44,2657517881292301308,12.591769,12.5632638931,28625,229072,14362931499080891524
GIST,half,8,2,6,C_ID_E,43,3580392345773888933,15.793045,15.7716798782,11,160,7130942906748589245
GIST,half,8,2,6,C_ID_E,42,16130457613556805909,12.214323,12.1904315948,10,152,1351820667773349880
GIST,half,8,2,6,C_ID_E,41,15735649071512523416,18.977059,18.9615364075,11,160,6439908275319918567
GIST,half,8,2,6,C_ID_E,40,523521015842037129,15.953585,15.9371204376,118,1016,14906896884422937853
GIST,half,8,2,6,C_ID_E,39,5134469820061381952,16.539753,16.5207996368,173,1456,11882963430235204481
GIST,half,8,2,6,C_ID_E,38,13700905950939581536,12.473239,12.4516477585,9,144,10212566950510398326
GIST,half,8,2,6,C_ID_E,37,7931106857473092034,16.860483,16.8403205872,1642,13208,4836914976961728650
GIST,half,8,2,6,C_ID_E,36,5862842069398405510,17.877192,17.8483524323,29682,237528,719140743100350364
GIST,half,8,2,6,C_ID_E,35,7182522047579593487,14.130804,14.1078081131,12,168,13084839061348052764
GIST,half,8,2,6,C_ID_E,34,11193354026380747684,17.835657,17.8124160767,18718,149816,10323070077910272027
GIST,half,8,2,6,C_ID_E,33,17951213273852593361,13.578181,13.5621757507,8,136,7118776530039946925
GIST,half,8,2,6,C_ID_E,32,1018801991084754777,19.806875,19.7805767059,31191,249600,4139212840337583677
GIST,half,8,2,6,C_ID_E,31,16717924179856591400,13.161616,13.1395521164,98,856,12253136263172607446
GIST,half,8,2,6,C_ID_E,30,12630940382236276606,17.547308,17.5282878876,15,192,3888228134973069709
GIST,half,8,2,6,C_ID_E,29,7111803339956803225,16.295603,16.2733440399,9,144,11080742569331125641
GIST,half,8,2,6,C_ID_E,28,9719453371904557375,19.218558,19.2026882172,53,496,4295370152413759317
GIST,half,8,2,6,C_ID_E,27,14732108746546988498,13.994617,13.9660482407,31256,250120,10640609347284222608
GIST,half,8,2,6,C_ID_E,26,18398409255790635840,16.404644,16.3845767975,8,136,16965475016388596626
GIST,half,8,2,6,C_ID_E,25,15312881684633933655,18.931709,18.9023361206,32548,260456,16202494671275670828
GIST,half,8,2,6,C_ID_E,24,14343238801608074176,13.873184,13.8565759659,8,136,335641030610087762
GIST,half,8,2,6,C_ID_E,23,3351983320614235452,16.002532,15.9864320755,8,136,10795653417440584118
GIST,half,8,2,6,C_ID_E,22,9583610160574751482,15.920552,15.9021120071,104,904,17584774084035178489
GIST,half,8,2,6,C_ID_E,21,2715171980480150680,18.924104,18.9030075073,3295,26432,4697067458263101281
GIST,half,8,2,6,C_ID_E,20,13580243989274015108,12.815303,12.7948484421,13,176,12167542613742431786
GIST,half,8,2,6,C_ID_E,19,4844542844294841975,17.617758,17.5887680054,27119,217024,3036884596305404821
GIST,half,8,2,6,C_ID_E,18,3071783437712951460,10.535193,10.5189437866,9,144,4097877200455553912
GIST,half,8,2,6,C_ID_E,17,9906517406195203870,16.008842,15.9792957306,28764,230184,13893008974686436000
GIST,half,8,2,6,C_ID_E,16,3537798568722033093,19.80098,19.7688007355,45233,361936,10934986133749753810
GIST,half,8,2,6,C_ID_E,15,5936729861741803939,15.988532,15.9712324142,1825,14672,4523878408681453459
GIST,half,8,2,6,C_ID_E,14,18369275761964115190,14.069053,14.0484800339,8,136,17294034751593305288
GIST,half,8,2,6,C_ID_E,13,12716887085642250387,14.207665,14.1901435852,10,152,5751298164538243026
GIST,half,8,2,6,C_ID_E,12,17460078167775218888,14.625105,14.6079044342,219,1824,12113822531377232237
GIST,half,8,2,6,C_ID_E,11,407413494807729236,18.033942,18.0102081299,20742,166008,748099361995206288
GIST,half,8,2,6,C_ID_E,10,16634692065747566502,10.903006,10.8871679306,9,144,13324388130527482689
GIST,half,8,2,6,C_ID_E,9,4680770526928094267,15.93808,15.9201278687,9,144,6185833218944131429
GIST,half,8,2,6,C_ID_E,8,3722915141321120792,16.368103,16.34623909,16,200,17247831106653997488
GIST,half,8,2,6,C_ID_E,7,7966444742523137199,11.883289,11.8639039993,9,144,294158670510647467
GIST,half,8,2,6,C_ID_E,6,13750152615788058147,16.458148,16.441280365,367,3008,8703337812097627909
GIST,half,8,2,6,C_ID_E,5,15746877753817476956,20.54198,20.509727478,25267,202208,5187200889313214686
GIST,half,8,2,6,C_ID_E,4,6813717409520896539,19.31159,19.2885437012,17913,143376,10240984302992681904
GIST,half,8,2,6,C_ID_E,3,17912368726981257746,12.985573,12.9611196518,22934,183544,3513084467399214196
GIST,half,8,2,6,C_ID_E,2,12949723088018134982,18.412458,18.3872318268,12,168,17798676870000866351
GIST,half,8,2,6,C_ID_E,1,5277735151802382403,16.140022,16.1219844818,5815,46592,12495090360753926488
GIST,half,8,2,6,C_ID_E,0,14628893485838184760,17.758589,17.7414722443,805,6512,12049670356140927271
GIST,half,8,2,6,C_MASK_E,127,15208757093895910829,12.100133,12.0797758102,11,160,1809397944155681048
GIST,half,8,2,6,C_MASK_E,126,12657858335344656681,8.388625,8.37113571167,8,136,4387400323091133037
GIST,half,8,2,6,C_MASK_E,125,3028236243262219857,13.232013,13.2174720764,8,136,425355140008332221
GIST,half,8,2,6,C_MASK_E,124,8609683818349710292,11.363304,11.3495998383,8,136,13168834338195935582
GIST,half,8,2,6,C_MASK_E,123,11214984481703275179,13.524603,13.5102081299,1639,13184,17297314433685050926
GIST,half,8,2,6,C_MASK_E,122,2263849957397490031,14.782775,14.7642240524,2287,18368,8165417142188033165
GIST,half,8,2,6,C_MASK_E,121,18044578509838911779,12.469124,12.4535360336,10,152,7928744672891195179
GIST,half,8,2,6,C_MASK_E,120,5458740354294272417,14.962174,14.9425601959,9,144,7848134651590039281
GIST,half,8,2,6,C_MASK_E,119,5858457743813147244,13.578207,13.5616960526,396,3240,8827444684336327481
GIST,half,8,2,6,C_MASK_E,118,16469490972111288920,11.757999,11.7368955612,4028,32296,883241890903009633
GIST,half,8,2,6,C_MASK_E,117,1006711879274558233,16.357059,16.3403205872,841,6800,11321619877609521957
GIST,half,8,2,6,C_MASK_E,116,476149813655704091,13.797302,13.7814722061,10,152,8858849561569991435
GIST,half,8,2,6,C_MASK_E,115,7649011970154020997,12.803313,12.7816963196,9,144,3206729205558378233
GIST,half,8,2,6,C_MASK_E,114,10648647139011189564,11.760397,11.7433280945,12,168,6772672195218087492
GIST,half,8,2,6,C_MASK_E,113,10535780349197406948,11.282198,11.2667198181,8,136,14415464039087190790
GIST,half,8,2,6,C_MASK_E,112,10135745837711897539,11.034446,11.0141439438,9,144,27334712204462216
GIST,half,8,2,6,C_MASK_E,111,3665995180310526364,14.863124,14.8355522156,41478,331896,5661520465715040291
GIST,half,8,2,6,C_MASK_E,110,10127478537340186675,11.493716,11.477312088,10,152,1358658317263378375
GIST,half,8,2,6,C_MASK_E,109,17603205654855495503,11.802627,11.7825279236,6920,55432,4734971902105951802
GIST,half,8,2,6,C_MASK_E,108,5137605947089590316,13.140285,13.1230716705,22,248,8744501858676181288
GIST,half,8,2,6,C_MASK_E,107,12753255321128375907,12.396609,12.3799676895,11,160,3736671290085159878
GIST,half,8,2,6,C_MASK_E,106,7862389240255096405,13.933062,13.9165115356,8,136,4454845205277636153
GIST,half,8,2,6,C_MASK_E,105,3382835124390735773,9.867412,9.84560012817,10,152,1633465981209507262
GIST,half,8,2,6,C_MASK_E,104,6318150018815276835,11.777037,11.7612161636,8,136,6252710342366139043
GIST,half,8,2,6,C_MASK_E,103,3358090661935181962,14.117246,14.1007995605,10,152,206827504788997805
GIST,half,8,2,6,C_MASK_E,102,5023834620232924699,10.50576,10.4896316528,9,144,4345061276902095567
GIST,half,8,2,6,C_MASK_E,101,463556152314022137,9.981711,9.96470355988,9,144,17739438941913720152
GIST,half,8,2,6,C_MASK_E,100,416867533671327684,12.522894,12.4987840652,4969,39824,18199109054269478174
GIST,half,8,2,6,C_MASK_E,99,11723484149300992671,15.326509,15.3088321686,2311,18560,15885591392866052173
GIST,half,8,2,6,C_MASK_E,98,1083222351448503346,15.29911,15.2807359695,30,312,14811157689777586302
GIST,half,8,2,6,C_MASK_E,97,11331694305099227241,11.773121,11.7491521835,5629,45104,17435282213467792387
GIST,half,8,2,6,C_MASK_E,96,13118478308687119329,12.577328,12.5567359924,12672,101448,12414488981634579085
GIST,half,8,2,6,C_MASK_E,95,13797457395031324342,13.506683,13.4860477448,4312,34568,8681946398460365715
GIST,half,8,2,6,C_MASK_E,94,12966259267171903563,12.365349,12.3496961594,9,144,16525753693329126445
GIST,half,8,2,6,C_MASK_E,93,15824146815298812297,13.754808,13.7372159958,785,6352,16848583768543088517
GIST,half,8,2,6,C_MASK_E,92,7858987711662060174,9.946422,9.91964817047,16659,133344,18141791887973734438
GIST,half,8,2,6,C_MASK_E,91,13351219280779986121,11.1086,11.0902719498,91,800,7129016086556790661
GIST,half,8,2,6,C_MASK_E,90,1487146102952406162,12.953041,12.9330558777,9,144,11675729656657864315
GIST,half,8,2,6,C_MASK_E,89,17243398098289356237,13.891719,13.861951828,19381,155120,11341570227103404206
GIST,half,8,2,6,C_MASK_E,88,17392447945923308625,10.567567,10.5497283936,11,160,16812603617364686395
GIST,half,8,2,6,C_MASK_E,87,8534974539240644349,13.402085,13.3738241196,22710,181752,7440715000576488328
GIST,half,8,2,6,C_MASK_E,86,6470508332142331894,15.117279,15.0994882584,3669,29424,3528509250306175135
GIST,half,8,2,6,C_MASK_E,85,10946770602578419956,10.923395,10.9022083282,8,136,1403974257677289190
GIST,half,8,2,6,C_MASK_E,84,10344073526508897281,12.794019,12.7697601318,10,152,12307297875457737052
GIST,half,8,2,6,C_MASK_E,83,8711237166219394419,11.490103,11.4751358032,16,200,1159450716902794998
GIST,half,8,2,6,C_MASK_E,82,17380680694385638840,12.914597,12.8949117661,10,152,17099624996036497700
GIST,half,8,2,6,C_MASK_E,81,4578548255021645869,11.773268,11.7548475266,8,136,7309366345031128353
GIST,half,8,2,6,C_MASK_E,80,8425382104893835461,14.291661,14.2693758011,138,1176,4615018082655609248
GIST,half,8,2,6,C_MASK_E,79,17525024244829704515,14.104197,14.0789442062,17953,143696,8782034102419046715
GIST,half,8,2,6,C_MASK_E,78,384590151492374026,15.176609,15.1582403183,1145,9232,6824037880318392156
GIST,half,8,2,6,C_MASK_E,77,13772194458325883781,14.019368,13.9974079132,8,136,3119058093217859169
GIST,half,8,2,6,C_MASK_E,76,6121457899850640239,15.378291,15.3610563278,10,152,10439922783850878615
GIST,half,8,2,6,C_MASK_E,75,10629383663104694533,10.767072,10.7506875992,8,136,1959805352102410517
GIST,half,8,2,6,C_MASK_E,74,17416559791252488439,12.441171,12.4132795334,15885,127152,9191986637692184623
GIST,half,8,2,6,C_MASK_E,73,6275675870158489986,11.466605,11.4406080246,30287,242368,3965206015652614730
GIST,half,8,2,6,C_MASK_E,72,2775573294919263248,13.271619,13.2565116882,14,184,2008831888728120970
GIST,half,8,2,6,C_MASK_E,71,2653643927898021331,12.498325,12.4819517136,8,136,6674983760768613763
GIST,half,8,2,6,C_MASK_E,70,7125887616712792012,15.087361,15.0570878983,30939,247584,2578173215488215435
GIST,half,8,2,6,C_MASK_E,69,16370389120603384840,15.163538,15.1451196671,39,384,8893900566493377500
GIST,half,8,2,6,C_MASK_E,68,17584159069416176766,14.341953,14.3272638321,8,136,14994419951185837632
GIST,half,8,2,6,C_MASK_E,67,9413171363946879688,11.934062,11.9185600281,10,152,16410576142550180761
GIST,half,8,2,6,C_MASK_E,66,6567103049086711526,8.353842,8.33564758301,9,144,2120391718945614396
GIST,half,8,2,6,C_MASK_E,65,16264934943434005963,13.843412,13.8180799484,23549,188464,1717894044534139949
GIST,half,8,2,6,C_MASK_E,64,12923444094630896693,11.430184,11.4137916565,9,144,10890240329654538100
GIST,half,8,2,6,C_MASK_E,63,9575871338223549139,15.520969,15.4980478287,782,6328,14236409939300756135
GIST,half,8,2,6,C_MASK_E,62,8560399019494154138,15.679145,15.663359642,16,200,10995028448307505731
GIST,half,8,2,6,C_MASK_E,61,2620909581344322254,14.060813,14.044095993,159,1344,18016158801479111709
GIST,half,8,2,6,C_MASK_E,60,2761207983275075740,13.282561,13.2487363815,27937,223568,8219627611328849196
GIST,half,8,2,6,C_MASK_E,59,1580871052154375482,14.438121,14.4160318375,10,152,10996509777332881202
GIST,half,8,2,6,C_MASK_E,58,9268774494751827706,13.042827,13.0262403488,9,144,2940493626614828053
GIST,half,8,2,6,C_MASK_E,57,9021717632597148908,11.60443,11.5860157013,7688,61576,16146242436575770571
GIST,half,8,2,6,C_MASK_E,56,13083263465047869035,16.59027,16.5672950745,10500,84072,6126299974183225491
GIST,half,8,2,6,C_MASK_E,55,2573792055271618832,11.925704,11.9063997269,13053,104496,3700418904193080229
GIST,half,8,2,6,C_MASK_E,54,12485651515614408301,14.030026,14.0045442581,27648,221256,13982227894810710128
GIST,half,8,2,6,C_MASK_E,53,1181170520412032450,12.671248,12.6528959274,8,136,15161611065330365500
GIST,half,8,2,6,C_MASK_E,52,10782300321295982446,15.034634,15.0163841248,11,160,2262457125570541601
GIST,half,8,2,6,C_MASK_E,51,1321970314038155003,11.759773,11.7437763214,9,144,1725180568680233592
GIST,half,8,2,6,C_MASK_E,50,2593988135360058460,11.442593,11.4115839005,49566,396600,10688624242403767082
GIST,half,8,2,6,C_MASK_E,49,15716071042978413762,13.001996,12.9833917618,1785,14352,16881791907273901609
GIST,half,8,2,6,C_MASK_E,48,8248488942050825693,15.410651,15.3824319839,10130,81112,4850681651806503319
GIST,half,8,2,6,C_MASK_E,47,197228195401547247,11.277313,11.2509117126,29946,239640,3603301588478779561
GIST,half,8,2,6,C_MASK_E,46,4808905104634366418,14.426426,14.4050235748,9,144,14613523175337427617
GIST,half,8,2,6,C_MASK_E,45,10634279939165845196,12.476274,12.4597444534,11,160,13746219426551555317
GIST,half,8,2,6,C_MASK_E,44,2657517881292301308,10.442929,10.4152641296,28625,229072,14362931499080891524
GIST,half,8,2,6,C_MASK_E,43,3580392345773888933,12.741484,12.7204475403,11,160,7130942906748589245
GIST,half,8,2,6,C_MASK_E,42,16130457613556805909,9.927226,9.91014385223,10,152,1351820667773349880
GIST,half,8,2,6,C_MASK_E,41,15735649071512523416,15.112199,15.0895681381,11,160,6439908275319918567
GIST,half,8,2,6,C_MASK_E,40,523521015842037129,13.12297,13.10633564,118,1016,14906896884422937853
GIST,half,8,2,6,C_MASK_E,39,5134469820061381952,13.415842,13.3955841064,173,1456,11882963430235204481
GIST,half,8,2,6,C_MASK_E,38,13700905950939581536,10.370353,10.354847908,9,144,10212566950510398326
GIST,half,8,2,6,C_MASK_E,37,7931106857473092034,13.600339,13.5804157257,1642,13208,4836914976961728650
GIST,half,8,2,6,C_MASK_E,36,5862842069398405510,15.107912,15.079615593,29682,237528,719140743100350364
GIST,half,8,2,6,C_MASK_E,35,7182522047579593487,11.437122,11.4142084122,12,168,13084839061348052764
GIST,half,8,2,6,C_MASK_E,34,11193354026380747684,14.396202,14.3745603561,18718,149816,10323070077910272027
GIST,half,8,2,6,C_MASK_E,33,17951213273852593361,11.178553,11.1638717651,8,136,7118776530039946925
GIST,half,8,2,6,C_MASK_E,32,1018801991084754777,15.833057,15.8077116013,31191,249600,4139212840337583677
GIST,half,8,2,6,C_MASK_E,31,16717924179856591400,10.686858,10.6711359024,98,856,12253136263172607446
GIST,half,8,2,6,C_MASK_E,30,12630940382236276606,14.027892,14.0095682144,15,192,3888228134973069709
GIST,half,8,2,6,C_MASK_E,29,7111803339956803225,13.194385,13.1744318008,9,144,11080742569331125641
GIST,half,8,2,6,C_MASK_E,28,9719453371904557375,15.42891,15.4104003906,53,496,4295370152413759317
GIST,half,8,2,6,C_MASK_E,27,14732108746546988498,11.371645,11.3420801163,31256,250120,10640609347284222608
GIST,half,8,2,6,C_MASK_E,26,18398409255790635840,13.172306,13.1574716568,8,136,16965475016388596626
GIST,half,8,2,6,C_MASK_E,25,15312881684633933655,15.169851,15.142080307,32548,260456,16202494671275670828
GIST,half,8,2,6,C_MASK_E,24,14343238801608074176,11.398587,11.3817920685,8,136,335641030610087762
GIST,half,8,2,6,C_MASK_E,23,3351983320614235452,12.814731,12.7999677658,8,136,10795653417440584118
GIST,half,8,2,6,C_MASK_E,22,9583610160574751482,12.54136,12.5261440277,104,904,17584774084035178489
GIST,half,8,2,6,C_MASK_E,21,2715171980480150680,15.223848,15.2070398331,3295,26432,4697067458263101281
GIST,half,8,2,6,C_MASK_E,20,13580243989274015108,10.737892,10.7223358154,13,176,12167542613742431786
GIST,half,8,2,6,C_MASK_E,19,4844542844294841975,14.369877,14.3396482468,27119,217024,3036884596305404821
GIST,half,8,2,6,C_MASK_E,18,3071783437712951460,8.961997,8.94089603424,9,144,4097877200455553912
GIST,half,8,2,6,C_MASK_E,17,9906517406195203870,13.535345,13.5046396255,28764,230184,13893008974686436000
GIST,half,8,2,6,C_MASK_E,16,3537798568722033093,15.738104,15.705280304,45233,361936,10934986133749753810
GIST,half,8,2,6,C_MASK_E,15,5936729861741803939,12.750375,12.7293758392,1825,14672,4523878408681453459
GIST,half,8,2,6,C_MASK_E,14,18369275761964115190,11.424539,11.4015035629,8,136,17294034751593305288
GIST,half,8,2,6,C_MASK_E,13,12716887085642250387,11.423127,11.4086084366,10,152,5751298164538243026
GIST,half,8,2,6,C_MASK_E,12,17460078167775218888,11.979351,11.961728096,219,1824,12113822531377232237
GIST,half,8,2,6,C_MASK_E,11,407413494807729236,14.477205,14.456319809,20742,166008,748099361995206288
GIST,half,8,2,6,C_MASK_E,10,16634692065747566502,9.090725,9.0764799118,9,144,13324388130527482689
GIST,half,8,2,6,C_MASK_E,9,4680770526928094267,12.777245,12.7630395889,9,144,6185833218944131429
GIST,half,8,2,6,C_MASK_E,8,3722915141321120792,13.205504,13.1917438507,16,200,17247831106653997488
GIST,half,8,2,6,C_MASK_E,7,7966444742523137199,9.876587,9.85724830627,9,144,294158670510647467
GIST,half,8,2,6,C_MASK_E,6,13750152615788058147,13.670955,13.6515836716,367,3008,8703337812097627909
GIST,half,8,2,6,C_MASK_E,5,15746877753817476956,16.751978,16.7232322693,25267,202208,5187200889313214686
GIST,half,8,2,6,C_MASK_E,4,6813717409520896539,15.557682,15.5324163437,17913,143376,10240984302992681904
GIST,half,8,2,6,C_MASK_E,3,17912368726981257746,11.566597,11.5398397446,22934,183544,3513084467399214196
GIST,half,8,2,6,C_MASK_E,2,12949723088018134982,14.925809,14.9062080383,12,168,17798676870000866351
GIST,half,8,2,6,C_MASK_E,1,5277735151802382403,13.047162,13.028960228,5815,46592,12495090360753926488
GIST,half,8,2,6,C_MASK_E,0,14628893485838184760,14.376783,14.3625278473,805,6512,12049670356140927271
GIST,half,8,2,6,C_TASK_E,127,15208757093895910829,12.087097,12.0689277649,11,160,1809397944155681048
GIST,half,8,2,6,C_TASK_E,126,12657858335344656681,8.240861,8.22544002533,8,136,4387400323091133037
GIST,half,8,2,6,C_TASK_E,125,3028236243262219857,13.05655,13.0429763794,8,136,425355140008332221
GIST,half,8,2,6,C_TASK_E,124,8609683818349710292,11.3234,11.3098239899,8,136,13168834338195935582
GIST,half,8,2,6,C_TASK_E,123,11214984481703275179,13.478818,13.4651842117,1639,13184,17297314433685050926
GIST,half,8,2,6,C_TASK_E,122,2263849957397490031,14.730507,14.7074241638,2287,18368,8165417142188033165
GIST,half,8,2,6,C_TASK_E,121,18044578509838911779,12.44786,12.4324483871,10,152,7928744672891195179
GIST,half,8,2,6,C_TASK_E,120,5458740354294272417,14.91562,14.8995199203,9,144,7848134651590039281
GIST,half,8,2,6,C_TASK_E,119,5858457743813147244,13.551364,13.5290880203,396,3240,8827444684336327481
GIST,half,8,2,6,C_TASK_E,118,16469490972111288920,11.719698,11.7015037537,4028,32296,883241890903009633
GIST,half,8,2,6,C_TASK_E,117,1006711879274558233,16.264393,16.2469768524,841,6800,11321619877609521957
GIST,half,8,2,6,C_TASK_E,116,476149813655704091,13.770838,13.7534723282,10,152,8858849561569991435
GIST,half,8,2,6,C_TASK_E,115,7649011970154020997,12.654004,12.638463974,9,144,3206729205558378233
GIST,half,8,2,6,C_TASK_E,114,10648647139011189564,11.70994,11.6931200027,12,168,6772672195218087492
GIST,half,8,2,6,C_TASK_E,113,10535780349197406948,11.267636,11.2530241013,8,136,14415464039087190790
GIST,half,8,2,6,C_TASK_E,112,10135745837711897539,11.128621,11.1092157364,9,144,27334712204462216
GIST,half,8,2,6,C_TASK_E,111,3665995180310526364,14.945272,14.9186563492,41478,331896,5661520465715040291
GIST,half,8,2,6,C_TASK_E,110,10127478537340186675,11.500241,11.4837436676,10,152,1358658317263378375
GIST,half,8,2,6,C_TASK_E,109,17603205654855495503,11.736376,11.7177915573,6920,55432,4734971902105951802
GIST,half,8,2,6,C_TASK_E,108,5137605947089590316,13.047244,13.0316476822,22,248,8744501858676181288
GIST,half,8,2,6,C_TASK_E,107,12753255321128375907,12.30901,12.2884483337,11,160,3736671290085159878
GIST,half,8,2,6,C_TASK_E,106,7862389240255096405,13.845232,13.8233604431,8,136,4454845205277636153
GIST,half,8,2,6,C_TASK_E,105,3382835124390735773,9.879395,9.86544036865,10,152,1633465981209507262
GIST,half,8,2,6,C_TASK_E,104,6318150018815276835,11.697164,11.682975769,8,136,6252710342366139043
GIST,half,8,2,6,C_TASK_E,103,3358090661935181962,14.06915,14.0532159805,10,152,206827504788997805
GIST,half,8,2,6,C_TASK_E,102,5023834620232924699,10.489735,10.4695358276,9,144,4345061276902095567
GIST,half,8,2,6,C_TASK_E,101,463556152314022137,9.952936,9.9386882782,9,144,17739438941913720152
GIST,half,8,2,6,C_TASK_E,100,416867533671327684,12.486161,12.4700803757,4969,39824,18199109054269478174
GIST,half,8,2,6,C_TASK_E,99,11723484149300992671,15.185012,15.1621761322,2311,18560,15885591392866052173
GIST,half,8,2,6,C_TASK_E,98,1083222351448503346,15.344715,15.3237123489,30,312,14811157689777586302
GIST,half,8,2,6,C_TASK_E,97,11331694305099227241,11.830491,11.8107843399,5629,45104,17435282213467792387
GIST,half,8,2,6,C_TASK_E,96,13118478308687119329,12.741836,12.7180480957,12672,101448,12414488981634579085
GIST,half,8,2,6,C_TASK_E,95,13797457395031324342,13.467229,13.4512643814,4312,34568,8681946398460365715
GIST,half,8,2,6,C_TASK_E,94,12966259267171903563,12.234597,12.2192964554,9,144,16525753693329126445
GIST,half,8,2,6,C_TASK_E,93,15824146815298812297,13.685372,13.6701116562,785,6352,16848583768543088517
GIST,half,8,2,6,C_TASK_E,92,7858987711662060174,9.993193,9.97324752808,16659,133344,18141791887973734438
GIST,half,8,2,6,C_TASK_E,91,13351219280779986121,11.079249,11.0631999969,91,800,7129016086556790661
GIST,half,8,2,6,C_TASK_E,90,1487146102952406162,12.874919,12.857919693,9,144,11675729656657864315
GIST,half,8,2,6,C_TASK_E,89,17243398098289356237,13.814987,13.7874555588,19381,155120,11341570227103404206
GIST,half,8,2,6,C_TASK_E,88,17392447945923308625,10.587349,10.5679998398,11,160,16812603617364686395
GIST,half,8,2,6,C_TASK_E,87,8534974539240644349,13.399113,13.3755197525,22710,181752,7440715000576488328
GIST,half,8,2,6,C_TASK_E,86,6470508332142331894,15.113268,15.0970878601,3669,29424,3528509250306175135
GIST,half,8,2,6,C_TASK_E,85,10946770602578419956,10.822084,10.8084478378,8,136,1403974257677289190
GIST,half,8,2,6,C_TASK_E,84,10344073526508897281,12.713238,12.6990718842,10,152,12307297875457737052
GIST,half,8,2,6,C_TASK_E,83,8711237166219394419,11.521703,11.5023355484,16,200,1159450716902794998
GIST,half,8,2,6,C_TASK_E,82,17380680694385638840,12.899362,12.8784637451,10,152,17099624996036497700
GIST,half,8,2,6,C_TASK_E,81,4578548255021645869,11.694193,11.6768321991,8,136,7309366345031128353
GIST,half,8,2,6,C_TASK_E,80,8425382104893835461,14.249938,14.2370882034,138,1176,4615018082655609248
GIST,half,8,2,6,C_TASK_E,79,17525024244829704515,13.915686,13.8946237564,17953,143696,8782034102419046715
GIST,half,8,2,6,C_TASK_E,78,384590151492374026,15.188644,15.1723842621,1145,9232,6824037880318392156
GIST,half,8,2,6,C_TASK_E,77,13772194458325883781,13.893511,13.8798084259,8,136,3119058093217859169
GIST,half,8,2,6,C_TASK_E,76,6121457899850640239,15.281213,15.2608003616,10,152,10439922783850878615
GIST,half,8,2,6,C_TASK_E,75,10629383663104694533,10.686957,10.6667203903,8,136,1959805352102410517
GIST,half,8,2,6,C_TASK_E,74,17416559791252488439,12.462673,12.4445762634,15885,127152,9191986637692184623
GIST,half,8,2,6,C_TASK_E,73,6275675870158489986,11.448827,11.4237117767,30287,242368,3965206015652614730
GIST,half,8,2,6,C_TASK_E,72,2775573294919263248,13.205495,13.1871042252,14,184,2008831888728120970
GIST,half,8,2,6,C_TASK_E,71,2653643927898021331,12.407039,12.3889284134,8,136,6674983760768613763
GIST,half,8,2,6,C_TASK_E,70,7125887616712792012,15.01305,14.9887037277,30939,247584,2578173215488215435
GIST,half,8,2,6,C_TASK_E,69,16370389120603384840,15.000705,14.9799995422,39,384,8893900566493377500
GIST,half,8,2,6,C_TASK_E,68,17584159069416176766,14.348702,14.3303041458,8,136,14994419951185837632
GIST,half,8,2,6,C_TASK_E,67,9413171363946879688,11.953471,11.9363517761,10,152,16410576142550180761
GIST,half,8,2,6,C_TASK_E,66,6567103049086711526,8.462315,8.44793605804,9,144,2120391718945614396
GIST,half,8,2,6,C_TASK_E,65,16264934943434005963,13.793997,13.7705917358,23549,188464,1717894044534139949
GIST,half,8,2,6,C_TASK_E,64,12923444094630896693,11.27579,11.2593278885,9,144,10890240329654538100
GIST,half,8,2,6,C_TASK_E,63,9575871338223549139,15.233649,15.2177276611,782,6328,14236409939300756135
GIST,half,8,2,6,C_TASK_E,62,8560399019494154138,15.624637,15.6101121902,16,200,10995028448307505731
GIST,half,8,2,6,C_TASK_E,61,2620909581344322254,13.979917,13.9636478424,159,1344,18016158801479111709
GIST,half,8,2,6,C_TASK_E,60,2761207983275075740,13.277332,13.2527360916,27937,223568,8219627611328849196
GIST,half,8,2,6,C_TASK_E,59,1580871052154375482,14.341888,14.3262395859,10,152,10996509777332881202
GIST,half,8,2,6,C_TASK_E,58,9268774494751827706,12.952981,12.9374723434,9,144,2940493626614828053
GIST,half,8,2,6,C_TASK_E,57,9021717632597148908,11.499425,11.4755840302,7688,61576,16146242436575770571
GIST,half,8,2,6,C_TASK_E,56,13083263465047869035,16.526298,16.5016956329,10500,84072,6126299974183225491
GIST,half,8,2,6,C_TASK_E,55,2573792055271618832,11.862085,11.8419837952,13053,104496,3700418904193080229
GIST,half,8,2,6,C_TASK_E,54,12485651515614408301,14.088445,14.0611524582,27648,221256,13982227894810710128
GIST,half,8,2,6,C_TASK_E,53,1181170520412032450,12.654313,12.6399679184,8,136,15161611065330365500
GIST,half,8,2,6,C_TASK_E,52,10782300321295982446,14.951609,14.932767868,11,160,2262457125570541601
GIST,half,8,2,6,C_TASK_E,51,1321970314038155003,11.742417,11.7220163345,9,144,1725180568680233592
GIST,half,8,2,6,C_TASK_E,50,2593988135360058460,11.487513,11.4583683014,49566,396600,10688624242403767082
GIST,half,8,2,6,C_TASK_E,49,15716071042978413762,12.878114,12.8635835648,1785,14352,16881791907273901609
GIST,half,8,2,6,C_TASK_E,48,8248488942050825693,15.259722,15.2394561768,10130,81112,4850681651806503319
GIST,half,8,2,6,C_TASK_E,47,197228195401547247,11.187157,11.1634235382,29946,239640,3603301588478779561
GIST,half,8,2,6,C_TASK_E,46,4808905104634366418,14.275823,14.260383606,9,144,14613523175337427617
GIST,half,8,2,6,C_TASK_E,45,10634279939165845196,12.480472,12.4629116058,11,160,13746219426551555317
GIST,half,8,2,6,C_TASK_E,44,2657517881292301308,10.307145,10.2822399139,28625,229072,14362931499080891524
GIST,half,8,2,6,C_TASK_E,43,3580392345773888933,12.790019,12.775551796,11,160,7130942906748589245
GIST,half,8,2,6,C_TASK_E,42,16130457613556805909,9.913948,9.89955234528,10,152,1351820667773349880
GIST,half,8,2,6,C_TASK_E,41,15735649071512523416,15.077222,15.0628156662,11,160,6439908275319918567
GIST,half,8,2,6,C_TASK_E,40,523521015842037129,13.131152,13.1128635406,118,1016,14906896884422937853
GIST,half,8,2,6,C_TASK_E,39,5134469820061381952,13.303784,13.2903995514,173,1456,11882963430235204481
GIST,half,8,2,6,C_TASK_E,38,13700905950939581536,10.255704,10.2403202057,9,144,10212566950510398326
GIST,half,8,2,6,C_TASK_E,37,7931106857473092034,13.513782,13.4961280823,1642,13208,4836914976961728650
GIST,half,8,2,6,C_TASK_E,36,5862842069398405510,14.814217,14.781791687,29682,237528,719140743100350364
GIST,half,8,2,6,C_TASK_E,35,7182522047579593487,11.387892,11.3652162552,12,168,13084839061348052764
GIST,half,8,2,6,C_TASK_E,34,11193354026380747684,14.284476,14.2637758255,18718,149816,10323070077910272027
GIST,half,8,2,6,C_TASK_E,33,17951213273852593361,11.140298,11.1198396683,8,136,7118776530039946925
GIST,half,8,2,6,C_TASK_E,32,1018801991084754777,15.848936,15.8235197067,31191,249600,4139212840337583677
GIST,half,8,2,6,C_TASK_E,31,16717924179856591400,10.617121,10.6012163162,98,856,12253136263172607446
GIST,half,8,2,6,C_TASK_E,30,12630940382236276606,13.919482,13.9049596786,15,192,3888228134973069709
GIST,half,8,2,6,C_TASK_E,29,7111803339956803225,13.120722,13.1007680893,9,144,11080742569331125641
GIST,half,8,2,6,C_TASK_E,28,9719453371904557375,15.197025,15.1809282303,53,496,4295370152413759317
GIST,half,8,2,6,C_TASK_E,27,14732108746546988498,11.336377,11.3077116013,31256,250120,10640609347284222608
GIST,half,8,2,6,C_TASK_E,26,18398409255790635840,13.159452,13.1467199326,8,136,16965475016388596626
GIST,half,8,2,6,C_TASK_E,25,15312881684633933655,15.134065,15.1029758453,32548,260456,16202494671275670828
GIST,half,8,2,6,C_TASK_E,24,14343238801608074176,11.301944,11.2872962952,8,136,335641030610087762
GIST,half,8,2,6,C_TASK_E,23,3351983320614235452,12.739091,12.7192316055,8,136,10795653417440584118
GIST,half,8,2,6,C_TASK_E,22,9583610160574751482,12.528411,12.5107517242,104,904,17584774084035178489
GIST,half,8,2,6,C_TASK_E,21,2715171980480150680,15.061811,15.0448322296,3295,26432,4697067458263101281
GIST,half,8,2,6,C_TASK_E,20,13580243989274015108,10.67481,10.6610879898,13,176,12167542613742431786
GIST,half,8,2,6,C_TASK_E,19,4844542844294841975,14.272121,14.2463035583,27119,217024,3036884596305404821
GIST,half,8,2,6,C_TASK_E,18,3071783437712951460,8.918991,8.90316772461,9,144,4097877200455553912
GIST,half,8,2,6,C_TASK_E,17,9906517406195203870,13.423852,13.3975362778,28764,230184,13893008974686436000
GIST,half,8,2,6,C_TASK_E,16,3537798568722033093,15.665724,15.6347198486,45233,361936,10934986133749753810
GIST,half,8,2,6,C_TASK_E,15,5936729861741803939,12.726717,12.709728241,1825,14672,4523878408681453459
GIST,half,8,2,6,C_TASK_E,14,18369275761964115190,11.336756,11.3153276443,8,136,17294034751593305288
GIST,half,8,2,6,C_TASK_E,13,12716887085642250387,11.461932,11.4431037903,10,152,5751298164538243026
GIST,half,8,2,6,C_TASK_E,12,17460078167775218888,11.841626,11.8243522644,219,1824,12113822531377232237
GIST,half,8,2,6,C_TASK_E,11,407413494807729236,14.518627,14.4978876114,20742,166008,748099361995206288
GIST,half,8,2,6,C_TASK_E,10,16634692065747566502,9.102427,9.08700847626,9,144,13324388130527482689
GIST,half,8,2,6,C_TASK_E,9,4680770526928094267,12.75229,12.736448288,9,144,6185833218944131429
GIST,half,8,2,6,C_TASK_E,8,3722915141321120792,13.131111,13.1114244461,16,200,17247831106653997488
GIST,half,8,2,6,C_TASK_E,7,7966444742523137199,9.843803,9.82697582245,9,144,294158670510647467
GIST,half,8,2,6,C_TASK_E,6,13750152615788058147,13.439402,13.4215364456,367,3008,8703337812097627909
GIST,half,8,2,6,C_TASK_E,5,15746877753817476956,16.811384,16.7886390686,25267,202208,5187200889313214686
GIST,half,8,2,6,C_TASK_E,4,6813717409520896539,15.473151,15.4487361908,17913,143376,10240984302992681904
GIST,half,8,2,6,C_TASK_E,3,17912368726981257746,11.295872,11.2711038589,22934,183544,3513084467399214196
GIST,half,8,2,6,C_TASK_E,2,12949723088018134982,14.828265,14.8077764511,12,168,17798676870000866351
GIST,half,8,2,6,C_TASK_E,1,5277735151802382403,13.026988,13.0108156204,5815,46592,12495090360753926488
GIST,half,8,2,6,C_TASK_E,0,14628893485838184760,14.339763,14.3254079819,805,6512,12049670356140927271
GIST,half,32,2,6,SCAN_L,31,7995077726280952526,177.599802,177.582778931,35,544,17738710621554888361
GIST,half,32,2,6,SCAN_L,30,14416838764258129161,177.600758,177.5834198,3945,31824,15666152673139803166
GIST,half,32,2,6,SCAN_L,29,15030165245001765777,177.602296,177.585083008,5275,42464,13081611358792727333
GIST,half,32,2,6,SCAN_L,28,306400533752808697,177.599425,177.584259033,38,568,15415108955034365904
GIST,half,32,2,6,SCAN_L,27,161217794029549079,177.618552,177.587936401,48430,387704,10897917077796498645
GIST,half,32,2,6,SCAN_L,26,13539082034095136927,177.600308,177.583908081,37,560,9838144373337488345
GIST,half,32,2,6,SCAN_L,25,13585693668991832971,177.6014,177.583648682,4997,40240,8060471171494153783
GIST,half,32,2,6,SCAN_L,24,1048821632111722058,177.607552,177.582595825,20642,165400,15602677906020214158
GIST,half,32,2,6,SCAN_L,23,10851237028586424301,177.611573,177.585571289,21765,174384,7548619885067429970
GIST,half,32,2,6,SCAN_L,22,5004653838559619408,177.605837,177.583007812,19492,156200,15755818672585262164
GIST,half,32,2,6,SCAN_L,21,3486346971057125245,177.609074,177.58291626,26397,211440,8960657414760105658
GIST,half,32,2,6,SCAN_L,20,10712815744133708220,177.601346,177.582015991,172,1640,17430303074918329068
GIST,half,32,2,6,SCAN_L,19,15820513675728183516,177.6066,177.584091187,19116,153192,6060893219430260750
GIST,half,32,2,6,SCAN_L,18,10765395806018310607,177.615669,177.584899902,46194,369816,7444862595273582325
GIST,half,32,2,6,SCAN_L,17,2222729423292320042,177.612725,177.58380127,30994,248216,3826611666964392027
GIST,half,32,2,6,SCAN_L,16,8534462434835011887,177.611002,177.584030151,23577,188880,3778250351653536887
GIST,half,32,2,6,SCAN_L,15,4980500077960720760,177.6146,177.587097168,28894,231416,17240864116231060822
GIST,half,32,2,6,SCAN_L,14,3185229373934033660,177.607332,177.583557129,18207,145920,13654456654282768996
GIST,half,32,2,6,SCAN_L,13,1075722662635840942,177.614048,177.583450317,40720,326024,4270533297038567303
GIST,half,32,2,6,SCAN_L,12,13216066866632432715,177.627992,177.586105347,61490,492184,8239061200449829015
GIST,half,32,2,6,SCAN_L,11,12325065973520304682,177.618763,177.586105347,58591,468992,267835482051343214
GIST,half,32,2,6,SCAN_L,10,5544530460631338786,177.599294,177.583526611,150,1464,13924800278538701120
GIST,half,32,2,6,SCAN_L,9,7601489796430488175,177.612972,177.585662842,31506,252312,1329596921172543006
GIST,half,32,2,6,SCAN_L,8,15783018974750835728,177.617583,177.584411621,49929,399696,4190309505508178420
GIST,half,32,2,6,SCAN_L,7,7872727791650862151,177.604427,177.586776733,175,1664,4643210386447554668
GIST,half,32,2,6,SCAN_L,6,4668807861364956970,177.621466,177.584259033,63820,510824,10099402955953869603
GIST,half,32,2,6,SCAN_L,5,8419766857112927641,177.605147,177.586395264,3420,27624,17792685588925117483
GIST,half,32,2,6,SCAN_L,4,9368830554395401223,177.643516,177.590789795,101125,809264,13109810449993187880
GIST,half,32,2,6,SCAN_L,3,17322893638147462453,177.602796,177.585250854,2062,16760,7116414848619904563
GIST,half,32,2,6,SCAN_L,2,9607284371048990950,177.61272,177.585983276,20776,166472,17020235287267412215
GIST,half,32,2,6,SCAN_L,1,3085188792669438576,177.612449,177.584381104,43556,348712,7751775623948015455
GIST,half,32,2,6,SCAN_L,0,13392786189952033124,177.624059,177.585723877,29566,236792,17654899910400677031
GIST,half,32,2,6,C_ID_L,31,7995077726280952526,151.211538,151.191772461,35,544,17738710621554888361
GIST,half,32,2,6,C_ID_L,30,14416838764258129161,159.418797,159.400253296,3945,31824,15666152673139803166
GIST,half,32,2,6,C_ID_L,29,15030165245001765777,156.30704,156.285888672,5275,42464,13081611358792727333
GIST,half,32,2,6,C_ID_L,28,306400533752808697,145.934538,145.917373657,38,568,15415108955034365904
GIST,half,32,2,6,C_ID_L,27,161217794029549079,143.005833,142.978912354,48430,387704,10897917077796498645
GIST,half,32,2,6,C_ID_L,26,13539082034095136927,154.733779,154.713821411,37,560,9838144373337488345
GIST,half,32,2,6,C_ID_L,25,13585693668991832971,157.068578,157.045593262,4997,40240,8060471171494153783
GIST,half,32,2,6,C_ID_L,24,1048821632111722058,146.838157,146.809860229,20642,165400,15602677906020214158
GIST,half,32,2,6,C_ID_L,23,10851237028586424301,143.599074,143.573120117,21765,174384,7548619885067429970
GIST,half,32,2,6,C_ID_L,22,5004653838559619408,140.35041,140.325088501,19492,156200,15755818672585262164
GIST,half,32,2,6,C_ID_L,21,3486346971057125245,160.922587,160.890426636,26397,211440,8960657414760105658
GIST,half,32,2,6,C_ID_L,20,10712815744133708220,149.455249,149.427139282,172,1640,17430303074918329068
GIST,half,32,2,6,C_ID_L,19,15820513675728183516,161.192896,161.16569519,19116,153192,6060893219430260750
GIST,half,32,2,6,C_ID_L,18,10765395806018310607,147.40469,147.376861572,46194,369816,7444862595273582325
GIST,half,32,2,6,C_ID_L,17,2222729423292320042,161.74292,161.715484619,30994,248216,3826611666964392027
GIST,half,32,2,6,C_ID_L,16,8534462434835011887,131.884611,131.86076355,23577,188880,3778250351653536887
GIST,half,32,2,6,C_ID_L,15,4980500077960720760,162.921693,162.895065308,28894,231416,17240864116231060822
GIST,half,32,2,6,C_ID_L,14,3185229373934033660,146.832733,146.807617188,18207,145920,13654456654282768996
GIST,half,32,2,6,C_ID_L,13,1075722662635840942,155.900875,155.872283936,40720,326024,4270533297038567303
GIST,half,32,2,6,C_ID_L,12,13216066866632432715,139.802909,139.764450073,61490,492184,8239061200449829015
GIST,half,32,2,6,C_ID_L,11,12325065973520304682,148.41001,148.375610352,58591,468992,267835482051343214
GIST,half,32,2,6,C_ID_L,10,5544530460631338786,153.55323,153.536254883,150,1464,13924800278538701120
GIST,half,32,2,6,C_ID_L,9,7601489796430488175,152.381457,152.356002808,31506,252312,1329596921172543006
GIST,half,32,2,6,C_ID_L,8,15783018974750835728,150.336408,150.304321289,49929,399696,4190309505508178420
GIST,half,32,2,6,C_ID_L,7,7872727791650862151,157.056179,157.037338257,175,1664,4643210386447554668
GIST,half,32,2,6,C_ID_L,6,4668807861364956970,146.262491,146.22026062,63820,510824,10099402955953869603
GIST,half,32,2,6,C_ID_L,5,8419766857112927641,155.325314,155.306747437,3420,27624,17792685588925117483
GIST,half,32,2,6,C_ID_L,4,9368830554395401223,143.101525,143.057434082,101125,809264,13109810449993187880
GIST,half,32,2,6,C_ID_L,3,17322893638147462453,144.745244,144.728225708,2062,16760,7116414848619904563
GIST,half,32,2,6,C_ID_L,2,9607284371048990950,135.3993,135.376739502,20776,166472,17020235287267412215
GIST,half,32,2,6,C_ID_L,1,3085188792669438576,147.706817,147.673660278,43556,348712,7751775623948015455
GIST,half,32,2,6,C_ID_L,0,13392786189952033124,154.730991,154.703872681,29566,236792,17654899910400677031
GIST,half,32,2,6,C_MASK_L,31,7995077726280952526,141.090977,141.073471069,35,544,17738710621554888361
GIST,half,32,2,6,C_MASK_L,30,14416838764258129161,148.142962,148.126968384,3945,31824,15666152673139803166
GIST,half,32,2,6,C_MASK_L,29,15030165245001765777,144.986028,144.968582153,5275,42464,13081611358792727333
GIST,half,32,2,6,C_MASK_L,28,306400533752808697,136.737811,136.720962524,38,568,15415108955034365904
GIST,half,32,2,6,C_MASK_L,27,161217794029549079,133.917017,133.88911438,48430,387704,10897917077796498645
GIST,half,32,2,6,C_MASK_L,26,13539082034095136927,143.655709,143.633987427,37,560,9838144373337488345
GIST,half,32,2,6,C_MASK_L,25,13585693668991832971,145.87405,145.846618652,4997,40240,8060471171494153783
GIST,half,32,2,6,C_MASK_L,24,1048821632111722058,137.814239,137.790145874,20642,165400,15602677906020214158
GIST,half,32,2,6,C_MASK_L,23,10851237028586424301,134.805076,134.782104492,21765,174384,7548619885067429970
GIST,half,32,2,6,C_MASK_L,22,5004653838559619408,131.559827,131.53276062,19492,156200,15755818672585262164
GIST,half,32,2,6,C_MASK_L,21,3486346971057125245,149.096261,149.071365356,26397,211440,8960657414760105658
GIST,half,32,2,6,C_MASK_L,20,10712815744133708220,139.699692,139.677658081,172,1640,17430303074918329068
GIST,half,32,2,6,C_MASK_L,19,15820513675728183516,149.461743,149.432830811,19116,153192,6060893219430260750
GIST,half,32,2,6,C_MASK_L,18,10765395806018310607,137.453977,137.42364502,46194,369816,7444862595273582325
GIST,half,32,2,6,C_MASK_L,17,2222729423292320042,149.283754,149.259521484,30994,248216,3826611666964392027
GIST,half,32,2,6,C_MASK_L,16,8534462434835011887,125.145064,125.121025085,23577,188880,3778250351653536887
GIST,half,32,2,6,C_MASK_L,15,4980500077960720760,150.596014,150.565444946,28894,231416,17240864116231060822
GIST,half,32,2,6,C_MASK_L,14,3185229373934033660,137.11223,137.088027954,18207,145920,13654456654282768996
GIST,half,32,2,6,C_MASK_L,13,1075722662635840942,144.972769,144.941436768,40720,326024,4270533297038567303
GIST,half,32,2,6,C_MASK_L,12,13216066866632432715,131.304701,131.170181274,61490,492184,8239061200449829015
GIST,half,32,2,6,C_MASK_L,11,12325065973520304682,138.846166,138.807678223,58591,468992,267835482051343214
GIST,half,32,2,6,C_MASK_L,10,5544530460631338786,143.022433,143.006469727,150,1464,13924800278538701120
GIST,half,32,2,6,C_MASK_L,9,7601489796430488175,142.388728,142.356185913,31506,252312,1329596921172543006
GIST,half,32,2,6,C_MASK_L,8,15783018974750835728,140.676083,140.636550903,49929,399696,4190309505508178420
GIST,half,32,2,6,C_MASK_L,7,7872727791650862151,145.585221,145.56678772,175,1664,4643210386447554668
GIST,half,32,2,6,C_MASK_L,6,4668807861364956970,136.696309,136.655487061,63820,510824,10099402955953869603
GIST,half,32,2,6,C_MASK_L,5,8419766857112927641,144.652323,144.630081177,3420,27624,17792685588925117483
GIST,half,32,2,6,C_MASK_L,4,9368830554395401223,134.063329,134.013412476,101125,809264,13109810449993187880
GIST,half,32,2,6,C_MASK_L,3,17322893638147462453,135.141305,135.125350952,2062,16760,7116414848619904563
GIST,half,32,2,6,C_MASK_L,2,9607284371048990950,127.369336,127.343261719,20776,166472,17020235287267412215
GIST,half,32,2,6,C_MASK_L,1,3085188792669438576,138.520533,138.484954834,43556,348712,7751775623948015455
GIST,half,32,2,6,C_MASK_L,0,13392786189952033124,143.989186,143.964126587,29566,236792,17654899910400677031
GIST,half,32,2,6,C_TASK_L,31,7995077726280952526,177.29794,177.27961731,35,544,17738710621554888361
GIST,half,32,2,6,C_TASK_L,30,14416838764258129161,180.2053,180.187805176,3945,31824,15666152673139803166
GIST,half,32,2,6,C_TASK_L,29,15030165245001765777,178.978033,178.956130981,5275,42464,13081611358792727333
GIST,half,32,2,6,C_TASK_L,28,306400533752808697,175.375257,175.354110718,38,568,15415108955034365904
GIST,half,32,2,6,C_TASK_L,27,161217794029549079,171.897233,171.872833252,48430,387704,10897917077796498645
GIST,half,32,2,6,C_TASK_L,26,13539082034095136927,177.107474,177.090011597,37,560,9838144373337488345
GIST,half,32,2,6,C_TASK_L,25,13585693668991832971,179.273673,179.250595093,4997,40240,8060471171494153783
GIST,half,32,2,6,C_TASK_L,24,1048821632111722058,181.157749,181.132583618,20642,165400,15602677906020214158
GIST,half,32,2,6,C_TASK_L,23,10851237028586424301,179.983801,179.958267212,21765,174384,7548619885067429970
GIST,half,32,2,6,C_TASK_L,22,5004653838559619408,172.987434,172.958374023,19492,156200,15755818672585262164
GIST,half,32,2,6,C_TASK_L,21,3486346971057125245,180.139117,180.108093262,26397,211440,8960657414760105658
GIST,half,32,2,6,C_TASK_L,20,10712815744133708220,180.068247,180.04675293,172,1640,17430303074918329068
GIST,half,32,2,6,C_TASK_L,19,15820513675728183516,180.226691,180.203384399,19116,153192,6060893219430260750
GIST,half,32,2,6,C_TASK_L,18,10765395806018310607,176.506825,176.469146729,46194,369816,7444862595273582325
GIST,half,32,2,6,C_TASK_L,17,2222729423292320042,179.445776,179.417373657,30994,248216,3826611666964392027
GIST,half,32,2,6,C_TASK_L,16,8534462434835011887,175.826988,175.799713135,23577,188880,3778250351653536887
GIST,half,32,2,6,C_TASK_L,15,4980500077960720760,181.397234,181.361816406,28894,231416,17240864116231060822
GIST,half,32,2,6,C_TASK_L,14,3185229373934033660,175.311095,175.288986206,18207,145920,13654456654282768996
GIST,half,32,2,6,C_TASK_L,13,1075722662635840942,180.429128,180.398406982,40720,326024,4270533297038567303
GIST,half,32,2,6,C_TASK_L,12,13216066866632432715,171.818812,171.777572632,61490,492184,8239061200449829015
GIST,half,32,2,6,C_TASK_L,11,12325065973520304682,177.719859,177.671554565,58591,468992,267835482051343214
GIST,half,32,2,6,C_TASK_L,10,5544530460631338786,180.823883,180.804733276,150,1464,13924800278538701120
GIST,half,32,2,6,C_TASK_L,9,7601489796430488175,181.566776,181.538650513,31506,252312,1329596921172543006
GIST,half,32,2,6,C_TASK_L,8,15783018974750835728,180.371142,180.334396362,49929,399696,4190309505508178420
GIST,half,32,2,6,C_TASK_L,7,7872727791650862151,180.121248,180.097763062,175,1664,4643210386447554668
GIST,half,32,2,6,C_TASK_L,6,4668807861364956970,172.243494,172.205444336,63820,510824,10099402955953869603
GIST,half,32,2,6,C_TASK_L,5,8419766857112927641,178.908216,178.889083862,3420,27624,17792685588925117483
GIST,half,32,2,6,C_TASK_L,4,9368830554395401223,171.891099,171.840103149,101125,809264,13109810449993187880
GIST,half,32,2,6,C_TASK_L,3,17322893638147462453,173.264441,173.242523193,2062,16760,7116414848619904563
GIST,half,32,2,6,C_TASK_L,2,9607284371048990950,168.52973,168.505340576,20776,166472,17020235287267412215
GIST,half,32,2,6,C_TASK_L,1,3085188792669438576,181.485804,181.45350647,43556,348712,7751775623948015455
GIST,half,32,2,6,C_TASK_L,0,13392786189952033124,180.109504,180.082626343,29566,236792,17654899910400677031
GIST,half,32,2,6,SCAN_E,31,7995077726280952526,46.572276,46.5528640747,35,544,17738710621554888361
GIST,half,32,2,6,SCAN_E,30,14416838764258129161,58.837828,58.8222732544,3945,31824,15666152673139803166
GIST,half,32,2,6,SCAN_E,29,15030165245001765777,59.795358,59.7731208801,5275,42464,13081611358792727333
GIST,half,32,2,6,SCAN_E,28,306400533752808697,51.316256,51.2978553772,38,568,15415108955034365904
GIST,half,32,2,6,SCAN_E,27,161217794029549079,58.891593,58.8661422729,48430,387704,10897917077796498645
GIST,half,32,2,6,SCAN_E,26,13539082034095136927,50.072517,50.058719635,37,560,9838144373337488345
GIST,half,32,2,6,SCAN_E,25,13585693668991832971,48.354143,48.3369903564,4997,40240,8060471171494153783
GIST,half,32,2,6,SCAN_E,24,1048821632111722058,59.019927,58.9956817627,20642,165400,15602677906020214158
GIST,half,32,2,6,SCAN_E,23,10851237028586424301,56.583629,56.55260849,21765,174384,7548619885067429970
GIST,half,32,2,6,SCAN_E,22,5004653838559619408,55.003383,54.9707527161,19492,156200,15755818672585262164
GIST,half,32,2,6,SCAN_E,21,3486346971057125245,54.806818,54.7775344849,26397,211440,8960657414760105658
GIST,half,32,2,6,SCAN_E,20,10712815744133708220,54.397207,54.3761901855,172,1640,17430303074918329068
GIST,half,32,2,6,SCAN_E,19,15820513675728183516,60.571973,60.5504646301,19116,153192,6060893219430260750
GIST,half,32,2,6,SCAN_E,18,10765395806018310607,50.401794,50.3685112,46194,369816,7444862595273582325
GIST,half,32,2,6,SCAN_E,17,2222729423292320042,58.952901,58.9241600037,30994,248216,3826611666964392027
GIST,half,32,2,6,SCAN_E,16,8534462434835011887,50.853984,50.8309440613,23577,188880,3778250351653536887
GIST,half,32,2,6,SCAN_E,15,4980500077960720760,61.114866,61.0862083435,28894,231416,17240864116231060822
GIST,half,32,2,6,SCAN_E,14,3185229373934033660,58.505872,58.4784011841,18207,145920,13654456654282768996
GIST,half,32,2,6,SCAN_E,13,1075722662635840942,56.150452,56.1188163757,40720,326024,4270533297038567303
GIST,half,32,2,6,SCAN_E,12,13216066866632432715,57.56209,57.5276145935,61490,492184,8239061200449829015
GIST,half,32,2,6,SCAN_E,11,12325065973520304682,52.265774,52.2314567566,58591,468992,267835482051343214
GIST,half,32,2,6,SCAN_E,10,5544530460631338786,53.328481,53.3116149902,150,1464,13924800278538701120
GIST,half,32,2,6,SCAN_E,9,7601489796430488175,54.471784,54.4453773499,31506,252312,1329596921172543006
GIST,half,32,2,6,SCAN_E,8,15783018974750835728,56.302865,56.2740478516,49929,399696,4190309505508178420
GIST,half,32,2,6,SCAN_E,7,7872727791650862151,56.66781,56.6472320557,175,1664,4643210386447554668
GIST,half,32,2,6,SCAN_E,6,4668807861364956970,56.564788,56.5273284912,63820,510824,10099402955953869603
GIST,half,32,2,6,SCAN_E,5,8419766857112927641,53.967563,53.9484176636,3420,27624,17792685588925117483
GIST,half,32,2,6,SCAN_E,4,9368830554395401223,58.579914,58.5351028442,101125,809264,13109810449993187880
GIST,half,32,2,6,SCAN_E,3,17322893638147462453,53.695416,53.6771507263,2062,16760,7116414848619904563
GIST,half,32,2,6,SCAN_E,2,9607284371048990950,55.445542,55.4211845398,20776,166472,17020235287267412215
GIST,half,32,2,6,SCAN_E,1,3085188792669438576,60.196109,60.1612815857,43556,348712,7751775623948015455
GIST,half,32,2,6,SCAN_E,0,13392786189952033124,55.843912,55.8185920715,29566,236792,17654899910400677031
GIST,half,32,2,6,C_ID_E,31,7995077726280952526,51.398939,51.376449585,35,544,17738710621554888361
GIST,half,32,2,6,C_ID_E,30,14416838764258129161,65.865299,65.8484802246,3945,31824,15666152673139803166
GIST,half,32,2,6,C_ID_E,29,15030165245001765777,65.862051,65.842338562,5275,42464,13081611358792727333
GIST,half,32,2,6,C_ID_E,28,306400533752808697,54.186164,54.1705932617,38,568,15415108955034365904
GIST,half,32,2,6,C_ID_E,27,161217794029549079,58.985837,58.9612464905,48430,387704,10897917077796498645
GIST,half,32,2,6,C_ID_E,26,13539082034095136927,55.983643,55.9704017639,37,560,9838144373337488345
GIST,half,32,2,6,C_ID_E,25,13585693668991832971,54.53653,54.5214385986,4997,40240,8060471171494153783
GIST,half,32,2,6,C_ID_E,24,1048821632111722058,63.460635,63.440990448,20642,165400,15602677906020214158
GIST,half,32,2,6,C_ID_E,23,10851237028586424301,56.492148,56.4710731506,21765,174384,7548619885067429970
GIST,half,32,2,6,C_ID_E,22,5004653838559619408,55.487949,55.4661750793,19492,156200,15755818672585262164
GIST,half,32,2,6,C_ID_E,21,3486346971057125245,61.557776,61.5347518921,26397,211440,8960657414760105658
GIST,half,32,2,6,C_ID_E,20,10712815744133708220,58.144302,58.1274871826,172,1640,17430303074918329068
GIST,half,32,2,6,C_ID_E,19,15820513675728183516,68.992542,68.9708175659,19116,153192,6060893219430260750
GIST,half,32,2,6,C_ID_E,18,10765395806018310607,55.590361,55.5545272827,46194,369816,7444862595273582325
GIST,half,32,2,6,C_ID_E,17,2222729423292320042,67.001866,66.9701461792,30994,248216,3826611666964392027
GIST,half,32,2,6,C_ID_E,16,8534462434835011887,51.860767,51.8382720947,23577,188880,3778250351653536887
GIST,half,32,2,6,C_ID_E,15,4980500077960720760,68.610378,68.5856323242,28894,231416,17240864116231060822
GIST,half,32,2,6,C_ID_E,14,3185229373934033660,65.0084,64.987197876,18207,145920,13654456654282768996
GIST,half,32,2,6,C_ID_E,13,1075722662635840942,62.10092,62.0681266785,40720,326024,4270533297038567303
GIST,half,32,2,6,C_ID_E,12,13216066866632432715,58.006064,57.9717102051,61490,492184,8239061200449829015
GIST,half,32,2,6,C_ID_E,11,12325065973520304682,55.953445,55.9188461304,58591,468992,267835482051343214
GIST,half,32,2,6,C_ID_E,10,5544530460631338786,59.420437,59.399936676,150,1464,13924800278538701120
GIST,half,32,2,6,C_ID_E,9,7601489796430488175,59.739536,59.7126731873,31506,252312,1329596921172543006
GIST,half,32,2,6,C_ID_E,8,15783018974750835728,61.095852,61.0641593933,49929,399696,4190309505508178420
GIST,half,32,2,6,C_ID_E,7,7872727791650862151,62.01544,61.9916496277,175,1664,4643210386447554668
GIST,half,32,2,6,C_ID_E,6,4668807861364956970,59.319576,59.2798728943,63820,510824,10099402955953869603
GIST,half,32,2,6,C_ID_E,5,8419766857112927641,59.754691,59.7344970703,3420,27624,17792685588925117483
GIST,half,32,2,6,C_ID_E,4,9368830554395401223,60.446907,60.4055671692,101125,809264,13109810449993187880
GIST,half,32,2,6,C_ID_E,3,17322893638147462453,55.169386,55.1479377747,2062,16760,7116414848619904563
GIST,half,32,2,6,C_ID_E,2,9607284371048990950,57.315073,57.2884178162,20776,166472,17020235287267412215
GIST,half,32,2,6,C_ID_E,1,3085188792669438576,64.438782,64.4088287354,43556,348712,7751775623948015455
GIST,half,32,2,6,C_ID_E,0,13392786189952033124,61.557833,61.5246086121,29566,236792,17654899910400677031
GIST,half,32,2,6,C_MASK_E,31,7995077726280952526,40.798126,40.7781448364,35,544,17738710621554888361
GIST,half,32,2,6,C_MASK_E,30,14416838764258129161,51.922144,51.9045753479,3945,31824,15666152673139803166
GIST,half,32,2,6,C_MASK_E,29,15030165245001765777,51.758204,51.7354240417,5275,42464,13081611358792727333
GIST,half,32,2,6,C_MASK_E,28,306400533752808697,42.962152,42.9442863464,38,568,15415108955034365904
GIST,half,32,2,6,C_MASK_E,27,161217794029549079,47.494779,47.4689292908,48430,387704,10897917077796498645
GIST,half,32,2,6,C_MASK_E,26,13539082034095136927,44.127011,44.1067504883,37,560,9838144373337488345
GIST,half,32,2,6,C_MASK_E,25,13585693668991832971,43.132332,43.1071052551,4997,40240,8060471171494153783
GIST,half,32,2,6,C_MASK_E,24,1048821632111722058,50.709954,50.6859207153,20642,165400,15602677906020214158
GIST,half,32,2,6,C_MASK_E,23,10851237028586424301,45.313182,45.2863693237,21765,174384,7548619885067429970
GIST,half,32,2,6,C_MASK_E,22,5004653838559619408,44.280172,44.2512626648,19492,156200,15755818672585262164
GIST,half,32,2,6,C_MASK_E,21,3486346971057125245,48.52372,48.5,26397,211440,8960657414760105658
GIST,half,32,2,6,C_MASK_E,20,10712815744133708220,46.315212,46.294719696,172,1640,17430303074918329068
GIST,half,32,2,6,C_MASK_E,19,15820513675728183516,54.397253,54.3750076294,19116,153192,6060893219430260750
GIST,half,32,2,6,C_MASK_E,18,10765395806018310607,44.264655,44.2262382507,46194,369816,7444862595273582325
GIST,half,32,2,6,C_MASK_E,17,2222729423292320042,52.836971,52.8077125549,30994,248216,3826611666964392027
GIST,half,32,2,6,C_MASK_E,16,8534462434835011887,41.614759,41.5846710205,23577,188880,3778250351653536887
GIST,half,32,2,6,C_MASK_E,15,4980500077960720760,54.239029,54.2124786377,28894,231416,17240864116231060822
GIST,half,32,2,6,C_MASK_E,14,3185229373934033660,51.388654,51.3545913696,18207,145920,13654456654282768996
GIST,half,32,2,6,C_MASK_E,13,1075722662635840942,49.261451,49.2320632935,40720,326024,4270533297038567303
GIST,half,32,2,6,C_MASK_E,12,13216066866632432715,46.210994,46.177406311,61490,492184,8239061200449829015
GIST,half,32,2,6,C_MASK_E,11,12325065973520304682,44.76056,44.7270088196,58591,468992,267835482051343214
GIST,half,32,2,6,C_MASK_E,10,5544530460631338786,47.133467,47.1133422852,150,1464,13924800278538701120
GIST,half,32,2,6,C_MASK_E,9,7601489796430488175,47.614196,47.5872650146,31506,252312,1329596921172543006
GIST,half,32,2,6,C_MASK_E,8,15783018974750835728,48.541901,48.5082244873,49929,399696,4190309505508178420
GIST,half,32,2,6,C_MASK_E,7,7872727791650862151,48.731224,48.7112960815,175,1664,4643210386447554668
GIST,half,32,2,6,C_MASK_E,6,4668807861364956970,47.084306,47.0485115051,63820,510824,10099402955953869603
GIST,half,32,2,6,C_MASK_E,5,8419766857112927641,47.45216,47.4369926453,3420,27624,17792685588925117483
GIST,half,32,2,6,C_MASK_E,4,9368830554395401223,48.309598,48.2638092041,101125,809264,13109810449993187880
GIST,half,32,2,6,C_MASK_E,3,17322893638147462453,43.804457,43.7863044739,2062,16760,7116414848619904563
GIST,half,32,2,6,C_MASK_E,2,9607284371048990950,45.78874,45.7638092041,20776,166472,17020235287267412215
GIST,half,32,2,6,C_MASK_E,1,3085188792669438576,51.300034,51.2694702148,43556,348712,7751775623948015455
GIST,half,32,2,6,C_MASK_E,0,13392786189952033124,49.555764,49.5299186707,29566,236792,17654899910400677031
GIST,half,32,2,6,C_TASK_E,31,7995077726280952526,40.633935,40.6163520813,35,544,17738710621554888361
GIST,half,32,2,6,C_TASK_E,30,14416838764258129161,51.680086,51.6631355286,3945,31824,15666152673139803166
GIST,half,32,2,6,C_TASK_E,29,15030165245001765777,51.536679,51.5128974915,5275,42464,13081611358792727333
GIST,half,32,2,6,C_TASK_E,28,306400533752808697,42.758139,42.7405128479,38,568,15415108955034365904
GIST,half,32,2,6,C_TASK_E,27,161217794029549079,47.293125,47.270111084,48430,387704,10897917077796498645
GIST,half,32,2,6,C_TASK_E,26,13539082034095136927,43.942088,43.9277114868,37,560,9838144373337488345
GIST,half,32,2,6,C_TASK_E,25,13585693668991832971,42.981473,42.9645423889,4997,40240,8060471171494153783
GIST,half,32,2,6,C_TASK_E,24,1048821632111722058,50.608322,50.5847663879,20642,165400,15602677906020214158
GIST,half,32,2,6,C_TASK_E,23,10851237028586424301,45.12688,45.0953598022,21765,174384,7548619885067429970
GIST,half,32,2,6,C_TASK_E,22,5004653838559619408,44.106927,44.0840644836,19492,156200,15755818672585262164
GIST,half,32,2,6,C_TASK_E,21,3486346971057125245,48.264585,48.2411193848,26397,211440,8960657414760105658
GIST,half,32,2,6,C_TASK_E,20,10712815744133708220,46.200708,46.1787185669,172,1640,17430303074918329068
GIST,half,32,2,6,C_TASK_E,19,15820513675728183516,54.244902,54.2220802307,19116,153192,6060893219430260750
GIST,half,32,2,6,C_TASK_E,18,10765395806018310607,44.004891,43.9740486145,46194,369816,7444862595273582325
GIST,half,32,2,6,C_TASK_E,17,2222729423292320042,52.524978,52.492641449,30994,248216,3826611666964392027
GIST,half,32,2,6,C_TASK_E,16,8534462434835011887,41.504989,41.4811515808,23577,188880,3778250351653536887
GIST,half,32,2,6,C_TASK_E,15,4980500077960720760,54.086854,54.0584335327,28894,231416,17240864116231060822
GIST,half,32,2,6,C_TASK_E,14,3185229373934033660,51.129219,51.110080719,18207,145920,13654456654282768996
GIST,half,32,2,6,C_TASK_E,13,1075722662635840942,49.004065,48.9752655029,40720,326024,4270533297038567303
GIST,half,32,2,6,C_TASK_E,12,13216066866632432715,45.9962,45.9573440552,61490,492184,8239061200449829015
GIST,half,32,2,6,C_TASK_E,11,12325065973520304682,44.483574,44.4447364807,58591,468992,267835482051343214
GIST,half,32,2,6,C_TASK_E,10,5544530460631338786,46.9384,46.9216003418,150,1464,13924800278538701120
GIST,half,32,2,6,C_TASK_E,9,7601489796430488175,47.425896,47.4005432129,31506,252312,1329596921172543006
GIST,half,32,2,6,C_TASK_E,8,15783018974750835728,48.329369,48.2906570435,49929,399696,4190309505508178420
GIST,half,32,2,6,C_TASK_E,7,7872727791650862151,48.775683,48.7567367554,175,1664,4643210386447554668
GIST,half,32,2,6,C_TASK_E,6,4668807861364956970,46.822038,46.7837753296,63820,510824,10099402955953869603
GIST,half,32,2,6,C_TASK_E,5,8419766857112927641,47.257555,47.241153717,3420,27624,17792685588925117483
GIST,half,32,2,6,C_TASK_E,4,9368830554395401223,47.898332,47.8549423218,101125,809264,13109810449993187880
GIST,half,32,2,6,C_TASK_E,3,17322893638147462453,43.681011,43.6629753113,2062,16760,7116414848619904563
GIST,half,32,2,6,C_TASK_E,2,9607284371048990950,45.579352,45.5508155823,20776,166472,17020235287267412215
GIST,half,32,2,6,C_TASK_E,1,3085188792669438576,51.031124,50.9976005554,43556,348712,7751775623948015455
GIST,half,32,2,6,C_TASK_E,0,13392786189952033124,49.305891,49.2800636292,29566,236792,17654899910400677031
