dataset,radius,B,Q_T,round,mode,batch_id,query_ids_hash,host_ready_ms,gpu_ready_ms,result_count_total,d2h_bytes,correctness_hash
GIST,all,32,2,1,SCAN_L,0,13392786189952033124,187.429052,178.16947937,32000000,256000264,11348834837147102462
GIST,all,32,2,1,SCAN_L,1,3085188792669438576,187.278978,178.172576904,32000000,256000264,17659261338669106398
GIST,all,32,2,1,SCAN_L,2,9607284371048990950,187.25122,178.174301147,32000000,256000264,8090863626561763704
GIST,all,32,2,1,SCAN_L,3,17322893638147462453,187.277765,178.174713135,32000000,256000264,2317855828534974047
GIST,all,32,2,1,SCAN_L,4,9368830554395401223,187.927119,178.178939819,32000000,256000264,17312208852575438364
GIST,all,32,2,1,SCAN_L,5,8419766857112927641,189.366829,178.17149353,32000000,256000264,13080560581756865296
GIST,all,32,2,1,SCAN_L,6,4668807861364956970,187.543863,178.172988892,32000000,256000264,5008886089217630333
GIST,all,32,2,1,SCAN_L,7,7872727791650862151,187.251021,178.172027588,32000000,256000264,13638370823027440146
GIST,all,32,2,1,SCAN_L,8,15783018974750835728,187.189221,178.169662476,32000000,256000264,16295328437391946995
GIST,all,32,2,1,SCAN_L,9,7601489796430488175,188.642918,178.171737671,32000000,256000264,11375933348201584583
GIST,all,32,2,1,SCAN_L,10,5544530460631338786,188.231984,178.170852661,32000000,256000264,3423857314060612266
GIST,all,32,2,1,SCAN_L,11,12325065973520304682,187.393826,178.172027588,32000000,256000264,5640903141011403082
GIST,all,32,2,1,SCAN_L,12,13216066866632432715,187.167033,178.168991089,32000000,256000264,7934697385139586520
GIST,all,32,2,1,SCAN_L,13,1075722662635840942,187.70169,178.46723938,32000000,256000264,3693345389699998126
GIST,all,32,2,1,SCAN_L,14,3185229373934033660,189.223731,178.172286987,32000000,256000264,13120934312221571947
GIST,all,32,2,1,SCAN_L,15,4980500077960720760,187.430281,178.172286987,32000000,256000264,1159840594661486922
GIST,all,32,2,1,SCAN_L,16,8534462434835011887,187.119077,178.17149353,32000000,256000264,8714334507495996888
GIST,all,32,2,1,SCAN_L,17,2222729423292320042,187.583181,178.172866821,32000000,256000264,18067299511229667476
GIST,all,32,2,1,SCAN_L,18,10765395806018310607,187.01183,178.17666626,32000000,256000264,13386549778882442694
GIST,all,32,2,1,SCAN_L,19,15820513675728183516,187.009716,178.170623779,32000000,256000264,14480376010321538760
GIST,all,32,2,1,SCAN_L,20,10712815744133708220,187.008702,178.173156738,32000000,256000264,8256143506552883744
GIST,all,32,2,1,SCAN_L,21,3486346971057125245,187.009456,178.170333862,32000000,256000264,12925094851512987627
GIST,all,32,2,1,SCAN_L,22,5004653838559619408,186.989751,178.169952393,32000000,256000264,542925346515742578
GIST,all,32,2,1,SCAN_L,23,10851237028586424301,186.965632,178.170562744,32000000,256000264,7130999865827606195
GIST,all,32,2,1,SCAN_L,24,1048821632111722058,186.933397,178.171005249,32000000,256000264,10035627653802916324
GIST,all,32,2,1,SCAN_L,25,13585693668991832971,186.972297,178.172607422,32000000,256000264,4709214226871061839
GIST,all,32,2,1,SCAN_L,26,13539082034095136927,186.913829,178.16784668,32000000,256000264,14607044633077976795
GIST,all,32,2,1,SCAN_L,27,161217794029549079,187.85361,178.174972534,32000000,256000264,2873382694629525323
GIST,all,32,2,1,SCAN_L,28,306400533752808697,188.992263,178.169631958,32000000,256000264,981180160379037297
GIST,all,32,2,1,SCAN_L,29,15030165245001765777,187.314597,178.17074585,32000000,256000264,3487601103710741530
GIST,all,32,2,1,SCAN_L,30,14416838764258129161,187.944225,178.170150757,32000000,256000264,2602423128017784945
GIST,all,32,2,1,SCAN_L,31,7995077726280952526,187.625976,178.172409058,32000000,256000264,4161836380931995304
GIST,all,32,2,1,C_ID_L,0,13392786189952033124,216.381303,207.098342896,32000000,256000264,11348834837147102462
GIST,all,32,2,1,C_ID_L,1,3085188792669438576,216.28535,207.103271484,32000000,256000264,17659261338669106398
GIST,all,32,2,1,C_ID_L,2,9607284371048990950,216.291897,207.101531982,32000000,256000264,8090863626561763704
GIST,all,32,2,1,C_ID_L,3,17322893638147462453,216.673584,207.107009888,32000000,256000264,2317855828534974047
GIST,all,32,2,1,C_ID_L,4,9368830554395401223,218.418203,207.102142334,32000000,256000264,17312208852575438364
GIST,all,32,2,1,C_ID_L,5,8419766857112927641,217.715697,207.10508728,32000000,256000264,13080560581756865296
GIST,all,32,2,1,C_ID_L,6,4668807861364956970,218.396689,207.100997925,32000000,256000264,5008886089217630333
GIST,all,32,2,1,C_ID_L,7,7872727791650862151,216.426632,207.100479126,32000000,256000264,13638370823027440146
GIST,all,32,2,1,C_ID_L,8,15783018974750835728,216.374144,207.100357056,32000000,256000264,16295328437391946995
GIST,all,32,2,1,C_ID_L,9,7601489796430488175,216.346325,207.099487305,32000000,256000264,11375933348201584583
GIST,all,32,2,1,C_ID_L,10,5544530460631338786,216.560663,207.094650269,32000000,256000264,3423857314060612266
GIST,all,32,2,1,C_ID_L,11,12325065973520304682,217.243599,207.100250244,32000000,256000264,5640903141011403082
GIST,all,32,2,1,C_ID_L,12,13216066866632432715,217.178519,207.100189209,32000000,256000264,7934697385139586520
GIST,all,32,2,1,C_ID_L,13,1075722662635840942,218.27442,207.098236084,32000000,256000264,3693345389699998126
GIST,all,32,2,1,C_ID_L,14,3185229373934033660,216.629656,207.100036621,32000000,256000264,13120934312221571947
GIST,all,32,2,1,C_ID_L,15,4980500077960720760,216.512297,207.103866577,32000000,256000264,1159840594661486922
GIST,all,32,2,1,C_ID_L,16,8534462434835011887,216.31405,207.09942627,32000000,256000264,8714334507495996888
GIST,all,32,2,1,C_ID_L,17,2222729423292320042,216.82445,207.395111084,32000000,256000264,18067299511229667476
GIST,all,32,2,1,C_ID_L,18,10765395806018310607,218.203116,207.097595215,32000000,256000264,13386549778882442694
GIST,all,32,2,1,C_ID_L,19,15820513675728183516,217.514876,207.100036621,32000000,256000264,14480376010321538760
GIST,all,32,2,1,C_ID_L,20,10712815744133708220,215.730014,204.667709351,32000000,256000264,8256143506552883744
GIST,all,32,2,1,C_ID_L,21,3486346971057125245,216.717922,207.030883789,32000000,256000264,12925094851512987627
GIST,all,32,2,1,C_ID_L,22,5004653838559619408,212.58104,203.431716919,32000000,256000264,542925346515742578
GIST,all,32,2,1,C_ID_L,23,10851237028586424301,216.181071,207.101791382,32000000,256000264,7130999865827606195
GIST,all,32,2,1,C_ID_L,24,1048821632111722058,216.587636,207.098403931,32000000,256000264,10035627653802916324
GIST,all,32,2,1,C_ID_L,25,13585693668991832971,214.399918,204.739517212,32000000,256000264,4709214226871061839
GIST,all,32,2,1,C_ID_L,26,13539082034095136927,212.598108,202.235610962,32000000,256000264,14607044633077976795
GIST,all,32,2,1,C_ID_L,27,161217794029549079,218.097659,207.103652954,32000000,256000264,2873382694629525323
GIST,all,32,2,1,C_ID_L,28,306400533752808697,211.531451,202.147964478,32000000,256000264,981180160379037297
GIST,all,32,2,1,C_ID_L,29,15030165245001765777,216.366021,207.100189209,32000000,256000264,3487601103710741530
GIST,all,32,2,1,C_ID_L,30,14416838764258129161,216.188339,207.097946167,32000000,256000264,2602423128017784945
GIST,all,32,2,1,C_ID_L,31,7995077726280952526,212.645869,203.445343018,32000000,256000264,4161836380931995304
GIST,all,32,2,1,C_MASK_L,0,13392786189952033124,188.499371,179.189987183,32000000,256000264,11348834837147102462
GIST,all,32,2,1,C_MASK_L,1,3085188792669438576,197.609936,188.464447021,32000000,256000264,17659261338669106398
GIST,all,32,2,1,C_MASK_L,2,9607284371048990950,195.977353,186.856506348,32000000,256000264,8090863626561763704
GIST,all,32,2,1,C_MASK_L,3,17322893638147462453,192.460469,183.362045288,32000000,256000264,2317855828534974047
GIST,all,32,2,1,C_MASK_L,4,9368830554395401223,197.537699,188.461990356,32000000,256000264,17312208852575438364
GIST,all,32,2,1,C_MASK_L,5,8419766857112927641,197.524088,188.461502075,32000000,256000264,13080560581756865296
GIST,all,32,2,1,C_MASK_L,6,4668807861364956970,193.582875,184.584793091,32000000,256000264,5008886089217630333
GIST,all,32,2,1,C_MASK_L,7,7872727791650862151,191.056072,182.04826355,32000000,256000264,13638370823027440146
GIST,all,32,2,1,C_MASK_L,8,15783018974750835728,193.7318,184.66633606,32000000,256000264,16295328437391946995
GIST,all,32,2,1,C_MASK_L,9,7601489796430488175,195.235043,184.193496704,32000000,256000264,11375933348201584583
GIST,all,32,2,1,C_MASK_L,10,5544530460631338786,194.604994,185.672729492,32000000,256000264,3423857314060612266
GIST,all,32,2,1,C_MASK_L,11,12325065973520304682,192.052162,183.098175049,32000000,256000264,5640903141011403082
GIST,all,32,2,1,C_MASK_L,12,13216066866632432715,194.677065,185.665084839,32000000,256000264,7934697385139586520
GIST,all,32,2,1,C_MASK_L,13,1075722662635840942,192.209297,183.25100708,32000000,256000264,3693345389699998126
GIST,all,32,2,1,C_MASK_L,14,3185229373934033660,189.736032,180.791229248,32000000,256000264,13120934312221571947
GIST,all,32,2,1,C_MASK_L,15,4980500077960720760,193.466038,184.530883789,32000000,256000264,1159840594661486922
GIST,all,32,2,1,C_MASK_L,16,8534462434835011887,191.91856,182.985565186,32000000,256000264,8714334507495996888
GIST,all,32,2,1,C_MASK_L,17,2222729423292320042,190.537446,181.607299805,32000000,256000264,18067299511229667476
GIST,all,32,2,1,C_MASK_L,18,10765395806018310607,192.259473,183.261535645,32000000,256000264,13386549778882442694
GIST,all,32,2,1,C_MASK_L,19,15820513675728183516,189.792285,180.870910645,32000000,256000264,14480376010321538760
GIST,all,32,2,1,C_MASK_L,20,10712815744133708220,190.489874,181.579330444,32000000,256000264,8256143506552883744
GIST,all,32,2,1,C_MASK_L,21,3486346971057125245,192.20748,183.284057617,32000000,256000264,12925094851512987627
GIST,all,32,2,1,C_MASK_L,22,5004653838559619408,190.799142,181.843353271,32000000,256000264,542925346515742578
GIST,all,32,2,1,C_MASK_L,23,10851237028586424301,190.448546,181.508422852,32000000,256000264,7130999865827606195
GIST,all,32,2,1,C_MASK_L,24,1048821632111722058,190.063325,181.186523438,32000000,256000264,10035627653802916324
GIST,all,32,2,1,C_MASK_L,25,13585693668991832971,189.745411,180.948669434,32000000,256000264,4709214226871061839
GIST,all,32,2,1,C_MASK_L,26,13539082034095136927,190.441058,181.638565063,32000000,256000264,14607044633077976795
GIST,all,32,2,1,C_MASK_L,27,161217794029549079,190.064112,181.268676758,32000000,256000264,2873382694629525323
GIST,all,32,2,1,C_MASK_L,28,306400533752808697,189.781124,180.98236084,32000000,256000264,981180160379037297
GIST,all,32,2,1,C_MASK_L,29,15030165245001765777,190.487388,181.67237854,32000000,256000264,3487601103710741530
GIST,all,32,2,1,C_MASK_L,30,14416838764258129161,190.122234,181.331771851,32000000,256000264,2602423128017784945
GIST,all,32,2,1,C_MASK_L,31,7995077726280952526,189.807637,181.037826538,32000000,256000264,4161836380931995304
GIST,all,32,2,1,C_TASK_L,0,13392786189952033124,207.124461,197.403717041,32000000,256000264,11348834837147102462
GIST,all,32,2,1,C_TASK_L,1,3085188792669438576,209.885929,200.262054443,32000000,256000264,17659261338669106398
GIST,all,32,2,1,C_TASK_L,2,9607284371048990950,210.593785,199.9715271,32000000,256000264,8090863626561763704
GIST,all,32,2,1,C_TASK_L,3,17322893638147462453,209.506063,199.924514771,32000000,256000264,2317855828534974047
GIST,all,32,2,1,C_TASK_L,4,9368830554395401223,208.810862,199.352890015,32000000,256000264,17312208852575438364
GIST,all,32,2,1,C_TASK_L,5,8419766857112927641,208.147556,199.108230591,32000000,256000264,13080560581756865296
GIST,all,32,2,1,C_TASK_L,6,4668807861364956970,207.982416,198.910400391,32000000,256000264,5008886089217630333
GIST,all,32,2,1,C_TASK_L,7,7872727791650862151,209.248073,199.67616272,32000000,256000264,13638370823027440146
GIST,all,32,2,1,C_TASK_L,8,15783018974750835728,210.55434,199.410690308,32000000,256000264,16295328437391946995
GIST,all,32,2,1,C_TASK_L,9,7601489796430488175,209.514415,199.063232422,32000000,256000264,11375933348201584583
GIST,all,32,2,1,C_TASK_L,10,5544530460631338786,208.271381,198.776229858,32000000,256000264,3423857314060612266
GIST,all,32,2,1,C_TASK_L,11,12325065973520304682,208.52723,199.550949097,32000000,256000264,5640903141011403082
GIST,all,32,2,1,C_TASK_L,12,13216066866632432715,208.3019,199.318267822,32000000,256000264,7934697385139586520
GIST,all,32,2,1,C_TASK_L,13,1075722662635840942,208.111539,199.111038208,32000000,256000264,3693345389699998126
GIST,all,32,2,1,C_TASK_L,14,3185229373934033660,207.87623,198.907806396,32000000,256000264,13120934312221571947
GIST,all,32,2,1,C_TASK_L,15,4980500077960720760,207.668307,198.707809448,32000000,256000264,1159840594661486922
GIST,all,32,2,1,C_TASK_L,16,8534462434835011887,208.516923,199.510498047,32000000,256000264,8714334507495996888
GIST,all,32,2,1,C_TASK_L,17,2222729423292320042,208.259877,199.294692993,32000000,256000264,18067299511229667476
GIST,all,32,2,1,C_TASK_L,18,10765395806018310607,208.032107,199.093475342,32000000,256000264,13386549778882442694
GIST,all,32,2,1,C_TASK_L,19,15820513675728183516,208.083298,198.892608643,32000000,256000264,14480376010321538760
GIST,all,32,2,1,C_TASK_L,20,10712815744133708220,208.667621,199.74105835,32000000,256000264,8256143506552883744
GIST,all,32,2,1,C_TASK_L,21,3486346971057125245,209.346666,200.428161621,32000000,256000264,12925094851512987627
GIST,all,32,2,1,C_TASK_L,22,5004653838559619408,207.101108,198.177627563,32000000,256000264,542925346515742578
GIST,all,32,2,1,C_TASK_L,23,10851237028586424301,208.894257,200.012359619,32000000,256000264,7130999865827606195
GIST,all,32,2,1,C_TASK_L,24,1048821632111722058,208.683478,199.78125,32000000,256000264,10035627653802916324
GIST,all,32,2,1,C_TASK_L,25,13585693668991832971,206.461103,197.405990601,32000000,256000264,4709214226871061839
GIST,all,32,2,1,C_TASK_L,26,13539082034095136927,208.816948,199.70930481,32000000,256000264,14607044633077976795
GIST,all,32,2,1,C_TASK_L,27,161217794029549079,208.077298,199.188415527,32000000,256000264,2873382694629525323
GIST,all,32,2,1,C_TASK_L,28,306400533752808697,209.138404,199.981307983,32000000,256000264,981180160379037297
GIST,all,32,2,1,C_TASK_L,29,15030165245001765777,206.500732,197.403488159,32000000,256000264,3487601103710741530
GIST,all,32,2,1,C_TASK_L,30,14416838764258129161,208.995816,199.603302002,32000000,256000264,2602423128017784945
GIST,all,32,2,1,C_TASK_L,31,7995077726280952526,210.282321,199.361312866,32000000,256000264,4161836380931995304
GIST,all,32,2,1,SCAN_E,0,13392786189952033124,188.746278,179.485702515,32000000,256000264,11348834837147102462
GIST,all,32,2,1,SCAN_E,1,3085188792669438576,189.996762,180.834014893,32000000,256000264,17659261338669106398
GIST,all,32,2,1,SCAN_E,2,9607284371048990950,190.648013,181.505889893,32000000,256000264,8090863626561763704
GIST,all,32,2,1,SCAN_E,3,17322893638147462453,188.609206,179.485473633,32000000,256000264,2317855828534974047
GIST,all,32,2,1,SCAN_E,4,9368830554395401223,188.551419,179.487045288,32000000,256000264,17312208852575438364
GIST,all,32,2,1,SCAN_E,5,8419766857112927641,190.678574,181.624679565,32000000,256000264,13080560581756865296
GIST,all,32,2,1,SCAN_E,6,4668807861364956970,188.542069,179.488327026,32000000,256000264,5008886089217630333
GIST,all,32,2,1,SCAN_E,7,7872727791650862151,188.525141,179.486877441,32000000,256000264,13638370823027440146
GIST,all,32,2,1,SCAN_E,8,15783018974750835728,188.501021,179.487869263,32000000,256000264,16295328437391946995
GIST,all,32,2,1,SCAN_E,9,7601489796430488175,188.485776,179.488357544,32000000,256000264,11375933348201584583
GIST,all,32,2,1,SCAN_E,10,5544530460631338786,188.456096,179.48614502,32000000,256000264,3423857314060612266
GIST,all,32,2,1,SCAN_E,11,12325065973520304682,188.469387,179.487930298,32000000,256000264,5640903141011403082
GIST,all,32,2,1,SCAN_E,12,13216066866632432715,188.472734,179.483291626,32000000,256000264,7934697385139586520
GIST,all,32,2,1,SCAN_E,13,1075722662635840942,188.431555,179.487457275,32000000,256000264,3693345389699998126
GIST,all,32,2,1,SCAN_E,14,3185229373934033660,188.399767,179.485473633,32000000,256000264,13120934312221571947
GIST,all,32,2,1,SCAN_E,15,4980500077960720760,188.396525,179.486968994,32000000,256000264,1159840594661486922
GIST,all,32,2,1,SCAN_E,16,8534462434835011887,188.390907,179.489700317,32000000,256000264,8714334507495996888
GIST,all,32,2,1,SCAN_E,17,2222729423292320042,188.342196,179.484100342,32000000,256000264,18067299511229667476
GIST,all,32,2,1,SCAN_E,18,10765395806018310607,188.34183,179.486877441,32000000,256000264,13386549778882442694
GIST,all,32,2,1,SCAN_E,19,15820513675728183516,188.374945,179.488327026,32000000,256000264,14480376010321538760
GIST,all,32,2,1,SCAN_E,20,10712815744133708220,188.595626,179.557601929,32000000,256000264,8256143506552883744
GIST,all,32,2,1,SCAN_E,21,3486346971057125245,188.354725,179.485031128,32000000,256000264,12925094851512987627
GIST,all,32,2,1,SCAN_E,22,5004653838559619408,189.748912,179.493881226,32000000,256000264,542925346515742578
GIST,all,32,2,1,SCAN_E,23,10851237028586424301,189.342374,179.489501953,32000000,256000264,7130999865827606195
GIST,all,32,2,1,SCAN_E,24,1048821632111722058,188.489272,179.487258911,32000000,256000264,10035627653802916324
GIST,all,32,2,1,SCAN_E,25,13585693668991832971,188.273438,179.486877441,32000000,256000264,4709214226871061839
GIST,all,32,2,1,SCAN_E,26,13539082034095136927,188.511771,179.486938477,32000000,256000264,14607044633077976795
GIST,all,32,2,1,SCAN_E,27,161217794029549079,189.258421,179.489822388,32000000,256000264,2873382694629525323
GIST,all,32,2,1,SCAN_E,28,306400533752808697,188.606812,179.487457275,32000000,256000264,981180160379037297
GIST,all,32,2,1,SCAN_E,29,15030165245001765777,188.241697,179.488067627,32000000,256000264,3487601103710741530
GIST,all,32,2,1,SCAN_E,30,14416838764258129161,188.373003,179.483551025,32000000,256000264,2602423128017784945
GIST,all,32,2,1,SCAN_E,31,7995077726280952526,189.680304,179.491744995,32000000,256000264,4161836380931995304
GIST,all,32,2,1,C_ID_E,0,13392786189952033124,247.094577,237.840454102,32000000,256000264,11348834837147102462
GIST,all,32,2,1,C_ID_E,1,3085188792669438576,247.044697,237.847137451,32000000,256000264,17659261338669106398
GIST,all,32,2,1,C_ID_E,2,9607284371048990950,247.071295,237.884613037,32000000,256000264,8090863626561763704
GIST,all,32,2,1,C_ID_E,3,17322893638147462453,247.103715,237.835128784,32000000,256000264,2317855828534974047
GIST,all,32,2,1,C_ID_E,4,9368830554395401223,247.029639,237.841049194,32000000,256000264,17312208852575438364
GIST,all,32,2,1,C_ID_E,5,8419766857112927641,247.009216,237.851623535,32000000,256000264,13080560581756865296
GIST,all,32,2,1,C_ID_E,6,4668807861364956970,246.954742,237.840988159,32000000,256000264,5008886089217630333
GIST,all,32,2,1,C_ID_E,7,7872727791650862151,247.039456,237.848571777,32000000,256000264,13638370823027440146
GIST,all,32,2,1,C_ID_E,8,15783018974750835728,247.035382,237.861816406,32000000,256000264,16295328437391946995
GIST,all,32,2,1,C_ID_E,9,7601489796430488175,246.943514,237.857925415,32000000,256000264,11375933348201584583
GIST,all,32,2,1,C_ID_E,10,5544530460631338786,249.129066,237.863815308,32000000,256000264,3423857314060612266
GIST,all,32,2,1,C_ID_E,11,12325065973520304682,248.28216,238.125732422,32000000,256000264,5640903141011403082
GIST,all,32,2,1,C_ID_E,12,13216066866632432715,248.398471,237.847198486,32000000,256000264,7934697385139586520
GIST,all,32,2,1,C_ID_E,13,1075722662635840942,248.404274,237.866119385,32000000,256000264,3693345389699998126
GIST,all,32,2,1,C_ID_E,14,3185229373934033660,248.907853,237.850112915,32000000,256000264,13120934312221571947
GIST,all,32,2,1,C_ID_E,15,4980500077960720760,249.033744,237.846496582,32000000,256000264,1159840594661486922
GIST,all,32,2,1,C_ID_E,16,8534462434835011887,248.984476,237.849700928,32000000,256000264,8714334507495996888
GIST,all,32,2,1,C_ID_E,17,2222729423292320042,248.893689,237.849273682,32000000,256000264,18067299511229667476
GIST,all,32,2,1,C_ID_E,18,10765395806018310607,246.788772,237.86114502,32000000,256000264,13386549778882442694
GIST,all,32,2,1,C_ID_E,19,15820513675728183516,246.921752,237.873657227,32000000,256000264,14480376010321538760
GIST,all,32,2,1,C_ID_E,20,10712815744133708220,246.745391,237.862213135,32000000,256000264,8256143506552883744
GIST,all,32,2,1,C_ID_E,21,3486346971057125245,246.713153,237.851013184,32000000,256000264,12925094851512987627
GIST,all,32,2,1,C_ID_E,22,5004653838559619408,246.725093,237.854690552,32000000,256000264,542925346515742578
GIST,all,32,2,1,C_ID_E,23,10851237028586424301,246.76687,237.853729248,32000000,256000264,7130999865827606195
GIST,all,32,2,1,C_ID_E,24,1048821632111722058,246.667737,237.853561401,32000000,256000264,10035627653802916324
GIST,all,32,2,1,C_ID_E,25,13585693668991832971,246.65398,237.848953247,32000000,256000264,4709214226871061839
GIST,all,32,2,1,C_ID_E,26,13539082034095136927,246.656605,237.833145142,32000000,256000264,14607044633077976795
GIST,all,32,2,1,C_ID_E,27,161217794029549079,246.655123,237.857818604,32000000,256000264,2873382694629525323
GIST,all,32,2,1,C_ID_E,28,306400533752808697,246.657631,237.860412598,32000000,256000264,981180160379037297
GIST,all,32,2,1,C_ID_E,29,15030165245001765777,246.635543,237.830276489,32000000,256000264,3487601103710741530
GIST,all,32,2,1,C_ID_E,30,14416838764258129161,246.641707,237.843292236,32000000,256000264,2602423128017784945
GIST,all,32,2,1,C_ID_E,31,7995077726280952526,246.640936,237.84211731,32000000,256000264,4161836380931995304
GIST,all,32,2,1,C_MASK_E,0,13392786189952033124,190.831838,181.659393311,32000000,256000264,11348834837147102462
GIST,all,32,2,1,C_MASK_E,1,3085188792669438576,190.868102,181.735076904,32000000,256000264,17659261338669106398
GIST,all,32,2,1,C_MASK_E,2,9607284371048990950,190.763661,181.663269043,32000000,256000264,8090863626561763704
GIST,all,32,2,1,C_MASK_E,3,17322893638147462453,190.773249,181.661605835,32000000,256000264,2317855828534974047
GIST,all,32,2,1,C_MASK_E,4,9368830554395401223,190.730606,181.663192749,32000000,256000264,17312208852575438364
GIST,all,32,2,1,C_MASK_E,5,8419766857112927641,190.693343,181.664733887,32000000,256000264,13080560581756865296
GIST,all,32,2,1,C_MASK_E,6,4668807861364956970,190.72814,181.661987305,32000000,256000264,5008886089217630333
GIST,all,32,2,1,C_MASK_E,7,7872727791650862151,190.701436,181.6640625,32000000,256000264,13638370823027440146
GIST,all,32,2,1,C_MASK_E,8,15783018974750835728,190.705521,181.662338257,32000000,256000264,16295328437391946995
GIST,all,32,2,1,C_MASK_E,9,7601489796430488175,190.744998,181.661178589,32000000,256000264,11375933348201584583
GIST,all,32,2,1,C_MASK_E,10,5544530460631338786,190.686583,181.660446167,32000000,256000264,3423857314060612266
GIST,all,32,2,1,C_MASK_E,11,12325065973520304682,190.706933,181.665283203,32000000,256000264,5640903141011403082
GIST,all,32,2,1,C_MASK_E,12,13216066866632432715,190.640746,181.663238525,32000000,256000264,7934697385139586520
GIST,all,32,2,1,C_MASK_E,13,1075722662635840942,190.695308,181.66607666,32000000,256000264,3693345389699998126
GIST,all,32,2,1,C_MASK_E,14,3185229373934033660,190.680203,181.661087036,32000000,256000264,13120934312221571947
GIST,all,32,2,1,C_MASK_E,15,4980500077960720760,190.649386,181.665634155,32000000,256000264,1159840594661486922
GIST,all,32,2,1,C_MASK_E,16,8534462434835011887,190.665854,181.665466309,32000000,256000264,8714334507495996888
GIST,all,32,2,1,C_MASK_E,17,2222729423292320042,190.679593,181.661605835,32000000,256000264,18067299511229667476
GIST,all,32,2,1,C_MASK_E,18,10765395806018310607,190.633181,181.664962769,32000000,256000264,13386549778882442694
GIST,all,32,2,1,C_MASK_E,19,15820513675728183516,190.604731,181.662887573,32000000,256000264,14480376010321538760
GIST,all,32,2,1,C_MASK_E,20,10712815744133708220,190.635143,181.663970947,32000000,256000264,8256143506552883744
GIST,all,32,2,1,C_MASK_E,21,3486346971057125245,190.589899,181.663482666,32000000,256000264,12925094851512987627
GIST,all,32,2,1,C_MASK_E,22,5004653838559619408,190.61586,181.660934448,32000000,256000264,542925346515742578
GIST,all,32,2,1,C_MASK_E,23,10851237028586424301,190.624566,181.662460327,32000000,256000264,7130999865827606195
GIST,all,32,2,1,C_MASK_E,24,1048821632111722058,190.615594,181.662139893,32000000,256000264,10035627653802916324
GIST,all,32,2,1,C_MASK_E,25,13585693668991832971,190.613945,181.666183472,32000000,256000264,4709214226871061839
GIST,all,32,2,1,C_MASK_E,26,13539082034095136927,190.702458,181.735198975,32000000,256000264,14607044633077976795
GIST,all,32,2,1,C_MASK_E,27,161217794029549079,190.618141,181.663650513,32000000,256000264,2873382694629525323
GIST,all,32,2,1,C_MASK_E,28,306400533752808697,190.546461,181.665725708,32000000,256000264,981180160379037297
GIST,all,32,2,1,C_MASK_E,29,15030165245001765777,190.59099,181.667907715,32000000,256000264,3487601103710741530
GIST,all,32,2,1,C_MASK_E,30,14416838764258129161,190.60564,181.662139893,32000000,256000264,2602423128017784945
GIST,all,32,2,1,C_MASK_E,31,7995077726280952526,190.844051,181.662750244,32000000,256000264,4161836380931995304
GIST,all,32,2,1,C_TASK_E,0,13392786189952033124,191.962774,180.542053223,32000000,256000264,11348834837147102462
GIST,all,32,2,1,C_TASK_E,1,3085188792669438576,191.840243,180.547164917,32000000,256000264,17659261338669106398
GIST,all,32,2,1,C_TASK_E,2,9607284371048990950,190.714866,180.546524048,32000000,256000264,8090863626561763704
GIST,all,32,2,1,C_TASK_E,3,17322893638147462453,190.246154,180.553817749,32000000,256000264,2317855828534974047
GIST,all,32,2,1,C_TASK_E,4,9368830554395401223,191.787465,180.550628662,32000000,256000264,17312208852575438364
GIST,all,32,2,1,C_TASK_E,5,8419766857112927641,189.631779,180.550079346,32000000,256000264,13080560581756865296
GIST,all,32,2,1,C_TASK_E,6,4668807861364956970,189.62591,180.547683716,32000000,256000264,5008886089217630333
GIST,all,32,2,1,C_TASK_E,7,7872727791650862151,189.598322,180.546951294,32000000,256000264,13638370823027440146
GIST,all,32,2,1,C_TASK_E,8,15783018974750835728,189.610474,180.548736572,32000000,256000264,16295328437391946995
GIST,all,32,2,1,C_TASK_E,9,7601489796430488175,189.593604,180.53894043,32000000,256000264,11375933348201584583
GIST,all,32,2,1,C_TASK_E,10,5544530460631338786,189.581093,180.551239014,32000000,256000264,3423857314060612266
GIST,all,32,2,1,C_TASK_E,11,12325065973520304682,191.758026,180.54637146,32000000,256000264,5640903141011403082
GIST,all,32,2,1,C_TASK_E,12,13216066866632432715,190.617924,180.542556763,32000000,256000264,7934697385139586520
GIST,all,32,2,1,C_TASK_E,13,1075722662635840942,191.055328,180.545089722,32000000,256000264,3693345389699998126
GIST,all,32,2,1,C_TASK_E,14,3185229373934033660,190.615749,180.543045044,32000000,256000264,13120934312221571947
GIST,all,32,2,1,C_TASK_E,15,4980500077960720760,191.028527,180.546081543,32000000,256000264,1159840594661486922
GIST,all,32,2,1,C_TASK_E,16,8534462434835011887,190.63866,180.542144775,32000000,256000264,8714334507495996888
GIST,all,32,2,1,C_TASK_E,17,2222729423292320042,191.029764,180.549606323,32000000,256000264,18067299511229667476
GIST,all,32,2,1,C_TASK_E,18,10765395806018310607,191.689839,180.547195435,32000000,256000264,13386549778882442694
GIST,all,32,2,1,C_TASK_E,19,15820513675728183516,191.994523,180.838272095,32000000,256000264,14480376010321538760
GIST,all,32,2,1,C_TASK_E,20,10712815744133708220,191.679719,180.549316406,32000000,256000264,8256143506552883744
GIST,all,32,2,1,C_TASK_E,21,3486346971057125245,191.693342,180.549499512,32000000,256000264,12925094851512987627
GIST,all,32,2,1,C_TASK_E,22,5004653838559619408,191.669878,180.54258728,32000000,256000264,542925346515742578
GIST,all,32,2,1,C_TASK_E,23,10851237028586424301,191.657845,180.542114258,32000000,256000264,7130999865827606195
GIST,all,32,2,1,C_TASK_E,24,1048821632111722058,191.669777,180.544006348,32000000,256000264,10035627653802916324
GIST,all,32,2,1,C_TASK_E,25,13585693668991832971,191.678089,180.553115845,32000000,256000264,4709214226871061839
GIST,all,32,2,1,C_TASK_E,26,13539082034095136927,190.090699,180.549209595,32000000,256000264,14607044633077976795
GIST,all,32,2,1,C_TASK_E,27,161217794029549079,190.524358,180.541793823,32000000,256000264,2873382694629525323
GIST,all,32,2,1,C_TASK_E,28,306400533752808697,190.978683,180.545761108,32000000,256000264,981180160379037297
GIST,all,32,2,1,C_TASK_E,29,15030165245001765777,190.042081,180.550689697,32000000,256000264,3487601103710741530
GIST,all,32,2,1,C_TASK_E,30,14416838764258129161,190.560394,180.546340942,32000000,256000264,2602423128017784945
GIST,all,32,2,1,C_TASK_E,31,7995077726280952526,189.645719,180.545822144,32000000,256000264,4161836380931995304
GIST,all,32,2,2,SCAN_L,31,7995077726280952526,187.424229,178.16947937,32000000,256000264,4161836380931995304
GIST,all,32,2,2,SCAN_L,30,14416838764258129161,187.333119,178.171066284,32000000,256000264,2602423128017784945
GIST,all,32,2,2,SCAN_L,29,15030165245001765777,187.372896,178.170211792,32000000,256000264,3487601103710741530
GIST,all,32,2,2,SCAN_L,28,306400533752808697,187.328132,178.173126221,32000000,256000264,981180160379037297
GIST,all,32,2,2,SCAN_L,27,161217794029549079,187.31356,178.16960144,32000000,256000264,2873382694629525323
GIST,all,32,2,2,SCAN_L,26,13539082034095136927,187.32033,178.173568726,32000000,256000264,14607044633077976795
GIST,all,32,2,2,SCAN_L,25,13585693668991832971,187.298553,178.173019409,32000000,256000264,4709214226871061839
GIST,all,32,2,2,SCAN_L,24,1048821632111722058,187.282425,178.173156738,32000000,256000264,10035627653802916324
GIST,all,32,2,2,SCAN_L,23,10851237028586424301,187.289392,178.171737671,32000000,256000264,7130999865827606195
GIST,all,32,2,2,SCAN_L,22,5004653838559619408,187.311355,178.172866821,32000000,256000264,542925346515742578
GIST,all,32,2,2,SCAN_L,21,3486346971057125245,187.267975,178.174560547,32000000,256000264,12925094851512987627
GIST,all,32,2,2,SCAN_L,20,10712815744133708220,187.56895,178.462112427,32000000,256000264,8256143506552883744
GIST,all,32,2,2,SCAN_L,19,15820513675728183516,187.312935,178.170181274,32000000,256000264,14480376010321538760
GIST,all,32,2,2,SCAN_L,18,10765395806018310607,187.270149,178.172805786,32000000,256000264,13386549778882442694
GIST,all,32,2,2,SCAN_L,17,2222729423292320042,187.261641,178.173370361,32000000,256000264,18067299511229667476
GIST,all,32,2,2,SCAN_L,16,8534462434835011887,187.276315,178.172164917,32000000,256000264,8714334507495996888
GIST,all,32,2,2,SCAN_L,15,4980500077960720760,187.275067,178.172805786,32000000,256000264,1159840594661486922
GIST,all,32,2,2,SCAN_L,14,3185229373934033660,188.32345,178.169631958,32000000,256000264,13120934312221571947
GIST,all,32,2,2,SCAN_L,13,1075722662635840942,188.292567,178.178787231,32000000,256000264,3693345389699998126
GIST,all,32,2,2,SCAN_L,12,13216066866632432715,189.409114,178.172485352,32000000,256000264,7934697385139586520
GIST,all,32,2,2,SCAN_L,11,12325065973520304682,188.02343,178.173400879,32000000,256000264,5640903141011403082
GIST,all,32,2,2,SCAN_L,10,5544530460631338786,188.712712,178.170791626,32000000,256000264,3423857314060612266
GIST,all,32,2,2,SCAN_L,9,7601489796430488175,189.407513,178.172409058,32000000,256000264,11375933348201584583
GIST,all,32,2,2,SCAN_L,8,15783018974750835728,188.697599,178.170822144,32000000,256000264,16295328437391946995
GIST,all,32,2,2,SCAN_L,7,7872727791650862151,188.701051,178.171936035,32000000,256000264,13638370823027440146
GIST,all,32,2,2,SCAN_L,6,4668807861364956970,188.296716,178.171875,32000000,256000264,5008886089217630333
GIST,all,32,2,2,SCAN_L,5,8419766857112927641,188.726581,178.168579102,32000000,256000264,13080560581756865296
GIST,all,32,2,2,SCAN_L,4,9368830554395401223,189.402735,178.170272827,32000000,256000264,17312208852575438364
GIST,all,32,2,2,SCAN_L,3,17322893638147462453,188.708718,178.171966553,32000000,256000264,2317855828534974047
GIST,all,32,2,2,SCAN_L,2,9607284371048990950,188.669878,178.169952393,32000000,256000264,8090863626561763704
GIST,all,32,2,2,SCAN_L,1,3085188792669438576,188.282868,178.171203613,32000000,256000264,17659261338669106398
GIST,all,32,2,2,SCAN_L,0,13392786189952033124,189.361488,178.171295166,32000000,256000264,11348834837147102462
GIST,all,32,2,2,C_ID_L,31,7995077726280952526,206.530018,196.961410522,32000000,256000264,4161836380931995304
GIST,all,32,2,2,C_ID_L,30,14416838764258129161,206.157752,196.966491699,32000000,256000264,2602423128017784945
GIST,all,32,2,2,C_ID_L,29,15030165245001765777,206.096786,196.964797974,32000000,256000264,3487601103710741530
GIST,all,32,2,2,C_ID_L,28,306400533752808697,206.107683,196.969497681,32000000,256000264,981180160379037297
GIST,all,32,2,2,C_ID_L,27,161217794029549079,206.363892,197.240646362,32000000,256000264,2873382694629525323
GIST,all,32,2,2,C_ID_L,26,13539082034095136927,206.117206,196.971328735,32000000,256000264,14607044633077976795
GIST,all,32,2,2,C_ID_L,25,13585693668991832971,206.121727,196.970108032,32000000,256000264,4709214226871061839
GIST,all,32,2,2,C_ID_L,24,1048821632111722058,206.031135,196.966339111,32000000,256000264,10035627653802916324
GIST,all,32,2,2,C_ID_L,23,10851237028586424301,205.995672,196.968536377,32000000,256000264,7130999865827606195
GIST,all,32,2,2,C_ID_L,22,5004653838559619408,206.085024,196.971847534,32000000,256000264,542925346515742578
GIST,all,32,2,2,C_ID_L,21,3486346971057125245,206.009497,196.969177246,32000000,256000264,12925094851512987627
GIST,all,32,2,2,C_ID_L,20,10712815744133708220,206.031659,196.965087891,32000000,256000264,8256143506552883744
GIST,all,32,2,2,C_ID_L,19,15820513675728183516,206.018637,196.969497681,32000000,256000264,14480376010321538760
GIST,all,32,2,2,C_ID_L,18,10765395806018310607,206.072065,197.041854858,32000000,256000264,13386549778882442694
GIST,all,32,2,2,C_ID_L,17,2222729423292320042,205.98442,196.963363647,32000000,256000264,18067299511229667476
GIST,all,32,2,2,C_ID_L,16,8534462434835011887,205.948613,196.971237183,32000000,256000264,8714334507495996888
GIST,all,32,2,2,C_ID_L,15,4980500077960720760,205.948573,196.968093872,32000000,256000264,1159840594661486922
GIST,all,32,2,2,C_ID_L,14,3185229373934033660,205.922343,196.965530396,32000000,256000264,13120934312221571947
GIST,all,32,2,2,C_ID_L,13,1075722662635840942,205.936943,196.969406128,32000000,256000264,3693345389699998126
GIST,all,32,2,2,C_ID_L,12,13216066866632432715,205.938404,196.970306396,32000000,256000264,7934697385139586520
GIST,all,32,2,2,C_ID_L,11,12325065973520304682,205.861833,196.962112427,32000000,256000264,5640903141011403082
GIST,all,32,2,2,C_ID_L,10,5544530460631338786,205.879013,196.962142944,32000000,256000264,3423857314060612266
GIST,all,32,2,2,C_ID_L,9,7601489796430488175,205.869647,196.965927124,32000000,256000264,11375933348201584583
GIST,all,32,2,2,C_ID_L,8,15783018974750835728,205.892059,196.967712402,32000000,256000264,16295328437391946995
GIST,all,32,2,2,C_ID_L,7,7872727791650862151,205.932271,197.033050537,32000000,256000264,13638370823027440146
GIST,all,32,2,2,C_ID_L,6,4668807861364956970,205.868732,196.970108032,32000000,256000264,5008886089217630333
GIST,all,32,2,2,C_ID_L,5,8419766857112927641,205.805506,196.968444824,32000000,256000264,13080560581756865296
GIST,all,32,2,2,C_ID_L,4,9368830554395401223,205.890687,197.035705566,32000000,256000264,17312208852575438364
GIST,all,32,2,2,C_ID_L,3,17322893638147462453,206.464788,197.230621338,32000000,256000264,2317855828534974047
GIST,all,32,2,2,C_ID_L,2,9607284371048990950,205.819025,196.971557617,32000000,256000264,8090863626561763704
GIST,all,32,2,2,C_ID_L,1,3085188792669438576,206.127787,196.96131897,32000000,256000264,17659261338669106398
GIST,all,32,2,2,C_ID_L,0,13392786189952033124,207.867576,196.969573975,32000000,256000264,11348834837147102462
GIST,all,32,2,2,C_MASK_L,31,7995077726280952526,188.43777,179.179748535,32000000,256000264,4161836380931995304
GIST,all,32,2,2,C_MASK_L,30,14416838764258129161,188.351426,179.181503296,32000000,256000264,2602423128017784945
GIST,all,32,2,2,C_MASK_L,29,15030165245001765777,188.343363,179.179367065,32000000,256000264,3487601103710741530
GIST,all,32,2,2,C_MASK_L,28,306400533752808697,188.312502,179.184707642,32000000,256000264,981180160379037297
GIST,all,32,2,2,C_MASK_L,27,161217794029549079,188.278739,179.181854248,32000000,256000264,2873382694629525323
GIST,all,32,2,2,C_MASK_L,26,13539082034095136927,188.319991,179.181533813,32000000,256000264,14607044633077976795
GIST,all,32,2,2,C_MASK_L,25,13585693668991832971,188.666446,179.186660767,32000000,256000264,4709214226871061839
GIST,all,32,2,2,C_MASK_L,24,1048821632111722058,189.787537,179.468765259,32000000,256000264,10035627653802916324
GIST,all,32,2,2,C_MASK_L,23,10851237028586424301,189.70788,179.181732178,32000000,256000264,7130999865827606195
GIST,all,32,2,2,C_MASK_L,22,5004653838559619408,190.327735,179.186553955,32000000,256000264,542925346515742578
GIST,all,32,2,2,C_MASK_L,21,3486346971057125245,189.638044,179.183364868,32000000,256000264,12925094851512987627
GIST,all,32,2,2,C_MASK_L,20,10712815744133708220,188.930802,179.183334351,32000000,256000264,8256143506552883744
GIST,all,32,2,2,C_MASK_L,19,15820513675728183516,190.310212,179.180511475,32000000,256000264,14480376010321538760
GIST,all,32,2,2,C_MASK_L,18,10765395806018310607,190.303334,179.183334351,32000000,256000264,13386549778882442694
GIST,all,32,2,2,C_MASK_L,17,2222729423292320042,189.622013,179.189498901,32000000,256000264,18067299511229667476
GIST,all,32,2,2,C_MASK_L,16,8534462434835011887,188.592726,179.183074951,32000000,256000264,8714334507495996888
GIST,all,32,2,2,C_MASK_L,15,4980500077960720760,188.93754,179.180892944,32000000,256000264,1159840594661486922
GIST,all,32,2,2,C_MASK_L,14,3185229373934033660,189.161072,179.182296753,32000000,256000264,13120934312221571947
GIST,all,32,2,2,C_MASK_L,13,1075722662635840942,189.157097,179.180923462,32000000,256000264,3693345389699998126
GIST,all,32,2,2,C_MASK_L,12,13216066866632432715,189.181534,179.183135986,32000000,256000264,7934697385139586520
GIST,all,32,2,2,C_MASK_L,11,12325065973520304682,188.906033,179.186203003,32000000,256000264,5640903141011403082
GIST,all,32,2,2,C_MASK_L,10,5544530460631338786,190.242234,179.182617188,32000000,256000264,3423857314060612266
GIST,all,32,2,2,C_MASK_L,9,7601489796430488175,190.20995,179.183044434,32000000,256000264,11375933348201584583
GIST,all,32,2,2,C_MASK_L,8,15783018974750835728,189.130698,179.18447876,32000000,256000264,16295328437391946995
GIST,all,32,2,2,C_MASK_L,7,7872727791650862151,188.831128,179.182403564,32000000,256000264,13638370823027440146
GIST,all,32,2,2,C_MASK_L,6,4668807861364956970,188.834729,179.182113647,32000000,256000264,5008886089217630333
GIST,all,32,2,2,C_MASK_L,5,8419766857112927641,189.50259,179.183517456,32000000,256000264,13080560581756865296
GIST,all,32,2,2,C_MASK_L,4,9368830554395401223,188.586449,179.182434082,32000000,256000264,17312208852575438364
GIST,all,32,2,2,C_MASK_L,3,17322893638147462453,189.069032,179.180099487,32000000,256000264,2317855828534974047
GIST,all,32,2,2,C_MASK_L,2,9607284371048990950,188.597426,179.184570312,32000000,256000264,8090863626561763704
GIST,all,32,2,2,C_MASK_L,1,3085188792669438576,189.9229,179.179428101,32000000,256000264,17659261338669106398
GIST,all,32,2,2,C_MASK_L,0,13392786189952033124,190.14772,179.184799194,32000000,256000264,11348834837147102462
GIST,all,32,2,2,C_TASK_L,31,7995077726280952526,206.615447,197.395675659,32000000,256000264,4161836380931995304
GIST,all,32,2,2,C_TASK_L,30,14416838764258129161,206.765318,197.65788269,32000000,256000264,2602423128017784945
GIST,all,32,2,2,C_TASK_L,29,15030165245001765777,206.523088,197.401885986,32000000,256000264,3487601103710741530
GIST,all,32,2,2,C_TASK_L,28,306400533752808697,206.47405,197.397598267,32000000,256000264,981180160379037297
GIST,all,32,2,2,C_TASK_L,27,161217794029549079,206.42,197.397415161,32000000,256000264,2873382694629525323
GIST,all,32,2,2,C_TASK_L,26,13539082034095136927,206.438812,197.396896362,32000000,256000264,14607044633077976795
GIST,all,32,2,2,C_TASK_L,25,13585693668991832971,206.483883,197.392578125,32000000,256000264,4709214226871061839
GIST,all,32,2,2,C_TASK_L,24,1048821632111722058,206.440476,197.399749756,32000000,256000264,10035627653802916324
GIST,all,32,2,2,C_TASK_L,23,10851237028586424301,206.41795,197.396774292,32000000,256000264,7130999865827606195
GIST,all,32,2,2,C_TASK_L,22,5004653838559619408,206.418681,197.398117065,32000000,256000264,542925346515742578
GIST,all,32,2,2,C_TASK_L,21,3486346971057125245,207.117079,197.394363403,32000000,256000264,12925094851512987627
GIST,all,32,2,2,C_TASK_L,20,10712815744133708220,207.876815,197.408294678,32000000,256000264,8256143506552883744
GIST,all,32,2,2,C_TASK_L,19,15820513675728183516,206.946327,197.394500732,32000000,256000264,14480376010321538760
GIST,all,32,2,2,C_TASK_L,18,10765395806018310607,208.483097,197.397888184,32000000,256000264,13386549778882442694
GIST,all,32,2,2,C_TASK_L,17,2222729423292320042,208.465852,197.395172119,32000000,256000264,18067299511229667476
GIST,all,32,2,2,C_TASK_L,16,8534462434835011887,208.445803,197.397918701,32000000,256000264,8714334507495996888
GIST,all,32,2,2,C_TASK_L,15,4980500077960720760,208.442034,197.393508911,32000000,256000264,1159840594661486922
GIST,all,32,2,2,C_TASK_L,14,3185229373934033660,207.7938,197.392410278,32000000,256000264,13120934312221571947
GIST,all,32,2,2,C_TASK_L,13,1075722662635840942,207.344422,197.39680481,32000000,256000264,3693345389699998126
GIST,all,32,2,2,C_TASK_L,12,13216066866632432715,207.359332,197.394042969,32000000,256000264,7934697385139586520
GIST,all,32,2,2,C_TASK_L,11,12325065973520304682,206.324786,197.39263916,32000000,256000264,5640903141011403082
GIST,all,32,2,2,C_TASK_L,10,5544530460631338786,206.308151,197.400863647,32000000,256000264,3423857314060612266
GIST,all,32,2,2,C_TASK_L,9,7601489796430488175,206.316432,197.402404785,32000000,256000264,11375933348201584583
GIST,all,32,2,2,C_TASK_L,8,15783018974750835728,206.299102,197.39302063,32000000,256000264,16295328437391946995
GIST,all,32,2,2,C_TASK_L,7,7872727791650862151,206.266079,197.39642334,32000000,256000264,13638370823027440146
GIST,all,32,2,2,C_TASK_L,6,4668807861364956970,206.598042,197.695709229,32000000,256000264,5008886089217630333
GIST,all,32,2,2,C_TASK_L,5,8419766857112927641,206.307415,197.393798828,32000000,256000264,13080560581756865296
GIST,all,32,2,2,C_TASK_L,4,9368830554395401223,206.233414,197.402816772,32000000,256000264,17312208852575438364
GIST,all,32,2,2,C_TASK_L,3,17322893638147462453,206.285344,197.400283813,32000000,256000264,2317855828534974047
GIST,all,32,2,2,C_TASK_L,2,9607284371048990950,206.244674,197.395782471,32000000,256000264,8090863626561763704
GIST,all,32,2,2,C_TASK_L,1,3085188792669438576,206.256339,197.394622803,32000000,256000264,17659261338669106398
GIST,all,32,2,2,C_TASK_L,0,13392786189952033124,206.289892,197.394424438,32000000,256000264,11348834837147102462
GIST,all,32,2,2,SCAN_E,31,7995077726280952526,190.945764,179.487045288,32000000,256000264,4161836380931995304
GIST,all,32,2,2,SCAN_E,30,14416838764258129161,189.695728,179.487365723,32000000,256000264,2602423128017784945
GIST,all,32,2,2,SCAN_E,29,15030165245001765777,189.051433,179.48739624,32000000,256000264,3487601103710741530
GIST,all,32,2,2,SCAN_E,28,306400533752808697,190.798512,179.4896698,32000000,256000264,981180160379037297
GIST,all,32,2,2,SCAN_E,27,161217794029549079,190.795651,179.487808228,32000000,256000264,2873382694629525323
GIST,all,32,2,2,SCAN_E,26,13539082034095136927,189.35149,179.486618042,32000000,256000264,14607044633077976795
GIST,all,32,2,2,SCAN_E,25,13585693668991832971,189.355795,179.486968994,32000000,256000264,4709214226871061839
GIST,all,32,2,2,SCAN_E,24,1048821632111722058,190.772713,179.486694336,32000000,256000264,10035627653802916324
GIST,all,32,2,2,SCAN_E,23,10851237028586424301,190.772142,179.48626709,32000000,256000264,7130999865827606195
GIST,all,32,2,2,SCAN_E,22,5004653838559619408,190.754553,179.487365723,32000000,256000264,542925346515742578
GIST,all,32,2,2,SCAN_E,21,3486346971057125245,190.758521,179.487960815,32000000,256000264,12925094851512987627
GIST,all,32,2,2,SCAN_E,20,10712815744133708220,188.97421,179.488647461,32000000,256000264,8256143506552883744
GIST,all,32,2,2,SCAN_E,19,15820513675728183516,190.039075,179.483398438,32000000,256000264,14480376010321538760
GIST,all,32,2,2,SCAN_E,18,10765395806018310607,190.717313,179.487365723,32000000,256000264,13386549778882442694
GIST,all,32,2,2,SCAN_E,17,2222729423292320042,190.708675,179.487960815,32000000,256000264,18067299511229667476
GIST,all,32,2,2,SCAN_E,16,8534462434835011887,189.642038,179.488128662,32000000,256000264,8714334507495996888
GIST,all,32,2,2,SCAN_E,15,4980500077960720760,190.050744,179.489593506,32000000,256000264,1159840594661486922
GIST,all,32,2,2,SCAN_E,14,3185229373934033660,190.713796,179.488250732,32000000,256000264,13120934312221571947
GIST,all,32,2,2,SCAN_E,13,1075722662635840942,190.738513,179.487579346,32000000,256000264,3693345389699998126
GIST,all,32,2,2,SCAN_E,12,13216066866632432715,189.71299,179.558044434,32000000,256000264,7934697385139586520
GIST,all,32,2,2,SCAN_E,11,12325065973520304682,189.002819,179.486495972,32000000,256000264,5640903141011403082
GIST,all,32,2,2,SCAN_E,10,5544530460631338786,190.714682,179.487487793,32000000,256000264,3423857314060612266
GIST,all,32,2,2,SCAN_E,9,7601489796430488175,190.730053,179.487289429,32000000,256000264,11375933348201584583
GIST,all,32,2,2,SCAN_E,8,15783018974750835728,190.722502,179.484100342,32000000,256000264,16295328437391946995
GIST,all,32,2,2,SCAN_E,7,7872727791650862151,188.604217,179.490264893,32000000,256000264,13638370823027440146
GIST,all,32,2,2,SCAN_E,6,4668807861364956970,188.560839,179.487548828,32000000,256000264,5008886089217630333
GIST,all,32,2,2,SCAN_E,5,8419766857112927641,188.549413,179.488037109,32000000,256000264,13080560581756865296
GIST,all,32,2,2,SCAN_E,4,9368830554395401223,188.563383,179.485534668,32000000,256000264,17312208852575438364
GIST,all,32,2,2,SCAN_E,3,17322893638147462453,188.549539,179.488418579,32000000,256000264,2317855828534974047
GIST,all,32,2,2,SCAN_E,2,9607284371048990950,188.534487,179.486465454,32000000,256000264,8090863626561763704
GIST,all,32,2,2,SCAN_E,1,3085188792669438576,188.538712,179.487136841,32000000,256000264,17659261338669106398
GIST,all,32,2,2,SCAN_E,0,13392786189952033124,188.52207,179.490814209,32000000,256000264,11348834837147102462
GIST,all,32,2,2,C_ID_E,31,7995077726280952526,249.315812,237.842849731,32000000,256000264,4161836380931995304
GIST,all,32,2,2,C_ID_E,30,14416838764258129161,248.45245,237.857315063,32000000,256000264,2602423128017784945
GIST,all,32,2,2,C_ID_E,29,15030165245001765777,249.155273,237.852966309,32000000,256000264,3487601103710741530
GIST,all,32,2,2,C_ID_E,28,306400533752808697,249.125785,237.850112915,32000000,256000264,981180160379037297
GIST,all,32,2,2,C_ID_E,27,161217794029549079,249.096126,237.852005005,32000000,256000264,2873382694629525323
GIST,all,32,2,2,C_ID_E,26,13539082034095136927,248.390372,237.856903076,32000000,256000264,14607044633077976795
GIST,all,32,2,2,C_ID_E,25,13585693668991832971,249.05181,237.850234985,32000000,256000264,4709214226871061839
GIST,all,32,2,2,C_ID_E,24,1048821632111722058,248.980959,237.83946228,32000000,256000264,10035627653802916324
GIST,all,32,2,2,C_ID_E,23,10851237028586424301,248.957145,237.849533081,32000000,256000264,7130999865827606195
GIST,all,32,2,2,C_ID_E,22,5004653838559619408,247.849169,237.850585938,32000000,256000264,542925346515742578
GIST,all,32,2,2,C_ID_E,21,3486346971057125245,248.315909,237.906234741,32000000,256000264,12925094851512987627
GIST,all,32,2,2,C_ID_E,20,10712815744133708220,247.760863,237.854171753,32000000,256000264,8256143506552883744
GIST,all,32,2,2,C_ID_E,19,15820513675728183516,246.751737,237.84854126,32000000,256000264,14480376010321538760
GIST,all,32,2,2,C_ID_E,18,10765395806018310607,246.742128,237.853927612,32000000,256000264,13386549778882442694
GIST,all,32,2,2,C_ID_E,17,2222729423292320042,246.788184,237.850845337,32000000,256000264,18067299511229667476
GIST,all,32,2,2,C_ID_E,16,8534462434835011887,246.741807,237.846054077,32000000,256000264,8714334507495996888
GIST,all,32,2,2,C_ID_E,15,4980500077960720760,246.753165,237.843170166,32000000,256000264,1159840594661486922
GIST,all,32,2,2,C_ID_E,14,3185229373934033660,246.75171,237.836761475,32000000,256000264,13120934312221571947
GIST,all,32,2,2,C_ID_E,13,1075722662635840942,246.767173,237.853317261,32000000,256000264,3693345389699998126
GIST,all,32,2,2,C_ID_E,12,13216066866632432715,246.738568,237.848739624,32000000,256000264,7934697385139586520
GIST,all,32,2,2,C_ID_E,11,12325065973520304682,246.768678,237.855682373,32000000,256000264,5640903141011403082
GIST,all,32,2,2,C_ID_E,10,5544530460631338786,246.75659,237.851455688,32000000,256000264,3423857314060612266
GIST,all,32,2,2,C_ID_E,9,7601489796430488175,246.746562,237.853637695,32000000,256000264,11375933348201584583
GIST,all,32,2,2,C_ID_E,8,15783018974750835728,246.72449,237.847579956,32000000,256000264,16295328437391946995
GIST,all,32,2,2,C_ID_E,7,7872727791650862151,246.738796,237.837799072,32000000,256000264,13638370823027440146
GIST,all,32,2,2,C_ID_E,6,4668807861364956970,246.679133,237.852355957,32000000,256000264,5008886089217630333
GIST,all,32,2,2,C_ID_E,5,8419766857112927641,246.688532,237.850875854,32000000,256000264,13080560581756865296
GIST,all,32,2,2,C_ID_E,4,9368830554395401223,246.687569,237.8462677,32000000,256000264,17312208852575438364
GIST,all,32,2,2,C_ID_E,3,17322893638147462453,246.700189,237.892700195,32000000,256000264,2317855828534974047
GIST,all,32,2,2,C_ID_E,2,9607284371048990950,246.656269,237.838272095,32000000,256000264,8090863626561763704
GIST,all,32,2,2,C_ID_E,1,3085188792669438576,246.701323,237.84967041,32000000,256000264,17659261338669106398
GIST,all,32,2,2,C_ID_E,0,13392786189952033124,246.795412,237.921310425,32000000,256000264,11348834837147102462
GIST,all,32,2,2,C_MASK_E,31,7995077726280952526,190.933602,181.659545898,32000000,256000264,4161836380931995304
GIST,all,32,2,2,C_MASK_E,30,14416838764258129161,190.831754,181.663482666,32000000,256000264,2602423128017784945
GIST,all,32,2,2,C_MASK_E,29,15030165245001765777,190.811185,181.663772583,32000000,256000264,3487601103710741530
GIST,all,32,2,2,C_MASK_E,28,306400533752808697,190.816708,181.664093018,32000000,256000264,981180160379037297
GIST,all,32,2,2,C_MASK_E,27,161217794029549079,190.740981,181.66192627,32000000,256000264,2873382694629525323
GIST,all,32,2,2,C_MASK_E,26,13539082034095136927,190.743637,181.662399292,32000000,256000264,14607044633077976795
GIST,all,32,2,2,C_MASK_E,25,13585693668991832971,190.722623,181.665863037,32000000,256000264,4709214226871061839
GIST,all,32,2,2,C_MASK_E,24,1048821632111722058,190.995184,181.663619995,32000000,256000264,10035627653802916324
GIST,all,32,2,2,C_MASK_E,23,10851237028586424301,190.710632,181.680511475,32000000,256000264,7130999865827606195
GIST,all,32,2,2,C_MASK_E,22,5004653838559619408,190.684189,181.665664673,32000000,256000264,542925346515742578
GIST,all,32,2,2,C_MASK_E,21,3486346971057125245,190.635371,181.663650513,32000000,256000264,12925094851512987627
GIST,all,32,2,2,C_MASK_E,20,10712815744133708220,190.604003,181.664291382,32000000,256000264,8256143506552883744
GIST,all,32,2,2,C_MASK_E,19,15820513675728183516,190.64987,181.661605835,32000000,256000264,14480376010321538760
GIST,all,32,2,2,C_MASK_E,18,10765395806018310607,190.613426,181.662017822,32000000,256000264,13386549778882442694
GIST,all,32,2,2,C_MASK_E,17,2222729423292320042,190.657249,181.663238525,32000000,256000264,18067299511229667476
GIST,all,32,2,2,C_MASK_E,16,8534462434835011887,190.612252,181.66166687,32000000,256000264,8714334507495996888
GIST,all,32,2,2,C_MASK_E,15,4980500077960720760,190.594661,181.665313721,32000000,256000264,1159840594661486922
GIST,all,32,2,2,C_MASK_E,14,3185229373934033660,190.605266,181.663482666,32000000,256000264,13120934312221571947
GIST,all,32,2,2,C_MASK_E,13,1075722662635840942,190.601333,181.662109375,32000000,256000264,3693345389699998126
GIST,all,32,2,2,C_MASK_E,12,13216066866632432715,190.677351,181.664703369,32000000,256000264,7934697385139586520
GIST,all,32,2,2,C_MASK_E,11,12325065973520304682,190.706738,181.664154053,32000000,256000264,5640903141011403082
GIST,all,32,2,2,C_MASK_E,10,5544530460631338786,190.547436,181.662719727,32000000,256000264,3423857314060612266
GIST,all,32,2,2,C_MASK_E,9,7601489796430488175,191.067848,181.6640625,32000000,256000264,11375933348201584583
GIST,all,32,2,2,C_MASK_E,8,15783018974750835728,191.170687,181.666015625,32000000,256000264,16295328437391946995
GIST,all,32,2,2,C_MASK_E,7,7872727791650862151,192.671783,181.73008728,32000000,256000264,13638370823027440146
GIST,all,32,2,2,C_MASK_E,6,4668807861364956970,192.586054,181.66368103,32000000,256000264,5008886089217630333
GIST,all,32,2,2,C_MASK_E,5,8419766857112927641,192.591973,181.66645813,32000000,256000264,13080560581756865296
GIST,all,32,2,2,C_MASK_E,4,9368830554395401223,191.877686,181.659713745,32000000,256000264,17312208852575438364
GIST,all,32,2,2,C_MASK_E,3,17322893638147462453,190.986911,181.657150269,32000000,256000264,2317855828534974047
GIST,all,32,2,2,C_MASK_E,2,9607284371048990950,192.522368,181.661026001,32000000,256000264,8090863626561763704
GIST,all,32,2,2,C_MASK_E,1,3085188792669438576,191.470553,181.662368774,32000000,256000264,17659261338669106398
GIST,all,32,2,2,C_MASK_E,0,13392786189952033124,191.189447,181.663299561,32000000,256000264,11348834837147102462
GIST,all,32,2,2,C_TASK_E,31,7995077726280952526,192.205085,180.545471191,32000000,256000264,4161836380931995304
GIST,all,32,2,2,C_TASK_E,30,14416838764258129161,191.87664,180.544677734,32000000,256000264,2602423128017784945
GIST,all,32,2,2,C_TASK_E,29,15030165245001765777,189.713787,180.557693481,32000000,256000264,3487601103710741530
GIST,all,32,2,2,C_TASK_E,28,306400533752808697,189.666749,180.543960571,32000000,256000264,981180160379037297
GIST,all,32,2,2,C_TASK_E,27,161217794029549079,189.699866,180.54208374,32000000,256000264,2873382694629525323
GIST,all,32,2,2,C_TASK_E,26,13539082034095136927,189.63941,180.548797607,32000000,256000264,14607044633077976795
GIST,all,32,2,2,C_TASK_E,25,13585693668991832971,189.562165,180.547714233,32000000,256000264,4709214226871061839
GIST,all,32,2,2,C_TASK_E,24,1048821632111722058,189.565464,180.54637146,32000000,256000264,10035627653802916324
GIST,all,32,2,2,C_TASK_E,23,10851237028586424301,189.610257,180.547393799,32000000,256000264,7130999865827606195
GIST,all,32,2,2,C_TASK_E,22,5004653838559619408,189.570192,180.540542603,32000000,256000264,542925346515742578
GIST,all,32,2,2,C_TASK_E,21,3486346971057125245,189.59226,180.547714233,32000000,256000264,12925094851512987627
GIST,all,32,2,2,C_TASK_E,20,10712815744133708220,189.540974,180.547012329,32000000,256000264,8256143506552883744
GIST,all,32,2,2,C_TASK_E,19,15820513675728183516,189.570414,180.548416138,32000000,256000264,14480376010321538760
GIST,all,32,2,2,C_TASK_E,18,10765395806018310607,189.582389,180.545211792,32000000,256000264,13386549778882442694
GIST,all,32,2,2,C_TASK_E,17,2222729423292320042,189.551247,180.54876709,32000000,256000264,18067299511229667476
GIST,all,32,2,2,C_TASK_E,16,8534462434835011887,189.528441,180.547836304,32000000,256000264,8714334507495996888
GIST,all,32,2,2,C_TASK_E,15,4980500077960720760,189.519306,180.543930054,32000000,256000264,1159840594661486922
GIST,all,32,2,2,C_TASK_E,14,3185229373934033660,189.514507,180.545959473,32000000,256000264,13120934312221571947
GIST,all,32,2,2,C_TASK_E,13,1075722662635840942,189.573059,180.614593506,32000000,256000264,3693345389699998126
GIST,all,32,2,2,C_TASK_E,12,13216066866632432715,189.495431,180.543716431,32000000,256000264,7934697385139586520
GIST,all,32,2,2,C_TASK_E,11,12325065973520304682,189.493328,180.541351318,32000000,256000264,5640903141011403082
GIST,all,32,2,2,C_TASK_E,10,5544530460631338786,189.474147,180.545440674,32000000,256000264,3423857314060612266
GIST,all,32,2,2,C_TASK_E,9,7601489796430488175,189.516111,180.546020508,32000000,256000264,11375933348201584583
GIST,all,32,2,2,C_TASK_E,8,15783018974750835728,189.447957,180.546585083,32000000,256000264,16295328437391946995
GIST,all,32,2,2,C_TASK_E,7,7872727791650862151,189.419733,180.549316406,32000000,256000264,13638370823027440146
GIST,all,32,2,2,C_TASK_E,6,4668807861364956970,189.473545,180.544006348,32000000,256000264,5008886089217630333
GIST,all,32,2,2,C_TASK_E,5,8419766857112927641,189.643347,180.542755127,32000000,256000264,13080560581756865296
GIST,all,32,2,2,C_TASK_E,4,9368830554395401223,189.636915,180.54598999,32000000,256000264,17312208852575438364
GIST,all,32,2,2,C_TASK_E,3,17322893638147462453,191.495978,180.546722412,32000000,256000264,2317855828534974047
GIST,all,32,2,2,C_TASK_E,2,9607284371048990950,190.190104,180.544570923,32000000,256000264,8090863626561763704
GIST,all,32,2,2,C_TASK_E,1,3085188792669438576,189.677045,180.55078125,32000000,256000264,17659261338669106398
GIST,all,32,2,2,C_TASK_E,0,13392786189952033124,189.385528,180.549118042,32000000,256000264,11348834837147102462
GIST,all,32,2,3,SCAN_L,0,13392786189952033124,188.53624,178.171905518,32000000,256000264,11348834837147102462
GIST,all,32,2,3,SCAN_L,1,3085188792669438576,187.711566,178.170272827,32000000,256000264,17659261338669106398
GIST,all,32,2,3,SCAN_L,2,9607284371048990950,187.657569,178.16998291,32000000,256000264,8090863626561763704
GIST,all,32,2,3,SCAN_L,3,17322893638147462453,188.145556,178.173049927,32000000,256000264,2317855828534974047
GIST,all,32,2,3,SCAN_L,4,9368830554395401223,188.448513,178.171966553,32000000,256000264,17312208852575438364
GIST,all,32,2,3,SCAN_L,5,8419766857112927641,187.365172,178.166488647,32000000,256000264,13080560581756865296
GIST,all,32,2,3,SCAN_L,6,4668807861364956970,187.345834,178.174819946,32000000,256000264,5008886089217630333
GIST,all,32,2,3,SCAN_L,7,7872727791650862151,187.505369,178.240325928,32000000,256000264,13638370823027440146
GIST,all,32,2,3,SCAN_L,8,15783018974750835728,187.403141,178.169921875,32000000,256000264,16295328437391946995
GIST,all,32,2,3,SCAN_L,9,7601489796430488175,187.248152,178.16947937,32000000,256000264,11375933348201584583
GIST,all,32,2,3,SCAN_L,10,5544530460631338786,187.210717,178.172607422,32000000,256000264,3423857314060612266
GIST,all,32,2,3,SCAN_L,11,12325065973520304682,187.170844,178.172698975,32000000,256000264,5640903141011403082
GIST,all,32,2,3,SCAN_L,12,13216066866632432715,187.146821,178.170150757,32000000,256000264,7934697385139586520
GIST,all,32,2,3,SCAN_L,13,1075722662635840942,187.147332,178.170913696,32000000,256000264,3693345389699998126
GIST,all,32,2,3,SCAN_L,14,3185229373934033660,187.155865,178.169281006,32000000,256000264,13120934312221571947
GIST,all,32,2,3,SCAN_L,15,4980500077960720760,187.208255,178.171646118,32000000,256000264,1159840594661486922
GIST,all,32,2,3,SCAN_L,16,8534462434835011887,187.22896,178.170791626,32000000,256000264,8714334507495996888
GIST,all,32,2,3,SCAN_L,17,2222729423292320042,187.171412,178.172576904,32000000,256000264,18067299511229667476
GIST,all,32,2,3,SCAN_L,18,10765395806018310607,187.086644,178.170425415,32000000,256000264,13386549778882442694
GIST,all,32,2,3,SCAN_L,19,15820513675728183516,187.067287,178.173049927,32000000,256000264,14480376010321538760
GIST,all,32,2,3,SCAN_L,20,10712815744133708220,187.040645,178.171707153,32000000,256000264,8256143506552883744
GIST,all,32,2,3,SCAN_L,21,3486346971057125245,187.042572,178.171142578,32000000,256000264,12925094851512987627
GIST,all,32,2,3,SCAN_L,22,5004653838559619408,187.064123,178.171646118,32000000,256000264,542925346515742578
GIST,all,32,2,3,SCAN_L,23,10851237028586424301,187.01175,178.173049927,32000000,256000264,7130999865827606195
GIST,all,32,2,3,SCAN_L,24,1048821632111722058,187.021926,178.17149353,32000000,256000264,10035627653802916324
GIST,all,32,2,3,SCAN_L,25,13585693668991832971,187.01809,178.17237854,32000000,256000264,4709214226871061839
GIST,all,32,2,3,SCAN_L,26,13539082034095136927,186.979689,178.171234131,32000000,256000264,14607044633077976795
GIST,all,32,2,3,SCAN_L,27,161217794029549079,186.945783,178.171096802,32000000,256000264,2873382694629525323
GIST,all,32,2,3,SCAN_L,28,306400533752808697,186.942569,178.169631958,32000000,256000264,981180160379037297
GIST,all,32,2,3,SCAN_L,29,15030165245001765777,186.983656,178.171585083,32000000,256000264,3487601103710741530
GIST,all,32,2,3,SCAN_L,30,14416838764258129161,186.932124,178.171325684,32000000,256000264,2602423128017784945
GIST,all,32,2,3,SCAN_L,31,7995077726280952526,186.973886,178.172836304,32000000,256000264,4161836380931995304
GIST,all,32,2,3,C_ID_L,0,13392786189952033124,208.416622,196.963516235,32000000,256000264,11348834837147102462
GIST,all,32,2,3,C_ID_L,1,3085188792669438576,206.341444,197.041183472,32000000,256000264,17659261338669106398
GIST,all,32,2,3,C_ID_L,2,9607284371048990950,207.102857,196.974014282,32000000,256000264,8090863626561763704
GIST,all,32,2,3,C_ID_L,3,17322893638147462453,208.259116,196.969406128,32000000,256000264,2317855828534974047
GIST,all,32,2,3,C_ID_L,4,9368830554395401223,206.843893,196.968612671,32000000,256000264,17312208852575438364
GIST,all,32,2,3,C_ID_L,5,8419766857112927641,206.375034,196.964065552,32000000,256000264,13080560581756865296
GIST,all,32,2,3,C_ID_L,6,4668807861364956970,206.220534,196.970626831,32000000,256000264,5008886089217630333
GIST,all,32,2,3,C_ID_L,7,7872727791650862151,206.036044,196.969467163,32000000,256000264,13638370823027440146
GIST,all,32,2,3,C_ID_L,8,15783018974750835728,208.216667,196.96546936,32000000,256000264,16295328437391946995
GIST,all,32,2,3,C_ID_L,9,7601489796430488175,207.553698,197.037536621,32000000,256000264,11375933348201584583
GIST,all,32,2,3,C_ID_L,10,5544530460631338786,207.033088,196.964385986,32000000,256000264,3423857314060612266
GIST,all,32,2,3,C_ID_L,11,12325065973520304682,208.111127,196.963516235,32000000,256000264,5640903141011403082
GIST,all,32,2,3,C_ID_L,12,13216066866632432715,206.721223,196.965408325,32000000,256000264,7934697385139586520
GIST,all,32,2,3,C_ID_L,13,1075722662635840942,206.514743,196.965530396,32000000,256000264,3693345389699998126
GIST,all,32,2,3,C_ID_L,14,3185229373934033660,206.694399,196.967010498,32000000,256000264,13120934312221571947
GIST,all,32,2,3,C_ID_L,15,4980500077960720760,206.979245,196.966079712,32000000,256000264,1159840594661486922
GIST,all,32,2,3,C_ID_L,16,8534462434835011887,206.011744,196.984771729,32000000,256000264,8714334507495996888
GIST,all,32,2,3,C_ID_L,17,2222729423292320042,205.948226,196.971160889,32000000,256000264,18067299511229667476
GIST,all,32,2,3,C_ID_L,18,10765395806018310607,205.942442,196.971359253,32000000,256000264,13386549778882442694
GIST,all,32,2,3,C_ID_L,19,15820513675728183516,205.902186,196.973464966,32000000,256000264,14480376010321538760
GIST,all,32,2,3,C_ID_L,20,10712815744133708220,205.895368,196.971969604,32000000,256000264,8256143506552883744
GIST,all,32,2,3,C_ID_L,21,3486346971057125245,205.898768,196.965957642,32000000,256000264,12925094851512987627
GIST,all,32,2,3,C_ID_L,22,5004653838559619408,206.439842,196.966018677,32000000,256000264,542925346515742578
GIST,all,32,2,3,C_ID_L,23,10851237028586424301,208.017536,196.966751099,32000000,256000264,7130999865827606195
GIST,all,32,2,3,C_ID_L,24,1048821632111722058,206.663051,197.242370605,32000000,256000264,10035627653802916324
GIST,all,32,2,3,C_ID_L,25,13585693668991832971,206.272574,196.978302002,32000000,256000264,4709214226871061839
GIST,all,32,2,3,C_ID_L,26,13539082034095136927,206.638275,196.965179443,32000000,256000264,14607044633077976795
GIST,all,32,2,3,C_ID_L,27,161217794029549079,206.63075,196.970809937,32000000,256000264,2873382694629525323
GIST,all,32,2,3,C_ID_L,28,306400533752808697,206.7106,196.967941284,32000000,256000264,981180160379037297
GIST,all,32,2,3,C_ID_L,29,15030165245001765777,207.672128,196.96774292,32000000,256000264,3487601103710741530
GIST,all,32,2,3,C_ID_L,30,14416838764258129161,207.94347,196.966018677,32000000,256000264,2602423128017784945
GIST,all,32,2,3,C_ID_L,31,7995077726280952526,207.950365,196.967514038,32000000,256000264,4161836380931995304
GIST,all,32,2,3,C_MASK_L,0,13392786189952033124,190.597534,179.183547974,32000000,256000264,11348834837147102462
GIST,all,32,2,3,C_MASK_L,1,3085188792669438576,189.395454,179.181304932,32000000,256000264,17659261338669106398
GIST,all,32,2,3,C_MASK_L,2,9607284371048990950,188.425021,179.183044434,32000000,256000264,8090863626561763704
GIST,all,32,2,3,C_MASK_L,3,17322893638147462453,188.260516,179.184356689,32000000,256000264,2317855828534974047
GIST,all,32,2,3,C_MASK_L,4,9368830554395401223,188.280597,179.18460083,32000000,256000264,17312208852575438364
GIST,all,32,2,3,C_MASK_L,5,8419766857112927641,188.246898,179.184280396,32000000,256000264,13080560581756865296
GIST,all,32,2,3,C_MASK_L,6,4668807861364956970,188.208565,179.184997559,32000000,256000264,5008886089217630333
GIST,all,32,2,3,C_MASK_L,7,7872727791650862151,188.177795,179.182785034,32000000,256000264,13638370823027440146
GIST,all,32,2,3,C_MASK_L,8,15783018974750835728,188.212353,179.184921265,32000000,256000264,16295328437391946995
GIST,all,32,2,3,C_MASK_L,9,7601489796430488175,188.213687,179.184890747,32000000,256000264,11375933348201584583
GIST,all,32,2,3,C_MASK_L,10,5544530460631338786,188.169258,179.183868408,32000000,256000264,3423857314060612266
GIST,all,32,2,3,C_MASK_L,11,12325065973520304682,188.191369,179.182434082,32000000,256000264,5640903141011403082
GIST,all,32,2,3,C_MASK_L,12,13216066866632432715,188.200942,179.184249878,32000000,256000264,7934697385139586520
GIST,all,32,2,3,C_MASK_L,13,1075722662635840942,188.185229,179.183898926,32000000,256000264,3693345389699998126
GIST,all,32,2,3,C_MASK_L,14,3185229373934033660,188.169344,179.18031311,32000000,256000264,13120934312221571947
GIST,all,32,2,3,C_MASK_L,15,4980500077960720760,188.169298,179.182723999,32000000,256000264,1159840594661486922
GIST,all,32,2,3,C_MASK_L,16,8534462434835011887,188.135381,179.182022095,32000000,256000264,8714334507495996888
GIST,all,32,2,3,C_MASK_L,17,2222729423292320042,188.170965,179.182617188,32000000,256000264,18067299511229667476
GIST,all,32,2,3,C_MASK_L,18,10765395806018310607,188.52122,179.464736938,32000000,256000264,13386549778882442694
GIST,all,32,2,3,C_MASK_L,19,15820513675728183516,188.121734,179.186080933,32000000,256000264,14480376010321538760
GIST,all,32,2,3,C_MASK_L,20,10712815744133708220,188.121275,179.1822052,32000000,256000264,8256143506552883744
GIST,all,32,2,3,C_MASK_L,21,3486346971057125245,188.138733,179.180831909,32000000,256000264,12925094851512987627
GIST,all,32,2,3,C_MASK_L,22,5004653838559619408,188.144672,179.182785034,32000000,256000264,542925346515742578
GIST,all,32,2,3,C_MASK_L,23,10851237028586424301,188.16117,179.186340332,32000000,256000264,7130999865827606195
GIST,all,32,2,3,C_MASK_L,24,1048821632111722058,188.119375,179.179962158,32000000,256000264,10035627653802916324
GIST,all,32,2,3,C_MASK_L,25,13585693668991832971,188.1529,179.179962158,32000000,256000264,4709214226871061839
GIST,all,32,2,3,C_MASK_L,26,13539082034095136927,188.125476,179.18258667,32000000,256000264,14607044633077976795
GIST,all,32,2,3,C_MASK_L,27,161217794029549079,188.126984,179.180541992,32000000,256000264,2873382694629525323
GIST,all,32,2,3,C_MASK_L,28,306400533752808697,188.104372,179.184677124,32000000,256000264,981180160379037297
GIST,all,32,2,3,C_MASK_L,29,15030165245001765777,188.13951,179.187393188,32000000,256000264,3487601103710741530
GIST,all,32,2,3,C_MASK_L,30,14416838764258129161,188.112002,179.17980957,32000000,256000264,2602423128017784945
GIST,all,32,2,3,C_MASK_L,31,7995077726280952526,188.099771,179.184005737,32000000,256000264,4161836380931995304
GIST,all,32,2,3,C_TASK_L,0,13392786189952033124,206.88148,197.39491272,32000000,256000264,11348834837147102462
GIST,all,32,2,3,C_TASK_L,1,3085188792669438576,206.509411,197.39491272,32000000,256000264,17659261338669106398
GIST,all,32,2,3,C_TASK_L,2,9607284371048990950,206.897338,197.397155762,32000000,256000264,8090863626561763704
GIST,all,32,2,3,C_TASK_L,3,17322893638147462453,208.457041,197.397796631,32000000,256000264,2317855828534974047
GIST,all,32,2,3,C_TASK_L,4,9368830554395401223,207.028959,197.399612427,32000000,256000264,17312208852575438364
GIST,all,32,2,3,C_TASK_L,5,8419766857112927641,207.02724,197.404129028,32000000,256000264,13080560581756865296
GIST,all,32,2,3,C_TASK_L,6,4668807861364956970,206.90215,197.393280029,32000000,256000264,5008886089217630333
GIST,all,32,2,3,C_TASK_L,7,7872727791650862151,207.224665,197.392990112,32000000,256000264,13638370823027440146
GIST,all,32,2,3,C_TASK_L,8,15783018974750835728,208.620607,197.394241333,32000000,256000264,16295328437391946995
GIST,all,32,2,3,C_TASK_L,9,7601489796430488175,208.55762,197.395782471,32000000,256000264,11375933348201584583
GIST,all,32,2,3,C_TASK_L,10,5544530460631338786,208.525384,197.396636963,32000000,256000264,3423857314060612266
GIST,all,32,2,3,C_TASK_L,11,12325065973520304682,207.053346,197.39616394,32000000,256000264,5640903141011403082
GIST,all,32,2,3,C_TASK_L,12,13216066866632432715,206.757812,197.39680481,32000000,256000264,7934697385139586520
GIST,all,32,2,3,C_TASK_L,13,1075722662635840942,207.112395,197.395065308,32000000,256000264,3693345389699998126
GIST,all,32,2,3,C_TASK_L,14,3185229373934033660,208.490701,197.399490356,32000000,256000264,13120934312221571947
GIST,all,32,2,3,C_TASK_L,15,4980500077960720760,208.43756,197.393951416,32000000,256000264,1159840594661486922
GIST,all,32,2,3,C_TASK_L,16,8534462434835011887,208.428325,197.400634766,32000000,256000264,8714334507495996888
GIST,all,32,2,3,C_TASK_L,17,2222729423292320042,206.851037,197.391418457,32000000,256000264,18067299511229667476
GIST,all,32,2,3,C_TASK_L,18,10765395806018310607,206.79094,197.394622803,32000000,256000264,13386549778882442694
GIST,all,32,2,3,C_TASK_L,19,15820513675728183516,206.707023,197.395462036,32000000,256000264,14480376010321538760
GIST,all,32,2,3,C_TASK_L,20,10712815744133708220,208.37979,197.39465332,32000000,256000264,8256143506552883744
GIST,all,32,2,3,C_TASK_L,21,3486346971057125245,208.28778,197.466247559,32000000,256000264,12925094851512987627
GIST,all,32,2,3,C_TASK_L,22,5004653838559619408,207.69835,197.396026611,32000000,256000264,542925346515742578
GIST,all,32,2,3,C_TASK_L,23,10851237028586424301,206.26001,197.40663147,32000000,256000264,7130999865827606195
GIST,all,32,2,3,C_TASK_L,24,1048821632111722058,206.207147,197.396957397,32000000,256000264,10035627653802916324
GIST,all,32,2,3,C_TASK_L,25,13585693668991832971,206.247106,197.398361206,32000000,256000264,4709214226871061839
GIST,all,32,2,3,C_TASK_L,26,13539082034095136927,206.241346,197.402114868,32000000,256000264,14607044633077976795
GIST,all,32,2,3,C_TASK_L,27,161217794029549079,206.265623,197.396026611,32000000,256000264,2873382694629525323
GIST,all,32,2,3,C_TASK_L,28,306400533752808697,206.200804,197.395553589,32000000,256000264,981180160379037297
GIST,all,32,2,3,C_TASK_L,29,15030165245001765777,206.208732,197.398117065,32000000,256000264,3487601103710741530
GIST,all,32,2,3,C_TASK_L,30,14416838764258129161,206.193742,197.394119263,32000000,256000264,2602423128017784945
GIST,all,32,2,3,C_TASK_L,31,7995077726280952526,206.153691,197.394683838,32000000,256000264,4161836380931995304
GIST,all,32,2,3,SCAN_E,0,13392786189952033124,188.754111,179.484710693,32000000,256000264,11348834837147102462
GIST,all,32,2,3,SCAN_E,1,3085188792669438576,188.624582,179.485824585,32000000,256000264,17659261338669106398
GIST,all,32,2,3,SCAN_E,2,9607284371048990950,188.624084,179.490875244,32000000,256000264,8090863626561763704
GIST,all,32,2,3,SCAN_E,3,17322893638147462453,188.613719,179.484222412,32000000,256000264,2317855828534974047
GIST,all,32,2,3,SCAN_E,4,9368830554395401223,188.56706,179.48664856,32000000,256000264,17312208852575438364
GIST,all,32,2,3,SCAN_E,5,8419766857112927641,188.537334,179.48588562,32000000,256000264,13080560581756865296
GIST,all,32,2,3,SCAN_E,6,4668807861364956970,188.542479,179.489273071,32000000,256000264,5008886089217630333
GIST,all,32,2,3,SCAN_E,7,7872727791650862151,188.552849,179.487838745,32000000,256000264,13638370823027440146
GIST,all,32,2,3,SCAN_E,8,15783018974750835728,188.53942,179.488769531,32000000,256000264,16295328437391946995
GIST,all,32,2,3,SCAN_E,9,7601489796430488175,188.5029,179.49017334,32000000,256000264,11375933348201584583
GIST,all,32,2,3,SCAN_E,10,5544530460631338786,188.508365,179.486434937,32000000,256000264,3423857314060612266
GIST,all,32,2,3,SCAN_E,11,12325065973520304682,188.510746,179.484771729,32000000,256000264,5640903141011403082
GIST,all,32,2,3,SCAN_E,12,13216066866632432715,188.490666,179.490753174,32000000,256000264,7934697385139586520
GIST,all,32,2,3,SCAN_E,13,1075722662635840942,188.474247,179.488067627,32000000,256000264,3693345389699998126
GIST,all,32,2,3,SCAN_E,14,3185229373934033660,188.53834,179.559143066,32000000,256000264,13120934312221571947
GIST,all,32,2,3,SCAN_E,15,4980500077960720760,188.429413,179.487838745,32000000,256000264,1159840594661486922
GIST,all,32,2,3,SCAN_E,16,8534462434835011887,188.430921,179.487228394,32000000,256000264,8714334507495996888
GIST,all,32,2,3,SCAN_E,17,2222729423292320042,188.395781,179.491012573,32000000,256000264,18067299511229667476
GIST,all,32,2,3,SCAN_E,18,10765395806018310607,188.363772,179.488006592,32000000,256000264,13386549778882442694
GIST,all,32,2,3,SCAN_E,19,15820513675728183516,188.352424,179.485916138,32000000,256000264,14480376010321538760
GIST,all,32,2,3,SCAN_E,20,10712815744133708220,188.383586,179.490081787,32000000,256000264,8256143506552883744
GIST,all,32,2,3,SCAN_E,21,3486346971057125245,188.438703,179.494338989,32000000,256000264,12925094851512987627
GIST,all,32,2,3,SCAN_E,22,5004653838559619408,188.455559,179.488540649,32000000,256000264,542925346515742578
GIST,all,32,2,3,SCAN_E,23,10851237028586424301,190.495187,179.498565674,32000000,256000264,7130999865827606195
GIST,all,32,2,3,SCAN_E,24,1048821632111722058,188.670466,179.487228394,32000000,256000264,10035627653802916324
GIST,all,32,2,3,SCAN_E,25,13585693668991832971,188.469507,179.488388062,32000000,256000264,4709214226871061839
GIST,all,32,2,3,SCAN_E,26,13539082034095136927,188.3217,179.486877441,32000000,256000264,14607044633077976795
GIST,all,32,2,3,SCAN_E,27,161217794029549079,188.858462,179.489990234,32000000,256000264,2873382694629525323
GIST,all,32,2,3,SCAN_E,28,306400533752808697,190.389263,179.48777771,32000000,256000264,981180160379037297
GIST,all,32,2,3,SCAN_E,29,15030165245001765777,188.670181,179.4894104,32000000,256000264,3487601103710741530
GIST,all,32,2,3,SCAN_E,30,14416838764258129161,188.292044,179.487457275,32000000,256000264,2602423128017784945
GIST,all,32,2,3,SCAN_E,31,7995077726280952526,188.418578,179.486938477,32000000,256000264,4161836380931995304
GIST,all,32,2,3,C_ID_E,0,13392786189952033124,247.04561,237.841125488,32000000,256000264,11348834837147102462
GIST,all,32,2,3,C_ID_E,1,3085188792669438576,249.201632,237.860443115,32000000,256000264,17659261338669106398
GIST,all,32,2,3,C_ID_E,2,9607284371048990950,249.18713,237.852005005,32000000,256000264,8090863626561763704
GIST,all,32,2,3,C_ID_E,3,17322893638147462453,249.180927,237.841125488,32000000,256000264,2317855828534974047
GIST,all,32,2,3,C_ID_E,4,9368830554395401223,249.161021,237.850692749,32000000,256000264,17312208852575438364
GIST,all,32,2,3,C_ID_E,5,8419766857112927641,249.24542,237.912612915,32000000,256000264,13080560581756865296
GIST,all,32,2,3,C_ID_E,6,4668807861364956970,249.147939,237.852676392,32000000,256000264,5008886089217630333
GIST,all,32,2,3,C_ID_E,7,7872727791650862151,249.134689,237.834777832,32000000,256000264,13638370823027440146
GIST,all,32,2,3,C_ID_E,8,15783018974750835728,249.151295,237.852127075,32000000,256000264,16295328437391946995
GIST,all,32,2,3,C_ID_E,9,7601489796430488175,249.161088,237.852767944,32000000,256000264,11375933348201584583
GIST,all,32,2,3,C_ID_E,10,5544530460631338786,249.131176,237.851226807,32000000,256000264,3423857314060612266
GIST,all,32,2,3,C_ID_E,11,12325065973520304682,249.146566,237.852966309,32000000,256000264,5640903141011403082
GIST,all,32,2,3,C_ID_E,12,13216066866632432715,249.107834,237.846206665,32000000,256000264,7934697385139586520
GIST,all,32,2,3,C_ID_E,13,1075722662635840942,249.132041,237.857528687,32000000,256000264,3693345389699998126
GIST,all,32,2,3,C_ID_E,14,3185229373934033660,249.106772,237.842178345,32000000,256000264,13120934312221571947
GIST,all,32,2,3,C_ID_E,15,4980500077960720760,249.093145,237.853790283,32000000,256000264,1159840594661486922
GIST,all,32,2,3,C_ID_E,16,8534462434835011887,248.407881,237.852249146,32000000,256000264,8714334507495996888
GIST,all,32,2,3,C_ID_E,17,2222729423292320042,249.11717,237.856796265,32000000,256000264,18067299511229667476
GIST,all,32,2,3,C_ID_E,18,10765395806018310607,249.098343,237.840576172,32000000,256000264,13386549778882442694
GIST,all,32,2,3,C_ID_E,19,15820513675728183516,247.160977,237.849502563,32000000,256000264,14480376010321538760
GIST,all,32,2,3,C_ID_E,20,10712815744133708220,246.906856,237.863876343,32000000,256000264,8256143506552883744
GIST,all,32,2,3,C_ID_E,21,3486346971057125245,246.909635,237.855392456,32000000,256000264,12925094851512987627
GIST,all,32,2,3,C_ID_E,22,5004653838559619408,246.911946,237.850784302,32000000,256000264,542925346515742578
GIST,all,32,2,3,C_ID_E,23,10851237028586424301,246.913782,237.851547241,32000000,256000264,7130999865827606195
GIST,all,32,2,3,C_ID_E,24,1048821632111722058,246.923821,237.852127075,32000000,256000264,10035627653802916324
GIST,all,32,2,3,C_ID_E,25,13585693668991832971,247.177821,238.110488892,32000000,256000264,4709214226871061839
GIST,all,32,2,3,C_ID_E,26,13539082034095136927,246.929277,237.857788086,32000000,256000264,14607044633077976795
GIST,all,32,2,3,C_ID_E,27,161217794029549079,246.908693,237.851013184,32000000,256000264,2873382694629525323
GIST,all,32,2,3,C_ID_E,28,306400533752808697,246.856449,237.836517334,32000000,256000264,981180160379037297
GIST,all,32,2,3,C_ID_E,29,15030165245001765777,246.906832,237.852920532,32000000,256000264,3487601103710741530
GIST,all,32,2,3,C_ID_E,30,14416838764258129161,247.414551,237.843902588,32000000,256000264,2602423128017784945
GIST,all,32,2,3,C_ID_E,31,7995077726280952526,249.033733,237.848632812,32000000,256000264,4161836380931995304
GIST,all,32,2,3,C_MASK_E,0,13392786189952033124,190.93025,181.659103394,32000000,256000264,11348834837147102462
GIST,all,32,2,3,C_MASK_E,1,3085188792669438576,190.787638,181.665252686,32000000,256000264,17659261338669106398
GIST,all,32,2,3,C_MASK_E,2,9607284371048990950,190.790954,181.666275024,32000000,256000264,8090863626561763704
GIST,all,32,2,3,C_MASK_E,3,17322893638147462453,190.778655,181.661636353,32000000,256000264,2317855828534974047
GIST,all,32,2,3,C_MASK_E,4,9368830554395401223,190.769911,181.665603638,32000000,256000264,17312208852575438364
GIST,all,32,2,3,C_MASK_E,5,8419766857112927641,190.757932,181.665634155,32000000,256000264,13080560581756865296
GIST,all,32,2,3,C_MASK_E,6,4668807861364956970,190.711527,181.666748047,32000000,256000264,5008886089217630333
GIST,all,32,2,3,C_MASK_E,7,7872727791650862151,190.678683,181.663421631,32000000,256000264,13638370823027440146
GIST,all,32,2,3,C_MASK_E,8,15783018974750835728,190.677371,181.662948608,32000000,256000264,16295328437391946995
GIST,all,32,2,3,C_MASK_E,9,7601489796430488175,190.661093,181.664382935,32000000,256000264,11375933348201584583
GIST,all,32,2,3,C_MASK_E,10,5544530460631338786,190.602959,181.667037964,32000000,256000264,3423857314060612266
GIST,all,32,2,3,C_MASK_E,11,12325065973520304682,190.577354,181.665817261,32000000,256000264,5640903141011403082
GIST,all,32,2,3,C_MASK_E,12,13216066866632432715,190.568127,181.66633606,32000000,256000264,7934697385139586520
GIST,all,32,2,3,C_MASK_E,13,1075722662635840942,190.581935,181.660964966,32000000,256000264,3693345389699998126
GIST,all,32,2,3,C_MASK_E,14,3185229373934033660,190.540749,181.663299561,32000000,256000264,13120934312221571947
GIST,all,32,2,3,C_MASK_E,15,4980500077960720760,190.536268,181.665542603,32000000,256000264,1159840594661486922
GIST,all,32,2,3,C_MASK_E,16,8534462434835011887,190.535817,181.662246704,32000000,256000264,8714334507495996888
GIST,all,32,2,3,C_MASK_E,17,2222729423292320042,190.644747,181.661636353,32000000,256000264,18067299511229667476
GIST,all,32,2,3,C_MASK_E,18,10765395806018310607,191.520906,181.668731689,32000000,256000264,13386549778882442694
GIST,all,32,2,3,C_MASK_E,19,15820513675728183516,190.876306,181.734695435,32000000,256000264,14480376010321538760
GIST,all,32,2,3,C_MASK_E,20,10712815744133708220,191.958525,181.665985107,32000000,256000264,8256143506552883744
GIST,all,32,2,3,C_MASK_E,21,3486346971057125245,191.208397,181.66418457,32000000,256000264,12925094851512987627
GIST,all,32,2,3,C_MASK_E,22,5004653838559619408,191.22462,181.664154053,32000000,256000264,542925346515742578
GIST,all,32,2,3,C_MASK_E,23,10851237028586424301,191.927714,181.666244507,32000000,256000264,7130999865827606195
GIST,all,32,2,3,C_MASK_E,24,1048821632111722058,192.60841,181.661987305,32000000,256000264,10035627653802916324
GIST,all,32,2,3,C_MASK_E,25,13585693668991832971,192.507567,181.667526245,32000000,256000264,4709214226871061839
GIST,all,32,2,3,C_MASK_E,26,13539082034095136927,191.148296,181.660766602,32000000,256000264,14607044633077976795
GIST,all,32,2,3,C_MASK_E,27,161217794029549079,190.990119,181.664001465,32000000,256000264,2873382694629525323
GIST,all,32,2,3,C_MASK_E,28,306400533752808697,191.163304,181.669921875,32000000,256000264,981180160379037297
GIST,all,32,2,3,C_MASK_E,29,15030165245001765777,191.347289,181.660644531,32000000,256000264,3487601103710741530
GIST,all,32,2,3,C_MASK_E,30,14416838764258129161,190.752828,181.663742065,32000000,256000264,2602423128017784945
GIST,all,32,2,3,C_MASK_E,31,7995077726280952526,190.412118,181.666748047,32000000,256000264,4161836380931995304
GIST,all,32,2,3,C_TASK_E,0,13392786189952033124,189.775535,180.54083252,32000000,256000264,11348834837147102462
GIST,all,32,2,3,C_TASK_E,1,3085188792669438576,189.714269,180.551040649,32000000,256000264,17659261338669106398
GIST,all,32,2,3,C_TASK_E,2,9607284371048990950,189.724022,180.545593262,32000000,256000264,8090863626561763704
GIST,all,32,2,3,C_TASK_E,3,17322893638147462453,189.698941,180.546783447,32000000,256000264,2317855828534974047
GIST,all,32,2,3,C_TASK_E,4,9368830554395401223,189.712747,180.543777466,32000000,256000264,17312208852575438364
GIST,all,32,2,3,C_TASK_E,5,8419766857112927641,189.659944,180.547836304,32000000,256000264,13080560581756865296
GIST,all,32,2,3,C_TASK_E,6,4668807861364956970,189.699347,180.553436279,32000000,256000264,5008886089217630333
GIST,all,32,2,3,C_TASK_E,7,7872727791650862151,189.68132,180.55116272,32000000,256000264,13638370823027440146
GIST,all,32,2,3,C_TASK_E,8,15783018974750835728,189.643687,180.545852661,32000000,256000264,16295328437391946995
GIST,all,32,2,3,C_TASK_E,9,7601489796430488175,189.621928,180.541824341,32000000,256000264,11375933348201584583
GIST,all,32,2,3,C_TASK_E,10,5544530460631338786,189.603739,180.541732788,32000000,256000264,3423857314060612266
GIST,all,32,2,3,C_TASK_E,11,12325065973520304682,189.526787,180.543930054,32000000,256000264,5640903141011403082
GIST,all,32,2,3,C_TASK_E,12,13216066866632432715,189.819208,180.826751709,32000000,256000264,7934697385139586520
GIST,all,32,2,3,C_TASK_E,13,1075722662635840942,189.508807,180.544128418,32000000,256000264,3693345389699998126
GIST,all,32,2,3,C_TASK_E,14,3185229373934033660,189.507125,180.545028687,32000000,256000264,13120934312221571947
GIST,all,32,2,3,C_TASK_E,15,4980500077960720760,189.519224,180.552932739,32000000,256000264,1159840594661486922
GIST,all,32,2,3,C_TASK_E,16,8534462434835011887,189.503512,180.547454834,32000000,256000264,8714334507495996888
GIST,all,32,2,3,C_TASK_E,17,2222729423292320042,189.505484,180.545593262,32000000,256000264,18067299511229667476
GIST,all,32,2,3,C_TASK_E,18,10765395806018310607,189.502406,180.545822144,32000000,256000264,13386549778882442694
GIST,all,32,2,3,C_TASK_E,19,15820513675728183516,189.50232,180.544799805,32000000,256000264,14480376010321538760
GIST,all,32,2,3,C_TASK_E,20,10712815744133708220,189.502809,180.552902222,32000000,256000264,8256143506552883744
GIST,all,32,2,3,C_TASK_E,21,3486346971057125245,189.516281,180.54524231,32000000,256000264,12925094851512987627
GIST,all,32,2,3,C_TASK_E,22,5004653838559619408,189.503564,180.541595459,32000000,256000264,542925346515742578
GIST,all,32,2,3,C_TASK_E,23,10851237028586424301,189.530197,180.547164917,32000000,256000264,7130999865827606195
GIST,all,32,2,3,C_TASK_E,24,1048821632111722058,189.474603,180.541213989,32000000,256000264,10035627653802916324
GIST,all,32,2,3,C_TASK_E,25,13585693668991832971,189.789023,180.545883179,32000000,256000264,4709214226871061839
GIST,all,32,2,3,C_TASK_E,26,13539082034095136927,189.743026,180.554718018,32000000,256000264,14607044633077976795
GIST,all,32,2,3,C_TASK_E,27,161217794029549079,189.90855,180.546585083,32000000,256000264,2873382694629525323
GIST,all,32,2,3,C_TASK_E,28,306400533752808697,190.770723,180.543426514,32000000,256000264,981180160379037297
GIST,all,32,2,3,C_TASK_E,29,15030165245001765777,190.177566,180.54838562,32000000,256000264,3487601103710741530
GIST,all,32,2,3,C_TASK_E,30,14416838764258129161,189.710791,180.545913696,32000000,256000264,2602423128017784945
GIST,all,32,2,3,C_TASK_E,31,7995077726280952526,189.412254,180.546051025,32000000,256000264,4161836380931995304
GIST,all,32,2,4,SCAN_L,31,7995077726280952526,189.67635,178.170043945,32000000,256000264,4161836380931995304
GIST,all,32,2,4,SCAN_L,30,14416838764258129161,189.506164,178.174530029,32000000,256000264,2602423128017784945
GIST,all,32,2,4,SCAN_L,29,15030165245001765777,188.805785,178.175323486,32000000,256000264,3487601103710741530
GIST,all,32,2,4,SCAN_L,28,306400533752808697,188.07975,178.1743927,32000000,256000264,981180160379037297
GIST,all,32,2,4,SCAN_L,27,161217794029549079,187.755074,178.170593262,32000000,256000264,2873382694629525323
GIST,all,32,2,4,SCAN_L,26,13539082034095136927,188.017904,178.172317505,32000000,256000264,14607044633077976795
GIST,all,32,2,4,SCAN_L,25,13585693668991832971,188.013279,178.244354248,32000000,256000264,4709214226871061839
GIST,all,32,2,4,SCAN_L,24,1048821632111722058,187.927678,178.171676636,32000000,256000264,10035627653802916324
GIST,all,32,2,4,SCAN_L,23,10851237028586424301,187.584882,178.170333862,32000000,256000264,7130999865827606195
GIST,all,32,2,4,SCAN_L,22,5004653838559619408,187.564376,178.17149353,32000000,256000264,542925346515742578
GIST,all,32,2,4,SCAN_L,21,3486346971057125245,187.575971,178.169311523,32000000,256000264,12925094851512987627
GIST,all,32,2,4,SCAN_L,20,10712815744133708220,188.635141,178.168670654,32000000,256000264,8256143506552883744
GIST,all,32,2,4,SCAN_L,19,15820513675728183516,187.613904,178.171585083,32000000,256000264,14480376010321538760
GIST,all,32,2,4,SCAN_L,18,10765395806018310607,187.257267,178.170852661,32000000,256000264,13386549778882442694
GIST,all,32,2,4,SCAN_L,17,2222729423292320042,187.604096,178.169372559,32000000,256000264,18067299511229667476
GIST,all,32,2,4,SCAN_L,16,8534462434835011887,188.474785,178.169219971,32000000,256000264,8714334507495996888
GIST,all,32,2,4,SCAN_L,15,4980500077960720760,187.304669,178.171234131,32000000,256000264,1159840594661486922
GIST,all,32,2,4,SCAN_L,14,3185229373934033660,187.353754,178.17149353,32000000,256000264,13120934312221571947
GIST,all,32,2,4,SCAN_L,13,1075722662635840942,187.635264,178.170913696,32000000,256000264,3693345389699998126
GIST,all,32,2,4,SCAN_L,12,13216066866632432715,189.156634,178.170013428,32000000,256000264,7934697385139586520
GIST,all,32,2,4,SCAN_L,11,12325065973520304682,189.130134,178.169219971,32000000,256000264,5640903141011403082
GIST,all,32,2,4,SCAN_L,10,5544530460631338786,188.013404,178.169281006,32000000,256000264,3423857314060612266
GIST,all,32,2,4,SCAN_L,9,7601489796430488175,187.504072,178.171676636,32000000,256000264,11375933348201584583
GIST,all,32,2,4,SCAN_L,8,15783018974750835728,187.350903,178.170394897,32000000,256000264,16295328437391946995
GIST,all,32,2,4,SCAN_L,7,7872727791650862151,187.984356,178.172698975,32000000,256000264,13638370823027440146
GIST,all,32,2,4,SCAN_L,6,4668807861364956970,188.39833,178.171737671,32000000,256000264,5008886089217630333
GIST,all,32,2,4,SCAN_L,5,8419766857112927641,188.356089,178.171905518,32000000,256000264,13080560581756865296
GIST,all,32,2,4,SCAN_L,4,9368830554395401223,187.220989,178.170471191,32000000,256000264,17312208852575438364
GIST,all,32,2,4,SCAN_L,3,17322893638147462453,187.304988,178.172927856,32000000,256000264,2317855828534974047
GIST,all,32,2,4,SCAN_L,2,9607284371048990950,189.13282,178.168701172,32000000,256000264,8090863626561763704
GIST,all,32,2,4,SCAN_L,1,3085188792669438576,187.517875,178.170852661,32000000,256000264,17659261338669106398
GIST,all,32,2,4,SCAN_L,0,13392786189952033124,187.183916,178.244354248,32000000,256000264,11348834837147102462
GIST,all,32,2,4,C_ID_L,31,7995077726280952526,206.307771,197.032318115,32000000,256000264,4161836380931995304
GIST,all,32,2,4,C_ID_L,30,14416838764258129161,206.128659,196.962936401,32000000,256000264,2602423128017784945
GIST,all,32,2,4,C_ID_L,29,15030165245001765777,206.154222,196.970809937,32000000,256000264,3487601103710741530
GIST,all,32,2,4,C_ID_L,28,306400533752808697,206.090444,196.967132568,32000000,256000264,981180160379037297
GIST,all,32,2,4,C_ID_L,27,161217794029549079,206.06074,196.969024658,32000000,256000264,2873382694629525323
GIST,all,32,2,4,C_ID_L,26,13539082034095136927,206.029949,196.973632812,32000000,256000264,14607044633077976795
GIST,all,32,2,4,C_ID_L,25,13585693668991832971,206.036007,196.96421814,32000000,256000264,4709214226871061839
GIST,all,32,2,4,C_ID_L,24,1048821632111722058,206.010887,196.965759277,32000000,256000264,10035627653802916324
GIST,all,32,2,4,C_ID_L,23,10851237028586424301,205.977176,196.964416504,32000000,256000264,7130999865827606195
GIST,all,32,2,4,C_ID_L,22,5004653838559619408,205.974914,196.972442627,32000000,256000264,542925346515742578
GIST,all,32,2,4,C_ID_L,21,3486346971057125245,205.961665,196.96496582,32000000,256000264,12925094851512987627
GIST,all,32,2,4,C_ID_L,20,10712815744133708220,206.125347,196.968063354,32000000,256000264,8256143506552883744
GIST,all,32,2,4,C_ID_L,19,15820513675728183516,206.615305,196.977020264,32000000,256000264,14480376010321538760
GIST,all,32,2,4,C_ID_L,18,10765395806018310607,207.46769,196.972351074,32000000,256000264,13386549778882442694
GIST,all,32,2,4,C_ID_L,17,2222729423292320042,207.337899,196.972259521,32000000,256000264,18067299511229667476
GIST,all,32,2,4,C_ID_L,16,8534462434835011887,207.992184,196.970977783,32000000,256000264,8714334507495996888
GIST,all,32,2,4,C_ID_L,15,4980500077960720760,206.943961,196.96975708,32000000,256000264,1159840594661486922
GIST,all,32,2,4,C_ID_L,14,3185229373934033660,206.487147,196.969223022,32000000,256000264,13120934312221571947
GIST,all,32,2,4,C_ID_L,13,1075722662635840942,206.094072,196.962402344,32000000,256000264,3693345389699998126
GIST,all,32,2,4,C_ID_L,12,13216066866632432715,208.031007,196.972290039,32000000,256000264,7934697385139586520
GIST,all,32,2,4,C_ID_L,11,12325065973520304682,207.241005,196.963623047,32000000,256000264,5640903141011403082
GIST,all,32,2,4,C_ID_L,10,5544530460631338786,206.316558,196.96723938,32000000,256000264,3423857314060612266
GIST,all,32,2,4,C_ID_L,9,7601489796430488175,206.860546,196.966720581,32000000,256000264,11375933348201584583
GIST,all,32,2,4,C_ID_L,8,15783018974750835728,206.471455,197.256134033,32000000,256000264,16295328437391946995
GIST,all,32,2,4,C_ID_L,7,7872727791650862151,206.617863,196.966522217,32000000,256000264,13638370823027440146
GIST,all,32,2,4,C_ID_L,6,4668807861364956970,207.867211,196.968002319,32000000,256000264,5008886089217630333
GIST,all,32,2,4,C_ID_L,5,8419766857112927641,206.903993,196.967422485,32000000,256000264,13080560581756865296
GIST,all,32,2,4,C_ID_L,4,9368830554395401223,207.848263,196.968826294,32000000,256000264,17312208852575438364
GIST,all,32,2,4,C_ID_L,3,17322893638147462453,206.259585,196.965881348,32000000,256000264,2317855828534974047
GIST,all,32,2,4,C_ID_L,2,9607284371048990950,206.153204,196.967330933,32000000,256000264,8090863626561763704
GIST,all,32,2,4,C_ID_L,1,3085188792669438576,206.513724,196.971008301,32000000,256000264,17659261338669106398
GIST,all,32,2,4,C_ID_L,0,13392786189952033124,207.195807,196.967269897,32000000,256000264,11348834837147102462
GIST,all,32,2,4,C_MASK_L,31,7995077726280952526,188.475081,179.182525635,32000000,256000264,4161836380931995304
GIST,all,32,2,4,C_MASK_L,30,14416838764258129161,188.362842,179.180160522,32000000,256000264,2602423128017784945
GIST,all,32,2,4,C_MASK_L,29,15030165245001765777,188.32824,179.184356689,32000000,256000264,3487601103710741530
GIST,all,32,2,4,C_MASK_L,28,306400533752808697,188.311928,179.184829712,32000000,256000264,981180160379037297
GIST,all,32,2,4,C_MASK_L,27,161217794029549079,188.306456,179.186309814,32000000,256000264,2873382694629525323
GIST,all,32,2,4,C_MASK_L,26,13539082034095136927,188.32427,179.179428101,32000000,256000264,14607044633077976795
GIST,all,32,2,4,C_MASK_L,25,13585693668991832971,188.606308,179.181915283,32000000,256000264,4709214226871061839
GIST,all,32,2,4,C_MASK_L,24,1048821632111722058,188.704692,179.185791016,32000000,256000264,10035627653802916324
GIST,all,32,2,4,C_MASK_L,23,10851237028586424301,188.476524,179.187194824,32000000,256000264,7130999865827606195
GIST,all,32,2,4,C_MASK_L,22,5004653838559619408,188.270774,179.183929443,32000000,256000264,542925346515742578
GIST,all,32,2,4,C_MASK_L,21,3486346971057125245,189.265532,179.17980957,32000000,256000264,12925094851512987627
GIST,all,32,2,4,C_MASK_L,20,10712815744133708220,190.334119,179.18637085,32000000,256000264,8256143506552883744
GIST,all,32,2,4,C_MASK_L,19,15820513675728183516,188.639246,179.181991577,32000000,256000264,14480376010321538760
GIST,all,32,2,4,C_MASK_L,18,10765395806018310607,188.617144,179.183776855,32000000,256000264,13386549778882442694
GIST,all,32,2,4,C_MASK_L,17,2222729423292320042,190.321609,179.181121826,32000000,256000264,18067299511229667476
GIST,all,32,2,4,C_MASK_L,16,8534462434835011887,190.340144,179.180603027,32000000,256000264,8714334507495996888
GIST,all,32,2,4,C_MASK_L,15,4980500077960720760,190.371424,179.259933472,32000000,256000264,1159840594661486922
GIST,all,32,2,4,C_MASK_L,14,3185229373934033660,188.741731,179.181152344,32000000,256000264,13120934312221571947
GIST,all,32,2,4,C_MASK_L,13,1075722662635840942,189.644187,179.187866211,32000000,256000264,3693345389699998126
GIST,all,32,2,4,C_MASK_L,12,13216066866632432715,190.313264,179.181030273,32000000,256000264,7934697385139586520
GIST,all,32,2,4,C_MASK_L,11,12325065973520304682,190.296673,179.183105469,32000000,256000264,5640903141011403082
GIST,all,32,2,4,C_MASK_L,10,5544530460631338786,189.613513,179.181762695,32000000,256000264,3423857314060612266
GIST,all,32,2,4,C_MASK_L,9,7601489796430488175,188.442986,179.179229736,32000000,256000264,11375933348201584583
GIST,all,32,2,4,C_MASK_L,8,15783018974750835728,189.605717,179.183517456,32000000,256000264,16295328437391946995
GIST,all,32,2,4,C_MASK_L,7,7872727791650862151,190.274089,179.179397583,32000000,256000264,13638370823027440146
GIST,all,32,2,4,C_MASK_L,6,4668807861364956970,188.179942,179.189117432,32000000,256000264,5008886089217630333
GIST,all,32,2,4,C_MASK_L,5,8419766857112927641,188.135482,179.185821533,32000000,256000264,13080560581756865296
GIST,all,32,2,4,C_MASK_L,4,9368830554395401223,188.170927,179.183258057,32000000,256000264,17312208852575438364
GIST,all,32,2,4,C_MASK_L,3,17322893638147462453,188.179907,179.181991577,32000000,256000264,2317855828534974047
GIST,all,32,2,4,C_MASK_L,2,9607284371048990950,188.121261,179.184570312,32000000,256000264,8090863626561763704
GIST,all,32,2,4,C_MASK_L,1,3085188792669438576,188.135183,179.183868408,32000000,256000264,17659261338669106398
GIST,all,32,2,4,C_MASK_L,0,13392786189952033124,188.124047,179.18421936,32000000,256000264,11348834837147102462
GIST,all,32,2,4,C_TASK_L,31,7995077726280952526,206.623058,197.393722534,32000000,256000264,4161836380931995304
GIST,all,32,2,4,C_TASK_L,30,14416838764258129161,206.530795,197.398178101,32000000,256000264,2602423128017784945
GIST,all,32,2,4,C_TASK_L,29,15030165245001765777,206.500868,197.39616394,32000000,256000264,3487601103710741530
GIST,all,32,2,4,C_TASK_L,28,306400533752808697,206.487901,197.396133423,32000000,256000264,981180160379037297
GIST,all,32,2,4,C_TASK_L,27,161217794029549079,206.606744,197.405380249,32000000,256000264,2873382694629525323
GIST,all,32,2,4,C_TASK_L,26,13539082034095136927,206.449298,197.403289795,32000000,256000264,14607044633077976795
GIST,all,32,2,4,C_TASK_L,25,13585693668991832971,206.385369,197.396774292,32000000,256000264,4709214226871061839
GIST,all,32,2,4,C_TASK_L,24,1048821632111722058,206.411044,197.39692688,32000000,256000264,10035627653802916324
GIST,all,32,2,4,C_TASK_L,23,10851237028586424301,206.679989,197.673538208,32000000,256000264,7130999865827606195
GIST,all,32,2,4,C_TASK_L,22,5004653838559619408,206.440268,197.39704895,32000000,256000264,542925346515742578
GIST,all,32,2,4,C_TASK_L,21,3486346971057125245,206.340722,197.391769409,32000000,256000264,12925094851512987627
GIST,all,32,2,4,C_TASK_L,20,10712815744133708220,207.352374,197.396484375,32000000,256000264,8256143506552883744
GIST,all,32,2,4,C_TASK_L,19,15820513675728183516,206.610412,197.401855469,32000000,256000264,14480376010321538760
GIST,all,32,2,4,C_TASK_L,18,10765395806018310607,206.282906,197.394744873,32000000,256000264,13386549778882442694
GIST,all,32,2,4,C_TASK_L,17,2222729423292320042,206.284059,197.396835327,32000000,256000264,18067299511229667476
GIST,all,32,2,4,C_TASK_L,16,8534462434835011887,207.42529,197.403167725,32000000,256000264,8714334507495996888
GIST,all,32,2,4,C_TASK_L,15,4980500077960720760,208.371979,197.39263916,32000000,256000264,1159840594661486922
GIST,all,32,2,4,C_TASK_L,14,3185229373934033660,206.632889,197.390686035,32000000,256000264,13120934312221571947
GIST,all,32,2,4,C_TASK_L,13,1075722662635840942,206.552968,197.397369385,32000000,256000264,3693345389699998126
GIST,all,32,2,4,C_TASK_L,12,13216066866632432715,206.442326,197.396347046,32000000,256000264,7934697385139586520
GIST,all,32,2,4,C_TASK_L,11,12325065973520304682,206.452049,197.390686035,32000000,256000264,5640903141011403082
GIST,all,32,2,4,C_TASK_L,10,5544530460631338786,207.221875,197.389663696,32000000,256000264,3423857314060612266
GIST,all,32,2,4,C_TASK_L,9,7601489796430488175,208.273384,197.395645142,32000000,256000264,11375933348201584583
GIST,all,32,2,4,C_TASK_L,8,15783018974750835728,208.250629,197.39730835,32000000,256000264,16295328437391946995
GIST,all,32,2,4,C_TASK_L,7,7872727791650862151,207.610704,197.390045166,32000000,256000264,13638370823027440146
GIST,all,32,2,4,C_TASK_L,6,4668807861364956970,206.519924,197.397125244,32000000,256000264,5008886089217630333
GIST,all,32,2,4,C_TASK_L,5,8419766857112927641,206.907309,197.395233154,32000000,256000264,13080560581756865296
GIST,all,32,2,4,C_TASK_L,4,9368830554395401223,208.253083,197.394210815,32000000,256000264,17312208852575438364
GIST,all,32,2,4,C_TASK_L,3,17322893638147462453,208.260124,197.391998291,32000000,256000264,2317855828534974047
GIST,all,32,2,4,C_TASK_L,2,9607284371048990950,206.935279,197.397827148,32000000,256000264,8090863626561763704
GIST,all,32,2,4,C_TASK_L,1,3085188792669438576,206.668434,197.393341064,32000000,256000264,17659261338669106398
GIST,all,32,2,4,C_TASK_L,0,13392786189952033124,207.163881,197.39263916,32000000,256000264,11348834837147102462
GIST,all,32,2,4,SCAN_E,31,7995077726280952526,190.896499,179.485412598,32000000,256000264,4161836380931995304
GIST,all,32,2,4,SCAN_E,30,14416838764258129161,190.834713,179.491012573,32000000,256000264,2602423128017784945
GIST,all,32,2,4,SCAN_E,29,15030165245001765777,188.808604,179.488769531,32000000,256000264,3487601103710741530
GIST,all,32,2,4,SCAN_E,28,306400533752808697,188.730527,179.487518311,32000000,256000264,981180160379037297
GIST,all,32,2,4,SCAN_E,27,161217794029549079,188.887609,179.486968994,32000000,256000264,2873382694629525323
GIST,all,32,2,4,SCAN_E,26,13539082034095136927,190.751876,179.487228394,32000000,256000264,14607044633077976795
GIST,all,32,2,4,SCAN_E,25,13585693668991832971,189.619385,179.491394043,32000000,256000264,4709214226871061839
GIST,all,32,2,4,SCAN_E,24,1048821632111722058,188.754187,179.488922119,32000000,256000264,10035627653802916324
GIST,all,32,2,4,SCAN_E,23,10851237028586424301,188.925498,179.48789978,32000000,256000264,7130999865827606195
GIST,all,32,2,4,SCAN_E,22,5004653838559619408,188.683382,179.488830566,32000000,256000264,542925346515742578
GIST,all,32,2,4,SCAN_E,21,3486346971057125245,190.726023,179.487106323,32000000,256000264,12925094851512987627
GIST,all,32,2,4,SCAN_E,20,10712815744133708220,189.052814,179.488098145,32000000,256000264,8256143506552883744
GIST,all,32,2,4,SCAN_E,19,15820513675728183516,188.463422,179.488327026,32000000,256000264,14480376010321538760
GIST,all,32,2,4,SCAN_E,18,10765395806018310607,188.500727,179.495834351,32000000,256000264,13386549778882442694
GIST,all,32,2,4,SCAN_E,17,2222729423292320042,188.540226,179.556610107,32000000,256000264,18067299511229667476
GIST,all,32,2,4,SCAN_E,16,8534462434835011887,188.458897,179.486373901,32000000,256000264,8714334507495996888
GIST,all,32,2,4,SCAN_E,15,4980500077960720760,188.664583,179.497497559,32000000,256000264,1159840594661486922
GIST,all,32,2,4,SCAN_E,14,3185229373934033660,188.469327,179.495361328,32000000,256000264,13120934312221571947
GIST,all,32,2,4,SCAN_E,13,1075722662635840942,188.445933,179.488998413,32000000,256000264,3693345389699998126
GIST,all,32,2,4,SCAN_E,12,13216066866632432715,188.44506,179.490524292,32000000,256000264,7934697385139586520
GIST,all,32,2,4,SCAN_E,11,12325065973520304682,188.467088,179.488128662,32000000,256000264,5640903141011403082
GIST,all,32,2,4,SCAN_E,10,5544530460631338786,188.380527,179.490112305,32000000,256000264,3423857314060612266
GIST,all,32,2,4,SCAN_E,9,7601489796430488175,188.403216,179.486618042,32000000,256000264,11375933348201584583
GIST,all,32,2,4,SCAN_E,8,15783018974750835728,188.384638,179.488098145,32000000,256000264,16295328437391946995
GIST,all,32,2,4,SCAN_E,7,7872727791650862151,188.404616,179.489471436,32000000,256000264,13638370823027440146
GIST,all,32,2,4,SCAN_E,6,4668807861364956970,188.362957,179.485626221,32000000,256000264,5008886089217630333
GIST,all,32,2,4,SCAN_E,5,8419766857112927641,188.411138,179.487167358,32000000,256000264,13080560581756865296
GIST,all,32,2,4,SCAN_E,4,9368830554395401223,188.396128,179.486938477,32000000,256000264,17312208852575438364
GIST,all,32,2,4,SCAN_E,3,17322893638147462453,188.424716,179.486816406,32000000,256000264,2317855828534974047
GIST,all,32,2,4,SCAN_E,2,9607284371048990950,188.435377,179.492507935,32000000,256000264,8090863626561763704
GIST,all,32,2,4,SCAN_E,1,3085188792669438576,188.381482,179.485443115,32000000,256000264,17659261338669106398
GIST,all,32,2,4,SCAN_E,0,13392786189952033124,188.365427,179.486846924,32000000,256000264,11348834837147102462
GIST,all,32,2,4,C_ID_E,31,7995077726280952526,247.047175,237.836578369,32000000,256000264,4161836380931995304
GIST,all,32,2,4,C_ID_E,30,14416838764258129161,247.022101,237.844024658,32000000,256000264,2602423128017784945
GIST,all,32,2,4,C_ID_E,29,15030165245001765777,246.974419,237.840545654,32000000,256000264,3487601103710741530
GIST,all,32,2,4,C_ID_E,28,306400533752808697,247.004732,237.851333618,32000000,256000264,981180160379037297
GIST,all,32,2,4,C_ID_E,27,161217794029549079,246.980277,237.841567993,32000000,256000264,2873382694629525323
GIST,all,32,2,4,C_ID_E,26,13539082034095136927,247.189969,238.096252441,32000000,256000264,14607044633077976795
GIST,all,32,2,4,C_ID_E,25,13585693668991832971,246.934445,237.850982666,32000000,256000264,4709214226871061839
GIST,all,32,2,4,C_ID_E,24,1048821632111722058,246.951634,237.85256958,32000000,256000264,10035627653802916324
GIST,all,32,2,4,C_ID_E,23,10851237028586424301,246.968741,237.84413147,32000000,256000264,7130999865827606195
GIST,all,32,2,4,C_ID_E,22,5004653838559619408,246.901561,237.842086792,32000000,256000264,542925346515742578
GIST,all,32,2,4,C_ID_E,21,3486346971057125245,246.910928,237.855102539,32000000,256000264,12925094851512987627
GIST,all,32,2,4,C_ID_E,20,10712815744133708220,246.935751,237.857055664,32000000,256000264,8256143506552883744
GIST,all,32,2,4,C_ID_E,19,15820513675728183516,246.888471,237.839355469,32000000,256000264,14480376010321538760
GIST,all,32,2,4,C_ID_E,18,10765395806018310607,246.901355,237.847457886,32000000,256000264,13386549778882442694
GIST,all,32,2,4,C_ID_E,17,2222729423292320042,246.886514,237.837722778,32000000,256000264,18067299511229667476
GIST,all,32,2,4,C_ID_E,16,8534462434835011887,246.871305,237.848632812,32000000,256000264,8714334507495996888
GIST,all,32,2,4,C_ID_E,15,4980500077960720760,246.875659,237.849945068,32000000,256000264,1159840594661486922
GIST,all,32,2,4,C_ID_E,14,3185229373934033660,246.905448,237.84387207,32000000,256000264,13120934312221571947
GIST,all,32,2,4,C_ID_E,13,1075722662635840942,246.928556,237.843902588,32000000,256000264,3693345389699998126
GIST,all,32,2,4,C_ID_E,12,13216066866632432715,246.924817,237.856964111,32000000,256000264,7934697385139586520
GIST,all,32,2,4,C_ID_E,11,12325065973520304682,246.898099,237.839645386,32000000,256000264,5640903141011403082
GIST,all,32,2,4,C_ID_E,10,5544530460631338786,246.890208,237.842529297,32000000,256000264,3423857314060612266
GIST,all,32,2,4,C_ID_E,9,7601489796430488175,246.866345,237.855804443,32000000,256000264,11375933348201584583
GIST,all,32,2,4,C_ID_E,8,15783018974750835728,246.860254,237.851455688,32000000,256000264,16295328437391946995
GIST,all,32,2,4,C_ID_E,7,7872727791650862151,246.877324,237.845214844,32000000,256000264,13638370823027440146
GIST,all,32,2,4,C_ID_E,6,4668807861364956970,249.057921,237.858810425,32000000,256000264,5008886089217630333
GIST,all,32,2,4,C_ID_E,5,8419766857112927641,248.221678,238.126403809,32000000,256000264,13080560581756865296
GIST,all,32,2,4,C_ID_E,4,9368830554395401223,248.366791,237.844985962,32000000,256000264,17312208852575438364
GIST,all,32,2,4,C_ID_E,3,17322893638147462453,247.903069,237.842147827,32000000,256000264,2317855828534974047
GIST,all,32,2,4,C_ID_E,2,9607284371048990950,247.349827,237.843109131,32000000,256000264,8090863626561763704
GIST,all,32,2,4,C_ID_E,1,3085188792669438576,247.582392,237.854782104,32000000,256000264,17659261338669106398
GIST,all,32,2,4,C_ID_E,0,13392786189952033124,247.15466,237.848312378,32000000,256000264,11348834837147102462
GIST,all,32,2,4,C_MASK_E,31,7995077726280952526,190.828421,181.655517578,32000000,256000264,4161836380931995304
GIST,all,32,2,4,C_MASK_E,30,14416838764258129161,190.766448,181.664123535,32000000,256000264,2602423128017784945
GIST,all,32,2,4,C_MASK_E,29,15030165245001765777,190.762429,181.667709351,32000000,256000264,3487601103710741530
GIST,all,32,2,4,C_MASK_E,28,306400533752808697,190.865435,181.665222168,32000000,256000264,981180160379037297
GIST,all,32,2,4,C_MASK_E,27,161217794029549079,192.978183,181.670303345,32000000,256000264,2873382694629525323
GIST,all,32,2,4,C_MASK_E,26,13539082034095136927,190.983687,181.662979126,32000000,256000264,14607044633077976795
GIST,all,32,2,4,C_MASK_E,25,13585693668991832971,190.815713,181.660583496,32000000,256000264,4709214226871061839
GIST,all,32,2,4,C_MASK_E,24,1048821632111722058,191.033906,181.665252686,32000000,256000264,10035627653802916324
GIST,all,32,2,4,C_MASK_E,23,10851237028586424301,191.26843,181.659805298,32000000,256000264,7130999865827606195
GIST,all,32,2,4,C_MASK_E,22,5004653838559619408,192.239172,181.662277222,32000000,256000264,542925346515742578
GIST,all,32,2,4,C_MASK_E,21,3486346971057125245,190.999526,181.659545898,32000000,256000264,12925094851512987627
GIST,all,32,2,4,C_MASK_E,20,10712815744133708220,190.827172,181.661254883,32000000,256000264,8256143506552883744
GIST,all,32,2,4,C_MASK_E,19,15820513675728183516,191.262367,181.662979126,32000000,256000264,14480376010321538760
GIST,all,32,2,4,C_MASK_E,18,10765395806018310607,192.230408,181.660217285,32000000,256000264,13386549778882442694
GIST,all,32,2,4,C_MASK_E,17,2222729423292320042,191.460225,181.664031982,32000000,256000264,18067299511229667476
GIST,all,32,2,4,C_MASK_E,16,8534462434835011887,190.856646,181.661254883,32000000,256000264,8714334507495996888
GIST,all,32,2,4,C_MASK_E,15,4980500077960720760,190.895441,181.664031982,32000000,256000264,1159840594661486922
GIST,all,32,2,4,C_MASK_E,14,3185229373934033660,191.735684,181.658981323,32000000,256000264,13120934312221571947
GIST,all,32,2,4,C_MASK_E,13,1075722662635840942,192.844489,181.662979126,32000000,256000264,3693345389699998126
GIST,all,32,2,4,C_MASK_E,12,13216066866632432715,191.503237,181.953598022,32000000,256000264,7934697385139586520
GIST,all,32,2,4,C_MASK_E,11,12325065973520304682,190.846945,181.666137695,32000000,256000264,5640903141011403082
GIST,all,32,2,4,C_MASK_E,10,5544530460631338786,190.790923,181.666275024,32000000,256000264,3423857314060612266
GIST,all,32,2,4,C_MASK_E,9,7601489796430488175,190.833302,181.660934448,32000000,256000264,11375933348201584583
GIST,all,32,2,4,C_MASK_E,8,15783018974750835728,191.734144,181.665374756,32000000,256000264,16295328437391946995
GIST,all,32,2,4,C_MASK_E,7,7872727791650862151,190.982978,181.663360596,32000000,256000264,13638370823027440146
GIST,all,32,2,4,C_MASK_E,6,4668807861364956970,190.729586,181.661468506,32000000,256000264,5008886089217630333
GIST,all,32,2,4,C_MASK_E,5,8419766857112927641,191.14511,181.662200928,32000000,256000264,13080560581756865296
GIST,all,32,2,4,C_MASK_E,4,9368830554395401223,192.838219,181.658874512,32000000,256000264,17312208852575438364
GIST,all,32,2,4,C_MASK_E,3,17322893638147462453,192.813346,181.657791138,32000000,256000264,2317855828534974047
GIST,all,32,2,4,C_MASK_E,2,9607284371048990950,190.755137,181.663162231,32000000,256000264,8090863626561763704
GIST,all,32,2,4,C_MASK_E,1,3085188792669438576,190.888632,181.656829834,32000000,256000264,17659261338669106398
GIST,all,32,2,4,C_MASK_E,0,13392786189952033124,191.71748,181.663269043,32000000,256000264,11348834837147102462
GIST,all,32,2,4,C_TASK_E,31,7995077726280952526,189.680405,180.543579102,32000000,256000264,4161836380931995304
GIST,all,32,2,4,C_TASK_E,30,14416838764258129161,189.632466,180.542434692,32000000,256000264,2602423128017784945
GIST,all,32,2,4,C_TASK_E,29,15030165245001765777,189.656007,180.54675293,32000000,256000264,3487601103710741530
GIST,all,32,2,4,C_TASK_E,28,306400533752808697,189.702023,180.546783447,32000000,256000264,981180160379037297
GIST,all,32,2,4,C_TASK_E,27,161217794029549079,189.62023,180.543167114,32000000,256000264,2873382694629525323
GIST,all,32,2,4,C_TASK_E,26,13539082034095136927,189.642423,180.546524048,32000000,256000264,14607044633077976795
GIST,all,32,2,4,C_TASK_E,25,13585693668991832971,189.655535,180.543548584,32000000,256000264,4709214226871061839
GIST,all,32,2,4,C_TASK_E,24,1048821632111722058,189.634127,180.546783447,32000000,256000264,10035627653802916324
GIST,all,32,2,4,C_TASK_E,23,10851237028586424301,189.656555,180.547302246,32000000,256000264,7130999865827606195
GIST,all,32,2,4,C_TASK_E,22,5004653838559619408,189.601274,180.539642334,32000000,256000264,542925346515742578
GIST,all,32,2,4,C_TASK_E,21,3486346971057125245,189.57406,180.545883179,32000000,256000264,12925094851512987627
GIST,all,32,2,4,C_TASK_E,20,10712815744133708220,189.585461,180.547683716,32000000,256000264,8256143506552883744
GIST,all,32,2,4,C_TASK_E,19,15820513675728183516,189.941543,180.835128784,32000000,256000264,14480376010321538760
GIST,all,32,2,4,C_TASK_E,18,10765395806018310607,189.592636,180.543395996,32000000,256000264,13386549778882442694
GIST,all,32,2,4,C_TASK_E,17,2222729423292320042,189.619625,180.545120239,32000000,256000264,18067299511229667476
GIST,all,32,2,4,C_TASK_E,16,8534462434835011887,189.628096,180.543045044,32000000,256000264,8714334507495996888
GIST,all,32,2,4,C_TASK_E,15,4980500077960720760,189.60353,180.542022705,32000000,256000264,1159840594661486922
GIST,all,32,2,4,C_TASK_E,14,3185229373934033660,189.640748,180.545639038,32000000,256000264,13120934312221571947
GIST,all,32,2,4,C_TASK_E,13,1075722662635840942,190.661895,180.552185059,32000000,256000264,3693345389699998126
GIST,all,32,2,4,C_TASK_E,12,13216066866632432715,189.90275,180.546203613,32000000,256000264,7934697385139586520
GIST,all,32,2,4,C_TASK_E,11,12325065973520304682,189.599858,180.546051025,32000000,256000264,5640903141011403082
GIST,all,32,2,4,C_TASK_E,10,5544530460631338786,189.997486,180.543395996,32000000,256000264,3423857314060612266
GIST,all,32,2,4,C_TASK_E,9,7601489796430488175,191.745868,180.54486084,32000000,256000264,11375933348201584583
GIST,all,32,2,4,C_TASK_E,8,15783018974750835728,190.672294,180.549499512,32000000,256000264,16295328437391946995
GIST,all,32,2,4,C_TASK_E,7,7872727791650862151,189.715769,180.548538208,32000000,256000264,13638370823027440146
GIST,all,32,2,4,C_TASK_E,6,4668807861364956970,189.615955,180.549438477,32000000,256000264,5008886089217630333
GIST,all,32,2,4,C_TASK_E,5,8419766857112927641,191.056958,180.553817749,32000000,256000264,13080560581756865296
GIST,all,32,2,4,C_TASK_E,4,9368830554395401223,191.696636,180.539581299,32000000,256000264,17312208852575438364
GIST,all,32,2,4,C_TASK_E,3,17322893638147462453,190.060999,180.545471191,32000000,256000264,2317855828534974047
GIST,all,32,2,4,C_TASK_E,2,9607284371048990950,189.633254,180.547012329,32000000,256000264,8090863626561763704
GIST,all,32,2,4,C_TASK_E,1,3085188792669438576,189.629913,180.552383423,32000000,256000264,17659261338669106398
GIST,all,32,2,4,C_TASK_E,0,13392786189952033124,189.8143,180.545532227,32000000,256000264,11348834837147102462
GIST,all,32,2,5,SCAN_L,0,13392786189952033124,189.251217,178.461349487,32000000,256000264,11348834837147102462
GIST,all,32,2,5,SCAN_L,1,3085188792669438576,187.823374,178.172958374,32000000,256000264,17659261338669106398
GIST,all,32,2,5,SCAN_L,2,9607284371048990950,188.159525,178.171875,32000000,256000264,8090863626561763704
GIST,all,32,2,5,SCAN_L,3,17322893638147462453,189.492,178.170394897,32000000,256000264,2317855828534974047
GIST,all,32,2,5,SCAN_L,4,9368830554395401223,189.454489,178.171737671,32000000,256000264,17312208852575438364
GIST,all,32,2,5,SCAN_L,5,8419766857112927641,188.706503,178.171066284,32000000,256000264,13080560581756865296
GIST,all,32,2,5,SCAN_L,6,4668807861364956970,187.435498,178.171737671,32000000,256000264,5008886089217630333
GIST,all,32,2,5,SCAN_L,7,7872727791650862151,187.246535,178.172485352,32000000,256000264,13638370823027440146
GIST,all,32,2,5,SCAN_L,8,15783018974750835728,189.327145,178.169891357,32000000,256000264,16295328437391946995
GIST,all,32,2,5,SCAN_L,9,7601489796430488175,188.650613,178.173370361,32000000,256000264,11375933348201584583
GIST,all,32,2,5,SCAN_L,10,5544530460631338786,187.228043,178.179458618,32000000,256000264,3423857314060612266
GIST,all,32,2,5,SCAN_L,11,12325065973520304682,187.176821,178.171386719,32000000,256000264,5640903141011403082
GIST,all,32,2,5,SCAN_L,12,13216066866632432715,187.184968,178.17225647,32000000,256000264,7934697385139586520
GIST,all,32,2,5,SCAN_L,13,1075722662635840942,187.169869,178.172927856,32000000,256000264,3693345389699998126
GIST,all,32,2,5,SCAN_L,14,3185229373934033660,187.150965,178.170211792,32000000,256000264,13120934312221571947
GIST,all,32,2,5,SCAN_L,15,4980500077960720760,187.059243,178.17199707,32000000,256000264,1159840594661486922
GIST,all,32,2,5,SCAN_L,16,8534462434835011887,187.141506,178.171524048,32000000,256000264,8714334507495996888
GIST,all,32,2,5,SCAN_L,17,2222729423292320042,187.130541,178.171005249,32000000,256000264,18067299511229667476
GIST,all,32,2,5,SCAN_L,18,10765395806018310607,187.147404,178.16796875,32000000,256000264,13386549778882442694
GIST,all,32,2,5,SCAN_L,19,15820513675728183516,187.079907,178.171844482,32000000,256000264,14480376010321538760
GIST,all,32,2,5,SCAN_L,20,10712815744133708220,187.187629,178.171463013,32000000,256000264,8256143506552883744
GIST,all,32,2,5,SCAN_L,21,3486346971057125245,187.494231,178.176025391,32000000,256000264,12925094851512987627
GIST,all,32,2,5,SCAN_L,22,5004653838559619408,189.177438,178.173339844,32000000,256000264,542925346515742578
GIST,all,32,2,5,SCAN_L,23,10851237028586424301,188.103012,178.172958374,32000000,256000264,7130999865827606195
GIST,all,32,2,5,SCAN_L,24,1048821632111722058,187.336758,178.169509888,32000000,256000264,10035627653802916324
GIST,all,32,2,5,SCAN_L,25,13585693668991832971,187.556842,178.464645386,32000000,256000264,4709214226871061839
GIST,all,32,2,5,SCAN_L,26,13539082034095136927,188.436095,178.170394897,32000000,256000264,14607044633077976795
GIST,all,32,2,5,SCAN_L,27,161217794029549079,188.076767,178.174621582,32000000,256000264,2873382694629525323
GIST,all,32,2,5,SCAN_L,28,306400533752808697,187.771633,178.168930054,32000000,256000264,981180160379037297
GIST,all,32,2,5,SCAN_L,29,15030165245001765777,187.087637,178.171066284,32000000,256000264,3487601103710741530
GIST,all,32,2,5,SCAN_L,30,14416838764258129161,187.260278,178.169342041,32000000,256000264,2602423128017784945
GIST,all,32,2,5,SCAN_L,31,7995077726280952526,189.047958,178.172698975,32000000,256000264,4161836380931995304
GIST,all,32,2,5,C_ID_L,0,13392786189952033124,206.684655,196.96697998,32000000,256000264,11348834837147102462
GIST,all,32,2,5,C_ID_L,1,3085188792669438576,206.755721,196.985946655,32000000,256000264,17659261338669106398
GIST,all,32,2,5,C_ID_L,2,9607284371048990950,206.612648,196.969985962,32000000,256000264,8090863626561763704
GIST,all,32,2,5,C_ID_L,3,17322893638147462453,208.228404,196.957214355,32000000,256000264,2317855828534974047
GIST,all,32,2,5,C_ID_L,4,9368830554395401223,208.190494,196.963806152,32000000,256000264,17312208852575438364
GIST,all,32,2,5,C_ID_L,5,8419766857112927641,207.119104,196.974273682,32000000,256000264,13080560581756865296
GIST,all,32,2,5,C_ID_L,6,4668807861364956970,206.769036,196.966018677,32000000,256000264,5008886089217630333
GIST,all,32,2,5,C_ID_L,7,7872727791650862151,206.781066,196.970489502,32000000,256000264,13638370823027440146
GIST,all,32,2,5,C_ID_L,8,15783018974750835728,207.440361,196.964614868,32000000,256000264,16295328437391946995
GIST,all,32,2,5,C_ID_L,9,7601489796430488175,208.137697,196.968582153,32000000,256000264,11375933348201584583
GIST,all,32,2,5,C_ID_L,10,5544530460631338786,208.059567,196.965087891,32000000,256000264,3423857314060612266
GIST,all,32,2,5,C_ID_L,11,12325065973520304682,207.428735,196.967910767,32000000,256000264,5640903141011403082
GIST,all,32,2,5,C_ID_L,12,13216066866632432715,206.283758,196.967651367,32000000,256000264,7934697385139586520
GIST,all,32,2,5,C_ID_L,13,1075722662635840942,206.474854,196.965698242,32000000,256000264,3693345389699998126
GIST,all,32,2,5,C_ID_L,14,3185229373934033660,208.033441,196.973114014,32000000,256000264,13120934312221571947
GIST,all,32,2,5,C_ID_L,15,4980500077960720760,208.029215,196.966461182,32000000,256000264,1159840594661486922
GIST,all,32,2,5,C_ID_L,16,8534462434835011887,207.948565,196.963684082,32000000,256000264,8714334507495996888
GIST,all,32,2,5,C_ID_L,17,2222729423292320042,206.881694,196.965698242,32000000,256000264,18067299511229667476
GIST,all,32,2,5,C_ID_L,18,10765395806018310607,206.666222,197.226593018,32000000,256000264,13386549778882442694
GIST,all,32,2,5,C_ID_L,19,15820513675728183516,206.597839,196.966522217,32000000,256000264,14480376010321538760
GIST,all,32,2,5,C_ID_L,20,10712815744133708220,207.271485,196.96572876,32000000,256000264,8256143506552883744
GIST,all,32,2,5,C_ID_L,21,3486346971057125245,207.896563,196.966278076,32000000,256000264,12925094851512987627
GIST,all,32,2,5,C_ID_L,22,5004653838559619408,207.225089,196.966949463,32000000,256000264,542925346515742578
GIST,all,32,2,5,C_ID_L,23,10851237028586424301,206.823175,196.966659546,32000000,256000264,7130999865827606195
GIST,all,32,2,5,C_ID_L,24,1048821632111722058,206.043768,196.968383789,32000000,256000264,10035627653802916324
GIST,all,32,2,5,C_ID_L,25,13585693668991832971,206.41303,196.970077515,32000000,256000264,4709214226871061839
GIST,all,32,2,5,C_ID_L,26,13539082034095136927,206.537716,196.965927124,32000000,256000264,14607044633077976795
GIST,all,32,2,5,C_ID_L,27,161217794029549079,207.87363,196.97366333,32000000,256000264,2873382694629525323
GIST,all,32,2,5,C_ID_L,28,306400533752808697,207.829845,196.966918945,32000000,256000264,981180160379037297
GIST,all,32,2,5,C_ID_L,29,15030165245001765777,206.840197,196.963012695,32000000,256000264,3487601103710741530
GIST,all,32,2,5,C_ID_L,30,14416838764258129161,206.224645,197.032730103,32000000,256000264,2602423128017784945
GIST,all,32,2,5,C_ID_L,31,7995077726280952526,206.800793,196.968765259,32000000,256000264,4161836380931995304
GIST,all,32,2,5,C_MASK_L,0,13392786189952033124,188.519789,179.184005737,32000000,256000264,11348834837147102462
GIST,all,32,2,5,C_MASK_L,1,3085188792669438576,188.367262,179.185501099,32000000,256000264,17659261338669106398
GIST,all,32,2,5,C_MASK_L,2,9607284371048990950,188.42768,179.183258057,32000000,256000264,8090863626561763704
GIST,all,32,2,5,C_MASK_L,3,17322893638147462453,188.346853,179.181350708,32000000,256000264,2317855828534974047
GIST,all,32,2,5,C_MASK_L,4,9368830554395401223,188.275995,179.18598938,32000000,256000264,17312208852575438364
GIST,all,32,2,5,C_MASK_L,5,8419766857112927641,188.258118,179.182937622,32000000,256000264,13080560581756865296
GIST,all,32,2,5,C_MASK_L,6,4668807861364956970,188.251209,179.182373047,32000000,256000264,5008886089217630333
GIST,all,32,2,5,C_MASK_L,7,7872727791650862151,188.320651,179.181991577,32000000,256000264,13638370823027440146
GIST,all,32,2,5,C_MASK_L,8,15783018974750835728,189.201453,179.193283081,32000000,256000264,16295328437391946995
GIST,all,32,2,5,C_MASK_L,9,7601489796430488175,190.245111,179.187835693,32000000,256000264,11375933348201584583
GIST,all,32,2,5,C_MASK_L,10,5544530460631338786,188.719863,179.182022095,32000000,256000264,3423857314060612266
GIST,all,32,2,5,C_MASK_L,11,12325065973520304682,188.53559,179.470840454,32000000,256000264,5640903141011403082
GIST,all,32,2,5,C_MASK_L,12,13216066866632432715,188.924861,179.186080933,32000000,256000264,7934697385139586520
GIST,all,32,2,5,C_MASK_L,13,1075722662635840942,188.10363,179.180541992,32000000,256000264,3693345389699998126
GIST,all,32,2,5,C_MASK_L,14,3185229373934033660,188.106263,179.187774658,32000000,256000264,13120934312221571947
GIST,all,32,2,5,C_MASK_L,15,4980500077960720760,188.110534,179.18421936,32000000,256000264,1159840594661486922
GIST,all,32,2,5,C_MASK_L,16,8534462434835011887,188.054664,179.183105469,32000000,256000264,8714334507495996888
GIST,all,32,2,5,C_MASK_L,17,2222729423292320042,188.042831,179.183105469,32000000,256000264,18067299511229667476
GIST,all,32,2,5,C_MASK_L,18,10765395806018310607,188.032685,179.186141968,32000000,256000264,13386549778882442694
GIST,all,32,2,5,C_MASK_L,19,15820513675728183516,188.042684,179.181381226,32000000,256000264,14480376010321538760
GIST,all,32,2,5,C_MASK_L,20,10712815744133708220,188.500633,179.182296753,32000000,256000264,8256143506552883744
GIST,all,32,2,5,C_MASK_L,21,3486346971057125245,188.134513,179.187332153,32000000,256000264,12925094851512987627
GIST,all,32,2,5,C_MASK_L,22,5004653838559619408,187.996672,179.183105469,32000000,256000264,542925346515742578
GIST,all,32,2,5,C_MASK_L,23,10851237028586424301,187.992197,179.184280396,32000000,256000264,7130999865827606195
GIST,all,32,2,5,C_MASK_L,24,1048821632111722058,187.975735,179.182373047,32000000,256000264,10035627653802916324
GIST,all,32,2,5,C_MASK_L,25,13585693668991832971,187.981178,179.177886963,32000000,256000264,4709214226871061839
GIST,all,32,2,5,C_MASK_L,26,13539082034095136927,187.920179,179.182556152,32000000,256000264,14607044633077976795
GIST,all,32,2,5,C_MASK_L,27,161217794029549079,187.957109,179.184890747,32000000,256000264,2873382694629525323
GIST,all,32,2,5,C_MASK_L,28,306400533752808697,187.964009,179.179199219,32000000,256000264,981180160379037297
GIST,all,32,2,5,C_MASK_L,29,15030165245001765777,188.501138,179.182983398,32000000,256000264,3487601103710741530
GIST,all,32,2,5,C_MASK_L,30,14416838764258129161,188.061496,179.179489136,32000000,256000264,2602423128017784945
GIST,all,32,2,5,C_MASK_L,31,7995077726280952526,187.976904,179.183486938,32000000,256000264,4161836380931995304
GIST,all,32,2,5,C_TASK_L,0,13392786189952033124,206.57695,197.390335083,32000000,256000264,11348834837147102462
GIST,all,32,2,5,C_TASK_L,1,3085188792669438576,206.530068,197.39704895,32000000,256000264,17659261338669106398
GIST,all,32,2,5,C_TASK_L,2,9607284371048990950,206.480922,197.395492554,32000000,256000264,8090863626561763704
GIST,all,32,2,5,C_TASK_L,3,17322893638147462453,206.454568,197.394973755,32000000,256000264,2317855828534974047
GIST,all,32,2,5,C_TASK_L,4,9368830554395401223,206.430711,197.398468018,32000000,256000264,17312208852575438364
GIST,all,32,2,5,C_TASK_L,5,8419766857112927641,206.721758,197.681945801,32000000,256000264,13080560581756865296
GIST,all,32,2,5,C_TASK_L,6,4668807861364956970,206.435001,197.395202637,32000000,256000264,5008886089217630333
GIST,all,32,2,5,C_TASK_L,7,7872727791650862151,206.450464,197.40133667,32000000,256000264,13638370823027440146
GIST,all,32,2,5,C_TASK_L,8,15783018974750835728,206.430544,197.396728516,32000000,256000264,16295328437391946995
GIST,all,32,2,5,C_TASK_L,9,7601489796430488175,206.421297,197.394241333,32000000,256000264,11375933348201584583
GIST,all,32,2,5,C_TASK_L,10,5544530460631338786,206.384669,197.398300171,32000000,256000264,3423857314060612266
GIST,all,32,2,5,C_TASK_L,11,12325065973520304682,206.41981,197.397247314,32000000,256000264,5640903141011403082
GIST,all,32,2,5,C_TASK_L,12,13216066866632432715,206.418544,197.398147583,32000000,256000264,7934697385139586520
GIST,all,32,2,5,C_TASK_L,13,1075722662635840942,206.409744,197.396835327,32000000,256000264,3693345389699998126
GIST,all,32,2,5,C_TASK_L,14,3185229373934033660,206.345824,197.395111084,32000000,256000264,13120934312221571947
GIST,all,32,2,5,C_TASK_L,15,4980500077960720760,206.438302,197.398178101,32000000,256000264,1159840594661486922
GIST,all,32,2,5,C_TASK_L,16,8534462434835011887,206.64047,197.395462036,32000000,256000264,8714334507495996888
GIST,all,32,2,5,C_TASK_L,17,2222729423292320042,207.853884,197.402404785,32000000,256000264,18067299511229667476
GIST,all,32,2,5,C_TASK_L,18,10765395806018310607,208.503464,197.397155762,32000000,256000264,13386549778882442694
GIST,all,32,2,5,C_TASK_L,19,15820513675728183516,208.514294,197.396514893,32000000,256000264,14480376010321538760
GIST,all,32,2,5,C_TASK_L,20,10712815744133708220,206.3885,197.398406982,32000000,256000264,8256143506552883744
GIST,all,32,2,5,C_TASK_L,21,3486346971057125245,206.381494,197.39704895,32000000,256000264,12925094851512987627
GIST,all,32,2,5,C_TASK_L,22,5004653838559619408,206.371667,197.399169922,32000000,256000264,542925346515742578
GIST,all,32,2,5,C_TASK_L,23,10851237028586424301,206.384674,197.397277832,32000000,256000264,7130999865827606195
GIST,all,32,2,5,C_TASK_L,24,1048821632111722058,206.352124,197.392959595,32000000,256000264,10035627653802916324
GIST,all,32,2,5,C_TASK_L,25,13585693668991832971,206.369146,197.40007019,32000000,256000264,4709214226871061839
GIST,all,32,2,5,C_TASK_L,26,13539082034095136927,206.374005,197.397766113,32000000,256000264,14607044633077976795
GIST,all,32,2,5,C_TASK_L,27,161217794029549079,206.664343,197.393081665,32000000,256000264,2873382694629525323
GIST,all,32,2,5,C_TASK_L,28,306400533752808697,206.356503,197.414367676,32000000,256000264,981180160379037297
GIST,all,32,2,5,C_TASK_L,29,15030165245001765777,206.394148,197.469146729,32000000,256000264,3487601103710741530
GIST,all,32,2,5,C_TASK_L,30,14416838764258129161,206.338387,197.393829346,32000000,256000264,2602423128017784945
GIST,all,32,2,5,C_TASK_L,31,7995077726280952526,206.342641,197.397125244,32000000,256000264,4161836380931995304
GIST,all,32,2,5,SCAN_E,0,13392786189952033124,188.789119,179.489242554,32000000,256000264,11348834837147102462
GIST,all,32,2,5,SCAN_E,1,3085188792669438576,188.829499,179.486724854,32000000,256000264,17659261338669106398
GIST,all,32,2,5,SCAN_E,2,9607284371048990950,189.735937,179.508483887,32000000,256000264,8090863626561763704
GIST,all,32,2,5,SCAN_E,3,17322893638147462453,188.80896,179.488952637,32000000,256000264,2317855828534974047
GIST,all,32,2,5,SCAN_E,4,9368830554395401223,189.180114,179.487640381,32000000,256000264,17312208852575438364
GIST,all,32,2,5,SCAN_E,5,8419766857112927641,189.117087,179.483810425,32000000,256000264,13080560581756865296
GIST,all,32,2,5,SCAN_E,6,4668807861364956970,190.705631,179.488006592,32000000,256000264,5008886089217630333
GIST,all,32,2,5,SCAN_E,7,7872727791650862151,188.551387,179.494491577,32000000,256000264,13638370823027440146
GIST,all,32,2,5,SCAN_E,8,15783018974750835728,188.600088,179.493881226,32000000,256000264,16295328437391946995
GIST,all,32,2,5,SCAN_E,9,7601489796430488175,188.920619,179.490722656,32000000,256000264,11375933348201584583
GIST,all,32,2,5,SCAN_E,10,5544530460631338786,188.542494,179.487258911,32000000,256000264,3423857314060612266
GIST,all,32,2,5,SCAN_E,11,12325065973520304682,188.479374,179.486053467,32000000,256000264,5640903141011403082
GIST,all,32,2,5,SCAN_E,12,13216066866632432715,188.535013,179.490402222,32000000,256000264,7934697385139586520
GIST,all,32,2,5,SCAN_E,13,1075722662635840942,188.451787,179.488510132,32000000,256000264,3693345389699998126
GIST,all,32,2,5,SCAN_E,14,3185229373934033660,188.434908,179.484710693,32000000,256000264,13120934312221571947
GIST,all,32,2,5,SCAN_E,15,4980500077960720760,188.637908,179.487426758,32000000,256000264,1159840594661486922
GIST,all,32,2,5,SCAN_E,16,8534462434835011887,188.467379,179.497573853,32000000,256000264,8714334507495996888
GIST,all,32,2,5,SCAN_E,17,2222729423292320042,188.445973,179.489593506,32000000,256000264,18067299511229667476
GIST,all,32,2,5,SCAN_E,18,10765395806018310607,188.437286,179.486938477,32000000,256000264,13386549778882442694
GIST,all,32,2,5,SCAN_E,19,15820513675728183516,188.407185,179.48815918,32000000,256000264,14480376010321538760
GIST,all,32,2,5,SCAN_E,20,10712815744133708220,188.43835,179.487136841,32000000,256000264,8256143506552883744
GIST,all,32,2,5,SCAN_E,21,3486346971057125245,188.389826,179.490234375,32000000,256000264,12925094851512987627
GIST,all,32,2,5,SCAN_E,22,5004653838559619408,188.36947,179.487747192,32000000,256000264,542925346515742578
GIST,all,32,2,5,SCAN_E,23,10851237028586424301,188.678186,179.77104187,32000000,256000264,7130999865827606195
GIST,all,32,2,5,SCAN_E,24,1048821632111722058,188.369512,179.484954834,32000000,256000264,10035627653802916324
GIST,all,32,2,5,SCAN_E,25,13585693668991832971,188.368427,179.48777771,32000000,256000264,4709214226871061839
GIST,all,32,2,5,SCAN_E,26,13539082034095136927,188.773456,179.490524292,32000000,256000264,14607044633077976795
GIST,all,32,2,5,SCAN_E,27,161217794029549079,188.541196,179.484542847,32000000,256000264,2873382694629525323
GIST,all,32,2,5,SCAN_E,28,306400533752808697,188.417311,179.484451294,32000000,256000264,981180160379037297
GIST,all,32,2,5,SCAN_E,29,15030165245001765777,188.350436,179.489532471,32000000,256000264,3487601103710741530
GIST,all,32,2,5,SCAN_E,30,14416838764258129161,188.293151,179.489593506,32000000,256000264,2602423128017784945
GIST,all,32,2,5,SCAN_E,31,7995077726280952526,188.327269,179.486114502,32000000,256000264,4161836380931995304
GIST,all,32,2,5,C_ID_E,0,13392786189952033124,247.439187,237.883834839,32000000,256000264,11348834837147102462
GIST,all,32,2,5,C_ID_E,1,3085188792669438576,249.325247,237.86114502,32000000,256000264,17659261338669106398
GIST,all,32,2,5,C_ID_E,2,9607284371048990950,248.451675,237.844894409,32000000,256000264,8090863626561763704
GIST,all,32,2,5,C_ID_E,3,17322893638147462453,249.096248,237.85395813,32000000,256000264,2317855828534974047
GIST,all,32,2,5,C_ID_E,4,9368830554395401223,248.48198,237.842269897,32000000,256000264,17312208852575438364
GIST,all,32,2,5,C_ID_E,5,8419766857112927641,249.069585,237.839813232,32000000,256000264,13080560581756865296
GIST,all,32,2,5,C_ID_E,6,4668807861364956970,248.973097,237.844070435,32000000,256000264,5008886089217630333
GIST,all,32,2,5,C_ID_E,7,7872727791650862151,248.976319,237.847396851,32000000,256000264,13638370823027440146
GIST,all,32,2,5,C_ID_E,8,15783018974750835728,248.988581,237.863098145,32000000,256000264,16295328437391946995
GIST,all,32,2,5,C_ID_E,9,7601489796430488175,248.294827,237.840194702,32000000,256000264,11375933348201584583
GIST,all,32,2,5,C_ID_E,10,5544530460631338786,247.227757,237.890853882,32000000,256000264,3423857314060612266
GIST,all,32,2,5,C_ID_E,11,12325065973520304682,246.916305,237.849411011,32000000,256000264,5640903141011403082
GIST,all,32,2,5,C_ID_E,12,13216066866632432715,247.022543,237.852890015,32000000,256000264,7934697385139586520
GIST,all,32,2,5,C_ID_E,13,1075722662635840942,246.768718,237.844161987,32000000,256000264,3693345389699998126
GIST,all,32,2,5,C_ID_E,14,3185229373934033660,246.800739,237.869689941,32000000,256000264,13120934312221571947
GIST,all,32,2,5,C_ID_E,15,4980500077960720760,246.775863,237.845703125,32000000,256000264,1159840594661486922
GIST,all,32,2,5,C_ID_E,16,8534462434835011887,246.751962,237.841125488,32000000,256000264,8714334507495996888
GIST,all,32,2,5,C_ID_E,17,2222729423292320042,246.749423,237.849731445,32000000,256000264,18067299511229667476
GIST,all,32,2,5,C_ID_E,18,10765395806018310607,246.775172,237.852249146,32000000,256000264,13386549778882442694
GIST,all,32,2,5,C_ID_E,19,15820513675728183516,246.788975,237.882873535,32000000,256000264,14480376010321538760
GIST,all,32,2,5,C_ID_E,20,10712815744133708220,247.019923,238.12121582,32000000,256000264,8256143506552883744
GIST,all,32,2,5,C_ID_E,21,3486346971057125245,246.783798,237.854400635,32000000,256000264,12925094851512987627
GIST,all,32,2,5,C_ID_E,22,5004653838559619408,246.74737,237.844833374,32000000,256000264,542925346515742578
GIST,all,32,2,5,C_ID_E,23,10851237028586424301,246.692599,237.834976196,32000000,256000264,7130999865827606195
GIST,all,32,2,5,C_ID_E,24,1048821632111722058,246.78882,237.899551392,32000000,256000264,10035627653802916324
GIST,all,32,2,5,C_ID_E,25,13585693668991832971,246.72484,237.845184326,32000000,256000264,4709214226871061839
GIST,all,32,2,5,C_ID_E,26,13539082034095136927,246.716267,237.849502563,32000000,256000264,14607044633077976795
GIST,all,32,2,5,C_ID_E,27,161217794029549079,246.777832,237.857223511,32000000,256000264,2873382694629525323
GIST,all,32,2,5,C_ID_E,28,306400533752808697,246.757063,237.844711304,32000000,256000264,981180160379037297
GIST,all,32,2,5,C_ID_E,29,15030165245001765777,246.794215,237.902755737,32000000,256000264,3487601103710741530
GIST,all,32,2,5,C_ID_E,30,14416838764258129161,246.727112,237.837020874,32000000,256000264,2602423128017784945
GIST,all,32,2,5,C_ID_E,31,7995077726280952526,246.746085,237.903640747,32000000,256000264,4161836380931995304
GIST,all,32,2,5,C_MASK_E,0,13392786189952033124,190.922068,181.658203125,32000000,256000264,11348834837147102462
GIST,all,32,2,5,C_MASK_E,1,3085188792669438576,190.878173,181.664993286,32000000,256000264,17659261338669106398
GIST,all,32,2,5,C_MASK_E,2,9607284371048990950,190.827336,181.661209106,32000000,256000264,8090863626561763704
GIST,all,32,2,5,C_MASK_E,3,17322893638147462453,190.793059,181.662948608,32000000,256000264,2317855828534974047
GIST,all,32,2,5,C_MASK_E,4,9368830554395401223,190.770721,181.659973145,32000000,256000264,17312208852575438364
GIST,all,32,2,5,C_MASK_E,5,8419766857112927641,190.74633,181.664154053,32000000,256000264,13080560581756865296
GIST,all,32,2,5,C_MASK_E,6,4668807861364956970,190.740814,181.662078857,32000000,256000264,5008886089217630333
GIST,all,32,2,5,C_MASK_E,7,7872727791650862151,190.761827,181.6640625,32000000,256000264,13638370823027440146
GIST,all,32,2,5,C_MASK_E,8,15783018974750835728,190.757854,181.664733887,32000000,256000264,16295328437391946995
GIST,all,32,2,5,C_MASK_E,9,7601489796430488175,190.699186,181.663482666,32000000,256000264,11375933348201584583
GIST,all,32,2,5,C_MASK_E,10,5544530460631338786,190.714766,181.660476685,32000000,256000264,3423857314060612266
GIST,all,32,2,5,C_MASK_E,11,12325065973520304682,190.718838,181.664321899,32000000,256000264,5640903141011403082
GIST,all,32,2,5,C_MASK_E,12,13216066866632432715,190.772432,181.73248291,32000000,256000264,7934697385139586520
GIST,all,32,2,5,C_MASK_E,13,1075722662635840942,190.662211,181.662750244,32000000,256000264,3693345389699998126
GIST,all,32,2,5,C_MASK_E,14,3185229373934033660,190.678289,181.661727905,32000000,256000264,13120934312221571947
GIST,all,32,2,5,C_MASK_E,15,4980500077960720760,190.683516,181.663833618,32000000,256000264,1159840594661486922
GIST,all,32,2,5,C_MASK_E,16,8534462434835011887,190.725564,181.661254883,32000000,256000264,8714334507495996888
GIST,all,32,2,5,C_MASK_E,17,2222729423292320042,190.648932,181.662368774,32000000,256000264,18067299511229667476
GIST,all,32,2,5,C_MASK_E,18,10765395806018310607,190.657594,181.663803101,32000000,256000264,13386549778882442694
GIST,all,32,2,5,C_MASK_E,19,15820513675728183516,190.698056,181.662811279,32000000,256000264,14480376010321538760
GIST,all,32,2,5,C_MASK_E,20,10712815744133708220,190.644928,181.665145874,32000000,256000264,8256143506552883744
GIST,all,32,2,5,C_MASK_E,21,3486346971057125245,190.649816,181.661880493,32000000,256000264,12925094851512987627
GIST,all,32,2,5,C_MASK_E,22,5004653838559619408,190.632569,181.665222168,32000000,256000264,542925346515742578
GIST,all,32,2,5,C_MASK_E,23,10851237028586424301,190.682973,181.665222168,32000000,256000264,7130999865827606195
GIST,all,32,2,5,C_MASK_E,24,1048821632111722058,190.706439,181.660614014,32000000,256000264,10035627653802916324
GIST,all,32,2,5,C_MASK_E,25,13585693668991832971,191.15413,181.672058105,32000000,256000264,4709214226871061839
GIST,all,32,2,5,C_MASK_E,26,13539082034095136927,190.965075,181.661209106,32000000,256000264,14607044633077976795
GIST,all,32,2,5,C_MASK_E,27,161217794029549079,191.672136,181.660507202,32000000,256000264,2873382694629525323
GIST,all,32,2,5,C_MASK_E,28,306400533752808697,192.724755,181.660446167,32000000,256000264,981180160379037297
GIST,all,32,2,5,C_MASK_E,29,15030165245001765777,192.725182,181.660827637,32000000,256000264,3487601103710741530
GIST,all,32,2,5,C_MASK_E,30,14416838764258129161,191.138607,181.661117554,32000000,256000264,2602423128017784945
GIST,all,32,2,5,C_MASK_E,31,7995077726280952526,190.98672,181.659103394,32000000,256000264,4161836380931995304
GIST,all,32,2,5,C_TASK_E,0,13392786189952033124,189.790346,180.544570923,32000000,256000264,11348834837147102462
GIST,all,32,2,5,C_TASK_E,1,3085188792669438576,189.700817,180.551513672,32000000,256000264,17659261338669106398
GIST,all,32,2,5,C_TASK_E,2,9607284371048990950,189.687687,180.548675537,32000000,256000264,8090863626561763704
GIST,all,32,2,5,C_TASK_E,3,17322893638147462453,189.617829,180.544769287,32000000,256000264,2317855828534974047
GIST,all,32,2,5,C_TASK_E,4,9368830554395401223,189.593336,180.551300049,32000000,256000264,17312208852575438364
GIST,all,32,2,5,C_TASK_E,5,8419766857112927641,190.230904,180.847579956,32000000,256000264,13080560581756865296
GIST,all,32,2,5,C_TASK_E,6,4668807861364956970,191.685652,180.551559448,32000000,256000264,5008886089217630333
GIST,all,32,2,5,C_TASK_E,7,7872727791650862151,190.230547,180.542434692,32000000,256000264,13638370823027440146
GIST,all,32,2,5,C_TASK_E,8,15783018974750835728,189.662369,180.545471191,32000000,256000264,16295328437391946995
GIST,all,32,2,5,C_TASK_E,9,7601489796430488175,189.461499,180.543869019,32000000,256000264,11375933348201584583
GIST,all,32,2,5,C_TASK_E,10,5544530460631338786,189.935549,180.546234131,32000000,256000264,3423857314060612266
GIST,all,32,2,5,C_TASK_E,11,12325065973520304682,191.518676,180.5440979,32000000,256000264,5640903141011403082
GIST,all,32,2,5,C_TASK_E,12,13216066866632432715,189.920999,180.543365479,32000000,256000264,7934697385139586520
GIST,all,32,2,5,C_TASK_E,13,1075722662635840942,189.559898,180.545349121,32000000,256000264,3693345389699998126
GIST,all,32,2,5,C_TASK_E,14,3185229373934033660,189.397219,180.538619995,32000000,256000264,13120934312221571947
GIST,all,32,2,5,C_TASK_E,15,4980500077960720760,189.574797,180.544570923,32000000,256000264,1159840594661486922
GIST,all,32,2,5,C_TASK_E,16,8534462434835011887,191.436702,180.548156738,32000000,256000264,8714334507495996888
GIST,all,32,2,5,C_TASK_E,17,2222729423292320042,189.736412,180.543716431,32000000,256000264,18067299511229667476
GIST,all,32,2,5,C_TASK_E,18,10765395806018310607,189.539647,180.546173096,32000000,256000264,13386549778882442694
GIST,all,32,2,5,C_TASK_E,19,15820513675728183516,189.298829,180.546524048,32000000,256000264,14480376010321538760
GIST,all,32,2,5,C_TASK_E,20,10712815744133708220,189.60009,180.546112061,32000000,256000264,8256143506552883744
GIST,all,32,2,5,C_TASK_E,21,3486346971057125245,191.332271,180.540420532,32000000,256000264,12925094851512987627
GIST,all,32,2,5,C_TASK_E,22,5004653838559619408,190.257376,180.544952393,32000000,256000264,542925346515742578
GIST,all,32,2,5,C_TASK_E,23,10851237028586424301,189.770732,180.546585083,32000000,256000264,7130999865827606195
GIST,all,32,2,5,C_TASK_E,24,1048821632111722058,190.017101,180.54447937,32000000,256000264,10035627653802916324
GIST,all,32,2,5,C_TASK_E,25,13585693668991832971,190.644102,180.544326782,32000000,256000264,4709214226871061839
GIST,all,32,2,5,C_TASK_E,26,13539082034095136927,191.270848,180.543838501,32000000,256000264,14607044633077976795
GIST,all,32,2,5,C_TASK_E,27,161217794029549079,190.640097,180.54460144,32000000,256000264,2873382694629525323
GIST,all,32,2,5,C_TASK_E,28,306400533752808697,189.661261,180.550018311,32000000,256000264,981180160379037297
GIST,all,32,2,5,C_TASK_E,29,15030165245001765777,189.974546,180.540313721,32000000,256000264,3487601103710741530
GIST,all,32,2,5,C_TASK_E,30,14416838764258129161,190.109052,180.826080322,32000000,256000264,2602423128017784945
GIST,all,32,2,5,C_TASK_E,31,7995077726280952526,191.269079,180.540924072,32000000,256000264,4161836380931995304
GIST,all,32,2,6,SCAN_L,31,7995077726280952526,187.431448,178.171035767,32000000,256000264,4161836380931995304
GIST,all,32,2,6,SCAN_L,30,14416838764258129161,187.333902,178.170883179,32000000,256000264,2602423128017784945
GIST,all,32,2,6,SCAN_L,29,15030165245001765777,187.360305,178.170150757,32000000,256000264,3487601103710741530
GIST,all,32,2,6,SCAN_L,28,306400533752808697,187.325269,178.171264648,32000000,256000264,981180160379037297
GIST,all,32,2,6,SCAN_L,27,161217794029549079,187.624569,178.466522217,32000000,256000264,2873382694629525323
GIST,all,32,2,6,SCAN_L,26,13539082034095136927,189.485339,178.178787231,32000000,256000264,14607044633077976795
GIST,all,32,2,6,SCAN_L,25,13585693668991832971,187.883448,178.174468994,32000000,256000264,4709214226871061839
GIST,all,32,2,6,SCAN_L,24,1048821632111722058,188.377951,178.169692993,32000000,256000264,10035627653802916324
GIST,all,32,2,6,SCAN_L,23,10851237028586424301,189.455098,178.170791626,32000000,256000264,7130999865827606195
GIST,all,32,2,6,SCAN_L,22,5004653838559619408,188.770157,178.171005249,32000000,256000264,542925346515742578
GIST,all,32,2,6,SCAN_L,21,3486346971057125245,188.755607,178.17237854,32000000,256000264,12925094851512987627
GIST,all,32,2,6,SCAN_L,20,10712815744133708220,187.981107,178.172409058,32000000,256000264,8256143506552883744
GIST,all,32,2,6,SCAN_L,19,15820513675728183516,189.433483,178.169754028,32000000,256000264,14480376010321538760
GIST,all,32,2,6,SCAN_L,18,10765395806018310607,189.442011,178.171737671,32000000,256000264,13386549778882442694
GIST,all,32,2,6,SCAN_L,17,2222729423292320042,188.727385,178.170394897,32000000,256000264,18067299511229667476
GIST,all,32,2,6,SCAN_L,16,8534462434835011887,187.673848,178.170883179,32000000,256000264,8714334507495996888
GIST,all,32,2,6,SCAN_L,15,4980500077960720760,187.771349,178.169692993,32000000,256000264,1159840594661486922
GIST,all,32,2,6,SCAN_L,14,3185229373934033660,187.253038,178.173858643,32000000,256000264,13120934312221571947
GIST,all,32,2,6,SCAN_L,13,1075722662635840942,187.245192,178.18182373,32000000,256000264,3693345389699998126
GIST,all,32,2,6,SCAN_L,12,13216066866632432715,187.245287,178.171066284,32000000,256000264,7934697385139586520
GIST,all,32,2,6,SCAN_L,11,12325065973520304682,187.252116,178.171585083,32000000,256000264,5640903141011403082
GIST,all,32,2,6,SCAN_L,10,5544530460631338786,187.258001,178.168701172,32000000,256000264,3423857314060612266
GIST,all,32,2,6,SCAN_L,9,7601489796430488175,187.242554,178.173309326,32000000,256000264,11375933348201584583
GIST,all,32,2,6,SCAN_L,8,15783018974750835728,187.243939,178.169250488,32000000,256000264,16295328437391946995
GIST,all,32,2,6,SCAN_L,7,7872727791650862151,187.229725,178.171524048,32000000,256000264,13638370823027440146
GIST,all,32,2,6,SCAN_L,6,4668807861364956970,187.233644,178.167297363,32000000,256000264,5008886089217630333
GIST,all,32,2,6,SCAN_L,5,8419766857112927641,187.216767,178.171936035,32000000,256000264,13080560581756865296
GIST,all,32,2,6,SCAN_L,4,9368830554395401223,187.245233,178.169830322,32000000,256000264,17312208852575438364
GIST,all,32,2,6,SCAN_L,3,17322893638147462453,187.196713,178.171676636,32000000,256000264,2317855828534974047
GIST,all,32,2,6,SCAN_L,2,9607284371048990950,187.460866,178.406021118,32000000,256000264,8090863626561763704
GIST,all,32,2,6,SCAN_L,1,3085188792669438576,187.238787,178.174713135,32000000,256000264,17659261338669106398
GIST,all,32,2,6,SCAN_L,0,13392786189952033124,187.200473,178.168838501,32000000,256000264,11348834837147102462
GIST,all,32,2,6,C_ID_L,31,7995077726280952526,206.315509,196.970214844,32000000,256000264,4161836380931995304
GIST,all,32,2,6,C_ID_L,30,14416838764258129161,206.17875,196.974777222,32000000,256000264,2602423128017784945
GIST,all,32,2,6,C_ID_L,29,15030165245001765777,206.159797,196.972793579,32000000,256000264,3487601103710741530
GIST,all,32,2,6,C_ID_L,28,306400533752808697,206.193316,197.04246521,32000000,256000264,981180160379037297
GIST,all,32,2,6,C_ID_L,27,161217794029549079,206.88249,196.973434448,32000000,256000264,2873382694629525323
GIST,all,32,2,6,C_ID_L,26,13539082034095136927,207.343496,197.041381836,32000000,256000264,14607044633077976795
GIST,all,32,2,6,C_ID_L,25,13585693668991832971,207.275501,196.97013855,32000000,256000264,4709214226871061839
GIST,all,32,2,6,C_ID_L,24,1048821632111722058,207.539614,196.971801758,32000000,256000264,10035627653802916324
GIST,all,32,2,6,C_ID_L,23,10851237028586424301,208.185578,196.970169067,32000000,256000264,7130999865827606195
GIST,all,32,2,6,C_ID_L,22,5004653838559619408,208.246957,197.045761108,32000000,256000264,542925346515742578
GIST,all,32,2,6,C_ID_L,21,3486346971057125245,208.132851,196.968734741,32000000,256000264,12925094851512987627
GIST,all,32,2,6,C_ID_L,20,10712815744133708220,208.101577,196.97088623,32000000,256000264,8256143506552883744
GIST,all,32,2,6,C_ID_L,19,15820513675728183516,208.200853,196.968612671,32000000,256000264,14480376010321538760
GIST,all,32,2,6,C_ID_L,18,10765395806018310607,207.425227,196.969284058,32000000,256000264,13386549778882442694
GIST,all,32,2,6,C_ID_L,17,2222729423292320042,208.094316,196.967300415,32000000,256000264,18067299511229667476
GIST,all,32,2,6,C_ID_L,16,8534462434835011887,206.520402,196.97164917,32000000,256000264,8714334507495996888
GIST,all,32,2,6,C_ID_L,15,4980500077960720760,206.752692,196.972640991,32000000,256000264,1159840594661486922
GIST,all,32,2,6,C_ID_L,14,3185229373934033660,206.756034,196.969314575,32000000,256000264,13120934312221571947
GIST,all,32,2,6,C_ID_L,13,1075722662635840942,208.114825,196.968292236,32000000,256000264,3693345389699998126
GIST,all,32,2,6,C_ID_L,12,13216066866632432715,207.460447,196.963302612,32000000,256000264,7934697385139586520
GIST,all,32,2,6,C_ID_L,11,12325065973520304682,207.043058,197.036773682,32000000,256000264,5640903141011403082
GIST,all,32,2,6,C_ID_L,10,5544530460631338786,206.464118,196.970275879,32000000,256000264,3423857314060612266
GIST,all,32,2,6,C_ID_L,9,7601489796430488175,206.364332,197.238174438,32000000,256000264,11375933348201584583
GIST,all,32,2,6,C_ID_L,8,15783018974750835728,205.92283,196.968933105,32000000,256000264,16295328437391946995
GIST,all,32,2,6,C_ID_L,7,7872727791650862151,206.272033,196.97088623,32000000,256000264,13638370823027440146
GIST,all,32,2,6,C_ID_L,6,4668807861364956970,208.020368,196.968475342,32000000,256000264,5008886089217630333
GIST,all,32,2,6,C_ID_L,5,8419766857112927641,206.402078,196.968856812,32000000,256000264,13080560581756865296
GIST,all,32,2,6,C_ID_L,4,9368830554395401223,206.389595,196.969543457,32000000,256000264,17312208852575438364
GIST,all,32,2,6,C_ID_L,3,17322893638147462453,205.903146,196.967803955,32000000,256000264,2317855828534974047
GIST,all,32,2,6,C_ID_L,2,9607284371048990950,207.314851,196.971710205,32000000,256000264,8090863626561763704
GIST,all,32,2,6,C_ID_L,1,3085188792669438576,207.927,196.964675903,32000000,256000264,17659261338669106398
GIST,all,32,2,6,C_ID_L,0,13392786189952033124,205.912283,196.977310181,32000000,256000264,11348834837147102462
GIST,all,32,2,6,C_MASK_L,31,7995077726280952526,188.450502,179.186401367,32000000,256000264,4161836380931995304
GIST,all,32,2,6,C_MASK_L,30,14416838764258129161,188.35263,179.183746338,32000000,256000264,2602423128017784945
GIST,all,32,2,6,C_MASK_L,29,15030165245001765777,188.353306,179.185379028,32000000,256000264,3487601103710741530
GIST,all,32,2,6,C_MASK_L,28,306400533752808697,188.339303,179.185317993,32000000,256000264,981180160379037297
GIST,all,32,2,6,C_MASK_L,27,161217794029549079,188.307557,179.180633545,32000000,256000264,2873382694629525323
GIST,all,32,2,6,C_MASK_L,26,13539082034095136927,188.290817,179.182937622,32000000,256000264,14607044633077976795
GIST,all,32,2,6,C_MASK_L,25,13585693668991832971,188.251949,179.180770874,32000000,256000264,4709214226871061839
GIST,all,32,2,6,C_MASK_L,24,1048821632111722058,188.199568,179.185287476,32000000,256000264,10035627653802916324
GIST,all,32,2,6,C_MASK_L,23,10851237028586424301,188.210691,179.180831909,32000000,256000264,7130999865827606195
GIST,all,32,2,6,C_MASK_L,22,5004653838559619408,188.965315,179.187393188,32000000,256000264,542925346515742578
GIST,all,32,2,6,C_MASK_L,21,3486346971057125245,189.516802,179.189056396,32000000,256000264,12925094851512987627
GIST,all,32,2,6,C_MASK_L,20,10712815744133708220,188.177246,179.181213379,32000000,256000264,8256143506552883744
GIST,all,32,2,6,C_MASK_L,19,15820513675728183516,188.18134,179.185638428,32000000,256000264,14480376010321538760
GIST,all,32,2,6,C_MASK_L,18,10765395806018310607,188.19235,179.183105469,32000000,256000264,13386549778882442694
GIST,all,32,2,6,C_MASK_L,17,2222729423292320042,188.164058,179.186401367,32000000,256000264,18067299511229667476
GIST,all,32,2,6,C_MASK_L,16,8534462434835011887,188.144636,179.188034058,32000000,256000264,8714334507495996888
GIST,all,32,2,6,C_MASK_L,15,4980500077960720760,188.155094,179.254882812,32000000,256000264,1159840594661486922
GIST,all,32,2,6,C_MASK_L,14,3185229373934033660,188.131172,179.188613892,32000000,256000264,13120934312221571947
GIST,all,32,2,6,C_MASK_L,13,1075722662635840942,188.097184,179.181793213,32000000,256000264,3693345389699998126
GIST,all,32,2,6,C_MASK_L,12,13216066866632432715,188.120413,179.187591553,32000000,256000264,7934697385139586520
GIST,all,32,2,6,C_MASK_L,11,12325065973520304682,188.061046,179.183898926,32000000,256000264,5640903141011403082
GIST,all,32,2,6,C_MASK_L,10,5544530460631338786,188.089258,179.182342529,32000000,256000264,3423857314060612266
GIST,all,32,2,6,C_MASK_L,9,7601489796430488175,188.078669,179.183807373,32000000,256000264,11375933348201584583
GIST,all,32,2,6,C_MASK_L,8,15783018974750835728,188.121989,179.18460083,32000000,256000264,16295328437391946995
GIST,all,32,2,6,C_MASK_L,7,7872727791650862151,188.155001,179.183868408,32000000,256000264,13638370823027440146
GIST,all,32,2,6,C_MASK_L,6,4668807861364956970,188.054753,179.182235718,32000000,256000264,5008886089217630333
GIST,all,32,2,6,C_MASK_L,5,8419766857112927641,188.058723,179.181152344,32000000,256000264,13080560581756865296
GIST,all,32,2,6,C_MASK_L,4,9368830554395401223,188.054921,179.182525635,32000000,256000264,17312208852575438364
GIST,all,32,2,6,C_MASK_L,3,17322893638147462453,188.026911,179.181594849,32000000,256000264,2317855828534974047
GIST,all,32,2,6,C_MASK_L,2,9607284371048990950,188.055351,179.181533813,32000000,256000264,8090863626561763704
GIST,all,32,2,6,C_MASK_L,1,3085188792669438576,188.35459,179.183868408,32000000,256000264,17659261338669106398
GIST,all,32,2,6,C_MASK_L,0,13392786189952033124,188.07935,179.186401367,32000000,256000264,11348834837147102462
GIST,all,32,2,6,C_TASK_L,31,7995077726280952526,206.645504,197.395645142,32000000,256000264,4161836380931995304
GIST,all,32,2,6,C_TASK_L,30,14416838764258129161,206.520994,197.400222778,32000000,256000264,2602423128017784945
GIST,all,32,2,6,C_TASK_L,29,15030165245001765777,206.503769,197.394714355,32000000,256000264,3487601103710741530
GIST,all,32,2,6,C_TASK_L,28,306400533752808697,206.48346,197.397155762,32000000,256000264,981180160379037297
GIST,all,32,2,6,C_TASK_L,27,161217794029549079,206.484253,197.397277832,32000000,256000264,2873382694629525323
GIST,all,32,2,6,C_TASK_L,26,13539082034095136927,206.457393,197.394012451,32000000,256000264,14607044633077976795
GIST,all,32,2,6,C_TASK_L,25,13585693668991832971,206.449411,197.396026611,32000000,256000264,4709214226871061839
GIST,all,32,2,6,C_TASK_L,24,1048821632111722058,206.43833,197.395233154,32000000,256000264,10035627653802916324
GIST,all,32,2,6,C_TASK_L,23,10851237028586424301,206.465902,197.397476196,32000000,256000264,7130999865827606195
GIST,all,32,2,6,C_TASK_L,22,5004653838559619408,206.711888,197.685028076,32000000,256000264,542925346515742578
GIST,all,32,2,6,C_TASK_L,21,3486346971057125245,206.441765,197.397537231,32000000,256000264,12925094851512987627
GIST,all,32,2,6,C_TASK_L,20,10712815744133708220,206.367188,197.390106201,32000000,256000264,8256143506552883744
GIST,all,32,2,6,C_TASK_L,19,15820513675728183516,206.365383,197.394790649,32000000,256000264,14480376010321538760
GIST,all,32,2,6,C_TASK_L,18,10765395806018310607,206.362731,197.393157959,32000000,256000264,13386549778882442694
GIST,all,32,2,6,C_TASK_L,17,2222729423292320042,206.361011,197.394073486,32000000,256000264,18067299511229667476
GIST,all,32,2,6,C_TASK_L,16,8534462434835011887,206.320158,197.400222778,32000000,256000264,8714334507495996888
GIST,all,32,2,6,C_TASK_L,15,4980500077960720760,206.282197,197.391647339,32000000,256000264,1159840594661486922
GIST,all,32,2,6,C_TASK_L,14,3185229373934033660,206.295021,197.391387939,32000000,256000264,13120934312221571947
GIST,all,32,2,6,C_TASK_L,13,1075722662635840942,206.275346,197.394180298,32000000,256000264,3693345389699998126
GIST,all,32,2,6,C_TASK_L,12,13216066866632432715,206.362025,197.396194458,32000000,256000264,7934697385139586520
GIST,all,32,2,6,C_TASK_L,11,12325065973520304682,206.29653,197.393249512,32000000,256000264,5640903141011403082
GIST,all,32,2,6,C_TASK_L,10,5544530460631338786,206.255571,197.396133423,32000000,256000264,3423857314060612266
GIST,all,32,2,6,C_TASK_L,9,7601489796430488175,206.239341,197.397796631,32000000,256000264,11375933348201584583
GIST,all,32,2,6,C_TASK_L,8,15783018974750835728,206.236659,197.396987915,32000000,256000264,16295328437391946995
GIST,all,32,2,6,C_TASK_L,7,7872727791650862151,206.223176,197.392379761,32000000,256000264,13638370823027440146
GIST,all,32,2,6,C_TASK_L,6,4668807861364956970,208.31968,197.40246582,32000000,256000264,5008886089217630333
GIST,all,32,2,6,C_TASK_L,5,8419766857112927641,208.307356,197.395172119,32000000,256000264,13080560581756865296
GIST,all,32,2,6,C_TASK_L,4,9368830554395401223,206.64931,197.398269653,32000000,256000264,17312208852575438364
GIST,all,32,2,6,C_TASK_L,3,17322893638147462453,206.861083,197.392547607,32000000,256000264,2317855828534974047
GIST,all,32,2,6,C_TASK_L,2,9607284371048990950,206.527874,197.397445679,32000000,256000264,8090863626561763704
GIST,all,32,2,6,C_TASK_L,1,3085188792669438576,207.237477,197.399673462,32000000,256000264,17659261338669106398
GIST,all,32,2,6,C_TASK_L,0,13392786189952033124,206.71674,197.396377563,32000000,256000264,11348834837147102462
GIST,all,32,2,6,SCAN_E,31,7995077726280952526,188.640421,179.485214233,32000000,256000264,4161836380931995304
GIST,all,32,2,6,SCAN_E,30,14416838764258129161,188.644261,179.558074951,32000000,256000264,2602423128017784945
GIST,all,32,2,6,SCAN_E,29,15030165245001765777,188.580706,179.486877441,32000000,256000264,3487601103710741530
GIST,all,32,2,6,SCAN_E,28,306400533752808697,188.728675,179.494812012,32000000,256000264,981180160379037297
GIST,all,32,2,6,SCAN_E,27,161217794029549079,188.491267,179.48815918,32000000,256000264,2873382694629525323
GIST,all,32,2,6,SCAN_E,26,13539082034095136927,188.512559,179.487747192,32000000,256000264,14607044633077976795
GIST,all,32,2,6,SCAN_E,25,13585693668991832971,188.535131,179.485214233,32000000,256000264,4709214226871061839
GIST,all,32,2,6,SCAN_E,24,1048821632111722058,188.50778,179.488739014,32000000,256000264,10035627653802916324
GIST,all,32,2,6,SCAN_E,23,10851237028586424301,188.509593,179.488922119,32000000,256000264,7130999865827606195
GIST,all,32,2,6,SCAN_E,22,5004653838559619408,188.480495,179.490875244,32000000,256000264,542925346515742578
GIST,all,32,2,6,SCAN_E,21,3486346971057125245,188.528794,179.487869263,32000000,256000264,12925094851512987627
GIST,all,32,2,6,SCAN_E,20,10712815744133708220,188.485104,179.486526489,32000000,256000264,8256143506552883744
GIST,all,32,2,6,SCAN_E,19,15820513675728183516,188.494413,179.48828125,32000000,256000264,14480376010321538760
GIST,all,32,2,6,SCAN_E,18,10765395806018310607,188.461571,179.488220215,32000000,256000264,13386549778882442694
GIST,all,32,2,6,SCAN_E,17,2222729423292320042,188.464609,179.486236572,32000000,256000264,18067299511229667476
GIST,all,32,2,6,SCAN_E,16,8534462434835011887,188.465639,179.488479614,32000000,256000264,8714334507495996888
GIST,all,32,2,6,SCAN_E,15,4980500077960720760,188.451824,179.486373901,32000000,256000264,1159840594661486922
GIST,all,32,2,6,SCAN_E,14,3185229373934033660,188.422819,179.48664856,32000000,256000264,13120934312221571947
GIST,all,32,2,6,SCAN_E,13,1075722662635840942,188.450257,179.486694336,32000000,256000264,3693345389699998126
GIST,all,32,2,6,SCAN_E,12,13216066866632432715,188.422706,179.487075806,32000000,256000264,7934697385139586520
GIST,all,32,2,6,SCAN_E,11,12325065973520304682,188.481953,179.48576355,32000000,256000264,5640903141011403082
GIST,all,32,2,6,SCAN_E,10,5544530460631338786,188.419317,179.487869263,32000000,256000264,3423857314060612266
GIST,all,32,2,6,SCAN_E,9,7601489796430488175,188.430421,179.488388062,32000000,256000264,11375933348201584583
GIST,all,32,2,6,SCAN_E,8,15783018974750835728,188.414104,179.487869263,32000000,256000264,16295328437391946995
GIST,all,32,2,6,SCAN_E,7,7872727791650862151,188.449546,179.488189697,32000000,256000264,13638370823027440146
GIST,all,32,2,6,SCAN_E,6,4668807861364956970,188.410668,179.487197876,32000000,256000264,5008886089217630333
GIST,all,32,2,6,SCAN_E,5,8419766857112927641,188.532064,179.557312012,32000000,256000264,13080560581756865296
GIST,all,32,2,6,SCAN_E,4,9368830554395401223,188.441797,179.485565186,32000000,256000264,17312208852575438364
GIST,all,32,2,6,SCAN_E,3,17322893638147462453,188.458852,179.48538208,32000000,256000264,2317855828534974047
GIST,all,32,2,6,SCAN_E,2,9607284371048990950,188.373962,179.483169556,32000000,256000264,8090863626561763704
GIST,all,32,2,6,SCAN_E,1,3085188792669438576,188.388511,179.485534668,32000000,256000264,17659261338669106398
GIST,all,32,2,6,SCAN_E,0,13392786189952033124,188.435431,179.486587524,32000000,256000264,11348834837147102462
GIST,all,32,2,6,C_ID_E,31,7995077726280952526,247.101127,237.843002319,32000000,256000264,4161836380931995304
GIST,all,32,2,6,C_ID_E,30,14416838764258129161,247.05447,237.850753784,32000000,256000264,2602423128017784945
GIST,all,32,2,6,C_ID_E,29,15030165245001765777,247.013046,237.858688354,32000000,256000264,3487601103710741530
GIST,all,32,2,6,C_ID_E,28,306400533752808697,246.94858,237.837753296,32000000,256000264,981180160379037297
GIST,all,32,2,6,C_ID_E,27,161217794029549079,246.902468,237.842437744,32000000,256000264,2873382694629525323
GIST,all,32,2,6,C_ID_E,26,13539082034095136927,246.861026,237.839904785,32000000,256000264,14607044633077976795
GIST,all,32,2,6,C_ID_E,25,13585693668991832971,246.963202,237.877029419,32000000,256000264,4709214226871061839
GIST,all,32,2,6,C_ID_E,24,1048821632111722058,246.906082,237.854629517,32000000,256000264,10035627653802916324
GIST,all,32,2,6,C_ID_E,23,10851237028586424301,246.841158,237.84828186,32000000,256000264,7130999865827606195
GIST,all,32,2,6,C_ID_E,22,5004653838559619408,246.830317,237.852294922,32000000,256000264,542925346515742578
GIST,all,32,2,6,C_ID_E,21,3486346971057125245,246.825092,237.884185791,32000000,256000264,12925094851512987627
GIST,all,32,2,6,C_ID_E,20,10712815744133708220,246.83821,237.847518921,32000000,256000264,8256143506552883744
GIST,all,32,2,6,C_ID_E,19,15820513675728183516,246.78126,237.844573975,32000000,256000264,14480376010321538760
GIST,all,32,2,6,C_ID_E,18,10765395806018310607,246.781457,237.850204468,32000000,256000264,13386549778882442694
GIST,all,32,2,6,C_ID_E,17,2222729423292320042,247.119582,237.843292236,32000000,256000264,18067299511229667476
GIST,all,32,2,6,C_ID_E,16,8534462434835011887,247.093548,238.148193359,32000000,256000264,8714334507495996888
GIST,all,32,2,6,C_ID_E,15,4980500077960720760,246.771206,237.851013184,32000000,256000264,1159840594661486922
GIST,all,32,2,6,C_ID_E,14,3185229373934033660,246.778842,237.832824707,32000000,256000264,13120934312221571947
GIST,all,32,2,6,C_ID_E,13,1075722662635840942,246.70925,237.84211731,32000000,256000264,3693345389699998126
GIST,all,32,2,6,C_ID_E,12,13216066866632432715,246.749874,237.836380005,32000000,256000264,7934697385139586520
GIST,all,32,2,6,C_ID_E,11,12325065973520304682,246.721755,237.842681885,32000000,256000264,5640903141011403082
GIST,all,32,2,6,C_ID_E,10,5544530460631338786,246.730676,237.849945068,32000000,256000264,3423857314060612266
GIST,all,32,2,6,C_ID_E,9,7601489796430488175,246.679631,237.85043335,32000000,256000264,11375933348201584583
GIST,all,32,2,6,C_ID_E,8,15783018974750835728,246.759063,237.846466064,32000000,256000264,16295328437391946995
GIST,all,32,2,6,C_ID_E,7,7872727791650862151,246.709058,237.846939087,32000000,256000264,13638370823027440146
GIST,all,32,2,6,C_ID_E,6,4668807861364956970,246.727814,237.846939087,32000000,256000264,5008886089217630333
GIST,all,32,2,6,C_ID_E,5,8419766857112927641,246.709281,237.854660034,32000000,256000264,13080560581756865296
GIST,all,32,2,6,C_ID_E,4,9368830554395401223,246.692498,237.88243103,32000000,256000264,17312208852575438364
GIST,all,32,2,6,C_ID_E,3,17322893638147462453,246.725429,237.854110718,32000000,256000264,2317855828534974047
GIST,all,32,2,6,C_ID_E,2,9607284371048990950,246.683702,237.847076416,32000000,256000264,8090863626561763704
GIST,all,32,2,6,C_ID_E,1,3085188792669438576,246.675086,237.860122681,32000000,256000264,17659261338669106398
GIST,all,32,2,6,C_ID_E,0,13392786189952033124,246.730577,237.854598999,32000000,256000264,11348834837147102462
GIST,all,32,2,6,C_MASK_E,31,7995077726280952526,193.156587,181.662918091,32000000,256000264,4161836380931995304
GIST,all,32,2,6,C_MASK_E,30,14416838764258129161,191.96157,181.665023804,32000000,256000264,2602423128017784945
GIST,all,32,2,6,C_MASK_E,29,15030165245001765777,191.589514,181.665023804,32000000,256000264,3487601103710741530
GIST,all,32,2,6,C_MASK_E,28,306400533752808697,190.82501,181.66355896,32000000,256000264,981180160379037297
GIST,all,32,2,6,C_MASK_E,27,161217794029549079,192.241252,181.66368103,32000000,256000264,2873382694629525323
GIST,all,32,2,6,C_MASK_E,26,13539082034095136927,191.795487,181.662597656,32000000,256000264,14607044633077976795
GIST,all,32,2,6,C_MASK_E,25,13585693668991832971,190.914145,181.660385132,32000000,256000264,4709214226871061839
GIST,all,32,2,6,C_MASK_E,24,1048821632111722058,190.898093,181.659042358,32000000,256000264,10035627653802916324
GIST,all,32,2,6,C_MASK_E,23,10851237028586424301,192.207392,181.662109375,32000000,256000264,7130999865827606195
GIST,all,32,2,6,C_MASK_E,22,5004653838559619408,192.87625,181.66368103,32000000,256000264,542925346515742578
GIST,all,32,2,6,C_MASK_E,21,3486346971057125245,192.138765,181.658874512,32000000,256000264,12925094851512987627
GIST,all,32,2,6,C_MASK_E,20,10712815744133708220,190.828663,181.677566528,32000000,256000264,8256143506552883744
GIST,all,32,2,6,C_MASK_E,19,15820513675728183516,190.680695,181.666625977,32000000,256000264,14480376010321538760
GIST,all,32,2,6,C_MASK_E,18,10765395806018310607,190.684921,181.664764404,32000000,256000264,13386549778882442694
GIST,all,32,2,6,C_MASK_E,17,2222729423292320042,190.665232,181.665817261,32000000,256000264,18067299511229667476
GIST,all,32,2,6,C_MASK_E,16,8534462434835011887,190.667024,181.661499023,32000000,256000264,8714334507495996888
GIST,all,32,2,6,C_MASK_E,15,4980500077960720760,190.873027,181.938751221,32000000,256000264,1159840594661486922
GIST,all,32,2,6,C_MASK_E,14,3185229373934033660,190.684217,181.660675049,32000000,256000264,13120934312221571947
GIST,all,32,2,6,C_MASK_E,13,1075722662635840942,190.645886,181.660797119,32000000,256000264,3693345389699998126
GIST,all,32,2,6,C_MASK_E,12,13216066866632432715,190.661104,181.655929565,32000000,256000264,7934697385139586520
GIST,all,32,2,6,C_MASK_E,11,12325065973520304682,190.612811,181.661529541,32000000,256000264,5640903141011403082
GIST,all,32,2,6,C_MASK_E,10,5544530460631338786,190.644602,181.662521362,32000000,256000264,3423857314060612266
GIST,all,32,2,6,C_MASK_E,9,7601489796430488175,190.72019,181.672027588,32000000,256000264,11375933348201584583
GIST,all,32,2,6,C_MASK_E,8,15783018974750835728,190.597601,181.664550781,32000000,256000264,16295328437391946995
GIST,all,32,2,6,C_MASK_E,7,7872727791650862151,190.599729,181.659332275,32000000,256000264,13638370823027440146
GIST,all,32,2,6,C_MASK_E,6,4668807861364956970,190.563287,181.664581299,32000000,256000264,5008886089217630333
GIST,all,32,2,6,C_MASK_E,5,8419766857112927641,190.598613,181.663711548,32000000,256000264,13080560581756865296
GIST,all,32,2,6,C_MASK_E,4,9368830554395401223,190.602244,181.664932251,32000000,256000264,17312208852575438364
GIST,all,32,2,6,C_MASK_E,3,17322893638147462453,190.558154,181.662979126,32000000,256000264,2317855828534974047
GIST,all,32,2,6,C_MASK_E,2,9607284371048990950,190.572487,181.659393311,32000000,256000264,8090863626561763704
GIST,all,32,2,6,C_MASK_E,1,3085188792669438576,190.553759,181.665344238,32000000,256000264,17659261338669106398
GIST,all,32,2,6,C_MASK_E,0,13392786189952033124,190.570427,181.661987305,32000000,256000264,11348834837147102462
GIST,all,32,2,6,C_TASK_E,31,7995077726280952526,189.811543,180.543487549,32000000,256000264,4161836380931995304
GIST,all,32,2,6,C_TASK_E,30,14416838764258129161,191.876013,180.554046631,32000000,256000264,2602423128017784945
GIST,all,32,2,6,C_TASK_E,29,15030165245001765777,189.682691,180.548538208,32000000,256000264,3487601103710741530
GIST,all,32,2,6,C_TASK_E,28,306400533752808697,189.598818,180.547653198,32000000,256000264,981180160379037297
GIST,all,32,2,6,C_TASK_E,27,161217794029549079,189.593878,180.54637146,32000000,256000264,2873382694629525323
GIST,all,32,2,6,C_TASK_E,26,13539082034095136927,189.5783,180.544326782,32000000,256000264,14607044633077976795
GIST,all,32,2,6,C_TASK_E,25,13585693668991832971,189.596888,180.544281006,32000000,256000264,4709214226871061839
GIST,all,32,2,6,C_TASK_E,24,1048821632111722058,189.563146,180.544158936,32000000,256000264,10035627653802916324
GIST,all,32,2,6,C_TASK_E,23,10851237028586424301,189.523768,180.544067383,32000000,256000264,7130999865827606195
GIST,all,32,2,6,C_TASK_E,22,5004653838559619408,189.544813,180.544158936,32000000,256000264,542925346515742578
GIST,all,32,2,6,C_TASK_E,21,3486346971057125245,189.508494,180.542556763,32000000,256000264,12925094851512987627
GIST,all,32,2,6,C_TASK_E,20,10712815744133708220,189.517824,180.612228394,32000000,256000264,8256143506552883744
GIST,all,32,2,6,C_TASK_E,19,15820513675728183516,189.462136,180.54208374,32000000,256000264,14480376010321538760
GIST,all,32,2,6,C_TASK_E,18,10765395806018310607,189.438162,180.549255371,32000000,256000264,13386549778882442694
GIST,all,32,2,6,C_TASK_E,17,2222729423292320042,189.452273,180.543777466,32000000,256000264,18067299511229667476
GIST,all,32,2,6,C_TASK_E,16,8534462434835011887,189.475162,180.54800415,32000000,256000264,8714334507495996888
GIST,all,32,2,6,C_TASK_E,15,4980500077960720760,189.463218,180.545211792,32000000,256000264,1159840594661486922
GIST,all,32,2,6,C_TASK_E,14,3185229373934033660,189.474371,180.553985596,32000000,256000264,13120934312221571947
GIST,all,32,2,6,C_TASK_E,13,1075722662635840942,189.722254,180.545501709,32000000,256000264,3693345389699998126
GIST,all,32,2,6,C_TASK_E,12,13216066866632432715,189.691625,180.54838562,32000000,256000264,7934697385139586520
GIST,all,32,2,6,C_TASK_E,11,12325065973520304682,189.549396,180.546142578,32000000,256000264,5640903141011403082
GIST,all,32,2,6,C_TASK_E,10,5544530460631338786,189.418282,180.542724609,32000000,256000264,3423857314060612266
GIST,all,32,2,6,C_TASK_E,9,7601489796430488175,189.401207,180.547836304,32000000,256000264,11375933348201584583
GIST,all,32,2,6,C_TASK_E,8,15783018974750835728,189.326902,180.543487549,32000000,256000264,16295328437391946995
GIST,all,32,2,6,C_TASK_E,7,7872727791650862151,189.347976,180.543457031,32000000,256000264,13638370823027440146
GIST,all,32,2,6,C_TASK_E,6,4668807861364956970,189.331691,180.54675293,32000000,256000264,5008886089217630333
GIST,all,32,2,6,C_TASK_E,5,8419766857112927641,189.332491,180.547134399,32000000,256000264,13080560581756865296
GIST,all,32,2,6,C_TASK_E,4,9368830554395401223,189.345259,180.542404175,32000000,256000264,17312208852575438364
GIST,all,32,2,6,C_TASK_E,3,17322893638147462453,189.359435,180.543685913,32000000,256000264,2317855828534974047
GIST,all,32,2,6,C_TASK_E,2,9607284371048990950,189.381655,180.543487549,32000000,256000264,8090863626561763704
GIST,all,32,2,6,C_TASK_E,1,3085188792669438576,189.353481,180.54876709,32000000,256000264,17659261338669106398
GIST,all,32,2,6,C_TASK_E,0,13392786189952033124,189.308378,180.545822144,32000000,256000264,11348834837147102462
