dataset,radius,B,Q_T,round,mode,batch_id,query_ids_hash,host_ready_ms,gpu_ready_ms,result_count_total,d2h_bytes,correctness_hash
GIST,normal,32,2,1,SCAN_L,0,13392786189952033124,178.749564,177.724868774,3674231,29394112,10008776713215810853
GIST,normal,32,2,1,SCAN_L,1,3085188792669438576,178.606568,177.730941772,3379768,27038408,16851617623926673672
GIST,normal,32,2,1,SCAN_L,2,9607284371048990950,178.39047,177.712036133,2799362,22395160,16676447429364366930
GIST,normal,32,2,1,SCAN_L,3,17322893638147462453,178.203689,177.678268433,2327757,18622320,1743148825730065402
GIST,normal,32,2,1,SCAN_L,4,9368830554395401223,178.712256,178.011642456,3202337,25618960,4786298188205109055
GIST,normal,32,2,1,SCAN_L,5,8419766857112927641,178.248974,177.700927734,2697131,21577312,7757972437201703674
GIST,normal,32,2,1,SCAN_L,6,4668807861364956970,178.371295,177.720504761,3307298,26458648,1468705982382421891
GIST,normal,32,2,1,SCAN_L,7,7872727791650862151,178.373944,177.724411011,3441257,27530320,3960905289531293895
GIST,normal,32,2,1,SCAN_L,8,15783018974750835728,178.251582,177.699966431,2730860,21847144,17191503963960995031
GIST,normal,32,2,1,SCAN_L,9,7601489796430488175,178.420395,177.726821899,3096503,24772288,17946186273402395945
GIST,normal,32,2,1,SCAN_L,10,5544530460631338786,178.424693,177.720611572,3295543,26364608,17878093470628574661
GIST,normal,32,2,1,SCAN_L,11,12325065973520304682,178.161967,177.692611694,2239153,17913488,17377941278973625787
GIST,normal,32,2,1,SCAN_L,12,13216066866632432715,178.299777,177.705184937,2850452,22803880,15605031087069409691
GIST,normal,32,2,1,SCAN_L,13,1075722662635840942,178.165697,177.718597412,2745996,21968232,11706420194861542692
GIST,normal,32,2,1,SCAN_L,14,3185229373934033660,178.464866,177.74118042,4050998,32408248,16306481823672273204
GIST,normal,32,2,1,SCAN_L,15,4980500077960720760,178.386307,177.750686646,3891788,31134568,13624498926202248858
GIST,normal,32,2,1,SCAN_L,16,8534462434835011887,177.950576,177.67980957,1697233,13578128,6024903317663417656
GIST,normal,32,2,1,SCAN_L,17,2222729423292320042,178.20164,177.720581055,2911727,23294080,3059061473224546221
GIST,normal,32,2,1,SCAN_L,18,10765395806018310607,178.082365,177.703872681,2475628,19805288,14807640492517529625
GIST,normal,32,2,1,SCAN_L,19,15820513675728183516,178.404438,177.753112793,3973968,31792008,11230564349234227270
GIST,normal,32,2,1,SCAN_L,20,10712815744133708220,178.059019,177.696121216,2379602,19037080,1216819175030584202
GIST,normal,32,2,1,SCAN_L,21,3486346971057125245,178.027952,177.706497192,2138711,17109952,13256168575553722433
GIST,normal,32,2,1,SCAN_L,22,5004653838559619408,177.947727,177.667266846,1845725,14766064,9529499450952538175
GIST,normal,32,2,1,SCAN_L,23,10851237028586424301,178.129797,177.699966431,2645002,21160280,3304780033708818550
GIST,normal,32,2,1,SCAN_L,24,1048821632111722058,178.461525,177.738143921,4259785,34078544,9280311628070390270
GIST,normal,32,2,1,SCAN_L,25,13585693668991832971,178.033573,177.700378418,2197302,17578680,8982031243984102036
GIST,normal,32,2,1,SCAN_L,26,13539082034095136927,178.040745,177.6900177,2155594,17245016,7730178244082419076
GIST,normal,32,2,1,SCAN_L,27,161217794029549079,178.067845,177.696838379,2182868,17463208,7432664629535937393
GIST,normal,32,2,1,SCAN_L,28,306400533752808697,177.946324,177.680130005,1761206,14089912,4311259945711691617
GIST,normal,32,2,1,SCAN_L,29,15030165245001765777,178.234948,177.724090576,3108047,24864640,11460272485891822101
GIST,normal,32,2,1,SCAN_L,30,14416838764258129161,178.280376,177.720031738,3435058,27480728,9522656153375933671
GIST,normal,32,2,1,SCAN_L,31,7995077726280952526,177.968065,177.681442261,1901390,15211384,13489681460054578542
GIST,normal,32,2,1,C_ID_L,0,13392786189952033124,198.827222,197.648254395,3674231,29394112,10008776713215810853
GIST,normal,32,2,1,C_ID_L,1,3085188792669438576,200.213907,199.248550415,3379768,27038408,16851617623926673672
GIST,normal,32,2,1,C_ID_L,2,9607284371048990950,185.753205,185.063262939,2799362,22395160,16676447429364366930
GIST,normal,32,2,1,C_ID_L,3,17322893638147462453,198.775543,198.212539673,2327757,18622320,1743148825730065402
GIST,normal,32,2,1,C_ID_L,4,9368830554395401223,196.249777,195.540130615,3202337,25618960,4786298188205109055
GIST,normal,32,2,1,C_ID_L,5,8419766857112927641,200.449576,199.839202881,2697131,21577312,7757972437201703674
GIST,normal,32,2,1,C_ID_L,6,4668807861364956970,199.550995,198.900161743,3307298,26458648,1468705982382421891
GIST,normal,32,2,1,C_ID_L,7,7872727791650862151,199.32178,198.645629883,3441257,27530320,3960905289531293895
GIST,normal,32,2,1,C_ID_L,8,15783018974750835728,198.518142,197.979553223,2730860,21847144,17191503963960995031
GIST,normal,32,2,1,C_ID_L,9,7601489796430488175,198.587443,198.012283325,3096503,24772288,17946186273402395945
GIST,normal,32,2,1,C_ID_L,10,5544530460631338786,195.852765,195.234619141,3295543,26364608,17878093470628574661
GIST,normal,32,2,1,C_ID_L,11,12325065973520304682,200.831952,200.444671631,2239153,17913488,17377941278973625787
GIST,normal,32,2,1,C_ID_L,12,13216066866632432715,191.309897,190.725891113,2850452,22803880,15605031087069409691
GIST,normal,32,2,1,C_ID_L,13,1075722662635840942,199.692568,199.238616943,2745996,21968232,11706420194861542692
GIST,normal,32,2,1,C_ID_L,14,3185229373934033660,193.995299,193.159744263,4050998,32408248,16306481823672273204
GIST,normal,32,2,1,C_ID_L,15,4980500077960720760,202.051575,201.399932861,3891788,31134568,13624498926202248858
GIST,normal,32,2,1,C_ID_L,16,8534462434835011887,190.521891,190.227172852,1697233,13578128,6024903317663417656
GIST,normal,32,2,1,C_ID_L,17,2222729423292320042,201.56353,201.080413818,2911727,23294080,3059061473224546221
GIST,normal,32,2,1,C_ID_L,18,10765395806018310607,198.16604,197.781021118,2475628,19805288,14807640492517529625
GIST,normal,32,2,1,C_ID_L,19,15820513675728183516,201.955229,201.192764282,3973968,31792008,11230564349234227270
GIST,normal,32,2,1,C_ID_L,20,10712815744133708220,200.236049,199.867034912,2379602,19037080,1216819175030584202
GIST,normal,32,2,1,C_ID_L,21,3486346971057125245,201.450898,201.06690979,2138711,17109952,13256168575553722433
GIST,normal,32,2,1,C_ID_L,22,5004653838559619408,193.917392,193.63381958,1845725,14766064,9529499450952538175
GIST,normal,32,2,1,C_ID_L,23,10851237028586424301,191.018055,190.583236694,2645002,21160280,3304780033708818550
GIST,normal,32,2,1,C_ID_L,24,1048821632111722058,198.109101,197.408615112,4259785,34078544,9280311628070390270
GIST,normal,32,2,1,C_ID_L,25,13585693668991832971,200.200371,199.859039307,2197302,17578680,8982031243984102036
GIST,normal,32,2,1,C_ID_L,26,13539082034095136927,199.855799,199.470367432,2155594,17245016,7730178244082419076
GIST,normal,32,2,1,C_ID_L,27,161217794029549079,198.982342,198.614974976,2182868,17463208,7432664629535937393
GIST,normal,32,2,1,C_ID_L,28,306400533752808697,194.211369,193.915328979,1761206,14089912,4311259945711691617
GIST,normal,32,2,1,C_ID_L,29,15030165245001765777,200.956788,200.459960938,3108047,24864640,11460272485891822101
GIST,normal,32,2,1,C_ID_L,30,14416838764258129161,201.687512,201.090591431,3435058,27480728,9522656153375933671
GIST,normal,32,2,1,C_ID_L,31,7995077726280952526,198.249297,197.96307373,1901390,15211384,13489681460054578542
GIST,normal,32,2,1,C_MASK_L,0,13392786189952033124,181.619293,180.570083618,3674231,29394112,10008776713215810853
GIST,normal,32,2,1,C_MASK_L,1,3085188792669438576,183.020446,182.11769104,3379768,27038408,16851617623926673672
GIST,normal,32,2,1,C_MASK_L,2,9607284371048990950,171.011917,170.291137695,2799362,22395160,16676447429364366930
GIST,normal,32,2,1,C_MASK_L,3,17322893638147462453,181.679808,181.151321411,2327757,18622320,1743148825730065402
GIST,normal,32,2,1,C_MASK_L,4,9368830554395401223,179.574051,178.852325439,3202337,25618960,4786298188205109055
GIST,normal,32,2,1,C_MASK_L,5,8419766857112927641,182.809947,182.253341675,2697131,21577312,7757972437201703674
GIST,normal,32,2,1,C_MASK_L,6,4668807861364956970,182.417288,181.769088745,3307298,26458648,1468705982382421891
GIST,normal,32,2,1,C_MASK_L,7,7872727791650862151,182.136972,181.50227356,3441257,27530320,3960905289531293895
GIST,normal,32,2,1,C_MASK_L,8,15783018974750835728,181.568629,181.067138672,2730860,21847144,17191503963960995031
GIST,normal,32,2,1,C_MASK_L,9,7601489796430488175,181.579461,181.014053345,3096503,24772288,17946186273402395945
GIST,normal,32,2,1,C_MASK_L,10,5544530460631338786,179.304736,178.674560547,3295543,26364608,17878093470628574661
GIST,normal,32,2,1,C_MASK_L,11,12325065973520304682,183.218153,182.831329346,2239153,17913488,17377941278973625787
GIST,normal,32,2,1,C_MASK_L,12,13216066866632432715,175.706715,175.198150635,2850452,22803880,15605031087069409691
GIST,normal,32,2,1,C_MASK_L,13,1075722662635840942,182.455505,182.012710571,2745996,21968232,11706420194861542692
GIST,normal,32,2,1,C_MASK_L,14,3185229373934033660,177.69284,176.923110962,4050998,32408248,16306481823672273204
GIST,normal,32,2,1,C_MASK_L,15,4980500077960720760,184.314734,183.693374634,3891788,31134568,13624498926202248858
GIST,normal,32,2,1,C_MASK_L,16,8534462434835011887,175.194023,174.879486084,1697233,13578128,6024903317663417656
GIST,normal,32,2,1,C_MASK_L,17,2222729423292320042,183.611633,183.141921997,2911727,23294080,3059061473224546221
GIST,normal,32,2,1,C_MASK_L,18,10765395806018310607,181.182024,180.806396484,2475628,19805288,14807640492517529625
GIST,normal,32,2,1,C_MASK_L,19,15820513675728183516,184.102224,183.485275269,3973968,31792008,11230564349234227270
GIST,normal,32,2,1,C_MASK_L,20,10712815744133708220,183.014174,182.655227661,2379602,19037080,1216819175030584202
GIST,normal,32,2,1,C_MASK_L,21,3486346971057125245,183.547711,183.22454834,2138711,17109952,13256168575553722433
GIST,normal,32,2,1,C_MASK_L,22,5004653838559619408,177.619918,177.339736938,1845725,14766064,9529499450952538175
GIST,normal,32,2,1,C_MASK_L,23,10851237028586424301,175.364196,174.940231323,2645002,21160280,3304780033708818550
GIST,normal,32,2,1,C_MASK_L,24,1048821632111722058,181.038305,180.359298706,4259785,34078544,9280311628070390270
GIST,normal,32,2,1,C_MASK_L,25,13585693668991832971,182.766688,182.441543579,2197302,17578680,8982031243984102036
GIST,normal,32,2,1,C_MASK_L,26,13539082034095136927,182.418274,182.061050415,2155594,17245016,7730178244082419076
GIST,normal,32,2,1,C_MASK_L,27,161217794029549079,181.779204,181.41305542,2182868,17463208,7432664629535937393
GIST,normal,32,2,1,C_MASK_L,28,306400533752808697,177.825581,177.556350708,1761206,14089912,4311259945711691617
GIST,normal,32,2,1,C_MASK_L,29,15030165245001765777,183.186459,182.676101685,3108047,24864640,11460272485891822101
GIST,normal,32,2,1,C_MASK_L,30,14416838764258129161,183.983701,183.428863525,3435058,27480728,9522656153375933671
GIST,normal,32,2,1,C_MASK_L,31,7995077726280952526,181.051008,180.76109314,1901390,15211384,13489681460054578542
GIST,normal,32,2,1,C_TASK_L,0,13392786189952033124,205.705851,204.650405884,3674231,29394112,10008776713215810853
GIST,normal,32,2,1,C_TASK_L,1,3085188792669438576,205.745828,204.895004272,3379768,27038408,16851617623926673672
GIST,normal,32,2,1,C_TASK_L,2,9607284371048990950,202.685609,202.016220093,2799362,22395160,16676447429364366930
GIST,normal,32,2,1,C_TASK_L,3,17322893638147462453,203.877887,203.358596802,2327757,18622320,1743148825730065402
GIST,normal,32,2,1,C_TASK_L,4,9368830554395401223,204.318927,203.62902832,3202337,25618960,4786298188205109055
GIST,normal,32,2,1,C_TASK_L,5,8419766857112927641,204.527512,203.991577148,2697131,21577312,7757972437201703674
GIST,normal,32,2,1,C_TASK_L,6,4668807861364956970,204.050337,203.425369263,3307298,26458648,1468705982382421891
GIST,normal,32,2,1,C_TASK_L,7,7872727791650862151,205.245469,204.613922119,3441257,27530320,3960905289531293895
GIST,normal,32,2,1,C_TASK_L,8,15783018974750835728,205.104731,204.609573364,2730860,21847144,17191503963960995031
GIST,normal,32,2,1,C_TASK_L,9,7601489796430488175,205.244545,204.670150757,3096503,24772288,17946186273402395945
GIST,normal,32,2,1,C_TASK_L,10,5544530460631338786,205.15484,204.585159302,3295543,26364608,17878093470628574661
GIST,normal,32,2,1,C_TASK_L,11,12325065973520304682,205.015396,204.620162964,2239153,17913488,17377941278973625787
GIST,normal,32,2,1,C_TASK_L,12,13216066866632432715,203.86201,203.371749878,2850452,22803880,15605031087069409691
GIST,normal,32,2,1,C_TASK_L,13,1075722662635840942,205.174837,204.640441895,2745996,21968232,11706420194861542692
GIST,normal,32,2,1,C_TASK_L,14,3185229373934033660,204.288197,203.579330444,4050998,32408248,16306481823672273204
GIST,normal,32,2,1,C_TASK_L,15,4980500077960720760,205.373967,204.733825684,3891788,31134568,13624498926202248858
GIST,normal,32,2,1,C_TASK_L,16,8534462434835011887,203.578334,203.286178589,1697233,13578128,6024903317663417656
GIST,normal,32,2,1,C_TASK_L,17,2222729423292320042,200.223889,199.755874634,2911727,23294080,3059061473224546221
GIST,normal,32,2,1,C_TASK_L,18,10765395806018310607,200.089091,199.685028076,2475628,19805288,14807640492517529625
GIST,normal,32,2,1,C_TASK_L,19,15820513675728183516,195.48008,194.86416626,3973968,31792008,11230564349234227270
GIST,normal,32,2,1,C_TASK_L,20,10712815744133708220,204.622686,204.170532227,2379602,19037080,1216819175030584202
GIST,normal,32,2,1,C_TASK_L,21,3486346971057125245,204.961106,204.631393433,2138711,17109952,13256168575553722433
GIST,normal,32,2,1,C_TASK_L,22,5004653838559619408,203.583846,203.288192749,1845725,14766064,9529499450952538175
GIST,normal,32,2,1,C_TASK_L,23,10851237028586424301,205.048579,204.620544434,2645002,21160280,3304780033708818550
GIST,normal,32,2,1,C_TASK_L,24,1048821632111722058,205.55137,204.874526978,4259785,34078544,9280311628070390270
GIST,normal,32,2,1,C_TASK_L,25,13585693668991832971,204.729379,204.315582275,2197302,17578680,8982031243984102036
GIST,normal,32,2,1,C_TASK_L,26,13539082034095136927,203.859526,203.509536743,2155594,17245016,7730178244082419076
GIST,normal,32,2,1,C_TASK_L,27,161217794029549079,204.060531,203.643386841,2182868,17463208,7432664629535937393
GIST,normal,32,2,1,C_TASK_L,28,306400533752808697,203.586149,203.313720703,1761206,14089912,4311259945711691617
GIST,normal,32,2,1,C_TASK_L,29,15030165245001765777,205.168972,204.640838623,3108047,24864640,11460272485891822101
GIST,normal,32,2,1,C_TASK_L,30,14416838764258129161,205.187061,204.657089233,3435058,27480728,9522656153375933671
GIST,normal,32,2,1,C_TASK_L,31,7995077726280952526,203.712562,203.425628662,1901390,15211384,13489681460054578542
GIST,normal,32,2,1,SCAN_E,0,13392786189952033124,145.911588,144.635940552,3674231,29394112,10008776713215810853
GIST,normal,32,2,1,SCAN_E,1,3085188792669438576,148.241109,147.207931519,3379768,27038408,16851617623926673672
GIST,normal,32,2,1,SCAN_E,2,9607284371048990950,139.147755,138.332611084,2799362,22395160,16676447429364366930
GIST,normal,32,2,1,SCAN_E,3,17322893638147462453,138.772361,138.202148438,2327757,18622320,1743148825730065402
GIST,normal,32,2,1,SCAN_E,4,9368830554395401223,140.344203,139.53427124,3202337,25618960,4786298188205109055
GIST,normal,32,2,1,SCAN_E,5,8419766857112927641,143.864427,143.238876343,2697131,21577312,7757972437201703674
GIST,normal,32,2,1,SCAN_E,6,4668807861364956970,144.000985,143.272293091,3307298,26458648,1468705982382421891
GIST,normal,32,2,1,SCAN_E,7,7872727791650862151,146.75471,146.001022339,3441257,27530320,3960905289531293895
GIST,normal,32,2,1,SCAN_E,8,15783018974750835728,141.423992,140.861083984,2730860,21847144,17191503963960995031
GIST,normal,32,2,1,SCAN_E,9,7601489796430488175,142.982892,142.322906494,3096503,24772288,17946186273402395945
GIST,normal,32,2,1,SCAN_E,10,5544530460631338786,143.703866,143.032226562,3295543,26364608,17878093470628574661
GIST,normal,32,2,1,SCAN_E,11,12325065973520304682,138.74639,138.279067993,2239153,17913488,17377941278973625787
GIST,normal,32,2,1,SCAN_E,12,13216066866632432715,139.525049,138.949630737,2850452,22803880,15605031087069409691
GIST,normal,32,2,1,SCAN_E,13,1075722662635840942,147.745921,147.206695557,2745996,21968232,11706420194861542692
GIST,normal,32,2,1,SCAN_E,14,3185229373934033660,142.766987,141.882461548,4050998,32408248,16306481823672273204
GIST,normal,32,2,1,SCAN_E,15,4980500077960720760,152.206598,151.470336914,3891788,31134568,13624498926202248858
GIST,normal,32,2,1,SCAN_E,16,8534462434835011887,132.120792,131.770629883,1697233,13578128,6024903317663417656
GIST,normal,32,2,1,SCAN_E,17,2222729423292320042,149.043393,148.314331055,2911727,23294080,3059061473224546221
GIST,normal,32,2,1,SCAN_E,18,10765395806018310607,135.362498,134.983291626,2475628,19805288,14807640492517529625
GIST,normal,32,2,1,SCAN_E,19,15820513675728183516,150.024069,149.40663147,3973968,31792008,11230564349234227270
GIST,normal,32,2,1,SCAN_E,20,10712815744133708220,138.234761,137.881057739,2379602,19037080,1216819175030584202
GIST,normal,32,2,1,SCAN_E,21,3486346971057125245,146.334492,146.010818481,2138711,17109952,13256168575553722433
GIST,normal,32,2,1,SCAN_E,22,5004653838559619408,135.884597,135.604034424,1845725,14766064,9529499450952538175
GIST,normal,32,2,1,SCAN_E,23,10851237028586424301,142.552196,142.128768921,2645002,21160280,3304780033708818550
GIST,normal,32,2,1,SCAN_E,24,1048821632111722058,144.437365,143.763519287,4259785,34078544,9280311628070390270
GIST,normal,32,2,1,SCAN_E,25,13585693668991832971,141.990064,141.657440186,2197302,17578680,8982031243984102036
GIST,normal,32,2,1,SCAN_E,26,13539082034095136927,141.775914,141.425827026,2155594,17245016,7730178244082419076
GIST,normal,32,2,1,SCAN_E,27,161217794029549079,142.032155,141.679229736,2182868,17463208,7432664629535937393
GIST,normal,32,2,1,SCAN_E,28,306400533752808697,140.455279,140.184280396,1761206,14089912,4311259945711691617
GIST,normal,32,2,1,SCAN_E,29,15030165245001765777,149.212632,148.728027344,3108047,24864640,11460272485891822101
GIST,normal,32,2,1,SCAN_E,30,14416838764258129161,146.637695,146.104675293,3435058,27480728,9522656153375933671
GIST,normal,32,2,1,SCAN_E,31,7995077726280952526,137.38951,137.101959229,1901390,15211384,13489681460054578542
GIST,normal,32,2,1,C_ID_E,0,13392786189952033124,186.980057,185.964538574,3674231,29394112,10008776713215810853
GIST,normal,32,2,1,C_ID_E,1,3085188792669438576,186.924618,186.06072998,3379768,27038408,16851617623926673672
GIST,normal,32,2,1,C_ID_E,2,9607284371048990950,171.295833,170.60105896,2799362,22395160,16676447429364366930
GIST,normal,32,2,1,C_ID_E,3,17322893638147462453,177.493131,176.979705811,2327757,18622320,1743148825730065402
GIST,normal,32,2,1,C_ID_E,4,9368830554395401223,176.723195,176.054916382,3202337,25618960,4786298188205109055
GIST,normal,32,2,1,C_ID_E,5,8419766857112927641,184.958668,184.426147461,2697131,21577312,7757972437201703674
GIST,normal,32,2,1,C_ID_E,6,4668807861364956970,184.768652,184.165985107,3307298,26458648,1468705982382421891
GIST,normal,32,2,1,C_ID_E,7,7872727791650862151,187.550442,186.941955566,3441257,27530320,3960905289531293895
GIST,normal,32,2,1,C_ID_E,8,15783018974750835728,181.406842,180.954040527,2730860,21847144,17191503963960995031
GIST,normal,32,2,1,C_ID_E,9,7601489796430488175,183.025529,182.504989624,3096503,24772288,17946186273402395945
GIST,normal,32,2,1,C_ID_E,10,5544530460631338786,184.212372,183.674789429,3295543,26364608,17878093470628574661
GIST,normal,32,2,1,C_ID_E,11,12325065973520304682,177.932882,177.574691772,2239153,17913488,17377941278973625787
GIST,normal,32,2,1,C_ID_E,12,13216066866632432715,174.101414,173.640869141,2850452,22803880,15605031087069409691
GIST,normal,32,2,1,C_ID_E,13,1075722662635840942,189.561344,189.132064819,2745996,21968232,11706420194861542692
GIST,normal,32,2,1,C_ID_E,14,3185229373934033660,181.98648,181.296966553,4050998,32408248,16306481823672273204
GIST,normal,32,2,1,C_ID_E,15,4980500077960720760,196.697845,196.102203369,3891788,31134568,13624498926202248858
GIST,normal,32,2,1,C_ID_E,16,8534462434835011887,166.022726,165.750457764,1697233,13578128,6024903317663417656
GIST,normal,32,2,1,C_ID_E,17,2222729423292320042,192.504414,192.043899536,2911727,23294080,3059061473224546221
GIST,normal,32,2,1,C_ID_E,18,10765395806018310607,173.270852,172.904418945,2475628,19805288,14807640492517529625
GIST,normal,32,2,1,C_ID_E,19,15820513675728183516,194.305727,193.693466187,3973968,31792008,11230564349234227270
GIST,normal,32,2,1,C_ID_E,20,10712815744133708220,177.123537,176.770080566,2379602,19037080,1216819175030584202
GIST,normal,32,2,1,C_ID_E,21,3486346971057125245,189.451622,189.13180542,2138711,17109952,13256168575553722433
GIST,normal,32,2,1,C_ID_E,22,5004653838559619408,170.933128,170.655975342,1845725,14766064,9529499450952538175
GIST,normal,32,2,1,C_ID_E,23,10851237028586424301,175.947808,175.530044556,2645002,21160280,3304780033708818550
GIST,normal,32,2,1,C_ID_E,24,1048821632111722058,183.51631,182.833465576,4259785,34078544,9280311628070390270
GIST,normal,32,2,1,C_ID_E,25,13585693668991832971,182.973856,182.645568848,2197302,17578680,8982031243984102036
GIST,normal,32,2,1,C_ID_E,26,13539082034095136927,182.302261,181.958496094,2155594,17245016,7730178244082419076
GIST,normal,32,2,1,C_ID_E,27,161217794029549079,181.711807,181.341888428,2182868,17463208,7432664629535937393
GIST,normal,32,2,1,C_ID_E,28,306400533752808697,176.368544,176.096099854,1761206,14089912,4311259945711691617
GIST,normal,32,2,1,C_ID_E,29,15030165245001765777,192.352792,191.841690063,3108047,24864640,11460272485891822101
GIST,normal,32,2,1,C_ID_E,30,14416838764258129161,189.564798,189.021408081,3435058,27480728,9522656153375933671
GIST,normal,32,2,1,C_ID_E,31,7995077726280952526,176.201291,175.839782715,1901390,15211384,13489681460054578542
GIST,normal,32,2,1,C_MASK_E,0,13392786189952033124,145.013487,143.972290039,3674231,29394112,10008776713215810853
GIST,normal,32,2,1,C_MASK_E,1,3085188792669438576,144.997665,144.141571045,3379768,27038408,16851617623926673672
GIST,normal,32,2,1,C_MASK_E,2,9607284371048990950,133.472557,132.821853638,2799362,22395160,16676447429364366930
GIST,normal,32,2,1,C_MASK_E,3,17322893638147462453,137.120588,136.610336304,2327757,18622320,1743148825730065402
GIST,normal,32,2,1,C_MASK_E,4,9368830554395401223,137.032686,136.369445801,3202337,25618960,4786298188205109055
GIST,normal,32,2,1,C_MASK_E,5,8419766857112927641,143.051745,142.52243042,2697131,21577312,7757972437201703674
GIST,normal,32,2,1,C_MASK_E,6,4668807861364956970,142.684206,142.025344849,3307298,26458648,1468705982382421891
GIST,normal,32,2,1,C_MASK_E,7,7872727791650862151,145.082867,144.426940918,3441257,27530320,3960905289531293895
GIST,normal,32,2,1,C_MASK_E,8,15783018974750835728,140.649989,140.150527954,2730860,21847144,17191503963960995031
GIST,normal,32,2,1,C_MASK_E,9,7601489796430488175,142.130449,141.566589355,3096503,24772288,17946186273402395945
GIST,normal,32,2,1,C_MASK_E,10,5544530460631338786,143.098315,142.500961304,3295543,26364608,17878093470628574661
GIST,normal,32,2,1,C_MASK_E,11,12325065973520304682,138.406135,138.001663208,2239153,17913488,17377941278973625787
GIST,normal,32,2,1,C_MASK_E,12,13216066866632432715,135.44384,134.935745239,2850452,22803880,15605031087069409691
GIST,normal,32,2,1,C_MASK_E,13,1075722662635840942,146.33471,145.854782104,2745996,21968232,11706420194861542692
GIST,normal,32,2,1,C_MASK_E,14,3185229373934033660,141.018356,140.277816772,4050998,32408248,16306481823672273204
GIST,normal,32,2,1,C_MASK_E,15,4980500077960720760,151.953621,151.298522949,3891788,31134568,13624498926202248858
GIST,normal,32,2,1,C_MASK_E,16,8534462434835011887,130.134172,129.831130981,1697233,13578128,6024903317663417656
GIST,normal,32,2,1,C_MASK_E,17,2222729423292320042,148.404009,147.917572021,2911727,23294080,3059061473224546221
GIST,normal,32,2,1,C_MASK_E,18,10765395806018310607,134.707454,134.309951782,2475628,19805288,14807640492517529625
GIST,normal,32,2,1,C_MASK_E,19,15820513675728183516,149.839555,149.198684692,3973968,31792008,11230564349234227270
GIST,normal,32,2,1,C_MASK_E,20,10712815744133708220,137.649783,137.279296875,2379602,19037080,1216819175030584202
GIST,normal,32,2,1,C_MASK_E,21,3486346971057125245,146.124298,145.79107666,2138711,17109952,13256168575553722433
GIST,normal,32,2,1,C_MASK_E,22,5004653838559619408,133.119132,132.827331543,1845725,14766064,9529499450952538175
GIST,normal,32,2,1,C_MASK_E,23,10851237028586424301,136.933116,136.510498047,2645002,21160280,3304780033708818550
GIST,normal,32,2,1,C_MASK_E,24,1048821632111722058,142.89954,142.198532104,4259785,34078544,9280311628070390270
GIST,normal,32,2,1,C_MASK_E,25,13585693668991832971,141.630594,141.293121338,2197302,17578680,8982031243984102036
GIST,normal,32,2,1,C_MASK_E,26,13539082034095136927,141.059028,140.70489502,2155594,17245016,7730178244082419076
GIST,normal,32,2,1,C_MASK_E,27,161217794029549079,140.949662,140.579864502,2182868,17463208,7432664629535937393
GIST,normal,32,2,1,C_MASK_E,28,306400533752808697,136.761869,136.491485596,1761206,14089912,4311259945711691617
GIST,normal,32,2,1,C_MASK_E,29,15030165245001765777,148.52382,148.027679443,3108047,24864640,11460272485891822101
GIST,normal,32,2,1,C_MASK_E,30,14416838764258129161,146.520041,145.984832764,3435058,27480728,9522656153375933671
GIST,normal,32,2,1,C_MASK_E,31,7995077726280952526,136.566462,136.273086548,1901390,15211384,13489681460054578542
GIST,normal,32,2,1,C_TASK_E,0,13392786189952033124,144.098332,143.050079346,3674231,29394112,10008776713215810853
GIST,normal,32,2,1,C_TASK_E,1,3085188792669438576,144.035731,143.189605713,3379768,27038408,16851617623926673672
GIST,normal,32,2,1,C_TASK_E,2,9607284371048990950,132.696265,132.034759521,2799362,22395160,16676447429364366930
GIST,normal,32,2,1,C_TASK_E,3,17322893638147462453,136.459367,135.97442627,2327757,18622320,1743148825730065402
GIST,normal,32,2,1,C_TASK_E,4,9368830554395401223,136.456759,135.819549561,3202337,25618960,4786298188205109055
GIST,normal,32,2,1,C_TASK_E,5,8419766857112927641,142.180062,141.673858643,2697131,21577312,7757972437201703674
GIST,normal,32,2,1,C_TASK_E,6,4668807861364956970,141.849951,141.238494873,3307298,26458648,1468705982382421891
GIST,normal,32,2,1,C_TASK_E,7,7872727791650862151,144.068565,143.444122314,3441257,27530320,3960905289531293895
GIST,normal,32,2,1,C_TASK_E,8,15783018974750835728,139.834541,139.392608643,2730860,21847144,17191503963960995031
GIST,normal,32,2,1,C_TASK_E,9,7601489796430488175,141.162825,140.64630127,3096503,24772288,17946186273402395945
GIST,normal,32,2,1,C_TASK_E,10,5544530460631338786,142.312487,141.790328979,3295543,26364608,17878093470628574661
GIST,normal,32,2,1,C_TASK_E,11,12325065973520304682,137.400782,137.054946899,2239153,17913488,17377941278973625787
GIST,normal,32,2,1,C_TASK_E,12,13216066866632432715,134.515411,134.059326172,2850452,22803880,15605031087069409691
GIST,normal,32,2,1,C_TASK_E,13,1075722662635840942,145.513246,145.086273193,2745996,21968232,11706420194861542692
GIST,normal,32,2,1,C_TASK_E,14,3185229373934033660,140.312498,139.597351074,4050998,32408248,16306481823672273204
GIST,normal,32,2,1,C_TASK_E,15,4980500077960720760,151.001681,150.399902344,3891788,31134568,13624498926202248858
GIST,normal,32,2,1,C_TASK_E,16,8534462434835011887,129.210124,128.943908691,1697233,13578128,6024903317663417656
GIST,normal,32,2,1,C_TASK_E,17,2222729423292320042,147.414301,146.944412231,2911727,23294080,3059061473224546221
GIST,normal,32,2,1,C_TASK_E,18,10765395806018310607,133.946186,133.572799683,2475628,19805288,14807640492517529625
GIST,normal,32,2,1,C_TASK_E,19,15820513675728183516,149.083822,148.432220459,3973968,31792008,11230564349234227270
GIST,normal,32,2,1,C_TASK_E,20,10712815744133708220,136.798547,136.440536499,2379602,19037080,1216819175030584202
GIST,normal,32,2,1,C_TASK_E,21,3486346971057125245,145.203191,144.884292603,2138711,17109952,13256168575553722433
GIST,normal,32,2,1,C_TASK_E,22,5004653838559619408,132.323832,132.040420532,1845725,14766064,9529499450952538175
GIST,normal,32,2,1,C_TASK_E,23,10851237028586424301,136.057417,135.632034302,2645002,21160280,3304780033708818550
GIST,normal,32,2,1,C_TASK_E,24,1048821632111722058,142.083496,141.369018555,4259785,34078544,9280311628070390270
GIST,normal,32,2,1,C_TASK_E,25,13585693668991832971,140.849334,140.51210022,2197302,17578680,8982031243984102036
GIST,normal,32,2,1,C_TASK_E,26,13539082034095136927,140.225605,139.843399048,2155594,17245016,7730178244082419076
GIST,normal,32,2,1,C_TASK_E,27,161217794029549079,140.124631,139.684127808,2182868,17463208,7432664629535937393
GIST,normal,32,2,1,C_TASK_E,28,306400533752808697,135.8899,135.552261353,1761206,14089912,4311259945711691617
GIST,normal,32,2,1,C_TASK_E,29,15030165245001765777,147.800747,147.170394897,3108047,24864640,11460272485891822101
GIST,normal,32,2,1,C_TASK_E,30,14416838764258129161,145.78597,145.094726562,3435058,27480728,9522656153375933671
GIST,normal,32,2,1,C_TASK_E,31,7995077726280952526,136.013435,135.64125061,1901390,15211384,13489681460054578542
GIST,normal,32,2,2,SCAN_L,31,7995077726280952526,178.195591,177.680984497,1901390,15211384,13489681460054578542
GIST,normal,32,2,2,SCAN_L,30,14416838764258129161,178.598196,177.72479248,3435058,27480728,9522656153375933671
GIST,normal,32,2,2,SCAN_L,29,15030165245001765777,178.424889,177.726043701,3108047,24864640,11460272485891822101
GIST,normal,32,2,2,SCAN_L,28,306400533752808697,178.042306,177.685592651,1761206,14089912,4311259945711691617
GIST,normal,32,2,2,SCAN_L,27,161217794029549079,178.110278,177.697952271,2182868,17463208,7432664629535937393
GIST,normal,32,2,2,SCAN_L,26,13539082034095136927,178.054745,177.692871094,2155594,17245016,7730178244082419076
GIST,normal,32,2,2,SCAN_L,25,13585693668991832971,178.346723,177.976165771,2197302,17578680,8982031243984102036
GIST,normal,32,2,2,SCAN_L,24,1048821632111722058,178.617271,177.74230957,4259785,34078544,9280311628070390270
GIST,normal,32,2,2,SCAN_L,23,10851237028586424301,178.136495,177.706054688,2645002,21160280,3304780033708818550
GIST,normal,32,2,2,SCAN_L,22,5004653838559619408,177.9668,177.670593262,1845725,14766064,9529499450952538175
GIST,normal,32,2,2,SCAN_L,21,3486346971057125245,178.062788,177.707397461,2138711,17109952,13256168575553722433
GIST,normal,32,2,2,SCAN_L,20,10712815744133708220,178.089577,177.695068359,2379602,19037080,1216819175030584202
GIST,normal,32,2,2,SCAN_L,19,15820513675728183516,178.457659,177.755996704,3973968,31792008,11230564349234227270
GIST,normal,32,2,2,SCAN_L,18,10765395806018310607,178.077689,177.702041626,2475628,19805288,14807640492517529625
GIST,normal,32,2,2,SCAN_L,17,2222729423292320042,178.186162,177.718811035,2911727,23294080,3059061473224546221
GIST,normal,32,2,2,SCAN_L,16,8534462434835011887,177.941194,177.681625366,1697233,13578128,6024903317663417656
GIST,normal,32,2,2,SCAN_L,15,4980500077960720760,178.384371,177.752227783,3891788,31134568,13624498926202248858
GIST,normal,32,2,2,SCAN_L,14,3185229373934033660,178.378992,177.737564087,4050998,32408248,16306481823672273204
GIST,normal,32,2,2,SCAN_L,13,1075722662635840942,178.125429,177.716644287,2745996,21968232,11706420194861542692
GIST,normal,32,2,2,SCAN_L,12,13216066866632432715,178.15068,177.701538086,2850452,22803880,15605031087069409691
GIST,normal,32,2,2,SCAN_L,11,12325065973520304682,178.128688,177.698272705,2239153,17913488,17377941278973625787
GIST,normal,32,2,2,SCAN_L,10,5544530460631338786,178.23525,177.715652466,3295543,26364608,17878093470628574661
GIST,normal,32,2,2,SCAN_L,9,7601489796430488175,178.294738,177.718780518,3096503,24772288,17946186273402395945
GIST,normal,32,2,2,SCAN_L,8,15783018974750835728,178.108489,177.701980591,2730860,21847144,17191503963960995031
GIST,normal,32,2,2,SCAN_L,7,7872727791650862151,178.391177,177.72467041,3441257,27530320,3960905289531293895
GIST,normal,32,2,2,SCAN_L,6,4668807861364956970,178.211553,177.72102356,3307298,26458648,1468705982382421891
GIST,normal,32,2,2,SCAN_L,5,8419766857112927641,178.209362,177.699813843,2697131,21577312,7757972437201703674
GIST,normal,32,2,2,SCAN_L,4,9368830554395401223,178.223215,177.724899292,3202337,25618960,4786298188205109055
GIST,normal,32,2,2,SCAN_L,3,17322893638147462453,178.092279,177.676101685,2327757,18622320,1743148825730065402
GIST,normal,32,2,2,SCAN_L,2,9607284371048990950,178.153325,177.711196899,2799362,22395160,16676447429364366930
GIST,normal,32,2,2,SCAN_L,1,3085188792669438576,178.261864,177.732452393,3379768,27038408,16851617623926673672
GIST,normal,32,2,2,SCAN_L,0,13392786189952033124,178.307427,177.727172852,3674231,29394112,10008776713215810853
GIST,normal,32,2,2,C_ID_L,31,7995077726280952526,188.802989,188.19708252,1901390,15211384,13489681460054578542
GIST,normal,32,2,2,C_ID_L,30,14416838764258129161,192.207668,191.311645508,3435058,27480728,9522656153375933671
GIST,normal,32,2,2,C_ID_L,29,15030165245001765777,191.403235,190.593688965,3108047,24864640,11460272485891822101
GIST,normal,32,2,2,C_ID_L,28,306400533752808697,185.098865,184.691329956,1761206,14089912,4311259945711691617
GIST,normal,32,2,2,C_ID_L,27,161217794029549079,189.500389,189.043807983,2182868,17463208,7432664629535937393
GIST,normal,32,2,2,C_ID_L,26,13539082034095136927,190.303625,189.892486572,2155594,17245016,7730178244082419076
GIST,normal,32,2,2,C_ID_L,25,13585693668991832971,190.692335,190.295394897,2197302,17578680,8982031243984102036
GIST,normal,32,2,2,C_ID_L,24,1048821632111722058,188.647784,187.681762695,4259785,34078544,9280311628070390270
GIST,normal,32,2,2,C_ID_L,23,10851237028586424301,181.660761,181.19708252,2645002,21160280,3304780033708818550
GIST,normal,32,2,2,C_ID_L,22,5004653838559619408,184.454441,184.093444824,1845725,14766064,9529499450952538175
GIST,normal,32,2,2,C_ID_L,21,3486346971057125245,191.523756,191.157913208,2138711,17109952,13256168575553722433
GIST,normal,32,2,2,C_ID_L,20,10712815744133708220,190.726621,190.235748291,2379602,19037080,1216819175030584202
GIST,normal,32,2,2,C_ID_L,19,15820513675728183516,192.620841,191.87298584,3973968,31792008,11230564349234227270
GIST,normal,32,2,2,C_ID_L,18,10765395806018310607,188.611994,188.232391357,2475628,19805288,14807640492517529625
GIST,normal,32,2,2,C_ID_L,17,2222729423292320042,191.646795,191.167617798,2911727,23294080,3059061473224546221
GIST,normal,32,2,2,C_ID_L,16,8534462434835011887,181.417677,181.160186768,1697233,13578128,6024903317663417656
GIST,normal,32,2,2,C_ID_L,15,4980500077960720760,192.358375,191.695526123,3891788,31134568,13624498926202248858
GIST,normal,32,2,2,C_ID_L,14,3185229373934033660,184.669295,183.873153687,4050998,32408248,16306481823672273204
GIST,normal,32,2,2,C_ID_L,13,1075722662635840942,189.953159,189.431365967,2745996,21968232,11706420194861542692
GIST,normal,32,2,2,C_ID_L,12,13216066866632432715,182.118253,181.564865112,2850452,22803880,15605031087069409691
GIST,normal,32,2,2,C_ID_L,11,12325065973520304682,190.986272,190.563674927,2239153,17913488,17377941278973625787
GIST,normal,32,2,2,C_ID_L,10,5544530460631338786,186.159668,185.471557617,3295543,26364608,17878093470628574661
GIST,normal,32,2,2,C_ID_L,9,7601489796430488175,188.944391,188.394424438,3096503,24772288,17946186273402395945
GIST,normal,32,2,2,C_ID_L,8,15783018974750835728,188.78953,188.380325317,2730860,21847144,17191503963960995031
GIST,normal,32,2,2,C_ID_L,7,7872727791650862151,189.909815,189.111297607,3441257,27530320,3960905289531293895
GIST,normal,32,2,2,C_ID_L,6,4668807861364956970,189.89907,189.406982422,3307298,26458648,1468705982382421891
GIST,normal,32,2,2,C_ID_L,5,8419766857112927641,190.385504,189.98828125,2697131,21577312,7757972437201703674
GIST,normal,32,2,2,C_ID_L,4,9368830554395401223,186.555192,186.055358887,3202337,25618960,4786298188205109055
GIST,normal,32,2,2,C_ID_L,3,17322893638147462453,189.124179,188.774978638,2327757,18622320,1743148825730065402
GIST,normal,32,2,2,C_ID_L,2,9607284371048990950,176.501745,176.043548584,2799362,22395160,16676447429364366930
GIST,normal,32,2,2,C_ID_L,1,3085188792669438576,189.959768,189.427261353,3379768,27038408,16851617623926673672
GIST,normal,32,2,2,C_ID_L,0,13392786189952033124,188.860025,188.243331909,3674231,29394112,10008776713215810853
GIST,normal,32,2,2,C_MASK_L,31,7995077726280952526,172.577629,172.063583374,1901390,15211384,13489681460054578542
GIST,normal,32,2,2,C_MASK_L,30,14416838764258129161,175.417945,174.578948975,3435058,27480728,9522656153375933671
GIST,normal,32,2,2,C_MASK_L,29,15030165245001765777,174.585754,173.830490112,3108047,24864640,11460272485891822101
GIST,normal,32,2,2,C_MASK_L,28,306400533752808697,169.312602,168.949859619,1761206,14089912,4311259945711691617
GIST,normal,32,2,2,C_MASK_L,27,161217794029549079,172.999581,172.561889648,2182868,17463208,7432664629535937393
GIST,normal,32,2,2,C_MASK_L,26,13539082034095136927,173.556858,173.183334351,2155594,17245016,7730178244082419076
GIST,normal,32,2,2,C_MASK_L,25,13585693668991832971,173.922793,173.537506104,2197302,17578680,8982031243984102036
GIST,normal,32,2,2,C_MASK_L,24,1048821632111722058,172.448482,171.572418213,4259785,34078544,9280311628070390270
GIST,normal,32,2,2,C_MASK_L,23,10851237028586424301,166.996214,166.504867554,2645002,21160280,3304780033708818550
GIST,normal,32,2,2,C_MASK_L,22,5004653838559619408,169.013528,168.704605103,1845725,14766064,9529499450952538175
GIST,normal,32,2,2,C_MASK_L,21,3486346971057125245,174.761318,174.385757446,2138711,17109952,13256168575553722433
GIST,normal,32,2,2,C_MASK_L,20,10712815744133708220,174.146608,173.764312744,2379602,19037080,1216819175030584202
GIST,normal,32,2,2,C_MASK_L,19,15820513675728183516,175.408682,174.676544189,3973968,31792008,11230564349234227270
GIST,normal,32,2,2,C_MASK_L,18,10765395806018310607,172.677148,172.299591064,2475628,19805288,14807640492517529625
GIST,normal,32,2,2,C_MASK_L,17,2222729423292320042,174.656028,174.175613403,2911727,23294080,3059061473224546221
GIST,normal,32,2,2,C_MASK_L,16,8534462434835011887,166.327217,166.073501587,1697233,13578128,6024903317663417656
GIST,normal,32,2,2,C_MASK_L,15,4980500077960720760,175.3579,174.731552124,3891788,31134568,13624498926202248858
GIST,normal,32,2,2,C_MASK_L,14,3185229373934033660,168.890829,168.264282227,4050998,32408248,16306481823672273204
GIST,normal,32,2,2,C_MASK_L,13,1075722662635840942,173.515951,173.10736084,2745996,21968232,11706420194861542692
GIST,normal,32,2,2,C_MASK_L,12,13216066866632432715,167.081021,166.629821777,2850452,22803880,15605031087069409691
GIST,normal,32,2,2,C_MASK_L,11,12325065973520304682,174.218509,173.88269043,2239153,17913488,17377941278973625787
GIST,normal,32,2,2,C_MASK_L,10,5544530460631338786,170.491421,169.970626831,3295543,26364608,17878093470628574661
GIST,normal,32,2,2,C_MASK_L,9,7601489796430488175,172.620573,172.15852356,3096503,24772288,17946186273402395945
GIST,normal,32,2,2,C_MASK_L,8,15783018974750835728,172.603939,172.200088501,2730860,21847144,17191503963960995031
GIST,normal,32,2,2,C_MASK_L,7,7872727791650862151,173.112111,172.574584961,3441257,27530320,3960905289531293895
GIST,normal,32,2,2,C_MASK_L,6,4668807861364956970,173.452013,172.959106445,3307298,26458648,1468705982382421891
GIST,normal,32,2,2,C_MASK_L,5,8419766857112927641,173.718327,173.320541382,2697131,21577312,7757972437201703674
GIST,normal,32,2,2,C_MASK_L,4,9368830554395401223,170.608242,170.107620239,3202337,25618960,4786298188205109055
GIST,normal,32,2,2,C_MASK_L,3,17322893638147462453,172.636751,172.290206909,2327757,18622320,1743148825730065402
GIST,normal,32,2,2,C_MASK_L,2,9607284371048990950,162.433217,161.984863281,2799362,22395160,16676447429364366930
GIST,normal,32,2,2,C_MASK_L,1,3085188792669438576,173.810611,173.287811279,3379768,27038408,16851617623926673672
GIST,normal,32,2,2,C_MASK_L,0,13392786189952033124,172.328103,171.761566162,3674231,29394112,10008776713215810853
GIST,normal,32,2,2,C_TASK_L,31,7995077726280952526,194.354795,193.734176636,1901390,15211384,13489681460054578542
GIST,normal,32,2,2,C_TASK_L,30,14416838764258129161,195.596473,194.5574646,3435058,27480728,9522656153375933671
GIST,normal,32,2,2,C_TASK_L,29,15030165245001765777,195.415723,194.564422607,3108047,24864640,11460272485891822101
GIST,normal,32,2,2,C_TASK_L,28,306400533752808697,193.760902,193.292160034,1761206,14089912,4311259945711691617
GIST,normal,32,2,2,C_TASK_L,27,161217794029549079,194.634052,194.108703613,2182868,17463208,7432664629535937393
GIST,normal,32,2,2,C_TASK_L,26,13539082034095136927,194.278295,193.84576416,2155594,17245016,7730178244082419076
GIST,normal,32,2,2,C_TASK_L,25,13585693668991832971,194.94666,194.495010376,2197302,17578680,8982031243984102036
GIST,normal,32,2,2,C_TASK_L,24,1048821632111722058,196.148606,195.068252563,4259785,34078544,9280311628070390270
GIST,normal,32,2,2,C_TASK_L,23,10851237028586424301,195.402551,194.862136841,2645002,21160280,3304780033708818550
GIST,normal,32,2,2,C_TASK_L,22,5004653838559619408,193.63241,193.27331543,1845725,14766064,9529499450952538175
GIST,normal,32,2,2,C_TASK_L,21,3486346971057125245,194.957142,194.547943115,2138711,17109952,13256168575553722433
GIST,normal,32,2,2,C_TASK_L,20,10712815744133708220,195.380253,194.896697998,2379602,19037080,1216819175030584202
GIST,normal,32,2,2,C_TASK_L,19,15820513675728183516,195.725941,194.85244751,3973968,31792008,11230564349234227270
GIST,normal,32,2,2,C_TASK_L,18,10765395806018310607,194.980409,194.50819397,2475628,19805288,14807640492517529625
GIST,normal,32,2,2,C_TASK_L,17,2222729423292320042,195.141655,194.576446533,2911727,23294080,3059061473224546221
GIST,normal,32,2,2,C_TASK_L,16,8534462434835011887,193.836442,193.510009766,1697233,13578128,6024903317663417656
GIST,normal,32,2,2,C_TASK_L,15,4980500077960720760,195.779538,194.918502808,3891788,31134568,13624498926202248858
GIST,normal,32,2,2,C_TASK_L,14,3185229373934033660,194.61926,193.807067871,4050998,32408248,16306481823672273204
GIST,normal,32,2,2,C_TASK_L,13,1075722662635840942,195.085342,194.566497803,2745996,21968232,11706420194861542692
GIST,normal,32,2,2,C_TASK_L,12,13216066866632432715,194.493352,193.976318359,2850452,22803880,15605031087069409691
GIST,normal,32,2,2,C_TASK_L,11,12325065973520304682,194.96859,194.541305542,2239153,17913488,17377941278973625787
GIST,normal,32,2,2,C_TASK_L,10,5544530460631338786,195.376786,194.722106934,3295543,26364608,17878093470628574661
GIST,normal,32,2,2,C_TASK_L,9,7601489796430488175,195.490958,194.90713501,3096503,24772288,17946186273402395945
GIST,normal,32,2,2,C_TASK_L,8,15783018974750835728,195.219095,194.741500854,2730860,21847144,17191503963960995031
GIST,normal,32,2,2,C_TASK_L,7,7872727791650862151,195.196679,194.528549194,3441257,27530320,3960905289531293895
GIST,normal,32,2,2,C_TASK_L,6,4668807861364956970,194.253255,193.628219604,3307298,26458648,1468705982382421891
GIST,normal,32,2,2,C_TASK_L,5,8419766857112927641,194.64631,194.137542725,2697131,21577312,7757972437201703674
GIST,normal,32,2,2,C_TASK_L,4,9368830554395401223,194.708949,194.087203979,3202337,25618960,4786298188205109055
GIST,normal,32,2,2,C_TASK_L,3,17322893638147462453,193.752505,193.33807373,2327757,18622320,1743148825730065402
GIST,normal,32,2,2,C_TASK_L,2,9607284371048990950,192.804218,192.257980347,2799362,22395160,16676447429364366930
GIST,normal,32,2,2,C_TASK_L,1,3085188792669438576,195.945896,195.293411255,3379768,27038408,16851617623926673672
GIST,normal,32,2,2,C_TASK_L,0,13392786189952033124,195.582457,194.85635376,3674231,29394112,10008776713215810853
GIST,normal,32,2,2,SCAN_E,31,7995077726280952526,137.552168,137.059326172,1901390,15211384,13489681460054578542
GIST,normal,32,2,2,SCAN_E,30,14416838764258129161,146.954919,146.106079102,3435058,27480728,9522656153375933671
GIST,normal,32,2,2,SCAN_E,29,15030165245001765777,149.373289,148.668197632,3108047,24864640,11460272485891822101
GIST,normal,32,2,2,SCAN_E,28,306400533752808697,140.371518,140.000701904,1761206,14089912,4311259945711691617
GIST,normal,32,2,2,SCAN_E,27,161217794029549079,142.160058,141.72869873,2182868,17463208,7432664629535937393
GIST,normal,32,2,2,SCAN_E,26,13539082034095136927,141.746783,141.355163574,2155594,17245016,7730178244082419076
GIST,normal,32,2,2,SCAN_E,25,13585693668991832971,141.919274,141.531646729,2197302,17578680,8982031243984102036
GIST,normal,32,2,2,SCAN_E,24,1048821632111722058,144.652135,143.74067688,4259785,34078544,9280311628070390270
GIST,normal,32,2,2,SCAN_E,23,10851237028586424301,142.646996,142.152603149,2645002,21160280,3304780033708818550
GIST,normal,32,2,2,SCAN_E,22,5004653838559619408,135.785966,135.478881836,1845725,14766064,9529499450952538175
GIST,normal,32,2,2,SCAN_E,21,3486346971057125245,146.38223,146.008514404,2138711,17109952,13256168575553722433
GIST,normal,32,2,2,SCAN_E,20,10712815744133708220,138.227667,137.820800781,2379602,19037080,1216819175030584202
GIST,normal,32,2,2,SCAN_E,19,15820513675728183516,150.126405,149.359420776,3973968,31792008,11230564349234227270
GIST,normal,32,2,2,SCAN_E,18,10765395806018310607,135.506331,135.016860962,2475628,19805288,14807640492517529625
GIST,normal,32,2,2,SCAN_E,17,2222729423292320042,149.012135,148.417663574,2911727,23294080,3059061473224546221
GIST,normal,32,2,2,SCAN_E,16,8534462434835011887,132.047458,131.717407227,1697233,13578128,6024903317663417656
GIST,normal,32,2,2,SCAN_E,15,4980500077960720760,152.292949,151.472961426,3891788,31134568,13624498926202248858
GIST,normal,32,2,2,SCAN_E,14,3185229373934033660,142.677709,141.862045288,4050998,32408248,16306481823672273204
GIST,normal,32,2,2,SCAN_E,13,1075722662635840942,147.865062,147.323257446,2745996,21968232,11706420194861542692
GIST,normal,32,2,2,SCAN_E,12,13216066866632432715,139.537614,138.972930908,2850452,22803880,15605031087069409691
GIST,normal,32,2,2,SCAN_E,11,12325065973520304682,138.767066,138.342086792,2239153,17913488,17377941278973625787
GIST,normal,32,2,2,SCAN_E,10,5544530460631338786,143.683396,143.032485962,3295543,26364608,17878093470628574661
GIST,normal,32,2,2,SCAN_E,9,7601489796430488175,142.964005,142.384414673,3096503,24772288,17946186273402395945
GIST,normal,32,2,2,SCAN_E,8,15783018974750835728,141.358737,140.84614563,2730860,21847144,17191503963960995031
GIST,normal,32,2,2,SCAN_E,7,7872727791650862151,146.504288,145.939071655,3441257,27530320,3960905289531293895
GIST,normal,32,2,2,SCAN_E,6,4668807861364956970,143.793654,143.170684814,3307298,26458648,1468705982382421891
GIST,normal,32,2,2,SCAN_E,5,8419766857112927641,143.652189,143.145828247,2697131,21577312,7757972437201703674
GIST,normal,32,2,2,SCAN_E,4,9368830554395401223,139.786993,139.283676147,3202337,25618960,4786298188205109055
GIST,normal,32,2,2,SCAN_E,3,17322893638147462453,138.573984,138.222808838,2327757,18622320,1743148825730065402
GIST,normal,32,2,2,SCAN_E,2,9607284371048990950,136.642477,136.1900177,2799362,22395160,16676447429364366930
GIST,normal,32,2,2,SCAN_E,1,3085188792669438576,145.485962,144.961090088,3379768,27038408,16851617623926673672
GIST,normal,32,2,2,SCAN_E,0,13392786189952033124,145.092659,144.512924194,3674231,29394112,10008776713215810853
GIST,normal,32,2,2,C_ID_E,31,7995077726280952526,176.410366,175.796539307,1901390,15211384,13489681460054578542
GIST,normal,32,2,2,C_ID_E,30,14416838764258129161,190.139089,189.098815918,3435058,27480728,9522656153375933671
GIST,normal,32,2,2,C_ID_E,29,15030165245001765777,192.754664,191.884002686,3108047,24864640,11460272485891822101
GIST,normal,32,2,2,C_ID_E,28,306400533752808697,176.549475,176.127075195,1761206,14089912,4311259945711691617
GIST,normal,32,2,2,C_ID_E,27,161217794029549079,181.790719,181.324447632,2182868,17463208,7432664629535937393
GIST,normal,32,2,2,C_ID_E,26,13539082034095136927,182.581919,182.122619629,2155594,17245016,7730178244082419076
GIST,normal,32,2,2,C_ID_E,25,13585693668991832971,183.037321,182.639587402,2197302,17578680,8982031243984102036
GIST,normal,32,2,2,C_ID_E,24,1048821632111722058,183.961147,182.909790039,4259785,34078544,9280311628070390270
GIST,normal,32,2,2,C_ID_E,23,10851237028586424301,175.989434,175.521438599,2645002,21160280,3304780033708818550
GIST,normal,32,2,2,C_ID_E,22,5004653838559619408,171.014675,170.657058716,1845725,14766064,9529499450952538175
GIST,normal,32,2,2,C_ID_E,21,3486346971057125245,189.462054,189.090713501,2138711,17109952,13256168575553722433
GIST,normal,32,2,2,C_ID_E,20,10712815744133708220,177.27904,176.788833618,2379602,19037080,1216819175030584202
GIST,normal,32,2,2,C_ID_E,19,15820513675728183516,194.499463,193.740997314,3973968,31792008,11230564349234227270
GIST,normal,32,2,2,C_ID_E,18,10765395806018310607,173.234258,172.808197021,2475628,19805288,14807640492517529625
GIST,normal,32,2,2,C_ID_E,17,2222729423292320042,192.501133,192.006500244,2911727,23294080,3059061473224546221
GIST,normal,32,2,2,C_ID_E,16,8534462434835011887,166.013872,165.748062134,1697233,13578128,6024903317663417656
GIST,normal,32,2,2,C_ID_E,15,4980500077960720760,196.743049,196.077148438,3891788,31134568,13624498926202248858
GIST,normal,32,2,2,C_ID_E,14,3185229373934033660,181.848077,181.182342529,4050998,32408248,16306481823672273204
GIST,normal,32,2,2,C_ID_E,13,1075722662635840942,189.353644,188.935745239,2745996,21968232,11706420194861542692
GIST,normal,32,2,2,C_ID_E,12,13216066866632432715,174.090378,173.620864868,2850452,22803880,15605031087069409691
GIST,normal,32,2,2,C_ID_E,11,12325065973520304682,177.950128,177.612640381,2239153,17913488,17377941278973625787
GIST,normal,32,2,2,C_ID_E,10,5544530460631338786,184.186611,183.639450073,3295543,26364608,17878093470628574661
GIST,normal,32,2,2,C_ID_E,9,7601489796430488175,182.90319,182.442947388,3096503,24772288,17946186273402395945
GIST,normal,32,2,2,C_ID_E,8,15783018974750835728,181.315888,180.9090271,2730860,21847144,17191503963960995031
GIST,normal,32,2,2,C_ID_E,7,7872727791650862151,187.410026,186.873214722,3441257,27530320,3960905289531293895
GIST,normal,32,2,2,C_ID_E,6,4668807861364956970,184.634639,184.138656616,3307298,26458648,1468705982382421891
GIST,normal,32,2,2,C_ID_E,5,8419766857112927641,184.824507,184.425415039,2697131,21577312,7757972437201703674
GIST,normal,32,2,2,C_ID_E,4,9368830554395401223,176.455983,175.944763184,3202337,25618960,4786298188205109055
GIST,normal,32,2,2,C_ID_E,3,17322893638147462453,177.105104,176.759002686,2327757,18622320,1743148825730065402
GIST,normal,32,2,2,C_ID_E,2,9607284371048990950,171.065222,170.611099243,2799362,22395160,16676447429364366930
GIST,normal,32,2,2,C_ID_E,1,3085188792669438576,186.581138,186.048995972,3379768,27038408,16851617623926673672
GIST,normal,32,2,2,C_ID_E,0,13392786189952033124,186.53737,185.921081543,3674231,29394112,10008776713215810853
GIST,normal,32,2,2,C_MASK_E,31,7995077726280952526,136.879963,136.361282349,1901390,15211384,13489681460054578542
GIST,normal,32,2,2,C_MASK_E,30,14416838764258129161,146.73645,145.875137329,3435058,27480728,9522656153375933671
GIST,normal,32,2,2,C_MASK_E,29,15030165245001765777,148.780888,148.092346191,3108047,24864640,11460272485891822101
GIST,normal,32,2,2,C_MASK_E,28,306400533752808697,136.825579,136.468032837,1761206,14089912,4311259945711691617
GIST,normal,32,2,2,C_MASK_E,27,161217794029549079,140.965968,140.536804199,2182868,17463208,7432664629535937393
GIST,normal,32,2,2,C_MASK_E,26,13539082034095136927,141.142207,140.768096924,2155594,17245016,7730178244082419076
GIST,normal,32,2,2,C_MASK_E,25,13585693668991832971,141.772462,141.380569458,2197302,17578680,8982031243984102036
GIST,normal,32,2,2,C_MASK_E,24,1048821632111722058,143.020326,142.118911743,4259785,34078544,9280311628070390270
GIST,normal,32,2,2,C_MASK_E,23,10851237028586424301,137.104859,136.627288818,2645002,21160280,3304780033708818550
GIST,normal,32,2,2,C_MASK_E,22,5004653838559619408,133.073875,132.760696411,1845725,14766064,9529499450952538175
GIST,normal,32,2,2,C_MASK_E,21,3486346971057125245,146.333635,145.892486572,2138711,17109952,13256168575553722433
GIST,normal,32,2,2,C_MASK_E,20,10712815744133708220,137.677041,137.18598938,2379602,19037080,1216819175030584202
GIST,normal,32,2,2,C_MASK_E,19,15820513675728183516,150.066091,149.162750244,3973968,31792008,11230564349234227270
GIST,normal,32,2,2,C_MASK_E,18,10765395806018310607,134.828254,134.345535278,2475628,19805288,14807640492517529625
GIST,normal,32,2,2,C_MASK_E,17,2222729423292320042,148.534374,147.949478149,2911727,23294080,3059061473224546221
GIST,normal,32,2,2,C_MASK_E,16,8534462434835011887,130.041761,129.716384888,1697233,13578128,6024903317663417656
GIST,normal,32,2,2,C_MASK_E,15,4980500077960720760,151.982004,151.182434082,3891788,31134568,13624498926202248858
GIST,normal,32,2,2,C_MASK_E,14,3185229373934033660,141.369224,140.580825806,4050998,32408248,16306481823672273204
GIST,normal,32,2,2,C_MASK_E,13,1075722662635840942,146.413338,145.894210815,2745996,21968232,11706420194861542692
GIST,normal,32,2,2,C_MASK_E,12,13216066866632432715,135.503512,134.941314697,2850452,22803880,15605031087069409691
GIST,normal,32,2,2,C_MASK_E,11,12325065973520304682,138.415299,137.987457275,2239153,17913488,17377941278973625787
GIST,normal,32,2,2,C_MASK_E,10,5544530460631338786,143.098304,142.451583862,3295543,26364608,17878093470628574661
GIST,normal,32,2,2,C_MASK_E,9,7601489796430488175,142.267579,141.690887451,3096503,24772288,17946186273402395945
GIST,normal,32,2,2,C_MASK_E,8,15783018974750835728,140.752744,140.243041992,2730860,21847144,17191503963960995031
GIST,normal,32,2,2,C_MASK_E,7,7872727791650862151,144.89088,144.352706909,3441257,27530320,3960905289531293895
GIST,normal,32,2,2,C_MASK_E,6,4668807861364956970,142.73771,142.119873047,3307298,26458648,1468705982382421891
GIST,normal,32,2,2,C_MASK_E,5,8419766857112927641,143.122658,142.611526489,2697131,21577312,7757972437201703674
GIST,normal,32,2,2,C_MASK_E,4,9368830554395401223,137.004855,136.383865356,3202337,25618960,4786298188205109055
GIST,normal,32,2,2,C_MASK_E,3,17322893638147462453,137.082729,136.639801025,2327757,18622320,1743148825730065402
GIST,normal,32,2,2,C_MASK_E,2,9607284371048990950,133.285523,132.736633301,2799362,22395160,16676447429364366930
GIST,normal,32,2,2,C_MASK_E,1,3085188792669438576,144.692728,144.03855896,3379768,27038408,16851617623926673672
GIST,normal,32,2,2,C_MASK_E,0,13392786189952033124,144.695325,143.988998413,3674231,29394112,10008776713215810853
GIST,normal,32,2,2,C_TASK_E,31,7995077726280952526,136.088985,135.590621948,1901390,15211384,13489681460054578542
GIST,normal,32,2,2,C_TASK_E,30,14416838764258129161,146.021984,145.009567261,3435058,27480728,9522656153375933671
GIST,normal,32,2,2,C_TASK_E,29,15030165245001765777,148.014026,147.24281311,3108047,24864640,11460272485891822101
GIST,normal,32,2,2,C_TASK_E,28,306400533752808697,136.154269,135.6900177,1761206,14089912,4311259945711691617
GIST,normal,32,2,2,C_TASK_E,27,161217794029549079,140.262687,139.80128479,2182868,17463208,7432664629535937393
GIST,normal,32,2,2,C_TASK_E,26,13539082034095136927,140.26498,139.875778198,2155594,17245016,7730178244082419076
GIST,normal,32,2,2,C_TASK_E,25,13585693668991832971,140.893411,140.449981689,2197302,17578680,8982031243984102036
GIST,normal,32,2,2,C_TASK_E,24,1048821632111722058,142.390426,141.488739014,4259785,34078544,9280311628070390270
GIST,normal,32,2,2,C_TASK_E,23,10851237028586424301,136.262723,135.747970581,2645002,21160280,3304780033708818550
GIST,normal,32,2,2,C_TASK_E,22,5004653838559619408,132.29769,131.973632812,1845725,14766064,9529499450952538175
GIST,normal,32,2,2,C_TASK_E,21,3486346971057125245,145.386449,145.013305664,2138711,17109952,13256168575553722433
GIST,normal,32,2,2,C_TASK_E,20,10712815744133708220,137.0183,136.531036377,2379602,19037080,1216819175030584202
GIST,normal,32,2,2,C_TASK_E,19,15820513675728183516,148.950168,148.223129272,3973968,31792008,11230564349234227270
GIST,normal,32,2,2,C_TASK_E,18,10765395806018310607,133.998806,133.556518555,2475628,19805288,14807640492517529625
GIST,normal,32,2,2,C_TASK_E,17,2222729423292320042,147.365878,146.888442993,2911727,23294080,3059061473224546221
GIST,normal,32,2,2,C_TASK_E,16,8534462434835011887,129.173817,128.914489746,1697233,13578128,6024903317663417656
GIST,normal,32,2,2,C_TASK_E,15,4980500077960720760,151.220773,150.441177368,3891788,31134568,13624498926202248858
GIST,normal,32,2,2,C_TASK_E,14,3185229373934033660,140.17499,139.541091919,4050998,32408248,16306481823672273204
GIST,normal,32,2,2,C_TASK_E,13,1075722662635840942,145.62925,145.178939819,2745996,21968232,11706420194861542692
GIST,normal,32,2,2,C_TASK_E,12,13216066866632432715,134.678864,134.218429565,2850452,22803880,15605031087069409691
GIST,normal,32,2,2,C_TASK_E,11,12325065973520304682,137.248007,136.904281616,2239153,17913488,17377941278973625787
GIST,normal,32,2,2,C_TASK_E,10,5544530460631338786,142.351697,141.77494812,3295543,26364608,17878093470628574661
GIST,normal,32,2,2,C_TASK_E,9,7601489796430488175,141.239236,140.775512695,3096503,24772288,17946186273402395945
GIST,normal,32,2,2,C_TASK_E,8,15783018974750835728,139.775728,139.368865967,2730860,21847144,17191503963960995031
GIST,normal,32,2,2,C_TASK_E,7,7872727791650862151,144.04191,143.507461548,3441257,27530320,3960905289531293895
GIST,normal,32,2,2,C_TASK_E,6,4668807861364956970,141.735688,141.242599487,3307298,26458648,1468705982382421891
GIST,normal,32,2,2,C_TASK_E,5,8419766857112927641,142.258161,141.862503052,2697131,21577312,7757972437201703674
GIST,normal,32,2,2,C_TASK_E,4,9368830554395401223,136.229409,135.730560303,3202337,25618960,4786298188205109055
GIST,normal,32,2,2,C_TASK_E,3,17322893638147462453,136.227688,135.879684448,2327757,18622320,1743148825730065402
GIST,normal,32,2,2,C_TASK_E,2,9607284371048990950,132.487698,132.039398193,2799362,22395160,16676447429364366930
GIST,normal,32,2,2,C_TASK_E,1,3085188792669438576,143.741421,143.217254639,3379768,27038408,16851617623926673672
GIST,normal,32,2,2,C_TASK_E,0,13392786189952033124,143.969581,143.391937256,3674231,29394112,10008776713215810853
GIST,normal,32,2,3,SCAN_L,0,13392786189952033124,178.80703,177.727554321,3674231,29394112,10008776713215810853
GIST,normal,32,2,3,SCAN_L,1,3085188792669438576,178.712973,177.730331421,3379768,27038408,16851617623926673672
GIST,normal,32,2,3,SCAN_L,2,9607284371048990950,178.46435,177.712799072,2799362,22395160,16676447429364366930
GIST,normal,32,2,3,SCAN_L,3,17322893638147462453,178.224108,177.677154541,2327757,18622320,1743148825730065402
GIST,normal,32,2,3,SCAN_L,4,9368830554395401223,178.70133,178.007995605,3202337,25618960,4786298188205109055
GIST,normal,32,2,3,SCAN_L,5,8419766857112927641,178.273379,177.704956055,2697131,21577312,7757972437201703674
GIST,normal,32,2,3,SCAN_L,6,4668807861364956970,178.353358,177.719970703,3307298,26458648,1468705982382421891
GIST,normal,32,2,3,SCAN_L,7,7872727791650862151,178.439481,177.723678589,3441257,27530320,3960905289531293895
GIST,normal,32,2,3,SCAN_L,8,15783018974750835728,178.245874,177.704101562,2730860,21847144,17191503963960995031
GIST,normal,32,2,3,SCAN_L,9,7601489796430488175,178.31515,177.720993042,3096503,24772288,17946186273402395945
GIST,normal,32,2,3,SCAN_L,10,5544530460631338786,178.36317,177.720153809,3295543,26364608,17878093470628574661
GIST,normal,32,2,3,SCAN_L,11,12325065973520304682,178.050335,177.691741943,2239153,17913488,17377941278973625787
GIST,normal,32,2,3,SCAN_L,12,13216066866632432715,178.178262,177.706466675,2850452,22803880,15605031087069409691
GIST,normal,32,2,3,SCAN_L,13,1075722662635840942,178.151002,177.71661377,2745996,21968232,11706420194861542692
GIST,normal,32,2,3,SCAN_L,14,3185229373934033660,178.591058,177.740188599,4050998,32408248,16306481823672273204
GIST,normal,32,2,3,SCAN_L,15,4980500077960720760,178.377402,177.753662109,3891788,31134568,13624498926202248858
GIST,normal,32,2,3,SCAN_L,16,8534462434835011887,177.994023,177.679458618,1697233,13578128,6024903317663417656
GIST,normal,32,2,3,SCAN_L,17,2222729423292320042,178.234283,177.722183228,2911727,23294080,3059061473224546221
GIST,normal,32,2,3,SCAN_L,18,10765395806018310607,178.173679,177.702209473,2475628,19805288,14807640492517529625
GIST,normal,32,2,3,SCAN_L,19,15820513675728183516,178.521381,177.755844116,3973968,31792008,11230564349234227270
GIST,normal,32,2,3,SCAN_L,20,10712815744133708220,178.14772,177.698883057,2379602,19037080,1216819175030584202
GIST,normal,32,2,3,SCAN_L,21,3486346971057125245,178.114649,177.705566406,2138711,17109952,13256168575553722433
GIST,normal,32,2,3,SCAN_L,22,5004653838559619408,178.022902,177.671936035,1845725,14766064,9529499450952538175
GIST,normal,32,2,3,SCAN_L,23,10851237028586424301,178.232186,177.707077026,2645002,21160280,3304780033708818550
GIST,normal,32,2,3,SCAN_L,24,1048821632111722058,178.584382,177.742599487,4259785,34078544,9280311628070390270
GIST,normal,32,2,3,SCAN_L,25,13585693668991832971,178.112188,177.693054199,2197302,17578680,8982031243984102036
GIST,normal,32,2,3,SCAN_L,26,13539082034095136927,178.123696,177.694717407,2155594,17245016,7730178244082419076
GIST,normal,32,2,3,SCAN_L,27,161217794029549079,178.148753,177.705734253,2182868,17463208,7432664629535937393
GIST,normal,32,2,3,SCAN_L,28,306400533752808697,178.023709,177.685119629,1761206,14089912,4311259945711691617
GIST,normal,32,2,3,SCAN_L,29,15030165245001765777,178.327213,177.726470947,3108047,24864640,11460272485891822101
GIST,normal,32,2,3,SCAN_L,30,14416838764258129161,178.384265,177.723419189,3435058,27480728,9522656153375933671
GIST,normal,32,2,3,SCAN_L,31,7995077726280952526,178.048385,177.685348511,1901390,15211384,13489681460054578542
GIST,normal,32,2,3,C_ID_L,0,13392786189952033124,189.547513,188.24307251,3674231,29394112,10008776713215810853
GIST,normal,32,2,3,C_ID_L,1,3085188792669438576,190.648865,189.439590454,3379768,27038408,16851617623926673672
GIST,normal,32,2,3,C_ID_L,2,9607284371048990950,176.84834,176.056350708,2799362,22395160,16676447429364366930
GIST,normal,32,2,3,C_ID_L,3,17322893638147462453,189.371528,188.777114868,2327757,18622320,1743148825730065402
GIST,normal,32,2,3,C_ID_L,4,9368830554395401223,186.838849,186.056732178,3202337,25618960,4786298188205109055
GIST,normal,32,2,3,C_ID_L,5,8419766857112927641,190.522624,189.981948853,2697131,21577312,7757972437201703674
GIST,normal,32,2,3,C_ID_L,6,4668807861364956970,190.089975,189.407516479,3307298,26458648,1468705982382421891
GIST,normal,32,2,3,C_ID_L,7,7872727791650862151,189.73683,189.116455078,3441257,27530320,3960905289531293895
GIST,normal,32,2,3,C_ID_L,8,15783018974750835728,188.906755,188.357116699,2730860,21847144,17191503963960995031
GIST,normal,32,2,3,C_ID_L,9,7601489796430488175,189.255171,188.409317017,3096503,24772288,17946186273402395945
GIST,normal,32,2,3,C_ID_L,10,5544530460631338786,186.057502,185.501052856,3295543,26364608,17878093470628574661
GIST,normal,32,2,3,C_ID_L,11,12325065973520304682,190.922642,190.562759399,2239153,17913488,17377941278973625787
GIST,normal,32,2,3,C_ID_L,12,13216066866632432715,182.18205,181.697372437,2850452,22803880,15605031087069409691
GIST,normal,32,2,3,C_ID_L,13,1075722662635840942,189.951246,189.509887695,2745996,21968232,11706420194861542692
GIST,normal,32,2,3,C_ID_L,14,3185229373934033660,184.624379,183.884414673,4050998,32408248,16306481823672273204
GIST,normal,32,2,3,C_ID_L,15,4980500077960720760,192.311642,191.687774658,3891788,31134568,13624498926202248858
GIST,normal,32,2,3,C_ID_L,16,8534462434835011887,181.443197,181.162918091,1697233,13578128,6024903317663417656
GIST,normal,32,2,3,C_ID_L,17,2222729423292320042,191.647036,191.168960571,2911727,23294080,3059061473224546221
GIST,normal,32,2,3,C_ID_L,18,10765395806018310607,188.59464,188.223068237,2475628,19805288,14807640492517529625
GIST,normal,32,2,3,C_ID_L,19,15820513675728183516,192.240417,191.591522217,3973968,31792008,11230564349234227270
GIST,normal,32,2,3,C_ID_L,20,10712815744133708220,190.586384,190.230621338,2379602,19037080,1216819175030584202
GIST,normal,32,2,3,C_ID_L,21,3486346971057125245,191.475673,191.153671265,2138711,17109952,13256168575553722433
GIST,normal,32,2,3,C_ID_L,22,5004653838559619408,184.3793,184.095230103,1845725,14766064,9529499450952538175
GIST,normal,32,2,3,C_ID_L,23,10851237028586424301,181.632396,181.189987183,2645002,21160280,3304780033708818550
GIST,normal,32,2,3,C_ID_L,24,1048821632111722058,188.451776,187.677764893,4259785,34078544,9280311628070390270
GIST,normal,32,2,3,C_ID_L,25,13585693668991832971,190.64786,190.314361572,2197302,17578680,8982031243984102036
GIST,normal,32,2,3,C_ID_L,26,13539082034095136927,190.293554,189.926086426,2155594,17245016,7730178244082419076
GIST,normal,32,2,3,C_ID_L,27,161217794029549079,189.410042,189.038818359,2182868,17463208,7432664629535937393
GIST,normal,32,2,3,C_ID_L,28,306400533752808697,184.95299,184.684890747,1761206,14089912,4311259945711691617
GIST,normal,32,2,3,C_ID_L,29,15030165245001765777,191.098125,190.587997437,3108047,24864640,11460272485891822101
GIST,normal,32,2,3,C_ID_L,30,14416838764258129161,191.866285,191.312164307,3435058,27480728,9522656153375933671
GIST,normal,32,2,3,C_ID_L,31,7995077726280952526,188.486203,188.203201294,1901390,15211384,13489681460054578542
GIST,normal,32,2,3,C_MASK_L,0,13392786189952033124,173.024241,171.971359253,3674231,29394112,10008776713215810853
GIST,normal,32,2,3,C_MASK_L,1,3085188792669438576,174.163912,173.293884277,3379768,27038408,16851617623926673672
GIST,normal,32,2,3,C_MASK_L,2,9607284371048990950,162.662412,161.988220215,2799362,22395160,16676447429364366930
GIST,normal,32,2,3,C_MASK_L,3,17322893638147462453,172.837129,172.340774536,2327757,18622320,1743148825730065402
GIST,normal,32,2,3,C_MASK_L,4,9368830554395401223,170.969075,170.279769897,3202337,25618960,4786298188205109055
GIST,normal,32,2,3,C_MASK_L,5,8419766857112927641,173.831412,173.32611084,2697131,21577312,7757972437201703674
GIST,normal,32,2,3,C_MASK_L,6,4668807861364956970,173.527972,172.88671875,3307298,26458648,1468705982382421891
GIST,normal,32,2,3,C_MASK_L,7,7872727791650862151,173.360028,172.710403442,3441257,27530320,3960905289531293895
GIST,normal,32,2,3,C_MASK_L,8,15783018974750835728,172.658625,172.169692993,2730860,21847144,17191503963960995031
GIST,normal,32,2,3,C_MASK_L,9,7601489796430488175,172.672713,172.125152588,3096503,24772288,17946186273402395945
GIST,normal,32,2,3,C_MASK_L,10,5544530460631338786,170.516275,169.94128418,3295543,26364608,17878093470628574661
GIST,normal,32,2,3,C_MASK_L,11,12325065973520304682,174.268641,173.909240723,2239153,17913488,17377941278973625787
GIST,normal,32,2,3,C_MASK_L,12,13216066866632432715,167.131295,166.644866943,2850452,22803880,15605031087069409691
GIST,normal,32,2,3,C_MASK_L,13,1075722662635840942,173.563266,173.129882812,2745996,21968232,11706420194861542692
GIST,normal,32,2,3,C_MASK_L,14,3185229373934033660,169.034504,168.310012817,4050998,32408248,16306481823672273204
GIST,normal,32,2,3,C_MASK_L,15,4980500077960720760,175.279188,174.683166504,3891788,31134568,13624498926202248858
GIST,normal,32,2,3,C_MASK_L,16,8534462434835011887,166.401012,166.122589111,1697233,13578128,6024903317663417656
GIST,normal,32,2,3,C_MASK_L,17,2222729423292320042,174.76587,174.287261963,2911727,23294080,3059061473224546221
GIST,normal,32,2,3,C_MASK_L,18,10765395806018310607,172.894873,172.51020813,2475628,19805288,14807640492517529625
GIST,normal,32,2,3,C_MASK_L,19,15820513675728183516,175.228725,174.576385498,3973968,31792008,11230564349234227270
GIST,normal,32,2,3,C_MASK_L,20,10712815744133708220,174.382367,174.013122559,2379602,19037080,1216819175030584202
GIST,normal,32,2,3,C_MASK_L,21,3486346971057125245,174.844844,174.517883301,2138711,17109952,13256168575553722433
GIST,normal,32,2,3,C_MASK_L,22,5004653838559619408,169.000506,168.717987061,1845725,14766064,9529499450952538175
GIST,normal,32,2,3,C_MASK_L,23,10851237028586424301,166.988895,166.54649353,2645002,21160280,3304780033708818550
GIST,normal,32,2,3,C_MASK_L,24,1048821632111722058,172.378476,171.548995972,4259785,34078544,9280311628070390270
GIST,normal,32,2,3,C_MASK_L,25,13585693668991832971,174.008664,173.586685181,2197302,17578680,8982031243984102036
GIST,normal,32,2,3,C_MASK_L,26,13539082034095136927,173.642115,173.195678711,2155594,17245016,7730178244082419076
GIST,normal,32,2,3,C_MASK_L,27,161217794029549079,173.095582,172.655166626,2182868,17463208,7432664629535937393
GIST,normal,32,2,3,C_MASK_L,28,306400533752808697,169.240474,168.973754883,1761206,14089912,4311259945711691617
GIST,normal,32,2,3,C_MASK_L,29,15030165245001765777,174.366133,173.83581543,3108047,24864640,11460272485891822101
GIST,normal,32,2,3,C_MASK_L,30,14416838764258129161,175.092723,174.546401978,3435058,27480728,9522656153375933671
GIST,normal,32,2,3,C_MASK_L,31,7995077726280952526,172.39306,172.02796936,1901390,15211384,13489681460054578542
GIST,normal,32,2,3,C_TASK_L,0,13392786189952033124,195.898089,194.852325439,3674231,29394112,10008776713215810853
GIST,normal,32,2,3,C_TASK_L,1,3085188792669438576,196.205068,195.315353394,3379768,27038408,16851617623926673672
GIST,normal,32,2,3,C_TASK_L,2,9607284371048990950,192.980949,192.276473999,2799362,22395160,16676447429364366930
GIST,normal,32,2,3,C_TASK_L,3,17322893638147462453,193.837223,193.338745117,2327757,18622320,1743148825730065402
GIST,normal,32,2,3,C_TASK_L,4,9368830554395401223,194.783912,194.09564209,3202337,25618960,4786298188205109055
GIST,normal,32,2,3,C_TASK_L,5,8419766857112927641,194.673324,194.161819458,2697131,21577312,7757972437201703674
GIST,normal,32,2,3,C_TASK_L,6,4668807861364956970,194.257682,193.612838745,3307298,26458648,1468705982382421891
GIST,normal,32,2,3,C_TASK_L,7,7872727791650862151,195.151084,194.530822754,3441257,27530320,3960905289531293895
GIST,normal,32,2,3,C_TASK_L,8,15783018974750835728,195.227833,194.742599487,2730860,21847144,17191503963960995031
GIST,normal,32,2,3,C_TASK_L,9,7601489796430488175,195.455263,194.910171509,3096503,24772288,17946186273402395945
GIST,normal,32,2,3,C_TASK_L,10,5544530460631338786,195.282358,194.711776733,3295543,26364608,17878093470628574661
GIST,normal,32,2,3,C_TASK_L,11,12325065973520304682,194.916934,194.531707764,2239153,17913488,17377941278973625787
GIST,normal,32,2,3,C_TASK_L,12,13216066866632432715,194.160672,193.674240112,2850452,22803880,15605031087069409691
GIST,normal,32,2,3,C_TASK_L,13,1075722662635840942,195.013689,194.564605713,2745996,21968232,11706420194861542692
GIST,normal,32,2,3,C_TASK_L,14,3185229373934033660,194.584415,193.802749634,4050998,32408248,16306481823672273204
GIST,normal,32,2,3,C_TASK_L,15,4980500077960720760,195.617065,194.94770813,3891788,31134568,13624498926202248858
GIST,normal,32,2,3,C_TASK_L,16,8534462434835011887,194.079593,193.777572632,1697233,13578128,6024903317663417656
GIST,normal,32,2,3,C_TASK_L,17,2222729423292320042,195.14708,194.569213867,2911727,23294080,3059061473224546221
GIST,normal,32,2,3,C_TASK_L,18,10765395806018310607,194.979585,194.50869751,2475628,19805288,14807640492517529625
GIST,normal,32,2,3,C_TASK_L,19,15820513675728183516,195.655936,194.842330933,3973968,31792008,11230564349234227270
GIST,normal,32,2,3,C_TASK_L,20,10712815744133708220,195.315427,194.879013062,2379602,19037080,1216819175030584202
GIST,normal,32,2,3,C_TASK_L,21,3486346971057125245,194.954264,194.545120239,2138711,17109952,13256168575553722433
GIST,normal,32,2,3,C_TASK_L,22,5004653838559619408,193.633279,193.273605347,1845725,14766064,9529499450952538175
GIST,normal,32,2,3,C_TASK_L,23,10851237028586424301,195.396996,194.853179932,2645002,21160280,3304780033708818550
GIST,normal,32,2,3,C_TASK_L,24,1048821632111722058,196.009633,195.038787842,4259785,34078544,9280311628070390270
GIST,normal,32,2,3,C_TASK_L,25,13585693668991832971,194.923024,194.49760437,2197302,17578680,8982031243984102036
GIST,normal,32,2,3,C_TASK_L,26,13539082034095136927,194.296137,193.858078003,2155594,17245016,7730178244082419076
GIST,normal,32,2,3,C_TASK_L,27,161217794029549079,194.589244,194.12399292,2182868,17463208,7432664629535937393
GIST,normal,32,2,3,C_TASK_L,28,306400533752808697,193.633,193.292678833,1761206,14089912,4311259945711691617
GIST,normal,32,2,3,C_TASK_L,29,15030165245001765777,195.238703,194.56842041,3108047,24864640,11460272485891822101
GIST,normal,32,2,3,C_TASK_L,30,14416838764258129161,195.270177,194.562561035,3435058,27480728,9522656153375933671
GIST,normal,32,2,3,C_TASK_L,31,7995077726280952526,194.108524,193.740646362,1901390,15211384,13489681460054578542
GIST,normal,32,2,3,SCAN_E,0,13392786189952033124,145.579438,144.481628418,3674231,29394112,10008776713215810853
GIST,normal,32,2,3,SCAN_E,1,3085188792669438576,145.750034,144.87651062,3379768,27038408,16851617623926673672
GIST,normal,32,2,3,SCAN_E,2,9607284371048990950,136.928449,136.208251953,2799362,22395160,16676447429364366930
GIST,normal,32,2,3,SCAN_E,3,17322893638147462453,138.829743,138.300323486,2327757,18622320,1743148825730065402
GIST,normal,32,2,3,SCAN_E,4,9368830554395401223,140.131037,139.420379639,3202337,25618960,4786298188205109055
GIST,normal,32,2,3,SCAN_E,5,8419766857112927641,143.786013,143.175430298,2697131,21577312,7757972437201703674
GIST,normal,32,2,3,SCAN_E,6,4668807861364956970,143.831264,143.187362671,3307298,26458648,1468705982382421891
GIST,normal,32,2,3,SCAN_E,7,7872727791650862151,146.759013,146.056869507,3441257,27530320,3960905289531293895
GIST,normal,32,2,3,SCAN_E,8,15783018974750835728,141.428267,140.94720459,2730860,21847144,17191503963960995031
GIST,normal,32,2,3,SCAN_E,9,7601489796430488175,142.899073,142.358276367,3096503,24772288,17946186273402395945
GIST,normal,32,2,3,SCAN_E,10,5544530460631338786,143.637926,143.056289673,3295543,26364608,17878093470628574661
GIST,normal,32,2,3,SCAN_E,11,12325065973520304682,138.875828,138.502563477,2239153,17913488,17377941278973625787
GIST,normal,32,2,3,SCAN_E,12,13216066866632432715,139.639109,138.8800354,2850452,22803880,15605031087069409691
GIST,normal,32,2,3,SCAN_E,13,1075722662635840942,147.643664,147.215301514,2745996,21968232,11706420194861542692
GIST,normal,32,2,3,SCAN_E,14,3185229373934033660,142.628995,141.899032593,4050998,32408248,16306481823672273204
GIST,normal,32,2,3,SCAN_E,15,4980500077960720760,152.071729,151.464767456,3891788,31134568,13624498926202248858
GIST,normal,32,2,3,SCAN_E,16,8534462434835011887,132.049085,131.768188477,1697233,13578128,6024903317663417656
GIST,normal,32,2,3,SCAN_E,17,2222729423292320042,148.834274,148.366744995,2911727,23294080,3059061473224546221
GIST,normal,32,2,3,SCAN_E,18,10765395806018310607,135.337839,134.968322754,2475628,19805288,14807640492517529625
GIST,normal,32,2,3,SCAN_E,19,15820513675728183516,150.088315,149.471359253,3973968,31792008,11230564349234227270
GIST,normal,32,2,3,SCAN_E,20,10712815744133708220,138.176754,137.81350708,2379602,19037080,1216819175030584202
GIST,normal,32,2,3,SCAN_E,21,3486346971057125245,146.373765,146.047897339,2138711,17109952,13256168575553722433
GIST,normal,32,2,3,SCAN_E,22,5004653838559619408,135.785204,135.505401611,1845725,14766064,9529499450952538175
GIST,normal,32,2,3,SCAN_E,23,10851237028586424301,142.59859,142.159835815,2645002,21160280,3304780033708818550
GIST,normal,32,2,3,SCAN_E,24,1048821632111722058,144.492513,143.788543701,4259785,34078544,9280311628070390270
GIST,normal,32,2,3,SCAN_E,25,13585693668991832971,141.936123,141.596832275,2197302,17578680,8982031243984102036
GIST,normal,32,2,3,SCAN_E,26,13539082034095136927,141.769008,141.412124634,2155594,17245016,7730178244082419076
GIST,normal,32,2,3,SCAN_E,27,161217794029549079,141.981326,141.613983154,2182868,17463208,7432664629535937393
GIST,normal,32,2,3,SCAN_E,28,306400533752808697,140.406164,140.137145996,1761206,14089912,4311259945711691617
GIST,normal,32,2,3,SCAN_E,29,15030165245001765777,149.128304,148.622146606,3108047,24864640,11460272485891822101
GIST,normal,32,2,3,SCAN_E,30,14416838764258129161,146.947727,146.399902344,3435058,27480728,9522656153375933671
GIST,normal,32,2,3,SCAN_E,31,7995077726280952526,137.404187,137.112762451,1901390,15211384,13489681460054578542
GIST,normal,32,2,3,C_ID_E,0,13392786189952033124,187.03573,185.967834473,3674231,29394112,10008776713215810853
GIST,normal,32,2,3,C_ID_E,1,3085188792669438576,187.197901,186.299972534,3379768,27038408,16851617623926673672
GIST,normal,32,2,3,C_ID_E,2,9607284371048990950,171.400624,170.665435791,2799362,22395160,16676447429364366930
GIST,normal,32,2,3,C_ID_E,3,17322893638147462453,177.331735,176.75479126,2327757,18622320,1743148825730065402
GIST,normal,32,2,3,C_ID_E,4,9368830554395401223,176.741933,175.992034912,3202337,25618960,4786298188205109055
GIST,normal,32,2,3,C_ID_E,5,8419766857112927641,185.038352,184.474746704,2697131,21577312,7757972437201703674
GIST,normal,32,2,3,C_ID_E,6,4668807861364956970,184.806306,184.132095337,3307298,26458648,1468705982382421891
GIST,normal,32,2,3,C_ID_E,7,7872727791650862151,187.522995,186.885147095,3441257,27530320,3960905289531293895
GIST,normal,32,2,3,C_ID_E,8,15783018974750835728,181.513417,180.992248535,2730860,21847144,17191503963960995031
GIST,normal,32,2,3,C_ID_E,9,7601489796430488175,183.018941,182.461853027,3096503,24772288,17946186273402395945
GIST,normal,32,2,3,C_ID_E,10,5544530460631338786,184.243735,183.650497437,3295543,26364608,17878093470628574661
GIST,normal,32,2,3,C_ID_E,11,12325065973520304682,177.984161,177.593505859,2239153,17913488,17377941278973625787
GIST,normal,32,2,3,C_ID_E,12,13216066866632432715,174.120429,173.635559082,2850452,22803880,15605031087069409691
GIST,normal,32,2,3,C_ID_E,13,1075722662635840942,189.508901,189.05480957,2745996,21968232,11706420194861542692
GIST,normal,32,2,3,C_ID_E,14,3185229373934033660,182.050847,181.298309326,4050998,32408248,16306481823672273204
GIST,normal,32,2,3,C_ID_E,15,4980500077960720760,196.724632,196.088516235,3891788,31134568,13624498926202248858
GIST,normal,32,2,3,C_ID_E,16,8534462434835011887,165.921236,165.633407593,1697233,13578128,6024903317663417656
GIST,normal,32,2,3,C_ID_E,17,2222729423292320042,192.487853,192.003707886,2911727,23294080,3059061473224546221
GIST,normal,32,2,3,C_ID_E,18,10765395806018310607,173.174885,172.800323486,2475628,19805288,14807640492517529625
GIST,normal,32,2,3,C_ID_E,19,15820513675728183516,194.457484,193.813827515,3973968,31792008,11230564349234227270
GIST,normal,32,2,3,C_ID_E,20,10712815744133708220,177.164561,176.804672241,2379602,19037080,1216819175030584202
GIST,normal,32,2,3,C_ID_E,21,3486346971057125245,189.369289,189.047576904,2138711,17109952,13256168575553722433
GIST,normal,32,2,3,C_ID_E,22,5004653838559619408,170.921974,170.642562866,1845725,14766064,9529499450952538175
GIST,normal,32,2,3,C_ID_E,23,10851237028586424301,175.924243,175.489501953,2645002,21160280,3304780033708818550
GIST,normal,32,2,3,C_ID_E,24,1048821632111722058,183.531953,182.831802368,4259785,34078544,9280311628070390270
GIST,normal,32,2,3,C_ID_E,25,13585693668991832971,182.985815,182.652984619,2197302,17578680,8982031243984102036
GIST,normal,32,2,3,C_ID_E,26,13539082034095136927,182.300812,181.955230713,2155594,17245016,7730178244082419076
GIST,normal,32,2,3,C_ID_E,27,161217794029549079,181.704181,181.338973999,2182868,17463208,7432664629535937393
GIST,normal,32,2,3,C_ID_E,28,306400533752808697,176.446669,176.180984497,1761206,14089912,4311259945711691617
GIST,normal,32,2,3,C_ID_E,29,15030165245001765777,192.365038,191.87437439,3108047,24864640,11460272485891822101
GIST,normal,32,2,3,C_ID_E,30,14416838764258129161,189.637297,189.097091675,3435058,27480728,9522656153375933671
GIST,normal,32,2,3,C_ID_E,31,7995077726280952526,176.099757,175.815231323,1901390,15211384,13489681460054578542
GIST,normal,32,2,3,C_MASK_E,0,13392786189952033124,145.115049,144.088256836,3674231,29394112,10008776713215810853
GIST,normal,32,2,3,C_MASK_E,1,3085188792669438576,144.968653,144.093658447,3379768,27038408,16851617623926673672
GIST,normal,32,2,3,C_MASK_E,2,9607284371048990950,133.475078,132.805892944,2799362,22395160,16676447429364366930
GIST,normal,32,2,3,C_MASK_E,3,17322893638147462453,137.161411,136.644638062,2327757,18622320,1743148825730065402
GIST,normal,32,2,3,C_MASK_E,4,9368830554395401223,137.190129,136.502822876,3202337,25618960,4786298188205109055
GIST,normal,32,2,3,C_MASK_E,5,8419766857112927641,143.194335,142.666656494,2697131,21577312,7757972437201703674
GIST,normal,32,2,3,C_MASK_E,6,4668807861364956970,142.76659,142.118713379,3307298,26458648,1468705982382421891
GIST,normal,32,2,3,C_MASK_E,7,7872727791650862151,145.050053,144.395385742,3441257,27530320,3960905289531293895
GIST,normal,32,2,3,C_MASK_E,8,15783018974750835728,140.633261,140.134460449,2730860,21847144,17191503963960995031
GIST,normal,32,2,3,C_MASK_E,9,7601489796430488175,142.20872,141.625442505,3096503,24772288,17946186273402395945
GIST,normal,32,2,3,C_MASK_E,10,5544530460631338786,143.11729,142.531005859,3295543,26364608,17878093470628574661
GIST,normal,32,2,3,C_MASK_E,11,12325065973520304682,138.372633,137.972442627,2239153,17913488,17377941278973625787
GIST,normal,32,2,3,C_MASK_E,12,13216066866632432715,135.415136,134.915710449,2850452,22803880,15605031087069409691
GIST,normal,32,2,3,C_MASK_E,13,1075722662635840942,146.646655,146.187103271,2745996,21968232,11706420194861542692
GIST,normal,32,2,3,C_MASK_E,14,3185229373934033660,141.087802,140.347717285,4050998,32408248,16306481823672273204
GIST,normal,32,2,3,C_MASK_E,15,4980500077960720760,151.976685,151.334533691,3891788,31134568,13624498926202248858
GIST,normal,32,2,3,C_MASK_E,16,8534462434835011887,129.830388,129.535202026,1697233,13578128,6024903317663417656
GIST,normal,32,2,3,C_MASK_E,17,2222729423292320042,148.465927,147.978179932,2911727,23294080,3059061473224546221
GIST,normal,32,2,3,C_MASK_E,18,10765395806018310607,134.664829,134.282302856,2475628,19805288,14807640492517529625
GIST,normal,32,2,3,C_MASK_E,19,15820513675728183516,149.7972,149.1537323,3973968,31792008,11230564349234227270
GIST,normal,32,2,3,C_MASK_E,20,10712815744133708220,137.662853,137.284637451,2379602,19037080,1216819175030584202
GIST,normal,32,2,3,C_MASK_E,21,3486346971057125245,146.023105,145.693191528,2138711,17109952,13256168575553722433
GIST,normal,32,2,3,C_MASK_E,22,5004653838559619408,133.062066,132.780059814,1845725,14766064,9529499450952538175
GIST,normal,32,2,3,C_MASK_E,23,10851237028586424301,137.047758,136.613601685,2645002,21160280,3304780033708818550
GIST,normal,32,2,3,C_MASK_E,24,1048821632111722058,142.854961,142.162277222,4259785,34078544,9280311628070390270
GIST,normal,32,2,3,C_MASK_E,25,13585693668991832971,141.741697,141.403137207,2197302,17578680,8982031243984102036
GIST,normal,32,2,3,C_MASK_E,26,13539082034095136927,141.066807,140.719421387,2155594,17245016,7730178244082419076
GIST,normal,32,2,3,C_MASK_E,27,161217794029549079,140.788708,140.439941406,2182868,17463208,7432664629535937393
GIST,normal,32,2,3,C_MASK_E,28,306400533752808697,136.758186,136.485412598,1761206,14089912,4311259945711691617
GIST,normal,32,2,3,C_MASK_E,29,15030165245001765777,148.460155,147.968505859,3108047,24864640,11460272485891822101
GIST,normal,32,2,3,C_MASK_E,30,14416838764258129161,146.598667,146.063674927,3435058,27480728,9522656153375933671
GIST,normal,32,2,3,C_MASK_E,31,7995077726280952526,136.530412,136.243453979,1901390,15211384,13489681460054578542
GIST,normal,32,2,3,C_TASK_E,0,13392786189952033124,144.240629,143.200546265,3674231,29394112,10008776713215810853
GIST,normal,32,2,3,C_TASK_E,1,3085188792669438576,144.032448,143.198745728,3379768,27038408,16851617623926673672
GIST,normal,32,2,3,C_TASK_E,2,9607284371048990950,132.780777,132.08921814,2799362,22395160,16676447429364366930
GIST,normal,32,2,3,C_TASK_E,3,17322893638147462453,136.507655,135.97442627,2327757,18622320,1743148825730065402
GIST,normal,32,2,3,C_TASK_E,4,9368830554395401223,136.330092,135.653701782,3202337,25618960,4786298188205109055
GIST,normal,32,2,3,C_TASK_E,5,8419766857112927641,142.478688,141.934814453,2697131,21577312,7757972437201703674
GIST,normal,32,2,3,C_TASK_E,6,4668807861364956970,141.83316,141.204544067,3307298,26458648,1468705982382421891
GIST,normal,32,2,3,C_TASK_E,7,7872727791650862151,144.186959,143.51461792,3441257,27530320,3960905289531293895
GIST,normal,32,2,3,C_TASK_E,8,15783018974750835728,139.912046,139.419387817,2730860,21847144,17191503963960995031
GIST,normal,32,2,3,C_TASK_E,9,7601489796430488175,141.243591,140.66809082,3096503,24772288,17946186273402395945
GIST,normal,32,2,3,C_TASK_E,10,5544530460631338786,142.309662,141.706497192,3295543,26364608,17878093470628574661
GIST,normal,32,2,3,C_TASK_E,11,12325065973520304682,137.505609,137.120483398,2239153,17913488,17377941278973625787
GIST,normal,32,2,3,C_TASK_E,12,13216066866632432715,134.676857,134.174499512,2850452,22803880,15605031087069409691
GIST,normal,32,2,3,C_TASK_E,13,1075722662635840942,145.561236,145.099975586,2745996,21968232,11706420194861542692
GIST,normal,32,2,3,C_TASK_E,14,3185229373934033660,140.321528,139.567230225,4050998,32408248,16306481823672273204
GIST,normal,32,2,3,C_TASK_E,15,4980500077960720760,150.933205,150.292129517,3891788,31134568,13624498926202248858
GIST,normal,32,2,3,C_TASK_E,16,8534462434835011887,129.205988,128.923995972,1697233,13578128,6024903317663417656
GIST,normal,32,2,3,C_TASK_E,17,2222729423292320042,147.552684,147.054885864,2911727,23294080,3059061473224546221
GIST,normal,32,2,3,C_TASK_E,18,10765395806018310607,133.95637,133.583267212,2475628,19805288,14807640492517529625
GIST,normal,32,2,3,C_TASK_E,19,15820513675728183516,148.948734,148.293441772,3973968,31792008,11230564349234227270
GIST,normal,32,2,3,C_TASK_E,20,10712815744133708220,137.199246,136.834716797,2379602,19037080,1216819175030584202
GIST,normal,32,2,3,C_TASK_E,21,3486346971057125245,145.131739,144.800994873,2138711,17109952,13256168575553722433
GIST,normal,32,2,3,C_TASK_E,22,5004653838559619408,132.273241,131.993118286,1845725,14766064,9529499450952538175
GIST,normal,32,2,3,C_TASK_E,23,10851237028586424301,136.126659,135.705978394,2645002,21160280,3304780033708818550
GIST,normal,32,2,3,C_TASK_E,24,1048821632111722058,142.128191,141.402496338,4259785,34078544,9280311628070390270
GIST,normal,32,2,3,C_TASK_E,25,13585693668991832971,140.880453,140.54675293,2197302,17578680,8982031243984102036
GIST,normal,32,2,3,C_TASK_E,26,13539082034095136927,140.34953,139.999679565,2155594,17245016,7730178244082419076
GIST,normal,32,2,3,C_TASK_E,27,161217794029549079,140.080849,139.707748413,2182868,17463208,7432664629535937393
GIST,normal,32,2,3,C_TASK_E,28,306400533752808697,135.970995,135.700897217,1761206,14089912,4311259945711691617
GIST,normal,32,2,3,C_TASK_E,29,15030165245001765777,147.690758,147.18371582,3108047,24864640,11460272485891822101
GIST,normal,32,2,3,C_TASK_E,30,14416838764258129161,145.636966,145.091110229,3435058,27480728,9522656153375933671
GIST,normal,32,2,3,C_TASK_E,31,7995077726280952526,135.803378,135.51373291,1901390,15211384,13489681460054578542
GIST,normal,32,2,4,SCAN_L,31,7995077726280952526,178.286168,177.683227539,1901390,15211384,13489681460054578542
GIST,normal,32,2,4,SCAN_L,30,14416838764258129161,178.754579,177.722488403,3435058,27480728,9522656153375933671
GIST,normal,32,2,4,SCAN_L,29,15030165245001765777,178.487199,177.730529785,3108047,24864640,11460272485891822101
GIST,normal,32,2,4,SCAN_L,28,306400533752808697,178.064006,177.694534302,1761206,14089912,4311259945711691617
GIST,normal,32,2,4,SCAN_L,27,161217794029549079,178.126347,177.699234009,2182868,17463208,7432664629535937393
GIST,normal,32,2,4,SCAN_L,26,13539082034095136927,178.372814,177.978530884,2155594,17245016,7730178244082419076
GIST,normal,32,2,4,SCAN_L,25,13585693668991832971,178.080406,177.698242188,2197302,17578680,8982031243984102036
GIST,normal,32,2,4,SCAN_L,24,1048821632111722058,178.631175,177.741958618,4259785,34078544,9280311628070390270
GIST,normal,32,2,4,SCAN_L,23,10851237028586424301,178.154115,177.704421997,2645002,21160280,3304780033708818550
GIST,normal,32,2,4,SCAN_L,22,5004653838559619408,177.962994,177.670074463,1845725,14766064,9529499450952538175
GIST,normal,32,2,4,SCAN_L,21,3486346971057125245,178.060804,177.706848145,2138711,17109952,13256168575553722433
GIST,normal,32,2,4,SCAN_L,20,10712815744133708220,178.091521,177.695709229,2379602,19037080,1216819175030584202
GIST,normal,32,2,4,SCAN_L,19,15820513675728183516,178.449254,177.754364014,3973968,31792008,11230564349234227270
GIST,normal,32,2,4,SCAN_L,18,10765395806018310607,178.080519,177.701766968,2475628,19805288,14807640492517529625
GIST,normal,32,2,4,SCAN_L,17,2222729423292320042,178.19356,177.720870972,2911727,23294080,3059061473224546221
GIST,normal,32,2,4,SCAN_L,16,8534462434835011887,177.94128,177.681991577,1697233,13578128,6024903317663417656
GIST,normal,32,2,4,SCAN_L,15,4980500077960720760,178.386347,177.75453186,3891788,31134568,13624498926202248858
GIST,normal,32,2,4,SCAN_L,14,3185229373934033660,178.395381,177.738937378,4050998,32408248,16306481823672273204
GIST,normal,32,2,4,SCAN_L,13,1075722662635840942,178.124156,177.718078613,2745996,21968232,11706420194861542692
GIST,normal,32,2,4,SCAN_L,12,13216066866632432715,178.15459,177.702941895,2850452,22803880,15605031087069409691
GIST,normal,32,2,4,SCAN_L,11,12325065973520304682,178.026716,177.692672729,2239153,17913488,17377941278973625787
GIST,normal,32,2,4,SCAN_L,10,5544530460631338786,178.227879,177.717529297,3295543,26364608,17878093470628574661
GIST,normal,32,2,4,SCAN_L,9,7601489796430488175,178.172799,177.716705322,3096503,24772288,17946186273402395945
GIST,normal,32,2,4,SCAN_L,8,15783018974750835728,178.107634,177.700546265,2730860,21847144,17191503963960995031
GIST,normal,32,2,4,SCAN_L,7,7872727791650862151,178.262239,177.725402832,3441257,27530320,3960905289531293895
GIST,normal,32,2,4,SCAN_L,6,4668807861364956970,178.212777,177.722976685,3307298,26458648,1468705982382421891
GIST,normal,32,2,4,SCAN_L,5,8419766857112927641,178.103197,177.698104858,2697131,21577312,7757972437201703674
GIST,normal,32,2,4,SCAN_L,4,9368830554395401223,178.227216,177.720123291,3202337,25618960,4786298188205109055
GIST,normal,32,2,4,SCAN_L,3,17322893638147462453,178.025451,177.677246094,2327757,18622320,1743148825730065402
GIST,normal,32,2,4,SCAN_L,2,9607284371048990950,178.159006,177.709671021,2799362,22395160,16676447429364366930
GIST,normal,32,2,4,SCAN_L,1,3085188792669438576,178.255725,177.733978271,3379768,27038408,16851617623926673672
GIST,normal,32,2,4,SCAN_L,0,13392786189952033124,178.306506,177.727325439,3674231,29394112,10008776713215810853
GIST,normal,32,2,4,C_ID_L,31,7995077726280952526,188.833258,188.205917358,1901390,15211384,13489681460054578542
GIST,normal,32,2,4,C_ID_L,30,14416838764258129161,192.336024,191.314788818,3435058,27480728,9522656153375933671
GIST,normal,32,2,4,C_ID_L,29,15030165245001765777,191.451482,190.59475708,3108047,24864640,11460272485891822101
GIST,normal,32,2,4,C_ID_L,28,306400533752808697,185.160455,184.686950684,1761206,14089912,4311259945711691617
GIST,normal,32,2,4,C_ID_L,27,161217794029549079,189.564818,189.068161011,2182868,17463208,7432664629535937393
GIST,normal,32,2,4,C_ID_L,26,13539082034095136927,190.387671,189.917434692,2155594,17245016,7730178244082419076
GIST,normal,32,2,4,C_ID_L,25,13585693668991832971,190.778322,190.3253479,2197302,17578680,8982031243984102036
GIST,normal,32,2,4,C_ID_L,24,1048821632111722058,188.636383,187.679779053,4259785,34078544,9280311628070390270
GIST,normal,32,2,4,C_ID_L,23,10851237028586424301,181.741725,181.198074341,2645002,21160280,3304780033708818550
GIST,normal,32,2,4,C_ID_L,22,5004653838559619408,184.465422,184.102310181,1845725,14766064,9529499450952538175
GIST,normal,32,2,4,C_ID_L,21,3486346971057125245,191.577097,191.159805298,2138711,17109952,13256168575553722433
GIST,normal,32,2,4,C_ID_L,20,10712815744133708220,190.948174,190.542022705,2379602,19037080,1216819175030584202
GIST,normal,32,2,4,C_ID_L,19,15820513675728183516,192.325219,191.600769043,3973968,31792008,11230564349234227270
GIST,normal,32,2,4,C_ID_L,18,10765395806018310607,188.611989,188.231292725,2475628,19805288,14807640492517529625
GIST,normal,32,2,4,C_ID_L,17,2222729423292320042,191.662239,191.170471191,2911727,23294080,3059061473224546221
GIST,normal,32,2,4,C_ID_L,16,8534462434835011887,181.429737,181.16394043,1697233,13578128,6024903317663417656
GIST,normal,32,2,4,C_ID_L,15,4980500077960720760,192.35218,191.672958374,3891788,31134568,13624498926202248858
GIST,normal,32,2,4,C_ID_L,14,3185229373934033660,184.567419,183.911590576,4050998,32408248,16306481823672273204
GIST,normal,32,2,4,C_ID_L,13,1075722662635840942,189.943213,189.532867432,2745996,21968232,11706420194861542692
GIST,normal,32,2,4,C_ID_L,12,13216066866632432715,182.03479,181.588226318,2850452,22803880,15605031087069409691
GIST,normal,32,2,4,C_ID_L,11,12325065973520304682,190.893682,190.558883667,2239153,17913488,17377941278973625787
GIST,normal,32,2,4,C_ID_L,10,5544530460631338786,186.013454,185.480957031,3295543,26364608,17878093470628574661
GIST,normal,32,2,4,C_ID_L,9,7601489796430488175,188.81885,188.364730835,3096503,24772288,17946186273402395945
GIST,normal,32,2,4,C_ID_L,8,15783018974750835728,188.77346,188.365402222,2730860,21847144,17191503963960995031
GIST,normal,32,2,4,C_ID_L,7,7872727791650862151,189.6704,189.114044189,3441257,27530320,3960905289531293895
GIST,normal,32,2,4,C_ID_L,6,4668807861364956970,189.895791,189.406021118,3307298,26458648,1468705982382421891
GIST,normal,32,2,4,C_ID_L,5,8419766857112927641,190.378646,189.98197937,2697131,21577312,7757972437201703674
GIST,normal,32,2,4,C_ID_L,4,9368830554395401223,186.548655,186.051193237,3202337,25618960,4786298188205109055
GIST,normal,32,2,4,C_ID_L,3,17322893638147462453,189.121954,188.771743774,2327757,18622320,1743148825730065402
GIST,normal,32,2,4,C_ID_L,2,9607284371048990950,176.499962,176.050949097,2799362,22395160,16676447429364366930
GIST,normal,32,2,4,C_ID_L,1,3085188792669438576,189.966934,189.436294556,3379768,27038408,16851617623926673672
GIST,normal,32,2,4,C_ID_L,0,13392786189952033124,188.848349,188.24659729,3674231,29394112,10008776713215810853
GIST,normal,32,2,4,C_MASK_L,31,7995077726280952526,172.466027,171.964797974,1901390,15211384,13489681460054578542
GIST,normal,32,2,4,C_MASK_L,30,14416838764258129161,175.421771,174.555587769,3435058,27480728,9522656153375933671
GIST,normal,32,2,4,C_MASK_L,29,15030165245001765777,174.548867,173.824157715,3108047,24864640,11460272485891822101
GIST,normal,32,2,4,C_MASK_L,28,306400533752808697,169.281575,168.912765503,1761206,14089912,4311259945711691617
GIST,normal,32,2,4,C_MASK_L,27,161217794029549079,173.007952,172.561248779,2182868,17463208,7432664629535937393
GIST,normal,32,2,4,C_MASK_L,26,13539082034095136927,173.615923,173.24937439,2155594,17245016,7730178244082419076
GIST,normal,32,2,4,C_MASK_L,25,13585693668991832971,173.933771,173.545791626,2197302,17578680,8982031243984102036
GIST,normal,32,2,4,C_MASK_L,24,1048821632111722058,172.439244,171.557662964,4259785,34078544,9280311628070390270
GIST,normal,32,2,4,C_MASK_L,23,10851237028586424301,167.010266,166.538818359,2645002,21160280,3304780033708818550
GIST,normal,32,2,4,C_MASK_L,22,5004653838559619408,168.975662,168.685531616,1845725,14766064,9529499450952538175
GIST,normal,32,2,4,C_MASK_L,21,3486346971057125245,174.819222,174.458847046,2138711,17109952,13256168575553722433
GIST,normal,32,2,4,C_MASK_L,20,10712815744133708220,174.275467,173.880325317,2379602,19037080,1216819175030584202
GIST,normal,32,2,4,C_MASK_L,19,15820513675728183516,175.423376,174.709381104,3973968,31792008,11230564349234227270
GIST,normal,32,2,4,C_MASK_L,18,10765395806018310607,172.65918,172.281509399,2475628,19805288,14807640492517529625
GIST,normal,32,2,4,C_MASK_L,17,2222729423292320042,174.669936,174.188995361,2911727,23294080,3059061473224546221
GIST,normal,32,2,4,C_MASK_L,16,8534462434835011887,166.387536,166.123321533,1697233,13578128,6024903317663417656
GIST,normal,32,2,4,C_MASK_L,15,4980500077960720760,175.431096,174.795074463,3891788,31134568,13624498926202248858
GIST,normal,32,2,4,C_MASK_L,14,3185229373934033660,168.939604,168.303207397,4050998,32408248,16306481823672273204
GIST,normal,32,2,4,C_MASK_L,13,1075722662635840942,173.595363,173.185592651,2745996,21968232,11706420194861542692
GIST,normal,32,2,4,C_MASK_L,12,13216066866632432715,167.261094,166.813919067,2850452,22803880,15605031087069409691
GIST,normal,32,2,4,C_MASK_L,11,12325065973520304682,174.232999,173.899169922,2239153,17913488,17377941278973625787
GIST,normal,32,2,4,C_MASK_L,10,5544530460631338786,170.365664,169.853057861,3295543,26364608,17878093470628574661
GIST,normal,32,2,4,C_MASK_L,9,7601489796430488175,172.593232,172.134338379,3096503,24772288,17946186273402395945
GIST,normal,32,2,4,C_MASK_L,8,15783018974750835728,172.651826,172.249694824,2730860,21847144,17191503963960995031
GIST,normal,32,2,4,C_MASK_L,7,7872727791650862151,173.153378,172.614364624,3441257,27530320,3960905289531293895
GIST,normal,32,2,4,C_MASK_L,6,4668807861364956970,173.378261,172.886245728,3307298,26458648,1468705982382421891
GIST,normal,32,2,4,C_MASK_L,5,8419766857112927641,173.743443,173.343643188,2697131,21577312,7757972437201703674
GIST,normal,32,2,4,C_MASK_L,4,9368830554395401223,170.673046,170.175750732,3202337,25618960,4786298188205109055
GIST,normal,32,2,4,C_MASK_L,3,17322893638147462453,172.690397,172.338119507,2327757,18622320,1743148825730065402
GIST,normal,32,2,4,C_MASK_L,2,9607284371048990950,162.478923,161.987838745,2799362,22395160,16676447429364366930
GIST,normal,32,2,4,C_MASK_L,1,3085188792669438576,173.84921,173.332931519,3379768,27038408,16851617623926673672
GIST,normal,32,2,4,C_MASK_L,0,13392786189952033124,172.28534,171.708190918,3674231,29394112,10008776713215810853
GIST,normal,32,2,4,C_TASK_L,31,7995077726280952526,194.376448,193.755615234,1901390,15211384,13489681460054578542
GIST,normal,32,2,4,C_TASK_L,30,14416838764258129161,195.42423,194.562332153,3435058,27480728,9522656153375933671
GIST,normal,32,2,4,C_TASK_L,29,15030165245001765777,195.28537,194.569915771,3108047,24864640,11460272485891822101
GIST,normal,32,2,4,C_TASK_L,28,306400533752808697,193.686572,193.298233032,1761206,14089912,4311259945711691617
GIST,normal,32,2,4,C_TASK_L,27,161217794029549079,194.557607,194.118148804,2182868,17463208,7432664629535937393
GIST,normal,32,2,4,C_TASK_L,26,13539082034095136927,194.222593,193.849273682,2155594,17245016,7730178244082419076
GIST,normal,32,2,4,C_TASK_L,25,13585693668991832971,194.865741,194.489822388,2197302,17578680,8982031243984102036
GIST,normal,32,2,4,C_TASK_L,24,1048821632111722058,195.926861,195.043334961,4259785,34078544,9280311628070390270
GIST,normal,32,2,4,C_TASK_L,23,10851237028586424301,195.333281,194.879547119,2645002,21160280,3304780033708818550
GIST,normal,32,2,4,C_TASK_L,22,5004653838559619408,193.566007,193.268127441,1845725,14766064,9529499450952538175
GIST,normal,32,2,4,C_TASK_L,21,3486346971057125245,194.888967,194.540283203,2138711,17109952,13256168575553722433
GIST,normal,32,2,4,C_TASK_L,20,10712815744133708220,195.290285,194.898040771,2379602,19037080,1216819175030584202
GIST,normal,32,2,4,C_TASK_L,19,15820513675728183516,195.587323,194.879486084,3973968,31792008,11230564349234227270
GIST,normal,32,2,4,C_TASK_L,18,10765395806018310607,194.902199,194.504806519,2475628,19805288,14807640492517529625
GIST,normal,32,2,4,C_TASK_L,17,2222729423292320042,195.132237,194.579483032,2911727,23294080,3059061473224546221
GIST,normal,32,2,4,C_TASK_L,16,8534462434835011887,193.85204,193.526046753,1697233,13578128,6024903317663417656
GIST,normal,32,2,4,C_TASK_L,15,4980500077960720760,195.765294,194.93510437,3891788,31134568,13624498926202248858
GIST,normal,32,2,4,C_TASK_L,14,3185229373934033660,194.665523,193.783905029,4050998,32408248,16306481823672273204
GIST,normal,32,2,4,C_TASK_L,13,1075722662635840942,195.05151,194.564666748,2745996,21968232,11706420194861542692
GIST,normal,32,2,4,C_TASK_L,12,13216066866632432715,194.253684,193.68850708,2850452,22803880,15605031087069409691
GIST,normal,32,2,4,C_TASK_L,11,12325065973520304682,194.966767,194.541183472,2239153,17913488,17377941278973625787
GIST,normal,32,2,4,C_TASK_L,10,5544530460631338786,195.364296,194.726852417,3295543,26364608,17878093470628574661
GIST,normal,32,2,4,C_TASK_L,9,7601489796430488175,195.440378,194.895263672,3096503,24772288,17946186273402395945
GIST,normal,32,2,4,C_TASK_L,8,15783018974750835728,195.25114,194.737503052,2730860,21847144,17191503963960995031
GIST,normal,32,2,4,C_TASK_L,7,7872727791650862151,195.194882,194.529693604,3441257,27530320,3960905289531293895
GIST,normal,32,2,4,C_TASK_L,6,4668807861364956970,194.549781,193.930725098,3307298,26458648,1468705982382421891
GIST,normal,32,2,4,C_TASK_L,5,8419766857112927641,194.674106,194.165145874,2697131,21577312,7757972437201703674
GIST,normal,32,2,4,C_TASK_L,4,9368830554395401223,194.734318,194.114776611,3202337,25618960,4786298188205109055
GIST,normal,32,2,4,C_TASK_L,3,17322893638147462453,193.780327,193.335006714,2327757,18622320,1743148825730065402
GIST,normal,32,2,4,C_TASK_L,2,9607284371048990950,192.832899,192.284164429,2799362,22395160,16676447429364366930
GIST,normal,32,2,4,C_TASK_L,1,3085188792669438576,195.976725,195.329345703,3379768,27038408,16851617623926673672
GIST,normal,32,2,4,C_TASK_L,0,13392786189952033124,195.60513,194.898269653,3674231,29394112,10008776713215810853
GIST,normal,32,2,4,SCAN_E,31,7995077726280952526,137.543431,137.044891357,1901390,15211384,13489681460054578542
GIST,normal,32,2,4,SCAN_E,30,14416838764258129161,147.023895,146.173858643,3435058,27480728,9522656153375933671
GIST,normal,32,2,4,SCAN_E,29,15030165245001765777,149.475418,148.749252319,3108047,24864640,11460272485891822101
GIST,normal,32,2,4,SCAN_E,28,306400533752808697,140.521416,140.13369751,1761206,14089912,4311259945711691617
GIST,normal,32,2,4,SCAN_E,27,161217794029549079,142.139711,141.703491211,2182868,17463208,7432664629535937393
GIST,normal,32,2,4,SCAN_E,26,13539082034095136927,141.668053,141.276229858,2155594,17245016,7730178244082419076
GIST,normal,32,2,4,SCAN_E,25,13585693668991832971,141.978108,141.593658447,2197302,17578680,8982031243984102036
GIST,normal,32,2,4,SCAN_E,24,1048821632111722058,144.88439,143.958053589,4259785,34078544,9280311628070390270
GIST,normal,32,2,4,SCAN_E,23,10851237028586424301,142.676685,142.191131592,2645002,21160280,3304780033708818550
GIST,normal,32,2,4,SCAN_E,22,5004653838559619408,135.779022,135.469024658,1845725,14766064,9529499450952538175
GIST,normal,32,2,4,SCAN_E,21,3486346971057125245,146.384377,146.018264771,2138711,17109952,13256168575553722433
GIST,normal,32,2,4,SCAN_E,20,10712815744133708220,138.26873,137.861862183,2379602,19037080,1216819175030584202
GIST,normal,32,2,4,SCAN_E,19,15820513675728183516,150.098139,149.349563599,3973968,31792008,11230564349234227270
GIST,normal,32,2,4,SCAN_E,18,10765395806018310607,135.349825,134.948760986,2475628,19805288,14807640492517529625
GIST,normal,32,2,4,SCAN_E,17,2222729423292320042,148.793135,148.2993927,2911727,23294080,3059061473224546221
GIST,normal,32,2,4,SCAN_E,16,8534462434835011887,131.975989,131.710876465,1697233,13578128,6024903317663417656
GIST,normal,32,2,4,SCAN_E,15,4980500077960720760,152.229348,151.557342529,3891788,31134568,13624498926202248858
GIST,normal,32,2,4,SCAN_E,14,3185229373934033660,142.573639,141.898849487,4050998,32408248,16306481823672273204
GIST,normal,32,2,4,SCAN_E,13,1075722662635840942,147.690093,147.262435913,2745996,21968232,11706420194861542692
GIST,normal,32,2,4,SCAN_E,12,13216066866632432715,139.431739,138.976287842,2850452,22803880,15605031087069409691
GIST,normal,32,2,4,SCAN_E,11,12325065973520304682,138.621432,138.287139893,2239153,17913488,17377941278973625787
GIST,normal,32,2,4,SCAN_E,10,5544530460631338786,143.601935,143.07359314,3295543,26364608,17878093470628574661
GIST,normal,32,2,4,SCAN_E,9,7601489796430488175,142.815336,142.357574463,3096503,24772288,17946186273402395945
GIST,normal,32,2,4,SCAN_E,8,15783018974750835728,141.272765,140.869415283,2730860,21847144,17191503963960995031
GIST,normal,32,2,4,SCAN_E,7,7872727791650862151,146.531176,145.99168396,3441257,27530320,3960905289531293895
GIST,normal,32,2,4,SCAN_E,6,4668807861364956970,143.846653,143.356414795,3307298,26458648,1468705982382421891
GIST,normal,32,2,4,SCAN_E,5,8419766857112927641,143.551073,143.15423584,2697131,21577312,7757972437201703674
GIST,normal,32,2,4,SCAN_E,4,9368830554395401223,139.915321,139.410018921,3202337,25618960,4786298188205109055
GIST,normal,32,2,4,SCAN_E,3,17322893638147462453,138.53163,138.183654785,2327757,18622320,1743148825730065402
GIST,normal,32,2,4,SCAN_E,2,9607284371048990950,136.603451,136.154586792,2799362,22395160,16676447429364366930
GIST,normal,32,2,4,SCAN_E,1,3085188792669438576,145.567837,145.046142578,3379768,27038408,16851617623926673672
GIST,normal,32,2,4,SCAN_E,0,13392786189952033124,145.399478,144.825469971,3674231,29394112,10008776713215810853
GIST,normal,32,2,4,C_ID_E,31,7995077726280952526,176.30937,175.806854248,1901390,15211384,13489681460054578542
GIST,normal,32,2,4,C_ID_E,30,14416838764258129161,190.271889,189.413085938,3435058,27480728,9522656153375933671
GIST,normal,32,2,4,C_ID_E,29,15030165245001765777,192.710478,192.005508423,3108047,24864640,11460272485891822101
GIST,normal,32,2,4,C_ID_E,28,306400533752808697,176.535035,176.154937744,1761206,14089912,4311259945711691617
GIST,normal,32,2,4,C_ID_E,27,161217794029549079,181.781274,181.323608398,2182868,17463208,7432664629535937393
GIST,normal,32,2,4,C_ID_E,26,13539082034095136927,182.333892,181.935134888,2155594,17245016,7730178244082419076
GIST,normal,32,2,4,C_ID_E,25,13585693668991832971,183.047034,182.642913818,2197302,17578680,8982031243984102036
GIST,normal,32,2,4,C_ID_E,24,1048821632111722058,183.759465,182.855072021,4259785,34078544,9280311628070390270
GIST,normal,32,2,4,C_ID_E,23,10851237028586424301,176.188366,175.705215454,2645002,21160280,3304780033708818550
GIST,normal,32,2,4,C_ID_E,22,5004653838559619408,170.949982,170.636825562,1845725,14766064,9529499450952538175
GIST,normal,32,2,4,C_ID_E,21,3486346971057125245,189.417351,189.038757324,2138711,17109952,13256168575553722433
GIST,normal,32,2,4,C_ID_E,20,10712815744133708220,177.210836,176.798751831,2379602,19037080,1216819175030584202
GIST,normal,32,2,4,C_ID_E,19,15820513675728183516,194.528037,193.772537231,3973968,31792008,11230564349234227270
GIST,normal,32,2,4,C_ID_E,18,10765395806018310607,173.308756,172.903076172,2475628,19805288,14807640492517529625
GIST,normal,32,2,4,C_ID_E,17,2222729423292320042,192.538117,191.993499756,2911727,23294080,3059061473224546221
GIST,normal,32,2,4,C_ID_E,16,8534462434835011887,165.975131,165.642684937,1697233,13578128,6024903317663417656
GIST,normal,32,2,4,C_ID_E,15,4980500077960720760,196.869592,196.064865112,3891788,31134568,13624498926202248858
GIST,normal,32,2,4,C_ID_E,14,3185229373934033660,182.089325,181.272354126,4050998,32408248,16306481823672273204
GIST,normal,32,2,4,C_ID_E,13,1075722662635840942,189.685501,189.149337769,2745996,21968232,11706420194861542692
GIST,normal,32,2,4,C_ID_E,12,13216066866632432715,174.241422,173.680358887,2850452,22803880,15605031087069409691
GIST,normal,32,2,4,C_ID_E,11,12325065973520304682,177.996769,177.558364868,2239153,17913488,17377941278973625787
GIST,normal,32,2,4,C_ID_E,10,5544530460631338786,184.337377,183.685668945,3295543,26364608,17878093470628574661
GIST,normal,32,2,4,C_ID_E,9,7601489796430488175,183.033877,182.451965332,3096503,24772288,17946186273402395945
GIST,normal,32,2,4,C_ID_E,8,15783018974750835728,181.539772,181.025283813,2730860,21847144,17191503963960995031
GIST,normal,32,2,4,C_ID_E,7,7872727791650862151,187.540628,186.87840271,3441257,27530320,3960905289531293895
GIST,normal,32,2,4,C_ID_E,6,4668807861364956970,184.761912,184.142425537,3307298,26458648,1468705982382421891
GIST,normal,32,2,4,C_ID_E,5,8419766857112927641,184.81068,184.404006958,2697131,21577312,7757972437201703674
GIST,normal,32,2,4,C_ID_E,4,9368830554395401223,176.524211,176.022338867,3202337,25618960,4786298188205109055
GIST,normal,32,2,4,C_ID_E,3,17322893638147462453,177.068924,176.721862793,2327757,18622320,1743148825730065402
GIST,normal,32,2,4,C_ID_E,2,9607284371048990950,171.022175,170.575576782,2799362,22395160,16676447429364366930
GIST,normal,32,2,4,C_ID_E,1,3085188792669438576,186.540001,186.009658813,3379768,27038408,16851617623926673672
GIST,normal,32,2,4,C_ID_E,0,13392786189952033124,186.518206,185.940414429,3674231,29394112,10008776713215810853
GIST,normal,32,2,4,C_MASK_E,31,7995077726280952526,136.734924,136.2474823,1901390,15211384,13489681460054578542
GIST,normal,32,2,4,C_MASK_E,30,14416838764258129161,146.743389,145.937927246,3435058,27480728,9522656153375933671
GIST,normal,32,2,4,C_MASK_E,29,15030165245001765777,148.682085,147.953536987,3108047,24864640,11460272485891822101
GIST,normal,32,2,4,C_MASK_E,28,306400533752808697,136.847204,136.463394165,1761206,14089912,4311259945711691617
GIST,normal,32,2,4,C_MASK_E,27,161217794029549079,140.99232,140.577087402,2182868,17463208,7432664629535937393
GIST,normal,32,2,4,C_MASK_E,26,13539082034095136927,141.035665,140.66178894,2155594,17245016,7730178244082419076
GIST,normal,32,2,4,C_MASK_E,25,13585693668991832971,141.745322,141.375259399,2197302,17578680,8982031243984102036
GIST,normal,32,2,4,C_MASK_E,24,1048821632111722058,143.073298,142.173049927,4259785,34078544,9280311628070390270
GIST,normal,32,2,4,C_MASK_E,23,10851237028586424301,137.08873,136.608291626,2645002,21160280,3304780033708818550
GIST,normal,32,2,4,C_MASK_E,22,5004653838559619408,133.076156,132.782623291,1845725,14766064,9529499450952538175
GIST,normal,32,2,4,C_MASK_E,21,3486346971057125245,146.051338,145.696090698,2138711,17109952,13256168575553722433
GIST,normal,32,2,4,C_MASK_E,20,10712815744133708220,137.765133,137.370330811,2379602,19037080,1216819175030584202
GIST,normal,32,2,4,C_MASK_E,19,15820513675728183516,149.892677,149.146331787,3973968,31792008,11230564349234227270
GIST,normal,32,2,4,C_MASK_E,18,10765395806018310607,134.753252,134.351867676,2475628,19805288,14807640492517529625
GIST,normal,32,2,4,C_MASK_E,17,2222729423292320042,148.703395,148.208358765,2911727,23294080,3059061473224546221
GIST,normal,32,2,4,C_MASK_E,16,8534462434835011887,129.87485,129.606018066,1697233,13578128,6024903317663417656
GIST,normal,32,2,4,C_MASK_E,15,4980500077960720760,151.861001,151.180892944,3891788,31134568,13624498926202248858
GIST,normal,32,2,4,C_MASK_E,14,3185229373934033660,140.996069,140.331069946,4050998,32408248,16306481823672273204
GIST,normal,32,2,4,C_MASK_E,13,1075722662635840942,146.379283,145.957336426,2745996,21968232,11706420194861542692
GIST,normal,32,2,4,C_MASK_E,12,13216066866632432715,135.364576,134.911239624,2850452,22803880,15605031087069409691
GIST,normal,32,2,4,C_MASK_E,11,12325065973520304682,138.216077,137.876480103,2239153,17913488,17377941278973625787
GIST,normal,32,2,4,C_MASK_E,10,5544530460631338786,143.019386,142.447418213,3295543,26364608,17878093470628574661
GIST,normal,32,2,4,C_MASK_E,9,7601489796430488175,142.010305,141.553665161,3096503,24772288,17946186273402395945
GIST,normal,32,2,4,C_MASK_E,8,15783018974750835728,140.700855,140.191299438,2730860,21847144,17191503963960995031
GIST,normal,32,2,4,C_MASK_E,7,7872727791650862151,144.912921,144.355773926,3441257,27530320,3960905289531293895
GIST,normal,32,2,4,C_MASK_E,6,4668807861364956970,142.520388,142.026565552,3307298,26458648,1468705982382421891
GIST,normal,32,2,4,C_MASK_E,5,8419766857112927641,143.050849,142.622055054,2697131,21577312,7757972437201703674
GIST,normal,32,2,4,C_MASK_E,4,9368830554395401223,136.982883,136.486083984,3202337,25618960,4786298188205109055
GIST,normal,32,2,4,C_MASK_E,3,17322893638147462453,136.988461,136.641723633,2327757,18622320,1743148825730065402
GIST,normal,32,2,4,C_MASK_E,2,9607284371048990950,133.246498,132.797607422,2799362,22395160,16676447429364366930
GIST,normal,32,2,4,C_MASK_E,1,3085188792669438576,144.585378,144.060409546,3379768,27038408,16851617623926673672
GIST,normal,32,2,4,C_MASK_E,0,13392786189952033124,144.618638,144.024551392,3674231,29394112,10008776713215810853
GIST,normal,32,2,4,C_TASK_E,31,7995077726280952526,136.03395,135.513183594,1901390,15211384,13489681460054578542
GIST,normal,32,2,4,C_TASK_E,30,14416838764258129161,146.037823,145.182403564,3435058,27480728,9522656153375933671
GIST,normal,32,2,4,C_TASK_E,29,15030165245001765777,147.922462,147.173248291,3108047,24864640,11460272485891822101
GIST,normal,32,2,4,C_TASK_E,28,306400533752808697,136.044495,135.641540527,1761206,14089912,4311259945711691617
GIST,normal,32,2,4,C_TASK_E,27,161217794029549079,140.039528,139.601409912,2182868,17463208,7432664629535937393
GIST,normal,32,2,4,C_TASK_E,26,13539082034095136927,140.185219,139.780380249,2155594,17245016,7730178244082419076
GIST,normal,32,2,4,C_TASK_E,25,13585693668991832971,141.201094,140.787460327,2197302,17578680,8982031243984102036
GIST,normal,32,2,4,C_TASK_E,24,1048821632111722058,142.553774,141.600326538,4259785,34078544,9280311628070390270
GIST,normal,32,2,4,C_TASK_E,23,10851237028586424301,136.115421,135.62902832,2645002,21160280,3304780033708818550
GIST,normal,32,2,4,C_TASK_E,22,5004653838559619408,132.352369,131.985244751,1845725,14766064,9529499450952538175
GIST,normal,32,2,4,C_TASK_E,21,3486346971057125245,145.3179,144.878143311,2138711,17109952,13256168575553722433
GIST,normal,32,2,4,C_TASK_E,20,10712815744133708220,137.255476,136.477798462,2379602,19037080,1216819175030584202
GIST,normal,32,2,4,C_TASK_E,19,15820513675728183516,149.15226,148.406204224,3973968,31792008,11230564349234227270
GIST,normal,32,2,4,C_TASK_E,18,10765395806018310607,134.020222,133.636932373,2475628,19805288,14807640492517529625
GIST,normal,32,2,4,C_TASK_E,17,2222729423292320042,147.458025,146.967330933,2911727,23294080,3059061473224546221
GIST,normal,32,2,4,C_TASK_E,16,8534462434835011887,129.136312,128.871231079,1697233,13578128,6024903317663417656
GIST,normal,32,2,4,C_TASK_E,15,4980500077960720760,150.97456,150.327270508,3891788,31134568,13624498926202248858
GIST,normal,32,2,4,C_TASK_E,14,3185229373934033660,140.2266,139.569381714,4050998,32408248,16306481823672273204
GIST,normal,32,2,4,C_TASK_E,13,1075722662635840942,145.511292,145.101699829,2745996,21968232,11706420194861542692
GIST,normal,32,2,4,C_TASK_E,12,13216066866632432715,134.559999,134.099685669,2850452,22803880,15605031087069409691
GIST,normal,32,2,4,C_TASK_E,11,12325065973520304682,137.349732,137.011199951,2239153,17913488,17377941278973625787
GIST,normal,32,2,4,C_TASK_E,10,5544530460631338786,142.288629,141.760635376,3295543,26364608,17878093470628574661
GIST,normal,32,2,4,C_TASK_E,9,7601489796430488175,141.08788,140.628570557,3096503,24772288,17946186273402395945
GIST,normal,32,2,4,C_TASK_E,8,15783018974750835728,139.695966,139.293884277,2730860,21847144,17191503963960995031
GIST,normal,32,2,4,C_TASK_E,7,7872727791650862151,144.04853,143.502914429,3441257,27530320,3960905289531293895
GIST,normal,32,2,4,C_TASK_E,6,4668807861364956970,141.603216,141.107711792,3307298,26458648,1468705982382421891
GIST,normal,32,2,4,C_TASK_E,5,8419766857112927641,142.224605,141.818527222,2697131,21577312,7757972437201703674
GIST,normal,32,2,4,C_TASK_E,4,9368830554395401223,136.268636,135.765533447,3202337,25618960,4786298188205109055
GIST,normal,32,2,4,C_TASK_E,3,17322893638147462453,136.221373,135.869567871,2327757,18622320,1743148825730065402
GIST,normal,32,2,4,C_TASK_E,2,9607284371048990950,132.395064,131.940673828,2799362,22395160,16676447429364366930
GIST,normal,32,2,4,C_TASK_E,1,3085188792669438576,143.753387,143.218460083,3379768,27038408,16851617623926673672
GIST,normal,32,2,4,C_TASK_E,0,13392786189952033124,143.683849,143.090942383,3674231,29394112,10008776713215810853
GIST,normal,32,2,5,SCAN_L,0,13392786189952033124,178.773337,177.729278564,3674231,29394112,10008776713215810853
GIST,normal,32,2,5,SCAN_L,1,3085188792669438576,178.575987,177.727676392,3379768,27038408,16851617623926673672
GIST,normal,32,2,5,SCAN_L,2,9607284371048990950,178.39017,177.711776733,2799362,22395160,16676447429364366930
GIST,normal,32,2,5,SCAN_L,3,17322893638147462453,178.18974,177.677337646,2327757,18622320,1743148825730065402
GIST,normal,32,2,5,SCAN_L,4,9368830554395401223,178.393761,177.723587036,3202337,25618960,4786298188205109055
GIST,normal,32,2,5,SCAN_L,5,8419766857112927641,178.229756,177.699935913,2697131,21577312,7757972437201703674
GIST,normal,32,2,5,SCAN_L,6,4668807861364956970,178.343974,177.723526001,3307298,26458648,1468705982382421891
GIST,normal,32,2,5,SCAN_L,7,7872727791650862151,178.360294,177.722854614,3441257,27530320,3960905289531293895
GIST,normal,32,2,5,SCAN_L,8,15783018974750835728,178.182103,177.700286865,2730860,21847144,17191503963960995031
GIST,normal,32,2,5,SCAN_L,9,7601489796430488175,178.257759,177.714233398,3096503,24772288,17946186273402395945
GIST,normal,32,2,5,SCAN_L,10,5544530460631338786,178.275609,177.7159729,3295543,26364608,17878093470628574661
GIST,normal,32,2,5,SCAN_L,11,12325065973520304682,178.071285,177.692611694,2239153,17913488,17377941278973625787
GIST,normal,32,2,5,SCAN_L,12,13216066866632432715,178.176422,177.70451355,2850452,22803880,15605031087069409691
GIST,normal,32,2,5,SCAN_L,13,1075722662635840942,178.146382,177.71282959,2745996,21968232,11706420194861542692
GIST,normal,32,2,5,SCAN_L,14,3185229373934033660,178.437029,177.737945557,4050998,32408248,16306481823672273204
GIST,normal,32,2,5,SCAN_L,15,4980500077960720760,178.361767,177.750137329,3891788,31134568,13624498926202248858
GIST,normal,32,2,5,SCAN_L,16,8534462434835011887,177.951152,177.681091309,1697233,13578128,6024903317663417656
GIST,normal,32,2,5,SCAN_L,17,2222729423292320042,178.184927,177.718566895,2911727,23294080,3059061473224546221
GIST,normal,32,2,5,SCAN_L,18,10765395806018310607,178.07554,177.703201294,2475628,19805288,14807640492517529625
GIST,normal,32,2,5,SCAN_L,19,15820513675728183516,178.379928,177.7525177,3973968,31792008,11230564349234227270
GIST,normal,32,2,5,SCAN_L,20,10712815744133708220,178.055458,177.695968628,2379602,19037080,1216819175030584202
GIST,normal,32,2,5,SCAN_L,21,3486346971057125245,178.025797,177.70249939,2138711,17109952,13256168575553722433
GIST,normal,32,2,5,SCAN_L,22,5004653838559619408,177.952087,177.670394897,1845725,14766064,9529499450952538175
GIST,normal,32,2,5,SCAN_L,23,10851237028586424301,178.131779,177.704742432,2645002,21160280,3304780033708818550
GIST,normal,32,2,5,SCAN_L,24,1048821632111722058,178.438036,177.740036011,4259785,34078544,9280311628070390270
GIST,normal,32,2,5,SCAN_L,25,13585693668991832971,178.018696,177.691360474,2197302,17578680,8982031243984102036
GIST,normal,32,2,5,SCAN_L,26,13539082034095136927,178.034368,177.693084717,2155594,17245016,7730178244082419076
GIST,normal,32,2,5,SCAN_L,27,161217794029549079,178.055744,177.695358276,2182868,17463208,7432664629535937393
GIST,normal,32,2,5,SCAN_L,28,306400533752808697,177.949841,177.684326172,1761206,14089912,4311259945711691617
GIST,normal,32,2,5,SCAN_L,29,15030165245001765777,178.250413,177.726074219,3108047,24864640,11460272485891822101
GIST,normal,32,2,5,SCAN_L,30,14416838764258129161,178.264089,177.721054077,3435058,27480728,9522656153375933671
GIST,normal,32,2,5,SCAN_L,31,7995077726280952526,177.967563,177.682022095,1901390,15211384,13489681460054578542
GIST,normal,32,2,5,C_ID_L,0,13392786189952033124,189.277582,188.236068726,3674231,29394112,10008776713215810853
GIST,normal,32,2,5,C_ID_L,1,3085188792669438576,190.281073,189.43927002,3379768,27038408,16851617623926673672
GIST,normal,32,2,5,C_ID_L,2,9607284371048990950,176.713988,176.042175293,2799362,22395160,16676447429364366930
GIST,normal,32,2,5,C_ID_L,3,17322893638147462453,189.289662,188.77142334,2327757,18622320,1743148825730065402
GIST,normal,32,2,5,C_ID_L,4,9368830554395401223,187.030825,186.33795166,3202337,25618960,4786298188205109055
GIST,normal,32,2,5,C_ID_L,5,8419766857112927641,190.51302,189.979934692,2697131,21577312,7757972437201703674
GIST,normal,32,2,5,C_ID_L,6,4668807861364956970,190.048189,189.404632568,3307298,26458648,1468705982382421891
GIST,normal,32,2,5,C_ID_L,7,7872727791650862151,189.762342,189.113479614,3441257,27530320,3960905289531293895
GIST,normal,32,2,5,C_ID_L,8,15783018974750835728,188.867652,188.365081787,2730860,21847144,17191503963960995031
GIST,normal,32,2,5,C_ID_L,9,7601489796430488175,188.979916,188.398849487,3096503,24772288,17946186273402395945
GIST,normal,32,2,5,C_ID_L,10,5544530460631338786,186.071482,185.47555542,3295543,26364608,17878093470628574661
GIST,normal,32,2,5,C_ID_L,11,12325065973520304682,190.969837,190.565887451,2239153,17913488,17377941278973625787
GIST,normal,32,2,5,C_ID_L,12,13216066866632432715,182.111822,181.596359253,2850452,22803880,15605031087069409691
GIST,normal,32,2,5,C_ID_L,13,1075722662635840942,189.998174,189.440963745,2745996,21968232,11706420194861542692
GIST,normal,32,2,5,C_ID_L,14,3185229373934033660,184.844037,183.934783936,4050998,32408248,16306481823672273204
GIST,normal,32,2,5,C_ID_L,15,4980500077960720760,192.466673,191.666778564,3891788,31134568,13624498926202248858
GIST,normal,32,2,5,C_ID_L,16,8534462434835011887,181.515737,181.164581299,1697233,13578128,6024903317663417656
GIST,normal,32,2,5,C_ID_L,17,2222729423292320042,191.760426,191.172485352,2911727,23294080,3059061473224546221
GIST,normal,32,2,5,C_ID_L,18,10765395806018310607,188.719176,188.222625732,2475628,19805288,14807640492517529625
GIST,normal,32,2,5,C_ID_L,19,15820513675728183516,192.397188,191.602981567,3973968,31792008,11230564349234227270
GIST,normal,32,2,5,C_ID_L,20,10712815744133708220,190.704552,190.235900879,2379602,19037080,1216819175030584202
GIST,normal,32,2,5,C_ID_L,21,3486346971057125245,191.570936,191.15586853,2138711,17109952,13256168575553722433
GIST,normal,32,2,5,C_ID_L,22,5004653838559619408,184.454234,184.099197388,1845725,14766064,9529499450952538175
GIST,normal,32,2,5,C_ID_L,23,10851237028586424301,181.718915,181.193313599,2645002,21160280,3304780033708818550
GIST,normal,32,2,5,C_ID_L,24,1048821632111722058,188.54309,187.683258057,4259785,34078544,9280311628070390270
GIST,normal,32,2,5,C_ID_L,25,13585693668991832971,190.735159,190.315643311,2197302,17578680,8982031243984102036
GIST,normal,32,2,5,C_ID_L,26,13539082034095136927,190.329774,189.896484375,2155594,17245016,7730178244082419076
GIST,normal,32,2,5,C_ID_L,27,161217794029549079,189.481047,189.044219971,2182868,17463208,7432664629535937393
GIST,normal,32,2,5,C_ID_L,28,306400533752808697,185.027301,184.683105469,1761206,14089912,4311259945711691617
GIST,normal,32,2,5,C_ID_L,29,15030165245001765777,191.198301,190.592132568,3108047,24864640,11460272485891822101
GIST,normal,32,2,5,C_ID_L,30,14416838764258129161,191.978545,191.314239502,3435058,27480728,9522656153375933671
GIST,normal,32,2,5,C_ID_L,31,7995077726280952526,188.568973,188.206970215,1901390,15211384,13489681460054578542
GIST,normal,32,2,5,C_MASK_L,0,13392786189952033124,173.025354,171.756195068,3674231,29394112,10008776713215810853
GIST,normal,32,2,5,C_MASK_L,1,3085188792669438576,174.275863,173.294555664,3379768,27038408,16851617623926673672
GIST,normal,32,2,5,C_MASK_L,2,9607284371048990950,162.757208,161.967071533,2799362,22395160,16676447429364366930
GIST,normal,32,2,5,C_MASK_L,3,17322893638147462453,173.017663,172.428344727,2327757,18622320,1743148825730065402
GIST,normal,32,2,5,C_MASK_L,4,9368830554395401223,170.924709,170.149765015,3202337,25618960,4786298188205109055
GIST,normal,32,2,5,C_MASK_L,5,8419766857112927641,174.014227,173.385604858,2697131,21577312,7757972437201703674
GIST,normal,32,2,5,C_MASK_L,6,4668807861364956970,173.681403,172.950271606,3307298,26458648,1468705982382421891
GIST,normal,32,2,5,C_MASK_L,7,7872727791650862151,173.350976,172.582138062,3441257,27530320,3960905289531293895
GIST,normal,32,2,5,C_MASK_L,8,15783018974750835728,172.756495,172.17149353,2730860,21847144,17191503963960995031
GIST,normal,32,2,5,C_MASK_L,9,7601489796430488175,172.863268,172.199462891,3096503,24772288,17946186273402395945
GIST,normal,32,2,5,C_MASK_L,10,5544530460631338786,170.635106,169.939941406,3295543,26364608,17878093470628574661
GIST,normal,32,2,5,C_MASK_L,11,12325065973520304682,174.39302,173.916381836,2239153,17913488,17377941278973625787
GIST,normal,32,2,5,C_MASK_L,12,13216066866632432715,167.190058,166.612762451,2850452,22803880,15605031087069409691
GIST,normal,32,2,5,C_MASK_L,13,1075722662635840942,173.997332,173.427078247,2745996,21968232,11706420194861542692
GIST,normal,32,2,5,C_MASK_L,14,3185229373934033660,169.180922,168.289794922,4050998,32408248,16306481823672273204
GIST,normal,32,2,5,C_MASK_L,15,4980500077960720760,175.564817,174.767196655,3891788,31134568,13624498926202248858
GIST,normal,32,2,5,C_MASK_L,16,8534462434835011887,166.587801,166.225479126,1697233,13578128,6024903317663417656
GIST,normal,32,2,5,C_MASK_L,17,2222729423292320042,174.753272,174.172576904,2911727,23294080,3059061473224546221
GIST,normal,32,2,5,C_MASK_L,18,10765395806018310607,172.533406,172.057693481,2475628,19805288,14807640492517529625
GIST,normal,32,2,5,C_MASK_L,19,15820513675728183516,175.524446,174.740325928,3973968,31792008,11230564349234227270
GIST,normal,32,2,5,C_MASK_L,20,10712815744133708220,174.473136,174.005401611,2379602,19037080,1216819175030584202
GIST,normal,32,2,5,C_MASK_L,21,3486346971057125245,174.940864,174.524765015,2138711,17109952,13256168575553722433
GIST,normal,32,2,5,C_MASK_L,22,5004653838559619408,169.073176,168.720291138,1845725,14766064,9529499450952538175
GIST,normal,32,2,5,C_MASK_L,23,10851237028586424301,166.939939,166.412902832,2645002,21160280,3304780033708818550
GIST,normal,32,2,5,C_MASK_L,24,1048821632111722058,172.416621,171.56137085,4259785,34078544,9280311628070390270
GIST,normal,32,2,5,C_MASK_L,25,13585693668991832971,174.039509,173.620285034,2197302,17578680,8982031243984102036
GIST,normal,32,2,5,C_MASK_L,26,13539082034095136927,173.630838,173.20463562,2155594,17245016,7730178244082419076
GIST,normal,32,2,5,C_MASK_L,27,161217794029549079,172.990639,172.551391602,2182868,17463208,7432664629535937393
GIST,normal,32,2,5,C_MASK_L,28,306400533752808697,169.26027,168.91897583,1761206,14089912,4311259945711691617
GIST,normal,32,2,5,C_MASK_L,29,15030165245001765777,174.477242,173.862747192,3108047,24864640,11460272485891822101
GIST,normal,32,2,5,C_MASK_L,30,14416838764258129161,175.20963,174.552764893,3435058,27480728,9522656153375933671
GIST,normal,32,2,5,C_MASK_L,31,7995077726280952526,172.398362,172.035644531,1901390,15211384,13489681460054578542
GIST,normal,32,2,5,C_TASK_L,0,13392786189952033124,196.129504,194.859451294,3674231,29394112,10008776713215810853
GIST,normal,32,2,5,C_TASK_L,1,3085188792669438576,196.379873,195.339202881,3379768,27038408,16851617623926673672
GIST,normal,32,2,5,C_TASK_L,2,9607284371048990950,193.098734,192.286911011,2799362,22395160,16676447429364366930
GIST,normal,32,2,5,C_TASK_L,3,17322893638147462453,193.952544,193.340576172,2327757,18622320,1743148825730065402
GIST,normal,32,2,5,C_TASK_L,4,9368830554395401223,194.952432,194.121887207,3202337,25618960,4786298188205109055
GIST,normal,32,2,5,C_TASK_L,5,8419766857112927641,194.842808,194.183227539,2697131,21577312,7757972437201703674
GIST,normal,32,2,5,C_TASK_L,6,4668807861364956970,194.406384,193.627746582,3307298,26458648,1468705982382421891
GIST,normal,32,2,5,C_TASK_L,7,7872727791650862151,195.32315,194.530532837,3441257,27530320,3960905289531293895
GIST,normal,32,2,5,C_TASK_L,8,15783018974750835728,195.342228,194.737762451,2730860,21847144,17191503963960995031
GIST,normal,32,2,5,C_TASK_L,9,7601489796430488175,195.610631,194.907867432,3096503,24772288,17946186273402395945
GIST,normal,32,2,5,C_TASK_L,10,5544530460631338786,195.453433,194.727615356,3295543,26364608,17878093470628574661
GIST,normal,32,2,5,C_TASK_L,11,12325065973520304682,195.034154,194.538467407,2239153,17913488,17377941278973625787
GIST,normal,32,2,5,C_TASK_L,12,13216066866632432715,194.287783,193.685379028,2850452,22803880,15605031087069409691
GIST,normal,32,2,5,C_TASK_L,13,1075722662635840942,195.122818,194.56262207,2745996,21968232,11706420194861542692
GIST,normal,32,2,5,C_TASK_L,14,3185229373934033660,194.69852,193.793411255,4050998,32408248,16306481823672273204
GIST,normal,32,2,5,C_TASK_L,15,4980500077960720760,195.673899,194.934692383,3891788,31134568,13624498926202248858
GIST,normal,32,2,5,C_TASK_L,16,8534462434835011887,193.84589,193.528411865,1697233,13578128,6024903317663417656
GIST,normal,32,2,5,C_TASK_L,17,2222729423292320042,195.059149,194.56652832,2911727,23294080,3059061473224546221
GIST,normal,32,2,5,C_TASK_L,18,10765395806018310607,195.18859,194.799621582,2475628,19805288,14807640492517529625
GIST,normal,32,2,5,C_TASK_L,19,15820513675728183516,195.49443,194.847457886,3973968,31792008,11230564349234227270
GIST,normal,32,2,5,C_TASK_L,20,10712815744133708220,195.281706,194.909240723,2379602,19037080,1216819175030584202
GIST,normal,32,2,5,C_TASK_L,21,3486346971057125245,194.87184,194.543228149,2138711,17109952,13256168575553722433
GIST,normal,32,2,5,C_TASK_L,22,5004653838559619408,193.555131,193.271453857,1845725,14766064,9529499450952538175
GIST,normal,32,2,5,C_TASK_L,23,10851237028586424301,195.301689,194.867324829,2645002,21160280,3304780033708818550
GIST,normal,32,2,5,C_TASK_L,24,1048821632111722058,195.734203,195.044998169,4259785,34078544,9280311628070390270
GIST,normal,32,2,5,C_TASK_L,25,13585693668991832971,194.830774,194.49559021,2197302,17578680,8982031243984102036
GIST,normal,32,2,5,C_TASK_L,26,13539082034095136927,194.210531,193.85760498,2155594,17245016,7730178244082419076
GIST,normal,32,2,5,C_TASK_L,27,161217794029549079,194.488052,194.130783081,2182868,17463208,7432664629535937393
GIST,normal,32,2,5,C_TASK_L,28,306400533752808697,193.566656,193.297210693,1761206,14089912,4311259945711691617
GIST,normal,32,2,5,C_TASK_L,29,15030165245001765777,195.041895,194.554656982,3108047,24864640,11460272485891822101
GIST,normal,32,2,5,C_TASK_L,30,14416838764258129161,195.096215,194.564987183,3435058,27480728,9522656153375933671
GIST,normal,32,2,5,C_TASK_L,31,7995077726280952526,194.028849,193.738845825,1901390,15211384,13489681460054578542
GIST,normal,32,2,5,SCAN_E,0,13392786189952033124,145.807638,144.556289673,3674231,29394112,10008776713215810853
GIST,normal,32,2,5,SCAN_E,1,3085188792669438576,145.856901,145.022399902,3379768,27038408,16851617623926673672
GIST,normal,32,2,5,SCAN_E,2,9607284371048990950,136.930173,136.210586548,2799362,22395160,16676447429364366930
GIST,normal,32,2,5,SCAN_E,3,17322893638147462453,138.731143,138.205337524,2327757,18622320,1743148825730065402
GIST,normal,32,2,5,SCAN_E,4,9368830554395401223,140.260544,139.581985474,3202337,25618960,4786298188205109055
GIST,normal,32,2,5,SCAN_E,5,8419766857112927641,143.731421,143.159423828,2697131,21577312,7757972437201703674
GIST,normal,32,2,5,SCAN_E,6,4668807861364956970,143.968526,143.319229126,3307298,26458648,1468705982382421891
GIST,normal,32,2,5,SCAN_E,7,7872727791650862151,146.503168,145.859329224,3441257,27530320,3960905289531293895
GIST,normal,32,2,5,SCAN_E,8,15783018974750835728,141.36432,140.888290405,2730860,21847144,17191503963960995031
GIST,normal,32,2,5,SCAN_E,9,7601489796430488175,142.841294,142.271072388,3096503,24772288,17946186273402395945
GIST,normal,32,2,5,SCAN_E,10,5544530460631338786,143.662328,143.076889038,3295543,26364608,17878093470628574661
GIST,normal,32,2,5,SCAN_E,11,12325065973520304682,138.754548,138.328903198,2239153,17913488,17377941278973625787
GIST,normal,32,2,5,SCAN_E,12,13216066866632432715,139.49801,138.927871704,2850452,22803880,15605031087069409691
GIST,normal,32,2,5,SCAN_E,13,1075722662635840942,147.705863,147.271911621,2745996,21968232,11706420194861542692
GIST,normal,32,2,5,SCAN_E,14,3185229373934033660,142.8449,141.982299805,4050998,32408248,16306481823672273204
GIST,normal,32,2,5,SCAN_E,15,4980500077960720760,152.147679,151.531936646,3891788,31134568,13624498926202248858
GIST,normal,32,2,5,SCAN_E,16,8534462434835011887,132.056184,131.77381897,1697233,13578128,6024903317663417656
GIST,normal,32,2,5,SCAN_E,17,2222729423292320042,148.836374,148.35093689,2911727,23294080,3059061473224546221
GIST,normal,32,2,5,SCAN_E,18,10765395806018310607,135.310648,134.94140625,2475628,19805288,14807640492517529625
GIST,normal,32,2,5,SCAN_E,19,15820513675728183516,150.080353,149.325210571,3973968,31792008,11230564349234227270
GIST,normal,32,2,5,SCAN_E,20,10712815744133708220,138.257222,137.902755737,2379602,19037080,1216819175030584202
GIST,normal,32,2,5,SCAN_E,21,3486346971057125245,146.382367,145.97744751,2138711,17109952,13256168575553722433
GIST,normal,32,2,5,SCAN_E,22,5004653838559619408,135.735896,135.458847046,1845725,14766064,9529499450952538175
GIST,normal,32,2,5,SCAN_E,23,10851237028586424301,142.654323,142.226593018,2645002,21160280,3304780033708818550
GIST,normal,32,2,5,SCAN_E,24,1048821632111722058,144.543084,143.783843994,4259785,34078544,9280311628070390270
GIST,normal,32,2,5,SCAN_E,25,13585693668991832971,141.957938,141.630981445,2197302,17578680,8982031243984102036
GIST,normal,32,2,5,SCAN_E,26,13539082034095136927,141.841395,141.440155029,2155594,17245016,7730178244082419076
GIST,normal,32,2,5,SCAN_E,27,161217794029549079,142.10087,141.737213135,2182868,17463208,7432664629535937393
GIST,normal,32,2,5,SCAN_E,28,306400533752808697,140.395853,140.130462646,1761206,14089912,4311259945711691617
GIST,normal,32,2,5,SCAN_E,29,15030165245001765777,149.147591,148.627838135,3108047,24864640,11460272485891822101
GIST,normal,32,2,5,SCAN_E,30,14416838764258129161,146.800822,146.260665894,3435058,27480728,9522656153375933671
GIST,normal,32,2,5,SCAN_E,31,7995077726280952526,137.418191,137.053604126,1901390,15211384,13489681460054578542
GIST,normal,32,2,5,C_ID_E,0,13392786189952033124,187.259702,186.014083862,3674231,29394112,10008776713215810853
GIST,normal,32,2,5,C_ID_E,1,3085188792669438576,187.036296,186.044006348,3379768,27038408,16851617623926673672
GIST,normal,32,2,5,C_ID_E,2,9607284371048990950,171.371308,170.612350464,2799362,22395160,16676447429364366930
GIST,normal,32,2,5,C_ID_E,3,17322893638147462453,177.278076,176.725570679,2327757,18622320,1743148825730065402
GIST,normal,32,2,5,C_ID_E,4,9368830554395401223,176.749231,175.998687744,3202337,25618960,4786298188205109055
GIST,normal,32,2,5,C_ID_E,5,8419766857112927641,184.930013,184.343078613,2697131,21577312,7757972437201703674
GIST,normal,32,2,5,C_ID_E,6,4668807861364956970,184.863874,184.152069092,3307298,26458648,1468705982382421891
GIST,normal,32,2,5,C_ID_E,7,7872727791650862151,187.645829,186.909408569,3441257,27530320,3960905289531293895
GIST,normal,32,2,5,C_ID_E,8,15783018974750835728,181.496435,180.931518555,2730860,21847144,17191503963960995031
GIST,normal,32,2,5,C_ID_E,9,7601489796430488175,183.11892,182.461410522,3096503,24772288,17946186273402395945
GIST,normal,32,2,5,C_ID_E,10,5544530460631338786,184.32079,183.644729614,3295543,26364608,17878093470628574661
GIST,normal,32,2,5,C_ID_E,11,12325065973520304682,178.07532,177.61138916,2239153,17913488,17377941278973625787
GIST,normal,32,2,5,C_ID_E,12,13216066866632432715,174.130016,173.558334351,2850452,22803880,15605031087069409691
GIST,normal,32,2,5,C_ID_E,13,1075722662635840942,189.504264,188.966812134,2745996,21968232,11706420194861542692
GIST,normal,32,2,5,C_ID_E,14,3185229373934033660,182.099415,181.228927612,4050998,32408248,16306481823672273204
GIST,normal,32,2,5,C_ID_E,15,4980500077960720760,196.892134,196.126296997,3891788,31134568,13624498926202248858
GIST,normal,32,2,5,C_ID_E,16,8534462434835011887,166.051378,165.700454712,1697233,13578128,6024903317663417656
GIST,normal,32,2,5,C_ID_E,17,2222729423292320042,192.875851,192.057601929,2911727,23294080,3059061473224546221
GIST,normal,32,2,5,C_ID_E,18,10765395806018310607,173.342465,172.948287964,2475628,19805288,14807640492517529625
GIST,normal,32,2,5,C_ID_E,19,15820513675728183516,194.36387,193.736709595,3973968,31792008,11230564349234227270
GIST,normal,32,2,5,C_ID_E,20,10712815744133708220,177.102738,176.737182617,2379602,19037080,1216819175030584202
GIST,normal,32,2,5,C_ID_E,21,3486346971057125245,189.319137,188.990112305,2138711,17109952,13256168575553722433
GIST,normal,32,2,5,C_ID_E,22,5004653838559619408,170.945326,170.65852356,1845725,14766064,9529499450952538175
GIST,normal,32,2,5,C_ID_E,23,10851237028586424301,175.970184,175.554077148,2645002,21160280,3304780033708818550
GIST,normal,32,2,5,C_ID_E,24,1048821632111722058,183.571758,182.897476196,4259785,34078544,9280311628070390270
GIST,normal,32,2,5,C_ID_E,25,13585693668991832971,183.01178,182.683837891,2197302,17578680,8982031243984102036
GIST,normal,32,2,5,C_ID_E,26,13539082034095136927,182.318902,181.973724365,2155594,17245016,7730178244082419076
GIST,normal,32,2,5,C_ID_E,27,161217794029549079,181.651631,181.296768188,2182868,17463208,7432664629535937393
GIST,normal,32,2,5,C_ID_E,28,306400533752808697,176.513569,176.189254761,1761206,14089912,4311259945711691617
GIST,normal,32,2,5,C_ID_E,29,15030165245001765777,192.493529,191.889633179,3108047,24864640,11460272485891822101
GIST,normal,32,2,5,C_ID_E,30,14416838764258129161,189.798185,189.134872437,3435058,27480728,9522656153375933671
GIST,normal,32,2,5,C_ID_E,31,7995077726280952526,176.182536,175.818695068,1901390,15211384,13489681460054578542
GIST,normal,32,2,5,C_MASK_E,0,13392786189952033124,145.097476,144.059967041,3674231,29394112,10008776713215810853
GIST,normal,32,2,5,C_MASK_E,1,3085188792669438576,145.017056,144.169723511,3379768,27038408,16851617623926673672
GIST,normal,32,2,5,C_MASK_E,2,9607284371048990950,133.446283,132.749816895,2799362,22395160,16676447429364366930
GIST,normal,32,2,5,C_MASK_E,3,17322893638147462453,137.165199,136.680953979,2327757,18622320,1743148825730065402
GIST,normal,32,2,5,C_MASK_E,4,9368830554395401223,137.396397,136.704025269,3202337,25618960,4786298188205109055
GIST,normal,32,2,5,C_MASK_E,5,8419766857112927641,143.311325,142.773986816,2697131,21577312,7757972437201703674
GIST,normal,32,2,5,C_MASK_E,6,4668807861364956970,142.611432,141.996795654,3307298,26458648,1468705982382421891
GIST,normal,32,2,5,C_MASK_E,7,7872727791650862151,145.110356,144.46812439,3441257,27530320,3960905289531293895
GIST,normal,32,2,5,C_MASK_E,8,15783018974750835728,140.669041,140.201690674,2730860,21847144,17191503963960995031
GIST,normal,32,2,5,C_MASK_E,9,7601489796430488175,142.245822,141.697601318,3096503,24772288,17946186273402395945
GIST,normal,32,2,5,C_MASK_E,10,5544530460631338786,143.028823,142.479873657,3295543,26364608,17878093470628574661
GIST,normal,32,2,5,C_MASK_E,11,12325065973520304682,138.396116,138.022949219,2239153,17913488,17377941278973625787
GIST,normal,32,2,5,C_MASK_E,12,13216066866632432715,135.442737,134.967681885,2850452,22803880,15605031087069409691
GIST,normal,32,2,5,C_MASK_E,13,1075722662635840942,146.341577,145.843643188,2745996,21968232,11706420194861542692
GIST,normal,32,2,5,C_MASK_E,14,3185229373934033660,140.984324,140.259262085,4050998,32408248,16306481823672273204
GIST,normal,32,2,5,C_MASK_E,15,4980500077960720760,151.995792,151.380004883,3891788,31134568,13624498926202248858
GIST,normal,32,2,5,C_MASK_E,16,8534462434835011887,129.779726,129.497894287,1697233,13578128,6024903317663417656
GIST,normal,32,2,5,C_MASK_E,17,2222729423292320042,148.391068,147.917190552,2911727,23294080,3059061473224546221
GIST,normal,32,2,5,C_MASK_E,18,10765395806018310607,134.7803,134.339492798,2475628,19805288,14807640492517529625
GIST,normal,32,2,5,C_MASK_E,19,15820513675728183516,149.959777,149.328033447,3973968,31792008,11230564349234227270
GIST,normal,32,2,5,C_MASK_E,20,10712815744133708220,137.835425,137.389602661,2379602,19037080,1216819175030584202
GIST,normal,32,2,5,C_MASK_E,21,3486346971057125245,146.144776,145.814620972,2138711,17109952,13256168575553722433
GIST,normal,32,2,5,C_MASK_E,22,5004653838559619408,133.108576,132.781600952,1845725,14766064,9529499450952538175
GIST,normal,32,2,5,C_MASK_E,23,10851237028586424301,137.056573,136.608474731,2645002,21160280,3304780033708818550
GIST,normal,32,2,5,C_MASK_E,24,1048821632111722058,142.775587,142.061599731,4259785,34078544,9280311628070390270
GIST,normal,32,2,5,C_MASK_E,25,13585693668991832971,141.955629,141.586105347,2197302,17578680,8982031243984102036
GIST,normal,32,2,5,C_MASK_E,26,13539082034095136927,141.067828,140.649383545,2155594,17245016,7730178244082419076
GIST,normal,32,2,5,C_MASK_E,27,161217794029549079,140.966092,140.520065308,2182868,17463208,7432664629535937393
GIST,normal,32,2,5,C_MASK_E,28,306400533752808697,136.870777,136.533981323,1761206,14089912,4311259945711691617
GIST,normal,32,2,5,C_MASK_E,29,15030165245001765777,148.660861,148.057052612,3108047,24864640,11460272485891822101
GIST,normal,32,2,5,C_MASK_E,30,14416838764258129161,146.675564,146.000579834,3435058,27480728,9522656153375933671
GIST,normal,32,2,5,C_MASK_E,31,7995077726280952526,136.67367,136.306243896,1901390,15211384,13489681460054578542
GIST,normal,32,2,5,C_TASK_E,0,13392786189952033124,144.520816,143.217498779,3674231,29394112,10008776713215810853
GIST,normal,32,2,5,C_TASK_E,1,3085188792669438576,144.27318,143.234115601,3379768,27038408,16851617623926673672
GIST,normal,32,2,5,C_TASK_E,2,9607284371048990950,132.900263,132.050918579,2799362,22395160,16676447429364366930
GIST,normal,32,2,5,C_TASK_E,3,17322893638147462453,136.463117,135.860961914,2327757,18622320,1743148825730065402
GIST,normal,32,2,5,C_TASK_E,4,9368830554395401223,136.62604,135.74822998,3202337,25618960,4786298188205109055
GIST,normal,32,2,5,C_TASK_E,5,8419766857112927641,142.424467,141.786437988,2697131,21577312,7757972437201703674
GIST,normal,32,2,5,C_TASK_E,6,4668807861364956970,141.966604,141.242553711,3307298,26458648,1468705982382421891
GIST,normal,32,2,5,C_TASK_E,7,7872727791650862151,144.480168,143.456802368,3441257,27530320,3960905289531293895
GIST,normal,32,2,5,C_TASK_E,8,15783018974750835728,140.03152,139.458053589,2730860,21847144,17191503963960995031
GIST,normal,32,2,5,C_TASK_E,9,7601489796430488175,141.352048,140.689468384,3096503,24772288,17946186273402395945
GIST,normal,32,2,5,C_TASK_E,10,5544530460631338786,142.52172,141.81578064,3295543,26364608,17878093470628574661
GIST,normal,32,2,5,C_TASK_E,11,12325065973520304682,137.43646,136.970428467,2239153,17913488,17377941278973625787
GIST,normal,32,2,5,C_TASK_E,12,13216066866632432715,134.798883,134.18019104,2850452,22803880,15605031087069409691
GIST,normal,32,2,5,C_TASK_E,13,1075722662635840942,145.580891,145.032806396,2745996,21968232,11706420194861542692
GIST,normal,32,2,5,C_TASK_E,14,3185229373934033660,140.36622,139.489028931,4050998,32408248,16306481823672273204
GIST,normal,32,2,5,C_TASK_E,15,4980500077960720760,151.160158,150.370239258,3891788,31134568,13624498926202248858
GIST,normal,32,2,5,C_TASK_E,16,8534462434835011887,129.342716,128.97946167,1697233,13578128,6024903317663417656
GIST,normal,32,2,5,C_TASK_E,17,2222729423292320042,147.557017,146.950332642,2911727,23294080,3059061473224546221
GIST,normal,32,2,5,C_TASK_E,18,10765395806018310607,134.042468,133.565628052,2475628,19805288,14807640492517529625
GIST,normal,32,2,5,C_TASK_E,19,15820513675728183516,149.141675,148.324798584,3973968,31792008,11230564349234227270
GIST,normal,32,2,5,C_TASK_E,20,10712815744133708220,136.855553,136.397857666,2379602,19037080,1216819175030584202
GIST,normal,32,2,5,C_TASK_E,21,3486346971057125245,145.446892,145.031417847,2138711,17109952,13256168575553722433
GIST,normal,32,2,5,C_TASK_E,22,5004653838559619408,132.366049,132.007843018,1845725,14766064,9529499450952538175
GIST,normal,32,2,5,C_TASK_E,23,10851237028586424301,136.20848,135.684829712,2645002,21160280,3304780033708818550
GIST,normal,32,2,5,C_TASK_E,24,1048821632111722058,142.564721,141.736480713,4259785,34078544,9280311628070390270
GIST,normal,32,2,5,C_TASK_E,25,13585693668991832971,140.825375,140.484481812,2197302,17578680,8982031243984102036
GIST,normal,32,2,5,C_TASK_E,26,13539082034095136927,140.326462,139.891967773,2155594,17245016,7730178244082419076
GIST,normal,32,2,5,C_TASK_E,27,161217794029549079,140.345823,139.881958008,2182868,17463208,7432664629535937393
GIST,normal,32,2,5,C_TASK_E,28,306400533752808697,135.982247,135.640640259,1761206,14089912,4311259945711691617
GIST,normal,32,2,5,C_TASK_E,29,15030165245001765777,147.800276,147.21321106,3108047,24864640,11460272485891822101
GIST,normal,32,2,5,C_TASK_E,30,14416838764258129161,145.624513,144.937850952,3435058,27480728,9522656153375933671
GIST,normal,32,2,5,C_TASK_E,31,7995077726280952526,135.963676,135.621566772,1901390,15211384,13489681460054578542
GIST,normal,32,2,6,SCAN_L,31,7995077726280952526,178.189495,177.682022095,1901390,15211384,13489681460054578542
GIST,normal,32,2,6,SCAN_L,30,14416838764258129161,178.58512,177.726425171,3435058,27480728,9522656153375933671
GIST,normal,32,2,6,SCAN_L,29,15030165245001765777,178.401773,177.72454834,3108047,24864640,11460272485891822101
GIST,normal,32,2,6,SCAN_L,28,306400533752808697,178.053709,177.687271118,1761206,14089912,4311259945711691617
GIST,normal,32,2,6,SCAN_L,27,161217794029549079,178.10463,177.69644165,2182868,17463208,7432664629535937393
GIST,normal,32,2,6,SCAN_L,26,13539082034095136927,178.049823,177.694274902,2155594,17245016,7730178244082419076
GIST,normal,32,2,6,SCAN_L,25,13585693668991832971,178.058726,177.692993164,2197302,17578680,8982031243984102036
GIST,normal,32,2,6,SCAN_L,24,1048821632111722058,178.923669,177.74029541,4259785,34078544,9280311628070390270
GIST,normal,32,2,6,SCAN_L,23,10851237028586424301,178.175285,177.720932007,2645002,21160280,3304780033708818550
GIST,normal,32,2,6,SCAN_L,22,5004653838559619408,177.979879,177.673370361,1845725,14766064,9529499450952538175
GIST,normal,32,2,6,SCAN_L,21,3486346971057125245,178.059927,177.70614624,2138711,17109952,13256168575553722433
GIST,normal,32,2,6,SCAN_L,20,10712815744133708220,178.091729,177.697280884,2379602,19037080,1216819175030584202
GIST,normal,32,2,6,SCAN_L,19,15820513675728183516,178.456102,177.756378174,3973968,31792008,11230564349234227270
GIST,normal,32,2,6,SCAN_L,18,10765395806018310607,178.090699,177.707931519,2475628,19805288,14807640492517529625
GIST,normal,32,2,6,SCAN_L,17,2222729423292320042,178.194979,177.719650269,2911727,23294080,3059061473224546221
GIST,normal,32,2,6,SCAN_L,16,8534462434835011887,177.938985,177.680633545,1697233,13578128,6024903317663417656
GIST,normal,32,2,6,SCAN_L,15,4980500077960720760,178.400636,177.753311157,3891788,31134568,13624498926202248858
GIST,normal,32,2,6,SCAN_L,14,3185229373934033660,178.368879,177.736709595,4050998,32408248,16306481823672273204
GIST,normal,32,2,6,SCAN_L,13,1075722662635840942,178.122906,177.716644287,2745996,21968232,11706420194861542692
GIST,normal,32,2,6,SCAN_L,12,13216066866632432715,178.156541,177.702682495,2850452,22803880,15605031087069409691
GIST,normal,32,2,6,SCAN_L,11,12325065973520304682,178.024432,177.691513062,2239153,17913488,17377941278973625787
GIST,normal,32,2,6,SCAN_L,10,5544530460631338786,178.233701,177.71484375,3295543,26364608,17878093470628574661
GIST,normal,32,2,6,SCAN_L,9,7601489796430488175,178.172072,177.716583252,3096503,24772288,17946186273402395945
GIST,normal,32,2,6,SCAN_L,8,15783018974750835728,178.095057,177.697952271,2730860,21847144,17191503963960995031
GIST,normal,32,2,6,SCAN_L,7,7872727791650862151,178.272269,177.722015381,3441257,27530320,3960905289531293895
GIST,normal,32,2,6,SCAN_L,6,4668807861364956970,178.21201,177.721282959,3307298,26458648,1468705982382421891
GIST,normal,32,2,6,SCAN_L,5,8419766857112927641,178.101306,177.700637817,2697131,21577312,7757972437201703674
GIST,normal,32,2,6,SCAN_L,4,9368830554395401223,178.220861,177.718566895,3202337,25618960,4786298188205109055
GIST,normal,32,2,6,SCAN_L,3,17322893638147462453,178.042138,177.675003052,2327757,18622320,1743148825730065402
GIST,normal,32,2,6,SCAN_L,2,9607284371048990950,178.189953,177.727905273,2799362,22395160,16676447429364366930
GIST,normal,32,2,6,SCAN_L,1,3085188792669438576,178.51703,177.730911255,3379768,27038408,16851617623926673672
GIST,normal,32,2,6,SCAN_L,0,13392786189952033124,178.334967,177.731033325,3674231,29394112,10008776713215810853
GIST,normal,32,2,6,C_ID_L,31,7995077726280952526,188.717093,188.205657959,1901390,15211384,13489681460054578542
GIST,normal,32,2,6,C_ID_L,30,14416838764258129161,192.137638,191.312957764,3435058,27480728,9522656153375933671
GIST,normal,32,2,6,C_ID_L,29,15030165245001765777,191.264141,190.591842651,3108047,24864640,11460272485891822101
GIST,normal,32,2,6,C_ID_L,28,306400533752808697,185.037235,184.685531616,1761206,14089912,4311259945711691617
GIST,normal,32,2,6,C_ID_L,27,161217794029549079,189.452985,189.047836304,2182868,17463208,7432664629535937393
GIST,normal,32,2,6,C_ID_L,26,13539082034095136927,190.353614,189.99609375,2155594,17245016,7730178244082419076
GIST,normal,32,2,6,C_ID_L,25,13585693668991832971,190.680555,190.314651489,2197302,17578680,8982031243984102036
GIST,normal,32,2,6,C_ID_L,24,1048821632111722058,188.560769,187.677734375,4259785,34078544,9280311628070390270
GIST,normal,32,2,6,C_ID_L,23,10851237028586424301,181.634948,181.195037842,2645002,21160280,3304780033708818550
GIST,normal,32,2,6,C_ID_L,22,5004653838559619408,184.385692,184.095611572,1845725,14766064,9529499450952538175
GIST,normal,32,2,6,C_ID_L,21,3486346971057125245,191.504686,191.153533936,2138711,17109952,13256168575553722433
GIST,normal,32,2,6,C_ID_L,20,10712815744133708220,190.609982,190.2293396,2379602,19037080,1216819175030584202
GIST,normal,32,2,6,C_ID_L,19,15820513675728183516,192.308868,191.608673096,3973968,31792008,11230564349234227270
GIST,normal,32,2,6,C_ID_L,18,10765395806018310607,188.597645,188.221466064,2475628,19805288,14807640492517529625
GIST,normal,32,2,6,C_ID_L,17,2222729423292320042,191.641921,191.167556763,2911727,23294080,3059061473224546221
GIST,normal,32,2,6,C_ID_L,16,8534462434835011887,181.419778,181.160934448,1697233,13578128,6024903317663417656
GIST,normal,32,2,6,C_ID_L,15,4980500077960720760,192.292931,191.668411255,3891788,31134568,13624498926202248858
GIST,normal,32,2,6,C_ID_L,14,3185229373934033660,184.534839,183.905532837,4050998,32408248,16306481823672273204
GIST,normal,32,2,6,C_ID_L,13,1075722662635840942,189.918692,189.509689331,2745996,21968232,11706420194861542692
GIST,normal,32,2,6,C_ID_L,12,13216066866632432715,182.037517,181.589630127,2850452,22803880,15605031087069409691
GIST,normal,32,2,6,C_ID_L,11,12325065973520304682,190.89445,190.559295654,2239153,17913488,17377941278973625787
GIST,normal,32,2,6,C_ID_L,10,5544530460631338786,185.998716,185.47718811,3295543,26364608,17878093470628574661
GIST,normal,32,2,6,C_ID_L,9,7601489796430488175,188.849965,188.393890381,3096503,24772288,17946186273402395945
GIST,normal,32,2,6,C_ID_L,8,15783018974750835728,188.723316,188.322311401,2730860,21847144,17191503963960995031
GIST,normal,32,2,6,C_ID_L,7,7872727791650862151,189.650507,189.11378479,3441257,27530320,3960905289531293895
GIST,normal,32,2,6,C_ID_L,6,4668807861364956970,189.892083,189.403076172,3307298,26458648,1468705982382421891
GIST,normal,32,2,6,C_ID_L,5,8419766857112927641,190.379991,189.983520508,2697131,21577312,7757972437201703674
GIST,normal,32,2,6,C_ID_L,4,9368830554395401223,186.544531,186.045959473,3202337,25618960,4786298188205109055
GIST,normal,32,2,6,C_ID_L,3,17322893638147462453,189.120022,188.774276733,2327757,18622320,1743148825730065402
GIST,normal,32,2,6,C_ID_L,2,9607284371048990950,176.490424,176.046981812,2799362,22395160,16676447429364366930
GIST,normal,32,2,6,C_ID_L,1,3085188792669438576,189.963282,189.434051514,3379768,27038408,16851617623926673672
GIST,normal,32,2,6,C_ID_L,0,13392786189952033124,188.808139,188.242431641,3674231,29394112,10008776713215810853
GIST,normal,32,2,6,C_MASK_L,31,7995077726280952526,172.589829,171.974212646,1901390,15211384,13489681460054578542
GIST,normal,32,2,6,C_MASK_L,30,14416838764258129161,175.595461,174.561767578,3435058,27480728,9522656153375933671
GIST,normal,32,2,6,C_MASK_L,29,15030165245001765777,174.673576,173.832992554,3108047,24864640,11460272485891822101
GIST,normal,32,2,6,C_MASK_L,28,306400533752808697,169.325843,168.887359619,1761206,14089912,4311259945711691617
GIST,normal,32,2,6,C_MASK_L,27,161217794029549079,173.162325,172.63168335,2182868,17463208,7432664629535937393
GIST,normal,32,2,6,C_MASK_L,26,13539082034095136927,173.609212,173.219009399,2155594,17245016,7730178244082419076
GIST,normal,32,2,6,C_MASK_L,25,13585693668991832971,173.98283,173.594970703,2197302,17578680,8982031243984102036
GIST,normal,32,2,6,C_MASK_L,24,1048821632111722058,172.47095,171.573959351,4259785,34078544,9280311628070390270
GIST,normal,32,2,6,C_MASK_L,23,10851237028586424301,166.923745,166.450881958,2645002,21160280,3304780033708818550
GIST,normal,32,2,6,C_MASK_L,22,5004653838559619408,169.071833,168.761413574,1845725,14766064,9529499450952538175
GIST,normal,32,2,6,C_MASK_L,21,3486346971057125245,174.765348,174.380859375,2138711,17109952,13256168575553722433
GIST,normal,32,2,6,C_MASK_L,20,10712815744133708220,174.261543,173.853347778,2379602,19037080,1216819175030584202
GIST,normal,32,2,6,C_MASK_L,19,15820513675728183516,175.422412,174.660476685,3973968,31792008,11230564349234227270
GIST,normal,32,2,6,C_MASK_L,18,10765395806018310607,172.68163,172.298431396,2475628,19805288,14807640492517529625
GIST,normal,32,2,6,C_MASK_L,17,2222729423292320042,174.71787,174.233886719,2911727,23294080,3059061473224546221
GIST,normal,32,2,6,C_MASK_L,16,8534462434835011887,166.477078,166.217926025,1697233,13578128,6024903317663417656
GIST,normal,32,2,6,C_MASK_L,15,4980500077960720760,175.339725,174.678527832,3891788,31134568,13624498926202248858
GIST,normal,32,2,6,C_MASK_L,14,3185229373934033660,168.990304,168.33631897,4050998,32408248,16306481823672273204
GIST,normal,32,2,6,C_MASK_L,13,1075722662635840942,173.543754,173.115463257,2745996,21968232,11706420194861542692
GIST,normal,32,2,6,C_MASK_L,12,13216066866632432715,167.03048,166.565444946,2850452,22803880,15605031087069409691
GIST,normal,32,2,6,C_MASK_L,11,12325065973520304682,174.313547,173.981018066,2239153,17913488,17377941278973625787
GIST,normal,32,2,6,C_MASK_L,10,5544530460631338786,170.410733,169.879928589,3295543,26364608,17878093470628574661
GIST,normal,32,2,6,C_MASK_L,9,7601489796430488175,172.592096,172.136154175,3096503,24772288,17946186273402395945
GIST,normal,32,2,6,C_MASK_L,8,15783018974750835728,172.651614,172.243484497,2730860,21847144,17191503963960995031
GIST,normal,32,2,6,C_MASK_L,7,7872727791650862151,173.193023,172.641479492,3441257,27530320,3960905289531293895
GIST,normal,32,2,6,C_MASK_L,6,4668807861364956970,173.438753,172.946502686,3307298,26458648,1468705982382421891
GIST,normal,32,2,6,C_MASK_L,5,8419766857112927641,173.726301,173.328353882,2697131,21577312,7757972437201703674
GIST,normal,32,2,6,C_MASK_L,4,9368830554395401223,170.803362,170.294082642,3202337,25618960,4786298188205109055
GIST,normal,32,2,6,C_MASK_L,3,17322893638147462453,172.768688,172.421951294,2327757,18622320,1743148825730065402
GIST,normal,32,2,6,C_MASK_L,2,9607284371048990950,162.476987,162.020568848,2799362,22395160,16676447429364366930
GIST,normal,32,2,6,C_MASK_L,1,3085188792669438576,173.798594,173.264312744,3379768,27038408,16851617623926673672
GIST,normal,32,2,6,C_MASK_L,0,13392786189952033124,172.266168,171.660507202,3674231,29394112,10008776713215810853
GIST,normal,32,2,6,C_TASK_L,31,7995077726280952526,194.258407,193.758499146,1901390,15211384,13489681460054578542
GIST,normal,32,2,6,C_TASK_L,30,14416838764258129161,195.43063,194.560256958,3435058,27480728,9522656153375933671
GIST,normal,32,2,6,C_TASK_L,29,15030165245001765777,195.247859,194.5574646,3108047,24864640,11460272485891822101
GIST,normal,32,2,6,C_TASK_L,28,306400533752808697,193.667965,193.290817261,1761206,14089912,4311259945711691617
GIST,normal,32,2,6,C_TASK_L,27,161217794029549079,194.540473,194.109054565,2182868,17463208,7432664629535937393
GIST,normal,32,2,6,C_TASK_L,26,13539082034095136927,194.240329,193.869415283,2155594,17245016,7730178244082419076
GIST,normal,32,2,6,C_TASK_L,25,13585693668991832971,194.867548,194.493286133,2197302,17578680,8982031243984102036
GIST,normal,32,2,6,C_TASK_L,24,1048821632111722058,195.935306,195.064544678,4259785,34078544,9280311628070390270
GIST,normal,32,2,6,C_TASK_L,23,10851237028586424301,195.33062,194.885314941,2645002,21160280,3304780033708818550
GIST,normal,32,2,6,C_TASK_L,22,5004653838559619408,193.557525,193.264633179,1845725,14766064,9529499450952538175
GIST,normal,32,2,6,C_TASK_L,21,3486346971057125245,194.902815,194.540542603,2138711,17109952,13256168575553722433
GIST,normal,32,2,6,C_TASK_L,20,10712815744133708220,195.290833,194.908126831,2379602,19037080,1216819175030584202
GIST,normal,32,2,6,C_TASK_L,19,15820513675728183516,195.557698,194.851104736,3973968,31792008,11230564349234227270
GIST,normal,32,2,6,C_TASK_L,18,10765395806018310607,194.880938,194.504699707,2475628,19805288,14807640492517529625
GIST,normal,32,2,6,C_TASK_L,17,2222729423292320042,195.027196,194.564865112,2911727,23294080,3059061473224546221
GIST,normal,32,2,6,C_TASK_L,16,8534462434835011887,193.781346,193.52432251,1697233,13578128,6024903317663417656
GIST,normal,32,2,6,C_TASK_L,15,4980500077960720760,195.563846,194.935134888,3891788,31134568,13624498926202248858
GIST,normal,32,2,6,C_TASK_L,14,3185229373934033660,194.437532,193.793624878,4050998,32408248,16306481823672273204
GIST,normal,32,2,6,C_TASK_L,13,1075722662635840942,195.347602,194.863647461,2745996,21968232,11706420194861542692
GIST,normal,32,2,6,C_TASK_L,12,13216066866632432715,194.221404,193.697219849,2850452,22803880,15605031087069409691
GIST,normal,32,2,6,C_TASK_L,11,12325065973520304682,194.959091,194.535354614,2239153,17913488,17377941278973625787
GIST,normal,32,2,6,C_TASK_L,10,5544530460631338786,195.358901,194.720993042,3295543,26364608,17878093470628574661
GIST,normal,32,2,6,C_TASK_L,9,7601489796430488175,195.465072,194.923355103,3096503,24772288,17946186273402395945
GIST,normal,32,2,6,C_TASK_L,8,15783018974750835728,195.251054,194.741439819,2730860,21847144,17191503963960995031
GIST,normal,32,2,6,C_TASK_L,7,7872727791650862151,195.200209,194.529190063,3441257,27530320,3960905289531293895
GIST,normal,32,2,6,C_TASK_L,6,4668807861364956970,194.241104,193.622680664,3307298,26458648,1468705982382421891
GIST,normal,32,2,6,C_TASK_L,5,8419766857112927641,194.672424,194.166305542,2697131,21577312,7757972437201703674
GIST,normal,32,2,6,C_TASK_L,4,9368830554395401223,194.68981,194.103942871,3202337,25618960,4786298188205109055
GIST,normal,32,2,6,C_TASK_L,3,17322893638147462453,193.775856,193.335845947,2327757,18622320,1743148825730065402
GIST,normal,32,2,6,C_TASK_L,2,9607284371048990950,192.831214,192.276000977,2799362,22395160,16676447429364366930
GIST,normal,32,2,6,C_TASK_L,1,3085188792669438576,195.841764,195.321884155,3379768,27038408,16851617623926673672
GIST,normal,32,2,6,C_TASK_L,0,13392786189952033124,195.453883,194.864547729,3674231,29394112,10008776713215810853
GIST,normal,32,2,6,SCAN_E,31,7995077726280952526,137.707006,137.087615967,1901390,15211384,13489681460054578542
GIST,normal,32,2,6,SCAN_E,30,14416838764258129161,147.274288,146.231704712,3435058,27480728,9522656153375933671
GIST,normal,32,2,6,SCAN_E,29,15030165245001765777,149.543249,148.686431885,3108047,24864640,11460272485891822101
GIST,normal,32,2,6,SCAN_E,28,306400533752808697,140.560972,140.134628296,1761206,14089912,4311259945711691617
GIST,normal,32,2,6,SCAN_E,27,161217794029549079,142.196476,141.699783325,2182868,17463208,7432664629535937393
GIST,normal,32,2,6,SCAN_E,26,13539082034095136927,141.776029,141.396835327,2155594,17245016,7730178244082419076
GIST,normal,32,2,6,SCAN_E,25,13585693668991832971,142.012756,141.632354736,2197302,17578680,8982031243984102036
GIST,normal,32,2,6,SCAN_E,24,1048821632111722058,144.640153,143.747680664,4259785,34078544,9280311628070390270
GIST,normal,32,2,6,SCAN_E,23,10851237028586424301,142.674654,142.229400635,2645002,21160280,3304780033708818550
GIST,normal,32,2,6,SCAN_E,22,5004653838559619408,135.709645,135.425247192,1845725,14766064,9529499450952538175
GIST,normal,32,2,6,SCAN_E,21,3486346971057125245,146.347859,145.987518311,2138711,17109952,13256168575553722433
GIST,normal,32,2,6,SCAN_E,20,10712815744133708220,138.140094,137.743774414,2379602,19037080,1216819175030584202
GIST,normal,32,2,6,SCAN_E,19,15820513675728183516,150.040976,149.338119507,3973968,31792008,11230564349234227270
GIST,normal,32,2,6,SCAN_E,18,10765395806018310607,135.340725,134.965026855,2475628,19805288,14807640492517529625
GIST,normal,32,2,6,SCAN_E,17,2222729423292320042,148.785633,148.309432983,2911727,23294080,3059061473224546221
GIST,normal,32,2,6,SCAN_E,16,8534462434835011887,132.031139,131.774780273,1697233,13578128,6024903317663417656
GIST,normal,32,2,6,SCAN_E,15,4980500077960720760,152.122689,151.480514526,3891788,31134568,13624498926202248858
GIST,normal,32,2,6,SCAN_E,14,3185229373934033660,142.517064,141.869949341,4050998,32408248,16306481823672273204
GIST,normal,32,2,6,SCAN_E,13,1075722662635840942,147.708995,147.30355835,2745996,21968232,11706420194861542692
GIST,normal,32,2,6,SCAN_E,12,13216066866632432715,139.362746,138.908737183,2850452,22803880,15605031087069409691
GIST,normal,32,2,6,SCAN_E,11,12325065973520304682,138.830166,138.500350952,2239153,17913488,17377941278973625787
GIST,normal,32,2,6,SCAN_E,10,5544530460631338786,143.729687,143.197509766,3295543,26364608,17878093470628574661
GIST,normal,32,2,6,SCAN_E,9,7601489796430488175,142.794082,142.336257935,3096503,24772288,17946186273402395945
GIST,normal,32,2,6,SCAN_E,8,15783018974750835728,141.304479,140.900192261,2730860,21847144,17191503963960995031
GIST,normal,32,2,6,SCAN_E,7,7872727791650862151,146.634558,146.097381592,3441257,27530320,3960905289531293895
GIST,normal,32,2,6,SCAN_E,6,4668807861364956970,143.690095,143.201766968,3307298,26458648,1468705982382421891
GIST,normal,32,2,6,SCAN_E,5,8419766857112927641,143.59769,143.196899414,2697131,21577312,7757972437201703674
GIST,normal,32,2,6,SCAN_E,4,9368830554395401223,139.855279,139.352478027,3202337,25618960,4786298188205109055
GIST,normal,32,2,6,SCAN_E,3,17322893638147462453,138.542942,138.192672729,2327757,18622320,1743148825730065402
GIST,normal,32,2,6,SCAN_E,2,9607284371048990950,136.655028,136.21232605,2799362,22395160,16676447429364366930
GIST,normal,32,2,6,SCAN_E,1,3085188792669438576,145.500964,144.97442627,3379768,27038408,16851617623926673672
GIST,normal,32,2,6,SCAN_E,0,13392786189952033124,145.136131,144.569381714,3674231,29394112,10008776713215810853
GIST,normal,32,2,6,C_ID_E,31,7995077726280952526,176.301534,175.79699707,1901390,15211384,13489681460054578542
GIST,normal,32,2,6,C_ID_E,30,14416838764258129161,189.959864,189.102462769,3435058,27480728,9522656153375933671
GIST,normal,32,2,6,C_ID_E,29,15030165245001765777,192.886063,192.180801392,3108047,24864640,11460272485891822101
GIST,normal,32,2,6,C_ID_E,28,306400533752808697,176.543966,176.169631958,1761206,14089912,4311259945711691617
GIST,normal,32,2,6,C_ID_E,27,161217794029549079,181.781704,181.348068237,2182868,17463208,7432664629535937393
GIST,normal,32,2,6,C_ID_E,26,13539082034095136927,182.290769,181.89642334,2155594,17245016,7730178244082419076
GIST,normal,32,2,6,C_ID_E,25,13585693668991832971,183.058793,182.670394897,2197302,17578680,8982031243984102036
GIST,normal,32,2,6,C_ID_E,24,1048821632111722058,183.719514,182.836639404,4259785,34078544,9280311628070390270
GIST,normal,32,2,6,C_ID_E,23,10851237028586424301,176.00062,175.554489136,2645002,21160280,3304780033708818550
GIST,normal,32,2,6,C_ID_E,22,5004653838559619408,170.932196,170.623550415,1845725,14766064,9529499450952538175
GIST,normal,32,2,6,C_ID_E,21,3486346971057125245,189.456897,189.096359253,2138711,17109952,13256168575553722433
GIST,normal,32,2,6,C_ID_E,20,10712815744133708220,177.289823,176.906585693,2379602,19037080,1216819175030584202
GIST,normal,32,2,6,C_ID_E,19,15820513675728183516,194.389403,193.68611145,3973968,31792008,11230564349234227270
GIST,normal,32,2,6,C_ID_E,18,10765395806018310607,173.297659,172.909820557,2475628,19805288,14807640492517529625
GIST,normal,32,2,6,C_ID_E,17,2222729423292320042,192.642038,192.060195923,2911727,23294080,3059061473224546221
GIST,normal,32,2,6,C_ID_E,16,8534462434835011887,165.962546,165.632644653,1697233,13578128,6024903317663417656
GIST,normal,32,2,6,C_ID_E,15,4980500077960720760,196.88016,196.105209351,3891788,31134568,13624498926202248858
GIST,normal,32,2,6,C_ID_E,14,3185229373934033660,182.075755,181.281112671,4050998,32408248,16306481823672273204
GIST,normal,32,2,6,C_ID_E,13,1075722662635840942,189.451619,188.965408325,2745996,21968232,11706420194861542692
GIST,normal,32,2,6,C_ID_E,12,13216066866632432715,174.135426,173.583847046,2850452,22803880,15605031087069409691
GIST,normal,32,2,6,C_ID_E,11,12325065973520304682,177.983164,177.582366943,2239153,17913488,17377941278973625787
GIST,normal,32,2,6,C_ID_E,10,5544530460631338786,184.315675,183.676254272,3295543,26364608,17878093470628574661
GIST,normal,32,2,6,C_ID_E,9,7601489796430488175,182.956353,182.37487793,3096503,24772288,17946186273402395945
GIST,normal,32,2,6,C_ID_E,8,15783018974750835728,181.403329,180.891418457,2730860,21847144,17191503963960995031
GIST,normal,32,2,6,C_ID_E,7,7872727791650862151,187.584064,186.913345337,3441257,27530320,3960905289531293895
GIST,normal,32,2,6,C_ID_E,6,4668807861364956970,184.754427,184.132354736,3307298,26458648,1468705982382421891
GIST,normal,32,2,6,C_ID_E,5,8419766857112927641,185.00931,184.503295898,2697131,21577312,7757972437201703674
GIST,normal,32,2,6,C_ID_E,4,9368830554395401223,176.660793,176.041122437,3202337,25618960,4786298188205109055
GIST,normal,32,2,6,C_ID_E,3,17322893638147462453,177.133973,176.69430542,2327757,18622320,1743148825730065402
GIST,normal,32,2,6,C_ID_E,2,9607284371048990950,171.134576,170.588607788,2799362,22395160,16676447429364366930
GIST,normal,32,2,6,C_ID_E,1,3085188792669438576,186.731621,186.078659058,3379768,27038408,16851617623926673672
GIST,normal,32,2,6,C_ID_E,0,13392786189952033124,186.782616,186.075546265,3674231,29394112,10008776713215810853
GIST,normal,32,2,6,C_MASK_E,31,7995077726280952526,136.824018,136.334976196,1901390,15211384,13489681460054578542
GIST,normal,32,2,6,C_MASK_E,30,14416838764258129161,146.802343,145.961380005,3435058,27480728,9522656153375933671
GIST,normal,32,2,6,C_MASK_E,29,15030165245001765777,148.6967,148.0027771,3108047,24864640,11460272485891822101
GIST,normal,32,2,6,C_MASK_E,28,306400533752808697,136.814046,136.440643311,1761206,14089912,4311259945711691617
GIST,normal,32,2,6,C_MASK_E,27,161217794029549079,140.917444,140.494842529,2182868,17463208,7432664629535937393
GIST,normal,32,2,6,C_MASK_E,26,13539082034095136927,141.042699,140.662719727,2155594,17245016,7730178244082419076
GIST,normal,32,2,6,C_MASK_E,25,13585693668991832971,141.752242,141.351715088,2197302,17578680,8982031243984102036
GIST,normal,32,2,6,C_MASK_E,24,1048821632111722058,143.449195,142.544677734,4259785,34078544,9280311628070390270
GIST,normal,32,2,6,C_MASK_E,23,10851237028586424301,137.123599,136.666809082,2645002,21160280,3304780033708818550
GIST,normal,32,2,6,C_MASK_E,22,5004653838559619408,133.08796,132.797088623,1845725,14766064,9529499450952538175
GIST,normal,32,2,6,C_MASK_E,21,3486346971057125245,146.162032,145.809799194,2138711,17109952,13256168575553722433
GIST,normal,32,2,6,C_MASK_E,20,10712815744133708220,137.705148,137.311294556,2379602,19037080,1216819175030584202
GIST,normal,32,2,6,C_MASK_E,19,15820513675728183516,149.948026,149.237792969,3973968,31792008,11230564349234227270
GIST,normal,32,2,6,C_MASK_E,18,10765395806018310607,134.642575,134.262527466,2475628,19805288,14807640492517529625
GIST,normal,32,2,6,C_MASK_E,17,2222729423292320042,148.32843,147.855224609,2911727,23294080,3059061473224546221
GIST,normal,32,2,6,C_MASK_E,16,8534462434835011887,129.854972,129.598464966,1697233,13578128,6024903317663417656
GIST,normal,32,2,6,C_MASK_E,15,4980500077960720760,152.003172,151.361114502,3891788,31134568,13624498926202248858
GIST,normal,32,2,6,C_MASK_E,14,3185229373934033660,140.97443,140.328735352,4050998,32408248,16306481823672273204
GIST,normal,32,2,6,C_MASK_E,13,1075722662635840942,146.343533,145.931335449,2745996,21968232,11706420194861542692
GIST,normal,32,2,6,C_MASK_E,12,13216066866632432715,135.457768,135.008224487,2850452,22803880,15605031087069409691
GIST,normal,32,2,6,C_MASK_E,11,12325065973520304682,138.284791,137.953857422,2239153,17913488,17377941278973625787
GIST,normal,32,2,6,C_MASK_E,10,5544530460631338786,143.024799,142.504638672,3295543,26364608,17878093470628574661
GIST,normal,32,2,6,C_MASK_E,9,7601489796430488175,142.023391,141.561859131,3096503,24772288,17946186273402395945
GIST,normal,32,2,6,C_MASK_E,8,15783018974750835728,140.603771,140.200195312,2730860,21847144,17191503963960995031
GIST,normal,32,2,6,C_MASK_E,7,7872727791650862151,144.961414,144.430206299,3441257,27530320,3960905289531293895
GIST,normal,32,2,6,C_MASK_E,6,4668807861364956970,142.696022,142.201629639,3307298,26458648,1468705982382421891
GIST,normal,32,2,6,C_MASK_E,5,8419766857112927641,143.05221,142.543045044,2697131,21577312,7757972437201703674
GIST,normal,32,2,6,C_MASK_E,4,9368830554395401223,137.451524,136.544540405,3202337,25618960,4786298188205109055
GIST,normal,32,2,6,C_MASK_E,3,17322893638147462453,137.181054,136.739135742,2327757,18622320,1743148825730065402
GIST,normal,32,2,6,C_MASK_E,2,9607284371048990950,133.314445,132.767166138,2799362,22395160,16676447429364366930
GIST,normal,32,2,6,C_MASK_E,1,3085188792669438576,144.728793,144.073379517,3379768,27038408,16851617623926673672
GIST,normal,32,2,6,C_MASK_E,0,13392786189952033124,144.719909,144.018371582,3674231,29394112,10008776713215810853
GIST,normal,32,2,6,C_TASK_E,31,7995077726280952526,136.070553,135.581954956,1901390,15211384,13489681460054578542
GIST,normal,32,2,6,C_TASK_E,30,14416838764258129161,145.761382,144.898727417,3435058,27480728,9522656153375933671
GIST,normal,32,2,6,C_TASK_E,29,15030165245001765777,147.866232,147.162017822,3108047,24864640,11460272485891822101
GIST,normal,32,2,6,C_TASK_E,28,306400533752808697,136.141197,135.776260376,1761206,14089912,4311259945711691617
GIST,normal,32,2,6,C_TASK_E,27,161217794029549079,140.089109,139.652603149,2182868,17463208,7432664629535937393
GIST,normal,32,2,6,C_TASK_E,26,13539082034095136927,140.22785,139.835617065,2155594,17245016,7730178244082419076
GIST,normal,32,2,6,C_TASK_E,25,13585693668991832971,140.836282,140.452926636,2197302,17578680,8982031243984102036
GIST,normal,32,2,6,C_TASK_E,24,1048821632111722058,142.273674,141.382873535,4259785,34078544,9280311628070390270
GIST,normal,32,2,6,C_TASK_E,23,10851237028586424301,136.098737,135.636962891,2645002,21160280,3304780033708818550
GIST,normal,32,2,6,C_TASK_E,22,5004653838559619408,132.299374,131.990875244,1845725,14766064,9529499450952538175
GIST,normal,32,2,6,C_TASK_E,21,3486346971057125245,145.363951,145.005569458,2138711,17109952,13256168575553722433
GIST,normal,32,2,6,C_TASK_E,20,10712815744133708220,136.772416,136.379577637,2379602,19037080,1216819175030584202
GIST,normal,32,2,6,C_TASK_E,19,15820513675728183516,149.085498,148.359329224,3973968,31792008,11230564349234227270
GIST,normal,32,2,6,C_TASK_E,18,10765395806018310607,133.956834,133.572647095,2475628,19805288,14807640492517529625
GIST,normal,32,2,6,C_TASK_E,17,2222729423292320042,147.519999,147.043960571,2911727,23294080,3059061473224546221
GIST,normal,32,2,6,C_TASK_E,16,8534462434835011887,128.993857,128.740447998,1697233,13578128,6024903317663417656
GIST,normal,32,2,6,C_TASK_E,15,4980500077960720760,150.919338,150.274688721,3891788,31134568,13624498926202248858
GIST,normal,32,2,6,C_TASK_E,14,3185229373934033660,140.213892,139.561889648,4050998,32408248,16306481823672273204
GIST,normal,32,2,6,C_TASK_E,13,1075722662635840942,145.537928,145.055801392,2745996,21968232,11706420194861542692
GIST,normal,32,2,6,C_TASK_E,12,13216066866632432715,134.71837,134.154785156,2850452,22803880,15605031087069409691
GIST,normal,32,2,6,C_TASK_E,11,12325065973520304682,137.357792,136.959640503,2239153,17913488,17377941278973625787
GIST,normal,32,2,6,C_TASK_E,10,5544530460631338786,142.377569,141.728805542,3295543,26364608,17878093470628574661
GIST,normal,32,2,6,C_TASK_E,9,7601489796430488175,141.309961,140.73260498,3096503,24772288,17946186273402395945
GIST,normal,32,2,6,C_TASK_E,8,15783018974750835728,139.800144,139.315963745,2730860,21847144,17191503963960995031
GIST,normal,32,2,6,C_TASK_E,7,7872727791650862151,144.042647,143.503265381,3441257,27530320,3960905289531293895
GIST,normal,32,2,6,C_TASK_E,6,4668807861364956970,141.846795,141.226150513,3307298,26458648,1468705982382421891
GIST,normal,32,2,6,C_TASK_E,5,8419766857112927641,142.285919,141.809341431,2697131,21577312,7757972437201703674
GIST,normal,32,2,6,C_TASK_E,4,9368830554395401223,136.716907,136.096099854,3202337,25618960,4786298188205109055
GIST,normal,32,2,6,C_TASK_E,3,17322893638147462453,136.318841,135.882492065,2327757,18622320,1743148825730065402
GIST,normal,32,2,6,C_TASK_E,2,9607284371048990950,132.474864,131.914749146,2799362,22395160,16676447429364366930
GIST,normal,32,2,6,C_TASK_E,1,3085188792669438576,143.96297,143.298553467,3379768,27038408,16851617623926673672
GIST,normal,32,2,6,C_TASK_E,0,13392786189952033124,143.770277,143.096984863,3674231,29394112,10008776713215810853
