case,process,order,variant,batch,sample,event_us,host_us
n65536_q32_r300,0,AB,A,1,0,239.007996,255.226
n65536_q32_r300,0,AB,A,1,1,234.784012,241.786
n65536_q32_r300,0,AB,A,1,2,233.664001,240.455
n65536_q32_r300,0,AB,A,1,3,234.080002,240.782
n65536_q32_r300,0,AB,A,1,4,234.047989,240.631
n65536_q32_r300,0,AB,A,1,5,236.159988,242.576
n65536_q32_r300,0,AB,A,1,6,234.975998,241.78
n65536_q32_r300,0,AB,A,1,7,234.304001,241.262
n65536_q32_r300,0,AB,A,1,8,235.967987,242.523
n65536_q32_r300,0,AB,A,1,9,233.855988,240.5
n65536_q32_r300,0,AB,A,1,10,233.983994,240.722
n65536_q32_r300,0,AB,A,1,11,233.472,240.052
n65536_q32_r300,0,AB,A,1,12,234.112,239.5
n65536_q32_r300,0,AB,A,1,13,235.615997,240.469
n65536_q32_r300,0,AB,A,1,14,234.911987,239.924
n65536_q32_r300,0,AB,A,1,15,235.456009,241.041
n65536_q32_r300,0,AB,A,1,16,234.080002,240.175
n65536_q32_r300,0,AB,A,1,17,234.464005,241.039
n65536_q32_r300,0,AB,A,1,18,234.528,240.776
n65536_q32_r300,0,AB,A,1,19,234.59201,241.138
n65536_q32_r300,0,AB,A,1,20,234.143997,240.662
n65536_q32_r300,0,AB,A,1,21,234.112,240.683
n65536_q32_r300,0,AB,A,1,22,234.23999,241.067
n65536_q32_r300,0,AB,A,1,23,235.712006,242.305
n65536_q32_r300,0,AB,A,1,24,235.967987,242.594
n65536_q32_r300,0,AB,A,1,25,234.112,240.638
n65536_q32_r300,0,AB,A,1,26,234.175995,240.77
n65536_q32_r300,0,AB,A,1,27,233.983994,240.727
n65536_q32_r300,0,AB,A,1,28,234.304001,240.575
n65536_q32_r300,0,AB,A,1,29,234.23999,240.737
n65536_q32_r300,0,AB,A,1,30,234.112,240.635
n65536_q32_r300,0,AB,A,1,31,234.143997,241.005
n65536_q32_r300,0,AB,A,1,32,233.600006,240.204
n65536_q32_r300,0,AB,A,1,33,234.016006,240.614
n65536_q32_r300,0,AB,A,1,34,234.047989,240.661
n65536_q32_r300,0,AB,A,1,35,234.112,240.917
n65536_q32_r300,0,AB,A,1,36,234.847992,241.397
n65536_q32_r300,0,AB,A,1,37,233.248001,239.838
n65536_q32_r300,0,AB,A,1,38,234.175995,240.737
n65536_q32_r300,0,AB,A,1,39,234.272003,241.01
n65536_q32_r300,0,AB,A,1,40,234.623993,241.279
n65536_q32_r300,0,AB,A,1,41,235.136002,241.632
n65536_q32_r300,0,AB,A,1,42,234.080002,240.646
n65536_q32_r300,0,AB,A,1,43,234.143997,241.038
n65536_q32_r300,0,AB,A,1,44,233.983994,241.28
n65536_q32_r300,0,AB,A,1,45,234.080002,240.631
n65536_q32_r300,0,AB,A,1,46,234.080002,240.765
n65536_q32_r300,0,AB,A,1,47,234.143997,241.038
n65536_q32_r300,0,AB,A,1,48,233.695999,240.287
n65536_q32_r300,0,AB,A,1,49,234.175995,240.837
n65536_q32_r300,0,AB,A,1,50,235.231995,241.882
n65536_q32_r300,0,AB,A,1,51,234.112,240.798
n65536_q32_r300,0,AB,A,1,52,233.919998,240.511
n65536_q32_r300,0,AB,A,1,53,234.143997,240.638
n65536_q32_r300,0,AB,A,1,54,234.175995,240.708
n65536_q32_r300,0,AB,A,1,55,233.951996,240.866
n65536_q32_r300,0,AB,A,1,56,234.047989,240.621
n65536_q32_r300,0,AB,A,1,57,234.047989,240.789
n65536_q32_r300,0,AB,A,1,58,234.175995,240.684
n65536_q32_r300,0,AB,A,1,59,233.311996,239.834
n65536_q32_r300,0,AB,A,1,60,234.911987,242.833
n65536_q32_r300,0,AB,A,1,61,234.815994,241.612
n65536_q32_r300,0,AB,A,1,62,234.208008,240.685
n65536_q32_r300,0,AB,A,1,63,234.047989,240.658
n65536_q32_r300,0,AB,A,1,64,234.175995,242.745
n65536_q32_r300,0,AB,A,1,65,236.095993,242.758
n65536_q32_r300,0,AB,A,1,66,235.231995,241.79
n65536_q32_r300,0,AB,A,1,67,235.199997,240.747
n65536_q32_r300,0,AB,A,1,68,234.367996,240.951
n65536_q32_r300,0,AB,A,1,69,233.919998,240.48
n65536_q32_r300,0,AB,A,1,70,234.208008,240.732
n65536_q32_r300,0,AB,A,1,71,234.272003,239.762
n65536_q32_r300,0,AB,A,1,72,237.216003,241.896
n65536_q32_r300,0,AB,A,1,73,232.768005,239.493
n65536_q32_r300,0,AB,A,1,74,234.751999,240.02
n65536_q32_r300,0,AB,A,1,75,234.847992,240.384
n65536_q32_r300,0,AB,A,1,76,234.400009,240.906
n65536_q32_r300,0,AB,A,1,77,236.0,242.617
n65536_q32_r300,0,AB,A,1,78,237.087997,243.522
n65536_q32_r300,0,AB,A,1,79,236.223999,242.79
n65536_q32_r300,0,AB,A,1,80,235.29599,241.985
n65536_q32_r300,0,AB,A,1,81,235.967987,242.687
n65536_q32_r300,0,AB,A,1,82,234.112,239.746
n65536_q32_r300,0,AB,A,1,83,235.039993,239.754
n65536_q32_r300,0,AB,A,1,84,235.072006,240.757
n65536_q32_r300,0,AB,A,1,85,233.983994,239.534
n65536_q32_r300,0,AB,A,1,86,235.103989,240.723
n65536_q32_r300,0,AB,A,1,87,234.047989,240.602
n65536_q32_r300,0,AB,A,1,88,234.112,242.999
n65536_q32_r300,0,AB,A,1,89,234.944,240.533
n65536_q32_r300,0,AB,A,1,90,234.112,239.75
n65536_q32_r300,0,AB,A,1,91,235.072006,239.764
n65536_q32_r300,0,AB,A,1,92,233.503998,240.511
n65536_q32_r300,0,AB,A,1,93,236.192001,242.832
n65536_q32_r300,0,AB,A,1,94,234.080002,240.555
n65536_q32_r300,0,AB,A,1,95,234.304001,240.755
n65536_q32_r300,0,AB,A,1,96,235.136002,240.8
n65536_q32_r300,0,AB,A,1,97,236.0,241.369
n65536_q32_r300,0,AB,A,1,98,235.29599,240.981
n65536_q32_r300,0,AB,A,1,99,237.023987,241.717
n65536_q32_r300,0,AB,A,64,0,231.60701,231.699469
n65536_q32_r300,0,AB,A,64,1,231.595001,231.703156
n65536_q32_r300,0,AB,A,64,2,231.633499,231.746
n65536_q32_r300,0,AB,A,64,3,231.610001,231.707094
n65536_q32_r300,0,AB,A,64,4,231.705994,231.800016
n65536_q32_r300,0,AB,A,64,5,231.645493,231.754891
n65536_q32_r300,0,AB,A,64,6,231.730499,231.843437
n65536_q32_r300,0,AB,A,64,7,231.652496,231.765672
n65536_q32_r300,0,AB,A,64,8,231.673492,231.775281
n65536_q32_r300,0,AB,A,64,9,231.667999,231.845687
n65536_q32_r300,0,AB,A,64,10,231.694992,231.802797
n65536_q32_r300,0,AB,A,64,11,231.696503,231.807687
n65536_q32_r300,0,AB,A,64,12,231.666504,231.7735
n65536_q32_r300,0,AB,A,64,13,231.778,231.886766
n65536_q32_r300,0,AB,A,64,14,231.667511,231.773594
n65536_q32_r300,0,AB,A,64,15,231.636002,231.742875
n65536_q32_r300,0,AB,A,64,16,231.699493,231.806734
n65536_q32_r300,0,AB,A,64,17,231.701004,231.809344
n65536_q32_r300,0,AB,A,64,18,231.710999,231.820437
n65536_q32_r300,0,AB,A,64,19,231.7005,231.790562
n65536_q32_r300,0,AB,B,1,0,214.367996,222.498
n65536_q32_r300,0,AB,B,1,1,213.632004,220.865
n65536_q32_r300,0,AB,B,1,2,212.479996,219.314
n65536_q32_r300,0,AB,B,1,3,213.440002,220.079
n65536_q32_r300,0,AB,B,1,4,212.416,218.971
n65536_q32_r300,0,AB,B,1,5,212.608002,219.166
n65536_q32_r300,0,AB,B,1,6,210.528,217.383
n65536_q32_r300,0,AB,B,1,7,217.216003,223.939
n65536_q32_r300,0,AB,B,1,8,214.720001,221.283
n65536_q32_r300,0,AB,B,1,9,212.512009,219.159
n65536_q32_r300,0,AB,B,1,10,210.591995,217.471
n65536_q32_r300,0,AB,B,1,11,214.080002,220.544
n65536_q32_r300,0,AB,B,1,12,212.639999,219.134
n65536_q32_r300,0,AB,B,1,13,214.591995,221.18
n65536_q32_r300,0,AB,B,1,14,215.455994,222.198
n65536_q32_r300,0,AB,B,1,15,212.576004,219.447
n65536_q32_r300,0,AB,B,1,16,212.992004,219.669
n65536_q32_r300,0,AB,B,1,17,214.783997,221.279
n65536_q32_r300,0,AB,B,1,18,214.591995,221.268
n65536_q32_r300,0,AB,B,1,19,212.543991,219.545
n65536_q32_r300,0,AB,B,1,20,213.024002,219.619
n65536_q32_r300,0,AB,B,1,21,212.543991,219.212
n65536_q32_r300,0,AB,B,1,22,212.479996,219.13
n65536_q32_r300,0,AB,B,1,23,212.639999,219.291
n65536_q32_r300,0,AB,B,1,24,216.671997,223.569
n65536_q32_r300,0,AB,B,1,25,212.031998,218.753
n65536_q32_r300,0,AB,B,1,26,212.512009,219.209
n65536_q32_r300,0,AB,B,1,27,212.447998,219.059
n65536_q32_r300,0,AB,B,1,28,214.240005,221.485
n65536_q32_r300,0,AB,B,1,29,215.296005,221.002
n65536_q32_r300,0,AB,B,1,30,213.503998,219.069
n65536_q32_r300,0,AB,B,1,31,214.688004,221.236
n65536_q32_r300,0,AB,B,1,32,212.608002,219.274
n65536_q32_r300,0,AB,B,1,33,214.528,221.428
n65536_q32_r300,0,AB,B,1,34,214.335999,221.096
n65536_q32_r300,0,AB,B,1,35,214.720001,221.115
n65536_q32_r300,0,AB,B,1,36,212.70401,219.226
n65536_q32_r300,0,AB,B,1,37,212.608002,222.947
n65536_q32_r300,0,AB,B,1,38,215.872009,222.598
n65536_q32_r300,0,AB,B,1,39,215.807999,222.295
n65536_q32_r300,0,AB,B,1,40,212.639999,219.271
n65536_q32_r300,0,AB,B,1,41,214.688004,221.267
n65536_q32_r300,0,AB,B,1,42,212.543991,219.36
n65536_q32_r300,0,AB,B,1,43,215.776001,222.002
n65536_q32_r300,0,AB,B,1,44,212.639999,219.16
n65536_q32_r300,0,AB,B,1,45,210.559998,216.461
n65536_q32_r300,0,AB,B,1,46,213.376007,219.487
n65536_q32_r300,0,AB,B,1,47,217.056,222.692
n65536_q32_r300,0,AB,B,1,48,214.559998,220.448
n65536_q32_r300,0,AB,B,1,49,213.376007,218.877
n65536_q32_r300,0,AB,B,1,50,211.584,218.27
n65536_q32_r300,0,AB,B,1,51,212.479996,219.194
n65536_q32_r300,0,AB,B,1,52,213.440002,220.138
n65536_q32_r300,0,AB,B,1,53,214.591995,221.186
n65536_q32_r300,0,AB,B,1,54,214.720001,221.274
n65536_q32_r300,0,AB,B,1,55,214.624008,221.288
n65536_q32_r300,0,AB,B,1,56,213.503998,220.195
n65536_q32_r300,0,AB,B,1,57,214.624008,221.304
n65536_q32_r300,0,AB,B,1,58,214.432007,221.075
n65536_q32_r300,0,AB,B,1,59,213.632004,220.167
n65536_q32_r300,0,AB,B,1,60,212.223999,219.453
n65536_q32_r300,0,AB,B,1,61,213.472,219.649
n65536_q32_r300,0,AB,B,1,62,213.119995,219.636
n65536_q32_r300,0,AB,B,1,63,215.519989,221.394
n65536_q32_r300,0,AB,B,1,64,217.535995,223.171
n65536_q32_r300,0,AB,B,1,65,212.70401,219.298
n65536_q32_r300,0,AB,B,1,66,215.391998,222.038
n65536_q32_r300,0,AB,B,1,67,212.576004,219.192
n65536_q32_r300,0,AB,B,1,68,214.591995,220.912
n65536_q32_r300,0,AB,B,1,69,215.936005,221.659
n65536_q32_r300,0,AB,B,1,70,214.240005,220.966
n65536_q32_r300,0,AB,B,1,71,212.639999,219.294
n65536_q32_r300,0,AB,B,1,72,214.655991,221.153
n65536_q32_r300,0,AB,B,1,73,216.479996,221.161
n65536_q32_r300,0,AB,B,1,74,215.519989,220.33
n65536_q32_r300,0,AB,B,1,75,214.272003,219.968
n65536_q32_r300,0,AB,B,1,76,212.671997,219.281
n65536_q32_r300,0,AB,B,1,77,214.528,221.225
n65536_q32_r300,0,AB,B,1,78,214.720001,221.446
n65536_q32_r300,0,AB,B,1,79,214.463989,221.126
n65536_q32_r300,0,AB,B,1,80,214.591995,221.191
n65536_q32_r300,0,AB,B,1,81,210.399994,217.193
n65536_q32_r300,0,AB,B,1,82,214.688004,221.209
n65536_q32_r300,0,AB,B,1,83,214.655991,221.445
n65536_q32_r300,0,AB,B,1,84,215.488007,222.064
n65536_q32_r300,0,AB,B,1,85,212.384003,219.121
n65536_q32_r300,0,AB,B,1,86,214.655991,221.227
n65536_q32_r300,0,AB,B,1,87,212.512009,219.366
n65536_q32_r300,0,AB,B,1,88,218.464005,225.153
n65536_q32_r300,0,AB,B,1,89,214.591995,221.216
n65536_q32_r300,0,AB,B,1,90,212.70401,219.253
n65536_q32_r300,0,AB,B,1,91,212.543991,219.281
n65536_q32_r300,0,AB,B,1,92,214.016006,221.213
n65536_q32_r300,0,AB,B,1,93,215.455994,222.192
n65536_q32_r300,0,AB,B,1,94,212.671997,219.171
n65536_q32_r300,0,AB,B,1,95,212.608002,219.168
n65536_q32_r300,0,AB,B,1,96,212.543991,219.289
n65536_q32_r300,0,AB,B,1,97,214.463989,221.168
n65536_q32_r300,0,AB,B,1,98,212.608002,219.198
n65536_q32_r300,0,AB,B,1,99,215.807999,222.37
n65536_q32_r300,0,AB,B,64,0,212.680496,212.786078
n65536_q32_r300,0,AB,B,64,1,212.592499,212.701578
n65536_q32_r300,0,AB,B,64,2,212.335999,212.445578
n65536_q32_r300,0,AB,B,64,3,212.686005,212.797
n65536_q32_r300,0,AB,B,64,4,212.64151,212.733656
n65536_q32_r300,0,AB,B,64,5,212.667999,212.760969
n65536_q32_r300,0,AB,B,64,6,212.524002,212.630453
n65536_q32_r300,0,AB,B,64,7,212.227493,212.319797
n65536_q32_r300,0,AB,B,64,8,212.655502,212.748672
n65536_q32_r300,0,AB,B,64,9,212.338501,212.448422
n65536_q32_r300,0,AB,B,64,10,212.334503,212.441906
n65536_q32_r300,0,AB,B,64,11,212.59549,212.701281
n65536_q32_r300,0,AB,B,64,12,212.175995,212.285516
n65536_q32_r300,0,AB,B,64,13,212.529495,212.639062
n65536_q32_r300,0,AB,B,64,14,212.1315,212.2375
n65536_q32_r300,0,AB,B,64,15,212.548492,212.653687
n65536_q32_r300,0,AB,B,64,16,212.244492,212.350656
n65536_q32_r300,0,AB,B,64,17,212.4655,212.573719
n65536_q32_r300,0,AB,B,64,18,212.189011,212.290094
n65536_q32_r300,0,AB,B,64,19,215.614502,215.698156
n65536_q32_r300,1,BA,B,1,0,218.335999,232.749
n65536_q32_r300,1,BA,B,1,1,212.096008,218.815
n65536_q32_r300,1,BA,B,1,2,209.727997,214.949
n65536_q32_r300,1,BA,B,1,3,213.472,218.146
n65536_q32_r300,1,BA,B,1,4,213.952011,218.491
n65536_q32_r300,1,BA,B,1,5,214.240005,218.872
n65536_q32_r300,1,BA,B,1,6,211.871994,217.252
n65536_q32_r300,1,BA,B,1,7,212.160004,218.227
n65536_q32_r300,1,BA,B,1,8,213.119995,218.919
n65536_q32_r300,1,BA,B,1,9,212.70401,219.045
n65536_q32_r300,1,BA,B,1,10,213.311996,219.783
n65536_q32_r300,1,BA,B,1,11,209.82399,216.224
n65536_q32_r300,1,BA,B,1,12,212.800003,219.394
n65536_q32_r300,1,BA,B,1,13,210.815994,217.293
n65536_q32_r300,1,BA,B,1,14,218.143997,223.547
n65536_q32_r300,1,BA,B,1,15,214.81601,220.198
n65536_q32_r300,1,BA,B,1,16,210.080002,216.206
n65536_q32_r300,1,BA,B,1,17,211.839996,218.284
n65536_q32_r300,1,BA,B,1,18,214.144012,220.451
n65536_q32_r300,1,BA,B,1,19,214.880005,221.178
n65536_q32_r300,1,BA,B,1,20,214.208008,220.342
n65536_q32_r300,1,BA,B,1,21,211.487991,219.251
n65536_q32_r300,1,BA,B,1,22,214.144012,220.42
n65536_q32_r300,1,BA,B,1,23,210.848007,217.343
n65536_q32_r300,1,BA,B,1,24,214.175995,220.314
n65536_q32_r300,1,BA,B,1,25,212.863998,219.435
n65536_q32_r300,1,BA,B,1,26,211.968002,218.485
n65536_q32_r300,1,BA,B,1,27,212.832001,219.255
n65536_q32_r300,1,BA,B,1,28,212.031998,218.155
n65536_q32_r300,1,BA,B,1,29,212.512009,219.276
n65536_q32_r300,1,BA,B,1,30,213.152008,218.975
n65536_q32_r300,1,BA,B,1,31,213.376007,219.745
n65536_q32_r300,1,BA,B,1,32,210.048004,216.48
n65536_q32_r300,1,BA,B,1,33,212.896011,219.255
n65536_q32_r300,1,BA,B,1,34,211.040009,217.338
n65536_q32_r300,1,BA,B,1,35,211.904007,218.312
n65536_q32_r300,1,BA,B,1,36,211.104004,217.527
n65536_q32_r300,1,BA,B,1,37,211.328003,217.947
n65536_q32_r300,1,BA,B,1,38,211.263992,216.311
n65536_q32_r300,1,BA,B,1,39,211.136002,217.24
n65536_q32_r300,1,BA,B,1,40,213.952011,219.287
n65536_q32_r300,1,BA,B,1,41,213.824005,220.431
n65536_q32_r300,1,BA,B,1,42,216.192001,222.384
n65536_q32_r300,1,BA,B,1,43,211.871994,218.187
n65536_q32_r300,1,BA,B,1,44,212.863998,219.319
n65536_q32_r300,1,BA,B,1,45,213.983994,220.565
n65536_q32_r300,1,BA,B,1,46,212.096008,218.271
n65536_q32_r300,1,BA,B,1,47,210.87999,217.262
n65536_q32_r300,1,BA,B,1,48,212.128006,218.351
n65536_q32_r300,1,BA,B,1,49,210.87999,217.259
n65536_q32_r300,1,BA,B,1,50,213.024002,219.539
n65536_q32_r300,1,BA,B,1,51,212.927994,219.329
n65536_q32_r300,1,BA,B,1,52,213.119995,219.44
n65536_q32_r300,1,BA,B,1,53,210.815994,216.338
n65536_q32_r300,1,BA,B,1,54,212.447998,221.646
n65536_q32_r300,1,BA,B,1,55,214.751999,221.157
n65536_q32_r300,1,BA,B,1,56,211.136002,217.244
n65536_q32_r300,1,BA,B,1,57,211.839996,218.295
n65536_q32_r300,1,BA,B,1,58,211.104004,217.402
n65536_q32_r300,1,BA,B,1,59,212.927994,219.403
n65536_q32_r300,1,BA,B,1,60,213.119995,219.328
n65536_q32_r300,1,BA,B,1,61,210.656006,217.346
n65536_q32_r300,1,BA,B,1,62,210.975998,217.29
n65536_q32_r300,1,BA,B,1,63,209.856003,216.358
n65536_q32_r300,1,BA,B,1,64,213.088013,219.396
n65536_q32_r300,1,BA,B,1,65,213.952011,220.203
n65536_q32_r300,1,BA,B,1,66,211.136002,216.257
n65536_q32_r300,1,BA,B,1,67,210.912003,216.086
n65536_q32_r300,1,BA,B,1,68,211.040009,217.562
n65536_q32_r300,1,BA,B,1,69,211.807999,217.246
n65536_q32_r300,1,BA,B,1,70,214.175995,218.381
n65536_q32_r300,1,BA,B,1,71,212.960007,218.312
n65536_q32_r300,1,BA,B,1,72,215.104004,221.432
n65536_q32_r300,1,BA,B,1,73,211.871994,218.375
n65536_q32_r300,1,BA,B,1,74,213.119995,219.351
n65536_q32_r300,1,BA,B,1,75,216.0,222.196
n65536_q32_r300,1,BA,B,1,76,212.639999,219.261
n65536_q32_r300,1,BA,B,1,77,210.815994,217.372
n65536_q32_r300,1,BA,B,1,78,214.048004,220.223
n65536_q32_r300,1,BA,B,1,79,212.960007,219.267
n65536_q32_r300,1,BA,B,1,80,213.119995,219.444
n65536_q32_r300,1,BA,B,1,81,212.896011,219.39
n65536_q32_r300,1,BA,B,1,82,216.031998,223.535
n65536_q32_r300,1,BA,B,1,83,217.087997,223.427
n65536_q32_r300,1,BA,B,1,84,214.112,220.26
n65536_q32_r300,1,BA,B,1,85,216.095993,221.525
n65536_q32_r300,1,BA,B,1,86,213.311996,219.444
n65536_q32_r300,1,BA,B,1,87,213.119995,219.326
n65536_q32_r300,1,BA,B,1,88,213.280014,218.819
n65536_q32_r300,1,BA,B,1,89,216.671997,221.543
n65536_q32_r300,1,BA,B,1,90,215.647995,222.048
n65536_q32_r300,1,BA,B,1,91,215.008011,221.455
n65536_q32_r300,1,BA,B,1,92,212.031998,218.096
n65536_q32_r300,1,BA,B,1,93,210.623993,217.226
n65536_q32_r300,1,BA,B,1,94,214.208008,219.535
n65536_q32_r300,1,BA,B,1,95,213.311996,218.47
n65536_q32_r300,1,BA,B,1,96,212.832001,217.24
n65536_q32_r300,1,BA,B,1,97,211.647995,217.303
n65536_q32_r300,1,BA,B,1,98,213.184006,219.247
n65536_q32_r300,1,BA,B,1,99,215.936005,222.481
n65536_q32_r300,1,BA,B,64,0,212.643509,212.725812
n65536_q32_r300,1,BA,B,64,1,212.901001,213.057844
n65536_q32_r300,1,BA,B,64,2,213.180008,213.364203
n65536_q32_r300,1,BA,B,64,3,212.979004,213.085969
n65536_q32_r300,1,BA,B,64,4,213.029999,213.135844
n65536_q32_r300,1,BA,B,64,5,213.119003,213.216844
n65536_q32_r300,1,BA,B,64,6,213.055511,213.161406
n65536_q32_r300,1,BA,B,64,7,213.199493,213.304328
n65536_q32_r300,1,BA,B,64,8,213.183502,213.280516
n65536_q32_r300,1,BA,B,64,9,212.910995,213.008312
n65536_q32_r300,1,BA,B,64,10,213.085495,213.184797
n65536_q32_r300,1,BA,B,64,11,213.072998,213.173
n65536_q32_r300,1,BA,B,64,12,213.242996,213.342781
n65536_q32_r300,1,BA,B,64,13,213.231003,213.332344
n65536_q32_r300,1,BA,B,64,14,212.698502,212.799078
n65536_q32_r300,1,BA,B,64,15,213.224503,213.330312
n65536_q32_r300,1,BA,B,64,16,213.101501,213.209328
n65536_q32_r300,1,BA,B,64,17,212.77951,212.877172
n65536_q32_r300,1,BA,B,64,18,213.087494,213.172188
n65536_q32_r300,1,BA,B,64,19,213.240997,213.312906
n65536_q32_r300,1,BA,A,1,0,240.031998,246.534
n65536_q32_r300,1,BA,A,1,1,234.431992,239.799
n65536_q32_r300,1,BA,A,1,2,234.623993,240.875
n65536_q32_r300,1,BA,A,1,3,234.751999,240.964
n65536_q32_r300,1,BA,A,1,4,235.29599,241.359
n65536_q32_r300,1,BA,A,1,5,234.656006,240.925
n65536_q32_r300,1,BA,A,1,6,233.632004,239.772
n65536_q32_r300,1,BA,A,1,7,234.59201,241.077
n65536_q32_r300,1,BA,A,1,8,234.496002,240.615
n65536_q32_r300,1,BA,A,1,9,235.615997,240.939
n65536_q32_r300,1,BA,A,1,10,234.623993,240.884
n65536_q32_r300,1,BA,A,1,11,234.559998,241.177
n65536_q32_r300,1,BA,A,1,12,233.408005,239.428
n65536_q32_r300,1,BA,A,1,13,234.464005,240.924
n65536_q32_r300,1,BA,A,1,14,234.59201,240.879
n65536_q32_r300,1,BA,A,1,15,234.656006,241.158
n65536_q32_r300,1,BA,A,1,16,233.503998,239.634
n65536_q32_r300,1,BA,A,1,17,234.367996,240.925
n65536_q32_r300,1,BA,A,1,18,234.656006,240.965
n65536_q32_r300,1,BA,A,1,19,234.559998,241.125
n65536_q32_r300,1,BA,A,1,20,234.880005,241.475
n65536_q32_r300,1,BA,A,1,21,234.59201,240.918
n65536_q32_r300,1,BA,A,1,22,234.623993,241.014
n65536_q32_r300,1,BA,A,1,23,234.59201,241.023
n65536_q32_r300,1,BA,A,1,24,234.496002,240.582
n65536_q32_r300,1,BA,A,1,25,234.688004,240.987
n65536_q32_r300,1,BA,A,1,26,234.559998,240.92
n65536_q32_r300,1,BA,A,1,27,234.656006,241.129
n65536_q32_r300,1,BA,A,1,28,233.408005,239.533
n65536_q32_r300,1,BA,A,1,29,234.656006,240.985
n65536_q32_r300,1,BA,A,1,30,234.464005,240.836
n65536_q32_r300,1,BA,A,1,31,234.656006,241.007
n65536_q32_r300,1,BA,A,1,32,233.472,240.049
n65536_q32_r300,1,BA,A,1,33,233.408005,239.596
n65536_q32_r300,1,BA,A,1,34,234.559998,240.917
n65536_q32_r300,1,BA,A,1,35,234.688004,240.974
n65536_q32_r300,1,BA,A,1,36,234.59201,241.214
n65536_q32_r300,1,BA,A,1,37,233.440002,239.48
n65536_q32_r300,1,BA,A,1,38,234.688004,240.939
n65536_q32_r300,1,BA,A,1,39,234.623993,240.987
n65536_q32_r300,1,BA,A,1,40,234.431992,241.057
n65536_q32_r300,1,BA,A,1,41,234.623993,240.157
n65536_q32_r300,1,BA,A,1,42,233.024002,239.439
n65536_q32_r300,1,BA,A,1,43,234.656006,240.929
n65536_q32_r300,1,BA,A,1,44,234.623993,241.125
n65536_q32_r300,1,BA,A,1,45,233.440002,239.525
n65536_q32_r300,1,BA,A,1,46,234.59201,240.888
n65536_q32_r300,1,BA,A,1,47,234.656006,241.032
n65536_q32_r300,1,BA,A,1,48,234.464005,241.027
n65536_q32_r300,1,BA,A,1,49,234.464005,240.675
n65536_q32_r300,1,BA,A,1,50,234.656006,241.023
n65536_q32_r300,1,BA,A,1,51,232.480011,238.96
n65536_q32_r300,1,BA,A,1,52,234.528,241.006
n65536_q32_r300,1,BA,A,1,53,235.360001,241.654
n65536_q32_r300,1,BA,A,1,54,234.59201,240.902
n65536_q32_r300,1,BA,A,1,55,234.59201,239.838
n65536_q32_r300,1,BA,A,1,56,234.656006,239.26
n65536_q32_r300,1,BA,A,1,57,236.159988,241.416
n65536_q32_r300,1,BA,A,1,58,234.623993,239.966
n65536_q32_r300,1,BA,A,1,59,234.720001,240.798
n65536_q32_r300,1,BA,A,1,60,234.559998,240.915
n65536_q32_r300,1,BA,A,1,61,234.656006,241.152
n65536_q32_r300,1,BA,A,1,62,234.623993,240.657
n65536_q32_r300,1,BA,A,1,63,234.656006,240.979
n65536_q32_r300,1,BA,A,1,64,234.528,240.983
n65536_q32_r300,1,BA,A,1,65,234.528,241.051
n65536_q32_r300,1,BA,A,1,66,234.623993,240.647
n65536_q32_r300,1,BA,A,1,67,234.623993,240.945
n65536_q32_r300,1,BA,A,1,68,234.656006,241.036
n65536_q32_r300,1,BA,A,1,69,234.656006,241.154
n65536_q32_r300,1,BA,A,1,70,234.559998,240.67
n65536_q32_r300,1,BA,A,1,71,234.623993,240.874
n65536_q32_r300,1,BA,A,1,72,234.59201,241.018
n65536_q32_r300,1,BA,A,1,73,234.784012,240.147
n65536_q32_r300,1,BA,A,1,74,233.375992,239.474
n65536_q32_r300,1,BA,A,1,75,232.800003,238.985
n65536_q32_r300,1,BA,A,1,76,234.784012,240.863
n65536_q32_r300,1,BA,A,1,77,234.656006,241.107
n65536_q32_r300,1,BA,A,1,78,233.472,239.667
n65536_q32_r300,1,BA,A,1,79,234.656006,239.988
n65536_q32_r300,1,BA,A,1,80,235.552002,239.974
n65536_q32_r300,1,BA,A,1,81,235.456009,240.147
n65536_q32_r300,1,BA,A,1,82,236.095993,240.537
n65536_q32_r300,1,BA,A,1,83,234.431992,239.779
n65536_q32_r300,1,BA,A,1,84,234.559998,240.922
n65536_q32_r300,1,BA,A,1,85,234.911987,241.206
n65536_q32_r300,1,BA,A,1,86,233.248001,239.49
n65536_q32_r300,1,BA,A,1,87,234.59201,240.823
n65536_q32_r300,1,BA,A,1,88,234.688004,241.01
n65536_q32_r300,1,BA,A,1,89,234.559998,240.857
n65536_q32_r300,1,BA,A,1,90,234.656006,241.147
n65536_q32_r300,1,BA,A,1,91,234.559998,240.681
n65536_q32_r300,1,BA,A,1,92,234.623993,240.91
n65536_q32_r300,1,BA,A,1,93,234.623993,240.937
n65536_q32_r300,1,BA,A,1,94,234.623993,241.128
n65536_q32_r300,1,BA,A,1,95,234.559998,240.575
n65536_q32_r300,1,BA,A,1,96,234.656006,240.939
n65536_q32_r300,1,BA,A,1,97,234.559998,240.976
n65536_q32_r300,1,BA,A,1,98,234.656006,241.25
n65536_q32_r300,1,BA,A,1,99,233.408005,239.588
n65536_q32_r300,1,BA,A,64,0,231.600998,231.701781
n65536_q32_r300,1,BA,A,64,1,231.630508,231.730125
n65536_q32_r300,1,BA,A,64,2,231.787506,231.887891
n65536_q32_r300,1,BA,A,64,3,231.647003,231.744422
n65536_q32_r300,1,BA,A,64,4,231.725006,231.823969
n65536_q32_r300,1,BA,A,64,5,231.755493,231.846219
n65536_q32_r300,1,BA,A,64,6,231.642502,231.741312
n65536_q32_r300,1,BA,A,64,7,231.744003,231.841312
n65536_q32_r300,1,BA,A,64,8,231.647995,231.746578
n65536_q32_r300,1,BA,A,64,9,231.7285,231.825469
n65536_q32_r300,1,BA,A,64,10,231.6465,231.745328
n65536_q32_r300,1,BA,A,64,11,231.583511,231.666141
n65536_q32_r300,1,BA,A,64,12,231.660507,231.747766
n65536_q32_r300,1,BA,A,64,13,231.709488,231.806297
n65536_q32_r300,1,BA,A,64,14,231.729004,231.825375
n65536_q32_r300,1,BA,A,64,15,231.632507,231.7305
n65536_q32_r300,1,BA,A,64,16,231.662491,231.762063
n65536_q32_r300,1,BA,A,64,17,231.582489,231.678547
n65536_q32_r300,1,BA,A,64,18,231.698013,231.796391
n65536_q32_r300,1,BA,A,64,19,231.616013,231.717953
n65536_q32_r300,2,AB,A,1,0,238.783997,252.59
n65536_q32_r300,2,AB,A,1,1,236.447998,242.812
n65536_q32_r300,2,AB,A,1,2,233.119995,239.484
n65536_q32_r300,2,AB,A,1,3,235.584,241.967
n65536_q32_r300,2,AB,A,1,4,235.199997,241.393
n65536_q32_r300,2,AB,A,1,5,235.520004,242.919
n65536_q32_r300,2,AB,A,1,6,235.584,241.851
n65536_q32_r300,2,AB,A,1,7,233.503998,239.974
n65536_q32_r300,2,AB,A,1,8,235.264008,241.296
n65536_q32_r300,2,AB,A,1,9,232.544006,238.905
n65536_q32_r300,2,AB,A,1,10,235.584,241.805
n65536_q32_r300,2,AB,A,1,11,232.480011,239.009
n65536_q32_r300,2,AB,A,1,12,232.672012,239.329
n65536_q32_r300,2,AB,A,1,13,235.520004,241.95
n65536_q32_r300,2,AB,A,1,14,234.59201,240.744
n65536_q32_r300,2,AB,A,1,15,234.623993,241.016
n65536_q32_r300,2,AB,A,1,16,234.528,240.869
n65536_q32_r300,2,AB,A,1,17,235.391998,240.879
n65536_q32_r300,2,AB,A,1,18,235.456009,240.959
n65536_q32_r300,2,AB,A,1,19,233.472,238.887
n65536_q32_r300,2,AB,A,1,20,234.272003,239.622
n65536_q32_r300,2,AB,A,1,21,232.544006,238.878
n65536_q32_r300,2,AB,A,1,22,234.623993,240.916
n65536_q32_r300,2,AB,A,1,23,235.64801,242.102
n65536_q32_r300,2,AB,A,1,24,235.584,241.745
n65536_q32_r300,2,AB,A,1,25,234.496002,240.869
n65536_q32_r300,2,AB,A,1,26,235.584,241.917
n65536_q32_r300,2,AB,A,1,27,232.576004,238.934
n65536_q32_r300,2,AB,A,1,28,233.311996,240.04
n65536_q32_r300,2,AB,A,1,29,235.615997,241.771
n65536_q32_r300,2,AB,A,1,30,232.511993,238.762
n65536_q32_r300,2,AB,A,1,31,234.623993,241.112
n65536_q32_r300,2,AB,A,1,32,234.431992,240.813
n65536_q32_r300,2,AB,A,1,33,235.552002,241.703
n65536_q32_r300,2,AB,A,1,34,232.576004,238.792
n65536_q32_r300,2,AB,A,1,35,234.59201,240.913
n65536_q32_r300,2,AB,A,1,36,233.567993,240.045
n65536_q32_r300,2,AB,A,1,37,232.447998,238.675
n65536_q32_r300,2,AB,A,1,38,234.656006,240.963
n65536_q32_r300,2,AB,A,1,39,232.576004,238.998
n65536_q32_r300,2,AB,A,1,40,233.567993,239.982
n65536_q32_r300,2,AB,A,1,41,234.59201,240.752
n65536_q32_r300,2,AB,A,1,42,235.584,241.856
n65536_q32_r300,2,AB,A,1,43,234.623993,241.098
n65536_q32_r300,2,AB,A,1,44,234.367996,240.922
n65536_q32_r300,2,AB,A,1,45,233.503998,239.782
n65536_q32_r300,2,AB,A,1,46,234.59201,240.831
n65536_q32_r300,2,AB,A,1,47,234.623993,241.093
n65536_q32_r300,2,AB,A,1,48,234.59201,240.901
n65536_q32_r300,2,AB,A,1,49,235.584,241.66
n65536_q32_r300,2,AB,A,1,50,232.576004,239.094
n65536_q32_r300,2,AB,A,1,51,234.528,240.852
n65536_q32_r300,2,AB,A,1,52,233.536011,239.939
n65536_q32_r300,2,AB,A,1,53,232.576004,238.768
n65536_q32_r300,2,AB,A,1,54,233.536011,239.973
n65536_q32_r300,2,AB,A,1,55,232.544006,238.74
n65536_q32_r300,2,AB,A,1,56,233.536011,239.899
n65536_q32_r300,2,AB,A,1,57,233.024002,242.116
n65536_q32_r300,2,AB,A,1,58,235.584,241.663
n65536_q32_r300,2,AB,A,1,59,232.480011,238.8
n65536_q32_r300,2,AB,A,1,60,234.528,240.943
n65536_q32_r300,2,AB,A,1,61,235.584,242.167
n65536_q32_r300,2,AB,A,1,62,234.656006,240.696
n65536_q32_r300,2,AB,A,1,63,233.567993,239.952
n65536_q32_r300,2,AB,A,1,64,232.544006,238.868
n65536_q32_r300,2,AB,A,1,65,234.559998,240.954
n65536_q32_r300,2,AB,A,1,66,232.608002,238.82
n65536_q32_r300,2,AB,A,1,67,234.528,240.881
n65536_q32_r300,2,AB,A,1,68,234.59201,240.979
n65536_q32_r300,2,AB,A,1,69,235.264008,241.738
n65536_q32_r300,2,AB,A,1,70,235.584,241.866
n65536_q32_r300,2,AB,A,1,71,232.511993,238.918
n65536_q32_r300,2,AB,A,1,72,235.615997,241.915
n65536_q32_r300,2,AB,A,1,73,234.559998,241.042
n65536_q32_r300,2,AB,A,1,74,235.584,241.775
n65536_q32_r300,2,AB,A,1,75,234.528,240.949
n65536_q32_r300,2,AB,A,1,76,234.496002,239.984
n65536_q32_r300,2,AB,A,1,77,236.639999,241.216
n65536_q32_r300,2,AB,A,1,78,234.143997,240.474
n65536_q32_r300,2,AB,A,1,79,233.567993,239.492
n65536_q32_r300,2,AB,A,1,80,232.639999,239.332
n65536_q32_r300,2,AB,A,1,81,234.623993,241.068
n65536_q32_r300,2,AB,A,1,82,234.623993,240.886
n65536_q32_r300,2,AB,A,1,83,234.528,240.935
n65536_q32_r300,2,AB,A,1,84,235.552002,241.991
n65536_q32_r300,2,AB,A,1,85,234.528,240.86
n65536_q32_r300,2,AB,A,1,86,235.584,242.032
n65536_q32_r300,2,AB,A,1,87,234.623993,240.974
n65536_q32_r300,2,AB,A,1,88,235.552002,241.922
n65536_q32_r300,2,AB,A,1,89,234.528,240.903
n65536_q32_r300,2,AB,A,1,90,235.615997,242.063
n65536_q32_r300,2,AB,A,1,91,234.59201,239.833
n65536_q32_r300,2,AB,A,1,92,236.287994,241.944
n65536_q32_r300,2,AB,A,1,93,235.552002,241.999
n65536_q32_r300,2,AB,A,1,94,234.688004,241.018
n65536_q32_r300,2,AB,A,1,95,235.744003,241.909
n65536_q32_r300,2,AB,A,1,96,235.807999,241.547
n65536_q32_r300,2,AB,A,1,97,235.072006,241.365
n65536_q32_r300,2,AB,A,1,98,234.559998,240.943
n65536_q32_r300,2,AB,A,1,99,235.64801,241.897
n65536_q32_r300,2,AB,A,64,0,231.631989,231.734672
n65536_q32_r300,2,AB,A,64,1,231.62851,231.729891
n65536_q32_r300,2,AB,A,64,2,231.626495,231.725016
n65536_q32_r300,2,AB,A,64,3,231.629501,231.731422
n65536_q32_r300,2,AB,A,64,4,231.791,231.893031
n65536_q32_r300,2,AB,A,64,5,231.893997,231.998156
n65536_q32_r300,2,AB,A,64,6,231.626495,231.728438
n65536_q32_r300,2,AB,A,64,7,231.66449,231.763906
n65536_q32_r300,2,AB,A,64,8,231.634491,231.745484
n65536_q32_r300,2,AB,A,64,9,231.613998,231.701156
n65536_q32_r300,2,AB,A,64,10,231.882492,231.967859
n65536_q32_r300,2,AB,A,64,11,231.790497,231.892328
n65536_q32_r300,2,AB,A,64,12,231.645493,231.747844
n65536_q32_r300,2,AB,A,64,13,231.869003,231.968016
n65536_q32_r300,2,AB,A,64,14,231.664993,231.762859
n65536_q32_r300,2,AB,A,64,15,231.680496,231.771859
n65536_q32_r300,2,AB,A,64,16,231.833496,231.929266
n65536_q32_r300,2,AB,A,64,17,231.726013,231.825359
n65536_q32_r300,2,AB,A,64,18,231.66301,231.765562
n65536_q32_r300,2,AB,A,64,19,231.707001,231.808016
n65536_q32_r300,2,AB,B,1,0,210.495987,218.518
n65536_q32_r300,2,AB,B,1,1,206.304001,212.592
n65536_q32_r300,2,AB,B,1,2,207.680008,213.926
n65536_q32_r300,2,AB,B,1,3,209.056,215.229
n65536_q32_r300,2,AB,B,1,4,207.968002,214.534
n65536_q32_r300,2,AB,B,1,5,207.519989,213.709
n65536_q32_r300,2,AB,B,1,6,212.031998,218.28
n65536_q32_r300,2,AB,B,1,7,211.071991,217.234
n65536_q32_r300,2,AB,B,1,8,211.007996,217.417
n65536_q32_r300,2,AB,B,1,9,206.847992,212.595
n65536_q32_r300,2,AB,B,1,10,207.552002,213.602
n65536_q32_r300,2,AB,B,1,11,208.76799,215.303
n65536_q32_r300,2,AB,B,1,12,206.81601,213.158
n65536_q32_r300,2,AB,B,1,13,210.015991,216.517
n65536_q32_r300,2,AB,B,1,14,205.535995,211.844
n65536_q32_r300,2,AB,B,1,15,207.936005,214.255
n65536_q32_r300,2,AB,B,1,16,210.87999,217.323
n65536_q32_r300,2,AB,B,1,17,207.903992,214.196
n65536_q32_r300,2,AB,B,1,18,206.847992,213.506
n65536_q32_r300,2,AB,B,1,19,207.776001,213.963
n65536_q32_r300,2,AB,B,1,20,208.928009,215.292
n65536_q32_r300,2,AB,B,1,21,206.944,213.295
n65536_q32_r300,2,AB,B,1,22,208.992004,215.573
n65536_q32_r300,2,AB,B,1,23,209.759995,216.019
n65536_q32_r300,2,AB,B,1,24,210.975998,217.29
n65536_q32_r300,2,AB,B,1,25,210.048004,216.342
n65536_q32_r300,2,AB,B,1,26,208.511993,215.206
n65536_q32_r300,2,AB,B,1,27,206.975998,213.414
n65536_q32_r300,2,AB,B,1,28,207.807999,213.9
n65536_q32_r300,2,AB,B,1,29,208.895996,215.22
n65536_q32_r300,2,AB,B,1,30,209.024002,215.33
n65536_q32_r300,2,AB,B,1,31,210.944,217.362
n65536_q32_r300,2,AB,B,1,32,212.031998,218.61
n65536_q32_r300,2,AB,B,1,33,211.839996,217.894
n65536_q32_r300,2,AB,B,1,34,207.936005,214.282
n65536_q32_r300,2,AB,B,1,35,208.959991,215.276
n65536_q32_r300,2,AB,B,1,36,210.048004,216.659
n65536_q32_r300,2,AB,B,1,37,207.680008,213.962
n65536_q32_r300,2,AB,B,1,38,207.968002,214.328
n65536_q32_r300,2,AB,B,1,39,208.992004,215.367
n65536_q32_r300,2,AB,B,1,40,208.959991,215.418
n65536_q32_r300,2,AB,B,1,41,212.0,218.584
n65536_q32_r300,2,AB,B,1,42,209.087997,215.421
n65536_q32_r300,2,AB,B,1,43,206.751999,213.274
n65536_q32_r300,2,AB,B,1,44,206.880005,213.216
n65536_q32_r300,2,AB,B,1,45,208.992004,215.652
n65536_q32_r300,2,AB,B,1,46,208.863998,215.042
n65536_q32_r300,2,AB,B,1,47,206.880005,213.3
n65536_q32_r300,2,AB,B,1,48,206.912003,213.212
n65536_q32_r300,2,AB,B,1,49,210.015991,216.174
n65536_q32_r300,2,AB,B,1,50,208.959991,215.611
n65536_q32_r300,2,AB,B,1,51,207.647995,213.825
n65536_q32_r300,2,AB,B,1,52,209.024002,215.369
n65536_q32_r300,2,AB,B,1,53,210.048004,215.428
n65536_q32_r300,2,AB,B,1,54,209.056,214.301
n65536_q32_r300,2,AB,B,1,55,210.87999,216.503
n65536_q32_r300,2,AB,B,1,56,209.727997,214.89
n65536_q32_r300,2,AB,B,1,57,223.455994,228.64
n65536_q32_r300,2,AB,B,1,58,221.151993,227.64
n65536_q32_r300,2,AB,B,1,59,223.231995,229.904
n65536_q32_r300,2,AB,B,1,60,222.143997,228.231
n65536_q32_r300,2,AB,B,1,61,223.327988,229.548
n65536_q32_r300,2,AB,B,1,62,218.080002,224.578
n65536_q32_r300,2,AB,B,1,63,212.992004,219.383
n65536_q32_r300,2,AB,B,1,64,216.031998,222.594
n65536_q32_r300,2,AB,B,1,65,212.031998,218.182
n65536_q32_r300,2,AB,B,1,66,215.968002,222.483
n65536_q32_r300,2,AB,B,1,67,217.216003,223.535
n65536_q32_r300,2,AB,B,1,68,213.024002,219.467
n65536_q32_r300,2,AB,B,1,69,213.056,219.381
n65536_q32_r300,2,AB,B,1,70,213.056,219.32
n65536_q32_r300,2,AB,B,1,71,213.024002,219.177
n65536_q32_r300,2,AB,B,1,72,213.599991,219.698
n65536_q32_r300,2,AB,B,1,73,215.136002,221.479
n65536_q32_r300,2,AB,B,1,74,213.119995,219.227
n65536_q32_r300,2,AB,B,1,75,216.959991,223.106
n65536_q32_r300,2,AB,B,1,76,214.240005,219.456
n65536_q32_r300,2,AB,B,1,77,217.184006,223.596
n65536_q32_r300,2,AB,B,1,78,211.007996,217.299
n65536_q32_r300,2,AB,B,1,79,214.016006,220.376
n65536_q32_r300,2,AB,B,1,80,212.992004,218.464
n65536_q32_r300,2,AB,B,1,81,213.919998,218.345
n65536_q32_r300,2,AB,B,1,82,214.016006,218.678
n65536_q32_r300,2,AB,B,1,83,213.535995,218.942
n65536_q32_r300,2,AB,B,1,84,211.040009,216.787
n65536_q32_r300,2,AB,B,1,85,213.76001,219.892
n65536_q32_r300,2,AB,B,1,86,215.008011,221.503
n65536_q32_r300,2,AB,B,1,87,214.112,220.287
n65536_q32_r300,2,AB,B,1,88,215.104004,221.398
n65536_q32_r300,2,AB,B,1,89,211.904007,218.307
n65536_q32_r300,2,AB,B,1,90,212.832001,219.309
n65536_q32_r300,2,AB,B,1,91,217.151993,223.683
n65536_q32_r300,2,AB,B,1,92,216.160004,222.43
n65536_q32_r300,2,AB,B,1,93,213.088013,219.355
n65536_q32_r300,2,AB,B,1,94,211.936005,218.43
n65536_q32_r300,2,AB,B,1,95,213.119995,219.422
n65536_q32_r300,2,AB,B,1,96,214.112,220.287
n65536_q32_r300,2,AB,B,1,97,213.088013,219.422
n65536_q32_r300,2,AB,B,1,98,213.056,219.414
n65536_q32_r300,2,AB,B,1,99,211.071991,217.533
n65536_q32_r300,2,AB,B,64,0,212.477997,212.563516
n65536_q32_r300,2,AB,B,64,1,213.177002,213.262109
n65536_q32_r300,2,AB,B,64,2,212.768997,212.866312
n65536_q32_r300,2,AB,B,64,3,212.957993,213.057516
n65536_q32_r300,2,AB,B,64,4,212.992996,213.092516
n65536_q32_r300,2,AB,B,64,5,212.866501,212.969562
n65536_q32_r300,2,AB,B,64,6,213.1035,213.201672
n65536_q32_r300,2,AB,B,64,7,212.749496,212.849344
n65536_q32_r300,2,AB,B,64,8,212.672989,212.772031
n65536_q32_r300,2,AB,B,64,9,213.437012,213.522484
n65536_q32_r300,2,AB,B,64,10,212.826508,212.901766
n65536_q32_r300,2,AB,B,64,11,212.709991,212.799297
n65536_q32_r300,2,AB,B,64,12,212.567993,212.670266
n65536_q32_r300,2,AB,B,64,13,212.910995,213.010531
n65536_q32_r300,2,AB,B,64,14,212.878006,212.980141
n65536_q32_r300,2,AB,B,64,15,212.759491,212.858672
n65536_q32_r300,2,AB,B,64,16,212.847992,212.946344
n65536_q32_r300,2,AB,B,64,17,212.785004,212.88125
n65536_q32_r300,2,AB,B,64,18,212.608505,212.707609
n65536_q32_r300,2,AB,B,64,19,212.759995,212.860031
n65536_q32_r300,3,BA,B,1,0,223.839996,241.833
n65536_q32_r300,3,BA,B,1,1,217.727997,225.475
n65536_q32_r300,3,BA,B,1,2,216.639999,224.019
n65536_q32_r300,3,BA,B,1,3,215.423996,222.56
n65536_q32_r300,3,BA,B,1,4,217.567993,224.72
n65536_q32_r300,3,BA,B,1,5,219.168015,226.233
n65536_q32_r300,3,BA,B,1,6,218.367996,225.23
n65536_q32_r300,3,BA,B,1,7,214.944,221.998
n65536_q32_r300,3,BA,B,1,8,215.519989,222.866
n65536_q32_r300,3,BA,B,1,9,214.080002,222.753
n65536_q32_r300,3,BA,B,1,10,221.535995,229.187
n65536_q32_r300,3,BA,B,1,11,215.391998,222.299
n65536_q32_r300,3,BA,B,1,12,215.807999,222.784
n65536_q32_r300,3,BA,B,1,13,214.783997,221.646
n65536_q32_r300,3,BA,B,1,14,214.688004,222.14
n65536_q32_r300,3,BA,B,1,15,218.399994,225.307
n65536_q32_r300,3,BA,B,1,16,213.248001,220.002
n65536_q32_r300,3,BA,B,1,17,211.776001,218.725
n65536_q32_r300,3,BA,B,1,18,212.608002,219.002
n65536_q32_r300,3,BA,B,1,19,215.488007,222.441
n65536_q32_r300,3,BA,B,1,20,217.024002,223.792
n65536_q32_r300,3,BA,B,1,21,216.928009,223.189
n65536_q32_r300,3,BA,B,1,22,212.70401,219.224
n65536_q32_r300,3,BA,B,1,23,212.447998,219.342
n65536_q32_r300,3,BA,B,1,24,215.296005,221.742
n65536_q32_r300,3,BA,B,1,25,214.655991,221.252
n65536_q32_r300,3,BA,B,1,26,214.688004,221.122
n65536_q32_r300,3,BA,B,1,27,212.416,219.176
n65536_q32_r300,3,BA,B,1,28,214.751999,221.372
n65536_q32_r300,3,BA,B,1,29,211.647995,218.821
n65536_q32_r300,3,BA,B,1,30,214.655991,221.124
n65536_q32_r300,3,BA,B,1,31,212.447998,219.13
n65536_q32_r300,3,BA,B,1,32,210.687988,217.397
n65536_q32_r300,3,BA,B,1,33,214.080002,220.706
n65536_q32_r300,3,BA,B,1,34,212.543991,219.16
n65536_q32_r300,3,BA,B,1,35,214.496002,221.189
n65536_q32_r300,3,BA,B,1,36,214.655991,221.113
n65536_q32_r300,3,BA,B,1,37,210.559998,217.414
n65536_q32_r300,3,BA,B,1,38,213.343994,219.778
n65536_q32_r300,3,BA,B,1,39,212.608002,219.244
n65536_q32_r300,3,BA,B,1,40,214.720001,221.172
n65536_q32_r300,3,BA,B,1,41,212.28801,219.277
n65536_q32_r300,3,BA,B,1,42,213.376007,219.874
n65536_q32_r300,3,BA,B,1,43,214.688004,221.271
n65536_q32_r300,3,BA,B,1,44,210.912003,216.194
n65536_q32_r300,3,BA,B,1,45,215.647995,221.227
n65536_q32_r300,3,BA,B,1,46,214.591995,221.369
n65536_q32_r300,3,BA,B,1,47,215.039993,220.666
n65536_q32_r300,3,BA,B,1,48,213.024002,219.447
n65536_q32_r300,3,BA,B,1,49,212.479996,219.056
n65536_q32_r300,3,BA,B,1,50,214.783997,221.543
n65536_q32_r300,3,BA,B,1,51,215.072006,221.797
n65536_q32_r300,3,BA,B,1,52,210.783997,217.19
n65536_q32_r300,3,BA,B,1,53,212.543991,219.195
n65536_q32_r300,3,BA,B,1,54,212.70401,219.251
n65536_q32_r300,3,BA,B,1,55,214.399994,221.343
n65536_q32_r300,3,BA,B,1,56,212.384003,218.887
n65536_q32_r300,3,BA,B,1,57,214.463989,221.103
n65536_q32_r300,3,BA,B,1,58,212.576004,219.068
n65536_q32_r300,3,BA,B,1,59,212.512009,219.341
n65536_q32_r300,3,BA,B,1,60,214.335999,220.827
n65536_q32_r300,3,BA,B,1,61,210.17601,217.217
n65536_q32_r300,3,BA,B,1,62,210.687988,216.472
n65536_q32_r300,3,BA,B,1,63,211.104004,216.917
n65536_q32_r300,3,BA,B,1,64,212.576004,218.117
n65536_q32_r300,3,BA,B,1,65,215.391998,220.953
n65536_q32_r300,3,BA,B,1,66,212.800003,219.125
n65536_q32_r300,3,BA,B,1,67,215.647995,221.131
n65536_q32_r300,3,BA,B,1,68,213.599991,221.447
n65536_q32_r300,3,BA,B,1,69,212.160004,218.797
n65536_q32_r300,3,BA,B,1,70,215.231995,223.17
n65536_q32_r300,3,BA,B,1,71,214.559998,220.231
n65536_q32_r300,3,BA,B,1,72,211.551987,216.117
n65536_q32_r300,3,BA,B,1,73,211.423996,216.133
n65536_q32_r300,3,BA,B,1,74,214.399994,218.956
n65536_q32_r300,3,BA,B,1,75,212.28801,219.187
n65536_q32_r300,3,BA,B,1,76,214.783997,221.102
n65536_q32_r300,3,BA,B,1,77,211.104004,217.008
n65536_q32_r300,3,BA,B,1,78,215.231995,221.302
n65536_q32_r300,3,BA,B,1,79,213.311996,220.0
n65536_q32_r300,3,BA,B,1,80,216.544006,222.913
n65536_q32_r300,3,BA,B,1,81,214.655991,220.274
n65536_q32_r300,3,BA,B,1,82,216.671997,223.327
n65536_q32_r300,3,BA,B,1,83,214.944,221.153
n65536_q32_r300,3,BA,B,1,84,214.720001,221.357
n65536_q32_r300,3,BA,B,1,85,215.231995,221.842
n65536_q32_r300,3,BA,B,1,86,214.912003,221.345
n65536_q32_r300,3,BA,B,1,87,211.455994,218.109
n65536_q32_r300,3,BA,B,1,88,214.655991,221.162
n65536_q32_r300,3,BA,B,1,89,211.455994,218.2
n65536_q32_r300,3,BA,B,1,90,214.751999,221.225
n65536_q32_r300,3,BA,B,1,91,214.528,221.353
n65536_q32_r300,3,BA,B,1,92,213.664001,220.083
n65536_q32_r300,3,BA,B,1,93,214.080002,221.224
n65536_q32_r300,3,BA,B,1,94,216.736008,223.162
n65536_q32_r300,3,BA,B,1,95,214.559998,221.131
n65536_q32_r300,3,BA,B,1,96,214.880005,221.351
n65536_q32_r300,3,BA,B,1,97,210.272003,216.978
n65536_q32_r300,3,BA,B,1,98,212.671997,219.091
n65536_q32_r300,3,BA,B,1,99,212.608002,219.229
n65536_q32_r300,3,BA,B,64,0,212.441498,212.548031
n65536_q32_r300,3,BA,B,64,1,212.102509,212.210734
n65536_q32_r300,3,BA,B,64,2,212.206497,212.314016
n65536_q32_r300,3,BA,B,64,3,212.387497,212.479187
n65536_q32_r300,3,BA,B,64,4,212.292007,212.383
n65536_q32_r300,3,BA,B,64,5,212.285995,212.386625
n65536_q32_r300,3,BA,B,64,6,212.365005,212.473391
n65536_q32_r300,3,BA,B,64,7,212.405502,212.510484
n65536_q32_r300,3,BA,B,64,8,212.242004,212.348578
n65536_q32_r300,3,BA,B,64,9,215.970001,216.0795
n65536_q32_r300,3,BA,B,64,10,212.335007,212.441328
n65536_q32_r300,3,BA,B,64,11,212.10701,212.218484
n65536_q32_r300,3,BA,B,64,12,212.447006,212.55725
n65536_q32_r300,3,BA,B,64,13,212.351501,212.461266
n65536_q32_r300,3,BA,B,64,14,212.229004,212.336109
n65536_q32_r300,3,BA,B,64,15,212.257507,212.363594
n65536_q32_r300,3,BA,B,64,16,212.434494,212.541969
n65536_q32_r300,3,BA,B,64,17,212.21199,212.303078
n65536_q32_r300,3,BA,B,64,18,212.3535,212.457703
n65536_q32_r300,3,BA,B,64,19,212.258499,212.369766
n65536_q32_r300,3,BA,A,1,0,236.800003,245.362
n65536_q32_r300,3,BA,A,1,1,235.167999,242.392
n65536_q32_r300,3,BA,A,1,2,235.456009,242.208
n65536_q32_r300,3,BA,A,1,3,233.888,239.518
n65536_q32_r300,3,BA,A,1,4,234.047989,240.721
n65536_q32_r300,3,BA,A,1,5,235.136002,241.814
n65536_q32_r300,3,BA,A,1,6,235.615997,242.17
n65536_q32_r300,3,BA,A,1,7,235.264008,241.756
n65536_q32_r300,3,BA,A,1,8,236.0,242.634
n65536_q32_r300,3,BA,A,1,9,233.951996,240.708
n65536_q32_r300,3,BA,A,1,10,235.64801,242.085
n65536_q32_r300,3,BA,A,1,11,236.128006,242.649
n65536_q32_r300,3,BA,A,1,12,235.199997,241.62
n65536_q32_r300,3,BA,A,1,13,235.231995,241.8
n65536_q32_r300,3,BA,A,1,14,233.919998,240.47
n65536_q32_r300,3,BA,A,1,15,235.167999,241.632
n65536_q32_r300,3,BA,A,1,16,235.231995,241.779
n65536_q32_r300,3,BA,A,1,17,235.264008,241.767
n65536_q32_r300,3,BA,A,1,18,235.103989,241.679
n65536_q32_r300,3,BA,A,1,19,236.063995,242.626
n65536_q32_r300,3,BA,A,1,20,235.871994,242.678
n65536_q32_r300,3,BA,A,1,21,236.063995,242.801
n65536_q32_r300,3,BA,A,1,22,235.967987,242.576
n65536_q32_r300,3,BA,A,1,23,235.199997,241.664
n65536_q32_r300,3,BA,A,1,24,235.231995,241.776
n65536_q32_r300,3,BA,A,1,25,235.328003,241.929
n65536_q32_r300,3,BA,A,1,26,233.919998,240.484
n65536_q32_r300,3,BA,A,1,27,235.231995,241.681
n65536_q32_r300,3,BA,A,1,28,235.231995,241.864
n65536_q32_r300,3,BA,A,1,29,235.967987,242.454
n65536_q32_r300,3,BA,A,1,30,235.167999,242.126
n65536_q32_r300,3,BA,A,1,31,235.64801,242.299
n65536_q32_r300,3,BA,A,1,32,235.231995,241.661
n65536_q32_r300,3,BA,A,1,33,235.199997,241.711
n65536_q32_r300,3,BA,A,1,34,235.136002,241.787
n65536_q32_r300,3,BA,A,1,35,235.231995,241.612
n65536_q32_r300,3,BA,A,1,36,235.29599,240.926
n65536_q32_r300,3,BA,A,1,37,233.951996,239.9
n65536_q32_r300,3,BA,A,1,38,236.639999,242.289
n65536_q32_r300,3,BA,A,1,39,235.199997,240.66
n65536_q32_r300,3,BA,A,1,40,236.287994,241.76
n65536_q32_r300,3,BA,A,1,41,235.231995,241.836
n65536_q32_r300,3,BA,A,1,42,235.360001,241.866
n65536_q32_r300,3,BA,A,1,43,235.807999,242.611
n65536_q32_r300,3,BA,A,1,44,235.967987,242.729
n65536_q32_r300,3,BA,A,1,45,236.031998,242.453
n65536_q32_r300,3,BA,A,1,46,235.231995,241.811
n65536_q32_r300,3,BA,A,1,47,236.031998,242.644
n65536_q32_r300,3,BA,A,1,48,235.29599,241.745
n65536_q32_r300,3,BA,A,1,49,235.231995,241.683
n65536_q32_r300,3,BA,A,1,50,235.328003,241.835
n65536_q32_r300,3,BA,A,1,51,233.824005,240.583
n65536_q32_r300,3,BA,A,1,52,234.208008,240.785
n65536_q32_r300,3,BA,A,1,53,236.416,241.81
n65536_q32_r300,3,BA,A,1,54,234.911987,240.674
n65536_q32_r300,3,BA,A,1,55,237.023987,242.509
n65536_q32_r300,3,BA,A,1,56,235.231995,240.852
n65536_q32_r300,3,BA,A,1,57,235.199997,241.793
n65536_q32_r300,3,BA,A,1,58,233.888,240.759
n65536_q32_r300,3,BA,A,1,59,235.264008,241.643
n65536_q32_r300,3,BA,A,1,60,235.328003,241.686
n65536_q32_r300,3,BA,A,1,61,235.328003,241.009
n65536_q32_r300,3,BA,A,1,62,234.784012,240.323
n65536_q32_r300,3,BA,A,1,63,239.23201,244.779
n65536_q32_r300,3,BA,A,1,64,236.063995,241.61
n65536_q32_r300,3,BA,A,1,65,235.199997,241.662
n65536_q32_r300,3,BA,A,1,66,235.807999,241.826
n65536_q32_r300,3,BA,A,1,67,235.136002,241.652
n65536_q32_r300,3,BA,A,1,68,234.016006,240.704
n65536_q32_r300,3,BA,A,1,69,233.983994,240.477
n65536_q32_r300,3,BA,A,1,70,234.112,240.694
n65536_q32_r300,3,BA,A,1,71,236.0,242.635
n65536_q32_r300,3,BA,A,1,72,235.103989,241.565
n65536_q32_r300,3,BA,A,1,73,234.335999,240.765
n65536_q32_r300,3,BA,A,1,74,235.29599,241.713
n65536_q32_r300,3,BA,A,1,75,235.423996,241.938
n65536_q32_r300,3,BA,A,1,76,235.136002,241.664
n65536_q32_r300,3,BA,A,1,77,234.208008,240.692
n65536_q32_r300,3,BA,A,1,78,234.112,240.562
n65536_q32_r300,3,BA,A,1,79,235.423996,241.829
n65536_q32_r300,3,BA,A,1,80,234.080002,240.611
n65536_q32_r300,3,BA,A,1,81,235.167999,241.6
n65536_q32_r300,3,BA,A,1,82,235.29599,241.772
n65536_q32_r300,3,BA,A,1,83,235.328003,241.815
n65536_q32_r300,3,BA,A,1,84,235.167999,241.687
n65536_q32_r300,3,BA,A,1,85,235.231995,241.716
n65536_q32_r300,3,BA,A,1,86,235.391998,241.816
n65536_q32_r300,3,BA,A,1,87,234.080002,240.807
n65536_q32_r300,3,BA,A,1,88,233.919998,240.582
n65536_q32_r300,3,BA,A,1,89,235.328003,241.854
n65536_q32_r300,3,BA,A,1,90,235.199997,241.668
n65536_q32_r300,3,BA,A,1,91,235.29599,241.925
n65536_q32_r300,3,BA,A,1,92,233.951996,240.581
n65536_q32_r300,3,BA,A,1,93,235.231995,241.695
n65536_q32_r300,3,BA,A,1,94,235.391998,241.773
n65536_q32_r300,3,BA,A,1,95,235.328003,241.811
n65536_q32_r300,3,BA,A,1,96,237.535995,243.903
n65536_q32_r300,3,BA,A,1,97,236.223999,242.657
n65536_q32_r300,3,BA,A,1,98,235.264008,241.732
n65536_q32_r300,3,BA,A,1,99,235.264008,241.646
n65536_q32_r300,3,BA,A,64,0,231.659988,231.763
n65536_q32_r300,3,BA,A,64,1,231.733505,231.839656
n65536_q32_r300,3,BA,A,64,2,231.757996,231.866375
n65536_q32_r300,3,BA,A,64,3,231.634003,231.741844
n65536_q32_r300,3,BA,A,64,4,231.602997,231.713234
n65536_q32_r300,3,BA,A,64,5,231.623505,231.73325
n65536_q32_r300,3,BA,A,64,6,231.730499,231.837312
n65536_q32_r300,3,BA,A,64,7,231.747498,231.853938
n65536_q32_r300,3,BA,A,64,8,231.682999,231.789484
n65536_q32_r300,3,BA,A,64,9,231.637497,231.743219
n65536_q32_r300,3,BA,A,64,10,231.733505,231.838469
n65536_q32_r300,3,BA,A,64,11,231.654999,231.762031
n65536_q32_r300,3,BA,A,64,12,231.666,231.780203
n65536_q32_r300,3,BA,A,64,13,231.679504,231.793766
n65536_q32_r300,3,BA,A,64,14,231.759506,231.869406
n65536_q32_r300,3,BA,A,64,15,231.667511,231.775828
n65536_q32_r300,3,BA,A,64,16,231.701004,231.806563
n65536_q32_r300,3,BA,A,64,17,231.667511,231.772312
n65536_q32_r300,3,BA,A,64,18,231.650497,231.758094
n65536_q32_r300,3,BA,A,64,19,231.63649,231.742859
n65536_q32_r300,4,AB,A,1,0,241.344009,259.648
n65536_q32_r300,4,AB,A,1,1,239.743988,246.981
n65536_q32_r300,4,AB,A,1,2,237.664001,244.856
n65536_q32_r300,4,AB,A,1,3,237.888,245.29
n65536_q32_r300,4,AB,A,1,4,237.82399,245.36
n65536_q32_r300,4,AB,A,1,5,237.376007,246.215
n65536_q32_r300,4,AB,A,1,6,238.143997,245.236
n65536_q32_r300,4,AB,A,1,7,236.831985,244.146
n65536_q32_r300,4,AB,A,1,8,236.992004,244.386
n65536_q32_r300,4,AB,A,1,9,237.408005,244.263
n65536_q32_r300,4,AB,A,1,10,236.895996,244.244
n65536_q32_r300,4,AB,A,1,11,236.992004,244.347
n65536_q32_r300,4,AB,A,1,12,236.608002,244.535
n65536_q32_r300,4,AB,A,1,13,238.304001,245.495
n65536_q32_r300,4,AB,A,1,14,236.576004,243.275
n65536_q32_r300,4,AB,A,1,15,236.35199,242.754
n65536_q32_r300,4,AB,A,1,16,235.264008,241.92
n65536_q32_r300,4,AB,A,1,17,235.871994,242.606
n65536_q32_r300,4,AB,A,1,18,235.615997,242.223
n65536_q32_r300,4,AB,A,1,19,236.192001,242.65
n65536_q32_r300,4,AB,A,1,20,236.255997,242.717
n65536_q32_r300,4,AB,A,1,21,235.136002,241.829
n65536_q32_r300,4,AB,A,1,22,236.192001,242.683
n65536_q32_r300,4,AB,A,1,23,237.503998,242.823
n65536_q32_r300,4,AB,A,1,24,236.031998,241.664
n65536_q32_r300,4,AB,A,1,25,235.967987,242.718
n65536_q32_r300,4,AB,A,1,26,236.735992,241.952
n65536_q32_r300,4,AB,A,1,27,235.007996,240.466
n65536_q32_r300,4,AB,A,1,28,235.64801,242.608
n65536_q32_r300,4,AB,A,1,29,236.159988,242.795
n65536_q32_r300,4,AB,A,1,30,235.103989,241.622
n65536_q32_r300,4,AB,A,1,31,235.936005,242.662
n65536_q32_r300,4,AB,A,1,32,235.264008,241.681
n65536_q32_r300,4,AB,A,1,33,236.223999,242.795
n65536_q32_r300,4,AB,A,1,34,236.223999,242.834
n65536_q32_r300,4,AB,A,1,35,236.192001,242.584
n65536_q32_r300,4,AB,A,1,36,236.35199,242.802
n65536_q32_r300,4,AB,A,1,37,235.167999,241.794
n65536_q32_r300,4,AB,A,1,38,241.279999,246.715
n65536_q32_r300,4,AB,A,1,39,235.007996,241.708
n65536_q32_r300,4,AB,A,1,40,236.192001,242.694
n65536_q32_r300,4,AB,A,1,41,236.479996,242.9
n65536_q32_r300,4,AB,A,1,42,236.192001,242.636
n65536_q32_r300,4,AB,A,1,43,235.167999,240.783
n65536_q32_r300,4,AB,A,1,44,234.656006,239.724
n65536_q32_r300,4,AB,A,1,45,236.063995,242.795
n65536_q32_r300,4,AB,A,1,46,236.192001,242.596
n65536_q32_r300,4,AB,A,1,47,236.287994,241.91
n65536_q32_r300,4,AB,A,1,48,236.159988,240.737
n65536_q32_r300,4,AB,A,1,49,237.216003,241.795
n65536_q32_r300,4,AB,A,1,50,236.192001,240.755
n65536_q32_r300,4,AB,A,1,51,237.311996,242.77
n65536_q32_r300,4,AB,A,1,52,236.223999,242.684
n65536_q32_r300,4,AB,A,1,53,235.807999,241.821
n65536_q32_r300,4,AB,A,1,54,236.223999,242.76
n65536_q32_r300,4,AB,A,1,55,235.167999,241.654
n65536_q32_r300,4,AB,A,1,56,236.512009,242.918
n65536_q32_r300,4,AB,A,1,57,235.264008,241.626
n65536_q32_r300,4,AB,A,1,58,236.223999,242.867
n65536_q32_r300,4,AB,A,1,59,235.103989,241.64
n65536_q32_r300,4,AB,A,1,60,235.744003,242.706
n65536_q32_r300,4,AB,A,1,61,236.255997,242.773
n65536_q32_r300,4,AB,A,1,62,235.328003,241.897
n65536_q32_r300,4,AB,A,1,63,236.223999,242.61
n65536_q32_r300,4,AB,A,1,64,235.360001,241.763
n65536_q32_r300,4,AB,A,1,65,236.35199,242.721
n65536_q32_r300,4,AB,A,1,66,235.29599,241.801
n65536_q32_r300,4,AB,A,1,67,236.095993,242.549
n65536_q32_r300,4,AB,A,1,68,236.287994,242.733
n65536_q32_r300,4,AB,A,1,69,235.328003,241.71
n65536_q32_r300,4,AB,A,1,70,236.320007,242.936
n65536_q32_r300,4,AB,A,1,71,235.967987,242.536
n65536_q32_r300,4,AB,A,1,72,236.416,242.762
n65536_q32_r300,4,AB,A,1,73,236.416,242.813
n65536_q32_r300,4,AB,A,1,74,236.35199,242.896
n65536_q32_r300,4,AB,A,1,75,235.199997,241.673
n65536_q32_r300,4,AB,A,1,76,234.815994,241.791
n65536_q32_r300,4,AB,A,1,77,236.479996,242.892
n65536_q32_r300,4,AB,A,1,78,235.936005,243.898
n65536_q32_r300,4,AB,A,1,79,236.128006,242.621
n65536_q32_r300,4,AB,A,1,80,235.328003,241.764
n65536_q32_r300,4,AB,A,1,81,236.384003,242.806
n65536_q32_r300,4,AB,A,1,82,235.423996,241.848
n65536_q32_r300,4,AB,A,1,83,236.159988,242.653
n65536_q32_r300,4,AB,A,1,84,236.320007,242.768
n65536_q32_r300,4,AB,A,1,85,235.29599,241.783
n65536_q32_r300,4,AB,A,1,86,236.35199,243.023
n65536_q32_r300,4,AB,A,1,87,235.007996,241.512
n65536_q32_r300,4,AB,A,1,88,236.384003,242.801
n65536_q32_r300,4,AB,A,1,89,235.264008,241.734
n65536_q32_r300,4,AB,A,1,90,236.287994,242.762
n65536_q32_r300,4,AB,A,1,91,235.167999,241.808
n65536_q32_r300,4,AB,A,1,92,234.751999,241.661
n65536_q32_r300,4,AB,A,1,93,236.255997,242.688
n65536_q32_r300,4,AB,A,1,94,235.391998,241.916
n65536_q32_r300,4,AB,A,1,95,236.479996,242.904
n65536_q32_r300,4,AB,A,1,96,237.503998,243.741
n65536_q32_r300,4,AB,A,1,97,236.255997,242.737
n65536_q32_r300,4,AB,A,1,98,235.199997,241.692
n65536_q32_r300,4,AB,A,1,99,236.35199,242.999
n65536_q32_r300,4,AB,A,64,0,231.60849,231.714078
n65536_q32_r300,4,AB,A,64,1,231.697495,231.804359
n65536_q32_r300,4,AB,A,64,2,231.667999,231.773
n65536_q32_r300,4,AB,A,64,3,231.765488,231.87175
n65536_q32_r300,4,AB,A,64,4,231.667511,231.777703
n65536_q32_r300,4,AB,A,64,5,231.870987,231.976969
n65536_q32_r300,4,AB,A,64,6,231.733505,231.840859
n65536_q32_r300,4,AB,A,64,7,231.635498,231.741516
n65536_q32_r300,4,AB,A,64,8,231.66301,231.777359
n65536_q32_r300,4,AB,A,64,9,231.766998,231.881031
n65536_q32_r300,4,AB,A,64,10,231.76799,231.884625
n65536_q32_r300,4,AB,A,64,11,231.599487,231.708313
n65536_q32_r300,4,AB,A,64,12,231.712997,231.817438
n65536_q32_r300,4,AB,A,64,13,231.653503,231.746156
n65536_q32_r300,4,AB,A,64,14,231.664993,231.75575
n65536_q32_r300,4,AB,A,64,15,231.586502,231.692187
n65536_q32_r300,4,AB,A,64,16,231.639511,231.746594
n65536_q32_r300,4,AB,A,64,17,231.617493,231.726734
n65536_q32_r300,4,AB,A,64,18,231.714508,231.821641
n65536_q32_r300,4,AB,A,64,19,231.680496,231.788672
n65536_q32_r300,4,AB,B,1,0,210.656006,218.983
n65536_q32_r300,4,AB,B,1,1,207.519989,214.116
n65536_q32_r300,4,AB,B,1,2,205.983994,212.731
n65536_q32_r300,4,AB,B,1,3,210.335999,216.969
n65536_q32_r300,4,AB,B,1,4,210.559998,217.437
n65536_q32_r300,4,AB,B,1,5,213.184006,219.682
n65536_q32_r300,4,AB,B,1,6,208.416,214.977
n65536_q32_r300,4,AB,B,1,7,210.687988,217.107
n65536_q32_r300,4,AB,B,1,8,208.447998,215.099
n65536_q32_r300,4,AB,B,1,9,206.496002,213.188
n65536_q32_r300,4,AB,B,1,10,211.136002,217.568
n65536_q32_r300,4,AB,B,1,11,208.031998,214.935
n65536_q32_r300,4,AB,B,1,12,208.639999,214.976
n65536_q32_r300,4,AB,B,1,13,208.511993,215.315
n65536_q32_r300,4,AB,B,1,14,208.863998,215.627
n65536_q32_r300,4,AB,B,1,15,208.639999,215.155
n65536_q32_r300,4,AB,B,1,16,208.671997,215.148
n65536_q32_r300,4,AB,B,1,17,208.575989,215.119
n65536_q32_r300,4,AB,B,1,18,210.687988,217.356
n65536_q32_r300,4,AB,B,1,19,208.256012,214.73
n65536_q32_r300,4,AB,B,1,20,210.656006,216.261
n65536_q32_r300,4,AB,B,1,21,209.376007,213.91
n65536_q32_r300,4,AB,B,1,22,209.376007,214.948
n65536_q32_r300,4,AB,B,1,23,211.615997,216.346
n65536_q32_r300,4,AB,B,1,24,212.160004,217.706
n65536_q32_r300,4,AB,B,1,25,209.087997,215.012
n65536_q32_r300,4,AB,B,1,26,208.671997,215.066
n65536_q32_r300,4,AB,B,1,27,208.384003,214.388
n65536_q32_r300,4,AB,B,1,28,209.984009,216.479
n65536_q32_r300,4,AB,B,1,29,208.736008,215.238
n65536_q32_r300,4,AB,B,1,30,209.695999,216.142
n65536_q32_r300,4,AB,B,1,31,212.735992,219.343
n65536_q32_r300,4,AB,B,1,32,209.792007,216.382
n65536_q32_r300,4,AB,B,1,33,213.311996,219.742
n65536_q32_r300,4,AB,B,1,34,210.783997,217.133
n65536_q32_r300,4,AB,B,1,35,208.608002,215.111
n65536_q32_r300,4,AB,B,1,36,208.544006,215.169
n65536_q32_r300,4,AB,B,1,37,210.272003,216.666
n65536_q32_r300,4,AB,B,1,38,210.687988,217.149
n65536_q32_r300,4,AB,B,1,39,206.688004,213.121
n65536_q32_r300,4,AB,B,1,40,208.608002,215.044
n65536_q32_r300,4,AB,B,1,41,210.656006,217.38
n65536_q32_r300,4,AB,B,1,42,210.272003,216.721
n65536_q32_r300,4,AB,B,1,43,208.76799,215.116
n65536_q32_r300,4,AB,B,1,44,208.736008,215.067
n65536_q32_r300,4,AB,B,1,45,211.807999,218.258
n65536_q32_r300,4,AB,B,1,46,209.600006,216.17
n65536_q32_r300,4,AB,B,1,47,208.287994,214.699
n65536_q32_r300,4,AB,B,1,48,210.656006,217.214
n65536_q32_r300,4,AB,B,1,49,208.608002,215.019
n65536_q32_r300,4,AB,B,1,50,208.608002,215.453
n65536_q32_r300,4,AB,B,1,51,208.160004,214.751
n65536_q32_r300,4,AB,B,1,52,206.624008,213.02
n65536_q32_r300,4,AB,B,1,53,210.751999,217.251
n65536_q32_r300,4,AB,B,1,54,208.608002,215.019
n65536_q32_r300,4,AB,B,1,55,208.800003,215.443
n65536_q32_r300,4,AB,B,1,56,208.256012,214.714
n65536_q32_r300,4,AB,B,1,57,209.727997,216.107
n65536_q32_r300,4,AB,B,1,58,210.687988,217.122
n65536_q32_r300,4,AB,B,1,59,207.519989,214.257
n65536_q32_r300,4,AB,B,1,60,209.792007,216.63
n65536_q32_r300,4,AB,B,1,61,208.703995,215.138
n65536_q32_r300,4,AB,B,1,62,206.624008,213.048
n65536_q32_r300,4,AB,B,1,63,206.624008,213.173
n65536_q32_r300,4,AB,B,1,64,207.839996,214.291
n65536_q32_r300,4,AB,B,1,65,212.608002,219.15
n65536_q32_r300,4,AB,B,1,66,208.511993,215.011
n65536_q32_r300,4,AB,B,1,67,208.544006,215.035
n65536_q32_r300,4,AB,B,1,68,206.591995,213.026
n65536_q32_r300,4,AB,B,1,69,208.736008,215.345
n65536_q32_r300,4,AB,B,1,70,210.559998,216.945
n65536_q32_r300,4,AB,B,1,71,208.671997,215.244
n65536_q32_r300,4,AB,B,1,72,208.608002,215.121
n65536_q32_r300,4,AB,B,1,73,208.671997,215.323
n65536_q32_r300,4,AB,B,1,74,210.431992,216.906
n65536_q32_r300,4,AB,B,1,75,207.807999,213.993
n65536_q32_r300,4,AB,B,1,76,208.76799,215.122
n65536_q32_r300,4,AB,B,1,77,208.544006,214.997
n65536_q32_r300,4,AB,B,1,78,208.671997,215.223
n65536_q32_r300,4,AB,B,1,79,208.479996,214.901
n65536_q32_r300,4,AB,B,1,80,208.511993,215.122
n65536_q32_r300,4,AB,B,1,81,212.70401,219.061
n65536_q32_r300,4,AB,B,1,82,210.720001,217.064
n65536_q32_r300,4,AB,B,1,83,212.863998,219.144
n65536_q32_r300,4,AB,B,1,84,208.671997,215.039
n65536_q32_r300,4,AB,B,1,85,206.624008,212.154
n65536_q32_r300,4,AB,B,1,86,208.479996,214.149
n65536_q32_r300,4,AB,B,1,87,214.720001,220.296
n65536_q32_r300,4,AB,B,1,88,211.455994,216.96
n65536_q32_r300,4,AB,B,1,89,216.863998,223.416
n65536_q32_r300,4,AB,B,1,90,221.824005,227.229
n65536_q32_r300,4,AB,B,1,91,221.919998,228.429
n65536_q32_r300,4,AB,B,1,92,222.463989,229.567
n65536_q32_r300,4,AB,B,1,93,223.008011,229.37
n65536_q32_r300,4,AB,B,1,94,220.768005,227.273
n65536_q32_r300,4,AB,B,1,95,214.847992,221.336
n65536_q32_r300,4,AB,B,1,96,212.576004,219.225
n65536_q32_r300,4,AB,B,1,97,216.671997,222.171
n65536_q32_r300,4,AB,B,1,98,217.535995,223.083
n65536_q32_r300,4,AB,B,1,99,214.81601,221.224
n65536_q32_r300,4,AB,B,64,0,212.617508,212.723187
n65536_q32_r300,4,AB,B,64,1,212.527008,212.634203
n65536_q32_r300,4,AB,B,64,2,212.547501,212.653766
n65536_q32_r300,4,AB,B,64,3,212.337494,212.444813
n65536_q32_r300,4,AB,B,64,4,212.496506,212.602047
n65536_q32_r300,4,AB,B,64,5,212.616989,212.723047
n65536_q32_r300,4,AB,B,64,6,212.259995,212.365828
n65536_q32_r300,4,AB,B,64,7,212.516495,212.608406
n65536_q32_r300,4,AB,B,64,8,212.321503,212.428266
n65536_q32_r300,4,AB,B,64,9,212.3535,212.461781
n65536_q32_r300,4,AB,B,64,10,212.276993,212.383125
n65536_q32_r300,4,AB,B,64,11,212.432999,212.524078
n65536_q32_r300,4,AB,B,64,12,212.210999,212.286703
n65536_q32_r300,4,AB,B,64,13,212.739502,212.829719
n65536_q32_r300,4,AB,B,64,14,212.6595,212.765141
n65536_q32_r300,4,AB,B,64,15,212.468994,212.573625
n65536_q32_r300,4,AB,B,64,16,212.744507,212.848688
n65536_q32_r300,4,AB,B,64,17,212.388504,212.49325
n65536_q32_r300,4,AB,B,64,18,212.293503,212.401328
n65536_q32_r300,4,AB,B,64,19,212.335495,212.441797
n65536_q32_r300,5,BA,B,1,0,218.720001,234.909
n65536_q32_r300,5,BA,B,1,1,212.800003,220.069
n65536_q32_r300,5,BA,B,1,2,213.791992,220.558
n65536_q32_r300,5,BA,B,1,3,214.432007,221.233
n65536_q32_r300,5,BA,B,1,4,215.136002,221.75
n65536_q32_r300,5,BA,B,1,5,212.320007,218.97
n65536_q32_r300,5,BA,B,1,6,215.200012,221.612
n65536_q32_r300,5,BA,B,1,7,210.528,217.03
n65536_q32_r300,5,BA,B,1,8,221.664001,228.114
n65536_q32_r300,5,BA,B,1,9,214.591995,221.164
n65536_q32_r300,5,BA,B,1,10,212.543991,219.047
n65536_q32_r300,5,BA,B,1,11,214.080002,220.865
n65536_q32_r300,5,BA,B,1,12,214.208008,221.277
n65536_q32_r300,5,BA,B,1,13,215.423996,220.995
n65536_q32_r300,5,BA,B,1,14,213.472,219.142
n65536_q32_r300,5,BA,B,1,15,213.248001,218.112
n65536_q32_r300,5,BA,B,1,16,216.383987,221.017
n65536_q32_r300,5,BA,B,1,17,219.456009,224.275
n65536_q32_r300,5,BA,B,1,18,214.432007,220.032
n65536_q32_r300,5,BA,B,1,19,214.304001,219.036
n65536_q32_r300,5,BA,B,1,20,213.568008,218.125
n65536_q32_r300,5,BA,B,1,21,215.968002,222.327
n65536_q32_r300,5,BA,B,1,22,213.40799,218.919
n65536_q32_r300,5,BA,B,1,23,214.591995,221.056
n65536_q32_r300,5,BA,B,1,24,214.751999,221.235
n65536_q32_r300,5,BA,B,1,25,212.576004,219.094
n65536_q32_r300,5,BA,B,1,26,212.70401,219.17
n65536_q32_r300,5,BA,B,1,27,214.208008,221.034
n65536_q32_r300,5,BA,B,1,28,214.655991,220.169
n65536_q32_r300,5,BA,B,1,29,213.280014,218.128
n65536_q32_r300,5,BA,B,1,30,213.503998,218.19
n65536_q32_r300,5,BA,B,1,31,213.184006,218.809
n65536_q32_r300,5,BA,B,1,32,212.671997,219.085
n65536_q32_r300,5,BA,B,1,33,218.656006,224.259
n65536_q32_r300,5,BA,B,1,34,212.800003,219.135
n65536_q32_r300,5,BA,B,1,35,212.639999,219.224
n65536_q32_r300,5,BA,B,1,36,214.591995,221.144
n65536_q32_r300,5,BA,B,1,37,212.639999,219.187
n65536_q32_r300,5,BA,B,1,38,214.591995,221.067
n65536_q32_r300,5,BA,B,1,39,213.888,219.445
n65536_q32_r300,5,BA,B,1,40,215.423996,220.897
n65536_q32_r300,5,BA,B,1,41,213.76001,220.199
n65536_q32_r300,5,BA,B,1,42,214.624008,221.056
n65536_q32_r300,5,BA,B,1,43,214.591995,221.148
n65536_q32_r300,5,BA,B,1,44,214.335999,221.406
n65536_q32_r300,5,BA,B,1,45,214.591995,220.954
n65536_q32_r300,5,BA,B,1,46,214.751999,221.12
n65536_q32_r300,5,BA,B,1,47,212.768005,219.169
n65536_q32_r300,5,BA,B,1,48,216.832001,223.413
n65536_q32_r300,5,BA,B,1,49,213.472,220.064
n65536_q32_r300,5,BA,B,1,50,212.639999,219.045
n65536_q32_r300,5,BA,B,1,51,212.768005,219.164
n65536_q32_r300,5,BA,B,1,52,213.791992,220.214
n65536_q32_r300,5,BA,B,1,53,216.76799,223.463
n65536_q32_r300,5,BA,B,1,54,216.352005,222.97
n65536_q32_r300,5,BA,B,1,55,214.624008,221.073
n65536_q32_r300,5,BA,B,1,56,212.800003,219.277
n65536_q32_r300,5,BA,B,1,57,214.688004,221.465
n65536_q32_r300,5,BA,B,1,58,216.416,222.943
n65536_q32_r300,5,BA,B,1,59,214.335999,221.239
n65536_q32_r300,5,BA,B,1,60,212.608002,219.186
n65536_q32_r300,5,BA,B,1,61,212.608002,219.109
n65536_q32_r300,5,BA,B,1,62,212.639999,219.144
n65536_q32_r300,5,BA,B,1,63,212.671997,219.161
n65536_q32_r300,5,BA,B,1,64,214.720001,221.153
n65536_q32_r300,5,BA,B,1,65,212.608002,219.116
n65536_q32_r300,5,BA,B,1,66,212.70401,219.325
n65536_q32_r300,5,BA,B,1,67,212.576004,219.021
n65536_q32_r300,5,BA,B,1,68,214.432007,221.132
n65536_q32_r300,5,BA,B,1,69,213.599991,220.043
n65536_q32_r300,5,BA,B,1,70,212.543991,219.01
n65536_q32_r300,5,BA,B,1,71,211.679993,218.286
n65536_q32_r300,5,BA,B,1,72,214.463989,221.031
n65536_q32_r300,5,BA,B,1,73,214.783997,221.263
n65536_q32_r300,5,BA,B,1,74,216.76799,223.236
n65536_q32_r300,5,BA,B,1,75,212.608002,219.286
n65536_q32_r300,5,BA,B,1,76,211.871994,218.96
n65536_q32_r300,5,BA,B,1,77,213.664001,220.088
n65536_q32_r300,5,BA,B,1,78,210.591995,217.044
n65536_q32_r300,5,BA,B,1,79,214.688004,221.148
n65536_q32_r300,5,BA,B,1,80,212.479996,219.18
n65536_q32_r300,5,BA,B,1,81,212.479996,218.998
n65536_q32_r300,5,BA,B,1,82,212.384003,220.16
n65536_q32_r300,5,BA,B,1,83,214.655991,221.177
n65536_q32_r300,5,BA,B,1,84,212.671997,219.256
n65536_q32_r300,5,BA,B,1,85,212.35199,219.031
n65536_q32_r300,5,BA,B,1,86,214.81601,221.138
n65536_q32_r300,5,BA,B,1,87,212.671997,219.15
n65536_q32_r300,5,BA,B,1,88,214.847992,221.21
n65536_q32_r300,5,BA,B,1,89,214.81601,221.394
n65536_q32_r300,5,BA,B,1,90,214.559998,221.003
n65536_q32_r300,5,BA,B,1,91,212.063995,219.039
n65536_q32_r300,5,BA,B,1,92,212.671997,218.106
n65536_q32_r300,5,BA,B,1,93,211.328003,217.357
n65536_q32_r300,5,BA,B,1,94,219.231995,225.216
n65536_q32_r300,5,BA,B,1,95,212.608002,218.039
n65536_q32_r300,5,BA,B,1,96,213.856003,219.181
n65536_q32_r300,5,BA,B,1,97,212.576004,219.042
n65536_q32_r300,5,BA,B,1,98,212.768005,219.349
n65536_q32_r300,5,BA,B,1,99,212.512009,218.96
n65536_q32_r300,5,BA,B,64,0,212.410995,212.522812
n65536_q32_r300,5,BA,B,64,1,212.395004,212.510781
n65536_q32_r300,5,BA,B,64,2,212.800003,212.906672
n65536_q32_r300,5,BA,B,64,3,212.498505,212.604813
n65536_q32_r300,5,BA,B,64,4,212.552994,212.668156
n65536_q32_r300,5,BA,B,64,5,212.524506,212.620359
n65536_q32_r300,5,BA,B,64,6,212.419495,212.508609
n65536_q32_r300,5,BA,B,64,7,212.405502,212.509766
n65536_q32_r300,5,BA,B,64,8,212.628998,212.734016
n65536_q32_r300,5,BA,B,64,9,212.660507,212.765531
n65536_q32_r300,5,BA,B,64,10,212.548996,212.656813
n65536_q32_r300,5,BA,B,64,11,212.5215,212.633797
n65536_q32_r300,5,BA,B,64,12,212.834503,212.944109
n65536_q32_r300,5,BA,B,64,13,212.584,212.693172
n65536_q32_r300,5,BA,B,64,14,212.614502,212.720438
n65536_q32_r300,5,BA,B,64,15,212.48201,212.587734
n65536_q32_r300,5,BA,B,64,16,212.531509,212.638266
n65536_q32_r300,5,BA,B,64,17,212.486511,212.592563
n65536_q32_r300,5,BA,B,64,18,212.787491,212.893141
n65536_q32_r300,5,BA,B,64,19,212.304504,212.415875
n65536_q32_r300,5,BA,A,1,0,237.343994,245.535
n65536_q32_r300,5,BA,A,1,1,236.831985,244.377
n65536_q32_r300,5,BA,A,1,2,236.639999,244.051
n65536_q32_r300,5,BA,A,1,3,235.936005,243.337
n65536_q32_r300,5,BA,A,1,4,236.576004,244.019
n65536_q32_r300,5,BA,A,1,5,237.440002,244.37
n65536_q32_r300,5,BA,A,1,6,237.279999,244.191
n65536_q32_r300,5,BA,A,1,7,237.023987,243.632
n65536_q32_r300,5,BA,A,1,8,236.735992,241.848
n65536_q32_r300,5,BA,A,1,9,236.159988,241.242
n65536_q32_r300,5,BA,A,1,10,236.223999,241.226
n65536_q32_r300,5,BA,A,1,11,236.128006,241.576
n65536_q32_r300,5,BA,A,1,12,237.664001,242.745
n65536_q32_r300,5,BA,A,1,13,236.223999,241.265
n65536_q32_r300,5,BA,A,1,14,236.255997,241.266
n65536_q32_r300,5,BA,A,1,15,236.384003,242.629
n65536_q32_r300,5,BA,A,1,16,236.608002,243.785
n65536_q32_r300,5,BA,A,1,17,235.584,242.442
n65536_q32_r300,5,BA,A,1,18,236.671997,243.507
n65536_q32_r300,5,BA,A,1,19,234.175995,240.882
n65536_q32_r300,5,BA,A,1,20,235.776001,242.444
n65536_q32_r300,5,BA,A,1,21,235.039993,240.666
n65536_q32_r300,5,BA,A,1,22,234.975998,239.636
n65536_q32_r300,5,BA,A,1,23,235.167999,240.078
n65536_q32_r300,5,BA,A,1,24,234.656006,240.18
n65536_q32_r300,5,BA,A,1,25,234.175995,240.562
n65536_q32_r300,5,BA,A,1,26,235.328003,241.735
n65536_q32_r300,5,BA,A,1,27,235.679993,241.953
n65536_q32_r300,5,BA,A,1,28,235.903992,242.445
n65536_q32_r300,5,BA,A,1,29,235.167999,241.696
n65536_q32_r300,5,BA,A,1,30,235.328003,241.793
n65536_q32_r300,5,BA,A,1,31,235.29599,241.77
n65536_q32_r300,5,BA,A,1,32,235.103989,240.62
n65536_q32_r300,5,BA,A,1,33,234.944,240.529
n65536_q32_r300,5,BA,A,1,34,234.112,240.646
n65536_q32_r300,5,BA,A,1,35,235.103989,267.087
n65536_q32_r300,5,BA,A,1,36,235.167999,241.705
n65536_q32_r300,5,BA,A,1,37,235.167999,241.719
n65536_q32_r300,5,BA,A,1,38,235.360001,241.734
n65536_q32_r300,5,BA,A,1,39,235.231995,241.787
n65536_q32_r300,5,BA,A,1,40,235.136002,241.6
n65536_q32_r300,5,BA,A,1,41,235.391998,241.731
n65536_q32_r300,5,BA,A,1,42,235.231995,241.762
n65536_q32_r300,5,BA,A,1,43,234.272003,240.717
n65536_q32_r300,5,BA,A,1,44,235.231995,241.859
n65536_q32_r300,5,BA,A,1,45,235.103989,241.526
n65536_q32_r300,5,BA,A,1,46,235.328003,241.259
n65536_q32_r300,5,BA,A,1,47,235.712006,242.201
n65536_q32_r300,5,BA,A,1,48,234.080002,240.692
n65536_q32_r300,5,BA,A,1,49,233.888,240.417
n65536_q32_r300,5,BA,A,1,50,235.264008,241.741
n65536_q32_r300,5,BA,A,1,51,235.231995,241.645
n65536_q32_r300,5,BA,A,1,52,235.29599,241.823
n65536_q32_r300,5,BA,A,1,53,236.447998,242.65
n65536_q32_r300,5,BA,A,1,54,236.063995,242.573
n65536_q32_r300,5,BA,A,1,55,235.231995,241.567
n65536_q32_r300,5,BA,A,1,56,235.231995,241.872
n65536_q32_r300,5,BA,A,1,57,235.136002,241.59
n65536_q32_r300,5,BA,A,1,58,235.29599,241.721
n65536_q32_r300,5,BA,A,1,59,235.264008,241.684
n65536_q32_r300,5,BA,A,1,60,235.199997,241.814
n65536_q32_r300,5,BA,A,1,61,236.063995,242.612
n65536_q32_r300,5,BA,A,1,62,234.143997,240.609
n65536_q32_r300,5,BA,A,1,63,235.29599,241.625
n65536_q32_r300,5,BA,A,1,64,235.231995,241.936
n65536_q32_r300,5,BA,A,1,65,235.103989,241.49
n65536_q32_r300,5,BA,A,1,66,235.264008,241.67
n65536_q32_r300,5,BA,A,1,67,235.231995,241.685
n65536_q32_r300,5,BA,A,1,68,235.328003,241.908
n65536_q32_r300,5,BA,A,1,69,236.0,242.529
n65536_q32_r300,5,BA,A,1,70,235.871994,242.285
n65536_q32_r300,5,BA,A,1,71,235.264008,241.796
n65536_q32_r300,5,BA,A,1,72,235.199997,241.892
n65536_q32_r300,5,BA,A,1,73,235.136002,241.553
n65536_q32_r300,5,BA,A,1,74,235.29599,241.786
n65536_q32_r300,5,BA,A,1,75,235.328003,241.916
n65536_q32_r300,5,BA,A,1,76,235.103989,241.569
n65536_q32_r300,5,BA,A,1,77,235.264008,241.877
n65536_q32_r300,5,BA,A,1,78,235.039993,241.585
n65536_q32_r300,5,BA,A,1,79,234.208008,239.66
n65536_q32_r300,5,BA,A,1,80,235.103989,241.353
n65536_q32_r300,5,BA,A,1,81,235.520004,242.177
n65536_q32_r300,5,BA,A,1,82,235.967987,242.492
n65536_q32_r300,5,BA,A,1,83,235.29599,241.691
n65536_q32_r300,5,BA,A,1,84,235.328003,241.704
n65536_q32_r300,5,BA,A,1,85,235.231995,241.845
n65536_q32_r300,5,BA,A,1,86,235.103989,241.887
n65536_q32_r300,5,BA,A,1,87,235.744003,242.314
n65536_q32_r300,5,BA,A,1,88,235.328003,241.76
n65536_q32_r300,5,BA,A,1,89,235.231995,241.955
n65536_q32_r300,5,BA,A,1,90,235.039993,241.559
n65536_q32_r300,5,BA,A,1,91,235.29599,241.764
n65536_q32_r300,5,BA,A,1,92,235.29599,241.767
n65536_q32_r300,5,BA,A,1,93,235.328003,241.886
n65536_q32_r300,5,BA,A,1,94,235.136002,241.625
n65536_q32_r300,5,BA,A,1,95,235.199997,241.666
n65536_q32_r300,5,BA,A,1,96,235.29599,241.761
n65536_q32_r300,5,BA,A,1,97,235.231995,241.89
n65536_q32_r300,5,BA,A,1,98,233.983994,240.599
n65536_q32_r300,5,BA,A,1,99,237.119995,241.811
n65536_q32_r300,5,BA,A,64,0,231.71701,231.823438
n65536_q32_r300,5,BA,A,64,1,231.666992,231.772281
n65536_q32_r300,5,BA,A,64,2,231.796997,231.902187
n65536_q32_r300,5,BA,A,64,3,231.660507,231.764375
n65536_q32_r300,5,BA,A,64,4,231.594498,231.704859
n65536_q32_r300,5,BA,A,64,5,231.581497,231.688859
n65536_q32_r300,5,BA,A,64,6,231.667999,231.776875
n65536_q32_r300,5,BA,A,64,7,231.670013,231.776094
n65536_q32_r300,5,BA,A,64,8,231.617004,231.721438
n65536_q32_r300,5,BA,A,64,9,231.668503,231.777047
n65536_q32_r300,5,BA,A,64,10,231.615494,231.722734
n65536_q32_r300,5,BA,A,64,11,231.63501,231.730609
n65536_q32_r300,5,BA,A,64,12,231.611511,231.702422
n65536_q32_r300,5,BA,A,64,13,231.63649,231.744078
n65536_q32_r300,5,BA,A,64,14,231.666504,231.775422
n65536_q32_r300,5,BA,A,64,15,231.6035,231.709281
n65536_q32_r300,5,BA,A,64,16,231.634003,231.740641
n65536_q32_r300,5,BA,A,64,17,231.636993,231.745219
n65536_q32_r300,5,BA,A,64,18,231.732498,231.839141
n65536_q32_r300,5,BA,A,64,19,231.63649,231.743078
n65536_q32_r500,0,AB,A,1,0,280.768005,293.86
n65536_q32_r500,0,AB,A,1,1,277.696014,282.276
n65536_q32_r500,0,AB,A,1,2,277.184021,282.27
n65536_q32_r500,0,AB,A,1,3,276.671997,282.75
n65536_q32_r500,0,AB,A,1,4,277.023987,282.682
n65536_q32_r500,0,AB,A,1,5,275.967987,281.984
n65536_q32_r500,0,AB,A,1,6,276.544006,282.381
n65536_q32_r500,0,AB,A,1,7,275.487976,281.802
n65536_q32_r500,0,AB,A,1,8,276.416016,282.723
n65536_q32_r500,0,AB,A,1,9,275.391998,281.994
n65536_q32_r500,0,AB,A,1,10,276.095978,282.42
n65536_q32_r500,0,AB,A,1,11,276.384003,282.918
n65536_q32_r500,0,AB,A,1,12,275.328003,281.722
n65536_q32_r500,0,AB,A,1,13,276.223999,283.064
n65536_q32_r500,0,AB,A,1,14,275.135986,281.464
n65536_q32_r500,0,AB,A,1,15,275.264008,281.858
n65536_q32_r500,0,AB,A,1,16,275.391998,282.071
n65536_q32_r500,0,AB,A,1,17,275.967987,282.316
n65536_q32_r500,0,AB,A,1,18,275.359985,281.759
n65536_q32_r500,0,AB,A,1,19,275.359985,281.946
n65536_q32_r500,0,AB,A,1,20,276.35199,283.194
n65536_q32_r500,0,AB,A,1,21,275.231995,281.562
n65536_q32_r500,0,AB,A,1,22,275.328003,281.856
n65536_q32_r500,0,AB,A,1,23,275.29599,283.139
n65536_q32_r500,0,AB,A,1,24,276.384003,282.586
n65536_q32_r500,0,AB,A,1,25,275.552002,281.855
n65536_q32_r500,0,AB,A,1,26,276.47998,282.899
n65536_q32_r500,0,AB,A,1,27,274.208008,280.893
n65536_q32_r500,0,AB,A,1,28,275.29599,281.606
n65536_q32_r500,0,AB,A,1,29,276.35199,282.899
n65536_q32_r500,0,AB,A,1,30,275.231995,282.09
n65536_q32_r500,0,AB,A,1,31,276.255981,282.487
n65536_q32_r500,0,AB,A,1,32,275.359985,281.924
n65536_q32_r500,0,AB,A,1,33,275.487976,281.803
n65536_q32_r500,0,AB,A,1,34,275.359985,282.162
n65536_q32_r500,0,AB,A,1,35,276.544006,282.53
n65536_q32_r500,0,AB,A,1,36,275.328003,281.872
n65536_q32_r500,0,AB,A,1,37,275.29599,282.008
n65536_q32_r500,0,AB,A,1,38,276.416016,282.662
n65536_q32_r500,0,AB,A,1,39,275.328003,281.853
n65536_q32_r500,0,AB,A,1,40,275.264008,281.831
n65536_q32_r500,0,AB,A,1,41,276.576019,283.136
n65536_q32_r500,0,AB,A,1,42,276.0,282.408
n65536_q32_r500,0,AB,A,1,43,276.384003,282.637
n65536_q32_r500,0,AB,A,1,44,275.519989,282.04
n65536_q32_r500,0,AB,A,1,45,276.127991,282.426
n65536_q32_r500,0,AB,A,1,46,275.328003,281.89
n65536_q32_r500,0,AB,A,1,47,275.328003,281.858
n65536_q32_r500,0,AB,A,1,48,275.359985,282.214
n65536_q32_r500,0,AB,A,1,49,276.223999,282.496
n65536_q32_r500,0,AB,A,1,50,275.359985,281.069
n65536_q32_r500,0,AB,A,1,51,276.895996,281.757
n65536_q32_r500,0,AB,A,1,52,276.47998,282.637
n65536_q32_r500,0,AB,A,1,53,275.359985,281.887
n65536_q32_r500,0,AB,A,1,54,276.384003,282.893
n65536_q32_r500,0,AB,A,1,55,275.359985,281.95
n65536_q32_r500,0,AB,A,1,56,276.544006,282.862
n65536_q32_r500,0,AB,A,1,57,275.519989,281.816
n65536_q32_r500,0,AB,A,1,58,275.328003,289.555
n65536_q32_r500,0,AB,A,1,59,277.119995,282.483
n65536_q32_r500,0,AB,A,1,60,277.279999,281.814
n65536_q32_r500,0,AB,A,1,61,277.503998,282.841
n65536_q32_r500,0,AB,A,1,62,275.264008,281.893
n65536_q32_r500,0,AB,A,1,63,276.320007,282.852
n65536_q32_r500,0,AB,A,1,64,275.29599,280.916
n65536_q32_r500,0,AB,A,1,65,277.536011,282.763
n65536_q32_r500,0,AB,A,1,66,275.552002,280.935
n65536_q32_r500,0,AB,A,1,67,276.063995,280.774
n65536_q32_r500,0,AB,A,1,68,277.503998,282.777
n65536_q32_r500,0,AB,A,1,69,276.544006,281.853
n65536_q32_r500,0,AB,A,1,70,275.29599,280.818
n65536_q32_r500,0,AB,A,1,71,275.519989,281.829
n65536_q32_r500,0,AB,A,1,72,276.639984,282.885
n65536_q32_r500,0,AB,A,1,73,275.328003,282.072
n65536_q32_r500,0,AB,A,1,74,277.631989,282.879
n65536_q32_r500,0,AB,A,1,75,275.424011,280.763
n65536_q32_r500,0,AB,A,1,76,275.328003,281.893
n65536_q32_r500,0,AB,A,1,77,275.519989,281.779
n65536_q32_r500,0,AB,A,1,78,275.29599,281.927
n65536_q32_r500,0,AB,A,1,79,277.247986,282.881
n65536_q32_r500,0,AB,A,1,80,275.328003,281.857
n65536_q32_r500,0,AB,A,1,81,276.576019,281.841
n65536_q32_r500,0,AB,A,1,82,276.544006,281.823
n65536_q32_r500,0,AB,A,1,83,275.264008,281.991
n65536_q32_r500,0,AB,A,1,84,276.544006,282.792
n65536_q32_r500,0,AB,A,1,85,275.424011,281.946
n65536_q32_r500,0,AB,A,1,86,275.391998,282.03
n65536_q32_r500,0,AB,A,1,87,275.328003,281.894
n65536_q32_r500,0,AB,A,1,88,276.576019,282.92
n65536_q32_r500,0,AB,A,1,89,275.584015,281.85
n65536_q32_r500,0,AB,A,1,90,275.359985,282.051
n65536_q32_r500,0,AB,A,1,91,274.432007,280.72
n65536_q32_r500,0,AB,A,1,92,275.359985,281.867
n65536_q32_r500,0,AB,A,1,93,276.35199,282.8
n65536_q32_r500,0,AB,A,1,94,275.359985,282.018
n65536_q32_r500,0,AB,A,1,95,276.384003,282.718
n65536_q32_r500,0,AB,A,1,96,275.584015,282.855
n65536_q32_r500,0,AB,A,1,97,276.608002,283.039
n65536_q32_r500,0,AB,A,1,98,275.391998,281.752
n65536_q32_r500,0,AB,A,1,99,276.160004,283.016
n65536_q32_r500,0,AB,A,64,0,273.757477,273.858922
n65536_q32_r500,0,AB,A,64,1,273.792511,273.891469
n65536_q32_r500,0,AB,A,64,2,273.786499,273.872516
n65536_q32_r500,0,AB,A,64,3,274.0755,274.162828
n65536_q32_r500,0,AB,A,64,4,273.802002,273.902188
n65536_q32_r500,0,AB,A,64,5,273.791992,273.889172
n65536_q32_r500,0,AB,A,64,6,273.953003,274.051609
n65536_q32_r500,0,AB,A,64,7,273.785004,273.88925
n65536_q32_r500,0,AB,A,64,8,273.791992,273.891031
n65536_q32_r500,0,AB,A,64,9,273.773987,273.879719
n65536_q32_r500,0,AB,A,64,10,273.760498,273.86725
n65536_q32_r500,0,AB,A,64,11,273.813477,273.914797
n65536_q32_r500,0,AB,A,64,12,273.761505,273.859453
n65536_q32_r500,0,AB,A,64,13,273.804016,273.904266
n65536_q32_r500,0,AB,A,64,14,273.804474,273.907188
n65536_q32_r500,0,AB,A,64,15,273.770508,273.868812
n65536_q32_r500,0,AB,A,64,16,273.757477,273.856625
n65536_q32_r500,0,AB,A,64,17,273.791504,273.888422
n65536_q32_r500,0,AB,A,64,18,273.760498,273.857797
n65536_q32_r500,0,AB,A,64,19,273.793488,273.889922
n65536_q32_r500,0,AB,B,1,0,230.783997,238.861
n65536_q32_r500,0,AB,B,1,1,231.968002,238.585
n65536_q32_r500,0,AB,B,1,2,231.680008,238.059
n65536_q32_r500,0,AB,B,1,3,231.584,237.719
n65536_q32_r500,0,AB,B,1,4,231.488007,237.69
n65536_q32_r500,0,AB,B,1,5,229.503998,235.972
n65536_q32_r500,0,AB,B,1,6,232.28801,238.368
n65536_q32_r500,0,AB,B,1,7,229.472,235.621
n65536_q32_r500,0,AB,B,1,8,233.536011,239.689
n65536_q32_r500,0,AB,B,1,9,233.375992,239.906
n65536_q32_r500,0,AB,B,1,10,232.416,238.688
n65536_q32_r500,0,AB,B,1,11,230.463989,236.629
n65536_q32_r500,0,AB,B,1,12,233.503998,239.937
n65536_q32_r500,0,AB,B,1,13,230.335999,236.597
n65536_q32_r500,0,AB,B,1,14,230.528,236.711
n65536_q32_r500,0,AB,B,1,15,228.320007,234.607
n65536_q32_r500,0,AB,B,1,16,231.455994,237.71
n65536_q32_r500,0,AB,B,1,17,231.488007,237.788
n65536_q32_r500,0,AB,B,1,18,231.520004,237.818
n65536_q32_r500,0,AB,B,1,19,232.544006,238.676
n65536_q32_r500,0,AB,B,1,20,229.40799,235.786
n65536_q32_r500,0,AB,B,1,21,232.576004,238.675
n65536_q32_r500,0,AB,B,1,22,229.472,235.803
n65536_q32_r500,0,AB,B,1,23,231.520004,237.659
n65536_q32_r500,0,AB,B,1,24,230.496002,236.766
n65536_q32_r500,0,AB,B,1,25,229.535995,235.721
n65536_q32_r500,0,AB,B,1,26,227.136002,233.812
n65536_q32_r500,0,AB,B,1,27,231.391998,237.543
n65536_q32_r500,0,AB,B,1,28,234.623993,240.938
n65536_q32_r500,0,AB,B,1,29,229.40799,235.736
n65536_q32_r500,0,AB,B,1,30,227.423996,233.849
n65536_q32_r500,0,AB,B,1,31,231.552002,237.786
n65536_q32_r500,0,AB,B,1,32,231.520004,237.775
n65536_q32_r500,0,AB,B,1,33,227.360001,233.735
n65536_q32_r500,0,AB,B,1,34,233.472,239.848
n65536_q32_r500,0,AB,B,1,35,227.456009,233.701
n65536_q32_r500,0,AB,B,1,36,232.480011,238.725
n65536_q32_r500,0,AB,B,1,37,229.472,234.789
n65536_q32_r500,0,AB,B,1,38,233.600006,238.455
n65536_q32_r500,0,AB,B,1,39,232.608002,238.21
n65536_q32_r500,0,AB,B,1,40,237.664001,243.243
n65536_q32_r500,0,AB,B,1,41,242.047989,248.51
n65536_q32_r500,0,AB,B,1,42,244.895996,250.949
n65536_q32_r500,0,AB,B,1,43,246.848007,253.27
n65536_q32_r500,0,AB,B,1,44,243.807999,249.89
n65536_q32_r500,0,AB,B,1,45,237.600006,243.961
n65536_q32_r500,0,AB,B,1,46,237.600006,243.997
n65536_q32_r500,0,AB,B,1,47,234.496002,241.001
n65536_q32_r500,0,AB,B,1,48,235.552002,241.721
n65536_q32_r500,0,AB,B,1,49,235.456009,241.843
n65536_q32_r500,0,AB,B,1,50,235.487991,241.821
n65536_q32_r500,0,AB,B,1,51,233.600006,239.965
n65536_q32_r500,0,AB,B,1,52,236.608002,242.291
n65536_q32_r500,0,AB,B,1,53,238.272003,244.366
n65536_q32_r500,0,AB,B,1,54,237.82399,242.928
n65536_q32_r500,0,AB,B,1,55,237.568008,242.959
n65536_q32_r500,0,AB,B,1,56,235.776001,241.012
n65536_q32_r500,0,AB,B,1,57,235.584,242.672
n65536_q32_r500,0,AB,B,1,58,235.552002,241.954
n65536_q32_r500,0,AB,B,1,59,237.919998,244.267
n65536_q32_r500,0,AB,B,1,60,236.223999,242.446
n65536_q32_r500,0,AB,B,1,61,233.503998,238.89
n65536_q32_r500,0,AB,B,1,62,237.408005,242.732
n65536_q32_r500,0,AB,B,1,63,235.64801,241.151
n65536_q32_r500,0,AB,B,1,64,235.231995,240.578
n65536_q32_r500,0,AB,B,1,65,233.503998,239.957
n65536_q32_r500,0,AB,B,1,66,237.503998,242.821
n65536_q32_r500,0,AB,B,1,67,235.615997,242.013
n65536_q32_r500,0,AB,B,1,68,235.64801,241.815
n65536_q32_r500,0,AB,B,1,69,233.536011,239.776
n65536_q32_r500,0,AB,B,1,70,233.567993,239.759
n65536_q32_r500,0,AB,B,1,71,235.584,242.036
n65536_q32_r500,0,AB,B,1,72,235.520004,241.836
n65536_q32_r500,0,AB,B,1,73,233.248001,239.778
n65536_q32_r500,0,AB,B,1,74,233.600006,239.808
n65536_q32_r500,0,AB,B,1,75,240.639999,246.927
n65536_q32_r500,0,AB,B,1,76,235.64801,242.047
n65536_q32_r500,0,AB,B,1,77,238.688004,244.808
n65536_q32_r500,0,AB,B,1,78,233.567993,239.833
n65536_q32_r500,0,AB,B,1,79,233.567993,239.918
n65536_q32_r500,0,AB,B,1,80,237.727997,249.232
n65536_q32_r500,0,AB,B,1,81,236.608002,242.847
n65536_q32_r500,0,AB,B,1,82,233.503998,239.978
n65536_q32_r500,0,AB,B,1,83,236.671997,242.755
n65536_q32_r500,0,AB,B,1,84,233.503998,240.03
n65536_q32_r500,0,AB,B,1,85,238.688004,244.855
n65536_q32_r500,0,AB,B,1,86,236.576004,242.916
n65536_q32_r500,0,AB,B,1,87,234.59201,240.82
n65536_q32_r500,0,AB,B,1,88,235.552002,241.958
n65536_q32_r500,0,AB,B,1,89,235.584,241.774
n65536_q32_r500,0,AB,B,1,90,233.503998,239.911
n65536_q32_r500,0,AB,B,1,91,237.632004,243.962
n65536_q32_r500,0,AB,B,1,92,234.559998,241.035
n65536_q32_r500,0,AB,B,1,93,235.552002,241.708
n65536_q32_r500,0,AB,B,1,94,235.584,241.888
n65536_q32_r500,0,AB,B,1,95,237.664001,243.934
n65536_q32_r500,0,AB,B,1,96,233.472,239.968
n65536_q32_r500,0,AB,B,1,97,233.600006,239.723
n65536_q32_r500,0,AB,B,1,98,237.664001,243.957
n65536_q32_r500,0,AB,B,1,99,233.503998,239.893
n65536_q32_r500,0,AB,B,64,0,234.722,234.819063
n65536_q32_r500,0,AB,B,64,1,234.880005,234.978344
n65536_q32_r500,0,AB,B,64,2,234.959503,235.056859
n65536_q32_r500,0,AB,B,64,3,234.942001,235.040672
n65536_q32_r500,0,AB,B,64,4,234.834,234.932063
n65536_q32_r500,0,AB,B,64,5,234.88649,234.988375
n65536_q32_r500,0,AB,B,64,6,234.363007,234.463875
n65536_q32_r500,0,AB,B,64,7,235.056992,235.154781
n65536_q32_r500,0,AB,B,64,8,234.400497,234.496859
n65536_q32_r500,0,AB,B,64,9,234.688004,234.785297
n65536_q32_r500,0,AB,B,64,10,235.089005,235.185937
n65536_q32_r500,0,AB,B,64,11,234.704498,234.803063
n65536_q32_r500,0,AB,B,64,12,234.570999,234.670156
n65536_q32_r500,0,AB,B,64,13,235.039001,235.139328
n65536_q32_r500,0,AB,B,64,14,234.591492,234.691078
n65536_q32_r500,0,AB,B,64,15,234.923004,235.024359
n65536_q32_r500,0,AB,B,64,16,235.0065,235.105281
n65536_q32_r500,0,AB,B,64,17,234.876999,234.976
n65536_q32_r500,0,AB,B,64,18,234.834,234.932828
n65536_q32_r500,0,AB,B,64,19,235.134003,235.233859
n65536_q32_r500,1,BA,B,1,0,241.119995,254.864
n65536_q32_r500,1,BA,B,1,1,239.071991,245.914
n65536_q32_r500,1,BA,B,1,2,235.807999,242.132
n65536_q32_r500,1,BA,B,1,3,234.431992,240.703
n65536_q32_r500,1,BA,B,1,4,234.656006,240.715
n65536_q32_r500,1,BA,B,1,5,236.608002,243.125
n65536_q32_r500,1,BA,B,1,6,232.063995,238.151
n65536_q32_r500,1,BA,B,1,7,233.408005,239.684
n65536_q32_r500,1,BA,B,1,8,233.600006,239.747
n65536_q32_r500,1,BA,B,1,9,236.479996,244.071
n65536_q32_r500,1,BA,B,1,10,234.400009,240.429
n65536_q32_r500,1,BA,B,1,11,235.328003,241.775
n65536_q32_r500,1,BA,B,1,12,233.472,239.787
n65536_q32_r500,1,BA,B,1,13,232.384003,239.045
n65536_q32_r500,1,BA,B,1,14,236.479996,242.618
n65536_q32_r500,1,BA,B,1,15,231.328003,237.823
n65536_q32_r500,1,BA,B,1,16,233.536011,239.796
n65536_q32_r500,1,BA,B,1,17,233.503998,240.061
n65536_q32_r500,1,BA,B,1,18,238.368011,244.361
n65536_q32_r500,1,BA,B,1,19,235.360001,241.834
n65536_q32_r500,1,BA,B,1,20,234.528,240.824
n65536_q32_r500,1,BA,B,1,21,235.679993,241.862
n65536_q32_r500,1,BA,B,1,22,231.584,237.998
n65536_q32_r500,1,BA,B,1,23,237.343994,243.654
n65536_q32_r500,1,BA,B,1,24,237.503998,243.994
n65536_q32_r500,1,BA,B,1,25,233.311996,239.822
n65536_q32_r500,1,BA,B,1,26,233.503998,239.943
n65536_q32_r500,1,BA,B,1,27,236.35199,242.636
n65536_q32_r500,1,BA,B,1,28,233.632004,239.94
n65536_q32_r500,1,BA,B,1,29,234.23999,240.769
n65536_q32_r500,1,BA,B,1,30,231.584,238.015
n65536_q32_r500,1,BA,B,1,31,231.071991,237.537
n65536_q32_r500,1,BA,B,1,32,235.584,241.855
n65536_q32_r500,1,BA,B,1,33,239.520004,246.036
n65536_q32_r500,1,BA,B,1,34,233.632004,240.083
n65536_q32_r500,1,BA,B,1,35,236.223999,242.423
n65536_q32_r500,1,BA,B,1,36,233.567993,239.821
n65536_q32_r500,1,BA,B,1,37,237.76001,243.961
n65536_q32_r500,1,BA,B,1,38,231.488007,237.965
n65536_q32_r500,1,BA,B,1,39,233.311996,239.576
n65536_q32_r500,1,BA,B,1,40,233.567993,239.8
n65536_q32_r500,1,BA,B,1,41,235.423996,241.949
n65536_q32_r500,1,BA,B,1,42,235.64801,242.12
n65536_q32_r500,1,BA,B,1,43,234.208008,240.363
n65536_q32_r500,1,BA,B,1,44,235.199997,240.911
n65536_q32_r500,1,BA,B,1,45,236.512009,240.857
n65536_q32_r500,1,BA,B,1,46,237.408005,241.894
n65536_q32_r500,1,BA,B,1,47,233.311996,237.677
n65536_q32_r500,1,BA,B,1,48,234.496002,239.823
n65536_q32_r500,1,BA,B,1,49,234.400009,240.819
n65536_q32_r500,1,BA,B,1,50,233.600006,239.885
n65536_q32_r500,1,BA,B,1,51,240.511993,246.957
n65536_q32_r500,1,BA,B,1,52,235.712006,241.951
n65536_q32_r500,1,BA,B,1,53,239.680008,245.922
n65536_q32_r500,1,BA,B,1,54,233.536011,239.898
n65536_q32_r500,1,BA,B,1,55,235.328003,241.875
n65536_q32_r500,1,BA,B,1,56,237.76001,243.762
n65536_q32_r500,1,BA,B,1,57,233.375992,239.967
n65536_q32_r500,1,BA,B,1,58,238.591995,244.877
n65536_q32_r500,1,BA,B,1,59,234.400009,240.978
n65536_q32_r500,1,BA,B,1,60,237.727997,243.867
n65536_q32_r500,1,BA,B,1,61,237.440002,243.999
n65536_q32_r500,1,BA,B,1,62,233.503998,239.881
n65536_q32_r500,1,BA,B,1,63,231.296005,237.837
n65536_q32_r500,1,BA,B,1,64,235.679993,241.882
n65536_q32_r500,1,BA,B,1,65,235.360001,241.928
n65536_q32_r500,1,BA,B,1,66,231.520004,237.696
n65536_q32_r500,1,BA,B,1,67,235.456009,242.017
n65536_q32_r500,1,BA,B,1,68,233.632004,239.823
n65536_q32_r500,1,BA,B,1,69,235.615997,241.882
n65536_q32_r500,1,BA,B,1,70,235.552002,242.964
n65536_q32_r500,1,BA,B,1,71,233.408005,239.919
n65536_q32_r500,1,BA,B,1,72,235.712006,241.769
n65536_q32_r500,1,BA,B,1,73,231.360001,237.815
n65536_q32_r500,1,BA,B,1,74,235.552002,242.123
n65536_q32_r500,1,BA,B,1,75,234.431992,240.749
n65536_q32_r500,1,BA,B,1,76,233.18399,239.748
n65536_q32_r500,1,BA,B,1,77,232.384003,238.832
n65536_q32_r500,1,BA,B,1,78,233.632004,239.918
n65536_q32_r500,1,BA,B,1,79,237.440002,244.031
n65536_q32_r500,1,BA,B,1,80,232.544006,238.676
n65536_q32_r500,1,BA,B,1,81,233.375992,239.871
n65536_q32_r500,1,BA,B,1,82,235.679993,242.01
n65536_q32_r500,1,BA,B,1,83,233.567993,239.752
n65536_q32_r500,1,BA,B,1,84,235.64801,241.933
n65536_q32_r500,1,BA,B,1,85,235.615997,241.833
n65536_q32_r500,1,BA,B,1,86,233.632004,239.873
n65536_q32_r500,1,BA,B,1,87,235.456009,241.976
n65536_q32_r500,1,BA,B,1,88,237.696014,244.072
n65536_q32_r500,1,BA,B,1,89,232.319992,238.589
n65536_q32_r500,1,BA,B,1,90,231.552002,237.844
n65536_q32_r500,1,BA,B,1,91,235.456009,241.906
n65536_q32_r500,1,BA,B,1,92,237.76001,244.026
n65536_q32_r500,1,BA,B,1,93,235.136002,241.78
n65536_q32_r500,1,BA,B,1,94,233.600006,239.823
n65536_q32_r500,1,BA,B,1,95,231.488007,237.746
n65536_q32_r500,1,BA,B,1,96,233.600006,239.908
n65536_q32_r500,1,BA,B,1,97,237.343994,243.877
n65536_q32_r500,1,BA,B,1,98,233.567993,239.785
n65536_q32_r500,1,BA,B,1,99,231.360001,237.868
n65536_q32_r500,1,BA,B,64,0,234.066498,234.164609
n65536_q32_r500,1,BA,B,64,1,234.430511,234.528875
n65536_q32_r500,1,BA,B,64,2,234.4785,234.577344
n65536_q32_r500,1,BA,B,64,3,234.51001,234.609719
n65536_q32_r500,1,BA,B,64,4,234.608002,234.705656
n65536_q32_r500,1,BA,B,64,5,234.189499,234.287813
n65536_q32_r500,1,BA,B,64,6,234.289001,234.386219
n65536_q32_r500,1,BA,B,64,7,234.416504,234.513734
n65536_q32_r500,1,BA,B,64,8,234.64151,234.738156
n65536_q32_r500,1,BA,B,64,9,234.368988,234.465516
n65536_q32_r500,1,BA,B,64,10,234.065002,234.150281
n65536_q32_r500,1,BA,B,64,11,234.528,234.631125
n65536_q32_r500,1,BA,B,64,12,234.348999,234.449297
n65536_q32_r500,1,BA,B,64,13,234.363998,234.462609
n65536_q32_r500,1,BA,B,64,14,234.273499,234.370563
n65536_q32_r500,1,BA,B,64,15,234.370499,234.465234
n65536_q32_r500,1,BA,B,64,16,234.386993,234.485969
n65536_q32_r500,1,BA,B,64,17,234.365997,234.465906
n65536_q32_r500,1,BA,B,64,18,234.175003,234.279984
n65536_q32_r500,1,BA,B,64,19,234.588501,234.695719
n65536_q32_r500,1,BA,A,1,0,278.23999,285.149
n65536_q32_r500,1,BA,A,1,1,276.032013,282.274
n65536_q32_r500,1,BA,A,1,2,275.552002,282.054
n65536_q32_r500,1,BA,A,1,3,276.192017,282.262
n65536_q32_r500,1,BA,A,1,4,275.584015,281.812
n65536_q32_r500,1,BA,A,1,5,275.584015,281.819
n65536_q32_r500,1,BA,A,1,6,275.584015,282.055
n65536_q32_r500,1,BA,A,1,7,276.544006,282.503
n65536_q32_r500,1,BA,A,1,8,275.64801,281.845
n65536_q32_r500,1,BA,A,1,9,275.615997,282.067
n65536_q32_r500,1,BA,A,1,10,277.503998,283.447
n65536_q32_r500,1,BA,A,1,11,275.615997,281.808
n65536_q32_r500,1,BA,A,1,12,275.519989,281.841
n65536_q32_r500,1,BA,A,1,13,275.552002,281.99
n65536_q32_r500,1,BA,A,1,14,275.487976,281.473
n65536_q32_r500,1,BA,A,1,15,275.615997,281.826
n65536_q32_r500,1,BA,A,1,16,275.615997,282.125
n65536_q32_r500,1,BA,A,1,17,276.384003,282.344
n65536_q32_r500,1,BA,A,1,18,275.552002,281.799
n65536_q32_r500,1,BA,A,1,19,275.615997,281.813
n65536_q32_r500,1,BA,A,1,20,275.615997,282.014
n65536_q32_r500,1,BA,A,1,21,275.552002,281.738
n65536_q32_r500,1,BA,A,1,22,275.552002,281.84
n65536_q32_r500,1,BA,A,1,23,275.584015,281.958
n65536_q32_r500,1,BA,A,1,24,275.64801,281.799
n65536_q32_r500,1,BA,A,1,25,275.64801,281.87
n65536_q32_r500,1,BA,A,1,26,275.584015,281.851
n65536_q32_r500,1,BA,A,1,27,275.584015,281.945
n65536_q32_r500,1,BA,A,1,28,275.584015,281.698
n65536_q32_r500,1,BA,A,1,29,275.584015,281.851
n65536_q32_r500,1,BA,A,1,30,275.64801,282.051
n65536_q32_r500,1,BA,A,1,31,275.615997,281.777
n65536_q32_r500,1,BA,A,1,32,275.584015,281.729
n65536_q32_r500,1,BA,A,1,33,275.64801,281.861
n65536_q32_r500,1,BA,A,1,34,275.584015,281.941
n65536_q32_r500,1,BA,A,1,35,275.615997,281.801
n65536_q32_r500,1,BA,A,1,36,275.615997,281.924
n65536_q32_r500,1,BA,A,1,37,275.552002,281.76
n65536_q32_r500,1,BA,A,1,38,275.64801,281.888
n65536_q32_r500,1,BA,A,1,39,275.584015,281.891
n65536_q32_r500,1,BA,A,1,40,275.615997,281.742
n65536_q32_r500,1,BA,A,1,41,275.64801,281.841
n65536_q32_r500,1,BA,A,1,42,275.487976,281.809
n65536_q32_r500,1,BA,A,1,43,275.552002,281.842
n65536_q32_r500,1,BA,A,1,44,275.584015,281.815
n65536_q32_r500,1,BA,A,1,45,275.615997,281.994
n65536_q32_r500,1,BA,A,1,46,275.487976,281.751
n65536_q32_r500,1,BA,A,1,47,275.615997,280.827
n65536_q32_r500,1,BA,A,1,48,276.768005,280.941
n65536_q32_r500,1,BA,A,1,49,276.35199,281.685
n65536_q32_r500,1,BA,A,1,50,275.871979,281.813
n65536_q32_r500,1,BA,A,1,51,275.615997,281.922
n65536_q32_r500,1,BA,A,1,52,275.615997,281.991
n65536_q32_r500,1,BA,A,1,53,275.552002,281.745
n65536_q32_r500,1,BA,A,1,54,275.584015,281.882
n65536_q32_r500,1,BA,A,1,55,275.552002,282.064
n65536_q32_r500,1,BA,A,1,56,275.519989,281.726
n65536_q32_r500,1,BA,A,1,57,275.615997,281.59
n65536_q32_r500,1,BA,A,1,58,275.64801,281.916
n65536_q32_r500,1,BA,A,1,59,275.519989,282.03
n65536_q32_r500,1,BA,A,1,60,275.615997,281.746
n65536_q32_r500,1,BA,A,1,61,275.584015,281.497
n65536_q32_r500,1,BA,A,1,62,276.063995,282.355
n65536_q32_r500,1,BA,A,1,63,275.776001,281.809
n65536_q32_r500,1,BA,A,1,64,275.584015,280.921
n65536_q32_r500,1,BA,A,1,65,276.384003,281.721
n65536_q32_r500,1,BA,A,1,66,275.584015,281.985
n65536_q32_r500,1,BA,A,1,67,275.615997,281.773
n65536_q32_r500,1,BA,A,1,68,275.615997,280.992
n65536_q32_r500,1,BA,A,1,69,276.35199,280.966
n65536_q32_r500,1,BA,A,1,70,277.119995,281.422
n65536_q32_r500,1,BA,A,1,71,276.511993,281.755
n65536_q32_r500,1,BA,A,1,72,275.519989,281.86
n65536_q32_r500,1,BA,A,1,73,275.519989,281.798
n65536_q32_r500,1,BA,A,1,74,275.64801,281.881
n65536_q32_r500,1,BA,A,1,75,275.615997,281.859
n65536_q32_r500,1,BA,A,1,76,275.615997,284.989
n65536_q32_r500,1,BA,A,1,77,275.64801,281.918
n65536_q32_r500,1,BA,A,1,78,275.487976,281.86
n65536_q32_r500,1,BA,A,1,79,275.519989,281.863
n65536_q32_r500,1,BA,A,1,80,275.584015,281.922
n65536_q32_r500,1,BA,A,1,81,275.552002,281.821
n65536_q32_r500,1,BA,A,1,82,275.584015,281.859
n65536_q32_r500,1,BA,A,1,83,275.615997,281.835
n65536_q32_r500,1,BA,A,1,84,275.584015,282.051
n65536_q32_r500,1,BA,A,1,85,275.552002,281.678
n65536_q32_r500,1,BA,A,1,86,275.584015,281.844
n65536_q32_r500,1,BA,A,1,87,275.615997,281.982
n65536_q32_r500,1,BA,A,1,88,275.519989,281.758
n65536_q32_r500,1,BA,A,1,89,275.615997,281.877
n65536_q32_r500,1,BA,A,1,90,275.584015,281.87
n65536_q32_r500,1,BA,A,1,91,275.552002,281.951
n65536_q32_r500,1,BA,A,1,92,275.552002,281.706
n65536_q32_r500,1,BA,A,1,93,275.584015,281.835
n65536_q32_r500,1,BA,A,1,94,275.615997,281.993
n65536_q32_r500,1,BA,A,1,95,275.487976,281.76
n65536_q32_r500,1,BA,A,1,96,275.487976,281.815
n65536_q32_r500,1,BA,A,1,97,275.615997,281.943
n65536_q32_r500,1,BA,A,1,98,275.584015,281.963
n65536_q32_r500,1,BA,A,1,99,275.584015,281.743
n65536_q32_r500,1,BA,A,64,0,274.050507,274.150328
n65536_q32_r500,1,BA,A,64,1,273.823486,273.922547
n65536_q32_r500,1,BA,A,64,2,273.902008,273.999422
n65536_q32_r500,1,BA,A,64,3,273.856476,273.953922
n65536_q32_r500,1,BA,A,64,4,273.793488,273.890188
n65536_q32_r500,1,BA,A,64,5,273.757019,273.857859
n65536_q32_r500,1,BA,A,64,6,273.790985,273.887375
n65536_q32_r500,1,BA,A,64,7,273.776001,273.876219
n65536_q32_r500,1,BA,A,64,8,273.817993,273.916016
n65536_q32_r500,1,BA,A,64,9,273.824005,273.922156
n65536_q32_r500,1,BA,A,64,10,273.825989,273.922312
n65536_q32_r500,1,BA,A,64,11,273.791992,273.889984
n65536_q32_r500,1,BA,A,64,12,273.824005,273.907562
n65536_q32_r500,1,BA,A,64,13,273.852509,273.929578
n65536_q32_r500,1,BA,A,64,14,256.161987,256.245984
n65536_q32_r500,1,BA,A,64,15,251.219986,251.315016
n65536_q32_r500,1,BA,A,64,16,251.21701,251.313859
n65536_q32_r500,1,BA,A,64,17,251.219009,251.314
n65536_q32_r500,1,BA,A,64,18,251.217987,251.312813
n65536_q32_r500,1,BA,A,64,19,251.21701,251.319328
n65536_q32_r500,2,AB,A,1,0,280.768005,294.487
n65536_q32_r500,2,AB,A,1,1,278.367981,284.772
n65536_q32_r500,2,AB,A,1,2,276.35199,282.534
n65536_q32_r500,2,AB,A,1,3,276.608002,283.124
n65536_q32_r500,2,AB,A,1,4,276.095978,282.201
n65536_q32_r500,2,AB,A,1,5,276.511993,283.829
n65536_q32_r500,2,AB,A,1,6,276.384003,283.018
n65536_q32_r500,2,AB,A,1,7,276.384003,282.474
n65536_q32_r500,2,AB,A,1,8,276.511993,282.88
n65536_q32_r500,2,AB,A,1,9,275.584015,281.853
n65536_q32_r500,2,AB,A,1,10,276.511993,283.084
n65536_q32_r500,2,AB,A,1,11,276.384003,282.417
n65536_q32_r500,2,AB,A,1,12,275.391998,281.859
n65536_q32_r500,2,AB,A,1,13,276.511993,282.891
n65536_q32_r500,2,AB,A,1,14,275.552002,281.626
n65536_q32_r500,2,AB,A,1,15,276.576019,281.839
n65536_q32_r500,2,AB,A,1,16,276.47998,280.809
n65536_q32_r500,2,AB,A,1,17,277.440002,282.014
n65536_q32_r500,2,AB,A,1,18,277.087982,282.404
n65536_q32_r500,2,AB,A,1,19,275.519989,281.819
n65536_q32_r500,2,AB,A,1,20,276.735992,285.095
n65536_q32_r500,2,AB,A,1,21,276.255981,282.445
n65536_q32_r500,2,AB,A,1,22,275.552002,281.985
n65536_q32_r500,2,AB,A,1,23,276.576019,282.922
n65536_q32_r500,2,AB,A,1,24,276.576019,283.064
n65536_q32_r500,2,AB,A,1,25,275.584015,281.554
n65536_q32_r500,2,AB,A,1,26,276.639984,282.917
n65536_q32_r500,2,AB,A,1,27,275.64801,281.97
n65536_q32_r500,2,AB,A,1,28,276.192017,282.938
n65536_q32_r500,2,AB,A,1,29,276.639984,282.64
n65536_q32_r500,2,AB,A,1,30,275.584015,281.881
n65536_q32_r500,2,AB,A,1,31,276.608002,282.979
n65536_q32_r500,2,AB,A,1,32,276.576019,282.699
n65536_q32_r500,2,AB,A,1,33,276.544006,282.839
n65536_q32_r500,2,AB,A,1,34,275.615997,281.905
n65536_q32_r500,2,AB,A,1,35,275.615997,282.093
n65536_q32_r500,2,AB,A,1,36,276.511993,282.633
n65536_q32_r500,2,AB,A,1,37,275.584015,281.911
n65536_q32_r500,2,AB,A,1,38,276.576019,282.967
n65536_q32_r500,2,AB,A,1,39,275.64801,281.845
n65536_q32_r500,2,AB,A,1,40,275.552002,281.826
n65536_q32_r500,2,AB,A,1,41,276.576019,282.892
n65536_q32_r500,2,AB,A,1,42,276.576019,283.014
n65536_q32_r500,2,AB,A,1,43,275.584015,281.817
n65536_q32_r500,2,AB,A,1,44,275.487976,281.874
n65536_q32_r500,2,AB,A,1,45,276.671997,283.081
n65536_q32_r500,2,AB,A,1,46,275.584015,281.744
n65536_q32_r500,2,AB,A,1,47,276.608002,282.735
n65536_q32_r500,2,AB,A,1,48,275.64801,281.882
n65536_q32_r500,2,AB,A,1,49,277.599976,284.028
n65536_q32_r500,2,AB,A,1,50,275.584015,281.76
n65536_q32_r500,2,AB,A,1,51,275.64801,281.658
n65536_q32_r500,2,AB,A,1,52,276.576019,282.95
n65536_q32_r500,2,AB,A,1,53,275.615997,281.774
n65536_q32_r500,2,AB,A,1,54,276.576019,282.801
n65536_q32_r500,2,AB,A,1,55,275.519989,281.855
n65536_q32_r500,2,AB,A,1,56,276.544006,282.924
n65536_q32_r500,2,AB,A,1,57,275.615997,281.839
n65536_q32_r500,2,AB,A,1,58,275.776001,284.961
n65536_q32_r500,2,AB,A,1,59,275.584015,282.018
n65536_q32_r500,2,AB,A,1,60,276.032013,282.727
n65536_q32_r500,2,AB,A,1,61,276.608002,282.84
n65536_q32_r500,2,AB,A,1,62,275.552002,281.967
n65536_q32_r500,2,AB,A,1,63,275.519989,282.06
n65536_q32_r500,2,AB,A,1,64,275.584015,281.671
n65536_q32_r500,2,AB,A,1,65,277.696014,282.947
n65536_q32_r500,2,AB,A,1,66,276.255981,281.109
n65536_q32_r500,2,AB,A,1,67,276.0,282.442
n65536_q32_r500,2,AB,A,1,68,276.608002,281.648
n65536_q32_r500,2,AB,A,1,69,275.871979,281.821
n65536_q32_r500,2,AB,A,1,70,275.615997,282.029
n65536_q32_r500,2,AB,A,1,71,275.456024,281.72
n65536_q32_r500,2,AB,A,1,72,276.608002,282.85
n65536_q32_r500,2,AB,A,1,73,275.615997,282.102
n65536_q32_r500,2,AB,A,1,74,276.576019,282.788
n65536_q32_r500,2,AB,A,1,75,275.584015,281.829
n65536_q32_r500,2,AB,A,1,76,275.552002,281.94
n65536_q32_r500,2,AB,A,1,77,276.608002,282.929
n65536_q32_r500,2,AB,A,1,78,275.615997,282.794
n65536_q32_r500,2,AB,A,1,79,275.487976,281.34
n65536_q32_r500,2,AB,A,1,80,276.70401,282.403
n65536_q32_r500,2,AB,A,1,81,276.735992,282.853
n65536_q32_r500,2,AB,A,1,82,275.808014,281.803
n65536_q32_r500,2,AB,A,1,83,275.712006,281.409
n65536_q32_r500,2,AB,A,1,84,278.015991,284.322
n65536_q32_r500,2,AB,A,1,85,275.615997,281.74
n65536_q32_r500,2,AB,A,1,86,276.47998,281.862
n65536_q32_r500,2,AB,A,1,87,275.808014,281.079
n65536_q32_r500,2,AB,A,1,88,277.152008,281.634
n65536_q32_r500,2,AB,A,1,89,276.287994,281.572
n65536_q32_r500,2,AB,A,1,90,276.576019,282.928
n65536_q32_r500,2,AB,A,1,91,275.552002,282.084
n65536_q32_r500,2,AB,A,1,92,276.320007,282.683
n65536_q32_r500,2,AB,A,1,93,276.447998,282.86
n65536_q32_r500,2,AB,A,1,94,275.64801,281.891
n65536_q32_r500,2,AB,A,1,95,276.639984,283.011
n65536_q32_r500,2,AB,A,1,96,277.568024,283.727
n65536_q32_r500,2,AB,A,1,97,276.639984,282.735
n65536_q32_r500,2,AB,A,1,98,275.64801,282.229
n65536_q32_r500,2,AB,A,1,99,276.47998,282.599
n65536_q32_r500,2,AB,A,64,0,273.809998,273.903984
n65536_q32_r500,2,AB,A,64,1,273.934509,274.023859
n65536_q32_r500,2,AB,A,64,2,273.800995,273.887828
n65536_q32_r500,2,AB,A,64,3,273.817993,273.923781
n65536_q32_r500,2,AB,A,64,4,273.767487,273.868297
n65536_q32_r500,2,AB,A,64,5,273.761017,273.859562
n65536_q32_r500,2,AB,A,64,6,273.786987,273.888609
n65536_q32_r500,2,AB,A,64,7,273.78949,273.889266
n65536_q32_r500,2,AB,A,64,8,273.770996,273.877297
n65536_q32_r500,2,AB,A,64,9,273.83551,273.935359
n65536_q32_r500,2,AB,A,64,10,273.792999,273.889281
n65536_q32_r500,2,AB,A,64,11,273.849487,273.950375
n65536_q32_r500,2,AB,A,64,12,273.760498,273.858844
n65536_q32_r500,2,AB,A,64,13,273.759521,273.856797
n65536_q32_r500,2,AB,A,64,14,273.776001,273.879078
n65536_q32_r500,2,AB,A,64,15,273.848999,273.948797
n65536_q32_r500,2,AB,A,64,16,273.8255,273.923125
n65536_q32_r500,2,AB,A,64,17,273.824005,273.922625
n65536_q32_r500,2,AB,A,64,18,273.78949,273.87475
n65536_q32_r500,2,AB,A,64,19,273.786499,273.89925
n65536_q32_r500,2,AB,B,1,0,220.927994,227.7
n65536_q32_r500,2,AB,B,1,1,219.64801,225.716
n65536_q32_r500,2,AB,B,1,2,219.487991,225.393
n65536_q32_r500,2,AB,B,1,3,217.631989,223.786
n65536_q32_r500,2,AB,B,1,4,220.159988,226.341
n65536_q32_r500,2,AB,B,1,5,219.040009,225.226
n65536_q32_r500,2,AB,B,1,6,219.328003,225.551
n65536_q32_r500,2,AB,B,1,7,219.360001,225.413
n65536_q32_r500,2,AB,B,1,8,219.391998,225.381
n65536_q32_r500,2,AB,B,1,9,217.311996,223.351
n65536_q32_r500,2,AB,B,1,10,219.423996,225.589
n65536_q32_r500,2,AB,B,1,11,219.231995,225.549
n65536_q32_r500,2,AB,B,1,12,219.391998,225.564
n65536_q32_r500,2,AB,B,1,13,221.503998,227.608
n65536_q32_r500,2,AB,B,1,14,219.423996,225.459
n65536_q32_r500,2,AB,B,1,15,219.264008,225.518
n65536_q32_r500,2,AB,B,1,16,219.328003,225.639
n65536_q32_r500,2,AB,B,1,17,217.408005,223.375
n65536_q32_r500,2,AB,B,1,18,219.391998,225.413
n65536_q32_r500,2,AB,B,1,19,219.360001,225.517
n65536_q32_r500,2,AB,B,1,20,219.360001,225.611
n65536_q32_r500,2,AB,B,1,21,219.423996,225.465
n65536_q32_r500,2,AB,B,1,22,219.360001,225.481
n65536_q32_r500,2,AB,B,1,23,219.456009,225.74
n65536_q32_r500,2,AB,B,1,24,219.360001,225.366
n65536_q32_r500,2,AB,B,1,25,219.29599,225.678
n65536_q32_r500,2,AB,B,1,26,219.040009,225.463
n65536_q32_r500,2,AB,B,1,27,219.360001,225.525
n65536_q32_r500,2,AB,B,1,28,219.391998,225.602
n65536_q32_r500,2,AB,B,1,29,217.375992,222.672
n65536_q32_r500,2,AB,B,1,30,220.192001,225.421
n65536_q32_r500,2,AB,B,1,31,218.335999,223.478
n65536_q32_r500,2,AB,B,1,32,219.360001,225.551
n65536_q32_r500,2,AB,B,1,33,217.343994,223.451
n65536_q32_r500,2,AB,B,1,34,219.423996,225.799
n65536_q32_r500,2,AB,B,1,35,217.311996,223.441
n65536_q32_r500,2,AB,B,1,36,221.40799,227.478
n65536_q32_r500,2,AB,B,1,37,219.456009,225.524
n65536_q32_r500,2,AB,B,1,38,222.463989,228.711
n65536_q32_r500,2,AB,B,1,39,224.416,230.616
n65536_q32_r500,2,AB,B,1,40,219.423996,225.537
n65536_q32_r500,2,AB,B,1,41,221.376007,227.558
n65536_q32_r500,2,AB,B,1,42,221.376007,230.825
n65536_q32_r500,2,AB,B,1,43,219.040009,225.367
n65536_q32_r500,2,AB,B,1,44,219.456009,225.591
n65536_q32_r500,2,AB,B,1,45,220.384003,226.559
n65536_q32_r500,2,AB,B,1,46,219.423996,225.56
n65536_q32_r500,2,AB,B,1,47,219.391998,225.706
n65536_q32_r500,2,AB,B,1,48,219.360001,225.411
n65536_q32_r500,2,AB,B,1,49,219.391998,225.561
n65536_q32_r500,2,AB,B,1,50,219.264008,225.498
n65536_q32_r500,2,AB,B,1,51,219.423996,225.628
n65536_q32_r500,2,AB,B,1,52,221.440002,227.653
n65536_q32_r500,2,AB,B,1,53,219.360001,225.596
n65536_q32_r500,2,AB,B,1,54,218.399994,224.535
n65536_q32_r500,2,AB,B,1,55,219.456009,225.727
n65536_q32_r500,2,AB,B,1,56,219.391998,225.583
n65536_q32_r500,2,AB,B,1,57,219.423996,225.52
n65536_q32_r500,2,AB,B,1,58,219.168015,225.595
n65536_q32_r500,2,AB,B,1,59,219.423996,224.525
n65536_q32_r500,2,AB,B,1,60,219.744003,225.024
n65536_q32_r500,2,AB,B,1,61,219.072006,225.206
n65536_q32_r500,2,AB,B,1,62,235.584,241.939
n65536_q32_r500,2,AB,B,1,63,245.631989,251.426
n65536_q32_r500,2,AB,B,1,64,250.784012,256.314
n65536_q32_r500,2,AB,B,1,65,245.82399,251.952
n65536_q32_r500,2,AB,B,1,66,246.848007,253.27
n65536_q32_r500,2,AB,B,1,67,249.855988,256.199
n65536_q32_r500,2,AB,B,1,68,238.656006,245.178
n65536_q32_r500,2,AB,B,1,69,235.615997,241.74
n65536_q32_r500,2,AB,B,1,70,233.600006,240.098
n65536_q32_r500,2,AB,B,1,71,231.360001,237.511
n65536_q32_r500,2,AB,B,1,72,233.600006,240.011
n65536_q32_r500,2,AB,B,1,73,234.623993,240.784
n65536_q32_r500,2,AB,B,1,74,233.632004,239.914
n65536_q32_r500,2,AB,B,1,75,230.432007,236.873
n65536_q32_r500,2,AB,B,1,76,233.888,239.896
n65536_q32_r500,2,AB,B,1,77,233.759995,239.529
n65536_q32_r500,2,AB,B,1,78,238.143997,244.299
n65536_q32_r500,2,AB,B,1,79,235.744003,241.932
n65536_q32_r500,2,AB,B,1,80,237.82399,244.026
n65536_q32_r500,2,AB,B,1,81,233.567993,238.956
n65536_q32_r500,2,AB,B,1,82,237.792007,243.882
n65536_q32_r500,2,AB,B,1,83,237.632004,242.94
n65536_q32_r500,2,AB,B,1,84,244.703995,249.14
n65536_q32_r500,2,AB,B,1,85,235.584,239.99
n65536_q32_r500,2,AB,B,1,86,234.496002,239.754
n65536_q32_r500,2,AB,B,1,87,235.679993,242.016
n65536_q32_r500,2,AB,B,1,88,236.639999,242.917
n65536_q32_r500,2,AB,B,1,89,235.64801,242.036
n65536_q32_r500,2,AB,B,1,90,233.408005,239.842
n65536_q32_r500,2,AB,B,1,91,235.615997,241.935
n65536_q32_r500,2,AB,B,1,92,237.632004,243.997
n65536_q32_r500,2,AB,B,1,93,235.679993,242.064
n65536_q32_r500,2,AB,B,1,94,236.671997,242.841
n65536_q32_r500,2,AB,B,1,95,235.615997,241.914
n65536_q32_r500,2,AB,B,1,96,235.64801,241.95
n65536_q32_r500,2,AB,B,1,97,233.632004,239.958
n65536_q32_r500,2,AB,B,1,98,233.600006,239.861
n65536_q32_r500,2,AB,B,1,99,233.503998,239.857
n65536_q32_r500,2,AB,B,64,0,234.496994,234.597641
n65536_q32_r500,2,AB,B,64,1,234.622498,234.690438
n65536_q32_r500,2,AB,B,64,2,234.42601,234.510906
n65536_q32_r500,2,AB,B,64,3,234.7845,234.882469
n65536_q32_r500,2,AB,B,64,4,234.253998,234.352141
n65536_q32_r500,2,AB,B,64,5,234.4935,234.59625
n65536_q32_r500,2,AB,B,64,6,234.31601,234.415594
n65536_q32_r500,2,AB,B,64,7,234.384003,234.484344
n65536_q32_r500,2,AB,B,64,8,234.335495,234.432187
n65536_q32_r500,2,AB,B,64,9,234.338501,234.427609
n65536_q32_r500,2,AB,B,64,10,234.610001,234.699656
n65536_q32_r500,2,AB,B,64,11,234.173004,234.275891
n65536_q32_r500,2,AB,B,64,12,234.313004,234.418297
n65536_q32_r500,2,AB,B,64,13,234.313995,234.413641
n65536_q32_r500,2,AB,B,64,14,234.222504,234.322234
n65536_q32_r500,2,AB,B,64,15,234.208008,234.305937
n65536_q32_r500,2,AB,B,64,16,234.417007,234.514656
n65536_q32_r500,2,AB,B,64,17,234.192993,234.290859
n65536_q32_r500,2,AB,B,64,18,234.239502,234.340156
n65536_q32_r500,2,AB,B,64,19,234.378494,234.481422
n65536_q32_r500,3,BA,B,1,0,236.863998,250.461
n65536_q32_r500,3,BA,B,1,1,233.888,240.557
n65536_q32_r500,3,BA,B,1,2,236.479996,242.888
n65536_q32_r500,3,BA,B,1,3,235.903992,242.595
n65536_q32_r500,3,BA,B,1,4,235.584,241.742
n65536_q32_r500,3,BA,B,1,5,235.615997,241.961
n65536_q32_r500,3,BA,B,1,6,237.696014,243.789
n65536_q32_r500,3,BA,B,1,7,238.304001,245.132
n65536_q32_r500,3,BA,B,1,8,236.159988,242.318
n65536_q32_r500,3,BA,B,1,9,236.512009,244.044
n65536_q32_r500,3,BA,B,1,10,234.559998,240.652
n65536_q32_r500,3,BA,B,1,11,234.23999,240.799
n65536_q32_r500,3,BA,B,1,12,233.216003,239.837
n65536_q32_r500,3,BA,B,1,13,235.231995,241.822
n65536_q32_r500,3,BA,B,1,14,235.584,242.053
n65536_q32_r500,3,BA,B,1,15,234.400009,241.045
n65536_q32_r500,3,BA,B,1,16,236.512009,242.693
n65536_q32_r500,3,BA,B,1,17,235.552002,241.932
n65536_q32_r500,3,BA,B,1,18,233.408005,239.893
n65536_q32_r500,3,BA,B,1,19,232.511993,238.999
n65536_q32_r500,3,BA,B,1,20,236.543991,242.766
n65536_q32_r500,3,BA,B,1,21,235.64801,241.889
n65536_q32_r500,3,BA,B,1,22,236.608002,242.794
n65536_q32_r500,3,BA,B,1,23,234.496002,240.912
n65536_q32_r500,3,BA,B,1,24,236.671997,242.845
n65536_q32_r500,3,BA,B,1,25,233.503998,239.828
n65536_q32_r500,3,BA,B,1,26,236.671997,242.871
n65536_q32_r500,3,BA,B,1,27,233.503998,240.16
n65536_q32_r500,3,BA,B,1,28,238.368011,244.521
n65536_q32_r500,3,BA,B,1,29,233.024002,239.768
n65536_q32_r500,3,BA,B,1,30,235.456009,241.881
n65536_q32_r500,3,BA,B,1,31,235.423996,242.085
n65536_q32_r500,3,BA,B,1,32,235.615997,241.828
n65536_q32_r500,3,BA,B,1,33,235.360001,241.936
n65536_q32_r500,3,BA,B,1,34,235.520004,241.913
n65536_q32_r500,3,BA,B,1,35,233.375992,240.041
n65536_q32_r500,3,BA,B,1,36,235.584,241.741
n65536_q32_r500,3,BA,B,1,37,235.584,241.913
n65536_q32_r500,3,BA,B,1,38,237.727997,244.078
n65536_q32_r500,3,BA,B,1,39,235.391998,241.953
n65536_q32_r500,3,BA,B,1,40,238.560013,244.974
n65536_q32_r500,3,BA,B,1,41,233.503998,239.79
n65536_q32_r500,3,BA,B,1,42,235.679993,241.851
n65536_q32_r500,3,BA,B,1,43,233.567993,239.87
n65536_q32_r500,3,BA,B,1,44,235.328003,241.982
n65536_q32_r500,3,BA,B,1,45,239.391998,245.934
n65536_q32_r500,3,BA,B,1,46,233.600006,239.007
n65536_q32_r500,3,BA,B,1,47,235.360001,239.815
n65536_q32_r500,3,BA,B,1,48,237.600006,241.974
n65536_q32_r500,3,BA,B,1,49,235.391998,240.788
n65536_q32_r500,3,BA,B,1,50,233.472,239.861
n65536_q32_r500,3,BA,B,1,51,241.664001,248.04
n65536_q32_r500,3,BA,B,1,52,235.552002,241.554
n65536_q32_r500,3,BA,B,1,53,235.776001,242.16
n65536_q32_r500,3,BA,B,1,54,235.615997,241.921
n65536_q32_r500,3,BA,B,1,55,233.344009,239.883
n65536_q32_r500,3,BA,B,1,56,235.391998,241.955
n65536_q32_r500,3,BA,B,1,57,237.600006,243.926
n65536_q32_r500,3,BA,B,1,58,237.664001,243.938
n65536_q32_r500,3,BA,B,1,59,235.456009,241.991
n65536_q32_r500,3,BA,B,1,60,233.567993,239.886
n65536_q32_r500,3,BA,B,1,61,234.047989,240.83
n65536_q32_r500,3,BA,B,1,62,235.64801,241.807
n65536_q32_r500,3,BA,B,1,63,236.479996,242.813
n65536_q32_r500,3,BA,B,1,64,235.64801,242.117
n65536_q32_r500,3,BA,B,1,65,236.639999,242.862
n65536_q32_r500,3,BA,B,1,66,235.615997,242.01
n65536_q32_r500,3,BA,B,1,67,238.560013,244.903
n65536_q32_r500,3,BA,B,1,68,235.679993,241.967
n65536_q32_r500,3,BA,B,1,69,235.456009,241.927
n65536_q32_r500,3,BA,B,1,70,233.695999,240.814
n65536_q32_r500,3,BA,B,1,71,237.600006,244.049
n65536_q32_r500,3,BA,B,1,72,235.584,242.036
n65536_q32_r500,3,BA,B,1,73,236.543991,242.87
n65536_q32_r500,3,BA,B,1,74,233.536011,239.917
n65536_q32_r500,3,BA,B,1,75,236.512009,242.844
n65536_q32_r500,3,BA,B,1,76,235.679993,242.007
n65536_q32_r500,3,BA,B,1,77,235.423996,241.991
n65536_q32_r500,3,BA,B,1,78,233.279999,239.811
n65536_q32_r500,3,BA,B,1,79,233.279999,239.833
n65536_q32_r500,3,BA,B,1,80,233.503998,239.96
n65536_q32_r500,3,BA,B,1,81,233.152008,239.974
n65536_q32_r500,3,BA,B,1,82,237.600006,243.901
n65536_q32_r500,3,BA,B,1,83,235.520004,241.907
n65536_q32_r500,3,BA,B,1,84,235.552002,241.814
n65536_q32_r500,3,BA,B,1,85,235.615997,242.166
n65536_q32_r500,3,BA,B,1,86,236.639999,242.793
n65536_q32_r500,3,BA,B,1,87,233.344009,239.849
n65536_q32_r500,3,BA,B,1,88,235.712006,241.969
n65536_q32_r500,3,BA,B,1,89,231.455994,237.996
n65536_q32_r500,3,BA,B,1,90,236.479996,242.891
n65536_q32_r500,3,BA,B,1,91,235.456009,241.891
n65536_q32_r500,3,BA,B,1,92,235.584,241.909
n65536_q32_r500,3,BA,B,1,93,233.279999,240.056
n65536_q32_r500,3,BA,B,1,94,235.64801,241.763
n65536_q32_r500,3,BA,B,1,95,238.656006,244.994
n65536_q32_r500,3,BA,B,1,96,237.727997,244.018
n65536_q32_r500,3,BA,B,1,97,235.360001,242.069
n65536_q32_r500,3,BA,B,1,98,234.528,240.758
n65536_q32_r500,3,BA,B,1,99,236.35199,242.884
n65536_q32_r500,3,BA,B,64,0,234.961502,235.062406
n65536_q32_r500,3,BA,B,64,1,235.133499,235.234531
n65536_q32_r500,3,BA,B,64,2,234.649994,234.752031
n65536_q32_r500,3,BA,B,64,3,235.002991,235.108766
n65536_q32_r500,3,BA,B,64,4,234.996002,235.098516
n65536_q32_r500,3,BA,B,64,5,235.272003,235.375953
n65536_q32_r500,3,BA,B,64,6,235.022507,235.107109
n65536_q32_r500,3,BA,B,64,7,235.080002,235.165938
n65536_q32_r500,3,BA,B,64,8,234.637009,234.736437
n65536_q32_r500,3,BA,B,64,9,234.957001,235.057328
n65536_q32_r500,3,BA,B,64,10,234.958496,235.058281
n65536_q32_r500,3,BA,B,64,11,234.926514,235.029453
n65536_q32_r500,3,BA,B,64,12,235.278,235.377281
n65536_q32_r500,3,BA,B,64,13,234.5905,234.690406
n65536_q32_r500,3,BA,B,64,14,234.956497,235.055859
n65536_q32_r500,3,BA,B,64,15,235.151505,235.251297
n65536_q32_r500,3,BA,B,64,16,235.306503,235.404641
n65536_q32_r500,3,BA,B,64,17,234.734512,234.836016
n65536_q32_r500,3,BA,B,64,18,235.179001,235.280594
n65536_q32_r500,3,BA,B,64,19,235.238007,235.342125
n65536_q32_r500,3,BA,A,1,0,280.160004,287.233
n65536_q32_r500,3,BA,A,1,1,274.559998,280.94
n65536_q32_r500,3,BA,A,1,2,276.639984,282.852
n65536_q32_r500,3,BA,A,1,3,275.584015,281.802
n65536_q32_r500,3,BA,A,1,4,275.552002,280.985
n65536_q32_r500,3,BA,A,1,5,277.152008,282.512
n65536_q32_r500,3,BA,A,1,6,275.552002,281.757
n65536_q32_r500,3,BA,A,1,7,275.519989,282.058
n65536_q32_r500,3,BA,A,1,8,276.287994,282.474
n65536_q32_r500,3,BA,A,1,9,275.584015,281.875
n65536_q32_r500,3,BA,A,1,10,275.615997,281.678
n65536_q32_r500,3,BA,A,1,11,275.584015,282.004
n65536_q32_r500,3,BA,A,1,12,276.447998,282.552
n65536_q32_r500,3,BA,A,1,13,275.519989,281.863
n65536_q32_r500,3,BA,A,1,14,275.584015,282.051
n65536_q32_r500,3,BA,A,1,15,275.584015,281.564
n65536_q32_r500,3,BA,A,1,16,275.615997,281.933
n65536_q32_r500,3,BA,A,1,17,275.456024,281.884
n65536_q32_r500,3,BA,A,1,18,275.552002,282.06
n65536_q32_r500,3,BA,A,1,19,276.384003,282.494
n65536_q32_r500,3,BA,A,1,20,275.552002,281.918
n65536_q32_r500,3,BA,A,1,21,275.615997,282.146
n65536_q32_r500,3,BA,A,1,22,276.544006,282.677
n65536_q32_r500,3,BA,A,1,23,275.584015,281.98
n65536_q32_r500,3,BA,A,1,24,275.552002,281.757
n65536_q32_r500,3,BA,A,1,25,275.519989,282.111
n65536_q32_r500,3,BA,A,1,26,276.384003,282.494
n65536_q32_r500,3,BA,A,1,27,275.584015,281.878
n65536_q32_r500,3,BA,A,1,28,275.584015,284.316
n65536_q32_r500,3,BA,A,1,29,275.167999,281.443
n65536_q32_r500,3,BA,A,1,30,275.584015,281.911
n65536_q32_r500,3,BA,A,1,31,275.615997,281.893
n65536_q32_r500,3,BA,A,1,32,275.519989,282.113
n65536_q32_r500,3,BA,A,1,33,275.391998,281.484
n65536_q32_r500,3,BA,A,1,34,280.672028,287.024
n65536_q32_r500,3,BA,A,1,35,275.615997,281.817
n65536_q32_r500,3,BA,A,1,36,275.552002,281.911
n65536_q32_r500,3,BA,A,1,37,275.552002,281.644
n65536_q32_r500,3,BA,A,1,38,275.615997,281.939
n65536_q32_r500,3,BA,A,1,39,275.584015,282.051
n65536_q32_r500,3,BA,A,1,40,275.519989,281.564
n65536_q32_r500,3,BA,A,1,41,275.615997,281.862
n65536_q32_r500,3,BA,A,1,42,275.584015,281.915
n65536_q32_r500,3,BA,A,1,43,275.615997,282.143
n65536_q32_r500,3,BA,A,1,44,275.487976,281.576
n65536_q32_r500,3,BA,A,1,45,275.615997,280.825
n65536_q32_r500,3,BA,A,1,46,276.608002,281.565
n65536_q32_r500,3,BA,A,1,47,276.608002,281.812
n65536_q32_r500,3,BA,A,1,48,275.840027,281.934
n65536_q32_r500,3,BA,A,1,49,275.424011,281.819
n65536_q32_r500,3,BA,A,1,50,276.35199,283.014
n65536_q32_r500,3,BA,A,1,51,276.416016,282.5
n65536_q32_r500,3,BA,A,1,52,275.679993,281.827
n65536_q32_r500,3,BA,A,1,53,275.519989,281.89
n65536_q32_r500,3,BA,A,1,54,275.552002,281.781
n65536_q32_r500,3,BA,A,1,55,275.424011,281.842
n65536_q32_r500,3,BA,A,1,56,275.519989,281.899
n65536_q32_r500,3,BA,A,1,57,275.552002,281.981
n65536_q32_r500,3,BA,A,1,58,276.320007,282.503
n65536_q32_r500,3,BA,A,1,59,275.615997,281.779
n65536_q32_r500,3,BA,A,1,60,275.712006,282.151
n65536_q32_r500,3,BA,A,1,61,277.312012,282.48
n65536_q32_r500,3,BA,A,1,62,275.743988,280.915
n65536_q32_r500,3,BA,A,1,63,276.511993,281.561
n65536_q32_r500,3,BA,A,1,64,276.832001,282.324
n65536_q32_r500,3,BA,A,1,65,276.384003,282.494
n65536_q32_r500,3,BA,A,1,66,275.552002,280.951
n65536_q32_r500,3,BA,A,1,67,276.447998,280.962
n65536_q32_r500,3,BA,A,1,68,277.215973,282.49
n65536_q32_r500,3,BA,A,1,69,275.552002,281.856
n65536_q32_r500,3,BA,A,1,70,275.64801,281.928
n65536_q32_r500,3,BA,A,1,71,275.615997,282.053
n65536_q32_r500,3,BA,A,1,72,275.456024,281.597
n65536_q32_r500,3,BA,A,1,73,275.584015,281.834
n65536_q32_r500,3,BA,A,1,74,275.584015,282.05
n65536_q32_r500,3,BA,A,1,75,277.664001,283.718
n65536_q32_r500,3,BA,A,1,76,275.615997,281.896
n65536_q32_r500,3,BA,A,1,77,275.552002,281.88
n65536_q32_r500,3,BA,A,1,78,275.487976,282.129
n65536_q32_r500,3,BA,A,1,79,275.519989,281.501
n65536_q32_r500,3,BA,A,1,80,275.615997,281.757
n65536_q32_r500,3,BA,A,1,81,275.552002,281.921
n65536_q32_r500,3,BA,A,1,82,275.552002,281.906
n65536_q32_r500,3,BA,A,1,83,275.584015,281.679
n65536_q32_r500,3,BA,A,1,84,275.552002,281.99
n65536_q32_r500,3,BA,A,1,85,275.487976,282.034
n65536_q32_r500,3,BA,A,1,86,276.47998,282.684
n65536_q32_r500,3,BA,A,1,87,275.456024,281.804
n65536_q32_r500,3,BA,A,1,88,275.519989,281.901
n65536_q32_r500,3,BA,A,1,89,275.487976,282.026
n65536_q32_r500,3,BA,A,1,90,276.384003,282.493
n65536_q32_r500,3,BA,A,1,91,275.584015,281.902
n65536_q32_r500,3,BA,A,1,92,275.519989,282.029
n65536_q32_r500,3,BA,A,1,93,275.456024,281.595
n65536_q32_r500,3,BA,A,1,94,275.584015,281.887
n65536_q32_r500,3,BA,A,1,95,275.584015,281.917
n65536_q32_r500,3,BA,A,1,96,275.615997,282.115
n65536_q32_r500,3,BA,A,1,97,275.424011,281.499
n65536_q32_r500,3,BA,A,1,98,275.584015,281.954
n65536_q32_r500,3,BA,A,1,99,275.552002,282.096
n65536_q32_r500,3,BA,A,64,0,273.902496,274.000516
n65536_q32_r500,3,BA,A,64,1,273.932495,274.033484
n65536_q32_r500,3,BA,A,64,2,273.764496,273.869641
n65536_q32_r500,3,BA,A,64,3,273.806976,273.906828
n65536_q32_r500,3,BA,A,64,4,273.785004,273.885984
n65536_q32_r500,3,BA,A,64,5,273.828003,273.932109
n65536_q32_r500,3,BA,A,64,6,273.836487,273.935922
n65536_q32_r500,3,BA,A,64,7,273.869019,273.970922
n65536_q32_r500,3,BA,A,64,8,273.835999,273.936016
n65536_q32_r500,3,BA,A,64,9,273.789001,273.888281
n65536_q32_r500,3,BA,A,64,10,273.774506,273.873703
n65536_q32_r500,3,BA,A,64,11,273.788513,273.889281
n65536_q32_r500,3,BA,A,64,12,273.806,273.908063
n65536_q32_r500,3,BA,A,64,13,273.818481,273.918938
n65536_q32_r500,3,BA,A,64,14,255.531494,255.619781
n65536_q32_r500,3,BA,A,64,15,251.210983,251.309484
n65536_q32_r500,3,BA,A,64,16,251.217514,251.314531
n65536_q32_r500,3,BA,A,64,17,251.21701,251.312531
n65536_q32_r500,3,BA,A,64,18,251.215988,251.318172
n65536_q32_r500,3,BA,A,64,19,251.205505,251.307312
n65536_q32_r500,4,AB,A,1,0,281.056,294.066
n65536_q32_r500,4,AB,A,1,1,278.528015,283.065
n65536_q32_r500,4,AB,A,1,2,277.279999,282.003
n65536_q32_r500,4,AB,A,1,3,277.727997,282.331
n65536_q32_r500,4,AB,A,1,4,277.087982,281.588
n65536_q32_r500,4,AB,A,1,5,278.175995,283.793
n65536_q32_r500,4,AB,A,1,6,277.247986,283.483
n65536_q32_r500,4,AB,A,1,7,277.184021,283.982
n65536_q32_r500,4,AB,A,1,8,276.511993,282.855
n65536_q32_r500,4,AB,A,1,9,275.519989,282.107
n65536_q32_r500,4,AB,A,1,10,276.160004,282.273
n65536_q32_r500,4,AB,A,1,11,275.552002,281.153
n65536_q32_r500,4,AB,A,1,12,275.840027,281.413
n65536_q32_r500,4,AB,A,1,13,277.40799,281.996
n65536_q32_r500,4,AB,A,1,14,276.959991,282.287
n65536_q32_r500,4,AB,A,1,15,276.576019,282.721
n65536_q32_r500,4,AB,A,1,16,275.487976,282.101
n65536_q32_r500,4,AB,A,1,17,276.192017,282.256
n65536_q32_r500,4,AB,A,1,18,275.519989,281.831
n65536_q32_r500,4,AB,A,1,19,275.552002,281.866
n65536_q32_r500,4,AB,A,1,20,276.576019,282.131
n65536_q32_r500,4,AB,A,1,21,276.959991,282.384
n65536_q32_r500,4,AB,A,1,22,275.552002,281.872
n65536_q32_r500,4,AB,A,1,23,277.631989,284.065
n65536_q32_r500,4,AB,A,1,24,276.447998,282.827
n65536_q32_r500,4,AB,A,1,25,275.552002,281.868
n65536_q32_r500,4,AB,A,1,26,277.599976,284.003
n65536_q32_r500,4,AB,A,1,27,275.552002,282.018
n65536_q32_r500,4,AB,A,1,28,275.64801,282.624
n65536_q32_r500,4,AB,A,1,29,276.576019,282.846
n65536_q32_r500,4,AB,A,1,30,275.552002,282.122
n65536_q32_r500,4,AB,A,1,31,276.384003,282.509
n65536_q32_r500,4,AB,A,1,32,275.584015,281.892
n65536_q32_r500,4,AB,A,1,33,275.552002,281.895
n65536_q32_r500,4,AB,A,1,34,275.615997,282.143
n65536_q32_r500,4,AB,A,1,35,276.384003,282.514
n65536_q32_r500,4,AB,A,1,36,275.552002,281.655
n65536_q32_r500,4,AB,A,1,37,275.903992,282.172
n65536_q32_r500,4,AB,A,1,38,276.768005,282.883
n65536_q32_r500,4,AB,A,1,39,275.808014,281.773
n65536_q32_r500,4,AB,A,1,40,276.608002,282.846
n65536_q32_r500,4,AB,A,1,41,276.576019,283.185
n65536_q32_r500,4,AB,A,1,42,276.416016,282.582
n65536_q32_r500,4,AB,A,1,43,275.584015,281.881
n65536_q32_r500,4,AB,A,1,44,275.456024,281.898
n65536_q32_r500,4,AB,A,1,45,275.552002,282.138
n65536_q32_r500,4,AB,A,1,46,275.456024,281.547
n65536_q32_r500,4,AB,A,1,47,276.544006,282.849
n65536_q32_r500,4,AB,A,1,48,275.584015,282.182
n65536_q32_r500,4,AB,A,1,49,276.35199,282.474
n65536_q32_r500,4,AB,A,1,50,275.584015,281.881
n65536_q32_r500,4,AB,A,1,51,277.631989,283.909
n65536_q32_r500,4,AB,A,1,52,276.47998,282.909
n65536_q32_r500,4,AB,A,1,53,275.487976,281.462
n65536_q32_r500,4,AB,A,1,54,275.552002,281.837
n65536_q32_r500,4,AB,A,1,55,275.584015,282.131
n65536_q32_r500,4,AB,A,1,56,276.416016,282.522
n65536_q32_r500,4,AB,A,1,57,275.584015,281.848
n65536_q32_r500,4,AB,A,1,58,275.584015,281.886
n65536_q32_r500,4,AB,A,1,59,275.584015,282.237
n65536_q32_r500,4,AB,A,1,60,276.063995,282.554
n65536_q32_r500,4,AB,A,1,61,277.599976,282.925
n65536_q32_r500,4,AB,A,1,62,276.544006,281.012
n65536_q32_r500,4,AB,A,1,63,277.312012,281.505
n65536_q32_r500,4,AB,A,1,64,276.35199,281.722
n65536_q32_r500,4,AB,A,1,65,276.608002,282.923
n65536_q32_r500,4,AB,A,1,66,275.584015,282.193
n65536_q32_r500,4,AB,A,1,67,276.384003,282.479
n65536_q32_r500,4,AB,A,1,68,275.584015,281.923
n65536_q32_r500,4,AB,A,1,69,275.552002,282.129
n65536_q32_r500,4,AB,A,1,70,276.447998,282.631
n65536_q32_r500,4,AB,A,1,71,275.584015,281.863
n65536_q32_r500,4,AB,A,1,72,275.552002,281.92
n65536_q32_r500,4,AB,A,1,73,275.519989,281.933
n65536_q32_r500,4,AB,A,1,74,276.576019,282.806
n65536_q32_r500,4,AB,A,1,75,275.552002,281.866
n65536_q32_r500,4,AB,A,1,76,275.487976,282.004
n65536_q32_r500,4,AB,A,1,77,276.608002,282.81
n65536_q32_r500,4,AB,A,1,78,275.615997,281.882
n65536_q32_r500,4,AB,A,1,79,276.800018,282.898
n65536_q32_r500,4,AB,A,1,80,275.456024,281.818
n65536_q32_r500,4,AB,A,1,81,276.608002,282.909
n65536_q32_r500,4,AB,A,1,82,275.552002,280.955
n65536_q32_r500,4,AB,A,1,83,277.440002,285.367
n65536_q32_r500,4,AB,A,1,84,277.056,281.45
n65536_q32_r500,4,AB,A,1,85,276.384003,281.191
n65536_q32_r500,4,AB,A,1,86,276.063995,281.802
n65536_q32_r500,4,AB,A,1,87,275.007996,281.447
n65536_q32_r500,4,AB,A,1,88,276.608002,282.761
n65536_q32_r500,4,AB,A,1,89,275.552002,281.883
n65536_q32_r500,4,AB,A,1,90,276.544006,282.918
n65536_q32_r500,4,AB,A,1,91,275.552002,281.919
n65536_q32_r500,4,AB,A,1,92,276.223999,282.814
n65536_q32_r500,4,AB,A,1,93,277.631989,283.948
n65536_q32_r500,4,AB,A,1,94,275.584015,281.903
n65536_q32_r500,4,AB,A,1,95,276.511993,282.861
n65536_q32_r500,4,AB,A,1,96,278.688019,284.959
n65536_q32_r500,4,AB,A,1,97,276.608002,282.898
n65536_q32_r500,4,AB,A,1,98,275.64801,282.069
n65536_q32_r500,4,AB,A,1,99,276.576019,282.747
n65536_q32_r500,4,AB,A,64,0,273.761505,273.862656
n65536_q32_r500,4,AB,A,64,1,273.786987,273.872578
n65536_q32_r500,4,AB,A,64,2,273.833008,273.920797
n65536_q32_r500,4,AB,A,64,3,273.7565,273.858328
n65536_q32_r500,4,AB,A,64,4,273.800507,273.903859
n65536_q32_r500,4,AB,A,64,5,273.757477,273.856953
n65536_q32_r500,4,AB,A,64,6,261.521027,261.616609
n65536_q32_r500,4,AB,A,64,7,251.21701,251.311609
n65536_q32_r500,4,AB,A,64,8,251.215012,251.315031
n65536_q32_r500,4,AB,A,64,9,251.234497,251.330984
n65536_q32_r500,4,AB,A,64,10,251.228012,251.326953
n65536_q32_r500,4,AB,A,64,11,251.250504,251.348078
n65536_q32_r500,4,AB,A,64,12,251.21701,251.31375
n65536_q32_r500,4,AB,A,64,13,251.266983,251.362547
n65536_q32_r500,4,AB,A,64,14,251.21701,251.313656
n65536_q32_r500,4,AB,A,64,15,251.217514,251.319109
n65536_q32_r500,4,AB,A,64,16,251.241501,251.34475
n65536_q32_r500,4,AB,A,64,17,251.215988,251.311688
n65536_q32_r500,4,AB,A,64,18,251.217514,251.300641
n65536_q32_r500,4,AB,A,64,19,251.240997,251.324375
n65536_q32_r500,4,AB,B,1,0,220.70401,228.793
n65536_q32_r500,4,AB,B,1,1,220.447998,226.723
n65536_q32_r500,4,AB,B,1,2,222.399994,228.666
n65536_q32_r500,4,AB,B,1,3,219.360001,225.419
n65536_q32_r500,4,AB,B,1,4,219.328003,225.5
n65536_q32_r500,4,AB,B,1,5,219.231995,225.533
n65536_q32_r500,4,AB,B,1,6,220.128006,226.123
n65536_q32_r500,4,AB,B,1,7,217.375992,223.382
n65536_q32_r500,4,AB,B,1,8,219.328003,225.578
n65536_q32_r500,4,AB,B,1,9,219.360001,225.774
n65536_q32_r500,4,AB,B,1,10,219.29599,225.293
n65536_q32_r500,4,AB,B,1,11,221.151993,227.502
n65536_q32_r500,4,AB,B,1,12,219.423996,225.511
n65536_q32_r500,4,AB,B,1,13,222.463989,228.609
n65536_q32_r500,4,AB,B,1,14,219.360001,225.779
n65536_q32_r500,4,AB,B,1,15,220.192001,226.175
n65536_q32_r500,4,AB,B,1,16,219.328003,225.501
n65536_q32_r500,4,AB,B,1,17,221.40799,227.496
n65536_q32_r500,4,AB,B,1,18,219.360001,225.813
n65536_q32_r500,4,AB,B,1,19,220.096008,226.184
n65536_q32_r500,4,AB,B,1,20,219.328003,225.518
n65536_q32_r500,4,AB,B,1,21,219.391998,225.532
n65536_q32_r500,4,AB,B,1,22,219.360001,225.809
n65536_q32_r500,4,AB,B,1,23,220.223999,226.277
n65536_q32_r500,4,AB,B,1,24,219.391998,225.486
n65536_q32_r500,4,AB,B,1,25,219.391998,225.66
n65536_q32_r500,4,AB,B,1,26,221.151993,227.643
n65536_q32_r500,4,AB,B,1,27,219.360001,225.746
n65536_q32_r500,4,AB,B,1,28,220.192001,226.216
n65536_q32_r500,4,AB,B,1,29,219.328003,225.648
n65536_q32_r500,4,AB,B,1,30,219.360001,225.502
n65536_q32_r500,4,AB,B,1,31,219.360001,225.927
n65536_q32_r500,4,AB,B,1,32,219.552002,225.626
n65536_q32_r500,4,AB,B,1,33,219.29599,225.504
n65536_q32_r500,4,AB,B,1,34,217.311996,223.521
n65536_q32_r500,4,AB,B,1,35,217.375992,223.508
n65536_q32_r500,4,AB,B,1,36,219.360001,225.863
n65536_q32_r500,4,AB,B,1,37,221.024002,227.14
n65536_q32_r500,4,AB,B,1,38,219.391998,225.52
n65536_q32_r500,4,AB,B,1,39,219.360001,225.559
n65536_q32_r500,4,AB,B,1,40,221.311996,227.941
n65536_q32_r500,4,AB,B,1,41,219.104004,225.118
n65536_q32_r500,4,AB,B,1,42,219.360001,225.477
n65536_q32_r500,4,AB,B,1,43,217.216003,223.478
n65536_q32_r500,4,AB,B,1,44,219.456009,226.342
n65536_q32_r500,4,AB,B,1,45,221.888,227.79
n65536_q32_r500,4,AB,B,1,46,217.311996,223.556
n65536_q32_r500,4,AB,B,1,47,219.360001,225.582
n65536_q32_r500,4,AB,B,1,48,219.360001,225.595
n65536_q32_r500,4,AB,B,1,49,219.391998,225.874
n65536_q32_r500,4,AB,B,1,50,219.231995,225.119
n65536_q32_r500,4,AB,B,1,51,217.311996,222.648
n65536_q32_r500,4,AB,B,1,52,217.503998,222.51
n65536_q32_r500,4,AB,B,1,53,221.40799,225.875
n65536_q32_r500,4,AB,B,1,54,240.416,246.452
n65536_q32_r500,4,AB,B,1,55,237.664001,243.505
n65536_q32_r500,4,AB,B,1,56,238.464005,244.442
n65536_q32_r500,4,AB,B,1,57,235.584,242.152
n65536_q32_r500,4,AB,B,1,58,235.103989,241.689
n65536_q32_r500,4,AB,B,1,59,236.608002,243.003
n65536_q32_r500,4,AB,B,1,60,231.520004,237.841
n65536_q32_r500,4,AB,B,1,61,231.488007,237.846
n65536_q32_r500,4,AB,B,1,62,227.456009,234.008
n65536_q32_r500,4,AB,B,1,63,227.29599,233.4
n65536_q32_r500,4,AB,B,1,64,227.456009,233.739
n65536_q32_r500,4,AB,B,1,65,229.535995,235.841
n65536_q32_r500,4,AB,B,1,66,227.423996,234.011
n65536_q32_r500,4,AB,B,1,67,229.376007,234.946
n65536_q32_r500,4,AB,B,1,68,227.904007,234.186
n65536_q32_r500,4,AB,B,1,69,227.423996,233.676
n65536_q32_r500,4,AB,B,1,70,231.744003,238.145
n65536_q32_r500,4,AB,B,1,71,231.455994,237.525
n65536_q32_r500,4,AB,B,1,72,231.712006,237.085
n65536_q32_r500,4,AB,B,1,73,231.520004,236.611
n65536_q32_r500,4,AB,B,1,74,227.456009,233.831
n65536_q32_r500,4,AB,B,1,75,231.007996,237.447
n65536_q32_r500,4,AB,B,1,76,231.424011,237.898
n65536_q32_r500,4,AB,B,1,77,234.59201,239.98
n65536_q32_r500,4,AB,B,1,78,231.391998,237.889
n65536_q32_r500,4,AB,B,1,79,229.151993,233.547
n65536_q32_r500,4,AB,B,1,80,232.544006,237.839
n65536_q32_r500,4,AB,B,1,81,229.472,235.812
n65536_q32_r500,4,AB,B,1,82,229.76001,235.968
n65536_q32_r500,4,AB,B,1,83,230.463989,236.861
n65536_q32_r500,4,AB,B,1,84,229.376007,235.367
n65536_q32_r500,4,AB,B,1,85,231.520004,237.808
n65536_q32_r500,4,AB,B,1,86,231.552002,237.836
n65536_q32_r500,4,AB,B,1,87,231.424011,238.001
n65536_q32_r500,4,AB,B,1,88,228.35199,234.366
n65536_q32_r500,4,AB,B,1,89,231.552002,237.862
n65536_q32_r500,4,AB,B,1,90,231.328003,237.911
n65536_q32_r500,4,AB,B,1,91,233.600006,240.142
n65536_q32_r500,4,AB,B,1,92,230.112,236.222
n65536_q32_r500,4,AB,B,1,93,229.535995,235.698
n65536_q32_r500,4,AB,B,1,94,233.632004,239.955
n65536_q32_r500,4,AB,B,1,95,229.503998,235.984
n65536_q32_r500,4,AB,B,1,96,230.463989,236.552
n65536_q32_r500,4,AB,B,1,97,229.503998,235.731
n65536_q32_r500,4,AB,B,1,98,229.535995,235.749
n65536_q32_r500,4,AB,B,1,99,233.632004,239.928
n65536_q32_r500,4,AB,B,64,0,232.480499,232.569516
n65536_q32_r500,4,AB,B,64,1,234.235489,234.321031
n65536_q32_r500,4,AB,B,64,2,234.253494,234.354016
n65536_q32_r500,4,AB,B,64,3,234.156509,234.260437
n65536_q32_r500,4,AB,B,64,4,234.173004,234.256609
n65536_q32_r500,4,AB,B,64,5,234.197006,234.284875
n65536_q32_r500,4,AB,B,64,6,234.429001,234.531578
n65536_q32_r500,4,AB,B,64,7,234.660507,234.764859
n65536_q32_r500,4,AB,B,64,8,234.092499,234.176547
n65536_q32_r500,4,AB,B,64,9,234.087494,234.176891
n65536_q32_r500,4,AB,B,64,10,234.4935,234.592484
n65536_q32_r500,4,AB,B,64,11,234.143005,234.24125
n65536_q32_r500,4,AB,B,64,12,234.109512,234.194641
n65536_q32_r500,4,AB,B,64,13,234.487991,234.5795
n65536_q32_r500,4,AB,B,64,14,234.393509,234.49525
n65536_q32_r500,4,AB,B,64,15,233.852005,233.952109
n65536_q32_r500,4,AB,B,64,16,234.334,234.416969
n65536_q32_r500,4,AB,B,64,17,234.246506,234.335734
n65536_q32_r500,4,AB,B,64,18,234.014008,234.111922
n65536_q32_r500,4,AB,B,64,19,234.089996,234.188797
n65536_q32_r500,5,BA,B,1,0,238.112,252.237
n65536_q32_r500,5,BA,B,1,1,233.472,240.175
n65536_q32_r500,5,BA,B,1,2,234.175995,240.239
n65536_q32_r500,5,BA,B,1,3,234.367996,241.008
n65536_q32_r500,5,BA,B,1,4,234.784012,241.218
n65536_q32_r500,5,BA,B,1,5,232.319992,238.61
n65536_q32_r500,5,BA,B,1,6,237.568008,243.822
n65536_q32_r500,5,BA,B,1,7,236.384003,242.825
n65536_q32_r500,5,BA,B,1,8,236.639999,243.0
n65536_q32_r500,5,BA,B,1,9,234.464005,241.166
n65536_q32_r500,5,BA,B,1,10,240.799988,246.84
n65536_q32_r500,5,BA,B,1,11,236.416,242.654
n65536_q32_r500,5,BA,B,1,12,235.29599,241.996
n65536_q32_r500,5,BA,B,1,13,236.031998,242.377
n65536_q32_r500,5,BA,B,1,14,232.544006,238.754
n65536_q32_r500,5,BA,B,1,15,235.456009,241.893
n65536_q32_r500,5,BA,B,1,16,236.639999,243.084
n65536_q32_r500,5,BA,B,1,17,234.047989,240.393
n65536_q32_r500,5,BA,B,1,18,236.543991,242.837
n65536_q32_r500,5,BA,B,1,19,235.231995,241.82
n65536_q32_r500,5,BA,B,1,20,233.567993,240.054
n65536_q32_r500,5,BA,B,1,21,236.320007,243.625
n65536_q32_r500,5,BA,B,1,22,234.528,240.65
n65536_q32_r500,5,BA,B,1,23,233.18399,239.715
n65536_q32_r500,5,BA,B,1,24,236.671997,243.138
n65536_q32_r500,5,BA,B,1,25,236.095993,242.489
n65536_q32_r500,5,BA,B,1,26,236.639999,242.953
n65536_q32_r500,5,BA,B,1,27,235.29599,241.839
n65536_q32_r500,5,BA,B,1,28,235.584,242.173
n65536_q32_r500,5,BA,B,1,29,234.112,240.428
n65536_q32_r500,5,BA,B,1,30,238.560013,244.75
n65536_q32_r500,5,BA,B,1,31,234.367996,240.737
n65536_q32_r500,5,BA,B,1,32,233.567993,240.109
n65536_q32_r500,5,BA,B,1,33,236.031998,242.418
n65536_q32_r500,5,BA,B,1,34,233.408005,239.87
n65536_q32_r500,5,BA,B,1,35,234.400009,240.731
n65536_q32_r500,5,BA,B,1,36,234.623993,241.018
n65536_q32_r500,5,BA,B,1,37,234.208008,240.559
n65536_q32_r500,5,BA,B,1,38,238.688004,244.917
n65536_q32_r500,5,BA,B,1,39,236.416,242.836
n65536_q32_r500,5,BA,B,1,40,233.408005,239.812
n65536_q32_r500,5,BA,B,1,41,239.552002,245.992
n65536_q32_r500,5,BA,B,1,42,238.720001,244.692
n65536_q32_r500,5,BA,B,1,43,235.456009,241.792
n65536_q32_r500,5,BA,B,1,44,233.344009,239.785
n65536_q32_r500,5,BA,B,1,45,235.360001,242.143
n65536_q32_r500,5,BA,B,1,46,238.335999,244.512
n65536_q32_r500,5,BA,B,1,47,235.423996,241.241
n65536_q32_r500,5,BA,B,1,48,237.984009,244.009
n65536_q32_r500,5,BA,B,1,49,235.679993,242.562
n65536_q32_r500,5,BA,B,1,50,232.255997,237.402
n65536_q32_r500,5,BA,B,1,51,234.272003,239.722
n65536_q32_r500,5,BA,B,1,52,233.536011,239.945
n65536_q32_r500,5,BA,B,1,53,233.344009,240.015
n65536_q32_r500,5,BA,B,1,54,234.335999,240.426
n65536_q32_r500,5,BA,B,1,55,235.423996,241.995
n65536_q32_r500,5,BA,B,1,56,233.472,239.826
n65536_q32_r500,5,BA,B,1,57,238.432007,245.183
n65536_q32_r500,5,BA,B,1,58,234.431992,240.482
n65536_q32_r500,5,BA,B,1,59,234.367996,240.851
n65536_q32_r500,5,BA,B,1,60,232.576004,238.867
n65536_q32_r500,5,BA,B,1,61,236.384003,243.066
n65536_q32_r500,5,BA,B,1,62,234.431992,240.483
n65536_q32_r500,5,BA,B,1,63,238.496002,244.712
n65536_q32_r500,5,BA,B,1,64,233.919998,240.022
n65536_q32_r500,5,BA,B,1,65,235.584,242.157
n65536_q32_r500,5,BA,B,1,66,238.560013,244.584
n65536_q32_r500,5,BA,B,1,67,235.615997,241.868
n65536_q32_r500,5,BA,B,1,68,239.680008,244.028
n65536_q32_r500,5,BA,B,1,69,235.231995,240.956
n65536_q32_r500,5,BA,B,1,70,234.400009,240.471
n65536_q32_r500,5,BA,B,1,71,238.496002,244.932
n65536_q32_r500,5,BA,B,1,72,236.416,241.043
n65536_q32_r500,5,BA,B,1,73,236.159988,240.969
n65536_q32_r500,5,BA,B,1,74,235.103989,239.541
n65536_q32_r500,5,BA,B,1,75,238.240005,243.809
n65536_q32_r500,5,BA,B,1,76,233.248001,239.789
n65536_q32_r500,5,BA,B,1,77,235.807999,241.905
n65536_q32_r500,5,BA,B,1,78,232.639999,238.999
n65536_q32_r500,5,BA,B,1,79,234.335999,240.565
n65536_q32_r500,5,BA,B,1,80,236.70401,242.939
n65536_q32_r500,5,BA,B,1,81,233.408005,239.799
n65536_q32_r500,5,BA,B,1,82,238.848007,246.206
n65536_q32_r500,5,BA,B,1,83,236.255997,242.516
n65536_q32_r500,5,BA,B,1,84,234.496002,240.886
n65536_q32_r500,5,BA,B,1,85,235.29599,241.917
n65536_q32_r500,5,BA,B,1,86,234.59201,241.113
n65536_q32_r500,5,BA,B,1,87,234.143997,240.381
n65536_q32_r500,5,BA,B,1,88,234.656006,240.822
n65536_q32_r500,5,BA,B,1,89,237.376007,243.931
n65536_q32_r500,5,BA,B,1,90,234.496002,241.093
n65536_q32_r500,5,BA,B,1,91,235.903992,242.582
n65536_q32_r500,5,BA,B,1,92,236.576004,242.901
n65536_q32_r500,5,BA,B,1,93,236.447998,242.751
n65536_q32_r500,5,BA,B,1,94,239.743988,246.19
n65536_q32_r500,5,BA,B,1,95,235.231995,241.485
n65536_q32_r500,5,BA,B,1,96,234.656006,240.903
n65536_q32_r500,5,BA,B,1,97,238.496002,244.88
n65536_q32_r500,5,BA,B,1,98,236.70401,243.206
n65536_q32_r500,5,BA,B,1,99,234.047989,240.524
n65536_q32_r500,5,BA,B,64,0,234.354004,234.4545
n65536_q32_r500,5,BA,B,64,1,234.459503,234.560391
n65536_q32_r500,5,BA,B,64,2,234.708496,234.812047
n65536_q32_r500,5,BA,B,64,3,234.265991,234.368766
n65536_q32_r500,5,BA,B,64,4,234.251999,234.365859
n65536_q32_r500,5,BA,B,64,5,234.666504,234.768453
n65536_q32_r500,5,BA,B,64,6,234.761002,234.861859
n65536_q32_r500,5,BA,B,64,7,234.846497,234.945188
n65536_q32_r500,5,BA,B,64,8,234.507507,234.605953
n65536_q32_r500,5,BA,B,64,9,234.411499,234.510156
n65536_q32_r500,5,BA,B,64,10,234.473999,234.577422
n65536_q32_r500,5,BA,B,64,11,234.115494,234.22125
n65536_q32_r500,5,BA,B,64,12,234.505005,234.605813
n65536_q32_r500,5,BA,B,64,13,234.281006,234.382453
n65536_q32_r500,5,BA,B,64,14,234.708496,234.813375
n65536_q32_r500,5,BA,B,64,15,234.682495,234.782828
n65536_q32_r500,5,BA,B,64,16,234.059006,234.162234
n65536_q32_r500,5,BA,B,64,17,234.634506,234.734422
n65536_q32_r500,5,BA,B,64,18,234.6035,234.702937
n65536_q32_r500,5,BA,B,64,19,234.376999,234.479516
n65536_q32_r500,5,BA,A,1,0,278.528015,285.735
n65536_q32_r500,5,BA,A,1,1,276.287994,281.786
n65536_q32_r500,5,BA,A,1,2,277.247986,282.684
n65536_q32_r500,5,BA,A,1,3,275.552002,281.964
n65536_q32_r500,5,BA,A,1,4,276.511993,282.699
n65536_q32_r500,5,BA,A,1,5,276.47998,282.571
n65536_q32_r500,5,BA,A,1,6,275.487976,281.776
n65536_q32_r500,5,BA,A,1,7,276.639984,283.056
n65536_q32_r500,5,BA,A,1,8,276.384003,282.403
n65536_q32_r500,5,BA,A,1,9,275.552002,281.816
n65536_q32_r500,5,BA,A,1,10,275.615997,282.048
n65536_q32_r500,5,BA,A,1,11,276.447998,282.589
n65536_q32_r500,5,BA,A,1,12,275.519989,281.901
n65536_q32_r500,5,BA,A,1,13,276.735992,282.835
n65536_q32_r500,5,BA,A,1,14,275.743988,282.075
n65536_q32_r500,5,BA,A,1,15,275.64801,281.491
n65536_q32_r500,5,BA,A,1,16,275.808014,281.948
n65536_q32_r500,5,BA,A,1,17,275.487976,281.915
n65536_q32_r500,5,BA,A,1,18,276.47998,282.997
n65536_q32_r500,5,BA,A,1,19,276.511993,281.7
n65536_q32_r500,5,BA,A,1,20,277.343994,281.847
n65536_q32_r500,5,BA,A,1,21,277.471985,282.171
n65536_q32_r500,5,BA,A,1,22,276.959991,282.323
n65536_q32_r500,5,BA,A,1,23,275.967987,281.906
n65536_q32_r500,5,BA,A,1,24,275.776001,281.941
n65536_q32_r500,5,BA,A,1,25,276.768005,283.078
n65536_q32_r500,5,BA,A,1,26,276.384003,282.518
n65536_q32_r500,5,BA,A,1,27,275.519989,281.823
n65536_q32_r500,5,BA,A,1,28,275.552002,282.152
n65536_q32_r500,5,BA,A,1,29,277.536011,283.66
n65536_q32_r500,5,BA,A,1,30,275.456024,281.752
n65536_q32_r500,5,BA,A,1,31,275.584015,281.884
n65536_q32_r500,5,BA,A,1,32,275.552002,282.052
n65536_q32_r500,5,BA,A,1,33,276.416016,282.538
n65536_q32_r500,5,BA,A,1,34,275.456024,281.916
n65536_q32_r500,5,BA,A,1,35,275.424011,282.082
n65536_q32_r500,5,BA,A,1,36,276.287994,282.386
n65536_q32_r500,5,BA,A,1,37,275.359985,281.861
n65536_q32_r500,5,BA,A,1,38,275.487976,281.874
n65536_q32_r500,5,BA,A,1,39,275.584015,282.098
n65536_q32_r500,5,BA,A,1,40,276.35199,282.448
n65536_q32_r500,5,BA,A,1,41,275.456024,281.95
n65536_q32_r500,5,BA,A,1,42,275.519989,282.062
n65536_q32_r500,5,BA,A,1,43,276.384003,282.439
n65536_q32_r500,5,BA,A,1,44,275.615997,281.899
n65536_q32_r500,5,BA,A,1,45,275.264008,281.911
n65536_q32_r500,5,BA,A,1,46,275.519989,281.966
n65536_q32_r500,5,BA,A,1,47,276.47998,282.503
n65536_q32_r500,5,BA,A,1,48,275.456024,281.863
n65536_q32_r500,5,BA,A,1,49,275.328003,282.023
n65536_q32_r500,5,BA,A,1,50,276.35199,282.494
n65536_q32_r500,5,BA,A,1,51,275.487976,281.871
n65536_q32_r500,5,BA,A,1,52,277.631989,283.943
n65536_q32_r500,5,BA,A,1,53,277.503998,284.064
n65536_q32_r500,5,BA,A,1,54,276.320007,282.469
n65536_q32_r500,5,BA,A,1,55,275.487976,281.815
n65536_q32_r500,5,BA,A,1,56,275.456024,282.11
n65536_q32_r500,5,BA,A,1,57,276.320007,282.376
n65536_q32_r500,5,BA,A,1,58,275.552002,281.839
n65536_q32_r500,5,BA,A,1,59,275.519989,281.916
n65536_q32_r500,5,BA,A,1,60,275.552002,282.125
n65536_q32_r500,5,BA,A,1,61,276.416016,282.491
n65536_q32_r500,5,BA,A,1,62,275.519989,281.83
n65536_q32_r500,5,BA,A,1,63,275.487976,281.994
n65536_q32_r500,5,BA,A,1,64,276.47998,282.64
n65536_q32_r500,5,BA,A,1,65,275.456024,281.829
n65536_q32_r500,5,BA,A,1,66,275.424011,281.861
n65536_q32_r500,5,BA,A,1,67,275.552002,282.042
n65536_q32_r500,5,BA,A,1,68,276.384003,282.438
n65536_q32_r500,5,BA,A,1,69,277.599976,283.545
n65536_q32_r500,5,BA,A,1,70,276.959991,281.816
n65536_q32_r500,5,BA,A,1,71,277.888,284.546
n65536_q32_r500,5,BA,A,1,72,276.447998,281.521
n65536_q32_r500,5,BA,A,1,73,275.840027,281.834
n65536_q32_r500,5,BA,A,1,74,276.544006,283.134
n65536_q32_r500,5,BA,A,1,75,276.384003,282.487
n65536_q32_r500,5,BA,A,1,76,275.584015,281.923
n65536_q32_r500,5,BA,A,1,77,275.424011,281.893
n65536_q32_r500,5,BA,A,1,78,275.519989,281.157
n65536_q32_r500,5,BA,A,1,79,276.832001,281.374
n65536_q32_r500,5,BA,A,1,80,277.376007,282.736
n65536_q32_r500,5,BA,A,1,81,275.456024,282.073
n65536_q32_r500,5,BA,A,1,82,276.35199,281.618
n65536_q32_r500,5,BA,A,1,83,276.416016,280.831
n65536_q32_r500,5,BA,A,1,84,277.376007,282.696
n65536_q32_r500,5,BA,A,1,85,275.519989,282.153
n65536_q32_r500,5,BA,A,1,86,276.384003,282.1
n65536_q32_r500,5,BA,A,1,87,276.0,282.312
n65536_q32_r500,5,BA,A,1,88,276.47998,282.271
n65536_q32_r500,5,BA,A,1,89,275.840027,281.9
n65536_q32_r500,5,BA,A,1,90,275.776001,281.823
n65536_q32_r500,5,BA,A,1,91,275.743988,280.966
n65536_q32_r500,5,BA,A,1,92,276.511993,281.811
n65536_q32_r500,5,BA,A,1,93,277.184021,281.524
n65536_q32_r500,5,BA,A,1,94,276.544006,280.887
n65536_q32_r500,5,BA,A,1,95,277.440002,283.043
n65536_q32_r500,5,BA,A,1,96,276.255981,282.381
n65536_q32_r500,5,BA,A,1,97,275.328003,281.872
n65536_q32_r500,5,BA,A,1,98,275.519989,281.861
n65536_q32_r500,5,BA,A,1,99,275.584015,281.007
n65536_q32_r500,5,BA,A,64,0,273.927521,274.00025
n65536_q32_r500,5,BA,A,64,1,273.877502,273.968625
n65536_q32_r500,5,BA,A,64,2,273.778503,273.887141
n65536_q32_r500,5,BA,A,64,3,273.911011,274.0115
n65536_q32_r500,5,BA,A,64,4,273.882507,273.982219
n65536_q32_r500,5,BA,A,64,5,263.391479,263.494625
n65536_q32_r500,5,BA,A,64,6,251.214508,251.315641
n65536_q32_r500,5,BA,A,64,7,251.20401,251.308047
n65536_q32_r500,5,BA,A,64,8,251.210983,251.325625
n65536_q32_r500,5,BA,A,64,9,251.213013,251.311266
n65536_q32_r500,5,BA,A,64,10,251.215012,251.311297
n65536_q32_r500,5,BA,A,64,11,251.208511,251.308797
n65536_q32_r500,5,BA,A,64,12,251.215485,251.313547
n65536_q32_r500,5,BA,A,64,13,251.212006,251.311578
n65536_q32_r500,5,BA,A,64,14,251.207001,251.310578
n65536_q32_r500,5,BA,A,64,15,251.205505,251.309125
n65536_q32_r500,5,BA,A,64,16,251.210983,251.311922
n65536_q32_r500,5,BA,A,64,17,251.205002,251.309906
n65536_q32_r500,5,BA,A,64,18,251.214005,251.311047
n65536_q32_r500,5,BA,A,64,19,251.215485,251.316563
n65536_q128_r300,0,AB,A,1,0,916.064026,937.418
n65536_q128_r300,0,AB,A,1,1,913.984009,920.299
n65536_q128_r300,0,AB,A,1,2,910.656006,917.697
n65536_q128_r300,0,AB,A,1,3,911.263977,919.097
n65536_q128_r300,0,AB,A,1,4,911.616028,919.488
n65536_q128_r300,0,AB,A,1,5,910.432007,919.846
n65536_q128_r300,0,AB,A,1,6,907.840027,914.504
n65536_q128_r300,0,AB,A,1,7,906.912048,913.256
n65536_q128_r300,0,AB,A,1,8,907.744019,914.113
n65536_q128_r300,0,AB,A,1,9,906.368042,912.744
n65536_q128_r300,0,AB,A,1,10,906.752014,913.526
n65536_q128_r300,0,AB,A,1,11,906.94397,913.291
n65536_q128_r300,0,AB,A,1,12,907.104004,913.491
n65536_q128_r300,0,AB,A,1,13,908.992004,915.362
n65536_q128_r300,0,AB,A,1,14,906.912048,913.275
n65536_q128_r300,0,AB,A,1,15,907.360046,913.642
n65536_q128_r300,0,AB,A,1,16,906.144043,911.486
n65536_q128_r300,0,AB,A,1,17,909.951965,915.457
n65536_q128_r300,0,AB,A,1,18,907.231995,913.612
n65536_q128_r300,0,AB,A,1,19,907.104004,913.558
n65536_q128_r300,0,AB,A,1,20,907.167969,913.227
n65536_q128_r300,0,AB,A,1,21,906.335999,913.028
n65536_q128_r300,0,AB,A,1,22,909.247986,915.482
n65536_q128_r300,0,AB,A,1,23,909.151978,913.88
n65536_q128_r300,0,AB,A,1,24,908.544006,914.325
n65536_q128_r300,0,AB,A,1,25,907.263977,913.65
n65536_q128_r300,0,AB,A,1,26,906.624023,913.536
n65536_q128_r300,0,AB,A,1,27,907.167969,913.507
n65536_q128_r300,0,AB,A,1,28,906.208008,912.458
n65536_q128_r300,0,AB,A,1,29,907.263977,913.525
n65536_q128_r300,0,AB,A,1,30,906.335999,912.657
n65536_q128_r300,0,AB,A,1,31,907.167969,913.554
n65536_q128_r300,0,AB,A,1,32,906.208008,912.318
n65536_q128_r300,0,AB,A,1,33,907.328003,913.891
n65536_q128_r300,0,AB,A,1,34,907.231995,913.512
n65536_q128_r300,0,AB,A,1,35,906.23999,912.529
n65536_q128_r300,0,AB,A,1,36,907.199951,913.547
n65536_q128_r300,0,AB,A,1,37,907.007996,913.578
n65536_q128_r300,0,AB,A,1,38,907.104004,913.43
n65536_q128_r300,0,AB,A,1,39,907.072021,912.579
n65536_q128_r300,0,AB,A,1,40,907.840027,913.394
n65536_q128_r300,0,AB,A,1,41,910.304016,916.625
n65536_q128_r300,0,AB,A,1,42,905.951965,913.283
n65536_q128_r300,0,AB,A,1,43,907.007996,913.147
n65536_q128_r300,0,AB,A,1,44,909.600037,914.96
n65536_q128_r300,0,AB,A,1,45,906.815979,913.39
n65536_q128_r300,0,AB,A,1,46,907.935974,913.664
n65536_q128_r300,0,AB,A,1,47,907.167969,913.492
n65536_q128_r300,0,AB,A,1,48,906.208008,912.57
n65536_q128_r300,0,AB,A,1,49,907.007996,913.383
n65536_q128_r300,0,AB,A,1,50,907.231995,913.573
n65536_q128_r300,0,AB,A,1,51,906.271973,912.574
n65536_q128_r300,0,AB,A,1,52,907.167969,913.524
n65536_q128_r300,0,AB,A,1,53,906.304016,912.547
n65536_q128_r300,0,AB,A,1,54,907.263977,913.644
n65536_q128_r300,0,AB,A,1,55,907.167969,913.322
n65536_q128_r300,0,AB,A,1,56,907.328003,913.925
n65536_q128_r300,0,AB,A,1,57,907.167969,913.484
n65536_q128_r300,0,AB,A,1,58,906.848022,913.671
n65536_q128_r300,0,AB,A,1,59,908.191956,913.587
n65536_q128_r300,0,AB,A,1,60,907.935974,913.381
n65536_q128_r300,0,AB,A,1,61,907.42395,912.742
n65536_q128_r300,0,AB,A,1,62,907.136047,913.488
n65536_q128_r300,0,AB,A,1,63,907.199951,913.605
n65536_q128_r300,0,AB,A,1,64,907.136047,913.467
n65536_q128_r300,0,AB,A,1,65,907.296021,912.684
n65536_q128_r300,0,AB,A,1,66,906.815979,913.354
n65536_q128_r300,0,AB,A,1,67,906.23999,911.401
n65536_q128_r300,0,AB,A,1,68,908.191956,913.693
n65536_q128_r300,0,AB,A,1,69,906.271973,912.632
n65536_q128_r300,0,AB,A,1,70,907.199951,913.516
n65536_q128_r300,0,AB,A,1,71,907.296021,913.587
n65536_q128_r300,0,AB,A,1,72,907.360046,913.778
n65536_q128_r300,0,AB,A,1,73,907.360046,914.128
n65536_q128_r300,0,AB,A,1,74,906.719971,913.476
n65536_q128_r300,0,AB,A,1,75,914.496033,920.744
n65536_q128_r300,0,AB,A,1,76,907.039978,913.76
n65536_q128_r300,0,AB,A,1,77,907.583984,914.223
n65536_q128_r300,0,AB,A,1,78,907.072021,916.137
n65536_q128_r300,0,AB,A,1,79,908.799988,914.922
n65536_q128_r300,0,AB,A,1,80,906.335999,912.894
n65536_q128_r300,0,AB,A,1,81,907.328003,913.602
n65536_q128_r300,0,AB,A,1,82,907.136047,912.566
n65536_q128_r300,0,AB,A,1,83,909.536011,918.605
n65536_q128_r300,0,AB,A,1,84,907.136047,913.468
n65536_q128_r300,0,AB,A,1,85,907.167969,912.546
n65536_q128_r300,0,AB,A,1,86,907.935974,912.662
n65536_q128_r300,0,AB,A,1,87,907.872009,912.549
n65536_q128_r300,0,AB,A,1,88,907.935974,912.404
n65536_q128_r300,0,AB,A,1,89,907.072021,912.498
n65536_q128_r300,0,AB,A,1,90,906.783997,913.366
n65536_q128_r300,0,AB,A,1,91,915.52002,922.148
n65536_q128_r300,0,AB,A,1,92,907.007996,913.412
n65536_q128_r300,0,AB,A,1,93,907.136047,913.454
n65536_q128_r300,0,AB,A,1,94,907.199951,913.519
n65536_q128_r300,0,AB,A,1,95,907.328003,913.657
n65536_q128_r300,0,AB,A,1,96,908.223999,914.545
n65536_q128_r300,0,AB,A,1,97,907.167969,913.492
n65536_q128_r300,0,AB,A,1,98,907.296021,913.657
n65536_q128_r300,0,AB,A,1,99,906.656006,918.568
n65536_q128_r300,0,AB,A,64,0,904.176025,904.274625
n65536_q128_r300,0,AB,A,64,1,895.402039,895.502922
n65536_q128_r300,0,AB,A,64,2,829.304993,829.408156
n65536_q128_r300,0,AB,A,64,3,829.228516,829.331328
n65536_q128_r300,0,AB,A,64,4,829.112,829.212859
n65536_q128_r300,0,AB,A,64,5,829.194458,829.296672
n65536_q128_r300,0,AB,A,64,6,829.213501,829.315859
n65536_q128_r300,0,AB,A,64,7,829.158997,829.261516
n65536_q128_r300,0,AB,A,64,8,829.2005,829.300203
n65536_q128_r300,0,AB,A,64,9,829.238464,829.338672
n65536_q128_r300,0,AB,A,64,10,829.200989,829.285828
n65536_q128_r300,0,AB,A,64,11,829.297485,829.383359
n65536_q128_r300,0,AB,A,64,12,829.263,829.364891
n65536_q128_r300,0,AB,A,64,13,829.156494,829.261062
n65536_q128_r300,0,AB,A,64,14,829.295532,829.394531
n65536_q128_r300,0,AB,A,64,15,829.237549,829.340375
n65536_q128_r300,0,AB,A,64,16,829.230469,829.332828
n65536_q128_r300,0,AB,A,64,17,829.176514,829.279578
n65536_q128_r300,0,AB,A,64,18,829.137512,829.237359
n65536_q128_r300,0,AB,A,64,19,829.268982,829.370578
n65536_q128_r300,0,AB,B,1,0,715.679993,723.822
n65536_q128_r300,0,AB,B,1,1,717.728027,722.968
n65536_q128_r300,0,AB,B,1,2,719.424011,725.189
n65536_q128_r300,0,AB,B,1,3,712.703979,718.689
n65536_q128_r300,0,AB,B,1,4,715.007996,721.451
n65536_q128_r300,0,AB,B,1,5,710.559998,716.776
n65536_q128_r300,0,AB,B,1,6,711.711975,717.605
n65536_q128_r300,0,AB,B,1,7,715.744019,722.354
n65536_q128_r300,0,AB,B,1,8,713.695984,719.915
n65536_q128_r300,0,AB,B,1,9,713.792053,720.006
n65536_q128_r300,0,AB,B,1,10,712.640015,718.742
n65536_q128_r300,0,AB,B,1,11,710.880005,717.119
n65536_q128_r300,0,AB,B,1,12,714.559998,720.86
n65536_q128_r300,0,AB,B,1,13,715.903992,721.822
n65536_q128_r300,0,AB,B,1,14,712.895996,719.224
n65536_q128_r300,0,AB,B,1,15,713.76001,720.031
n65536_q128_r300,0,AB,B,1,16,710.656006,716.854
n65536_q128_r300,0,AB,B,1,17,713.728027,718.701
n65536_q128_r300,0,AB,B,1,18,711.935974,718.276
n65536_q128_r300,0,AB,B,1,19,713.728027,719.977
n65536_q128_r300,0,AB,B,1,20,712.736023,718.735
n65536_q128_r300,0,AB,B,1,21,714.976013,721.465
n65536_q128_r300,0,AB,B,1,22,712.671997,718.998
n65536_q128_r300,0,AB,B,1,23,714.687988,720.949
n65536_q128_r300,0,AB,B,1,24,710.015991,716.688
n65536_q128_r300,0,AB,B,1,25,712.927979,718.359
n65536_q128_r300,0,AB,B,1,26,716.287964,721.873
n65536_q128_r300,0,AB,B,1,27,710.623962,716.854
n65536_q128_r300,0,AB,B,1,28,713.76001,719.794
n65536_q128_r300,0,AB,B,1,29,713.952026,720.403
n65536_q128_r300,0,AB,B,1,30,713.695984,720.037
n65536_q128_r300,0,AB,B,1,31,714.463989,720.555
n65536_q128_r300,0,AB,B,1,32,710.847961,717.326
n65536_q128_r300,0,AB,B,1,33,712.703979,718.926
n65536_q128_r300,0,AB,B,1,34,713.76001,720.145
n65536_q128_r300,0,AB,B,1,35,714.656006,720.749
n65536_q128_r300,0,AB,B,1,36,716.960022,723.431
n65536_q128_r300,0,AB,B,1,37,714.623962,720.956
n65536_q128_r300,0,AB,B,1,38,715.744019,721.792
n65536_q128_r300,0,AB,B,1,39,712.992004,718.305
n65536_q128_r300,0,AB,B,1,40,713.631958,719.949
n65536_q128_r300,0,AB,B,1,41,713.792053,720.089
n65536_q128_r300,0,AB,B,1,42,712.607971,718.673
n65536_q128_r300,0,AB,B,1,43,714.976013,721.285
n65536_q128_r300,0,AB,B,1,44,714.911987,721.112
n65536_q128_r300,0,AB,B,1,45,711.455994,716.655
n65536_q128_r300,0,AB,B,1,46,714.656006,720.3
n65536_q128_r300,0,AB,B,1,47,711.744019,717.991
n65536_q128_r300,0,AB,B,1,48,712.544006,718.817
n65536_q128_r300,0,AB,B,1,49,715.744019,721.712
n65536_q128_r300,0,AB,B,1,50,713.919983,719.874
n65536_q128_r300,0,AB,B,1,51,716.063965,721.497
n65536_q128_r300,0,AB,B,1,52,712.640015,718.83
n65536_q128_r300,0,AB,B,1,53,713.728027,718.834
n65536_q128_r300,0,AB,B,1,54,714.720032,720.172
n65536_q128_r300,0,AB,B,1,55,712.703979,718.858
n65536_q128_r300,0,AB,B,1,56,711.935974,718.532
n65536_q128_r300,0,AB,B,1,57,715.968018,722.372
n65536_q128_r300,0,AB,B,1,58,713.631958,719.859
n65536_q128_r300,0,AB,B,1,59,714.656006,720.987
n65536_q128_r300,0,AB,B,1,60,713.536011,719.622
n65536_q128_r300,0,AB,B,1,61,715.968018,722.307
n65536_q128_r300,0,AB,B,1,62,715.776001,722.083
n65536_q128_r300,0,AB,B,1,63,712.47998,718.691
n65536_q128_r300,0,AB,B,1,64,710.847961,717.313
n65536_q128_r300,0,AB,B,1,65,712.671997,718.954
n65536_q128_r300,0,AB,B,1,66,713.695984,720.018
n65536_q128_r300,0,AB,B,1,67,710.59198,716.69
n65536_q128_r300,0,AB,B,1,68,714.976013,721.459
n65536_q128_r300,0,AB,B,1,69,712.640015,718.955
n65536_q128_r300,0,AB,B,1,70,713.631958,719.867
n65536_q128_r300,0,AB,B,1,71,713.471985,719.944
n65536_q128_r300,0,AB,B,1,72,710.880005,717.387
n65536_q128_r300,0,AB,B,1,73,711.711975,717.897
n65536_q128_r300,0,AB,B,1,74,712.703979,718.676
n65536_q128_r300,0,AB,B,1,75,712.83197,719.349
n65536_q128_r300,0,AB,B,1,76,712.544006,718.874
n65536_q128_r300,0,AB,B,1,77,711.711975,718.046
n65536_q128_r300,0,AB,B,1,78,712.768005,718.768
n65536_q128_r300,0,AB,B,1,79,714.815979,721.376
n65536_q128_r300,0,AB,B,1,80,712.895996,719.21
n65536_q128_r300,0,AB,B,1,81,713.567993,718.695
n65536_q128_r300,0,AB,B,1,82,714.911987,720.246
n65536_q128_r300,0,AB,B,1,83,713.888,720.13
n65536_q128_r300,0,AB,B,1,84,710.656006,716.835
n65536_q128_r300,0,AB,B,1,85,713.76001,719.795
n65536_q128_r300,0,AB,B,1,86,712.927979,719.361
n65536_q128_r300,0,AB,B,1,87,711.359985,717.922
n65536_q128_r300,0,AB,B,1,88,711.359985,717.682
n65536_q128_r300,0,AB,B,1,89,713.952026,720.381
n65536_q128_r300,0,AB,B,1,90,714.815979,720.995
n65536_q128_r300,0,AB,B,1,91,713.695984,719.948
n65536_q128_r300,0,AB,B,1,92,713.76001,719.808
n65536_q128_r300,0,AB,B,1,93,711.935974,718.238
n65536_q128_r300,0,AB,B,1,94,716.992004,723.233
n65536_q128_r300,0,AB,B,1,95,712.800049,718.955
n65536_q128_r300,0,AB,B,1,96,713.855957,719.753
n65536_q128_r300,0,AB,B,1,97,711.935974,718.282
n65536_q128_r300,0,AB,B,1,98,713.855957,720.004
n65536_q128_r300,0,AB,B,1,99,712.447998,718.719
n65536_q128_r300,0,AB,B,64,0,714.75647,714.849641
n65536_q128_r300,0,AB,B,64,1,736.302002,736.390734
n65536_q128_r300,0,AB,B,64,2,736.667542,736.771203
n65536_q128_r300,0,AB,B,64,3,736.244019,736.332984
n65536_q128_r300,0,AB,B,64,4,736.745483,736.833609
n65536_q128_r300,0,AB,B,64,5,736.54303,736.633891
n65536_q128_r300,0,AB,B,64,6,757.047485,757.153328
n65536_q128_r300,0,AB,B,64,7,756.913025,757.020891
n65536_q128_r300,0,AB,B,64,8,756.796021,756.884266
n65536_q128_r300,0,AB,B,64,9,756.947998,757.037063
n65536_q128_r300,0,AB,B,64,10,756.364014,756.452828
n65536_q128_r300,0,AB,B,64,11,756.694031,756.782547
n65536_q128_r300,0,AB,B,64,12,756.714539,756.81975
n65536_q128_r300,0,AB,B,64,13,756.3255,756.429016
n65536_q128_r300,0,AB,B,64,14,757.165466,757.266297
n65536_q128_r300,0,AB,B,64,15,756.940002,757.038859
n65536_q128_r300,0,AB,B,64,16,756.765503,756.866922
n65536_q128_r300,0,AB,B,64,17,757.276489,757.3795
n65536_q128_r300,0,AB,B,64,18,756.487488,756.591281
n65536_q128_r300,0,AB,B,64,19,756.491455,756.595328
n65536_q128_r300,1,BA,B,1,0,763.167969,781.296
n65536_q128_r300,1,BA,B,1,1,760.864014,769.019
n65536_q128_r300,1,BA,B,1,2,762.655945,769.309
n65536_q128_r300,1,BA,B,1,3,758.559998,765.167
n65536_q128_r300,1,BA,B,1,4,756.640015,763.483
n65536_q128_r300,1,BA,B,1,5,762.112,768.363
n65536_q128_r300,1,BA,B,1,6,756.895996,763.225
n65536_q128_r300,1,BA,B,1,7,754.400024,760.819
n65536_q128_r300,1,BA,B,1,8,756.92804,763.918
n65536_q128_r300,1,BA,B,1,9,760.447998,766.816
n65536_q128_r300,1,BA,B,1,10,755.743958,762.315
n65536_q128_r300,1,BA,B,1,11,752.704041,897.73
n65536_q128_r300,1,BA,B,1,12,759.072021,764.584
n65536_q128_r300,1,BA,B,1,13,756.255981,763.009
n65536_q128_r300,1,BA,B,1,14,758.495972,764.688
n65536_q128_r300,1,BA,B,1,15,759.776001,766.369
n65536_q128_r300,1,BA,B,1,16,756.703979,762.954
n65536_q128_r300,1,BA,B,1,17,757.343994,764.004
n65536_q128_r300,1,BA,B,1,18,758.559998,763.727
n65536_q128_r300,1,BA,B,1,19,757.567993,763.316
n65536_q128_r300,1,BA,B,1,20,756.640015,762.954
n65536_q128_r300,1,BA,B,1,21,760.096008,768.118
n65536_q128_r300,1,BA,B,1,22,760.575989,766.685
n65536_q128_r300,1,BA,B,1,23,755.552002,762.409
n65536_q128_r300,1,BA,B,1,24,758.463989,764.812
n65536_q128_r300,1,BA,B,1,25,760.896057,767.971
n65536_q128_r300,1,BA,B,1,26,755.64801,761.728
n65536_q128_r300,1,BA,B,1,27,762.848022,769.36
n65536_q128_r300,1,BA,B,1,28,762.752014,769.274
n65536_q128_r300,1,BA,B,1,29,759.296021,765.917
n65536_q128_r300,1,BA,B,1,30,760.927979,767.078
n65536_q128_r300,1,BA,B,1,31,758.368042,764.778
n65536_q128_r300,1,BA,B,1,32,756.768005,763.355
n65536_q128_r300,1,BA,B,1,33,760.575989,767.17
n65536_q128_r300,1,BA,B,1,34,759.64801,766.042
n65536_q128_r300,1,BA,B,1,35,758.624023,764.798
n65536_q128_r300,1,BA,B,1,36,758.815979,765.367
n65536_q128_r300,1,BA,B,1,37,758.59198,765.035
n65536_q128_r300,1,BA,B,1,38,760.896057,767.16
n65536_q128_r300,1,BA,B,1,39,756.575989,762.794
n65536_q128_r300,1,BA,B,1,40,758.880005,765.503
n65536_q128_r300,1,BA,B,1,41,758.400024,764.918
n65536_q128_r300,1,BA,B,1,42,757.664001,764.026
n65536_q128_r300,1,BA,B,1,43,757.567993,764.029
n65536_q128_r300,1,BA,B,1,44,760.799988,766.058
n65536_q128_r300,1,BA,B,1,45,754.495972,759.88
n65536_q128_r300,1,BA,B,1,46,759.136047,765.299
n65536_q128_r300,1,BA,B,1,47,759.679993,766.162
n65536_q128_r300,1,BA,B,1,48,760.799988,766.888
n65536_q128_r300,1,BA,B,1,49,755.519958,762.371
n65536_q128_r300,1,BA,B,1,50,760.832031,767.067
n65536_q128_r300,1,BA,B,1,51,755.424011,761.946
n65536_q128_r300,1,BA,B,1,52,754.688049,760.717
n65536_q128_r300,1,BA,B,1,53,758.59198,765.433
n65536_q128_r300,1,BA,B,1,54,760.799988,767.169
n65536_q128_r300,1,BA,B,1,55,755.552002,762.121
n65536_q128_r300,1,BA,B,1,56,758.495972,764.642
n65536_q128_r300,1,BA,B,1,57,759.52002,766.582
n65536_q128_r300,1,BA,B,1,58,757.600037,763.934
n65536_q128_r300,1,BA,B,1,59,757.40802,763.973
n65536_q128_r300,1,BA,B,1,60,757.600037,763.922
n65536_q128_r300,1,BA,B,1,61,756.384033,762.741
n65536_q128_r300,1,BA,B,1,62,756.832031,762.37
n65536_q128_r300,1,BA,B,1,63,757.152039,761.801
n65536_q128_r300,1,BA,B,1,64,759.42395,765.001
n65536_q128_r300,1,BA,B,1,65,756.384033,762.57
n65536_q128_r300,1,BA,B,1,66,758.912048,765.492
n65536_q128_r300,1,BA,B,1,67,762.783997,769.159
n65536_q128_r300,1,BA,B,1,68,758.848022,765.184
n65536_q128_r300,1,BA,B,1,69,762.687988,768.838
n65536_q128_r300,1,BA,B,1,70,763.039978,768.679
n65536_q128_r300,1,BA,B,1,71,755.200012,760.885
n65536_q128_r300,1,BA,B,1,72,760.064026,765.809
n65536_q128_r300,1,BA,B,1,73,760.799988,766.984
n65536_q128_r300,1,BA,B,1,74,757.823975,764.36
n65536_q128_r300,1,BA,B,1,75,757.600037,763.992
n65536_q128_r300,1,BA,B,1,76,760.735962,767.104
n65536_q128_r300,1,BA,B,1,77,759.616028,766.004
n65536_q128_r300,1,BA,B,1,78,756.640015,762.719
n65536_q128_r300,1,BA,B,1,79,760.799988,767.489
n65536_q128_r300,1,BA,B,1,80,760.703979,767.133
n65536_q128_r300,1,BA,B,1,81,755.455994,761.934
n65536_q128_r300,1,BA,B,1,82,758.495972,765.917
n65536_q128_r300,1,BA,B,1,83,758.687988,765.43
n65536_q128_r300,1,BA,B,1,84,756.703979,763.32
n65536_q128_r300,1,BA,B,1,85,757.951965,764.862
n65536_q128_r300,1,BA,B,1,86,760.832031,766.846
n65536_q128_r300,1,BA,B,1,87,755.616028,762.304
n65536_q128_r300,1,BA,B,1,88,759.840027,765.914
n65536_q128_r300,1,BA,B,1,89,758.463989,765.288
n65536_q128_r300,1,BA,B,1,90,755.776001,761.782
n65536_q128_r300,1,BA,B,1,91,757.664001,764.271
n65536_q128_r300,1,BA,B,1,92,760.959961,767.398
n65536_q128_r300,1,BA,B,1,93,758.559998,764.11
n65536_q128_r300,1,BA,B,1,94,760.320007,765.914
n65536_q128_r300,1,BA,B,1,95,756.47998,762.781
n65536_q128_r300,1,BA,B,1,96,758.848022,765.36
n65536_q128_r300,1,BA,B,1,97,755.680054,761.113
n65536_q128_r300,1,BA,B,1,98,759.552002,765.895
n65536_q128_r300,1,BA,B,1,99,761.824036,767.852
n65536_q128_r300,1,BA,B,64,0,756.336975,756.440219
n65536_q128_r300,1,BA,B,64,1,756.858521,756.964391
n65536_q128_r300,1,BA,B,64,2,756.656006,756.747797
n65536_q128_r300,1,BA,B,64,3,756.430481,756.535875
n65536_q128_r300,1,BA,B,64,4,757.037537,757.14625
n65536_q128_r300,1,BA,B,64,5,756.936462,757.041531
n65536_q128_r300,1,BA,B,64,6,756.560974,756.666344
n65536_q128_r300,1,BA,B,64,7,756.973999,757.074406
n65536_q128_r300,1,BA,B,64,8,757.547974,757.651813
n65536_q128_r300,1,BA,B,64,9,757.056458,757.163625
n65536_q128_r300,1,BA,B,64,10,756.909485,757.012625
n65536_q128_r300,1,BA,B,64,11,757.208008,757.315828
n65536_q128_r300,1,BA,B,64,12,756.852478,756.960156
n65536_q128_r300,1,BA,B,64,13,756.76947,756.860984
n65536_q128_r300,1,BA,B,64,14,757.1745,757.265891
n65536_q128_r300,1,BA,B,64,15,757.040955,757.146578
n65536_q128_r300,1,BA,B,64,16,756.647522,756.755281
n65536_q128_r300,1,BA,B,64,17,757.185547,757.290656
n65536_q128_r300,1,BA,B,64,18,757.009033,757.112531
n65536_q128_r300,1,BA,B,64,19,757.264954,757.369484
n65536_q128_r300,1,BA,A,1,0,912.703979,922.051
n65536_q128_r300,1,BA,A,1,1,909.664001,915.438
n65536_q128_r300,1,BA,A,1,2,907.487976,912.274
n65536_q128_r300,1,BA,A,1,3,907.616028,912.175
n65536_q128_r300,1,BA,A,1,4,908.0,912.544
n65536_q128_r300,1,BA,A,1,5,908.320007,913.636
n65536_q128_r300,1,BA,A,1,6,906.304016,912.79
n65536_q128_r300,1,BA,A,1,7,907.199951,913.435
n65536_q128_r300,1,BA,A,1,8,906.208008,912.488
n65536_q128_r300,1,BA,A,1,9,906.175964,912.444
n65536_q128_r300,1,BA,A,1,10,905.119995,911.409
n65536_q128_r300,1,BA,A,1,11,906.976013,913.337
n65536_q128_r300,1,BA,A,1,12,906.208008,912.416
n65536_q128_r300,1,BA,A,1,13,907.231995,913.372
n65536_q128_r300,1,BA,A,1,14,906.368042,912.642
n65536_q128_r300,1,BA,A,1,15,907.231995,913.547
n65536_q128_r300,1,BA,A,1,16,907.296021,913.605
n65536_q128_r300,1,BA,A,1,17,907.007996,913.161
n65536_q128_r300,1,BA,A,1,18,906.335999,912.751
n65536_q128_r300,1,BA,A,1,19,906.304016,911.796
n65536_q128_r300,1,BA,A,1,20,905.856018,912.516
n65536_q128_r300,1,BA,A,1,21,907.199951,913.497
n65536_q128_r300,1,BA,A,1,22,906.208008,912.559
n65536_q128_r300,1,BA,A,1,23,906.23999,912.478
n65536_q128_r300,1,BA,A,1,24,906.271973,911.599
n65536_q128_r300,1,BA,A,1,25,905.856018,912.513
n65536_q128_r300,1,BA,A,1,26,906.335999,911.569
n65536_q128_r300,1,BA,A,1,27,907.904053,913.076
n65536_q128_r300,1,BA,A,1,28,906.528015,912.52
n65536_q128_r300,1,BA,A,1,29,906.335999,912.966
n65536_q128_r300,1,BA,A,1,30,906.271973,912.402
n65536_q128_r300,1,BA,A,1,31,906.271973,912.687
n65536_q128_r300,1,BA,A,1,32,906.271973,912.539
n65536_q128_r300,1,BA,A,1,33,906.23999,912.539
n65536_q128_r300,1,BA,A,1,34,906.112,912.472
n65536_q128_r300,1,BA,A,1,35,907.199951,913.514
n65536_q128_r300,1,BA,A,1,36,907.199951,913.453
n65536_q128_r300,1,BA,A,1,37,906.368042,912.573
n65536_q128_r300,1,BA,A,1,38,906.271973,912.454
n65536_q128_r300,1,BA,A,1,39,906.335999,912.58
n65536_q128_r300,1,BA,A,1,40,907.199951,913.34
n65536_q128_r300,1,BA,A,1,41,906.368042,912.876
n65536_q128_r300,1,BA,A,1,42,906.144043,911.579
n65536_q128_r300,1,BA,A,1,43,905.343994,911.517
n65536_q128_r300,1,BA,A,1,44,905.152039,911.545
n65536_q128_r300,1,BA,A,1,45,904.287964,910.566
n65536_q128_r300,1,BA,A,1,46,875.583984,881.742
n65536_q128_r300,1,BA,A,1,47,832.671997,838.813
n65536_q128_r300,1,BA,A,1,48,830.59198,835.843
n65536_q128_r300,1,BA,A,1,49,831.231995,836.398
n65536_q128_r300,1,BA,A,1,50,830.720032,837.173
n65536_q128_r300,1,BA,A,1,51,830.59198,836.588
n65536_q128_r300,1,BA,A,1,52,830.783997,836.864
n65536_q128_r300,1,BA,A,1,53,830.656006,836.79
n65536_q128_r300,1,BA,A,1,54,830.463989,836.711
n65536_q128_r300,1,BA,A,1,55,830.59198,836.469
n65536_q128_r300,1,BA,A,1,56,830.752014,837.105
n65536_q128_r300,1,BA,A,1,57,830.59198,836.697
n65536_q128_r300,1,BA,A,1,58,830.59198,836.822
n65536_q128_r300,1,BA,A,1,59,830.720032,836.8
n65536_q128_r300,1,BA,A,1,60,830.463989,836.592
n65536_q128_r300,1,BA,A,1,61,832.799988,838.736
n65536_q128_r300,1,BA,A,1,62,832.799988,839.225
n65536_q128_r300,1,BA,A,1,63,832.640015,838.703
n65536_q128_r300,1,BA,A,1,64,830.720032,836.866
n65536_q128_r300,1,BA,A,1,65,830.687988,835.869
n65536_q128_r300,1,BA,A,1,66,831.488037,836.737
n65536_q128_r300,1,BA,A,1,67,831.455994,837.538
n65536_q128_r300,1,BA,A,1,68,834.847961,840.957
n65536_q128_r300,1,BA,A,1,69,830.656006,836.896
n65536_q128_r300,1,BA,A,1,70,830.752014,836.73
n65536_q128_r300,1,BA,A,1,71,833.599976,838.927
n65536_q128_r300,1,BA,A,1,72,832.703979,837.797
n65536_q128_r300,1,BA,A,1,73,831.455994,836.804
n65536_q128_r300,1,BA,A,1,74,830.59198,836.568
n65536_q128_r300,1,BA,A,1,75,830.720032,837.094
n65536_q128_r300,1,BA,A,1,76,830.59198,836.706
n65536_q128_r300,1,BA,A,1,77,830.687988,836.843
n65536_q128_r300,1,BA,A,1,78,831.64801,837.843
n65536_q128_r300,1,BA,A,1,79,832.703979,838.709
n65536_q128_r300,1,BA,A,1,80,831.328003,837.562
n65536_q128_r300,1,BA,A,1,81,830.623962,836.972
n65536_q128_r300,1,BA,A,1,82,830.783997,836.904
n65536_q128_r300,1,BA,A,1,83,830.687988,836.714
n65536_q128_r300,1,BA,A,1,84,830.59198,836.839
n65536_q128_r300,1,BA,A,1,85,830.59198,836.738
n65536_q128_r300,1,BA,A,1,86,830.687988,836.67
n65536_q128_r300,1,BA,A,1,87,830.687988,837.188
n65536_q128_r300,1,BA,A,1,88,830.560059,836.67
n65536_q128_r300,1,BA,A,1,89,830.560059,836.052
n65536_q128_r300,1,BA,A,1,90,831.935974,837.368
n65536_q128_r300,1,BA,A,1,91,830.656006,836.855
n65536_q128_r300,1,BA,A,1,92,830.59198,836.495
n65536_q128_r300,1,BA,A,1,93,830.720032,836.898
n65536_q128_r300,1,BA,A,1,94,830.976013,837.084
n65536_q128_r300,1,BA,A,1,95,832.671997,838.909
n65536_q128_r300,1,BA,A,1,96,830.432007,836.724
n65536_q128_r300,1,BA,A,1,97,830.528015,836.733
n65536_q128_r300,1,BA,A,1,98,831.359985,837.53
n65536_q128_r300,1,BA,A,1,99,830.143982,838.14
n65536_q128_r300,1,BA,A,64,0,829.267517,829.367234
n65536_q128_r300,1,BA,A,64,1,829.299988,829.406922
n65536_q128_r300,1,BA,A,64,2,829.340515,829.441172
n65536_q128_r300,1,BA,A,64,3,829.19104,829.29725
n65536_q128_r300,1,BA,A,64,4,829.255005,829.356188
n65536_q128_r300,1,BA,A,64,5,829.321045,829.425625
n65536_q128_r300,1,BA,A,64,6,829.286987,829.389188
n65536_q128_r300,1,BA,A,64,7,829.227966,829.330656
n65536_q128_r300,1,BA,A,64,8,829.331543,829.436703
n65536_q128_r300,1,BA,A,64,9,829.307007,829.41225
n65536_q128_r300,1,BA,A,64,10,829.382507,829.486156
n65536_q128_r300,1,BA,A,64,11,829.263977,829.35125
n65536_q128_r300,1,BA,A,64,12,829.393982,829.480547
n65536_q128_r300,1,BA,A,64,13,829.231506,829.334484
n65536_q128_r300,1,BA,A,64,14,829.19104,829.292109
n65536_q128_r300,1,BA,A,64,15,829.311462,829.410875
n65536_q128_r300,1,BA,A,64,16,829.382019,829.484234
n65536_q128_r300,1,BA,A,64,17,829.297485,829.395656
n65536_q128_r300,1,BA,A,64,18,829.257996,829.360016
n65536_q128_r300,1,BA,A,64,19,829.234009,829.332047
n65536_q128_r300,2,AB,A,1,0,914.687988,935.736
n65536_q128_r300,2,AB,A,1,1,911.872009,920.118
n65536_q128_r300,2,AB,A,1,2,909.407959,917.376
n65536_q128_r300,2,AB,A,1,3,910.368042,917.289
n65536_q128_r300,2,AB,A,1,4,908.159973,914.558
n65536_q128_r300,2,AB,A,1,5,906.815979,914.787
n65536_q128_r300,2,AB,A,1,6,906.687988,913.302
n65536_q128_r300,2,AB,A,1,7,906.175964,912.28
n65536_q128_r300,2,AB,A,1,8,906.304016,912.941
n65536_q128_r300,2,AB,A,1,9,907.007996,913.336
n65536_q128_r300,2,AB,A,1,10,907.935974,913.526
n65536_q128_r300,2,AB,A,1,11,908.096008,914.325
n65536_q128_r300,2,AB,A,1,12,906.912048,913.576
n65536_q128_r300,2,AB,A,1,13,909.280029,915.557
n65536_q128_r300,2,AB,A,1,14,906.015991,912.316
n65536_q128_r300,2,AB,A,1,15,909.247986,915.538
n65536_q128_r300,2,AB,A,1,16,906.144043,911.511
n65536_q128_r300,2,AB,A,1,17,907.679993,913.38
n65536_q128_r300,2,AB,A,1,18,907.039978,913.419
n65536_q128_r300,2,AB,A,1,19,906.080017,912.157
n65536_q128_r300,2,AB,A,1,20,907.263977,913.844
n65536_q128_r300,2,AB,A,1,21,906.208008,912.495
n65536_q128_r300,2,AB,A,1,22,907.167969,913.399
n65536_q128_r300,2,AB,A,1,23,908.447998,914.615
n65536_q128_r300,2,AB,A,1,24,907.104004,913.671
n65536_q128_r300,2,AB,A,1,25,906.208008,912.41
n65536_q128_r300,2,AB,A,1,26,906.815979,913.714
n65536_q128_r300,2,AB,A,1,27,907.167969,913.456
n65536_q128_r300,2,AB,A,1,28,906.304016,912.683
n65536_q128_r300,2,AB,A,1,29,907.136047,913.376
n65536_q128_r300,2,AB,A,1,30,907.007996,913.129
n65536_q128_r300,2,AB,A,1,31,909.440002,915.044
n65536_q128_r300,2,AB,A,1,32,906.848022,913.155
n65536_q128_r300,2,AB,A,1,33,907.167969,913.66
n65536_q128_r300,2,AB,A,1,34,907.104004,913.474
n65536_q128_r300,2,AB,A,1,35,906.271973,912.484
n65536_q128_r300,2,AB,A,1,36,907.199951,913.349
n65536_q128_r300,2,AB,A,1,37,906.368042,912.728
n65536_q128_r300,2,AB,A,1,38,907.039978,913.356
n65536_q128_r300,2,AB,A,1,39,906.112,912.447
n65536_q128_r300,2,AB,A,1,40,907.167969,913.483
n65536_q128_r300,2,AB,A,1,41,908.191956,914.427
n65536_q128_r300,2,AB,A,1,42,907.136047,913.276
n65536_q128_r300,2,AB,A,1,43,907.42395,913.802
n65536_q128_r300,2,AB,A,1,44,907.167969,913.469
n65536_q128_r300,2,AB,A,1,45,907.328003,913.586
n65536_q128_r300,2,AB,A,1,46,907.199951,913.533
n65536_q128_r300,2,AB,A,1,47,907.296021,913.547
n65536_q128_r300,2,AB,A,1,48,907.199951,913.511
n65536_q128_r300,2,AB,A,1,49,907.199951,913.618
n65536_q128_r300,2,AB,A,1,50,907.296021,913.555
n65536_q128_r300,2,AB,A,1,51,906.335999,912.63
n65536_q128_r300,2,AB,A,1,52,907.42395,913.606
n65536_q128_r300,2,AB,A,1,53,907.231995,913.532
n65536_q128_r300,2,AB,A,1,54,907.328003,913.339
n65536_q128_r300,2,AB,A,1,55,906.368042,912.958
n65536_q128_r300,2,AB,A,1,56,907.296021,913.577
n65536_q128_r300,2,AB,A,1,57,907.199951,913.602
n65536_q128_r300,2,AB,A,1,58,906.880005,912.469
n65536_q128_r300,2,AB,A,1,59,906.815979,912.541
n65536_q128_r300,2,AB,A,1,60,907.840027,913.335
n65536_q128_r300,2,AB,A,1,61,907.263977,913.489
n65536_q128_r300,2,AB,A,1,62,906.23999,912.549
n65536_q128_r300,2,AB,A,1,63,907.231995,913.473
n65536_q128_r300,2,AB,A,1,64,906.368042,912.739
n65536_q128_r300,2,AB,A,1,65,907.263977,913.257
n65536_q128_r300,2,AB,A,1,66,910.495972,917.054
n65536_q128_r300,2,AB,A,1,67,906.335999,912.519
n65536_q128_r300,2,AB,A,1,68,907.199951,913.417
n65536_q128_r300,2,AB,A,1,69,906.271973,912.623
n65536_q128_r300,2,AB,A,1,70,907.231995,913.492
n65536_q128_r300,2,AB,A,1,71,906.400024,912.697
n65536_q128_r300,2,AB,A,1,72,907.231995,913.457
n65536_q128_r300,2,AB,A,1,73,907.328003,913.583
n65536_q128_r300,2,AB,A,1,74,906.94397,913.571
n65536_q128_r300,2,AB,A,1,75,907.296021,913.664
n65536_q128_r300,2,AB,A,1,76,907.199951,913.619
n65536_q128_r300,2,AB,A,1,77,906.912048,913.165
n65536_q128_r300,2,AB,A,1,78,907.296021,914.112
n65536_q128_r300,2,AB,A,1,79,907.904053,912.434
n65536_q128_r300,2,AB,A,1,80,907.039978,912.628
n65536_q128_r300,2,AB,A,1,81,907.263977,912.568
n65536_q128_r300,2,AB,A,1,82,907.967957,913.562
n65536_q128_r300,2,AB,A,1,83,907.072021,913.381
n65536_q128_r300,2,AB,A,1,84,907.072021,913.425
n65536_q128_r300,2,AB,A,1,85,906.368042,912.647
n65536_q128_r300,2,AB,A,1,86,907.136047,913.451
n65536_q128_r300,2,AB,A,1,87,906.144043,912.495
n65536_q128_r300,2,AB,A,1,88,907.167969,913.511
n65536_q128_r300,2,AB,A,1,89,906.208008,912.339
n65536_q128_r300,2,AB,A,1,90,906.208008,912.918
n65536_q128_r300,2,AB,A,1,91,907.231995,913.488
n65536_q128_r300,2,AB,A,1,92,906.304016,912.635
n65536_q128_r300,2,AB,A,1,93,907.104004,913.424
n65536_q128_r300,2,AB,A,1,94,907.136047,913.373
n65536_q128_r300,2,AB,A,1,95,907.328003,913.635
n65536_q128_r300,2,AB,A,1,96,908.159973,914.528
n65536_q128_r300,2,AB,A,1,97,907.167969,913.468
n65536_q128_r300,2,AB,A,1,98,904.992004,911.482
n65536_q128_r300,2,AB,A,1,99,904.191956,910.487
n65536_q128_r300,2,AB,A,64,0,831.788025,831.888578
n65536_q128_r300,2,AB,A,64,1,829.319458,829.424813
n65536_q128_r300,2,AB,A,64,2,829.237,829.339594
n65536_q128_r300,2,AB,A,64,3,829.229004,829.330781
n65536_q128_r300,2,AB,A,64,4,829.240479,829.342672
n65536_q128_r300,2,AB,A,64,5,829.133484,829.233859
n65536_q128_r300,2,AB,A,64,6,829.182007,829.280125
n65536_q128_r300,2,AB,A,64,7,829.149475,829.250469
n65536_q128_r300,2,AB,A,64,8,829.257507,829.345891
n65536_q128_r300,2,AB,A,64,9,829.254517,829.341219
n65536_q128_r300,2,AB,A,64,10,829.161011,829.249484
n65536_q128_r300,2,AB,A,64,11,829.266479,829.354734
n65536_q128_r300,2,AB,A,64,12,829.215515,829.316375
n65536_q128_r300,2,AB,A,64,13,829.160522,829.263937
n65536_q128_r300,2,AB,A,64,14,829.231506,829.331688
n65536_q128_r300,2,AB,A,64,15,829.21051,829.313547
n65536_q128_r300,2,AB,A,64,16,829.164978,829.264719
n65536_q128_r300,2,AB,A,64,17,829.30896,829.408125
n65536_q128_r300,2,AB,A,64,18,829.294495,829.394422
n65536_q128_r300,2,AB,A,64,19,829.243469,829.344719
n65536_q128_r300,2,AB,B,1,0,720.511963,728.809
n65536_q128_r300,2,AB,B,1,1,718.559998,724.472
n65536_q128_r300,2,AB,B,1,2,718.240051,722.844
n65536_q128_r300,2,AB,B,1,3,712.575989,718.106
n65536_q128_r300,2,AB,B,1,4,711.52002,717.8
n65536_q128_r300,2,AB,B,1,5,715.615967,721.669
n65536_q128_r300,2,AB,B,1,6,712.992004,719.364
n65536_q128_r300,2,AB,B,1,7,712.223999,718.979
n65536_q128_r300,2,AB,B,1,8,715.839966,722.036
n65536_q128_r300,2,AB,B,1,9,711.615967,717.626
n65536_q128_r300,2,AB,B,1,10,713.984009,720.463
n65536_q128_r300,2,AB,B,1,11,713.728027,719.898
n65536_q128_r300,2,AB,B,1,12,712.640015,718.982
n65536_q128_r300,2,AB,B,1,13,715.839966,721.772
n65536_q128_r300,2,AB,B,1,14,712.960022,719.356
n65536_q128_r300,2,AB,B,1,15,711.679993,717.853
n65536_q128_r300,2,AB,B,1,16,712.83197,718.825
n65536_q128_r300,2,AB,B,1,17,712.863953,719.36
n65536_q128_r300,2,AB,B,1,18,714.783997,721.062
n65536_q128_r300,2,AB,B,1,19,715.679993,721.885
n65536_q128_r300,2,AB,B,1,20,710.752014,716.485
n65536_q128_r300,2,AB,B,1,21,716.192017,721.716
n65536_q128_r300,2,AB,B,1,22,713.375977,718.777
n65536_q128_r300,2,AB,B,1,23,714.815979,720.695
n65536_q128_r300,2,AB,B,1,24,711.744019,718.424
n65536_q128_r300,2,AB,B,1,25,710.528015,716.821
n65536_q128_r300,2,AB,B,1,26,711.711975,717.915
n65536_q128_r300,2,AB,B,1,27,712.703979,718.672
n65536_q128_r300,2,AB,B,1,28,710.720032,716.367
n65536_q128_r300,2,AB,B,1,29,715.52002,720.067
n65536_q128_r300,2,AB,B,1,30,714.367981,719.583
n65536_q128_r300,2,AB,B,1,31,715.936035,722.458
n65536_q128_r300,2,AB,B,1,32,715.839966,722.074
n65536_q128_r300,2,AB,B,1,33,712.768005,719.021
n65536_q128_r300,2,AB,B,1,34,713.599976,719.529
n65536_q128_r300,2,AB,B,1,35,714.015991,720.498
n65536_q128_r300,2,AB,B,1,36,713.695984,719.935
n65536_q128_r300,2,AB,B,1,37,710.720032,716.996
n65536_q128_r300,2,AB,B,1,38,713.76001,719.748
n65536_q128_r300,2,AB,B,1,39,713.664001,720.211
n65536_q128_r300,2,AB,B,1,40,711.744019,717.954
n65536_q128_r300,2,AB,B,1,41,711.808044,717.727
n65536_q128_r300,2,AB,B,1,42,715.936035,722.377
n65536_q128_r300,2,AB,B,1,43,713.855957,720.055
n65536_q128_r300,2,AB,B,1,44,710.752014,716.911
n65536_q128_r300,2,AB,B,1,45,713.823975,719.747
n65536_q128_r300,2,AB,B,1,46,712.895996,719.325
n65536_q128_r300,2,AB,B,1,47,713.792053,720.099
n65536_q128_r300,2,AB,B,1,48,712.703979,717.714
n65536_q128_r300,2,AB,B,1,49,713.888,719.302
n65536_q128_r300,2,AB,B,1,50,712.607971,718.942
n65536_q128_r300,2,AB,B,1,51,711.744019,717.995
n65536_q128_r300,2,AB,B,1,52,712.703979,718.7
n65536_q128_r300,2,AB,B,1,53,714.911987,720.516
n65536_q128_r300,2,AB,B,1,54,712.416016,718.732
n65536_q128_r300,2,AB,B,1,55,714.656006,720.699
n65536_q128_r300,2,AB,B,1,56,713.855957,719.537
n65536_q128_r300,2,AB,B,1,57,715.455994,720.866
n65536_q128_r300,2,AB,B,1,58,713.792053,720.051
n65536_q128_r300,2,AB,B,1,59,714.463989,720.677
n65536_q128_r300,2,AB,B,1,60,714.976013,721.409
n65536_q128_r300,2,AB,B,1,61,714.783997,720.991
n65536_q128_r300,2,AB,B,1,62,711.679993,717.833
n65536_q128_r300,2,AB,B,1,63,710.687988,716.74
n65536_q128_r300,2,AB,B,1,64,712.992004,719.27
n65536_q128_r300,2,AB,B,1,65,715.968018,722.09
n65536_q128_r300,2,AB,B,1,66,713.888,719.809
n65536_q128_r300,2,AB,B,1,67,713.888,720.396
n65536_q128_r300,2,AB,B,1,68,714.847961,721.061
n65536_q128_r300,2,AB,B,1,69,712.640015,718.847
n65536_q128_r300,2,AB,B,1,70,711.679993,717.646
n65536_q128_r300,2,AB,B,1,71,713.823975,720.414
n65536_q128_r300,2,AB,B,1,72,713.728027,719.971
n65536_q128_r300,2,AB,B,1,73,711.711975,717.646
n65536_q128_r300,2,AB,B,1,74,711.935974,718.346
n65536_q128_r300,2,AB,B,1,75,712.768005,718.992
n65536_q128_r300,2,AB,B,1,76,714.720032,720.994
n65536_q128_r300,2,AB,B,1,77,713.728027,719.7
n65536_q128_r300,2,AB,B,1,78,713.952026,720.407
n65536_q128_r300,2,AB,B,1,79,713.728027,719.944
n65536_q128_r300,2,AB,B,1,80,710.720032,716.612
n65536_q128_r300,2,AB,B,1,81,712.960022,719.354
n65536_q128_r300,2,AB,B,1,82,713.888,720.05
n65536_q128_r300,2,AB,B,1,83,713.76001,719.98
n65536_q128_r300,2,AB,B,1,84,715.807983,720.768
n65536_q128_r300,2,AB,B,1,85,711.839966,717.195
n65536_q128_r300,2,AB,B,1,86,712.512024,718.838
n65536_q128_r300,2,AB,B,1,87,713.536011,719.922
n65536_q128_r300,2,AB,B,1,88,713.440002,719.788
n65536_q128_r300,2,AB,B,1,89,713.919983,720.334
n65536_q128_r300,2,AB,B,1,90,711.839966,718.065
n65536_q128_r300,2,AB,B,1,91,713.76001,719.709
n65536_q128_r300,2,AB,B,1,92,713.984009,720.328
n65536_q128_r300,2,AB,B,1,93,712.736023,718.98
n65536_q128_r300,2,AB,B,1,94,711.455994,717.831
n65536_q128_r300,2,AB,B,1,95,714.720032,720.757
n65536_q128_r300,2,AB,B,1,96,712.927979,719.326
n65536_q128_r300,2,AB,B,1,97,712.736023,719.037
n65536_q128_r300,2,AB,B,1,98,711.64801,717.677
n65536_q128_r300,2,AB,B,1,99,713.984009,720.388
n65536_q128_r300,2,AB,B,64,0,712.239014,712.338422
n65536_q128_r300,2,AB,B,64,1,712.438538,712.548016
n65536_q128_r300,2,AB,B,64,2,712.179504,712.286562
n65536_q128_r300,2,AB,B,64,3,712.328003,712.429844
n65536_q128_r300,2,AB,B,64,4,712.350037,712.450875
n65536_q128_r300,2,AB,B,64,5,712.192017,712.295562
n65536_q128_r300,2,AB,B,64,6,712.431519,712.528484
n65536_q128_r300,2,AB,B,64,7,712.158508,712.259328
n65536_q128_r300,2,AB,B,64,8,726.809021,726.9115
n65536_q128_r300,2,AB,B,64,9,736.853455,736.96025
n65536_q128_r300,2,AB,B,64,10,736.644958,736.750063
n65536_q128_r300,2,AB,B,64,11,736.797485,736.900656
n65536_q128_r300,2,AB,B,64,12,737.252014,737.355641
n65536_q128_r300,2,AB,B,64,13,736.749451,736.851781
n65536_q128_r300,2,AB,B,64,14,736.692017,736.796281
n65536_q128_r300,2,AB,B,64,15,736.751953,736.855109
n65536_q128_r300,2,AB,B,64,16,737.22052,737.322641
n65536_q128_r300,2,AB,B,64,17,736.765991,736.868812
n65536_q128_r300,2,AB,B,64,18,736.79248,736.895484
n65536_q128_r300,2,AB,B,64,19,736.940979,737.044375
n65536_q128_r300,3,BA,B,1,0,766.687988,784.768
n65536_q128_r300,3,BA,B,1,1,761.503967,769.831
n65536_q128_r300,3,BA,B,1,2,760.0,767.473
n65536_q128_r300,3,BA,B,1,3,761.440002,769.608
n65536_q128_r300,3,BA,B,1,4,760.799988,767.736
n65536_q128_r300,3,BA,B,1,5,756.92804,763.286
n65536_q128_r300,3,BA,B,1,6,758.23999,762.72
n65536_q128_r300,3,BA,B,1,7,758.463989,764.903
n65536_q128_r300,3,BA,B,1,8,754.944031,761.62
n65536_q128_r300,3,BA,B,1,9,758.656006,765.43
n65536_q128_r300,3,BA,B,1,10,758.559998,764.862
n65536_q128_r300,3,BA,B,1,11,757.471985,763.966
n65536_q128_r300,3,BA,B,1,12,758.719971,765.036
n65536_q128_r300,3,BA,B,1,13,757.471985,762.814
n65536_q128_r300,3,BA,B,1,14,757.664001,763.223
n65536_q128_r300,3,BA,B,1,15,758.144043,763.889
n65536_q128_r300,3,BA,B,1,16,758.752014,765.018
n65536_q128_r300,3,BA,B,1,17,759.455994,765.788
n65536_q128_r300,3,BA,B,1,18,754.688049,761.353
n65536_q128_r300,3,BA,B,1,19,757.343994,763.9
n65536_q128_r300,3,BA,B,1,20,756.608032,762.951
n65536_q128_r300,3,BA,B,1,21,753.920044,761.629
n65536_q128_r300,3,BA,B,1,22,755.840027,762.29
n65536_q128_r300,3,BA,B,1,23,757.376038,764.025
n65536_q128_r300,3,BA,B,1,24,754.59198,760.847
n65536_q128_r300,3,BA,B,1,25,760.35199,767.001
n65536_q128_r300,3,BA,B,1,26,759.840027,766.384
n65536_q128_r300,3,BA,B,1,27,758.59198,765.099
n65536_q128_r300,3,BA,B,1,28,755.616028,761.942
n65536_q128_r300,3,BA,B,1,29,758.559998,765.047
n65536_q128_r300,3,BA,B,1,30,753.567993,759.713
n65536_q128_r300,3,BA,B,1,31,756.640015,763.39
n65536_q128_r300,3,BA,B,1,32,758.880005,765.115
n65536_q128_r300,3,BA,B,1,33,756.511963,762.892
n65536_q128_r300,3,BA,B,1,34,758.719971,764.908
n65536_q128_r300,3,BA,B,1,35,760.640015,766.548
n65536_q128_r300,3,BA,B,1,36,758.368042,762.955
n65536_q128_r300,3,BA,B,1,37,757.216003,762.919
n65536_q128_r300,3,BA,B,1,38,761.984009,767.948
n65536_q128_r300,3,BA,B,1,39,760.735962,766.58
n65536_q128_r300,3,BA,B,1,40,758.335999,763.9
n65536_q128_r300,3,BA,B,1,41,754.463989,760.96
n65536_q128_r300,3,BA,B,1,42,761.824036,767.889
n65536_q128_r300,3,BA,B,1,43,755.616028,762.325
n65536_q128_r300,3,BA,B,1,44,756.768005,763.029
n65536_q128_r300,3,BA,B,1,45,758.495972,765.013
n65536_q128_r300,3,BA,B,1,46,758.719971,764.994
n65536_q128_r300,3,BA,B,1,47,755.519958,761.747
n65536_q128_r300,3,BA,B,1,48,758.912048,765.458
n65536_q128_r300,3,BA,B,1,49,755.552002,761.362
n65536_q128_r300,3,BA,B,1,50,754.271973,762.637
n65536_q128_r300,3,BA,B,1,51,761.791992,767.904
n65536_q128_r300,3,BA,B,1,52,757.920044,764.411
n65536_q128_r300,3,BA,B,1,53,755.519958,761.994
n65536_q128_r300,3,BA,B,1,54,760.735962,767.031
n65536_q128_r300,3,BA,B,1,55,757.471985,763.751
n65536_q128_r300,3,BA,B,1,56,755.776001,762.378
n65536_q128_r300,3,BA,B,1,57,760.128052,767.013
n65536_q128_r300,3,BA,B,1,58,757.823975,764.063
n65536_q128_r300,3,BA,B,1,59,758.656006,764.746
n65536_q128_r300,3,BA,B,1,60,754.848022,761.362
n65536_q128_r300,3,BA,B,1,61,758.624023,765.077
n65536_q128_r300,3,BA,B,1,62,759.872009,766.063
n65536_q128_r300,3,BA,B,1,63,756.671997,763.126
n65536_q128_r300,3,BA,B,1,64,759.64801,764.796
n65536_q128_r300,3,BA,B,1,65,759.744019,764.42
n65536_q128_r300,3,BA,B,1,66,757.279968,762.94
n65536_q128_r300,3,BA,B,1,67,760.640015,767.046
n65536_q128_r300,3,BA,B,1,68,761.76001,767.878
n65536_q128_r300,3,BA,B,1,69,755.64801,762.271
n65536_q128_r300,3,BA,B,1,70,758.719971,765.012
n65536_q128_r300,3,BA,B,1,71,760.703979,767.063
n65536_q128_r300,3,BA,B,1,72,757.312012,763.699
n65536_q128_r300,3,BA,B,1,73,758.687988,765.397
n65536_q128_r300,3,BA,B,1,74,758.783997,765.074
n65536_q128_r300,3,BA,B,1,75,755.552002,761.966
n65536_q128_r300,3,BA,B,1,76,756.671997,762.742
n65536_q128_r300,3,BA,B,1,77,761.695984,768.54
n65536_q128_r300,3,BA,B,1,78,760.927979,767.237
n65536_q128_r300,3,BA,B,1,79,753.440002,759.827
n65536_q128_r300,3,BA,B,1,80,758.783997,765.191
n65536_q128_r300,3,BA,B,1,81,757.567993,763.766
n65536_q128_r300,3,BA,B,1,82,758.719971,766.541
n65536_q128_r300,3,BA,B,1,83,757.664001,763.98
n65536_q128_r300,3,BA,B,1,84,759.744019,766.196
n65536_q128_r300,3,BA,B,1,85,757.503967,763.762
n65536_q128_r300,3,BA,B,1,86,757.856018,764.594
n65536_q128_r300,3,BA,B,1,87,760.191956,766.942
n65536_q128_r300,3,BA,B,1,88,756.735962,762.051
n65536_q128_r300,3,BA,B,1,89,757.40802,763.719
n65536_q128_r300,3,BA,B,1,90,756.864014,763.27
n65536_q128_r300,3,BA,B,1,91,758.719971,764.309
n65536_q128_r300,3,BA,B,1,92,759.42395,764.397
n65536_q128_r300,3,BA,B,1,93,761.119995,767.438
n65536_q128_r300,3,BA,B,1,94,766.080017,772.38
n65536_q128_r300,3,BA,B,1,95,756.671997,763.01
n65536_q128_r300,3,BA,B,1,96,762.752014,769.135
n65536_q128_r300,3,BA,B,1,97,760.735962,767.199
n65536_q128_r300,3,BA,B,1,98,753.696045,759.69
n65536_q128_r300,3,BA,B,1,99,756.640015,763.298
n65536_q128_r300,3,BA,B,64,0,756.640991,756.739484
n65536_q128_r300,3,BA,B,64,1,756.281006,756.386609
n65536_q128_r300,3,BA,B,64,2,756.344971,756.444156
n65536_q128_r300,3,BA,B,64,3,756.430481,756.538609
n65536_q128_r300,3,BA,B,64,4,756.618958,756.726594
n65536_q128_r300,3,BA,B,64,5,756.781006,756.891281
n65536_q128_r300,3,BA,B,64,6,756.651978,756.759297
n65536_q128_r300,3,BA,B,64,7,756.653503,756.758984
n65536_q128_r300,3,BA,B,64,8,757.072998,757.18275
n65536_q128_r300,3,BA,B,64,9,756.771484,756.878812
n65536_q128_r300,3,BA,B,64,10,756.757507,756.862141
n65536_q128_r300,3,BA,B,64,11,756.614014,756.707937
n65536_q128_r300,3,BA,B,64,12,756.353027,756.461312
n65536_q128_r300,3,BA,B,64,13,756.61554,756.721734
n65536_q128_r300,3,BA,B,64,14,756.690491,756.797937
n65536_q128_r300,3,BA,B,64,15,756.875488,756.975609
n65536_q128_r300,3,BA,B,64,16,756.606506,756.712516
n65536_q128_r300,3,BA,B,64,17,756.559998,756.663906
n65536_q128_r300,3,BA,B,64,18,753.375,753.479375
n65536_q128_r300,3,BA,B,64,19,736.702515,736.808375
n65536_q128_r300,3,BA,A,1,0,885.567993,895.734
n65536_q128_r300,3,BA,A,1,1,837.151978,843.995
n65536_q128_r300,3,BA,A,1,2,836.0,841.334
n65536_q128_r300,3,BA,A,1,3,835.744019,841.754
n65536_q128_r300,3,BA,A,1,4,831.391968,837.766
n65536_q128_r300,3,BA,A,1,5,832.575989,838.718
n65536_q128_r300,3,BA,A,1,6,833.440002,839.869
n65536_q128_r300,3,BA,A,1,7,831.455994,837.61
n65536_q128_r300,3,BA,A,1,8,830.560059,838.826
n65536_q128_r300,3,BA,A,1,9,832.383972,838.459
n65536_q128_r300,3,BA,A,1,10,830.687988,837.157
n65536_q128_r300,3,BA,A,1,11,832.799988,838.917
n65536_q128_r300,3,BA,A,1,12,832.575989,838.811
n65536_q128_r300,3,BA,A,1,13,830.496033,836.688
n65536_q128_r300,3,BA,A,1,14,830.623962,836.643
n65536_q128_r300,3,BA,A,1,15,832.671997,838.632
n65536_q128_r300,3,BA,A,1,16,830.720032,836.939
n65536_q128_r300,3,BA,A,1,17,832.607971,838.822
n65536_q128_r300,3,BA,A,1,18,832.575989,838.768
n65536_q128_r300,3,BA,A,1,19,831.679993,837.781
n65536_q128_r300,3,BA,A,1,20,832.575989,838.793
n65536_q128_r300,3,BA,A,1,21,832.512024,838.589
n65536_q128_r300,3,BA,A,1,22,832.799988,839.128
n65536_q128_r300,3,BA,A,1,23,830.752014,836.784
n65536_q128_r300,3,BA,A,1,24,832.736023,838.885
n65536_q128_r300,3,BA,A,1,25,832.512024,838.793
n65536_q128_r300,3,BA,A,1,26,830.560059,835.849
n65536_q128_r300,3,BA,A,1,27,832.288025,837.431
n65536_q128_r300,3,BA,A,1,28,832.992004,839.159
n65536_q128_r300,3,BA,A,1,29,830.656006,836.752
n65536_q128_r300,3,BA,A,1,30,830.560059,836.692
n65536_q128_r300,3,BA,A,1,31,830.560059,836.857
n65536_q128_r300,3,BA,A,1,32,830.496033,836.642
n65536_q128_r300,3,BA,A,1,33,830.656006,836.572
n65536_q128_r300,3,BA,A,1,34,830.59198,837.103
n65536_q128_r300,3,BA,A,1,35,832.575989,838.711
n65536_q128_r300,3,BA,A,1,36,830.560059,836.751
n65536_q128_r300,3,BA,A,1,37,830.656006,836.796
n65536_q128_r300,3,BA,A,1,38,830.687988,836.858
n65536_q128_r300,3,BA,A,1,39,830.59198,836.448
n65536_q128_r300,3,BA,A,1,40,834.880005,841.146
n65536_q128_r300,3,BA,A,1,41,831.64801,837.829
n65536_q128_r300,3,BA,A,1,42,831.552002,837.282
n65536_q128_r300,3,BA,A,1,43,831.104004,837.155
n65536_q128_r300,3,BA,A,1,44,830.463989,836.63
n65536_q128_r300,3,BA,A,1,45,830.463989,836.649
n65536_q128_r300,3,BA,A,1,46,830.720032,836.617
n65536_q128_r300,3,BA,A,1,47,830.752014,836.851
n65536_q128_r300,3,BA,A,1,48,833.855957,840.523
n65536_q128_r300,3,BA,A,1,49,831.807983,837.383
n65536_q128_r300,3,BA,A,1,50,830.59198,835.845
n65536_q128_r300,3,BA,A,1,51,832.223999,837.858
n65536_q128_r300,3,BA,A,1,52,833.216003,839.443
n65536_q128_r300,3,BA,A,1,53,832.768005,839.194
n65536_q128_r300,3,BA,A,1,54,832.671997,838.704
n65536_q128_r300,3,BA,A,1,55,830.656006,836.805
n65536_q128_r300,3,BA,A,1,56,830.623962,836.679
n65536_q128_r300,3,BA,A,1,57,830.720032,836.838
n65536_q128_r300,3,BA,A,1,58,832.640015,838.591
n65536_q128_r300,3,BA,A,1,59,830.752014,837.022
n65536_q128_r300,3,BA,A,1,60,831.424011,837.698
n65536_q128_r300,3,BA,A,1,61,832.607971,838.862
n65536_q128_r300,3,BA,A,1,62,831.391968,837.788
n65536_q128_r300,3,BA,A,1,63,832.671997,838.844
n65536_q128_r300,3,BA,A,1,64,830.656006,836.476
n65536_q128_r300,3,BA,A,1,65,830.623962,837.246
n65536_q128_r300,3,BA,A,1,66,830.656006,835.883
n65536_q128_r300,3,BA,A,1,67,831.391968,836.729
n65536_q128_r300,3,BA,A,1,68,830.176025,836.685
n65536_q128_r300,3,BA,A,1,69,830.623962,836.771
n65536_q128_r300,3,BA,A,1,70,830.623962,835.642
n65536_q128_r300,3,BA,A,1,71,831.679993,837.06
n65536_q128_r300,3,BA,A,1,72,832.480042,838.723
n65536_q128_r300,3,BA,A,1,73,831.552002,837.229
n65536_q128_r300,3,BA,A,1,74,832.063965,837.189
n65536_q128_r300,3,BA,A,1,75,832.927979,839.063
n65536_q128_r300,3,BA,A,1,76,832.607971,838.774
n65536_q128_r300,3,BA,A,1,77,830.656006,836.559
n65536_q128_r300,3,BA,A,1,78,830.656006,837.194
n65536_q128_r300,3,BA,A,1,79,832.671997,838.891
n65536_q128_r300,3,BA,A,1,80,832.544006,838.768
n65536_q128_r300,3,BA,A,1,81,832.607971,838.833
n65536_q128_r300,3,BA,A,1,82,832.703979,838.787
n65536_q128_r300,3,BA,A,1,83,830.528015,836.519
n65536_q128_r300,3,BA,A,1,84,830.687988,837.131
n65536_q128_r300,3,BA,A,1,85,832.607971,838.853
n65536_q128_r300,3,BA,A,1,86,831.424011,837.765
n65536_q128_r300,3,BA,A,1,87,830.528015,836.557
n65536_q128_r300,3,BA,A,1,88,832.799988,838.823
n65536_q128_r300,3,BA,A,1,89,832.768005,838.63
n65536_q128_r300,3,BA,A,1,90,830.687988,836.751
n65536_q128_r300,3,BA,A,1,91,831.712036,836.15
n65536_q128_r300,3,BA,A,1,92,831.200012,837.73
n65536_q128_r300,3,BA,A,1,93,830.560059,836.709
n65536_q128_r300,3,BA,A,1,94,830.560059,836.71
n65536_q128_r300,3,BA,A,1,95,832.607971,838.336
n65536_q128_r300,3,BA,A,1,96,831.040039,836.927
n65536_q128_r300,3,BA,A,1,97,833.536011,838.066
n65536_q128_r300,3,BA,A,1,98,832.0,837.601
n65536_q128_r300,3,BA,A,1,99,831.328003,837.543
n65536_q128_r300,3,BA,A,64,0,829.405457,829.499812
n65536_q128_r300,3,BA,A,64,1,829.309998,829.418641
n65536_q128_r300,3,BA,A,64,2,829.39502,829.499937
n65536_q128_r300,3,BA,A,64,3,829.321533,829.42675
n65536_q128_r300,3,BA,A,64,4,829.204529,829.311578
n65536_q128_r300,3,BA,A,64,5,829.357483,829.450687
n65536_q128_r300,3,BA,A,64,6,829.199463,829.291281
n65536_q128_r300,3,BA,A,64,7,829.226501,829.331016
n65536_q128_r300,3,BA,A,64,8,829.235046,829.339797
n65536_q128_r300,3,BA,A,64,9,829.294006,829.397125
n65536_q128_r300,3,BA,A,64,10,829.413025,829.516969
n65536_q128_r300,3,BA,A,64,11,829.164001,829.270609
n65536_q128_r300,3,BA,A,64,12,829.263489,829.366922
n65536_q128_r300,3,BA,A,64,13,829.265991,829.367469
n65536_q128_r300,3,BA,A,64,14,829.234009,829.339781
n65536_q128_r300,3,BA,A,64,15,829.260498,829.364844
n65536_q128_r300,3,BA,A,64,16,829.235962,829.338359
n65536_q128_r300,3,BA,A,64,17,829.233521,829.335219
n65536_q128_r300,3,BA,A,64,18,829.156494,829.261953
n65536_q128_r300,3,BA,A,64,19,829.190491,829.293875
n65536_q128_r300,4,AB,A,1,0,915.135986,936.267
n65536_q128_r300,4,AB,A,1,1,911.647949,919.644
n65536_q128_r300,4,AB,A,1,2,910.271973,917.432
n65536_q128_r300,4,AB,A,1,3,907.711975,913.239
n65536_q128_r300,4,AB,A,1,4,907.167969,913.382
n65536_q128_r300,4,AB,A,1,5,907.072021,914.733
n65536_q128_r300,4,AB,A,1,6,906.815979,913.552
n65536_q128_r300,4,AB,A,1,7,909.119995,915.385
n65536_q128_r300,4,AB,A,1,8,906.752014,912.461
n65536_q128_r300,4,AB,A,1,9,907.872009,913.126
n65536_q128_r300,4,AB,A,1,10,907.679993,913.804
n65536_q128_r300,4,AB,A,1,11,906.94397,913.276
n65536_q128_r300,4,AB,A,1,12,907.231995,913.543
n65536_q128_r300,4,AB,A,1,13,909.119995,915.503
n65536_q128_r300,4,AB,A,1,14,906.175964,912.559
n65536_q128_r300,4,AB,A,1,15,907.072021,913.368
n65536_q128_r300,4,AB,A,1,16,906.304016,912.521
n65536_q128_r300,4,AB,A,1,17,906.976013,913.392
n65536_q128_r300,4,AB,A,1,18,904.064026,1055.807
n65536_q128_r300,4,AB,A,1,19,906.976013,913.288
n65536_q128_r300,4,AB,A,1,20,907.104004,913.387
n65536_q128_r300,4,AB,A,1,21,907.072021,913.41
n65536_q128_r300,4,AB,A,1,22,907.039978,913.135
n65536_q128_r300,4,AB,A,1,23,908.447998,914.937
n65536_q128_r300,4,AB,A,1,24,905.791992,912.434
n65536_q128_r300,4,AB,A,1,25,906.880005,913.422
n65536_q128_r300,4,AB,A,1,26,904.640015,911.439
n65536_q128_r300,4,AB,A,1,27,907.072021,913.47
n65536_q128_r300,4,AB,A,1,28,874.335999,880.633
n65536_q128_r300,4,AB,A,1,29,833.471985,839.516
n65536_q128_r300,4,AB,A,1,30,830.528015,835.962
n65536_q128_r300,4,AB,A,1,31,833.055969,838.247
n65536_q128_r300,4,AB,A,1,32,830.720032,837.039
n65536_q128_r300,4,AB,A,1,33,833.504028,839.889
n65536_q128_r300,4,AB,A,1,34,831.328003,837.737
n65536_q128_r300,4,AB,A,1,35,831.328003,837.701
n65536_q128_r300,4,AB,A,1,36,833.440002,839.741
n65536_q128_r300,4,AB,A,1,37,831.455994,837.523
n65536_q128_r300,4,AB,A,1,38,831.679993,838.166
n65536_q128_r300,4,AB,A,1,39,832.607971,838.868
n65536_q128_r300,4,AB,A,1,40,833.440002,839.729
n65536_q128_r300,4,AB,A,1,41,832.480042,838.693
n65536_q128_r300,4,AB,A,1,42,831.488037,838.726
n65536_q128_r300,4,AB,A,1,43,833.40802,839.888
n65536_q128_r300,4,AB,A,1,44,831.359985,837.393
n65536_q128_r300,4,AB,A,1,45,831.712036,838.171
n65536_q128_r300,4,AB,A,1,46,833.40802,839.753
n65536_q128_r300,4,AB,A,1,47,831.488037,837.362
n65536_q128_r300,4,AB,A,1,48,833.632019,839.172
n65536_q128_r300,4,AB,A,1,49,833.632019,839.716
n65536_q128_r300,4,AB,A,1,50,831.488037,837.736
n65536_q128_r300,4,AB,A,1,51,830.656006,836.351
n65536_q128_r300,4,AB,A,1,52,832.83197,837.523
n65536_q128_r300,4,AB,A,1,53,831.903992,837.55
n65536_q128_r300,4,AB,A,1,54,833.248047,839.678
n65536_q128_r300,4,AB,A,1,55,833.311951,839.826
n65536_q128_r300,4,AB,A,1,56,833.375977,839.533
n65536_q128_r300,4,AB,A,1,57,832.736023,839.143
n65536_q128_r300,4,AB,A,1,58,830.847961,837.591
n65536_q128_r300,4,AB,A,1,59,833.695984,840.101
n65536_q128_r300,4,AB,A,1,60,832.992004,839.627
n65536_q128_r300,4,AB,A,1,61,833.440002,839.759
n65536_q128_r300,4,AB,A,1,62,831.488037,837.561
n65536_q128_r300,4,AB,A,1,63,833.791992,840.257
n65536_q128_r300,4,AB,A,1,64,833.248047,839.86
n65536_q128_r300,4,AB,A,1,65,833.280029,839.787
n65536_q128_r300,4,AB,A,1,66,831.200012,837.789
n65536_q128_r300,4,AB,A,1,67,831.104004,837.647
n65536_q128_r300,4,AB,A,1,68,833.280029,839.713
n65536_q128_r300,4,AB,A,1,69,831.328003,837.586
n65536_q128_r300,4,AB,A,1,70,833.791992,839.548
n65536_q128_r300,4,AB,A,1,71,831.968018,836.541
n65536_q128_r300,4,AB,A,1,72,833.087952,838.629
n65536_q128_r300,4,AB,A,1,73,833.248047,839.781
n65536_q128_r300,4,AB,A,1,74,832.83197,839.794
n65536_q128_r300,4,AB,A,1,75,832.159973,838.401
n65536_q128_r300,4,AB,A,1,76,831.712036,838.194
n65536_q128_r300,4,AB,A,1,77,833.216003,838.877
n65536_q128_r300,4,AB,A,1,78,832.960022,839.731
n65536_q128_r300,4,AB,A,1,79,834.112,840.789
n65536_q128_r300,4,AB,A,1,80,832.864014,839.659
n65536_q128_r300,4,AB,A,1,81,833.248047,839.656
n65536_q128_r300,4,AB,A,1,82,833.375977,840.188
n65536_q128_r300,4,AB,A,1,83,833.216003,839.808
n65536_q128_r300,4,AB,A,1,84,832.096008,838.485
n65536_q128_r300,4,AB,A,1,85,831.391968,837.694
n65536_q128_r300,4,AB,A,1,86,833.471985,840.067
n65536_q128_r300,4,AB,A,1,87,833.151978,839.482
n65536_q128_r300,4,AB,A,1,88,833.664001,840.241
n65536_q128_r300,4,AB,A,1,89,833.151978,839.745
n65536_q128_r300,4,AB,A,1,90,832.895996,839.883
n65536_q128_r300,4,AB,A,1,91,833.343994,839.818
n65536_q128_r300,4,AB,A,1,92,833.184021,839.899
n65536_q128_r300,4,AB,A,1,93,832.032043,838.677
n65536_q128_r300,4,AB,A,1,94,833.216003,839.237
n65536_q128_r300,4,AB,A,1,95,831.712036,838.536
n65536_q128_r300,4,AB,A,1,96,834.335999,840.817
n65536_q128_r300,4,AB,A,1,97,832.096008,838.786
n65536_q128_r300,4,AB,A,1,98,832.032043,838.777
n65536_q128_r300,4,AB,A,1,99,833.248047,838.936
n65536_q128_r300,4,AB,A,64,0,829.333008,829.440016
n65536_q128_r300,4,AB,A,64,1,829.300537,829.411125
n65536_q128_r300,4,AB,A,64,2,829.423462,829.533688
n65536_q128_r300,4,AB,A,64,3,829.390503,829.507531
n65536_q128_r300,4,AB,A,64,4,829.324036,829.443844
n65536_q128_r300,4,AB,A,64,5,829.348511,829.474219
n65536_q128_r300,4,AB,A,64,6,829.400452,829.514516
n65536_q128_r300,4,AB,A,64,7,829.479004,829.590672
n65536_q128_r300,4,AB,A,64,8,829.419006,829.536438
n65536_q128_r300,4,AB,A,64,9,829.289001,829.405656
n65536_q128_r300,4,AB,A,64,10,829.344482,829.456063
n65536_q128_r300,4,AB,A,64,11,829.387024,829.504297
n65536_q128_r300,4,AB,A,64,12,829.322998,829.440406
n65536_q128_r300,4,AB,A,64,13,829.275024,829.390219
n65536_q128_r300,4,AB,A,64,14,829.388489,829.506594
n65536_q128_r300,4,AB,A,64,15,829.398499,829.515266
n65536_q128_r300,4,AB,A,64,16,829.478027,829.592859
n65536_q128_r300,4,AB,A,64,17,829.336548,829.454344
n65536_q128_r300,4,AB,A,64,18,829.421997,829.539031
n65536_q128_r300,4,AB,A,64,19,829.296021,829.393672
n65536_q128_r300,4,AB,B,1,0,723.359985,733.054
n65536_q128_r300,4,AB,B,1,1,717.216003,724.624
n65536_q128_r300,4,AB,B,1,2,719.039978,726.836
n65536_q128_r300,4,AB,B,1,3,717.919983,725.193
n65536_q128_r300,4,AB,B,1,4,712.768005,719.805
n65536_q128_r300,4,AB,B,1,5,713.599976,720.49
n65536_q128_r300,4,AB,B,1,6,716.383972,723.34
n65536_q128_r300,4,AB,B,1,7,711.52002,718.984
n65536_q128_r300,4,AB,B,1,8,714.783997,721.551
n65536_q128_r300,4,AB,B,1,9,712.35199,719.389
n65536_q128_r300,4,AB,B,1,10,713.888,720.998
n65536_q128_r300,4,AB,B,1,11,712.895996,719.955
n65536_q128_r300,4,AB,B,1,12,713.792053,720.542
n65536_q128_r300,4,AB,B,1,13,714.335999,721.478
n65536_q128_r300,4,AB,B,1,14,717.024048,723.086
n65536_q128_r300,4,AB,B,1,15,716.799988,723.943
n65536_q128_r300,4,AB,B,1,16,712.671997,719.579
n65536_q128_r300,4,AB,B,1,17,715.167969,722.491
n65536_q128_r300,4,AB,B,1,18,711.711975,718.955
n65536_q128_r300,4,AB,B,1,19,712.416016,719.394
n65536_q128_r300,4,AB,B,1,20,714.176025,721.376
n65536_q128_r300,4,AB,B,1,21,714.815979,722.135
n65536_q128_r300,4,AB,B,1,22,715.679993,722.943
n65536_q128_r300,4,AB,B,1,23,714.880005,721.015
n65536_q128_r300,4,AB,B,1,24,715.679993,722.171
n65536_q128_r300,4,AB,B,1,25,715.968018,723.099
n65536_q128_r300,4,AB,B,1,26,715.968018,722.834
n65536_q128_r300,4,AB,B,1,27,716.223999,723.387
n65536_q128_r300,4,AB,B,1,28,714.815979,722.13
n65536_q128_r300,4,AB,B,1,29,713.664001,720.993
n65536_q128_r300,4,AB,B,1,30,713.823975,720.719
n65536_q128_r300,4,AB,B,1,31,714.176025,721.31
n65536_q128_r300,4,AB,B,1,32,712.671997,719.957
n65536_q128_r300,4,AB,B,1,33,713.728027,720.936
n65536_q128_r300,4,AB,B,1,34,714.911987,721.716
n65536_q128_r300,4,AB,B,1,35,714.208008,721.365
n65536_q128_r300,4,AB,B,1,36,714.528015,727.039
n65536_q128_r300,4,AB,B,1,37,716.864014,723.711
n65536_q128_r300,4,AB,B,1,38,714.367981,721.436
n65536_q128_r300,4,AB,B,1,39,711.296021,718.874
n65536_q128_r300,4,AB,B,1,40,714.752014,721.935
n65536_q128_r300,4,AB,B,1,41,716.799988,723.689
n65536_q128_r300,4,AB,B,1,42,712.127991,719.56
n65536_q128_r300,4,AB,B,1,43,712.544006,719.794
n65536_q128_r300,4,AB,B,1,44,716.736023,723.775
n65536_q128_r300,4,AB,B,1,45,713.440002,720.325
n65536_q128_r300,4,AB,B,1,46,715.872009,723.153
n65536_q128_r300,4,AB,B,1,47,714.687988,721.996
n65536_q128_r300,4,AB,B,1,48,714.815979,720.601
n65536_q128_r300,4,AB,B,1,49,716.512024,722.447
n65536_q128_r300,4,AB,B,1,50,711.615967,718.817
n65536_q128_r300,4,AB,B,1,51,714.783997,721.11
n65536_q128_r300,4,AB,B,1,52,717.632019,723.552
n65536_q128_r300,4,AB,B,1,53,717.343994,724.619
n65536_q128_r300,4,AB,B,1,54,717.695984,725.076
n65536_q128_r300,4,AB,B,1,55,714.720032,721.675
n65536_q128_r300,4,AB,B,1,56,712.800049,720.433
n65536_q128_r300,4,AB,B,1,57,713.695984,720.902
n65536_q128_r300,4,AB,B,1,58,712.703979,719.909
n65536_q128_r300,4,AB,B,1,59,714.623962,721.608
n65536_q128_r300,4,AB,B,1,60,714.399963,721.44
n65536_q128_r300,4,AB,B,1,61,712.83197,719.948
n65536_q128_r300,4,AB,B,1,62,714.687988,721.712
n65536_q128_r300,4,AB,B,1,63,718.463989,725.432
n65536_q128_r300,4,AB,B,1,64,715.007996,722.132
n65536_q128_r300,4,AB,B,1,65,711.711975,718.918
n65536_q128_r300,4,AB,B,1,66,714.752014,721.684
n65536_q128_r300,4,AB,B,1,67,714.208008,721.41
n65536_q128_r300,4,AB,B,1,68,715.744019,723.009
n65536_q128_r300,4,AB,B,1,69,714.656006,721.817
n65536_q128_r300,4,AB,B,1,70,714.752014,721.683
n65536_q128_r300,4,AB,B,1,71,715.744019,722.45
n65536_q128_r300,4,AB,B,1,72,713.919983,720.946
n65536_q128_r300,4,AB,B,1,73,714.944031,721.755
n65536_q128_r300,4,AB,B,1,74,716.320007,723.322
n65536_q128_r300,4,AB,B,1,75,715.007996,722.091
n65536_q128_r300,4,AB,B,1,76,711.679993,718.958
n65536_q128_r300,4,AB,B,1,77,714.815979,721.643
n65536_q128_r300,4,AB,B,1,78,712.383972,718.467
n65536_q128_r300,4,AB,B,1,79,718.016052,723.961
n65536_q128_r300,4,AB,B,1,80,714.944031,726.222
n65536_q128_r300,4,AB,B,1,81,715.776001,722.687
n65536_q128_r300,4,AB,B,1,82,714.303955,721.373
n65536_q128_r300,4,AB,B,1,83,712.895996,720.028
n65536_q128_r300,4,AB,B,1,84,713.695984,720.597
n65536_q128_r300,4,AB,B,1,85,714.208008,721.497
n65536_q128_r300,4,AB,B,1,86,713.919983,720.998
n65536_q128_r300,4,AB,B,1,87,717.823975,725.247
n65536_q128_r300,4,AB,B,1,88,713.375977,720.594
n65536_q128_r300,4,AB,B,1,89,714.432007,721.397
n65536_q128_r300,4,AB,B,1,90,714.815979,722.059
n65536_q128_r300,4,AB,B,1,91,717.823975,724.751
n65536_q128_r300,4,AB,B,1,92,716.127991,723.35
n65536_q128_r300,4,AB,B,1,93,713.855957,721.06
n65536_q128_r300,4,AB,B,1,94,714.815979,722.089
n65536_q128_r300,4,AB,B,1,95,713.823975,720.642
n65536_q128_r300,4,AB,B,1,96,712.288025,719.362
n65536_q128_r300,4,AB,B,1,97,714.048035,730.231
n65536_q128_r300,4,AB,B,1,98,713.919983,721.0
n65536_q128_r300,4,AB,B,1,99,714.015991,721.155
n65536_q128_r300,4,AB,B,64,0,712.40802,712.521531
n65536_q128_r300,4,AB,B,64,1,712.378967,712.495641
n65536_q128_r300,4,AB,B,64,2,712.4375,712.563625
n65536_q128_r300,4,AB,B,64,3,712.405029,712.521109
n65536_q128_r300,4,AB,B,64,4,712.27301,712.384234
n65536_q128_r300,4,AB,B,64,5,712.41748,712.53825
n65536_q128_r300,4,AB,B,64,6,712.118042,712.237141
n65536_q128_r300,4,AB,B,64,7,712.449036,712.550703
n65536_q128_r300,4,AB,B,64,8,712.603516,712.699
n65536_q128_r300,4,AB,B,64,9,712.414001,712.532719
n65536_q128_r300,4,AB,B,64,10,712.700012,712.799797
n65536_q128_r300,4,AB,B,64,11,712.261047,712.352984
n65536_q128_r300,4,AB,B,64,12,712.221008,712.335187
n65536_q128_r300,4,AB,B,64,13,712.194519,712.306906
n65536_q128_r300,4,AB,B,64,14,712.223022,712.333938
n65536_q128_r300,4,AB,B,64,15,712.150513,712.258266
n65536_q128_r300,4,AB,B,64,16,712.372498,712.486859
n65536_q128_r300,4,AB,B,64,17,712.25,712.365016
n65536_q128_r300,4,AB,B,64,18,712.387024,712.500937
n65536_q128_r300,4,AB,B,64,19,712.22345,712.333656
n65536_q128_r300,5,BA,B,1,0,766.81604,788.456
n65536_q128_r300,5,BA,B,1,1,759.583984,766.544
n65536_q128_r300,5,BA,B,1,2,761.05603,768.313
n65536_q128_r300,5,BA,B,1,3,758.207947,764.93
n65536_q128_r300,5,BA,B,1,4,755.680054,761.887
n65536_q128_r300,5,BA,B,1,5,760.512024,766.736
n65536_q128_r300,5,BA,B,1,6,758.94397,764.326
n65536_q128_r300,5,BA,B,1,7,757.503967,762.122
n65536_q128_r300,5,BA,B,1,8,759.039978,764.744
n65536_q128_r300,5,BA,B,1,9,762.495972,769.903
n65536_q128_r300,5,BA,B,1,10,752.416016,759.195
n65536_q128_r300,5,BA,B,1,11,759.359985,765.844
n65536_q128_r300,5,BA,B,1,12,758.719971,764.997
n65536_q128_r300,5,BA,B,1,13,755.424011,761.63
n65536_q128_r300,5,BA,B,1,14,755.807983,761.424
n65536_q128_r300,5,BA,B,1,15,759.42395,764.922
n65536_q128_r300,5,BA,B,1,16,756.575989,762.86
n65536_q128_r300,5,BA,B,1,17,755.519958,762.031
n65536_q128_r300,5,BA,B,1,18,760.799988,766.788
n65536_q128_r300,5,BA,B,1,19,756.608032,763.374
n65536_q128_r300,5,BA,B,1,20,755.840027,762.132
n65536_q128_r300,5,BA,B,1,21,759.679993,765.884
n65536_q128_r300,5,BA,B,1,22,760.735962,766.804
n65536_q128_r300,5,BA,B,1,23,756.608032,763.362
n65536_q128_r300,5,BA,B,1,24,757.791992,764.059
n65536_q128_r300,5,BA,B,1,25,760.832031,767.038
n65536_q128_r300,5,BA,B,1,26,758.528015,764.674
n65536_q128_r300,5,BA,B,1,27,757.664001,764.418
n65536_q128_r300,5,BA,B,1,28,758.912048,765.076
n65536_q128_r300,5,BA,B,1,29,758.656006,765.099
n65536_q128_r300,5,BA,B,1,30,757.76001,763.831
n65536_q128_r300,5,BA,B,1,31,757.727966,764.278
n65536_q128_r300,5,BA,B,1,32,757.888,764.054
n65536_q128_r300,5,BA,B,1,33,760.608032,767.099
n65536_q128_r300,5,BA,B,1,34,757.600037,763.927
n65536_q128_r300,5,BA,B,1,35,758.431946,764.678
n65536_q128_r300,5,BA,B,1,36,756.832031,762.367
n65536_q128_r300,5,BA,B,1,37,759.42395,764.044
n65536_q128_r300,5,BA,B,1,38,759.52002,764.978
n65536_q128_r300,5,BA,B,1,39,756.544006,762.749
n65536_q128_r300,5,BA,B,1,40,758.912048,764.391
n65536_q128_r300,5,BA,B,1,41,759.487976,764.95
n65536_q128_r300,5,BA,B,1,42,758.431946,765.029
n65536_q128_r300,5,BA,B,1,43,755.328003,761.717
n65536_q128_r300,5,BA,B,1,44,759.967957,766.527
n65536_q128_r300,5,BA,B,1,45,758.495972,765.025
n65536_q128_r300,5,BA,B,1,46,758.880005,765.164
n65536_q128_r300,5,BA,B,1,47,757.632019,763.829
n65536_q128_r300,5,BA,B,1,48,758.94397,764.866
n65536_q128_r300,5,BA,B,1,49,756.160034,761.624
n65536_q128_r300,5,BA,B,1,50,758.752014,764.1
n65536_q128_r300,5,BA,B,1,51,763.487976,768.993
n65536_q128_r300,5,BA,B,1,52,756.735962,762.717
n65536_q128_r300,5,BA,B,1,53,756.864014,763.346
n65536_q128_r300,5,BA,B,1,54,757.856018,764.207
n65536_q128_r300,5,BA,B,1,55,754.463989,760.934
n65536_q128_r300,5,BA,B,1,56,758.687988,764.783
n65536_q128_r300,5,BA,B,1,57,758.495972,765.273
n65536_q128_r300,5,BA,B,1,58,756.832031,763.211
n65536_q128_r300,5,BA,B,1,59,760.608032,767.076
n65536_q128_r300,5,BA,B,1,60,757.727966,763.789
n65536_q128_r300,5,BA,B,1,61,759.64801,766.4
n65536_q128_r300,5,BA,B,1,62,755.711975,761.98
n65536_q128_r300,5,BA,B,1,63,760.640015,767.088
n65536_q128_r300,5,BA,B,1,64,760.768005,767.631
n65536_q128_r300,5,BA,B,1,65,758.112,764.268
n65536_q128_r300,5,BA,B,1,66,761.919983,766.431
n65536_q128_r300,5,BA,B,1,67,761.440002,766.871
n65536_q128_r300,5,BA,B,1,68,757.823975,764.244
n65536_q128_r300,5,BA,B,1,69,760.608032,766.807
n65536_q128_r300,5,BA,B,1,70,760.031982,767.514
n65536_q128_r300,5,BA,B,1,71,754.144043,760.951
n65536_q128_r300,5,BA,B,1,72,757.632019,763.896
n65536_q128_r300,5,BA,B,1,73,760.384033,766.804
n65536_q128_r300,5,BA,B,1,74,754.624023,761.337
n65536_q128_r300,5,BA,B,1,75,757.503967,764.032
n65536_q128_r300,5,BA,B,1,76,762.81604,768.997
n65536_q128_r300,5,BA,B,1,77,759.64801,765.818
n65536_q128_r300,5,BA,B,1,78,757.888,764.524
n65536_q128_r300,5,BA,B,1,79,761.536011,768.068
n65536_q128_r300,5,BA,B,1,80,760.959961,767.258
n65536_q128_r300,5,BA,B,1,81,755.455994,761.943
n65536_q128_r300,5,BA,B,1,82,761.856018,767.813
n65536_q128_r300,5,BA,B,1,83,758.687988,765.455
n65536_q128_r300,5,BA,B,1,84,756.703979,762.936
n65536_q128_r300,5,BA,B,1,85,757.600037,764.525
n65536_q128_r300,5,BA,B,1,86,759.744019,766.46
n65536_q128_r300,5,BA,B,1,87,755.711975,762.227
n65536_q128_r300,5,BA,B,1,88,758.815979,765.038
n65536_q128_r300,5,BA,B,1,89,761.951965,768.107
n65536_q128_r300,5,BA,B,1,90,756.575989,762.648
n65536_q128_r300,5,BA,B,1,91,757.791992,764.338
n65536_q128_r300,5,BA,B,1,92,760.959961,767.214
n65536_q128_r300,5,BA,B,1,93,760.544006,766.067
n65536_q128_r300,5,BA,B,1,94,763.616028,768.771
n65536_q128_r300,5,BA,B,1,95,759.776001,766.139
n65536_q128_r300,5,BA,B,1,96,759.967957,766.181
n65536_q128_r300,5,BA,B,1,97,758.495972,764.94
n65536_q128_r300,5,BA,B,1,98,755.711975,761.966
n65536_q128_r300,5,BA,B,1,99,760.703979,766.993
n65536_q128_r300,5,BA,B,64,0,756.977478,757.080844
n65536_q128_r300,5,BA,B,64,1,754.809021,754.909125
n65536_q128_r300,5,BA,B,64,2,737.021057,737.122969
n65536_q128_r300,5,BA,B,64,3,736.796997,736.90725
n65536_q128_r300,5,BA,B,64,4,736.860962,736.960031
n65536_q128_r300,5,BA,B,64,5,737.242004,737.342969
n65536_q128_r300,5,BA,B,64,6,736.955017,737.057125
n65536_q128_r300,5,BA,B,64,7,736.633484,736.733906
n65536_q128_r300,5,BA,B,64,8,737.370483,737.472484
n65536_q128_r300,5,BA,B,64,9,737.290955,737.392625
n65536_q128_r300,5,BA,B,64,10,737.034973,737.136984
n65536_q128_r300,5,BA,B,64,11,736.587524,736.692266
n65536_q128_r300,5,BA,B,64,12,736.892517,736.979297
n65536_q128_r300,5,BA,B,64,13,736.713501,736.819938
n65536_q128_r300,5,BA,B,64,14,737.050476,737.152469
n65536_q128_r300,5,BA,B,64,15,737.294006,737.381891
n65536_q128_r300,5,BA,B,64,16,737.188965,737.276422
n65536_q128_r300,5,BA,B,64,17,737.228516,737.316641
n65536_q128_r300,5,BA,B,64,18,736.900513,736.990297
n65536_q128_r300,5,BA,B,64,19,737.141479,737.249266
n65536_q128_r300,5,BA,A,1,0,910.112,920.352
n65536_q128_r300,5,BA,A,1,1,908.191956,916.396
n65536_q128_r300,5,BA,A,1,2,908.159973,915.79
n65536_q128_r300,5,BA,A,1,3,850.624023,858.046
n65536_q128_r300,5,BA,A,1,4,836.864014,843.271
n65536_q128_r300,5,BA,A,1,5,835.903992,841.89
n65536_q128_r300,5,BA,A,1,6,831.455994,837.763
n65536_q128_r300,5,BA,A,1,7,830.528015,836.751
n65536_q128_r300,5,BA,A,1,8,831.391968,837.793
n65536_q128_r300,5,BA,A,1,9,832.703979,838.575
n65536_q128_r300,5,BA,A,1,10,830.720032,836.787
n65536_q128_r300,5,BA,A,1,11,830.752014,836.913
n65536_q128_r300,5,BA,A,1,12,830.752014,836.886
n65536_q128_r300,5,BA,A,1,13,830.59198,836.732
n65536_q128_r300,5,BA,A,1,14,830.528015,836.734
n65536_q128_r300,5,BA,A,1,15,830.59198,836.531
n65536_q128_r300,5,BA,A,1,16,830.783997,837.226
n65536_q128_r300,5,BA,A,1,17,830.463989,836.741
n65536_q128_r300,5,BA,A,1,18,830.59198,836.769
n65536_q128_r300,5,BA,A,1,19,832.544006,838.765
n65536_q128_r300,5,BA,A,1,20,832.607971,838.914
n65536_q128_r300,5,BA,A,1,21,830.560059,835.497
n65536_q128_r300,5,BA,A,1,22,831.872009,837.133
n65536_q128_r300,5,BA,A,1,23,830.496033,836.772
n65536_q128_r300,5,BA,A,1,24,830.560059,836.674
n65536_q128_r300,5,BA,A,1,25,830.720032,836.797
n65536_q128_r300,5,BA,A,1,26,832.544006,838.85
n65536_q128_r300,5,BA,A,1,27,832.703979,838.599
n65536_q128_r300,5,BA,A,1,28,831.807983,836.045
n65536_q128_r300,5,BA,A,1,29,831.424011,836.678
n65536_q128_r300,5,BA,A,1,30,830.880005,836.946
n65536_q128_r300,5,BA,A,1,31,830.560059,836.705
n65536_q128_r300,5,BA,A,1,32,830.528015,836.677
n65536_q128_r300,5,BA,A,1,33,830.59198,836.809
n65536_q128_r300,5,BA,A,1,34,830.752014,836.594
n65536_q128_r300,5,BA,A,1,35,830.752014,837.213
n65536_q128_r300,5,BA,A,1,36,830.687988,836.804
n65536_q128_r300,5,BA,A,1,37,830.687988,836.808
n65536_q128_r300,5,BA,A,1,38,830.560059,836.788
n65536_q128_r300,5,BA,A,1,39,830.528015,836.71
n65536_q128_r300,5,BA,A,1,40,830.496033,836.443
n65536_q128_r300,5,BA,A,1,41,830.752014,837.159
n65536_q128_r300,5,BA,A,1,42,830.528015,836.668
n65536_q128_r300,5,BA,A,1,43,832.83197,838.904
n65536_q128_r300,5,BA,A,1,44,831.328003,837.794
n65536_q128_r300,5,BA,A,1,45,832.736023,838.862
n65536_q128_r300,5,BA,A,1,46,830.399963,836.494
n65536_q128_r300,5,BA,A,1,47,830.720032,837.105
n65536_q128_r300,5,BA,A,1,48,830.528015,836.709
n65536_q128_r300,5,BA,A,1,49,830.59198,836.791
n65536_q128_r300,5,BA,A,1,50,830.623962,836.768
n65536_q128_r300,5,BA,A,1,51,832.671997,838.86
n65536_q128_r300,5,BA,A,1,52,830.528015,835.923
n65536_q128_r300,5,BA,A,1,53,831.296021,836.574
n65536_q128_r300,5,BA,A,1,54,830.463989,836.622
n65536_q128_r300,5,BA,A,1,55,830.687988,836.803
n65536_q128_r300,5,BA,A,1,56,830.656006,836.669
n65536_q128_r300,5,BA,A,1,57,830.687988,836.859
n65536_q128_r300,5,BA,A,1,58,832.736023,838.586
n65536_q128_r300,5,BA,A,1,59,830.783997,837.156
n65536_q128_r300,5,BA,A,1,60,832.768005,838.904
n65536_q128_r300,5,BA,A,1,61,831.552002,837.718
n65536_q128_r300,5,BA,A,1,62,832.671997,838.832
n65536_q128_r300,5,BA,A,1,63,830.623962,836.779
n65536_q128_r300,5,BA,A,1,64,830.560059,836.533
n65536_q128_r300,5,BA,A,1,65,835.679993,842.159
n65536_q128_r300,5,BA,A,1,66,830.687988,836.855
n65536_q128_r300,5,BA,A,1,67,830.623962,836.665
n65536_q128_r300,5,BA,A,1,68,830.720032,836.923
n65536_q128_r300,5,BA,A,1,69,830.656006,836.768
n65536_q128_r300,5,BA,A,1,70,830.59198,836.786
n65536_q128_r300,5,BA,A,1,71,830.59198,836.555
n65536_q128_r300,5,BA,A,1,72,838.944031,845.484
n65536_q128_r300,5,BA,A,1,73,831.488037,837.603
n65536_q128_r300,5,BA,A,1,74,832.703979,838.783
n65536_q128_r300,5,BA,A,1,75,832.607971,838.668
n65536_q128_r300,5,BA,A,1,76,832.736023,837.951
n65536_q128_r300,5,BA,A,1,77,833.40802,838.443
n65536_q128_r300,5,BA,A,1,78,830.880005,836.95
n65536_q128_r300,5,BA,A,1,79,830.687988,836.966
n65536_q128_r300,5,BA,A,1,80,830.687988,836.657
n65536_q128_r300,5,BA,A,1,81,830.528015,836.84
n65536_q128_r300,5,BA,A,1,82,830.720032,837.142
n65536_q128_r300,5,BA,A,1,83,832.768005,838.73
n65536_q128_r300,5,BA,A,1,84,830.752014,837.102
n65536_q128_r300,5,BA,A,1,85,830.752014,836.931
n65536_q128_r300,5,BA,A,1,86,830.656006,836.795
n65536_q128_r300,5,BA,A,1,87,830.59198,836.739
n65536_q128_r300,5,BA,A,1,88,830.687988,836.803
n65536_q128_r300,5,BA,A,1,89,830.720032,836.592
n65536_q128_r300,5,BA,A,1,90,830.720032,837.022
n65536_q128_r300,5,BA,A,1,91,830.783997,836.902
n65536_q128_r300,5,BA,A,1,92,830.687988,837.052
n65536_q128_r300,5,BA,A,1,93,830.687988,836.801
n65536_q128_r300,5,BA,A,1,94,830.59198,836.745
n65536_q128_r300,5,BA,A,1,95,830.752014,836.609
n65536_q128_r300,5,BA,A,1,96,830.720032,836.993
n65536_q128_r300,5,BA,A,1,97,830.687988,836.081
n65536_q128_r300,5,BA,A,1,98,831.391968,835.793
n65536_q128_r300,5,BA,A,1,99,831.52002,836.779
n65536_q128_r300,5,BA,A,64,0,829.393494,829.488906
n65536_q128_r300,5,BA,A,64,1,829.329041,829.430875
n65536_q128_r300,5,BA,A,64,2,829.220459,829.322875
n65536_q128_r300,5,BA,A,64,3,829.135498,829.234797
n65536_q128_r300,5,BA,A,64,4,829.198486,829.2975
n65536_q128_r300,5,BA,A,64,5,829.219543,829.323281
n65536_q128_r300,5,BA,A,64,6,829.209961,829.311422
n65536_q128_r300,5,BA,A,64,7,829.311035,829.411328
n65536_q128_r300,5,BA,A,64,8,829.195984,829.297797
n65536_q128_r300,5,BA,A,64,9,829.243469,829.343781
n65536_q128_r300,5,BA,A,64,10,829.232971,829.333219
n65536_q128_r300,5,BA,A,64,11,829.244507,829.346641
n65536_q128_r300,5,BA,A,64,12,829.258484,829.360109
n65536_q128_r300,5,BA,A,64,13,829.338013,829.438484
n65536_q128_r300,5,BA,A,64,14,829.231506,829.332594
n65536_q128_r300,5,BA,A,64,15,833.403503,833.503734
n65536_q128_r300,5,BA,A,64,16,829.268005,829.380203
n65536_q128_r300,5,BA,A,64,17,829.257507,829.356969
n65536_q128_r300,5,BA,A,64,18,829.264526,829.365859
n65536_q128_r300,5,BA,A,64,19,829.276489,829.375141
n65536_q128_r500,0,AB,A,1,0,1089.023926,1113.676
n65536_q128_r500,0,AB,A,1,1,1084.287964,1092.648
n65536_q128_r500,0,AB,A,1,2,1078.848022,1085.802
n65536_q128_r500,0,AB,A,1,3,1076.895996,1083.298
n65536_q128_r500,0,AB,A,1,4,1009.312012,1014.77
n65536_q128_r500,0,AB,A,1,5,991.552002,998.196
n65536_q128_r500,0,AB,A,1,6,990.815979,997.385
n65536_q128_r500,0,AB,A,1,7,991.072021,997.257
n65536_q128_r500,0,AB,A,1,8,991.104004,997.345
n65536_q128_r500,0,AB,A,1,9,988.992004,995.076
n65536_q128_r500,0,AB,A,1,10,988.83197,995.369
n65536_q128_r500,0,AB,A,1,11,991.104004,997.33
n65536_q128_r500,0,AB,A,1,12,989.119995,995.376
n65536_q128_r500,0,AB,A,1,13,991.072021,997.358
n65536_q128_r500,0,AB,A,1,14,990.176025,996.445
n65536_q128_r500,0,AB,A,1,15,991.231995,997.466
n65536_q128_r500,0,AB,A,1,16,989.023987,995.343
n65536_q128_r500,0,AB,A,1,17,991.135986,997.456
n65536_q128_r500,0,AB,A,1,18,989.152039,994.458
n65536_q128_r500,0,AB,A,1,19,989.023987,995.293
n65536_q128_r500,0,AB,A,1,20,991.263977,997.569
n65536_q128_r500,0,AB,A,1,21,990.304016,996.493
n65536_q128_r500,0,AB,A,1,22,991.328003,997.556
n65536_q128_r500,0,AB,A,1,23,992.35199,997.606
n65536_q128_r500,0,AB,A,1,24,990.688049,996.251
n65536_q128_r500,0,AB,A,1,25,990.271973,996.417
n65536_q128_r500,0,AB,A,1,26,988.895996,995.513
n65536_q128_r500,0,AB,A,1,27,991.199951,997.478
n65536_q128_r500,0,AB,A,1,28,989.119995,995.407
n65536_q128_r500,0,AB,A,1,29,991.231995,997.487
n65536_q128_r500,0,AB,A,1,30,990.23999,996.538
n65536_q128_r500,0,AB,A,1,31,991.263977,997.484
n65536_q128_r500,0,AB,A,1,32,989.983948,996.446
n65536_q128_r500,0,AB,A,1,33,991.296021,997.513
n65536_q128_r500,0,AB,A,1,34,989.152039,995.443
n65536_q128_r500,0,AB,A,1,35,990.23999,996.472
n65536_q128_r500,0,AB,A,1,36,991.231995,997.558
n65536_q128_r500,0,AB,A,1,37,990.367981,996.541
n65536_q128_r500,0,AB,A,1,38,991.135986,997.453
n65536_q128_r500,0,AB,A,1,39,990.23999,996.479
n65536_q128_r500,0,AB,A,1,40,991.296021,997.505
n65536_q128_r500,0,AB,A,1,41,992.255981,998.458
n65536_q128_r500,0,AB,A,1,42,988.735962,995.473
n65536_q128_r500,0,AB,A,1,43,991.359985,996.663
n65536_q128_r500,0,AB,A,1,44,989.791992,995.253
n65536_q128_r500,0,AB,A,1,45,991.359985,997.608
n65536_q128_r500,0,AB,A,1,46,989.184021,995.4
n65536_q128_r500,0,AB,A,1,47,991.039978,997.434
n65536_q128_r500,0,AB,A,1,48,989.055969,995.346
n65536_q128_r500,0,AB,A,1,49,991.199951,997.454
n65536_q128_r500,0,AB,A,1,50,989.247986,995.442
n65536_q128_r500,0,AB,A,1,51,988.160034,994.449
n65536_q128_r500,0,AB,A,1,52,991.231995,997.719
n65536_q128_r500,0,AB,A,1,53,988.799988,995.303
n65536_q128_r500,0,AB,A,1,54,991.263977,997.47
n65536_q128_r500,0,AB,A,1,55,991.199951,997.459
n65536_q128_r500,0,AB,A,1,56,991.16803,997.367
n65536_q128_r500,0,AB,A,1,57,990.304016,996.538
n65536_q128_r500,0,AB,A,1,58,988.768005,994.907
n65536_q128_r500,0,AB,A,1,59,990.59198,996.875
n65536_q128_r500,0,AB,A,1,60,988.992004,995.25
n65536_q128_r500,0,AB,A,1,61,991.135986,997.357
n65536_q128_r500,0,AB,A,1,62,990.144043,996.408
n65536_q128_r500,0,AB,A,1,63,991.231995,997.514
n65536_q128_r500,0,AB,A,1,64,990.23999,996.473
n65536_q128_r500,0,AB,A,1,65,991.424011,997.607
n65536_q128_r500,0,AB,A,1,66,989.184021,995.427
n65536_q128_r500,0,AB,A,1,67,989.184021,995.472
n65536_q128_r500,0,AB,A,1,68,991.263977,997.561
n65536_q128_r500,0,AB,A,1,69,990.304016,996.53
n65536_q128_r500,0,AB,A,1,70,991.231995,997.471
n65536_q128_r500,0,AB,A,1,71,989.152039,995.459
n65536_q128_r500,0,AB,A,1,72,991.199951,997.53
n65536_q128_r500,0,AB,A,1,73,991.328003,997.558
n65536_q128_r500,0,AB,A,1,74,988.575989,995.341
n65536_q128_r500,0,AB,A,1,75,991.359985,997.554
n65536_q128_r500,0,AB,A,1,76,989.088013,995.417
n65536_q128_r500,0,AB,A,1,77,991.072021,997.307
n65536_q128_r500,0,AB,A,1,78,990.912048,998.532
n65536_q128_r500,0,AB,A,1,79,991.231995,997.406
n65536_q128_r500,0,AB,A,1,80,989.184021,995.472
n65536_q128_r500,0,AB,A,1,81,991.231995,997.454
n65536_q128_r500,0,AB,A,1,82,989.184021,995.527
n65536_q128_r500,0,AB,A,1,83,990.335999,996.439
n65536_q128_r500,0,AB,A,1,84,991.231995,997.431
n65536_q128_r500,0,AB,A,1,85,990.304016,996.501
n65536_q128_r500,0,AB,A,1,86,991.199951,997.402
n65536_q128_r500,0,AB,A,1,87,989.152039,995.425
n65536_q128_r500,0,AB,A,1,88,991.328003,997.556
n65536_q128_r500,0,AB,A,1,89,989.119995,995.454
n65536_q128_r500,0,AB,A,1,90,990.783997,997.493
n65536_q128_r500,0,AB,A,1,91,991.199951,997.517
n65536_q128_r500,0,AB,A,1,92,990.304016,996.572
n65536_q128_r500,0,AB,A,1,93,991.328003,997.563
n65536_q128_r500,0,AB,A,1,94,990.23999,996.47
n65536_q128_r500,0,AB,A,1,95,991.328003,997.51
n65536_q128_r500,0,AB,A,1,96,992.320007,998.506
n65536_q128_r500,0,AB,A,1,97,991.199951,997.426
n65536_q128_r500,0,AB,A,1,98,989.247986,994.555
n65536_q128_r500,0,AB,A,1,99,989.920044,995.418
n65536_q128_r500,0,AB,A,64,0,987.356995,987.457
n65536_q128_r500,0,AB,A,64,1,987.416992,987.513734
n65536_q128_r500,0,AB,A,64,2,987.309998,987.418406
n65536_q128_r500,0,AB,A,64,3,987.209473,987.312625
n65536_q128_r500,0,AB,A,64,4,987.276978,987.379375
n65536_q128_r500,0,AB,A,64,5,987.336487,987.442906
n65536_q128_r500,0,AB,A,64,6,987.252014,987.359594
n65536_q128_r500,0,AB,A,64,7,987.359009,987.462906
n65536_q128_r500,0,AB,A,64,8,987.351501,987.455187
n65536_q128_r500,0,AB,A,64,9,987.385986,987.488109
n65536_q128_r500,0,AB,A,64,10,987.293457,987.395875
n65536_q128_r500,0,AB,A,64,11,987.234009,987.338453
n65536_q128_r500,0,AB,A,64,12,987.258484,987.3615
n65536_q128_r500,0,AB,A,64,13,987.263,987.350625
n65536_q128_r500,0,AB,A,64,14,987.302002,987.389453
n65536_q128_r500,0,AB,A,64,15,987.277527,987.379297
n65536_q128_r500,0,AB,A,64,16,987.307495,987.427297
n65536_q128_r500,0,AB,A,64,17,987.248474,987.397453
n65536_q128_r500,0,AB,A,64,18,987.487,987.615406
n65536_q128_r500,0,AB,A,64,19,987.377502,987.494812
n65536_q128_r500,0,AB,B,1,0,792.864014,800.481
n65536_q128_r500,0,AB,B,1,1,785.279968,791.736
n65536_q128_r500,0,AB,B,1,2,785.312012,791.754
n65536_q128_r500,0,AB,B,1,3,787.872009,794.212
n65536_q128_r500,0,AB,B,1,4,783.200012,789.24
n65536_q128_r500,0,AB,B,1,5,783.616028,789.858
n65536_q128_r500,0,AB,B,1,6,787.52002,793.859
n65536_q128_r500,0,AB,B,1,7,785.951965,792.698
n65536_q128_r500,0,AB,B,1,8,786.23999,792.54
n65536_q128_r500,0,AB,B,1,9,787.64801,793.68
n65536_q128_r500,0,AB,B,1,10,782.559998,788.747
n65536_q128_r500,0,AB,B,1,11,787.552002,793.831
n65536_q128_r500,0,AB,B,1,12,785.152039,791.578
n65536_q128_r500,0,AB,B,1,13,783.039978,789.569
n65536_q128_r500,0,AB,B,1,14,780.127991,786.286
n65536_q128_r500,0,AB,B,1,15,785.632019,792.06
n65536_q128_r500,0,AB,B,1,16,784.320007,790.624
n65536_q128_r500,0,AB,B,1,17,787.359985,792.793
n65536_q128_r500,0,AB,B,1,18,785.055969,790.532
n65536_q128_r500,0,AB,B,1,19,782.911987,793.508
n65536_q128_r500,0,AB,B,1,20,785.471985,789.961
n65536_q128_r500,0,AB,B,1,21,788.288025,792.838
n65536_q128_r500,0,AB,B,1,22,785.856018,791.515
n65536_q128_r500,0,AB,B,1,23,783.359985,789.657
n65536_q128_r500,0,AB,B,1,24,787.136047,793.517
n65536_q128_r500,0,AB,B,1,25,785.600037,792.051
n65536_q128_r500,0,AB,B,1,26,783.135986,789.522
n65536_q128_r500,0,AB,B,1,27,784.416016,790.751
n65536_q128_r500,0,AB,B,1,28,787.296021,793.283
n65536_q128_r500,0,AB,B,1,29,785.632019,792.018
n65536_q128_r500,0,AB,B,1,30,785.471985,791.782
n65536_q128_r500,0,AB,B,1,31,784.320007,790.5
n65536_q128_r500,0,AB,B,1,32,783.16803,789.476
n65536_q128_r500,0,AB,B,1,33,786.400024,792.466
n65536_q128_r500,0,AB,B,1,34,784.640015,791.034
n65536_q128_r500,0,AB,B,1,35,788.384033,794.723
n65536_q128_r500,0,AB,B,1,36,783.392029,789.646
n65536_q128_r500,0,AB,B,1,37,784.384033,790.667
n65536_q128_r500,0,AB,B,1,38,785.152039,790.375
n65536_q128_r500,0,AB,B,1,39,784.063965,789.891
n65536_q128_r500,0,AB,B,1,40,785.343994,791.659
n65536_q128_r500,0,AB,B,1,41,785.343994,791.566
n65536_q128_r500,0,AB,B,1,42,782.335999,788.629
n65536_q128_r500,0,AB,B,1,43,783.487976,789.385
n65536_q128_r500,0,AB,B,1,44,786.848022,792.815
n65536_q128_r500,0,AB,B,1,45,783.743958,791.89
n65536_q128_r500,0,AB,B,1,46,784.320007,789.66
n65536_q128_r500,0,AB,B,1,47,786.144043,790.706
n65536_q128_r500,0,AB,B,1,48,784.096008,790.211
n65536_q128_r500,0,AB,B,1,49,785.536011,791.856
n65536_q128_r500,0,AB,B,1,50,784.160034,790.558
n65536_q128_r500,0,AB,B,1,51,783.200012,789.494
n65536_q128_r500,0,AB,B,1,52,784.287964,790.305
n65536_q128_r500,0,AB,B,1,53,782.559998,788.78
n65536_q128_r500,0,AB,B,1,54,787.552002,793.854
n65536_q128_r500,0,AB,B,1,55,785.312012,791.647
n65536_q128_r500,0,AB,B,1,56,781.664001,788.526
n65536_q128_r500,0,AB,B,1,57,780.255981,786.305
n65536_q128_r500,0,AB,B,1,58,785.536011,792.035
n65536_q128_r500,0,AB,B,1,59,784.287964,790.586
n65536_q128_r500,0,AB,B,1,60,783.328003,789.604
n65536_q128_r500,0,AB,B,1,61,784.320007,790.686
n65536_q128_r500,0,AB,B,1,62,785.440002,791.432
n65536_q128_r500,0,AB,B,1,63,787.64801,793.833
n65536_q128_r500,0,AB,B,1,64,782.751953,788.074
n65536_q128_r500,0,AB,B,1,65,784.063965,790.596
n65536_q128_r500,0,AB,B,1,66,785.503967,791.684
n65536_q128_r500,0,AB,B,1,67,782.23999,788.403
n65536_q128_r500,0,AB,B,1,68,785.536011,791.955
n65536_q128_r500,0,AB,B,1,69,787.679993,793.046
n65536_q128_r500,0,AB,B,1,70,787.231995,793.548
n65536_q128_r500,0,AB,B,1,71,782.080017,787.842
n65536_q128_r500,0,AB,B,1,72,785.984009,791.175
n65536_q128_r500,0,AB,B,1,73,784.575989,790.971
n65536_q128_r500,0,AB,B,1,74,784.320007,790.561
n65536_q128_r500,0,AB,B,1,75,782.815979,789.625
n65536_q128_r500,0,AB,B,1,76,784.35199,790.369
n65536_q128_r500,0,AB,B,1,77,784.608032,791.007
n65536_q128_r500,0,AB,B,1,78,782.271973,788.519
n65536_q128_r500,0,AB,B,1,79,785.440002,791.712
n65536_q128_r500,0,AB,B,1,80,782.46405,788.679
n65536_q128_r500,0,AB,B,1,81,785.40802,791.444
n65536_q128_r500,0,AB,B,1,82,785.567993,792.0
n65536_q128_r500,0,AB,B,1,83,785.088013,791.191
n65536_q128_r500,0,AB,B,1,84,784.511963,790.979
n65536_q128_r500,0,AB,B,1,85,787.072021,793.557
n65536_q128_r500,0,AB,B,1,86,782.335999,788.361
n65536_q128_r500,0,AB,B,1,87,786.656006,793.057
n65536_q128_r500,0,AB,B,1,88,785.76001,794.362
n65536_q128_r500,0,AB,B,1,89,793.631958,802.356
n65536_q128_r500,0,AB,B,1,90,783.776001,790.389
n65536_q128_r500,0,AB,B,1,91,787.904053,794.318
n65536_q128_r500,0,AB,B,1,92,787.743958,794.052
n65536_q128_r500,0,AB,B,1,93,786.400024,792.64
n65536_q128_r500,0,AB,B,1,94,783.359985,789.66
n65536_q128_r500,0,AB,B,1,95,782.432007,788.708
n65536_q128_r500,0,AB,B,1,96,787.328003,792.463
n65536_q128_r500,0,AB,B,1,97,788.575989,793.969
n65536_q128_r500,0,AB,B,1,98,782.59198,788.683
n65536_q128_r500,0,AB,B,1,99,784.416016,790.733
n65536_q128_r500,0,AB,B,64,0,784.335022,784.434031
n65536_q128_r500,0,AB,B,64,1,784.07196,784.1795
n65536_q128_r500,0,AB,B,64,2,784.420471,784.527172
n65536_q128_r500,0,AB,B,64,3,784.242981,784.350344
n65536_q128_r500,0,AB,B,64,4,783.889465,783.992547
n65536_q128_r500,0,AB,B,64,5,783.933533,784.036031
n65536_q128_r500,0,AB,B,64,6,784.379028,784.479141
n65536_q128_r500,0,AB,B,64,7,784.366028,784.470516
n65536_q128_r500,0,AB,B,64,8,784.456482,784.559719
n65536_q128_r500,0,AB,B,64,9,783.903015,784.004703
n65536_q128_r500,0,AB,B,64,10,784.628967,784.73225
n65536_q128_r500,0,AB,B,64,11,784.048035,784.149297
n65536_q128_r500,0,AB,B,64,12,784.420471,784.523375
n65536_q128_r500,0,AB,B,64,13,784.254517,784.358141
n65536_q128_r500,0,AB,B,64,14,784.122009,784.225031
n65536_q128_r500,0,AB,B,64,15,784.46051,784.561
n65536_q128_r500,0,AB,B,64,16,784.425049,784.52625
n65536_q128_r500,0,AB,B,64,17,784.366028,784.468078
n65536_q128_r500,0,AB,B,64,18,784.34198,784.450312
n65536_q128_r500,0,AB,B,64,19,784.162537,784.273859
n65536_q128_r500,1,BA,B,1,0,844.447998,862.311
n65536_q128_r500,1,BA,B,1,1,841.920044,848.159
n65536_q128_r500,1,BA,B,1,2,833.632019,840.381
n65536_q128_r500,1,BA,B,1,3,836.575989,842.974
n65536_q128_r500,1,BA,B,1,4,840.35199,846.62
n65536_q128_r500,1,BA,B,1,5,837.664001,844.058
n65536_q128_r500,1,BA,B,1,6,834.496033,840.973
n65536_q128_r500,1,BA,B,1,7,837.599976,843.91
n65536_q128_r500,1,BA,B,1,8,836.799988,843.819
n65536_q128_r500,1,BA,B,1,9,838.271973,844.949
n65536_q128_r500,1,BA,B,1,10,830.944031,837.736
n65536_q128_r500,1,BA,B,1,11,842.880005,849.238
n65536_q128_r500,1,BA,B,1,12,842.271973,848.803
n65536_q128_r500,1,BA,B,1,13,839.743958,846.139
n65536_q128_r500,1,BA,B,1,14,834.143982,840.757
n65536_q128_r500,1,BA,B,1,15,837.696045,844.062
n65536_q128_r500,1,BA,B,1,16,836.223999,842.867
n65536_q128_r500,1,BA,B,1,17,837.567993,842.74
n65536_q128_r500,1,BA,B,1,18,832.544006,839.04
n65536_q128_r500,1,BA,B,1,19,833.375977,839.696
n65536_q128_r500,1,BA,B,1,20,835.52002,842.012
n65536_q128_r500,1,BA,B,1,21,831.359985,837.291
n65536_q128_r500,1,BA,B,1,22,831.64801,837.25
n65536_q128_r500,1,BA,B,1,23,820.959961,827.475
n65536_q128_r500,1,BA,B,1,24,817.536011,822.467
n65536_q128_r500,1,BA,B,1,25,820.992004,826.502
n65536_q128_r500,1,BA,B,1,26,823.263977,829.684
n65536_q128_r500,1,BA,B,1,27,822.368042,828.761
n65536_q128_r500,1,BA,B,1,28,821.05603,827.545
n65536_q128_r500,1,BA,B,1,29,824.383972,830.512
n65536_q128_r500,1,BA,B,1,30,821.247986,827.641
n65536_q128_r500,1,BA,B,1,31,820.35199,826.603
n65536_q128_r500,1,BA,B,1,32,823.231995,829.673
n65536_q128_r500,1,BA,B,1,33,822.175964,829.674
n65536_q128_r500,1,BA,B,1,34,821.216003,827.582
n65536_q128_r500,1,BA,B,1,35,824.415955,830.72
n65536_q128_r500,1,BA,B,1,36,823.360046,829.725
n65536_q128_r500,1,BA,B,1,37,822.399963,828.607
n65536_q128_r500,1,BA,B,1,38,820.191956,826.678
n65536_q128_r500,1,BA,B,1,39,821.343994,827.645
n65536_q128_r500,1,BA,B,1,40,819.967957,826.552
n65536_q128_r500,1,BA,B,1,41,820.35199,826.794
n65536_q128_r500,1,BA,B,1,42,820.320007,826.541
n65536_q128_r500,1,BA,B,1,43,817.279968,823.423
n65536_q128_r500,1,BA,B,1,44,820.320007,825.753
n65536_q128_r500,1,BA,B,1,45,818.976013,823.496
n65536_q128_r500,1,BA,B,1,46,825.05603,829.603
n65536_q128_r500,1,BA,B,1,47,821.216003,826.632
n65536_q128_r500,1,BA,B,1,48,820.191956,825.729
n65536_q128_r500,1,BA,B,1,49,817.984009,823.386
n65536_q128_r500,1,BA,B,1,50,820.223999,826.636
n65536_q128_r500,1,BA,B,1,51,823.360046,828.789
n65536_q128_r500,1,BA,B,1,52,821.247986,826.466
n65536_q128_r500,1,BA,B,1,53,823.263977,829.741
n65536_q128_r500,1,BA,B,1,54,818.047974,824.539
n65536_q128_r500,1,BA,B,1,55,815.872009,822.554
n65536_q128_r500,1,BA,B,1,56,820.255981,826.705
n65536_q128_r500,1,BA,B,1,57,823.360046,829.641
n65536_q128_r500,1,BA,B,1,58,821.216003,827.527
n65536_q128_r500,1,BA,B,1,59,823.391968,829.729
n65536_q128_r500,1,BA,B,1,60,819.231995,825.66
n65536_q128_r500,1,BA,B,1,61,818.23999,824.604
n65536_q128_r500,1,BA,B,1,62,821.151978,827.595
n65536_q128_r500,1,BA,B,1,63,818.271973,824.445
n65536_q128_r500,1,BA,B,1,64,825.312012,831.765
n65536_q128_r500,1,BA,B,1,65,822.304016,828.517
n65536_q128_r500,1,BA,B,1,66,821.247986,827.612
n65536_q128_r500,1,BA,B,1,67,820.288025,826.665
n65536_q128_r500,1,BA,B,1,68,817.05603,823.455
n65536_q128_r500,1,BA,B,1,69,823.328003,829.635
n65536_q128_r500,1,BA,B,1,70,824.415955,830.815
n65536_q128_r500,1,BA,B,1,71,817.312012,823.549
n65536_q128_r500,1,BA,B,1,72,819.840027,826.585
n65536_q128_r500,1,BA,B,1,73,817.279968,823.572
n65536_q128_r500,1,BA,B,1,74,820.191956,826.654
n65536_q128_r500,1,BA,B,1,75,821.343994,827.523
n65536_q128_r500,1,BA,B,1,76,823.231995,829.85
n65536_q128_r500,1,BA,B,1,77,817.247986,823.62
n65536_q128_r500,1,BA,B,1,78,817.920044,824.396
n65536_q128_r500,1,BA,B,1,79,821.343994,827.689
n65536_q128_r500,1,BA,B,1,80,822.112,828.494
n65536_q128_r500,1,BA,B,1,81,817.119995,823.342
n65536_q128_r500,1,BA,B,1,82,818.23999,824.716
n65536_q128_r500,1,BA,B,1,83,823.360046,829.596
n65536_q128_r500,1,BA,B,1,84,822.143982,829.231
n65536_q128_r500,1,BA,B,1,85,823.167969,830.241
n65536_q128_r500,1,BA,B,1,86,817.632019,824.319
n65536_q128_r500,1,BA,B,1,87,816.92804,823.439
n65536_q128_r500,1,BA,B,1,88,817.023987,823.628
n65536_q128_r500,1,BA,B,1,89,824.288025,830.708
n65536_q128_r500,1,BA,B,1,90,822.94397,829.655
n65536_q128_r500,1,BA,B,1,91,820.320007,826.679
n65536_q128_r500,1,BA,B,1,92,821.280029,829.954
n65536_q128_r500,1,BA,B,1,93,820.096008,826.407
n65536_q128_r500,1,BA,B,1,94,814.783997,823.599
n65536_q128_r500,1,BA,B,1,95,820.255981,826.479
n65536_q128_r500,1,BA,B,1,96,817.152039,823.662
n65536_q128_r500,1,BA,B,1,97,820.191956,825.518
n65536_q128_r500,1,BA,B,1,98,824.096008,829.478
n65536_q128_r500,1,BA,B,1,99,821.247986,826.628
n65536_q128_r500,1,BA,B,64,0,818.846497,818.948594
n65536_q128_r500,1,BA,B,64,1,800.653992,800.755203
n65536_q128_r500,1,BA,B,64,2,785.21698,785.326781
n65536_q128_r500,1,BA,B,64,3,785.086975,785.186656
n65536_q128_r500,1,BA,B,64,4,785.322021,785.410641
n65536_q128_r500,1,BA,B,64,5,785.11499,785.199781
n65536_q128_r500,1,BA,B,64,6,785.22699,785.315203
n65536_q128_r500,1,BA,B,64,7,785.018494,785.112781
n65536_q128_r500,1,BA,B,64,8,785.359009,785.467203
n65536_q128_r500,1,BA,B,64,9,784.925537,785.026641
n65536_q128_r500,1,BA,B,64,10,785.189514,785.280078
n65536_q128_r500,1,BA,B,64,11,785.530518,785.617453
n65536_q128_r500,1,BA,B,64,12,785.418518,785.520469
n65536_q128_r500,1,BA,B,64,13,785.452026,785.553453
n65536_q128_r500,1,BA,B,64,14,785.035461,785.139109
n65536_q128_r500,1,BA,B,64,15,785.294006,785.394109
n65536_q128_r500,1,BA,B,64,16,785.132019,785.232562
n65536_q128_r500,1,BA,B,64,17,785.692505,785.794953
n65536_q128_r500,1,BA,B,64,18,785.578491,785.670906
n65536_q128_r500,1,BA,B,64,19,785.409485,785.503047
n65536_q128_r500,1,BA,A,1,0,996.575989,1006.564
n65536_q128_r500,1,BA,A,1,1,993.632019,1001.285
n65536_q128_r500,1,BA,A,1,2,991.135986,998.959
n65536_q128_r500,1,BA,A,1,3,994.015991,1001.421
n65536_q128_r500,1,BA,A,1,4,991.872009,998.789
n65536_q128_r500,1,BA,A,1,5,990.400024,996.669
n65536_q128_r500,1,BA,A,1,6,989.952026,996.428
n65536_q128_r500,1,BA,A,1,7,989.279968,995.509
n65536_q128_r500,1,BA,A,1,8,990.367981,996.608
n65536_q128_r500,1,BA,A,1,9,990.335999,996.504
n65536_q128_r500,1,BA,A,1,10,989.152039,995.449
n65536_q128_r500,1,BA,A,1,11,990.335999,996.464
n65536_q128_r500,1,BA,A,1,12,990.176025,996.426
n65536_q128_r500,1,BA,A,1,13,990.176025,996.515
n65536_q128_r500,1,BA,A,1,14,989.088013,995.455
n65536_q128_r500,1,BA,A,1,15,990.23999,996.353
n65536_q128_r500,1,BA,A,1,16,988.320007,994.263
n65536_q128_r500,1,BA,A,1,17,990.432007,996.734
n65536_q128_r500,1,BA,A,1,18,990.432007,996.654
n65536_q128_r500,1,BA,A,1,19,989.055969,995.401
n65536_q128_r500,1,BA,A,1,20,989.088013,994.541
n65536_q128_r500,1,BA,A,1,21,989.920044,994.494
n65536_q128_r500,1,BA,A,1,22,989.920044,995.29
n65536_q128_r500,1,BA,A,1,23,988.35199,993.594
n65536_q128_r500,1,BA,A,1,24,990.015991,995.357
n65536_q128_r500,1,BA,A,1,25,989.247986,995.388
n65536_q128_r500,1,BA,A,1,26,990.23999,996.539
n65536_q128_r500,1,BA,A,1,27,990.271973,996.533
n65536_q128_r500,1,BA,A,1,28,990.271973,996.485
n65536_q128_r500,1,BA,A,1,29,990.335999,996.526
n65536_q128_r500,1,BA,A,1,30,990.271973,996.461
n65536_q128_r500,1,BA,A,1,31,990.304016,996.566
n65536_q128_r500,1,BA,A,1,32,989.119995,995.294
n65536_q128_r500,1,BA,A,1,33,988.127991,994.339
n65536_q128_r500,1,BA,A,1,34,989.184021,995.389
n65536_q128_r500,1,BA,A,1,35,989.184021,995.471
n65536_q128_r500,1,BA,A,1,36,990.271973,996.471
n65536_q128_r500,1,BA,A,1,37,991.135986,995.697
n65536_q128_r500,1,BA,A,1,38,989.888,995.317
n65536_q128_r500,1,BA,A,1,39,990.271973,996.427
n65536_q128_r500,1,BA,A,1,40,990.335999,996.553
n65536_q128_r500,1,BA,A,1,41,990.367981,996.554
n65536_q128_r500,1,BA,A,1,42,990.400024,995.634
n65536_q128_r500,1,BA,A,1,43,990.015991,995.398
n65536_q128_r500,1,BA,A,1,44,988.384033,994.516
n65536_q128_r500,1,BA,A,1,45,989.119995,995.401
n65536_q128_r500,1,BA,A,1,46,990.208008,996.392
n65536_q128_r500,1,BA,A,1,47,989.184021,995.405
n65536_q128_r500,1,BA,A,1,48,990.335999,996.486
n65536_q128_r500,1,BA,A,1,49,988.255981,994.564
n65536_q128_r500,1,BA,A,1,50,989.152039,995.49
n65536_q128_r500,1,BA,A,1,51,989.055969,995.29
n65536_q128_r500,1,BA,A,1,52,988.160034,994.406
n65536_q128_r500,1,BA,A,1,53,988.287964,994.459
n65536_q128_r500,1,BA,A,1,54,989.247986,995.532
n65536_q128_r500,1,BA,A,1,55,990.112,996.854
n65536_q128_r500,1,BA,A,1,56,990.688049,997.105
n65536_q128_r500,1,BA,A,1,57,990.271973,995.426
n65536_q128_r500,1,BA,A,1,58,988.640015,995.39
n65536_q128_r500,1,BA,A,1,59,989.216003,995.398
n65536_q128_r500,1,BA,A,1,60,990.304016,996.539
n65536_q128_r500,1,BA,A,1,61,990.367981,995.541
n65536_q128_r500,1,BA,A,1,62,989.888,996.471
n65536_q128_r500,1,BA,A,1,63,989.152039,995.328
n65536_q128_r500,1,BA,A,1,64,990.335999,996.486
n65536_q128_r500,1,BA,A,1,65,988.223999,994.447
n65536_q128_r500,1,BA,A,1,66,989.312012,995.583
n65536_q128_r500,1,BA,A,1,67,989.216003,995.476
n65536_q128_r500,1,BA,A,1,68,989.216003,995.405
n65536_q128_r500,1,BA,A,1,69,990.176025,996.519
n65536_q128_r500,1,BA,A,1,70,989.152039,995.488
n65536_q128_r500,1,BA,A,1,71,989.152039,995.421
n65536_q128_r500,1,BA,A,1,72,988.384033,994.417
n65536_q128_r500,1,BA,A,1,73,990.367981,996.522
n65536_q128_r500,1,BA,A,1,74,990.271973,996.51
n65536_q128_r500,1,BA,A,1,75,990.335999,996.474
n65536_q128_r500,1,BA,A,1,76,989.184021,995.465
n65536_q128_r500,1,BA,A,1,77,990.335999,996.549
n65536_q128_r500,1,BA,A,1,78,988.255981,994.499
n65536_q128_r500,1,BA,A,1,79,989.536011,995.845
n65536_q128_r500,1,BA,A,1,80,990.815979,997.074
n65536_q128_r500,1,BA,A,1,81,990.304016,996.563
n65536_q128_r500,1,BA,A,1,82,990.304016,996.44
n65536_q128_r500,1,BA,A,1,83,989.119995,995.453
n65536_q128_r500,1,BA,A,1,84,990.304016,996.53
n65536_q128_r500,1,BA,A,1,85,990.335999,996.571
n65536_q128_r500,1,BA,A,1,86,989.312012,995.467
n65536_q128_r500,1,BA,A,1,87,988.384033,994.556
n65536_q128_r500,1,BA,A,1,88,989.247986,995.446
n65536_q128_r500,1,BA,A,1,89,990.335999,996.48
n65536_q128_r500,1,BA,A,1,90,988.384033,994.509
n65536_q128_r500,1,BA,A,1,91,989.152039,995.391
n65536_q128_r500,1,BA,A,1,92,988.287964,994.516
n65536_q128_r500,1,BA,A,1,93,989.216003,995.409
n65536_q128_r500,1,BA,A,1,94,988.255981,994.448
n65536_q128_r500,1,BA,A,1,95,990.23999,996.527
n65536_q128_r500,1,BA,A,1,96,990.304016,996.506
n65536_q128_r500,1,BA,A,1,97,989.216003,995.454
n65536_q128_r500,1,BA,A,1,98,988.287964,994.414
n65536_q128_r500,1,BA,A,1,99,988.35199,994.616
n65536_q128_r500,1,BA,A,64,0,987.328003,987.429109
n65536_q128_r500,1,BA,A,64,1,987.178955,987.281484
n65536_q128_r500,1,BA,A,64,2,987.323975,987.428188
n65536_q128_r500,1,BA,A,64,3,987.320007,987.423797
n65536_q128_r500,1,BA,A,64,4,987.3255,987.426656
n65536_q128_r500,1,BA,A,64,5,987.202515,987.310938
n65536_q128_r500,1,BA,A,64,6,987.254028,987.359781
n65536_q128_r500,1,BA,A,64,7,987.294006,987.396234
n65536_q128_r500,1,BA,A,64,8,987.289001,987.395031
n65536_q128_r500,1,BA,A,64,9,987.270996,987.373281
n65536_q128_r500,1,BA,A,64,10,987.262512,987.365875
n65536_q128_r500,1,BA,A,64,11,987.265015,987.373844
n65536_q128_r500,1,BA,A,64,12,987.31897,987.409531
n65536_q128_r500,1,BA,A,64,13,987.321472,987.410062
n65536_q128_r500,1,BA,A,64,14,987.315491,987.410547
n65536_q128_r500,1,BA,A,64,15,987.258484,987.362203
n65536_q128_r500,1,BA,A,64,16,987.290955,987.39525
n65536_q128_r500,1,BA,A,64,17,987.218994,987.325
n65536_q128_r500,1,BA,A,64,18,987.263,987.364969
n65536_q128_r500,1,BA,A,64,19,987.239502,987.330734
n65536_q128_r500,2,AB,A,1,0,1091.519897,1115.893
n65536_q128_r500,2,AB,A,1,1,1087.104004,1095.255
n65536_q128_r500,2,AB,A,1,2,1081.248047,1090.124
n65536_q128_r500,2,AB,A,1,3,1082.335938,1090.848
n65536_q128_r500,2,AB,A,1,4,1082.975952,1090.483
n65536_q128_r500,2,AB,A,1,5,1077.631958,1085.373
n65536_q128_r500,2,AB,A,1,6,1056.416016,1062.986
n65536_q128_r500,2,AB,A,1,7,990.208008,996.34
n65536_q128_r500,2,AB,A,1,8,991.104004,997.396
n65536_q128_r500,2,AB,A,1,9,989.055969,995.251
n65536_q128_r500,2,AB,A,1,10,988.799988,995.195
n65536_q128_r500,2,AB,A,1,11,991.231995,997.533
n65536_q128_r500,2,AB,A,1,12,990.208008,996.403
n65536_q128_r500,2,AB,A,1,13,991.199951,997.439
n65536_q128_r500,2,AB,A,1,14,990.23999,996.417
n65536_q128_r500,2,AB,A,1,15,991.072021,997.27
n65536_q128_r500,2,AB,A,1,16,990.23999,996.378
n65536_q128_r500,2,AB,A,1,17,991.392029,997.643
n65536_q128_r500,2,AB,A,1,18,989.152039,995.448
n65536_q128_r500,2,AB,A,1,19,988.992004,995.175
n65536_q128_r500,2,AB,A,1,20,991.424011,996.927
n65536_q128_r500,2,AB,A,1,21,991.807983,997.196
n65536_q128_r500,2,AB,A,1,22,991.231995,997.452
n65536_q128_r500,2,AB,A,1,23,992.320007,998.5
n65536_q128_r500,2,AB,A,1,24,990.975952,996.349
n65536_q128_r500,2,AB,A,1,25,989.952026,994.2
n65536_q128_r500,2,AB,A,1,26,992.223999,996.498
n65536_q128_r500,2,AB,A,1,27,990.080017,995.389
n65536_q128_r500,2,AB,A,1,28,990.495972,996.567
n65536_q128_r500,2,AB,A,1,29,991.487976,997.61
n65536_q128_r500,2,AB,A,1,30,990.400024,996.598
n65536_q128_r500,2,AB,A,1,31,991.328003,997.407
n65536_q128_r500,2,AB,A,1,32,996.415955,1002.73
n65536_q128_r500,2,AB,A,1,33,991.16803,997.431
n65536_q128_r500,2,AB,A,1,34,988.992004,995.19
n65536_q128_r500,2,AB,A,1,35,990.335999,996.451
n65536_q128_r500,2,AB,A,1,36,991.199951,997.364
n65536_q128_r500,2,AB,A,1,37,990.432007,996.655
n65536_q128_r500,2,AB,A,1,38,991.104004,997.321
n65536_q128_r500,2,AB,A,1,39,990.144043,996.297
n65536_q128_r500,2,AB,A,1,40,991.296021,997.513
n65536_q128_r500,2,AB,A,1,41,990.144043,996.505
n65536_q128_r500,2,AB,A,1,42,991.16803,997.529
n65536_q128_r500,2,AB,A,1,43,991.231995,997.535
n65536_q128_r500,2,AB,A,1,44,990.23999,996.476
n65536_q128_r500,2,AB,A,1,45,991.328003,997.519
n65536_q128_r500,2,AB,A,1,46,990.23999,995.52
n65536_q128_r500,2,AB,A,1,47,989.888,995.348
n65536_q128_r500,2,AB,A,1,48,990.304016,996.45
n65536_q128_r500,2,AB,A,1,49,991.16803,997.428
n65536_q128_r500,2,AB,A,1,50,989.216003,995.434
n65536_q128_r500,2,AB,A,1,51,990.23999,996.508
n65536_q128_r500,2,AB,A,1,52,991.072021,997.438
n65536_q128_r500,2,AB,A,1,53,989.184021,995.527
n65536_q128_r500,2,AB,A,1,54,991.296021,997.464
n65536_q128_r500,2,AB,A,1,55,990.208008,996.52
n65536_q128_r500,2,AB,A,1,56,991.263977,997.466
n65536_q128_r500,2,AB,A,1,57,990.015991,996.428
n65536_q128_r500,2,AB,A,1,58,988.608032,995.389
n65536_q128_r500,2,AB,A,1,59,990.23999,996.474
n65536_q128_r500,2,AB,A,1,60,988.895996,995.471
n65536_q128_r500,2,AB,A,1,61,989.312012,995.539
n65536_q128_r500,2,AB,A,1,62,990.080017,996.276
n65536_q128_r500,2,AB,A,1,63,990.432007,996.651
n65536_q128_r500,2,AB,A,1,64,990.271973,995.617
n65536_q128_r500,2,AB,A,1,65,990.944031,997.352
n65536_q128_r500,2,AB,A,1,66,989.184021,994.492
n65536_q128_r500,2,AB,A,1,67,989.791992,995.306
n65536_q128_r500,2,AB,A,1,68,991.296021,997.486
n65536_q128_r500,2,AB,A,1,69,990.176025,996.435
n65536_q128_r500,2,AB,A,1,70,991.231995,997.521
n65536_q128_r500,2,AB,A,1,71,990.144043,996.42
n65536_q128_r500,2,AB,A,1,72,991.296021,997.533
n65536_q128_r500,2,AB,A,1,73,991.135986,997.231
n65536_q128_r500,2,AB,A,1,74,988.895996,995.686
n65536_q128_r500,2,AB,A,1,75,991.199951,997.442
n65536_q128_r500,2,AB,A,1,76,990.271973,996.474
n65536_q128_r500,2,AB,A,1,77,991.16803,997.395
n65536_q128_r500,2,AB,A,1,78,988.83197,996.458
n65536_q128_r500,2,AB,A,1,79,991.263977,997.412
n65536_q128_r500,2,AB,A,1,80,990.112,996.524
n65536_q128_r500,2,AB,A,1,81,991.199951,997.355
n65536_q128_r500,2,AB,A,1,82,989.279968,995.494
n65536_q128_r500,2,AB,A,1,83,990.208008,996.389
n65536_q128_r500,2,AB,A,1,84,989.40802,995.54
n65536_q128_r500,2,AB,A,1,85,990.208008,996.396
n65536_q128_r500,2,AB,A,1,86,991.392029,997.774
n65536_q128_r500,2,AB,A,1,87,989.632019,994.205
n65536_q128_r500,2,AB,A,1,88,990.783997,997.438
n65536_q128_r500,2,AB,A,1,89,990.271973,996.503
n65536_q128_r500,2,AB,A,1,90,988.864014,995.451
n65536_q128_r500,2,AB,A,1,91,991.104004,997.304
n65536_q128_r500,2,AB,A,1,92,990.208008,996.423
n65536_q128_r500,2,AB,A,1,93,991.392029,997.596
n65536_q128_r500,2,AB,A,1,94,990.176025,996.478
n65536_q128_r500,2,AB,A,1,95,991.328003,997.538
n65536_q128_r500,2,AB,A,1,96,992.287964,998.455
n65536_q128_r500,2,AB,A,1,97,991.263977,997.5
n65536_q128_r500,2,AB,A,1,98,989.247986,995.535
n65536_q128_r500,2,AB,A,1,99,990.271973,996.527
n65536_q128_r500,2,AB,A,64,0,987.326477,987.424922
n65536_q128_r500,2,AB,A,64,1,987.355469,987.460031
n65536_q128_r500,2,AB,A,64,2,987.27002,987.377187
n65536_q128_r500,2,AB,A,64,3,987.31897,987.424094
n65536_q128_r500,2,AB,A,64,4,987.164001,987.267531
n65536_q128_r500,2,AB,A,64,5,987.140991,987.246734
n65536_q128_r500,2,AB,A,64,6,987.317505,987.425984
n65536_q128_r500,2,AB,A,64,7,987.291504,987.397297
n65536_q128_r500,2,AB,A,64,8,987.353027,987.456688
n65536_q128_r500,2,AB,A,64,9,987.318542,987.434891
n65536_q128_r500,2,AB,A,64,10,987.269531,987.383625
n65536_q128_r500,2,AB,A,64,11,987.19104,987.294141
n65536_q128_r500,2,AB,A,64,12,991.244507,991.347609
n65536_q128_r500,2,AB,A,64,13,987.318542,987.420187
n65536_q128_r500,2,AB,A,64,14,987.277527,987.380531
n65536_q128_r500,2,AB,A,64,15,987.357483,987.459531
n65536_q128_r500,2,AB,A,64,16,987.304993,987.408172
n65536_q128_r500,2,AB,A,64,17,987.32605,987.427797
n65536_q128_r500,2,AB,A,64,18,987.242493,987.332672
n65536_q128_r500,2,AB,A,64,19,987.317993,987.408328
n65536_q128_r500,2,AB,B,1,0,788.864014,797.066
n65536_q128_r500,2,AB,B,1,1,791.007996,795.868
n65536_q128_r500,2,AB,B,1,2,786.559998,793.204
n65536_q128_r500,2,AB,B,1,3,786.112,792.638
n65536_q128_r500,2,AB,B,1,4,785.216003,791.685
n65536_q128_r500,2,AB,B,1,5,784.320007,790.55
n65536_q128_r500,2,AB,B,1,6,783.16803,789.22
n65536_q128_r500,2,AB,B,1,7,785.343994,792.038
n65536_q128_r500,2,AB,B,1,8,785.216003,791.573
n65536_q128_r500,2,AB,B,1,9,787.328003,793.782
n65536_q128_r500,2,AB,B,1,10,786.271973,792.293
n65536_q128_r500,2,AB,B,1,11,786.624023,792.898
n65536_q128_r500,2,AB,B,1,12,786.59198,792.844
n65536_q128_r500,2,AB,B,1,13,785.503967,791.715
n65536_q128_r500,2,AB,B,1,14,786.400024,792.719
n65536_q128_r500,2,AB,B,1,15,785.247986,791.266
n65536_q128_r500,2,AB,B,1,16,783.616028,789.974
n65536_q128_r500,2,AB,B,1,17,783.487976,789.672
n65536_q128_r500,2,AB,B,1,18,784.447998,790.738
n65536_q128_r500,2,AB,B,1,19,785.343994,791.615
n65536_q128_r500,2,AB,B,1,20,784.47998,790.474
n65536_q128_r500,2,AB,B,1,21,784.544006,791.04
n65536_q128_r500,2,AB,B,1,22,785.119995,790.661
n65536_q128_r500,2,AB,B,1,23,787.231995,793.598
n65536_q128_r500,2,AB,B,1,24,785.856018,792.639
n65536_q128_r500,2,AB,B,1,25,784.320007,790.392
n65536_q128_r500,2,AB,B,1,26,787.583984,792.846
n65536_q128_r500,2,AB,B,1,27,787.807983,794.092
n65536_q128_r500,2,AB,B,1,28,785.343994,790.539
n65536_q128_r500,2,AB,B,1,29,784.192017,789.637
n65536_q128_r500,2,AB,B,1,30,785.279968,791.355
n65536_q128_r500,2,AB,B,1,31,783.519958,789.97
n65536_q128_r500,2,AB,B,1,32,791.616028,797.853
n65536_q128_r500,2,AB,B,1,33,783.392029,789.639
n65536_q128_r500,2,AB,B,1,34,785.216003,791.613
n65536_q128_r500,2,AB,B,1,35,787.616028,793.599
n65536_q128_r500,2,AB,B,1,36,784.671997,791.08
n65536_q128_r500,2,AB,B,1,37,784.255981,790.559
n65536_q128_r500,2,AB,B,1,38,783.072021,789.641
n65536_q128_r500,2,AB,B,1,39,785.823975,792.308
n65536_q128_r500,2,AB,B,1,40,784.575989,791.064
n65536_q128_r500,2,AB,B,1,41,785.503967,791.688
n65536_q128_r500,2,AB,B,1,42,783.231995,789.719
n65536_q128_r500,2,AB,B,1,43,785.343994,791.689
n65536_q128_r500,2,AB,B,1,44,786.495972,792.483
n65536_q128_r500,2,AB,B,1,45,780.544006,786.911
n65536_q128_r500,2,AB,B,1,46,784.287964,790.512
n65536_q128_r500,2,AB,B,1,47,783.328003,789.681
n65536_q128_r500,2,AB,B,1,48,784.160034,790.49
n65536_q128_r500,2,AB,B,1,49,786.688049,792.777
n65536_q128_r500,2,AB,B,1,50,786.559998,792.124
n65536_q128_r500,2,AB,B,1,51,788.160034,793.619
n65536_q128_r500,2,AB,B,1,52,786.400024,792.624
n65536_q128_r500,2,AB,B,1,53,789.503967,795.688
n65536_q128_r500,2,AB,B,1,54,784.35199,790.397
n65536_q128_r500,2,AB,B,1,55,784.544006,791.038
n65536_q128_r500,2,AB,B,1,56,779.552002,786.436
n65536_q128_r500,2,AB,B,1,57,784.320007,790.564
n65536_q128_r500,2,AB,B,1,58,783.263977,789.483
n65536_q128_r500,2,AB,B,1,59,784.416016,790.381
n65536_q128_r500,2,AB,B,1,60,782.46405,788.905
n65536_q128_r500,2,AB,B,1,61,782.271973,788.63
n65536_q128_r500,2,AB,B,1,62,789.440002,795.735
n65536_q128_r500,2,AB,B,1,63,784.447998,790.422
n65536_q128_r500,2,AB,B,1,64,784.544006,791.083
n65536_q128_r500,2,AB,B,1,65,784.416016,790.608
n65536_q128_r500,2,AB,B,1,66,787.231995,793.687
n65536_q128_r500,2,AB,B,1,67,780.35199,786.539
n65536_q128_r500,2,AB,B,1,68,781.088013,787.358
n65536_q128_r500,2,AB,B,1,69,786.752014,793.016
n65536_q128_r500,2,AB,B,1,70,782.208008,788.61
n65536_q128_r500,2,AB,B,1,71,785.023987,791.64
n65536_q128_r500,2,AB,B,1,72,785.184021,791.687
n65536_q128_r500,2,AB,B,1,73,787.359985,793.403
n65536_q128_r500,2,AB,B,1,74,784.768005,790.093
n65536_q128_r500,2,AB,B,1,75,787.16803,792.71
n65536_q128_r500,2,AB,B,1,76,787.16803,792.609
n65536_q128_r500,2,AB,B,1,77,787.455994,793.621
n65536_q128_r500,2,AB,B,1,78,784.416016,790.443
n65536_q128_r500,2,AB,B,1,79,788.703979,795.111
n65536_q128_r500,2,AB,B,1,80,788.35199,794.672
n65536_q128_r500,2,AB,B,1,81,785.471985,791.708
n65536_q128_r500,2,AB,B,1,82,782.23999,788.704
n65536_q128_r500,2,AB,B,1,83,785.279968,791.354
n65536_q128_r500,2,AB,B,1,84,785.664001,792.122
n65536_q128_r500,2,AB,B,1,85,785.503967,791.758
n65536_q128_r500,2,AB,B,1,86,782.143982,788.557
n65536_q128_r500,2,AB,B,1,87,788.544006,794.5
n65536_q128_r500,2,AB,B,1,88,781.759949,788.488
n65536_q128_r500,2,AB,B,1,89,787.616028,794.112
n65536_q128_r500,2,AB,B,1,90,787.487976,793.757
n65536_q128_r500,2,AB,B,1,91,784.35199,790.59
n65536_q128_r500,2,AB,B,1,92,787.296021,793.386
n65536_q128_r500,2,AB,B,1,93,787.679993,793.148
n65536_q128_r500,2,AB,B,1,94,790.208008,795.71
n65536_q128_r500,2,AB,B,1,95,782.304016,788.593
n65536_q128_r500,2,AB,B,1,96,787.136047,793.711
n65536_q128_r500,2,AB,B,1,97,782.23999,788.305
n65536_q128_r500,2,AB,B,1,98,786.368042,793.092
n65536_q128_r500,2,AB,B,1,99,787.424011,793.437
n65536_q128_r500,2,AB,B,64,0,784.819458,784.952344
n65536_q128_r500,2,AB,B,64,1,784.485535,784.590766
n65536_q128_r500,2,AB,B,64,2,784.364014,784.467359
n65536_q128_r500,2,AB,B,64,3,784.297974,784.400094
n65536_q128_r500,2,AB,B,64,4,784.409973,784.516484
n65536_q128_r500,2,AB,B,64,5,784.37854,784.466937
n65536_q128_r500,2,AB,B,64,6,784.762024,784.851859
n65536_q128_r500,2,AB,B,64,7,784.505493,784.605391
n65536_q128_r500,2,AB,B,64,8,784.718994,784.821406
n65536_q128_r500,2,AB,B,64,9,784.552979,784.656703
n65536_q128_r500,2,AB,B,64,10,784.541504,784.6435
n65536_q128_r500,2,AB,B,64,11,784.516541,784.621172
n65536_q128_r500,2,AB,B,64,12,784.411011,784.514641
n65536_q128_r500,2,AB,B,64,13,784.679016,784.780422
n65536_q128_r500,2,AB,B,64,14,784.54248,784.644078
n65536_q128_r500,2,AB,B,64,15,784.16803,784.270906
n65536_q128_r500,2,AB,B,64,16,784.411499,784.516031
n65536_q128_r500,2,AB,B,64,17,784.901489,785.002781
n65536_q128_r500,2,AB,B,64,18,784.416016,784.516844
n65536_q128_r500,2,AB,B,64,19,784.328003,784.431422
n65536_q128_r500,3,BA,B,1,0,850.144043,870.163
n65536_q128_r500,3,BA,B,1,1,841.503967,849.901
n65536_q128_r500,3,BA,B,1,2,840.0,847.962
n65536_q128_r500,3,BA,B,1,3,839.007996,846.534
n65536_q128_r500,3,BA,B,1,4,838.080017,846.021
n65536_q128_r500,3,BA,B,1,5,843.231995,850.717
n65536_q128_r500,3,BA,B,1,6,837.728027,844.023
n65536_q128_r500,3,BA,B,1,7,832.032043,838.466
n65536_q128_r500,3,BA,B,1,8,839.07196,845.883
n65536_q128_r500,3,BA,B,1,9,837.184021,843.45
n65536_q128_r500,3,BA,B,1,10,833.695984,840.07
n65536_q128_r500,3,BA,B,1,11,835.104004,841.637
n65536_q128_r500,3,BA,B,1,12,840.416016,846.674
n65536_q128_r500,3,BA,B,1,13,835.328003,841.752
n65536_q128_r500,3,BA,B,1,14,836.447998,842.784
n65536_q128_r500,3,BA,B,1,15,833.151978,839.682
n65536_q128_r500,3,BA,B,1,16,836.512024,842.582
n65536_q128_r500,3,BA,B,1,17,837.53595,843.984
n65536_q128_r500,3,BA,B,1,18,838.783997,845.112
n65536_q128_r500,3,BA,B,1,19,835.200012,841.722
n65536_q128_r500,3,BA,B,1,20,838.335999,844.558
n65536_q128_r500,3,BA,B,1,21,834.079956,841.895
n65536_q128_r500,3,BA,B,1,22,842.495972,848.603
n65536_q128_r500,3,BA,B,1,23,837.472046,844.277
n65536_q128_r500,3,BA,B,1,24,837.472046,842.845
n65536_q128_r500,3,BA,B,1,25,832.960022,839.67
n65536_q128_r500,3,BA,B,1,26,831.455994,837.817
n65536_q128_r500,3,BA,B,1,27,832.127991,838.733
n65536_q128_r500,3,BA,B,1,28,833.375977,839.391
n65536_q128_r500,3,BA,B,1,29,816.223999,823.003
n65536_q128_r500,3,BA,B,1,30,816.735962,822.188
n65536_q128_r500,3,BA,B,1,31,823.616028,830.552
n65536_q128_r500,3,BA,B,1,32,821.151978,827.457
n65536_q128_r500,3,BA,B,1,33,821.984009,828.391
n65536_q128_r500,3,BA,B,1,34,821.18396,827.171
n65536_q128_r500,3,BA,B,1,35,822.23999,828.782
n65536_q128_r500,3,BA,B,1,36,820.191956,826.562
n65536_q128_r500,3,BA,B,1,37,817.695984,824.323
n65536_q128_r500,3,BA,B,1,38,819.167969,825.41
n65536_q128_r500,3,BA,B,1,39,817.920044,824.393
n65536_q128_r500,3,BA,B,1,40,816.735962,823.139
n65536_q128_r500,3,BA,B,1,41,822.143982,828.966
n65536_q128_r500,3,BA,B,1,42,819.104004,825.401
n65536_q128_r500,3,BA,B,1,43,818.815979,825.231
n65536_q128_r500,3,BA,B,1,44,818.175964,824.55
n65536_q128_r500,3,BA,B,1,45,816.92804,823.487
n65536_q128_r500,3,BA,B,1,46,820.191956,826.145
n65536_q128_r500,3,BA,B,1,47,821.18396,828.0
n65536_q128_r500,3,BA,B,1,48,823.711975,830.298
n65536_q128_r500,3,BA,B,1,49,818.783997,825.277
n65536_q128_r500,3,BA,B,1,50,822.175964,827.612
n65536_q128_r500,3,BA,B,1,51,819.583984,824.158
n65536_q128_r500,3,BA,B,1,52,817.119995,821.516
n65536_q128_r500,3,BA,B,1,53,822.81604,828.596
n65536_q128_r500,3,BA,B,1,54,818.144043,823.556
n65536_q128_r500,3,BA,B,1,55,815.455994,821.185
n65536_q128_r500,3,BA,B,1,56,817.920044,824.393
n65536_q128_r500,3,BA,B,1,57,822.656006,829.263
n65536_q128_r500,3,BA,B,1,58,819.231995,825.789
n65536_q128_r500,3,BA,B,1,59,821.984009,828.462
n65536_q128_r500,3,BA,B,1,60,824.127991,830.422
n65536_q128_r500,3,BA,B,1,61,821.856018,828.347
n65536_q128_r500,3,BA,B,1,62,815.936035,822.04
n65536_q128_r500,3,BA,B,1,63,822.112,828.332
n65536_q128_r500,3,BA,B,1,64,825.471985,831.728
n65536_q128_r500,3,BA,B,1,65,822.175964,828.436
n65536_q128_r500,3,BA,B,1,66,819.263977,825.507
n65536_q128_r500,3,BA,B,1,67,820.0,826.426
n65536_q128_r500,3,BA,B,1,68,817.856018,824.281
n65536_q128_r500,3,BA,B,1,69,819.967957,826.187
n65536_q128_r500,3,BA,B,1,70,821.376038,827.864
n65536_q128_r500,3,BA,B,1,71,820.128052,826.499
n65536_q128_r500,3,BA,B,1,72,817.695984,823.49
n65536_q128_r500,3,BA,B,1,73,823.647949,830.444
n65536_q128_r500,3,BA,B,1,74,820.191956,826.421
n65536_q128_r500,3,BA,B,1,75,818.94397,825.175
n65536_q128_r500,3,BA,B,1,76,817.247986,823.518
n65536_q128_r500,3,BA,B,1,77,800.768005,807.301
n65536_q128_r500,3,BA,B,1,78,789.376038,795.544
n65536_q128_r500,3,BA,B,1,79,784.320007,789.747
n65536_q128_r500,3,BA,B,1,80,785.984009,790.297
n65536_q128_r500,3,BA,B,1,81,785.696045,791.689
n65536_q128_r500,3,BA,B,1,82,787.424011,794.803
n65536_q128_r500,3,BA,B,1,83,784.35199,790.54
n65536_q128_r500,3,BA,B,1,84,786.688049,792.894
n65536_q128_r500,3,BA,B,1,85,786.400024,792.509
n65536_q128_r500,3,BA,B,1,86,784.608032,790.901
n65536_q128_r500,3,BA,B,1,87,786.304016,792.538
n65536_q128_r500,3,BA,B,1,88,784.447998,790.633
n65536_q128_r500,3,BA,B,1,89,782.911987,789.528
n65536_q128_r500,3,BA,B,1,90,787.52002,793.77
n65536_q128_r500,3,BA,B,1,91,785.503967,791.772
n65536_q128_r500,3,BA,B,1,92,789.66394,795.874
n65536_q128_r500,3,BA,B,1,93,781.247986,787.599
n65536_q128_r500,3,BA,B,1,94,788.671997,794.485
n65536_q128_r500,3,BA,B,1,95,788.575989,795.245
n65536_q128_r500,3,BA,B,1,96,780.160034,786.267
n65536_q128_r500,3,BA,B,1,97,787.424011,793.653
n65536_q128_r500,3,BA,B,1,98,783.583984,789.763
n65536_q128_r500,3,BA,B,1,99,785.440002,791.454
n65536_q128_r500,3,BA,B,64,0,785.107971,785.208719
n65536_q128_r500,3,BA,B,64,1,785.242493,785.345984
n65536_q128_r500,3,BA,B,64,2,785.372498,785.471406
n65536_q128_r500,3,BA,B,64,3,785.132019,785.235781
n65536_q128_r500,3,BA,B,64,4,785.299011,785.405297
n65536_q128_r500,3,BA,B,64,5,785.099487,785.200312
n65536_q128_r500,3,BA,B,64,6,785.254456,785.358781
n65536_q128_r500,3,BA,B,64,7,785.195007,785.299266
n65536_q128_r500,3,BA,B,64,8,785.319519,785.430281
n65536_q128_r500,3,BA,B,64,9,785.0495,785.162141
n65536_q128_r500,3,BA,B,64,10,784.839539,784.943266
n65536_q128_r500,3,BA,B,64,11,784.91449,785.019828
n65536_q128_r500,3,BA,B,64,12,785.353455,785.456437
n65536_q128_r500,3,BA,B,64,13,785.132996,785.220516
n65536_q128_r500,3,BA,B,64,14,785.045044,785.131
n65536_q128_r500,3,BA,B,64,15,785.438477,785.526203
n65536_q128_r500,3,BA,B,64,16,784.690979,784.780094
n65536_q128_r500,3,BA,B,64,17,785.180481,785.281969
n65536_q128_r500,3,BA,B,64,18,784.549011,784.651547
n65536_q128_r500,3,BA,B,64,19,785.40802,785.510313
n65536_q128_r500,3,BA,A,1,0,996.896057,1007.237
n65536_q128_r500,3,BA,A,1,1,994.23999,1001.522
n65536_q128_r500,3,BA,A,1,2,990.783997,997.129
n65536_q128_r500,3,BA,A,1,3,990.23999,996.386
n65536_q128_r500,3,BA,A,1,4,989.088013,995.29
n65536_q128_r500,3,BA,A,1,5,990.144043,996.376
n65536_q128_r500,3,BA,A,1,6,991.135986,997.382
n65536_q128_r500,3,BA,A,1,7,990.271973,996.484
n65536_q128_r500,3,BA,A,1,8,990.271973,996.353
n65536_q128_r500,3,BA,A,1,9,988.320007,994.451
n65536_q128_r500,3,BA,A,1,10,990.271973,996.431
n65536_q128_r500,3,BA,A,1,11,990.271973,996.446
n65536_q128_r500,3,BA,A,1,12,988.192017,994.489
n65536_q128_r500,3,BA,A,1,13,989.216003,995.404
n65536_q128_r500,3,BA,A,1,14,990.208008,996.487
n65536_q128_r500,3,BA,A,1,15,989.152039,995.316
n65536_q128_r500,3,BA,A,1,16,990.208008,996.424
n65536_q128_r500,3,BA,A,1,17,990.176025,996.4
n65536_q128_r500,3,BA,A,1,18,990.23999,996.369
n65536_q128_r500,3,BA,A,1,19,989.279968,995.526
n65536_q128_r500,3,BA,A,1,20,989.088013,995.306
n65536_q128_r500,3,BA,A,1,21,991.296021,997.441
n65536_q128_r500,3,BA,A,1,22,989.184021,995.366
n65536_q128_r500,3,BA,A,1,23,990.271973,996.444
n65536_q128_r500,3,BA,A,1,24,990.304016,996.494
n65536_q128_r500,3,BA,A,1,25,989.247986,995.386
n65536_q128_r500,3,BA,A,1,26,988.255981,993.418
n65536_q128_r500,3,BA,A,1,27,989.055969,994.389
n65536_q128_r500,3,BA,A,1,28,990.208008,996.449
n65536_q128_r500,3,BA,A,1,29,990.367981,996.564
n65536_q128_r500,3,BA,A,1,30,990.335999,995.658
n65536_q128_r500,3,BA,A,1,31,990.944031,996.354
n65536_q128_r500,3,BA,A,1,32,990.304016,995.512
n65536_q128_r500,3,BA,A,1,33,989.920044,995.36
n65536_q128_r500,3,BA,A,1,34,990.208008,996.373
n65536_q128_r500,3,BA,A,1,35,989.119995,995.426
n65536_q128_r500,3,BA,A,1,36,990.176025,996.342
n65536_q128_r500,3,BA,A,1,37,990.304016,996.447
n65536_q128_r500,3,BA,A,1,38,990.400024,996.493
n65536_q128_r500,3,BA,A,1,39,988.223999,994.442
n65536_q128_r500,3,BA,A,1,40,990.271973,996.428
n65536_q128_r500,3,BA,A,1,41,990.271973,996.456
n65536_q128_r500,3,BA,A,1,42,988.447998,994.502
n65536_q128_r500,3,BA,A,1,43,989.119995,995.381
n65536_q128_r500,3,BA,A,1,44,990.23999,996.455
n65536_q128_r500,3,BA,A,1,45,990.400024,996.596
n65536_q128_r500,3,BA,A,1,46,990.23999,996.36
n65536_q128_r500,3,BA,A,1,47,990.304016,996.533
n65536_q128_r500,3,BA,A,1,48,988.287964,994.467
n65536_q128_r500,3,BA,A,1,49,988.223999,994.433
n65536_q128_r500,3,BA,A,1,50,990.335999,995.526
n65536_q128_r500,3,BA,A,1,51,989.952026,996.531
n65536_q128_r500,3,BA,A,1,52,990.23999,995.479
n65536_q128_r500,3,BA,A,1,53,991.007996,996.358
n65536_q128_r500,3,BA,A,1,54,991.135986,997.318
n65536_q128_r500,3,BA,A,1,55,990.304016,996.48
n65536_q128_r500,3,BA,A,1,56,990.112,996.266
n65536_q128_r500,3,BA,A,1,57,989.119995,995.418
n65536_q128_r500,3,BA,A,1,58,990.208008,996.367
n65536_q128_r500,3,BA,A,1,59,990.463989,996.564
n65536_q128_r500,3,BA,A,1,60,990.304016,996.492
n65536_q128_r500,3,BA,A,1,61,990.495972,996.53
n65536_q128_r500,3,BA,A,1,62,989.119995,995.566
n65536_q128_r500,3,BA,A,1,63,988.671997,995.089
n65536_q128_r500,3,BA,A,1,64,989.119995,995.398
n65536_q128_r500,3,BA,A,1,65,990.335999,996.487
n65536_q128_r500,3,BA,A,1,66,990.400024,996.566
n65536_q128_r500,3,BA,A,1,67,990.335999,996.431
n65536_q128_r500,3,BA,A,1,68,990.400024,996.491
n65536_q128_r500,3,BA,A,1,69,990.304016,996.404
n65536_q128_r500,3,BA,A,1,70,990.400024,996.492
n65536_q128_r500,3,BA,A,1,71,990.208008,996.493
n65536_q128_r500,3,BA,A,1,72,990.367981,995.601
n65536_q128_r500,3,BA,A,1,73,989.888,995.308
n65536_q128_r500,3,BA,A,1,74,988.255981,994.345
n65536_q128_r500,3,BA,A,1,75,988.255981,994.476
n65536_q128_r500,3,BA,A,1,76,988.287964,994.436
n65536_q128_r500,3,BA,A,1,77,990.335999,996.563
n65536_q128_r500,3,BA,A,1,78,989.247986,995.34
n65536_q128_r500,3,BA,A,1,79,990.400024,996.556
n65536_q128_r500,3,BA,A,1,80,990.463989,996.557
n65536_q128_r500,3,BA,A,1,81,988.384033,994.55
n65536_q128_r500,3,BA,A,1,82,990.23999,996.397
n65536_q128_r500,3,BA,A,1,83,990.400024,996.528
n65536_q128_r500,3,BA,A,1,84,990.271973,996.395
n65536_q128_r500,3,BA,A,1,85,988.35199,994.47
n65536_q128_r500,3,BA,A,1,86,990.432007,996.537
n65536_q128_r500,3,BA,A,1,87,990.335999,996.512
n65536_q128_r500,3,BA,A,1,88,990.271973,996.522
n65536_q128_r500,3,BA,A,1,89,990.335999,996.446
n65536_q128_r500,3,BA,A,1,90,990.335999,996.61
n65536_q128_r500,3,BA,A,1,91,988.992004,995.334
n65536_q128_r500,3,BA,A,1,92,990.400024,995.677
n65536_q128_r500,3,BA,A,1,93,989.920044,995.292
n65536_q128_r500,3,BA,A,1,94,990.176025,996.428
n65536_q128_r500,3,BA,A,1,95,990.335999,996.505
n65536_q128_r500,3,BA,A,1,96,988.287964,994.392
n65536_q128_r500,3,BA,A,1,97,990.304016,996.511
n65536_q128_r500,3,BA,A,1,98,990.271973,996.349
n65536_q128_r500,3,BA,A,1,99,990.208008,996.57
n65536_q128_r500,3,BA,A,64,0,987.18396,987.284078
n65536_q128_r500,3,BA,A,64,1,987.255005,987.359281
n65536_q128_r500,3,BA,A,64,2,987.326477,987.428391
n65536_q128_r500,3,BA,A,64,3,987.317993,987.408219
n65536_q128_r500,3,BA,A,64,4,987.322998,987.411703
n65536_q128_r500,3,BA,A,64,5,987.291992,987.397125
n65536_q128_r500,3,BA,A,64,6,987.307007,987.407969
n65536_q128_r500,3,BA,A,64,7,987.22998,987.331453
n65536_q128_r500,3,BA,A,64,8,987.210999,987.314781
n65536_q128_r500,3,BA,A,64,9,987.242004,987.34375
n65536_q128_r500,3,BA,A,64,10,987.34198,987.445031
n65536_q128_r500,3,BA,A,64,11,987.254028,987.362328
n65536_q128_r500,3,BA,A,64,12,987.198486,987.310031
n65536_q128_r500,3,BA,A,64,13,987.255005,987.360703
n65536_q128_r500,3,BA,A,64,14,987.287537,987.404906
n65536_q128_r500,3,BA,A,64,15,987.292542,987.380453
n65536_q128_r500,3,BA,A,64,16,987.15802,987.263906
n65536_q128_r500,3,BA,A,64,17,987.32251,987.42475
n65536_q128_r500,3,BA,A,64,18,987.261475,987.362766
n65536_q128_r500,3,BA,A,64,19,987.194031,987.296078
n65536_q128_r500,4,AB,A,1,0,1002.176025,1027.363
n65536_q128_r500,4,AB,A,1,1,997.119995,1004.914
n65536_q128_r500,4,AB,A,1,2,988.575989,995.059
n65536_q128_r500,4,AB,A,1,3,990.304016,996.546
n65536_q128_r500,4,AB,A,1,4,990.975952,997.122
n65536_q128_r500,4,AB,A,1,5,991.16803,998.626
n65536_q128_r500,4,AB,A,1,6,990.912048,997.514
n65536_q128_r500,4,AB,A,1,7,990.144043,996.422
n65536_q128_r500,4,AB,A,1,8,991.104004,997.367
n65536_q128_r500,4,AB,A,1,9,989.055969,995.289
n65536_q128_r500,4,AB,A,1,10,988.575989,994.824
n65536_q128_r500,4,AB,A,1,11,990.335999,995.74
n65536_q128_r500,4,AB,A,1,12,991.16803,997.494
n65536_q128_r500,4,AB,A,1,13,991.296021,997.549
n65536_q128_r500,4,AB,A,1,14,989.023987,995.271
n65536_q128_r500,4,AB,A,1,15,991.16803,996.368
n65536_q128_r500,4,AB,A,1,16,988.864014,995.361
n65536_q128_r500,4,AB,A,1,17,990.144043,995.572
n65536_q128_r500,4,AB,A,1,18,989.312012,995.524
n65536_q128_r500,4,AB,A,1,19,989.055969,995.407
n65536_q128_r500,4,AB,A,1,20,991.16803,997.353
n65536_q128_r500,4,AB,A,1,21,990.400024,996.538
n65536_q128_r500,4,AB,A,1,22,991.424011,997.522
n65536_q128_r500,4,AB,A,1,23,992.47998,998.618
n65536_q128_r500,4,AB,A,1,24,990.815979,997.334
n65536_q128_r500,4,AB,A,1,25,990.463989,996.683
n65536_q128_r500,4,AB,A,1,26,988.960022,995.558
n65536_q128_r500,4,AB,A,1,27,991.328003,997.494
n65536_q128_r500,4,AB,A,1,28,990.23999,996.438
n65536_q128_r500,4,AB,A,1,29,991.328003,997.5
n65536_q128_r500,4,AB,A,1,30,990.112,996.021
n65536_q128_r500,4,AB,A,1,31,992.416016,997.714
n65536_q128_r500,4,AB,A,1,32,990.304016,996.457
n65536_q128_r500,4,AB,A,1,33,991.072021,997.359
n65536_q128_r500,4,AB,A,1,34,989.184021,995.118
n65536_q128_r500,4,AB,A,1,35,990.463989,996.667
n65536_q128_r500,4,AB,A,1,36,991.199951,996.479
n65536_q128_r500,4,AB,A,1,37,989.856018,994.818
n65536_q128_r500,4,AB,A,1,38,989.632019,995.832
n65536_q128_r500,4,AB,A,1,39,990.400024,996.557
n65536_q128_r500,4,AB,A,1,40,991.231995,997.3
n65536_q128_r500,4,AB,A,1,41,990.463989,996.483
n65536_q128_r500,4,AB,A,1,42,989.471985,995.602
n65536_q128_r500,4,AB,A,1,43,990.463989,996.819
n65536_q128_r500,4,AB,A,1,44,990.208008,996.424
n65536_q128_r500,4,AB,A,1,45,991.199951,997.443
n65536_q128_r500,4,AB,A,1,46,988.992004,995.488
n65536_q128_r500,4,AB,A,1,47,991.263977,997.479
n65536_q128_r500,4,AB,A,1,48,990.23999,996.404
n65536_q128_r500,4,AB,A,1,49,991.455994,997.643
n65536_q128_r500,4,AB,A,1,50,989.279968,994.974
n65536_q128_r500,4,AB,A,1,51,988.735962,994.899
n65536_q128_r500,4,AB,A,1,52,991.296021,997.537
n65536_q128_r500,4,AB,A,1,53,990.400024,996.707
n65536_q128_r500,4,AB,A,1,54,991.104004,997.341
n65536_q128_r500,4,AB,A,1,55,990.400024,995.872
n65536_q128_r500,4,AB,A,1,56,991.872009,996.187
n65536_q128_r500,4,AB,A,1,57,991.16803,996.495
n65536_q128_r500,4,AB,A,1,58,988.992004,995.547
n65536_q128_r500,4,AB,A,1,59,991.455994,997.484
n65536_q128_r500,4,AB,A,1,60,988.992004,995.555
n65536_q128_r500,4,AB,A,1,61,991.296021,997.63
n65536_q128_r500,4,AB,A,1,62,989.119995,995.381
n65536_q128_r500,4,AB,A,1,63,991.135986,997.351
n65536_q128_r500,4,AB,A,1,64,990.208008,996.475
n65536_q128_r500,4,AB,A,1,65,991.135986,997.44
n65536_q128_r500,4,AB,A,1,66,989.119995,995.329
n65536_q128_r500,4,AB,A,1,67,988.223999,994.412
n65536_q128_r500,4,AB,A,1,68,991.359985,997.487
n65536_q128_r500,4,AB,A,1,69,990.23999,996.496
n65536_q128_r500,4,AB,A,1,70,991.296021,996.587
n65536_q128_r500,4,AB,A,1,71,990.047974,995.363
n65536_q128_r500,4,AB,A,1,72,991.487976,997.588
n65536_q128_r500,4,AB,A,1,73,989.279968,995.543
n65536_q128_r500,4,AB,A,1,74,988.92804,995.28
n65536_q128_r500,4,AB,A,1,75,991.64801,997.059
n65536_q128_r500,4,AB,A,1,76,991.616028,996.18
n65536_q128_r500,4,AB,A,1,77,990.080017,995.383
n65536_q128_r500,4,AB,A,1,78,988.960022,996.571
n65536_q128_r500,4,AB,A,1,79,991.231995,997.398
n65536_q128_r500,4,AB,A,1,80,990.176025,996.559
n65536_q128_r500,4,AB,A,1,81,991.359985,997.518
n65536_q128_r500,4,AB,A,1,82,989.343994,995.579
n65536_q128_r500,4,AB,A,1,83,990.367981,996.646
n65536_q128_r500,4,AB,A,1,84,991.328003,997.522
n65536_q128_r500,4,AB,A,1,85,989.119995,995.405
n65536_q128_r500,4,AB,A,1,86,991.231995,997.487
n65536_q128_r500,4,AB,A,1,87,990.335999,996.462
n65536_q128_r500,4,AB,A,1,88,991.392029,997.587
n65536_q128_r500,4,AB,A,1,89,990.23999,996.371
n65536_q128_r500,4,AB,A,1,90,988.895996,995.45
n65536_q128_r500,4,AB,A,1,91,991.263977,997.449
n65536_q128_r500,4,AB,A,1,92,990.335999,996.445
n65536_q128_r500,4,AB,A,1,93,991.392029,996.774
n65536_q128_r500,4,AB,A,1,94,989.791992,994.383
n65536_q128_r500,4,AB,A,1,95,991.967957,997.404
n65536_q128_r500,4,AB,A,1,96,992.35199,997.603
n65536_q128_r500,4,AB,A,1,97,992.031982,997.446
n65536_q128_r500,4,AB,A,1,98,989.088013,995.454
n65536_q128_r500,4,AB,A,1,99,990.23999,996.504
n65536_q128_r500,4,AB,A,64,0,987.264526,987.364719
n65536_q128_r500,4,AB,A,64,1,987.31897,987.423781
n65536_q128_r500,4,AB,A,64,2,987.231018,987.334438
n65536_q128_r500,4,AB,A,64,3,987.268494,987.372953
n65536_q128_r500,4,AB,A,64,4,987.259521,987.363531
n65536_q128_r500,4,AB,A,64,5,987.143982,987.251938
n65536_q128_r500,4,AB,A,64,6,987.307495,987.409141
n65536_q128_r500,4,AB,A,64,7,987.31897,987.425453
n65536_q128_r500,4,AB,A,64,8,987.285522,987.394047
n65536_q128_r500,4,AB,A,64,9,987.288025,987.389641
n65536_q128_r500,4,AB,A,64,10,987.199036,987.287031
n65536_q128_r500,4,AB,A,64,11,987.29303,987.395453
n65536_q128_r500,4,AB,A,64,12,987.283997,987.377719
n65536_q128_r500,4,AB,A,64,13,987.08551,987.188953
n65536_q128_r500,4,AB,A,64,14,987.188965,987.292766
n65536_q128_r500,4,AB,A,64,15,987.276978,987.383766
n65536_q128_r500,4,AB,A,64,16,987.143494,987.249219
n65536_q128_r500,4,AB,A,64,17,987.231018,987.316328
n65536_q128_r500,4,AB,A,64,18,987.130981,987.219031
n65536_q128_r500,4,AB,A,64,19,987.241028,987.347469
n65536_q128_r500,4,AB,B,1,0,793.600037,802.426
n65536_q128_r500,4,AB,B,1,1,788.511963,795.829
n65536_q128_r500,4,AB,B,1,2,789.152039,796.585
n65536_q128_r500,4,AB,B,1,3,787.64801,793.787
n65536_q128_r500,4,AB,B,1,4,785.279968,791.647
n65536_q128_r500,4,AB,B,1,5,786.432007,791.509
n65536_q128_r500,4,AB,B,1,6,785.791992,792.008
n65536_q128_r500,4,AB,B,1,7,783.903992,790.609
n65536_q128_r500,4,AB,B,1,8,785.343994,791.589
n65536_q128_r500,4,AB,B,1,9,785.40802,793.873
n65536_q128_r500,4,AB,B,1,10,783.967957,790.255
n65536_q128_r500,4,AB,B,1,11,786.559998,792.108
n65536_q128_r500,4,AB,B,1,12,782.911987,788.409
n65536_q128_r500,4,AB,B,1,13,787.359985,793.432
n65536_q128_r500,4,AB,B,1,14,784.47998,789.675
n65536_q128_r500,4,AB,B,1,15,786.559998,791.947
n65536_q128_r500,4,AB,B,1,16,788.511963,794.812
n65536_q128_r500,4,AB,B,1,17,785.376038,791.612
n65536_q128_r500,4,AB,B,1,18,788.223999,794.62
n65536_q128_r500,4,AB,B,1,19,784.447998,790.448
n65536_q128_r500,4,AB,B,1,20,786.624023,793.17
n65536_q128_r500,4,AB,B,1,21,787.487976,793.706
n65536_q128_r500,4,AB,B,1,22,780.287964,786.518
n65536_q128_r500,4,AB,B,1,23,786.400024,792.649
n65536_q128_r500,4,AB,B,1,24,782.720032,789.381
n65536_q128_r500,4,AB,B,1,25,788.640015,795.073
n65536_q128_r500,4,AB,B,1,26,785.440002,791.711
n65536_q128_r500,4,AB,B,1,27,784.255981,790.453
n65536_q128_r500,4,AB,B,1,28,783.295959,789.699
n65536_q128_r500,4,AB,B,1,29,786.559998,792.491
n65536_q128_r500,4,AB,B,1,30,787.679993,794.085
n65536_q128_r500,4,AB,B,1,31,786.335999,792.576
n65536_q128_r500,4,AB,B,1,32,787.487976,793.68
n65536_q128_r500,4,AB,B,1,33,786.495972,792.746
n65536_q128_r500,4,AB,B,1,34,783.456055,789.369
n65536_q128_r500,4,AB,B,1,35,783.552002,790.043
n65536_q128_r500,4,AB,B,1,36,787.328003,793.674
n65536_q128_r500,4,AB,B,1,37,784.287964,790.55
n65536_q128_r500,4,AB,B,1,38,789.503967,794.656
n65536_q128_r500,4,AB,B,1,39,786.463989,791.864
n65536_q128_r500,4,AB,B,1,40,785.471985,791.702
n65536_q128_r500,4,AB,B,1,41,785.440002,791.674
n65536_q128_r500,4,AB,B,1,42,784.447998,790.62
n65536_q128_r500,4,AB,B,1,43,787.487976,793.444
n65536_q128_r500,4,AB,B,1,44,783.583984,790.033
n65536_q128_r500,4,AB,B,1,45,789.600037,795.694
n65536_q128_r500,4,AB,B,1,46,784.544006,790.723
n65536_q128_r500,4,AB,B,1,47,785.440002,791.731
n65536_q128_r500,4,AB,B,1,48,788.511963,794.571
n65536_q128_r500,4,AB,B,1,49,787.007996,794.905
n65536_q128_r500,4,AB,B,1,50,784.384033,790.768
n65536_q128_r500,4,AB,B,1,51,787.392029,793.625
n65536_q128_r500,4,AB,B,1,52,784.192017,790.368
n65536_q128_r500,4,AB,B,1,53,787.487976,793.488
n65536_q128_r500,4,AB,B,1,54,785.664001,792.148
n65536_q128_r500,4,AB,B,1,55,788.544006,794.798
n65536_q128_r500,4,AB,B,1,56,782.015991,788.609
n65536_q128_r500,4,AB,B,1,57,786.463989,792.561
n65536_q128_r500,4,AB,B,1,58,787.424011,793.46
n65536_q128_r500,4,AB,B,1,59,783.519958,789.883
n65536_q128_r500,4,AB,B,1,60,787.487976,793.749
n65536_q128_r500,4,AB,B,1,61,784.447998,790.74
n65536_q128_r500,4,AB,B,1,62,789.536011,795.731
n65536_q128_r500,4,AB,B,1,63,782.112,787.393
n65536_q128_r500,4,AB,B,1,64,786.463989,791.889
n65536_q128_r500,4,AB,B,1,65,784.544006,790.749
n65536_q128_r500,4,AB,B,1,66,787.392029,793.547
n65536_q128_r500,4,AB,B,1,67,784.447998,790.556
n65536_q128_r500,4,AB,B,1,68,783.583984,789.905
n65536_q128_r500,4,AB,B,1,69,786.400024,792.692
n65536_q128_r500,4,AB,B,1,70,787.679993,793.961
n65536_q128_r500,4,AB,B,1,71,787.104004,793.701
n65536_q128_r500,4,AB,B,1,72,784.096008,790.261
n65536_q128_r500,4,AB,B,1,73,784.575989,790.875
n65536_q128_r500,4,AB,B,1,74,786.335999,792.626
n65536_q128_r500,4,AB,B,1,75,783.072021,789.608
n65536_q128_r500,4,AB,B,1,76,786.304016,792.651
n65536_q128_r500,4,AB,B,1,77,785.40802,791.399
n65536_q128_r500,4,AB,B,1,78,785.600037,792.0
n65536_q128_r500,4,AB,B,1,79,781.088013,787.131
n65536_q128_r500,4,AB,B,1,80,784.575989,790.744
n65536_q128_r500,4,AB,B,1,81,786.624023,793.0
n65536_q128_r500,4,AB,B,1,82,790.368042,796.378
n65536_q128_r500,4,AB,B,1,83,784.575989,790.968
n65536_q128_r500,4,AB,B,1,84,785.440002,791.752
n65536_q128_r500,4,AB,B,1,85,785.40802,791.694
n65536_q128_r500,4,AB,B,1,86,789.440002,795.76
n65536_q128_r500,4,AB,B,1,87,790.624023,796.78
n65536_q128_r500,4,AB,B,1,88,784.0,789.809
n65536_q128_r500,4,AB,B,1,89,783.295959,787.677
n65536_q128_r500,4,AB,B,1,90,788.35199,793.693
n65536_q128_r500,4,AB,B,1,91,789.66394,795.877
n65536_q128_r500,4,AB,B,1,92,787.52002,793.635
n65536_q128_r500,4,AB,B,1,93,785.567993,791.877
n65536_q128_r500,4,AB,B,1,94,785.664001,791.888
n65536_q128_r500,4,AB,B,1,95,784.416016,790.722
n65536_q128_r500,4,AB,B,1,96,783.328003,789.236
n65536_q128_r500,4,AB,B,1,97,787.616028,794.168
n65536_q128_r500,4,AB,B,1,98,783.392029,789.664
n65536_q128_r500,4,AB,B,1,99,780.384033,786.442
n65536_q128_r500,4,AB,B,64,0,784.592957,784.693641
n65536_q128_r500,4,AB,B,64,1,784.682983,784.786328
n65536_q128_r500,4,AB,B,64,2,784.487488,784.591016
n65536_q128_r500,4,AB,B,64,3,784.477478,784.579969
n65536_q128_r500,4,AB,B,64,4,784.203979,784.306391
n65536_q128_r500,4,AB,B,64,5,784.712036,784.815531
n65536_q128_r500,4,AB,B,64,6,784.362,784.44875
n65536_q128_r500,4,AB,B,64,7,784.331482,784.417781
n65536_q128_r500,4,AB,B,64,8,784.201477,784.306219
n65536_q128_r500,4,AB,B,64,9,784.845459,784.947297
n65536_q128_r500,4,AB,B,64,10,784.313049,784.416391
n65536_q128_r500,4,AB,B,64,11,784.481018,784.58275
n65536_q128_r500,4,AB,B,64,12,784.34552,784.449219
n65536_q128_r500,4,AB,B,64,13,784.391541,784.495875
n65536_q128_r500,4,AB,B,64,14,784.429016,784.531
n65536_q128_r500,4,AB,B,64,15,784.422974,784.528031
n65536_q128_r500,4,AB,B,64,16,784.63855,784.737969
n65536_q128_r500,4,AB,B,64,17,784.656982,784.757094
n65536_q128_r500,4,AB,B,64,18,784.510498,784.607406
n65536_q128_r500,4,AB,B,64,19,784.431519,784.531828
n65536_q128_r500,5,BA,B,1,0,847.199951,867.607
n65536_q128_r500,5,BA,B,1,1,844.160034,852.964
n65536_q128_r500,5,BA,B,1,2,848.959961,856.588
n65536_q128_r500,5,BA,B,1,3,837.664001,844.959
n65536_q128_r500,5,BA,B,1,4,833.664001,840.845
n65536_q128_r500,5,BA,B,1,5,834.783997,841.907
n65536_q128_r500,5,BA,B,1,6,834.303955,840.583
n65536_q128_r500,5,BA,B,1,7,837.119995,843.915
n65536_q128_r500,5,BA,B,1,8,834.335999,841.89
n65536_q128_r500,5,BA,B,1,9,834.656006,841.825
n65536_q128_r500,5,BA,B,1,10,818.175964,825.223
n65536_q128_r500,5,BA,B,1,11,784.799988,791.703
n65536_q128_r500,5,BA,B,1,12,785.727966,791.665
n65536_q128_r500,5,BA,B,1,13,789.951965,795.889
n65536_q128_r500,5,BA,B,1,14,789.66394,796.727
n65536_q128_r500,5,BA,B,1,15,784.895996,791.664
n65536_q128_r500,5,BA,B,1,16,785.696045,792.669
n65536_q128_r500,5,BA,B,1,17,784.832031,791.613
n65536_q128_r500,5,BA,B,1,18,784.704041,791.773
n65536_q128_r500,5,BA,B,1,19,782.751953,789.681
n65536_q128_r500,5,BA,B,1,20,787.64801,794.701
n65536_q128_r500,5,BA,B,1,21,790.783997,797.801
n65536_q128_r500,5,BA,B,1,22,784.959961,791.445
n65536_q128_r500,5,BA,B,1,23,790.495972,796.963
n65536_q128_r500,5,BA,B,1,24,789.951965,796.874
n65536_q128_r500,5,BA,B,1,25,788.031982,794.86
n65536_q128_r500,5,BA,B,1,26,786.559998,793.599
n65536_q128_r500,5,BA,B,1,27,785.984009,792.65
n65536_q128_r500,5,BA,B,1,28,786.880005,793.887
n65536_q128_r500,5,BA,B,1,29,785.888,792.768
n65536_q128_r500,5,BA,B,1,30,782.59198,789.702
n65536_q128_r500,5,BA,B,1,31,787.935974,794.655
n65536_q128_r500,5,BA,B,1,32,790.94397,797.771
n65536_q128_r500,5,BA,B,1,33,783.712036,791.975
n65536_q128_r500,5,BA,B,1,34,782.335999,789.523
n65536_q128_r500,5,BA,B,1,35,785.088013,791.77
n65536_q128_r500,5,BA,B,1,36,784.768005,791.619
n65536_q128_r500,5,BA,B,1,37,790.495972,796.112
n65536_q128_r500,5,BA,B,1,38,786.880005,792.729
n65536_q128_r500,5,BA,B,1,39,785.76001,792.677
n65536_q128_r500,5,BA,B,1,40,783.392029,790.758
n65536_q128_r500,5,BA,B,1,41,782.815979,789.475
n65536_q128_r500,5,BA,B,1,42,786.400024,792.913
n65536_q128_r500,5,BA,B,1,43,788.992004,795.832
n65536_q128_r500,5,BA,B,1,44,789.856018,796.864
n65536_q128_r500,5,BA,B,1,45,786.080017,792.677
n65536_q128_r500,5,BA,B,1,46,790.144043,796.802
n65536_q128_r500,5,BA,B,1,47,782.975952,789.709
n65536_q128_r500,5,BA,B,1,48,783.840027,790.777
n65536_q128_r500,5,BA,B,1,49,788.927979,795.831
n65536_q128_r500,5,BA,B,1,50,787.711975,794.737
n65536_q128_r500,5,BA,B,1,51,782.783997,789.516
n65536_q128_r500,5,BA,B,1,52,787.007996,794.027
n65536_q128_r500,5,BA,B,1,53,784.832031,791.647
n65536_q128_r500,5,BA,B,1,54,789.791992,796.895
n65536_q128_r500,5,BA,B,1,55,787.296021,793.821
n65536_q128_r500,5,BA,B,1,56,786.688049,793.581
n65536_q128_r500,5,BA,B,1,57,787.039978,793.966
n65536_q128_r500,5,BA,B,1,58,784.92804,791.63
n65536_q128_r500,5,BA,B,1,59,785.823975,792.714
n65536_q128_r500,5,BA,B,1,60,786.688049,793.762
n65536_q128_r500,5,BA,B,1,61,783.903992,790.603
n65536_q128_r500,5,BA,B,1,62,784.832031,790.976
n65536_q128_r500,5,BA,B,1,63,786.719971,792.644
n65536_q128_r500,5,BA,B,1,64,784.671997,791.648
n65536_q128_r500,5,BA,B,1,65,783.936035,789.874
n65536_q128_r500,5,BA,B,1,66,787.904053,793.69
n65536_q128_r500,5,BA,B,1,67,785.951965,792.74
n65536_q128_r500,5,BA,B,1,68,784.768005,791.811
n65536_q128_r500,5,BA,B,1,69,788.959961,795.791
n65536_q128_r500,5,BA,B,1,70,786.656006,793.614
n65536_q128_r500,5,BA,B,1,71,783.231995,789.848
n65536_q128_r500,5,BA,B,1,72,785.536011,792.74
n65536_q128_r500,5,BA,B,1,73,787.007996,793.779
n65536_q128_r500,5,BA,B,1,74,786.207947,792.787
n65536_q128_r500,5,BA,B,1,75,784.959961,791.593
n65536_q128_r500,5,BA,B,1,76,787.039978,794.106
n65536_q128_r500,5,BA,B,1,77,786.719971,793.547
n65536_q128_r500,5,BA,B,1,78,787.840027,794.882
n65536_q128_r500,5,BA,B,1,79,784.992004,791.729
n65536_q128_r500,5,BA,B,1,80,789.888,795.771
n65536_q128_r500,5,BA,B,1,81,789.088013,794.951
n65536_q128_r500,5,BA,B,1,82,784.864014,791.679
n65536_q128_r500,5,BA,B,1,83,788.127991,794.907
n65536_q128_r500,5,BA,B,1,84,785.727966,792.721
n65536_q128_r500,5,BA,B,1,85,787.072021,793.168
n65536_q128_r500,5,BA,B,1,86,785.376038,792.437
n65536_q128_r500,5,BA,B,1,87,787.552002,793.674
n65536_q128_r500,5,BA,B,1,88,786.688049,792.677
n65536_q128_r500,5,BA,B,1,89,790.080017,796.88
n65536_q128_r500,5,BA,B,1,90,787.199951,793.544
n65536_q128_r500,5,BA,B,1,91,791.231995,798.036
n65536_q128_r500,5,BA,B,1,92,783.039978,789.562
n65536_q128_r500,5,BA,B,1,93,786.015991,792.853
n65536_q128_r500,5,BA,B,1,94,786.94397,795.699
n65536_q128_r500,5,BA,B,1,95,784.0,790.673
n65536_q128_r500,5,BA,B,1,96,784.447998,791.44
n65536_q128_r500,5,BA,B,1,97,784.959961,791.742
n65536_q128_r500,5,BA,B,1,98,784.735962,791.733
n65536_q128_r500,5,BA,B,1,99,783.903992,790.869
n65536_q128_r500,5,BA,B,64,0,784.724487,784.836328
n65536_q128_r500,5,BA,B,64,1,784.964478,785.146734
n65536_q128_r500,5,BA,B,64,2,785.237488,785.351078
n65536_q128_r500,5,BA,B,64,3,784.888977,785.002125
n65536_q128_r500,5,BA,B,64,4,785.068481,785.179875
n65536_q128_r500,5,BA,B,64,5,785.140503,785.250484
n65536_q128_r500,5,BA,B,64,6,784.430969,784.544516
n65536_q128_r500,5,BA,B,64,7,784.888,784.998281
n65536_q128_r500,5,BA,B,64,8,784.595032,784.705109
n65536_q128_r500,5,BA,B,64,9,784.948547,785.060016
n65536_q128_r500,5,BA,B,64,10,785.106018,785.218094
n65536_q128_r500,5,BA,B,64,11,784.758972,784.870578
n65536_q128_r500,5,BA,B,64,12,784.980469,785.089609
n65536_q128_r500,5,BA,B,64,13,784.838501,784.948516
n65536_q128_r500,5,BA,B,64,14,785.0755,785.188156
n65536_q128_r500,5,BA,B,64,15,785.012024,785.122094
n65536_q128_r500,5,BA,B,64,16,785.168518,785.279188
n65536_q128_r500,5,BA,B,64,17,784.72699,784.836625
n65536_q128_r500,5,BA,B,64,18,784.784973,784.895172
n65536_q128_r500,5,BA,B,64,19,784.822998,784.934562
n65536_q128_r500,5,BA,A,1,0,997.632019,1008.43
n65536_q128_r500,5,BA,A,1,1,993.727966,1001.686
n65536_q128_r500,5,BA,A,1,2,989.632019,997.024
n65536_q128_r500,5,BA,A,1,3,989.696045,996.482
n65536_q128_r500,5,BA,A,1,4,990.751953,997.616
n65536_q128_r500,5,BA,A,1,5,990.751953,997.538
n65536_q128_r500,5,BA,A,1,6,990.656006,997.449
n65536_q128_r500,5,BA,A,1,7,990.912048,997.717
n65536_q128_r500,5,BA,A,1,8,990.751953,997.543
n65536_q128_r500,5,BA,A,1,9,990.880005,997.648
n65536_q128_r500,5,BA,A,1,10,990.815979,997.561
n65536_q128_r500,5,BA,A,1,11,990.624023,997.402
n65536_q128_r500,5,BA,A,1,12,990.880005,997.608
n65536_q128_r500,5,BA,A,1,13,990.783997,997.559
n65536_q128_r500,5,BA,A,1,14,990.719971,997.529
n65536_q128_r500,5,BA,A,1,15,990.719971,997.501
n65536_q128_r500,5,BA,A,1,16,990.719971,997.57
n65536_q128_r500,5,BA,A,1,17,990.848022,997.626
n65536_q128_r500,5,BA,A,1,18,990.912048,996.751
n65536_q128_r500,5,BA,A,1,19,990.59198,996.443
n65536_q128_r500,5,BA,A,1,20,990.751953,997.521
n65536_q128_r500,5,BA,A,1,21,990.880005,997.637
n65536_q128_r500,5,BA,A,1,22,990.783997,997.608
n65536_q128_r500,5,BA,A,1,23,990.880005,997.606
n65536_q128_r500,5,BA,A,1,24,990.783997,997.536
n65536_q128_r500,5,BA,A,1,25,988.799988,995.6
n65536_q128_r500,5,BA,A,1,26,989.599976,996.538
n65536_q128_r500,5,BA,A,1,27,990.719971,997.596
n65536_q128_r500,5,BA,A,1,28,990.815979,997.53
n65536_q128_r500,5,BA,A,1,29,990.912048,997.617
n65536_q128_r500,5,BA,A,1,30,991.007996,997.723
n65536_q128_r500,5,BA,A,1,31,990.719971,997.569
n65536_q128_r500,5,BA,A,1,32,990.944031,997.691
n65536_q128_r500,5,BA,A,1,33,990.815979,997.538
n65536_q128_r500,5,BA,A,1,34,990.912048,997.503
n65536_q128_r500,5,BA,A,1,35,990.880005,997.632
n65536_q128_r500,5,BA,A,1,36,990.880005,997.626
n65536_q128_r500,5,BA,A,1,37,990.975952,997.71
n65536_q128_r500,5,BA,A,1,38,990.688049,996.583
n65536_q128_r500,5,BA,A,1,39,989.76001,995.576
n65536_q128_r500,5,BA,A,1,40,989.632019,996.42
n65536_q128_r500,5,BA,A,1,41,990.719971,997.634
n65536_q128_r500,5,BA,A,1,42,990.815979,997.589
n65536_q128_r500,5,BA,A,1,43,990.912048,997.628
n65536_q128_r500,5,BA,A,1,44,990.815979,997.579
n65536_q128_r500,5,BA,A,1,45,988.864014,995.614
n65536_q128_r500,5,BA,A,1,46,988.83197,995.523
n65536_q128_r500,5,BA,A,1,47,990.848022,997.63
n65536_q128_r500,5,BA,A,1,48,990.719971,997.536
n65536_q128_r500,5,BA,A,1,49,990.880005,997.573
n65536_q128_r500,5,BA,A,1,50,990.783997,997.623
n65536_q128_r500,5,BA,A,1,51,990.688049,997.593
n65536_q128_r500,5,BA,A,1,52,989.536011,995.579
n65536_q128_r500,5,BA,A,1,53,989.343994,996.297
n65536_q128_r500,5,BA,A,1,54,990.815979,997.579
n65536_q128_r500,5,BA,A,1,55,990.783997,997.526
n65536_q128_r500,5,BA,A,1,56,990.880005,997.681
n65536_q128_r500,5,BA,A,1,57,990.815979,997.557
n65536_q128_r500,5,BA,A,1,58,990.751953,996.614
n65536_q128_r500,5,BA,A,1,59,990.656006,996.472
n65536_q128_r500,5,BA,A,1,60,990.912048,997.672
n65536_q128_r500,5,BA,A,1,61,989.664001,996.349
n65536_q128_r500,5,BA,A,1,62,990.912048,997.598
n65536_q128_r500,5,BA,A,1,63,991.007996,997.752
n65536_q128_r500,5,BA,A,1,64,990.688049,997.532
n65536_q128_r500,5,BA,A,1,65,990.975952,997.666
n65536_q128_r500,5,BA,A,1,66,990.848022,997.606
n65536_q128_r500,5,BA,A,1,67,990.783997,997.614
n65536_q128_r500,5,BA,A,1,68,990.912048,997.703
n65536_q128_r500,5,BA,A,1,69,990.751953,997.576
n65536_q128_r500,5,BA,A,1,70,990.751953,997.491
n65536_q128_r500,5,BA,A,1,71,990.783997,997.776
n65536_q128_r500,5,BA,A,1,72,990.719971,997.544
n65536_q128_r500,5,BA,A,1,73,990.783997,1002.824
n65536_q128_r500,5,BA,A,1,74,989.567993,996.382
n65536_q128_r500,5,BA,A,1,75,990.848022,997.645
n65536_q128_r500,5,BA,A,1,76,990.912048,997.622
n65536_q128_r500,5,BA,A,1,77,990.975952,997.228
n65536_q128_r500,5,BA,A,1,78,990.271973,996.01
n65536_q128_r500,5,BA,A,1,79,990.719971,997.494
n65536_q128_r500,5,BA,A,1,80,990.848022,997.67
n65536_q128_r500,5,BA,A,1,81,990.783997,997.654
n65536_q128_r500,5,BA,A,1,82,989.791992,996.575
n65536_q128_r500,5,BA,A,1,83,990.912048,997.693
n65536_q128_r500,5,BA,A,1,84,990.751953,997.597
n65536_q128_r500,5,BA,A,1,85,990.944031,997.629
n65536_q128_r500,5,BA,A,1,86,990.719971,997.499
n65536_q128_r500,5,BA,A,1,87,990.751953,997.647
n65536_q128_r500,5,BA,A,1,88,990.880005,997.598
n65536_q128_r500,5,BA,A,1,89,989.023987,995.65
n65536_q128_r500,5,BA,A,1,90,990.912048,997.62
n65536_q128_r500,5,BA,A,1,91,990.880005,997.623
n65536_q128_r500,5,BA,A,1,92,990.848022,997.624
n65536_q128_r500,5,BA,A,1,93,990.912048,997.68
n65536_q128_r500,5,BA,A,1,94,990.848022,997.645
n65536_q128_r500,5,BA,A,1,95,990.880005,997.668
n65536_q128_r500,5,BA,A,1,96,990.880005,997.639
n65536_q128_r500,5,BA,A,1,97,990.880005,997.619
n65536_q128_r500,5,BA,A,1,98,990.975952,996.782
n65536_q128_r500,5,BA,A,1,99,990.59198,996.449
n65536_q128_r500,5,BA,A,64,0,987.353516,987.462297
n65536_q128_r500,5,BA,A,64,1,987.296509,987.408406
n65536_q128_r500,5,BA,A,64,2,987.284485,987.396062
n65536_q128_r500,5,BA,A,64,3,987.363525,987.468984
n65536_q128_r500,5,BA,A,64,4,987.331482,987.431594
n65536_q128_r500,5,BA,A,64,5,987.381531,987.501547
n65536_q128_r500,5,BA,A,64,6,987.35199,987.465594
n65536_q128_r500,5,BA,A,64,7,987.284485,987.397687
n65536_q128_r500,5,BA,A,64,8,987.285034,987.395984
n65536_q128_r500,5,BA,A,64,9,987.295532,987.410328
n65536_q128_r500,5,BA,A,64,10,987.317993,987.429188
n65536_q128_r500,5,BA,A,64,11,987.330994,987.442922
n65536_q128_r500,5,BA,A,64,12,987.234985,987.344703
n65536_q128_r500,5,BA,A,64,13,987.318542,987.429703
n65536_q128_r500,5,BA,A,64,14,987.32251,987.434297
n65536_q128_r500,5,BA,A,64,15,987.284485,987.395656
n65536_q128_r500,5,BA,A,64,16,987.265991,987.377187
n65536_q128_r500,5,BA,A,64,17,987.260986,987.373203
n65536_q128_r500,5,BA,A,64,18,987.31897,987.428266
n65536_q128_r500,5,BA,A,64,19,987.299011,987.415641
