radius,mode,round,query_id,count,ordered_hash,host_ready_ms
normal,B,1,584510,1,7111464684906674828,11.762888
normal,B,1,860467,110513,14831659072279641336,13.055547
normal,B,1,923923,1,9650181218042224611,11.997669
normal,B,1,533409,120801,1158368764979798433,12.981331
normal,B,1,220435,302764,15329822199843692600,13.261805
normal,B,1,395173,262241,16292672578093830578,13.411386
normal,B,1,125555,75155,13669275240459382784,12.914628
normal,B,1,37317,482,9065587736478984682,11.987502000000001
normal,B,1,326694,2,17855805870912985590,11.845508
normal,B,1,408325,1772,2815813216534820304,12.159459
normal,B,1,928005,1001,17371819348064928502,12.283389999999999
normal,B,1,636852,324005,16982769923046401650,13.307638
normal,B,1,565201,6396,11264234127150399790,12.265082
normal,B,1,416400,5024,368749101627721021,12.590872
normal,B,1,671950,1,5927922487194769596,11.881321
normal,B,1,100598,274260,15670590569913710840,13.080259
normal,B,1,130060,136432,5969732168017826336,13.143600000000001
normal,B,1,763603,301541,147904619539737232,13.350377
normal,B,1,229656,16,5218843424058757563,11.893161
normal,B,1,854752,794,12398274414676620556,12.450079
normal,B,1,717147,476,17483727490360448166,11.854739
normal,B,1,253796,3,3494645160661919934,11.955255
normal,B,1,594298,4,13409741501217839975,12.150677
normal,B,1,802333,146327,10595701386717585823,13.085162
normal,B,1,907497,252358,11185946559242699135,13.215984
normal,B,1,970136,43571,1768546914362820738,12.502889
normal,B,1,472710,1,1071764945648967332,11.887368
normal,B,1,311434,1,13312524340719727440,11.8263
normal,B,1,152112,1,16322557560223705822,11.696035
normal,B,1,262882,350,15552938297066695674,11.781188
normal,B,1,706522,217682,12361096037655865303,13.03475
normal,B,1,832912,32198,18328276085626311192,12.829894
normal,B,1,303769,17440,16329138951931766161,12.631435
normal,B,1,223701,5223,12110691255955863336,12.183941
normal,B,1,809314,2575,13833537680890479799,12.392057000000001
normal,B,1,831243,1,17493799186480836747,11.807765
normal,B,1,831746,232210,3986705561301011554,13.221654000000001
normal,B,1,314373,245446,17684901665160681817,13.205238999999999
normal,B,1,810800,8735,181497579686815711,12.695699000000001
normal,B,1,211855,2,15098965436855431700,11.813918
normal,B,1,533614,65593,5177147739743711313,12.93436
normal,B,1,335471,221008,9663218791444078051,13.017252000000001
normal,B,1,566134,123319,11275262358537811118,12.974782999999999
normal,B,1,738848,350706,12714018293197981387,13.220859
normal,B,1,359342,1,14883231301748386396,11.830401
normal,B,1,965210,464,8065290031319401403,11.915880999999999
normal,B,1,928413,101193,7571004148797661265,13.078278000000001
normal,B,1,998782,312168,5618084397353648138,13.170691000000001
normal,B,1,248373,424,17920615215818596529,12.159463
normal,B,1,113110,298393,11087762445465402799,13.258642
normal,B,1,421120,1,9920652127043963342,11.896446
normal,B,1,579626,21074,8674792675435185845,12.461182
normal,B,1,997466,171628,6463969713763470983,13.021704
normal,B,1,522760,150559,3458506985099854542,13.128781
normal,B,1,134930,269,11022067387796225111,11.92753
normal,B,1,786964,4537,10631416977948792920,12.319450999999999
normal,B,1,884325,349201,543682768752225887,13.311118
normal,B,1,552447,174588,2772483950073372472,13.257924000000001
normal,B,1,504571,1573,15794713272219230736,12.174541999999999
normal,B,1,951244,5415,13484686832383344511,12.528029
normal,B,1,220807,147226,16046319097409406499,12.840888000000001
normal,B,1,681257,1,11792367510721151297,11.562322
normal,B,1,417658,18,10725949708782130545,12.030311
normal,B,1,266352,12132,13375739972415901329,12.607584000000001
normal,B,2,584510,1,7111464684906674828,12.061755
normal,B,2,860467,110513,14831659072279641336,13.089808999999999
normal,B,2,923923,1,9650181218042224611,11.793381
normal,B,2,533409,120801,1158368764979798433,13.555771
normal,B,2,220435,302764,15329822199843692600,13.155562
normal,B,2,395173,262241,16292672578093830578,13.440106
normal,B,2,125555,75155,13669275240459382784,12.753444
normal,B,2,37317,482,9065587736478984682,12.167021
normal,B,2,326694,2,17855805870912985590,11.851391
normal,B,2,408325,1772,2815813216534820304,12.406784
normal,B,2,928005,1001,17371819348064928502,12.030104
normal,B,2,636852,324005,16982769923046401650,13.173658
normal,B,2,565201,6396,11264234127150399790,12.402531999999999
normal,B,2,416400,5024,368749101627721021,12.402531999999999
normal,B,2,671950,1,5927922487194769596,11.781903
normal,B,2,100598,274260,15670590569913710840,13.235271000000001
normal,B,2,130060,136432,5969732168017826336,13.08036
normal,B,2,763603,301541,147904619539737232,13.37268
normal,B,2,229656,16,5218843424058757563,11.909666999999999
normal,B,2,854752,794,12398274414676620556,12.259221
normal,B,2,717147,476,17483727490360448166,12.074528
normal,B,2,253796,3,3494645160661919934,11.616791
normal,B,2,594298,4,13409741501217839975,11.749699
normal,B,2,802333,146327,10595701386717585823,12.940482
normal,B,2,907497,252358,11185946559242699135,13.267396000000002
normal,B,2,970136,43571,1768546914362820738,12.763852
normal,B,2,472710,1,1071764945648967332,11.826717
normal,B,2,311434,1,13312524340719727440,11.790353
normal,B,2,152112,1,16322557560223705822,11.779697
normal,B,2,262882,350,15552938297066695674,12.076617
normal,B,2,706522,217682,12361096037655865303,12.931602999999999
normal,B,2,832912,32198,18328276085626311192,12.846402
normal,B,2,303769,17440,16329138951931766161,12.728405
normal,B,2,223701,5223,12110691255955863336,12.156177
normal,B,2,809314,2575,13833537680890479799,12.070037000000001
normal,B,2,831243,1,17493799186480836747,11.657341
normal,B,2,831746,232210,3986705561301011554,13.33497
normal,B,2,314373,245446,17684901665160681817,13.19915
normal,B,2,810800,8735,181497579686815711,12.486452
normal,B,2,211855,2,15098965436855431700,11.770277
normal,B,2,533614,65593,5177147739743711313,12.74494
normal,B,2,335471,221008,9663218791444078051,13.420581
normal,B,2,566134,123319,11275262358537811118,12.838854999999999
normal,B,2,738848,350706,12714018293197981387,13.247235
normal,B,2,359342,1,14883231301748386396,11.857937
normal,B,2,965210,464,8065290031319401403,12.105656999999999
normal,B,2,928413,101193,7571004148797661265,13.301065000000001
normal,B,2,998782,312168,5618084397353648138,13.346167
normal,B,2,248373,424,17920615215818596529,11.913366
normal,B,2,113110,298393,11087762445465402799,13.412265999999999
normal,B,2,421120,1,9920652127043963342,11.761871999999999
normal,B,2,579626,21074,8674792675435185845,12.709977
normal,B,2,997466,171628,6463969713763470983,12.744287
normal,B,2,522760,150559,3458506985099854542,13.170099
normal,B,2,134930,269,11022067387796225111,11.700281
normal,B,2,786964,4537,10631416977948792920,12.639778
normal,B,2,884325,349201,543682768752225887,13.450668
normal,B,2,552447,174588,2772483950073372472,13.344789
normal,B,2,504571,1573,15794713272219230736,12.315073
normal,B,2,951244,5415,13484686832383344511,12.231893
normal,B,2,220807,147226,16046319097409406499,12.840485000000001
normal,B,2,681257,1,11792367510721151297,11.858013999999999
normal,B,2,417658,18,10725949708782130545,11.901129000000001
normal,B,2,266352,12132,13375739972415901329,12.506885
normal,B,3,584510,1,7111464684906674828,11.748408
normal,B,3,860467,110513,14831659072279641336,12.978622
normal,B,3,923923,1,9650181218042224611,11.733516999999999
normal,B,3,533409,120801,1158368764979798433,13.161555
normal,B,3,220435,302764,15329822199843692600,13.300443999999999
normal,B,3,395173,262241,16292672578093830578,13.252752000000001
normal,B,3,125555,75155,13669275240459382784,12.729146
normal,B,3,37317,482,9065587736478984682,12.145185
normal,B,3,326694,2,17855805870912985590,11.792531
normal,B,3,408325,1772,2815813216534820304,12.397904
normal,B,3,928005,1001,17371819348064928502,12.343817999999999
normal,B,3,636852,324005,16982769923046401650,13.400596
normal,B,3,565201,6396,11264234127150399790,12.490725000000001
normal,B,3,416400,5024,368749101627721021,12.470414
normal,B,3,671950,1,5927922487194769596,11.867677
normal,B,3,100598,274260,15670590569913710840,13.234935
normal,B,3,130060,136432,5969732168017826336,12.824946
normal,B,3,763603,301541,147904619539737232,13.308321
normal,B,3,229656,16,5218843424058757563,11.786315
normal,B,3,854752,794,12398274414676620556,12.15974
normal,B,3,717147,476,17483727490360448166,12.173748
normal,B,3,253796,3,3494645160661919934,11.882868
normal,B,3,594298,4,13409741501217839975,11.915713
normal,B,3,802333,146327,10595701386717585823,13.019105
normal,B,3,907497,252358,11185946559242699135,13.021066000000001
normal,B,3,970136,43571,1768546914362820738,12.941654
normal,B,3,472710,1,1071764945648967332,11.908001
normal,B,3,311434,1,13312524340719727440,11.649078
normal,B,3,152112,1,16322557560223705822,11.606179000000001
normal,B,3,262882,350,15552938297066695674,12.232481
normal,B,3,706522,217682,12361096037655865303,13.035754
normal,B,3,832912,32198,18328276085626311192,12.742125
normal,B,3,303769,17440,16329138951931766161,12.507292999999999
normal,B,3,223701,5223,12110691255955863336,12.49259
normal,B,3,809314,2575,13833537680890479799,12.23185
normal,B,3,831243,1,17493799186480836747,11.606785
normal,B,3,831746,232210,3986705561301011554,13.456065
normal,B,3,314373,245446,17684901665160681817,13.261623
normal,B,3,810800,8735,181497579686815711,12.671981
normal,B,3,211855,2,15098965436855431700,11.843523999999999
normal,B,3,533614,65593,5177147739743711313,12.719864
normal,B,3,335471,221008,9663218791444078051,13.249272999999999
normal,B,3,566134,123319,11275262358537811118,12.926807
normal,B,3,738848,350706,12714018293197981387,13.266338
normal,B,3,359342,1,14883231301748386396,11.901136000000001
normal,B,3,965210,464,8065290031319401403,12.005968000000001
normal,B,3,928413,101193,7571004148797661265,13.189109
normal,B,3,998782,312168,5618084397353648138,13.362081
normal,B,3,248373,424,17920615215818596529,12.217032999999999
normal,B,3,113110,298393,11087762445465402799,13.441674
normal,B,3,421120,1,9920652127043963342,11.82335
normal,B,3,579626,21074,8674792675435185845,12.668953
normal,B,3,997466,171628,6463969713763470983,12.884549999999999
normal,B,3,522760,150559,3458506985099854542,13.142476
normal,B,3,134930,269,11022067387796225111,11.925415000000001
normal,B,3,786964,4537,10631416977948792920,12.554810999999999
normal,B,3,884325,349201,543682768752225887,13.388290999999999
normal,B,3,552447,174588,2772483950073372472,13.173358
normal,B,3,504571,1573,15794713272219230736,12.123603
normal,B,3,951244,5415,13484686832383344511,12.292159
normal,B,3,220807,147226,16046319097409406499,12.801649
normal,B,3,681257,1,11792367510721151297,11.785798000000002
normal,B,3,417658,18,10725949708782130545,11.707015
normal,B,3,266352,12132,13375739972415901329,12.848904000000001
normal,B,4,584510,1,7111464684906674828,11.029048000000001
normal,B,4,860467,110513,14831659072279641336,12.083411
normal,B,4,923923,1,9650181218042224611,10.78645
normal,B,4,533409,120801,1158368764979798433,12.272919
normal,B,4,220435,302764,15329822199843692600,12.336125
normal,B,4,395173,262241,16292672578093830578,12.266753000000001
normal,B,4,125555,75155,13669275240459382784,12.044403
normal,B,4,37317,482,9065587736478984682,11.151406999999999
normal,B,4,326694,2,17855805870912985590,10.981631
normal,B,4,408325,1772,2815813216534820304,11.280645
normal,B,4,928005,1001,17371819348064928502,11.089941999999999
normal,B,4,636852,324005,16982769923046401650,12.279898
normal,B,4,565201,6396,11264234127150399790,11.484357
normal,B,4,416400,5024,368749101627721021,11.499938
normal,B,4,671950,1,5927922487194769596,10.929863
normal,B,4,100598,274260,15670590569913710840,12.408402
normal,B,4,130060,136432,5969732168017826336,12.105763999999999
normal,B,4,763603,301541,147904619539737232,12.17478
normal,B,4,229656,16,5218843424058757563,11.006067999999999
normal,B,4,854752,794,12398274414676620556,10.981781999999999
normal,B,4,717147,476,17483727490360448166,11.116537000000001
normal,B,4,253796,3,3494645160661919934,11.159848
normal,B,4,594298,4,13409741501217839975,10.821966
normal,B,4,802333,146327,10595701386717585823,12.035378000000001
normal,B,4,907497,252358,11185946559242699135,12.24803
normal,B,4,970136,43571,1768546914362820738,11.981271000000001
normal,B,4,472710,1,1071764945648967332,10.549280000000001
normal,B,4,311434,1,13312524340719727440,10.944338
normal,B,4,152112,1,16322557560223705822,10.818959000000001
normal,B,4,262882,350,15552938297066695674,10.991605999999999
normal,B,4,706522,217682,12361096037655865303,11.93152
normal,B,4,832912,32198,18328276085626311192,11.875168
normal,B,4,303769,17440,16329138951931766161,11.768048
normal,B,4,223701,5223,12110691255955863336,11.256141
normal,B,4,809314,2575,13833537680890479799,11.364172
normal,B,4,831243,1,17493799186480836747,10.897515
normal,B,4,831746,232210,3986705561301011554,12.188093
normal,B,4,314373,245446,17684901665160681817,12.173181000000001
normal,B,4,810800,8735,181497579686815711,11.684027
normal,B,4,211855,2,15098965436855431700,10.719781000000001
normal,B,4,533614,65593,5177147739743711313,11.931744
normal,B,4,335471,221008,9663218791444078051,12.024301
normal,B,4,566134,123319,11275262358537811118,12.116264
normal,B,4,738848,350706,12714018293197981387,12.449518
normal,B,4,359342,1,14883231301748386396,10.947584
normal,B,4,965210,464,8065290031319401403,11.286366
normal,B,4,928413,101193,7571004148797661265,12.04195
normal,B,4,998782,312168,5618084397353648138,12.204196
normal,B,4,248373,424,17920615215818596529,11.182929
normal,B,4,113110,298393,11087762445465402799,12.247703
normal,B,4,421120,1,9920652127043963342,10.893265
normal,B,4,579626,21074,8674792675435185845,11.630856
normal,B,4,997466,171628,6463969713763470983,12.141168
normal,B,4,522760,150559,3458506985099854542,12.425795
normal,B,4,134930,269,11022067387796225111,10.86243
normal,B,4,786964,4537,10631416977948792920,11.514277
normal,B,4,884325,349201,543682768752225887,12.269363
normal,B,4,552447,174588,2772483950073372472,12.241496999999999
normal,B,4,504571,1573,15794713272219230736,11.289762000000001
normal,B,4,951244,5415,13484686832383344511,11.460909
normal,B,4,220807,147226,16046319097409406499,12.007596
normal,B,4,681257,1,11792367510721151297,10.900917999999999
normal,B,4,417658,18,10725949708782130545,10.715215
normal,B,4,266352,12132,13375739972415901329,11.48244
normal,B,5,584510,1,7111464684906674828,11.95898
normal,B,5,860467,110513,14831659072279641336,12.897577
normal,B,5,923923,1,9650181218042224611,11.908563000000001
normal,B,5,533409,120801,1158368764979798433,12.891658
normal,B,5,220435,302764,15329822199843692600,13.051677999999999
normal,B,5,395173,262241,16292672578093830578,13.089662
normal,B,5,125555,75155,13669275240459382784,12.888903
normal,B,5,37317,482,9065587736478984682,11.916838
normal,B,5,326694,2,17855805870912985590,11.937263999999999
normal,B,5,408325,1772,2815813216534820304,12.428912
normal,B,5,928005,1001,17371819348064928502,12.343531
normal,B,5,636852,324005,16982769923046401650,13.089678
normal,B,5,565201,6396,11264234127150399790,12.303699
normal,B,5,416400,5024,368749101627721021,12.551952
normal,B,5,671950,1,5927922487194769596,11.938433000000002
normal,B,5,100598,274260,15670590569913710840,13.327315
normal,B,5,130060,136432,5969732168017826336,13.109856
normal,B,5,763603,301541,147904619539737232,13.369292
normal,B,5,229656,16,5218843424058757563,11.829869
normal,B,5,854752,794,12398274414676620556,12.123446
normal,B,5,717147,476,17483727490360448166,12.054946
normal,B,5,253796,3,3494645160661919934,11.892045
normal,B,5,594298,4,13409741501217839975,12.000185
normal,B,5,802333,146327,10595701386717585823,13.052828
normal,B,5,907497,252358,11185946559242699135,13.287177
normal,B,5,970136,43571,1768546914362820738,12.940724
normal,B,5,472710,1,1071764945648967332,11.689509
normal,B,5,311434,1,13312524340719727440,11.837321
normal,B,5,152112,1,16322557560223705822,11.727109
normal,B,5,262882,350,15552938297066695674,12.205634
normal,B,5,706522,217682,12361096037655865303,13.259079
normal,B,5,832912,32198,18328276085626311192,12.965141
normal,B,5,303769,17440,16329138951931766161,13.074034
normal,B,5,223701,5223,12110691255955863336,12.350620000000001
normal,B,5,809314,2575,13833537680890479799,12.332654
normal,B,5,831243,1,17493799186480836747,12.051275
normal,B,5,831746,232210,3986705561301011554,13.240874
normal,B,5,314373,245446,17684901665160681817,13.358827999999999
normal,B,5,810800,8735,181497579686815711,12.609926999999999
normal,B,5,211855,2,15098965436855431700,11.824732
normal,B,5,533614,65593,5177147739743711313,13.008343
normal,B,5,335471,221008,9663218791444078051,13.321496
normal,B,5,566134,123319,11275262358537811118,13.097893000000001
normal,B,5,738848,350706,12714018293197981387,13.363333
normal,B,5,359342,1,14883231301748386396,12.037923000000001
normal,B,5,965210,464,8065290031319401403,12.073844999999999
normal,B,5,928413,101193,7571004148797661265,13.084918
normal,B,5,998782,312168,5618084397353648138,13.265407
normal,B,5,248373,424,17920615215818596529,12.024581
normal,B,5,113110,298393,11087762445465402799,13.395521
normal,B,5,421120,1,9920652127043963342,11.933149
normal,B,5,579626,21074,8674792675435185845,12.727196
normal,B,5,997466,171628,6463969713763470983,13.075116
normal,B,5,522760,150559,3458506985099854542,13.347642
normal,B,5,134930,269,11022067387796225111,11.935091
normal,B,5,786964,4537,10631416977948792920,12.221474
normal,B,5,884325,349201,543682768752225887,13.127296
normal,B,5,552447,174588,2772483950073372472,12.826956000000001
normal,B,5,504571,1573,15794713272219230736,12.038359
normal,B,5,951244,5415,13484686832383344511,12.341772
normal,B,5,220807,147226,16046319097409406499,13.050589
normal,B,5,681257,1,11792367510721151297,11.947476
normal,B,5,417658,18,10725949708782130545,11.783993
normal,B,5,266352,12132,13375739972415901329,12.625472
normal,B,6,584510,1,7111464684906674828,11.667674000000002
normal,B,6,860467,110513,14831659072279641336,13.002104
normal,B,6,923923,1,9650181218042224611,11.583748
normal,B,6,533409,120801,1158368764979798433,12.855788
normal,B,6,220435,302764,15329822199843692600,13.372531
normal,B,6,395173,262241,16292672578093830578,13.236333
normal,B,6,125555,75155,13669275240459382784,12.797537
normal,B,6,37317,482,9065587736478984682,11.909661
normal,B,6,326694,2,17855805870912985590,11.875077
normal,B,6,408325,1772,2815813216534820304,12.176959
normal,B,6,928005,1001,17371819348064928502,11.97185
normal,B,6,636852,324005,16982769923046401650,12.893400999999999
normal,B,6,565201,6396,11264234127150399790,12.450792
normal,B,6,416400,5024,368749101627721021,12.427039
normal,B,6,671950,1,5927922487194769596,11.767415999999999
normal,B,6,100598,274260,15670590569913710840,12.979056
normal,B,6,130060,136432,5969732168017826336,12.982216000000001
normal,B,6,763603,301541,147904619539737232,13.206457
normal,B,6,229656,16,5218843424058757563,11.698274
normal,B,6,854752,794,12398274414676620556,11.957975000000001
normal,B,6,717147,476,17483727490360448166,12.074522
normal,B,6,253796,3,3494645160661919934,11.99933
normal,B,6,594298,4,13409741501217839975,11.847107
normal,B,6,802333,146327,10595701386717585823,12.945874
normal,B,6,907497,252358,11185946559242699135,13.009082000000001
normal,B,6,970136,43571,1768546914362820738,12.781138
normal,B,6,472710,1,1071764945648967332,11.750318
normal,B,6,311434,1,13312524340719727440,11.811622
normal,B,6,152112,1,16322557560223705822,11.775872
normal,B,6,262882,350,15552938297066695674,11.880172
normal,B,6,706522,217682,12361096037655865303,12.971628
normal,B,6,832912,32198,18328276085626311192,12.569044
normal,B,6,303769,17440,16329138951931766161,12.598450000000001
normal,B,6,223701,5223,12110691255955863336,12.326775
normal,B,6,809314,2575,13833537680890479799,12.522461
normal,B,6,831243,1,17493799186480836747,11.665815
normal,B,6,831746,232210,3986705561301011554,13.212547
normal,B,6,314373,245446,17684901665160681817,13.215478
normal,B,6,810800,8735,181497579686815711,12.637139
normal,B,6,211855,2,15098965436855431700,11.780338
normal,B,6,533614,65593,5177147739743711313,12.827981
normal,B,6,335471,221008,9663218791444078051,13.278108
normal,B,6,566134,123319,11275262358537811118,13.012886
normal,B,6,738848,350706,12714018293197981387,13.329486999999999
normal,B,6,359342,1,14883231301748386396,11.690299000000001
normal,B,6,965210,464,8065290031319401403,11.842152
normal,B,6,928413,101193,7571004148797661265,13.093568999999999
normal,B,6,998782,312168,5618084397353648138,13.076525
normal,B,6,248373,424,17920615215818596529,12.221326999999999
normal,B,6,113110,298393,11087762445465402799,12.851875
normal,B,6,421120,1,9920652127043963342,11.755308000000001
normal,B,6,579626,21074,8674792675435185845,12.294096999999999
normal,B,6,997466,171628,6463969713763470983,12.857024
normal,B,6,522760,150559,3458506985099854542,13.016494
normal,B,6,134930,269,11022067387796225111,11.892165
normal,B,6,786964,4537,10631416977948792920,12.484086999999999
normal,B,6,884325,349201,543682768752225887,13.434968999999999
normal,B,6,552447,174588,2772483950073372472,13.130289000000001
normal,B,6,504571,1573,15794713272219230736,12.018992
normal,B,6,951244,5415,13484686832383344511,11.997577999999999
normal,B,6,220807,147226,16046319097409406499,12.990844
normal,B,6,681257,1,11792367510721151297,11.768837
normal,B,6,417658,18,10725949708782130545,11.866813
normal,B,6,266352,12132,13375739972415901329,12.413513
normal,L,1,584510,1,7111464684906674828,9.804287
normal,L,1,860467,110513,14831659072279641336,11.018955
normal,L,1,923923,1,9650181218042224611,9.805464
normal,L,1,533409,120801,1158368764979798433,11.005439
normal,L,1,220435,302764,15329822199843692600,11.14703
normal,L,1,395173,262241,16292672578093830578,11.128461999999999
normal,L,1,125555,75155,13669275240459382784,10.750157
normal,L,1,37317,482,9065587736478984682,10.005184
normal,L,1,326694,2,17855805870912985590,9.793672
normal,L,1,408325,1772,2815813216534820304,10.178237
normal,L,1,928005,1001,17371819348064928502,10.161137
normal,L,1,636852,324005,16982769923046401650,11.180045
normal,L,1,565201,6396,11264234127150399790,10.310953999999999
normal,L,1,416400,5024,368749101627721021,10.446054
normal,L,1,671950,1,5927922487194769596,9.777499
normal,L,1,100598,274260,15670590569913710840,11.111879
normal,L,1,130060,136432,5969732168017826336,10.903705
normal,L,1,763603,301541,147904619539737232,11.21733
normal,L,1,229656,16,5218843424058757563,9.78374
normal,L,1,854752,794,12398274414676620556,10.024436
normal,L,1,717147,476,17483727490360448166,9.984789000000001
normal,L,1,253796,3,3494645160661919934,9.784138
normal,L,1,594298,4,13409741501217839975,9.812818
normal,L,1,802333,146327,10595701386717585823,10.888482
normal,L,1,907497,252358,11185946559242699135,11.108518
normal,L,1,970136,43571,1768546914362820738,10.745651
normal,L,1,472710,1,1071764945648967332,9.773109
normal,L,1,311434,1,13312524340719727440,9.773382999999999
normal,L,1,152112,1,16322557560223705822,9.760146
normal,L,1,262882,350,15552938297066695674,9.904433999999998
normal,L,1,706522,217682,12361096037655865303,11.030381
normal,L,1,832912,32198,18328276085626311192,10.721352999999999
normal,L,1,303769,17440,16329138951931766161,10.595955
normal,L,1,223701,5223,12110691255955863336,10.200036
normal,L,1,809314,2575,13833537680890479799,10.335783
normal,L,1,831243,1,17493799186480836747,9.784491
normal,L,1,831746,232210,3986705561301011554,11.116429
normal,L,1,314373,245446,17684901665160681817,11.104758
normal,L,1,810800,8735,181497579686815711,10.450033
normal,L,1,211855,2,15098965436855431700,9.765111000000001
normal,L,1,533614,65593,5177147739743711313,10.77592
normal,L,1,335471,221008,9663218791444078051,11.172582
normal,L,1,566134,123319,11275262358537811118,10.914395
normal,L,1,738848,350706,12714018293197981387,11.208339
normal,L,1,359342,1,14883231301748386396,9.755955
normal,L,1,965210,464,8065290031319401403,9.95093
normal,L,1,928413,101193,7571004148797661265,11.034103
normal,L,1,998782,312168,5618084397353648138,11.142888000000001
normal,L,1,248373,424,17920615215818596529,9.969519
normal,L,1,113110,298393,11087762445465402799,11.145612
normal,L,1,421120,1,9920652127043963342,9.748781999999999
normal,L,1,579626,21074,8674792675435185845,10.528108
normal,L,1,997466,171628,6463969713763470983,10.879189
normal,L,1,522760,150559,3458506985099854542,11.033056
normal,L,1,134930,269,11022067387796225111,9.827183999999999
normal,L,1,786964,4537,10631416977948792920,10.412730999999999
normal,L,1,884325,349201,543682768752225887,11.202636
normal,L,1,552447,174588,2772483950073372472,11.015433999999999
normal,L,1,504571,1573,15794713272219230736,10.064214
normal,L,1,951244,5415,13484686832383344511,10.258299000000001
normal,L,1,220807,147226,16046319097409406499,10.820089
normal,L,1,681257,1,11792367510721151297,9.769667
normal,L,1,417658,18,10725949708782130545,9.763245999999999
normal,L,1,266352,12132,13375739972415901329,10.594166
normal,L,2,584510,1,7111464684906674828,9.82509
normal,L,2,860467,110513,14831659072279641336,11.013179000000001
normal,L,2,923923,1,9650181218042224611,9.817026
normal,L,2,533409,120801,1158368764979798433,11.012270000000001
normal,L,2,220435,302764,15329822199843692600,11.175938
normal,L,2,395173,262241,16292672578093830578,11.159203999999999
normal,L,2,125555,75155,13669275240459382784,10.782707
normal,L,2,37317,482,9065587736478984682,10.046517
normal,L,2,326694,2,17855805870912985590,9.819473
normal,L,2,408325,1772,2815813216534820304,10.240221
normal,L,2,928005,1001,17371819348064928502,10.178533999999999
normal,L,2,636852,324005,16982769923046401650,11.204953999999999
normal,L,2,565201,6396,11264234127150399790,10.351186
normal,L,2,416400,5024,368749101627721021,10.463451
normal,L,2,671950,1,5927922487194769596,9.819567999999999
normal,L,2,100598,274260,15670590569913710840,11.135919
normal,L,2,130060,136432,5969732168017826336,10.916061
normal,L,2,763603,301541,147904619539737232,11.231606
normal,L,2,229656,16,5218843424058757563,9.84354
normal,L,2,854752,794,12398274414676620556,10.059529000000001
normal,L,2,717147,476,17483727490360448166,10.01952
normal,L,2,253796,3,3494645160661919934,9.822389999999999
normal,L,2,594298,4,13409741501217839975,9.809702999999999
normal,L,2,802333,146327,10595701386717585823,10.938908
normal,L,2,907497,252358,11185946559242699135,11.110329
normal,L,2,970136,43571,1768546914362820738,10.785675
normal,L,2,472710,1,1071764945648967332,9.823362999999999
normal,L,2,311434,1,13312524340719727440,9.839468
normal,L,2,152112,1,16322557560223705822,9.809665
normal,L,2,262882,350,15552938297066695674,9.936727999999999
normal,L,2,706522,217682,12361096037655865303,11.036819
normal,L,2,832912,32198,18328276085626311192,10.776425
normal,L,2,303769,17440,16329138951931766161,10.647005
normal,L,2,223701,5223,12110691255955863336,10.270824000000001
normal,L,2,809314,2575,13833537680890479799,10.392659
normal,L,2,831243,1,17493799186480836747,9.803352
normal,L,2,831746,232210,3986705561301011554,11.187144
normal,L,2,314373,245446,17684901665160681817,11.146071
normal,L,2,810800,8735,181497579686815711,10.504927
normal,L,2,211855,2,15098965436855431700,9.797662
normal,L,2,533614,65593,5177147739743711313,10.832113
normal,L,2,335471,221008,9663218791444078051,11.216714
normal,L,2,566134,123319,11275262358537811118,10.960612
normal,L,2,738848,350706,12714018293197981387,11.264944999999999
normal,L,2,359342,1,14883231301748386396,9.803051
normal,L,2,965210,464,8065290031319401403,10.014142
normal,L,2,928413,101193,7571004148797661265,11.069901
normal,L,2,998782,312168,5618084397353648138,11.205116
normal,L,2,248373,424,17920615215818596529,10.015083
normal,L,2,113110,298393,11087762445465402799,11.198478999999999
normal,L,2,421120,1,9920652127043963342,9.804272999999998
normal,L,2,579626,21074,8674792675435185845,10.563491
normal,L,2,997466,171628,6463969713763470983,10.935759000000001
normal,L,2,522760,150559,3458506985099854542,11.076539
normal,L,2,134930,269,11022067387796225111,9.881359
normal,L,2,786964,4537,10631416977948792920,10.475149
normal,L,2,884325,349201,543682768752225887,11.24277
normal,L,2,552447,174588,2772483950073372472,11.054235
normal,L,2,504571,1573,15794713272219230736,10.100168
normal,L,2,951244,5415,13484686832383344511,10.302422
normal,L,2,220807,147226,16046319097409406499,10.874718999999999
normal,L,2,681257,1,11792367510721151297,9.79608
normal,L,2,417658,18,10725949708782130545,9.82106
normal,L,2,266352,12132,13375739972415901329,10.64092
normal,L,3,584510,1,7111464684906674828,9.80528
normal,L,3,860467,110513,14831659072279641336,11.031142
normal,L,3,923923,1,9650181218042224611,9.79984
normal,L,3,533409,120801,1158368764979798433,11.023290000000001
normal,L,3,220435,302764,15329822199843692600,11.185540000000001
normal,L,3,395173,262241,16292672578093830578,11.166943
normal,L,3,125555,75155,13669275240459382784,10.906652
normal,L,3,37317,482,9065587736478984682,10.04426
normal,L,3,326694,2,17855805870912985590,9.824337
normal,L,3,408325,1772,2815813216534820304,10.232179
normal,L,3,928005,1001,17371819348064928502,10.190343
normal,L,3,636852,324005,16982769923046401650,11.201514999999999
normal,L,3,565201,6396,11264234127150399790,10.352808000000001
normal,L,3,416400,5024,368749101627721021,10.461647000000001
normal,L,3,671950,1,5927922487194769596,9.823559
normal,L,3,100598,274260,15670590569913710840,11.132646000000001
normal,L,3,130060,136432,5969732168017826336,10.939144
normal,L,3,763603,301541,147904619539737232,11.239054
normal,L,3,229656,16,5218843424058757563,9.822937
normal,L,3,854752,794,12398274414676620556,10.053270000000001
normal,L,3,717147,476,17483727490360448166,10.021691
normal,L,3,253796,3,3494645160661919934,9.822977000000002
normal,L,3,594298,4,13409741501217839975,9.814765999999999
normal,L,3,802333,146327,10595701386717585823,10.946566
normal,L,3,907497,252358,11185946559242699135,11.131895
normal,L,3,970136,43571,1768546914362820738,10.793626
normal,L,3,472710,1,1071764945648967332,9.806849
normal,L,3,311434,1,13312524340719727440,9.829621
normal,L,3,152112,1,16322557560223705822,9.804771
normal,L,3,262882,350,15552938297066695674,9.937652
normal,L,3,706522,217682,12361096037655865303,11.054988999999999
normal,L,3,832912,32198,18328276085626311192,10.756882
normal,L,3,303769,17440,16329138951931766161,10.624359
normal,L,3,223701,5223,12110691255955863336,10.261631
normal,L,3,809314,2575,13833537680890479799,10.392357
normal,L,3,831243,1,17493799186480836747,9.807395
normal,L,3,831746,232210,3986705561301011554,11.174117
normal,L,3,314373,245446,17684901665160681817,11.152434999999999
normal,L,3,810800,8735,181497579686815711,10.506966
normal,L,3,211855,2,15098965436855431700,9.822109000000001
normal,L,3,533614,65593,5177147739743711313,10.815192
normal,L,3,335471,221008,9663218791444078051,11.212813
normal,L,3,566134,123319,11275262358537811118,10.959645
normal,L,3,738848,350706,12714018293197981387,11.250326999999999
normal,L,3,359342,1,14883231301748386396,9.804649
normal,L,3,965210,464,8065290031319401403,10.019497
normal,L,3,928413,101193,7571004148797661265,11.075775
normal,L,3,998782,312168,5618084397353648138,11.213631
normal,L,3,248373,424,17920615215818596529,10.010548
normal,L,3,113110,298393,11087762445465402799,11.208437
normal,L,3,421120,1,9920652127043963342,9.806835
normal,L,3,579626,21074,8674792675435185845,10.541032
normal,L,3,997466,171628,6463969713763470983,10.943154
normal,L,3,522760,150559,3458506985099854542,11.059436999999999
normal,L,3,134930,269,11022067387796225111,9.895779000000001
normal,L,3,786964,4537,10631416977948792920,10.463739
normal,L,3,884325,349201,543682768752225887,11.252334000000001
normal,L,3,552447,174588,2772483950073372472,11.064314
normal,L,3,504571,1573,15794713272219230736,10.10764
normal,L,3,951244,5415,13484686832383344511,10.310276
normal,L,3,220807,147226,16046319097409406499,10.854389
normal,L,3,681257,1,11792367510721151297,9.800261
normal,L,3,417658,18,10725949708782130545,9.817012
normal,L,3,266352,12132,13375739972415901329,10.649908
normal,L,4,584510,1,7111464684906674828,9.81739
normal,L,4,860467,110513,14831659072279641336,11.04957
normal,L,4,923923,1,9650181218042224611,9.83523
normal,L,4,533409,120801,1158368764979798433,11.034471
normal,L,4,220435,302764,15329822199843692600,11.177914000000001
normal,L,4,395173,262241,16292672578093830578,11.142411
normal,L,4,125555,75155,13669275240459382784,10.785212
normal,L,4,37317,482,9065587736478984682,10.041948
normal,L,4,326694,2,17855805870912985590,9.81531
normal,L,4,408325,1772,2815813216534820304,10.230469999999999
normal,L,4,928005,1001,17371819348064928502,10.207101
normal,L,4,636852,324005,16982769923046401650,11.210773999999999
normal,L,4,565201,6396,11264234127150399790,10.372683
normal,L,4,416400,5024,368749101627721021,10.486911
normal,L,4,671950,1,5927922487194769596,9.808179
normal,L,4,100598,274260,15670590569913710840,11.150296
normal,L,4,130060,136432,5969732168017826336,10.924315
normal,L,4,763603,301541,147904619539737232,11.242299999999998
normal,L,4,229656,16,5218843424058757563,9.832103
normal,L,4,854752,794,12398274414676620556,10.082675
normal,L,4,717147,476,17483727490360448166,10.020444
normal,L,4,253796,3,3494645160661919934,9.812799
normal,L,4,594298,4,13409741501217839975,9.839761000000001
normal,L,4,802333,146327,10595701386717585823,10.945634
normal,L,4,907497,252358,11185946559242699135,11.127958000000001
normal,L,4,970136,43571,1768546914362820738,10.798472
normal,L,4,472710,1,1071764945648967332,9.825824
normal,L,4,311434,1,13312524340719727440,9.828764
normal,L,4,152112,1,16322557560223705822,9.819438
normal,L,4,262882,350,15552938297066695674,9.961032
normal,L,4,706522,217682,12361096037655865303,11.062897999999999
normal,L,4,832912,32198,18328276085626311192,10.748185
normal,L,4,303769,17440,16329138951931766161,10.63931
normal,L,4,223701,5223,12110691255955863336,10.288
normal,L,4,809314,2575,13833537680890479799,10.385095
normal,L,4,831243,1,17493799186480836747,9.805656
normal,L,4,831746,232210,3986705561301011554,11.173559
normal,L,4,314373,245446,17684901665160681817,11.150454
normal,L,4,810800,8735,181497579686815711,10.50544
normal,L,4,211855,2,15098965436855431700,9.807294
normal,L,4,533614,65593,5177147739743711313,10.822849
normal,L,4,335471,221008,9663218791444078051,11.224399
normal,L,4,566134,123319,11275262358537811118,10.966544
normal,L,4,738848,350706,12714018293197981387,11.256373
normal,L,4,359342,1,14883231301748386396,9.803308999999999
normal,L,4,965210,464,8065290031319401403,10.021868
normal,L,4,928413,101193,7571004148797661265,11.07898
normal,L,4,998782,312168,5618084397353648138,11.194049000000001
normal,L,4,248373,424,17920615215818596529,10.008023999999999
normal,L,4,113110,298393,11087762445465402799,11.200529000000001
normal,L,4,421120,1,9920652127043963342,9.809372999999999
normal,L,4,579626,21074,8674792675435185845,10.554589
normal,L,4,997466,171628,6463969713763470983,10.914295
normal,L,4,522760,150559,3458506985099854542,11.053002000000001
normal,L,4,134930,269,11022067387796225111,9.873655000000001
normal,L,4,786964,4537,10631416977948792920,10.471825999999998
normal,L,4,884325,349201,543682768752225887,11.260963
normal,L,4,552447,174588,2772483950073372472,11.05667
normal,L,4,504571,1573,15794713272219230736,10.09321
normal,L,4,951244,5415,13484686832383344511,10.310364
normal,L,4,220807,147226,16046319097409406499,10.853111
normal,L,4,681257,1,11792367510721151297,9.801927
normal,L,4,417658,18,10725949708782130545,9.81053
normal,L,4,266352,12132,13375739972415901329,10.632076999999999
normal,L,5,584510,1,7111464684906674828,9.822773
normal,L,5,860467,110513,14831659072279641336,11.019530000000001
normal,L,5,923923,1,9650181218042224611,9.83949
normal,L,5,533409,120801,1158368764979798433,11.122475
normal,L,5,220435,302764,15329822199843692600,11.158076999999999
normal,L,5,395173,262241,16292672578093830578,11.161554
normal,L,5,125555,75155,13669275240459382784,10.769516
normal,L,5,37317,482,9065587736478984682,10.03596
normal,L,5,326694,2,17855805870912985590,9.812905
normal,L,5,408325,1772,2815813216534820304,10.225056
normal,L,5,928005,1001,17371819348064928502,10.242685999999999
normal,L,5,636852,324005,16982769923046401650,11.218606
normal,L,5,565201,6396,11264234127150399790,10.348275
normal,L,5,416400,5024,368749101627721021,10.474568999999999
normal,L,5,671950,1,5927922487194769596,9.810243
normal,L,5,100598,274260,15670590569913710840,11.128620999999999
normal,L,5,130060,136432,5969732168017826336,10.924838
normal,L,5,763603,301541,147904619539737232,11.218563
normal,L,5,229656,16,5218843424058757563,9.809813
normal,L,5,854752,794,12398274414676620556,10.048883
normal,L,5,717147,476,17483727490360448166,9.990349
normal,L,5,253796,3,3494645160661919934,9.796325000000001
normal,L,5,594298,4,13409741501217839975,9.793848
normal,L,5,802333,146327,10595701386717585823,10.92679
normal,L,5,907497,252358,11185946559242699135,11.128252
normal,L,5,970136,43571,1768546914362820738,10.773638
normal,L,5,472710,1,1071764945648967332,9.799834
normal,L,5,311434,1,13312524340719727440,9.797276
normal,L,5,152112,1,16322557560223705822,9.798269
normal,L,5,262882,350,15552938297066695674,9.923523999999999
normal,L,5,706522,217682,12361096037655865303,11.043479
normal,L,5,832912,32198,18328276085626311192,10.749866
normal,L,5,303769,17440,16329138951931766161,10.627613
normal,L,5,223701,5223,12110691255955863336,10.252956
normal,L,5,809314,2575,13833537680890479799,10.37065
normal,L,5,831243,1,17493799186480836747,9.799850000000001
normal,L,5,831746,232210,3986705561301011554,11.165763
normal,L,5,314373,245446,17684901665160681817,11.143011
normal,L,5,810800,8735,181497579686815711,10.499493000000001
normal,L,5,211855,2,15098965436855431700,9.81957
normal,L,5,533614,65593,5177147739743711313,10.828036
normal,L,5,335471,221008,9663218791444078051,11.221474
normal,L,5,566134,123319,11275262358537811118,10.948967
normal,L,5,738848,350706,12714018293197981387,11.221881
normal,L,5,359342,1,14883231301748386396,9.802380999999999
normal,L,5,965210,464,8065290031319401403,9.986801999999999
normal,L,5,928413,101193,7571004148797661265,11.053304
normal,L,5,998782,312168,5618084397353648138,11.176903
normal,L,5,248373,424,17920615215818596529,9.975965
normal,L,5,113110,298393,11087762445465402799,11.162481
normal,L,5,421120,1,9920652127043963342,9.78496
normal,L,5,579626,21074,8674792675435185845,10.531085
normal,L,5,997466,171628,6463969713763470983,10.891274
normal,L,5,522760,150559,3458506985099854542,11.038069
normal,L,5,134930,269,11022067387796225111,9.851537
normal,L,5,786964,4537,10631416977948792920,10.447159
normal,L,5,884325,349201,543682768752225887,11.233274
normal,L,5,552447,174588,2772483950073372472,11.066711999999999
normal,L,5,504571,1573,15794713272219230736,10.077069999999999
normal,L,5,951244,5415,13484686832383344511,10.261451
normal,L,5,220807,147226,16046319097409406499,10.838633
normal,L,5,681257,1,11792367510721151297,9.767133
normal,L,5,417658,18,10725949708782130545,9.782791999999999
normal,L,5,266352,12132,13375739972415901329,10.606617
normal,L,6,584510,1,7111464684906674828,9.803084
normal,L,6,860467,110513,14831659072279641336,10.997596
normal,L,6,923923,1,9650181218042224611,9.801626
normal,L,6,533409,120801,1158368764979798433,11.003869
normal,L,6,220435,302764,15329822199843692600,11.159235
normal,L,6,395173,262241,16292672578093830578,11.144684
normal,L,6,125555,75155,13669275240459382784,10.767198
normal,L,6,37317,482,9065587736478984682,10.017521
normal,L,6,326694,2,17855805870912985590,9.798426
normal,L,6,408325,1772,2815813216534820304,10.196323
normal,L,6,928005,1001,17371819348064928502,10.182714
normal,L,6,636852,324005,16982769923046401650,11.170718
normal,L,6,565201,6396,11264234127150399790,10.320025
normal,L,6,416400,5024,368749101627721021,10.498983
normal,L,6,671950,1,5927922487194769596,9.888586
normal,L,6,100598,274260,15670590569913710840,11.127538000000001
normal,L,6,130060,136432,5969732168017826336,10.915177
normal,L,6,763603,301541,147904619539737232,11.223972999999999
normal,L,6,229656,16,5218843424058757563,9.783208
normal,L,6,854752,794,12398274414676620556,10.038323
normal,L,6,717147,476,17483727490360448166,10.00243
normal,L,6,253796,3,3494645160661919934,9.840853
normal,L,6,594298,4,13409741501217839975,9.793713
normal,L,6,802333,146327,10595701386717585823,10.916889
normal,L,6,907497,252358,11185946559242699135,11.121604
normal,L,6,970136,43571,1768546914362820738,10.783691999999999
normal,L,6,472710,1,1071764945648967332,9.788232
normal,L,6,311434,1,13312524340719727440,9.786948
normal,L,6,152112,1,16322557560223705822,9.789611
normal,L,6,262882,350,15552938297066695674,9.921051
normal,L,6,706522,217682,12361096037655865303,11.014211
normal,L,6,832912,32198,18328276085626311192,10.733971
normal,L,6,303769,17440,16329138951931766161,10.609907
normal,L,6,223701,5223,12110691255955863336,10.232042
normal,L,6,809314,2575,13833537680890479799,10.366191
normal,L,6,831243,1,17493799186480836747,9.792982
normal,L,6,831746,232210,3986705561301011554,11.151496
normal,L,6,314373,245446,17684901665160681817,11.118096
normal,L,6,810800,8735,181497579686815711,10.488455
normal,L,6,211855,2,15098965436855431700,9.781848
normal,L,6,533614,65593,5177147739743711313,10.796026
normal,L,6,335471,221008,9663218791444078051,11.202378000000001
normal,L,6,566134,123319,11275262358537811118,10.941575
normal,L,6,738848,350706,12714018293197981387,11.23397
normal,L,6,359342,1,14883231301748386396,9.768001
normal,L,6,965210,464,8065290031319401403,9.990778
normal,L,6,928413,101193,7571004148797661265,11.059333
normal,L,6,998782,312168,5618084397353648138,11.174946
normal,L,6,248373,424,17920615215818596529,10.017991
normal,L,6,113110,298393,11087762445465402799,11.181854
normal,L,6,421120,1,9920652127043963342,9.78025
normal,L,6,579626,21074,8674792675435185845,10.50604
normal,L,6,997466,171628,6463969713763470983,10.918576
normal,L,6,522760,150559,3458506985099854542,11.048298
normal,L,6,134930,269,11022067387796225111,9.870068
normal,L,6,786964,4537,10631416977948792920,10.631022000000002
normal,L,6,884325,349201,543682768752225887,11.264346
normal,L,6,552447,174588,2772483950073372472,11.063181
normal,L,6,504571,1573,15794713272219230736,10.059731
normal,L,6,951244,5415,13484686832383344511,10.250772000000001
normal,L,6,220807,147226,16046319097409406499,10.817003000000001
normal,L,6,681257,1,11792367510721151297,9.766937
normal,L,6,417658,18,10725949708782130545,9.786849
normal,L,6,266352,12132,13375739972415901329,10.605162
normal,E64,1,584510,1,7111464684906674828,11.050687
normal,E64,1,860467,110513,14831659072279641336,17.647417
normal,E64,1,923923,1,9650181218042224611,6.472595
normal,E64,1,533409,120801,1158368764979798433,17.327723000000002
normal,E64,1,220435,302764,15329822199843692600,18.967586
normal,E64,1,395173,262241,16292672578093830578,18.577767
normal,E64,1,125555,75155,13669275240459382784,17.220126
normal,E64,1,37317,482,9065587736478984682,12.23325
normal,E64,1,326694,2,17855805870912985590,16.260522
normal,E64,1,408325,1772,2815813216534820304,13.458872999999999
normal,E64,1,928005,1001,17371819348064928502,13.031144
normal,E64,1,636852,324005,16982769923046401650,20.601784
normal,E64,1,565201,6396,11264234127150399790,16.017056
normal,E64,1,416400,5024,368749101627721021,14.899481
normal,E64,1,671950,1,5927922487194769596,10.100040000000002
normal,E64,1,100598,274260,15670590569913710840,17.679343
normal,E64,1,130060,136432,5969732168017826336,18.650143
normal,E64,1,763603,301541,147904619539737232,19.797679
normal,E64,1,229656,16,5218843424058757563,11.614606
normal,E64,1,854752,794,12398274414676620556,16.063406999999998
normal,E64,1,717147,476,17483727490360448166,16.249094
normal,E64,1,253796,3,3494645160661919934,7.475621
normal,E64,1,594298,4,13409741501217839975,6.356298
normal,E64,1,802333,146327,10595701386717585823,18.309861
normal,E64,1,907497,252358,11185946559242699135,19.114588
normal,E64,1,970136,43571,1768546914362820738,15.598468
normal,E64,1,472710,1,1071764945648967332,8.183874
normal,E64,1,311434,1,13312524340719727440,15.722901
normal,E64,1,152112,1,16322557560223705822,14.035259
normal,E64,1,262882,350,15552938297066695674,15.705898999999999
normal,E64,1,706522,217682,12361096037655865303,16.247916
normal,E64,1,832912,32198,18328276085626311192,16.094692
normal,E64,1,303769,17440,16329138951931766161,16.064325999999998
normal,E64,1,223701,5223,12110691255955863336,16.491026
normal,E64,1,809314,2575,13833537680890479799,14.105452
normal,E64,1,831243,1,17493799186480836747,6.811161
normal,E64,1,831746,232210,3986705561301011554,19.370544000000002
normal,E64,1,314373,245446,17684901665160681817,17.966073
normal,E64,1,810800,8735,181497579686815711,16.667411
normal,E64,1,211855,2,15098965436855431700,12.443583
normal,E64,1,533614,65593,5177147739743711313,17.436053
normal,E64,1,335471,221008,9663218791444078051,19.486383
normal,E64,1,566134,123319,11275262358537811118,18.190265
normal,E64,1,738848,350706,12714018293197981387,20.327180000000002
normal,E64,1,359342,1,14883231301748386396,11.871539
normal,E64,1,965210,464,8065290031319401403,14.605947
normal,E64,1,928413,101193,7571004148797661265,16.916593000000002
normal,E64,1,998782,312168,5618084397353648138,19.718909
normal,E64,1,248373,424,17920615215818596529,10.271785
normal,E64,1,113110,298393,11087762445465402799,18.738485
normal,E64,1,421120,1,9920652127043963342,12.392875
normal,E64,1,579626,21074,8674792675435185845,15.482014999999999
normal,E64,1,997466,171628,6463969713763470983,15.70303
normal,E64,1,522760,150559,3458506985099854542,18.033939999999998
normal,E64,1,134930,269,11022067387796225111,13.170561
normal,E64,1,786964,4537,10631416977948792920,15.734116
normal,E64,1,884325,349201,543682768752225887,19.490869
normal,E64,1,552447,174588,2772483950073372472,18.226172
normal,E64,1,504571,1573,15794713272219230736,10.531049999999999
normal,E64,1,951244,5415,13484686832383344511,17.067806
normal,E64,1,220807,147226,16046319097409406499,19.763581
normal,E64,1,681257,1,11792367510721151297,11.589109
normal,E64,1,417658,18,10725949708782130545,8.647538
normal,E64,1,266352,12132,13375739972415901329,15.610995999999998
normal,E64,2,584510,1,7111464684906674828,10.904298
normal,E64,2,860467,110513,14831659072279641336,17.712879
normal,E64,2,923923,1,9650181218042224611,6.4943599999999995
normal,E64,2,533409,120801,1158368764979798433,17.398619
normal,E64,2,220435,302764,15329822199843692600,18.899408
normal,E64,2,395173,262241,16292672578093830578,18.648638
normal,E64,2,125555,75155,13669275240459382784,17.325988000000002
normal,E64,2,37317,482,9065587736478984682,12.230608
normal,E64,2,326694,2,17855805870912985590,16.184044
normal,E64,2,408325,1772,2815813216534820304,13.596744000000001
normal,E64,2,928005,1001,17371819348064928502,13.092023999999999
normal,E64,2,636852,324005,16982769923046401650,20.597629
normal,E64,2,565201,6396,11264234127150399790,15.989032
normal,E64,2,416400,5024,368749101627721021,14.830073
normal,E64,2,671950,1,5927922487194769596,10.058289
normal,E64,2,100598,274260,15670590569913710840,17.528247
normal,E64,2,130060,136432,5969732168017826336,18.589492
normal,E64,2,763603,301541,147904619539737232,19.897611
normal,E64,2,229656,16,5218843424058757563,11.4062
normal,E64,2,854752,794,12398274414676620556,16.079748
normal,E64,2,717147,476,17483727490360448166,16.361855
normal,E64,2,253796,3,3494645160661919934,7.502224
normal,E64,2,594298,4,13409741501217839975,6.310876
normal,E64,2,802333,146327,10595701386717585823,18.26572
normal,E64,2,907497,252358,11185946559242699135,19.202544999999997
normal,E64,2,970136,43571,1768546914362820738,15.670234
normal,E64,2,472710,1,1071764945648967332,8.293634
normal,E64,2,311434,1,13312524340719727440,15.721348
normal,E64,2,152112,1,16322557560223705822,14.026855
normal,E64,2,262882,350,15552938297066695674,15.732597
normal,E64,2,706522,217682,12361096037655865303,16.664689
normal,E64,2,832912,32198,18328276085626311192,16.179484
normal,E64,2,303769,17440,16329138951931766161,15.888911
normal,E64,2,223701,5223,12110691255955863336,16.401587
normal,E64,2,809314,2575,13833537680890479799,14.147769
normal,E64,2,831243,1,17493799186480836747,6.8122489999999996
normal,E64,2,831746,232210,3986705561301011554,19.376939
normal,E64,2,314373,245446,17684901665160681817,17.946748
normal,E64,2,810800,8735,181497579686815711,16.83138
normal,E64,2,211855,2,15098965436855431700,12.42771
normal,E64,2,533614,65593,5177147739743711313,17.405183
normal,E64,2,335471,221008,9663218791444078051,19.479838
normal,E64,2,566134,123319,11275262358537811118,18.213718
normal,E64,2,738848,350706,12714018293197981387,20.486659
normal,E64,2,359342,1,14883231301748386396,12.056688
normal,E64,2,965210,464,8065290031319401403,14.359202
normal,E64,2,928413,101193,7571004148797661265,16.945937999999998
normal,E64,2,998782,312168,5618084397353648138,19.676783
normal,E64,2,248373,424,17920615215818596529,10.269746
normal,E64,2,113110,298393,11087762445465402799,18.729945
normal,E64,2,421120,1,9920652127043963342,12.451263
normal,E64,2,579626,21074,8674792675435185845,15.458227
normal,E64,2,997466,171628,6463969713763470983,15.751168999999999
normal,E64,2,522760,150559,3458506985099854542,17.936263
normal,E64,2,134930,269,11022067387796225111,13.132871999999999
normal,E64,2,786964,4537,10631416977948792920,15.590172
normal,E64,2,884325,349201,543682768752225887,19.599491
normal,E64,2,552447,174588,2772483950073372472,18.355694
normal,E64,2,504571,1573,15794713272219230736,10.358221
normal,E64,2,951244,5415,13484686832383344511,16.960717
normal,E64,2,220807,147226,16046319097409406499,19.56277
normal,E64,2,681257,1,11792367510721151297,11.739649
normal,E64,2,417658,18,10725949708782130545,8.634223
normal,E64,2,266352,12132,13375739972415901329,15.553893
normal,E64,3,584510,1,7111464684906674828,10.976752000000001
normal,E64,3,860467,110513,14831659072279641336,17.5933
normal,E64,3,923923,1,9650181218042224611,6.506169
normal,E64,3,533409,120801,1158368764979798433,17.271658
normal,E64,3,220435,302764,15329822199843692600,18.94439
normal,E64,3,395173,262241,16292672578093830578,18.693039000000002
normal,E64,3,125555,75155,13669275240459382784,17.214601
normal,E64,3,37317,482,9065587736478984682,12.184766
normal,E64,3,326694,2,17855805870912985590,16.188882
normal,E64,3,408325,1772,2815813216534820304,13.489394
normal,E64,3,928005,1001,17371819348064928502,13.119808
normal,E64,3,636852,324005,16982769923046401650,20.572
normal,E64,3,565201,6396,11264234127150399790,16.003243
normal,E64,3,416400,5024,368749101627721021,14.812109
normal,E64,3,671950,1,5927922487194769596,10.051649
normal,E64,3,100598,274260,15670590569913710840,17.704195
normal,E64,3,130060,136432,5969732168017826336,18.576648000000002
normal,E64,3,763603,301541,147904619539737232,19.738
normal,E64,3,229656,16,5218843424058757563,11.502646
normal,E64,3,854752,794,12398274414676620556,16.027842
normal,E64,3,717147,476,17483727490360448166,16.096134
normal,E64,3,253796,3,3494645160661919934,7.473656
normal,E64,3,594298,4,13409741501217839975,6.327532
normal,E64,3,802333,146327,10595701386717585823,18.291801
normal,E64,3,907497,252358,11185946559242699135,19.090147
normal,E64,3,970136,43571,1768546914362820738,15.829763999999999
normal,E64,3,472710,1,1071764945648967332,8.22448
normal,E64,3,311434,1,13312524340719727440,15.800792
normal,E64,3,152112,1,16322557560223705822,14.03542
normal,E64,3,262882,350,15552938297066695674,15.770211999999999
normal,E64,3,706522,217682,12361096037655865303,16.337819
normal,E64,3,832912,32198,18328276085626311192,16.104184
normal,E64,3,303769,17440,16329138951931766161,15.932903
normal,E64,3,223701,5223,12110691255955863336,16.440841
normal,E64,3,809314,2575,13833537680890479799,14.084931000000001
normal,E64,3,831243,1,17493799186480836747,6.8315079999999995
normal,E64,3,831746,232210,3986705561301011554,19.350141999999998
normal,E64,3,314373,245446,17684901665160681817,17.900007000000002
normal,E64,3,810800,8735,181497579686815711,16.701344000000002
normal,E64,3,211855,2,15098965436855431700,12.549216
normal,E64,3,533614,65593,5177147739743711313,17.339414
normal,E64,3,335471,221008,9663218791444078051,19.40715
normal,E64,3,566134,123319,11275262358537811118,18.290807
normal,E64,3,738848,350706,12714018293197981387,20.378399
normal,E64,3,359342,1,14883231301748386396,11.907041
normal,E64,3,965210,464,8065290031319401403,14.490041
normal,E64,3,928413,101193,7571004148797661265,16.926175999999998
normal,E64,3,998782,312168,5618084397353648138,19.67925
normal,E64,3,248373,424,17920615215818596529,10.235434
normal,E64,3,113110,298393,11087762445465402799,18.819306
normal,E64,3,421120,1,9920652127043963342,12.477504999999999
normal,E64,3,579626,21074,8674792675435185845,15.420163
normal,E64,3,997466,171628,6463969713763470983,15.56775
normal,E64,3,522760,150559,3458506985099854542,18.044812
normal,E64,3,134930,269,11022067387796225111,13.280441000000001
normal,E64,3,786964,4537,10631416977948792920,15.760183000000001
normal,E64,3,884325,349201,543682768752225887,19.214696
normal,E64,3,552447,174588,2772483950073372472,18.430007
normal,E64,3,504571,1573,15794713272219230736,10.575370999999999
normal,E64,3,951244,5415,13484686832383344511,16.984341
normal,E64,3,220807,147226,16046319097409406499,19.580826000000002
normal,E64,3,681257,1,11792367510721151297,11.626997
normal,E64,3,417658,18,10725949708782130545,8.652759
normal,E64,3,266352,12132,13375739972415901329,15.465324
normal,E64,4,584510,1,7111464684906674828,11.026305
normal,E64,4,860467,110513,14831659072279641336,17.636361
normal,E64,4,923923,1,9650181218042224611,6.476886
normal,E64,4,533409,120801,1158368764979798433,17.292756
normal,E64,4,220435,302764,15329822199843692600,18.779305
normal,E64,4,395173,262241,16292672578093830578,18.669258999999997
normal,E64,4,125555,75155,13669275240459382784,17.291937
normal,E64,4,37317,482,9065587736478984682,12.123267
normal,E64,4,326694,2,17855805870912985590,16.159267
normal,E64,4,408325,1772,2815813216534820304,13.405256999999999
normal,E64,4,928005,1001,17371819348064928502,13.026544
normal,E64,4,636852,324005,16982769923046401650,20.567397
normal,E64,4,565201,6396,11264234127150399790,16.124084
normal,E64,4,416400,5024,368749101627721021,15.001842
normal,E64,4,671950,1,5927922487194769596,10.095474
normal,E64,4,100598,274260,15670590569913710840,17.498656999999998
normal,E64,4,130060,136432,5969732168017826336,18.648364
normal,E64,4,763603,301541,147904619539737232,19.846491
normal,E64,4,229656,16,5218843424058757563,11.308035
normal,E64,4,854752,794,12398274414676620556,15.965712
normal,E64,4,717147,476,17483727490360448166,16.21588
normal,E64,4,253796,3,3494645160661919934,7.5652420000000005
normal,E64,4,594298,4,13409741501217839975,6.309182
normal,E64,4,802333,146327,10595701386717585823,18.307116999999998
normal,E64,4,907497,252358,11185946559242699135,19.085545
normal,E64,4,970136,43571,1768546914362820738,15.743029
normal,E64,4,472710,1,1071764945648967332,8.184209
normal,E64,4,311434,1,13312524340719727440,15.727652
normal,E64,4,152112,1,16322557560223705822,14.119292999999999
normal,E64,4,262882,350,15552938297066695674,15.810818999999999
normal,E64,4,706522,217682,12361096037655865303,16.5649
normal,E64,4,832912,32198,18328276085626311192,16.193077
normal,E64,4,303769,17440,16329138951931766161,15.947276
normal,E64,4,223701,5223,12110691255955863336,16.427649000000002
normal,E64,4,809314,2575,13833537680890479799,14.136274
normal,E64,4,831243,1,17493799186480836747,6.7732719999999995
normal,E64,4,831746,232210,3986705561301011554,19.440547
normal,E64,4,314373,245446,17684901665160681817,17.990447
normal,E64,4,810800,8735,181497579686815711,16.766758999999997
normal,E64,4,211855,2,15098965436855431700,12.549404000000001
normal,E64,4,533614,65593,5177147739743711313,17.367396
normal,E64,4,335471,221008,9663218791444078051,19.501094000000002
normal,E64,4,566134,123319,11275262358537811118,18.323760999999998
normal,E64,4,738848,350706,12714018293197981387,20.495169999999998
normal,E64,4,359342,1,14883231301748386396,11.928764
normal,E64,4,965210,464,8065290031319401403,14.453564
normal,E64,4,928413,101193,7571004148797661265,16.931618
normal,E64,4,998782,312168,5618084397353648138,19.685698
normal,E64,4,248373,424,17920615215818596529,10.243532
normal,E64,4,113110,298393,11087762445465402799,18.692816
normal,E64,4,421120,1,9920652127043963342,12.537227000000001
normal,E64,4,579626,21074,8674792675435185845,15.429637000000001
normal,E64,4,997466,171628,6463969713763470983,15.43671
normal,E64,4,522760,150559,3458506985099854542,18.148629
normal,E64,4,134930,269,11022067387796225111,13.473469999999999
normal,E64,4,786964,4537,10631416977948792920,15.638364
normal,E64,4,884325,349201,543682768752225887,19.607314
normal,E64,4,552447,174588,2772483950073372472,18.428233
normal,E64,4,504571,1573,15794713272219230736,10.447114
normal,E64,4,951244,5415,13484686832383344511,17.087124
normal,E64,4,220807,147226,16046319097409406499,19.560012999999998
normal,E64,4,681257,1,11792367510721151297,11.754698000000001
normal,E64,4,417658,18,10725949708782130545,8.641541
normal,E64,4,266352,12132,13375739972415901329,15.495357
normal,E64,5,584510,1,7111464684906674828,10.995818
normal,E64,5,860467,110513,14831659072279641336,17.564272000000003
normal,E64,5,923923,1,9650181218042224611,6.430331
normal,E64,5,533409,120801,1158368764979798433,17.284946
normal,E64,5,220435,302764,15329822199843692600,18.837223
normal,E64,5,395173,262241,16292672578093830578,18.525816
normal,E64,5,125555,75155,13669275240459382784,17.269527999999998
normal,E64,5,37317,482,9065587736478984682,12.145161
normal,E64,5,326694,2,17855805870912985590,16.199225000000002
normal,E64,5,408325,1772,2815813216534820304,13.433952
normal,E64,5,928005,1001,17371819348064928502,13.100049
normal,E64,5,636852,324005,16982769923046401650,20.570468
normal,E64,5,565201,6396,11264234127150399790,16.042448
normal,E64,5,416400,5024,368749101627721021,15.073403
normal,E64,5,671950,1,5927922487194769596,10.077746
normal,E64,5,100598,274260,15670590569913710840,17.626811
normal,E64,5,130060,136432,5969732168017826336,18.470521
normal,E64,5,763603,301541,147904619539737232,19.796485
normal,E64,5,229656,16,5218843424058757563,11.651397999999999
normal,E64,5,854752,794,12398274414676620556,16.057145000000002
normal,E64,5,717147,476,17483727490360448166,16.245193
normal,E64,5,253796,3,3494645160661919934,7.689403
normal,E64,5,594298,4,13409741501217839975,6.528896
normal,E64,5,802333,146327,10595701386717585823,18.24972
normal,E64,5,907497,252358,11185946559242699135,19.149227
normal,E64,5,970136,43571,1768546914362820738,15.691628000000001
normal,E64,5,472710,1,1071764945648967332,8.207064
normal,E64,5,311434,1,13312524340719727440,15.758026
normal,E64,5,152112,1,16322557560223705822,14.049444
normal,E64,5,262882,350,15552938297066695674,15.663727999999999
normal,E64,5,706522,217682,12361096037655865303,16.30434
normal,E64,5,832912,32198,18328276085626311192,16.073746
normal,E64,5,303769,17440,16329138951931766161,15.984509
normal,E64,5,223701,5223,12110691255955863336,16.513672999999997
normal,E64,5,809314,2575,13833537680890479799,13.959200999999998
normal,E64,5,831243,1,17493799186480836747,6.78003
normal,E64,5,831746,232210,3986705561301011554,19.437955000000002
normal,E64,5,314373,245446,17684901665160681817,18.026426
normal,E64,5,810800,8735,181497579686815711,16.722098000000003
normal,E64,5,211855,2,15098965436855431700,12.540224
normal,E64,5,533614,65593,5177147739743711313,17.382053
normal,E64,5,335471,221008,9663218791444078051,19.496842
normal,E64,5,566134,123319,11275262358537811118,18.249848
normal,E64,5,738848,350706,12714018293197981387,20.43048
normal,E64,5,359342,1,14883231301748386396,11.854253
normal,E64,5,965210,464,8065290031319401403,14.345037
normal,E64,5,928413,101193,7571004148797661265,16.864064
normal,E64,5,998782,312168,5618084397353648138,19.631025
normal,E64,5,248373,424,17920615215818596529,10.371169
normal,E64,5,113110,298393,11087762445465402799,18.743123
normal,E64,5,421120,1,9920652127043963342,12.686539
normal,E64,5,579626,21074,8674792675435185845,15.357327999999999
normal,E64,5,997466,171628,6463969713763470983,15.67957
normal,E64,5,522760,150559,3458506985099854542,18.085508
normal,E64,5,134930,269,11022067387796225111,13.27185
normal,E64,5,786964,4537,10631416977948792920,15.695589
normal,E64,5,884325,349201,543682768752225887,19.436409
normal,E64,5,552447,174588,2772483950073372472,18.357937000000003
normal,E64,5,504571,1573,15794713272219230736,10.550384
normal,E64,5,951244,5415,13484686832383344511,16.877101
normal,E64,5,220807,147226,16046319097409406499,19.562424
normal,E64,5,681257,1,11792367510721151297,11.619653
normal,E64,5,417658,18,10725949708782130545,8.64013
normal,E64,5,266352,12132,13375739972415901329,15.497082
normal,E64,6,584510,1,7111464684906674828,11.060584
normal,E64,6,860467,110513,14831659072279641336,17.716186
normal,E64,6,923923,1,9650181218042224611,6.52987
normal,E64,6,533409,120801,1158368764979798433,17.463633
normal,E64,6,220435,302764,15329822199843692600,18.951604
normal,E64,6,395173,262241,16292672578093830578,18.561187999999998
normal,E64,6,125555,75155,13669275240459382784,17.403205000000003
normal,E64,6,37317,482,9065587736478984682,12.23633
normal,E64,6,326694,2,17855805870912985590,16.232034
normal,E64,6,408325,1772,2815813216534820304,13.426881999999999
normal,E64,6,928005,1001,17371819348064928502,13.211887
normal,E64,6,636852,324005,16982769923046401650,20.690775000000002
normal,E64,6,565201,6396,11264234127150399790,16.07075
normal,E64,6,416400,5024,368749101627721021,14.955403
normal,E64,6,671950,1,5927922487194769596,10.172214
normal,E64,6,100598,274260,15670590569913710840,17.57363
normal,E64,6,130060,136432,5969732168017826336,18.564332
normal,E64,6,763603,301541,147904619539737232,19.973529
normal,E64,6,229656,16,5218843424058757563,11.445789000000001
normal,E64,6,854752,794,12398274414676620556,16.276518
normal,E64,6,717147,476,17483727490360448166,16.326563
normal,E64,6,253796,3,3494645160661919934,7.52316
normal,E64,6,594298,4,13409741501217839975,6.498785
normal,E64,6,802333,146327,10595701386717585823,18.531397000000002
normal,E64,6,907497,252358,11185946559242699135,19.171778999999997
normal,E64,6,970136,43571,1768546914362820738,15.92048
normal,E64,6,472710,1,1071764945648967332,8.243701
normal,E64,6,311434,1,13312524340719727440,15.738978
normal,E64,6,152112,1,16322557560223705822,14.070015
normal,E64,6,262882,350,15552938297066695674,15.762315000000001
normal,E64,6,706522,217682,12361096037655865303,16.397144
normal,E64,6,832912,32198,18328276085626311192,16.090892
normal,E64,6,303769,17440,16329138951931766161,16.007366
normal,E64,6,223701,5223,12110691255955863336,16.621425
normal,E64,6,809314,2575,13833537680890479799,14.017217
normal,E64,6,831243,1,17493799186480836747,6.797295
normal,E64,6,831746,232210,3986705561301011554,19.430944
normal,E64,6,314373,245446,17684901665160681817,17.904723
normal,E64,6,810800,8735,181497579686815711,16.715571
normal,E64,6,211855,2,15098965436855431700,12.525316
normal,E64,6,533614,65593,5177147739743711313,17.373058
normal,E64,6,335471,221008,9663218791444078051,19.542053
normal,E64,6,566134,123319,11275262358537811118,18.392948
normal,E64,6,738848,350706,12714018293197981387,20.354323
normal,E64,6,359342,1,14883231301748386396,12.045234
normal,E64,6,965210,464,8065290031319401403,14.404662
normal,E64,6,928413,101193,7571004148797661265,16.982297
normal,E64,6,998782,312168,5618084397353648138,19.522968000000002
normal,E64,6,248373,424,17920615215818596529,10.244258
normal,E64,6,113110,298393,11087762445465402799,18.7408
normal,E64,6,421120,1,9920652127043963342,12.567144
normal,E64,6,579626,21074,8674792675435185845,15.290056
normal,E64,6,997466,171628,6463969713763470983,15.500242
normal,E64,6,522760,150559,3458506985099854542,17.98405
normal,E64,6,134930,269,11022067387796225111,13.416382
normal,E64,6,786964,4537,10631416977948792920,15.612103
normal,E64,6,884325,349201,543682768752225887,19.244148000000003
normal,E64,6,552447,174588,2772483950073372472,18.564947
normal,E64,6,504571,1573,15794713272219230736,10.474862
normal,E64,6,951244,5415,13484686832383344511,17.100877
normal,E64,6,220807,147226,16046319097409406499,19.647077
normal,E64,6,681257,1,11792367510721151297,11.569554
normal,E64,6,417658,18,10725949708782130545,8.770468000000001
normal,E64,6,266352,12132,13375739972415901329,15.453376
normal,L_E64,1,584510,1,7111464684906674828,7.341537000000001
normal,L_E64,1,860467,110513,14831659072279641336,11.437565000000001
normal,L_E64,1,923923,1,9650181218042224611,5.09856
normal,L_E64,1,533409,120801,1158368764979798433,11.602542999999999
normal,L_E64,1,220435,302764,15329822199843692600,11.984363
normal,L_E64,1,395173,262241,16292672578093830578,11.841169
normal,L_E64,1,125555,75155,13669275240459382784,11.01208
normal,L_E64,1,37317,482,9065587736478984682,9.203297000000001
normal,L_E64,1,326694,2,17855805870912985590,9.565239
normal,L_E64,1,408325,1772,2815813216534820304,9.729689
normal,L_E64,1,928005,1001,17371819348064928502,9.578329
normal,L_E64,1,636852,324005,16982769923046401650,11.999296000000001
normal,L_E64,1,565201,6396,11264234127150399790,10.38818
normal,L_E64,1,416400,5024,368749101627721021,10.408054
normal,L_E64,1,671950,1,5927922487194769596,6.810574
normal,L_E64,1,100598,274260,15670590569913710840,11.978688
normal,L_E64,1,130060,136432,5969732168017826336,11.485924
normal,L_E64,1,763603,301541,147904619539737232,12.016658
normal,L_E64,1,229656,16,5218843424058757563,8.527344999999999
normal,L_E64,1,854752,794,12398274414676620556,10.017682
normal,L_E64,1,717147,476,17483727490360448166,9.863819
normal,L_E64,1,253796,3,3494645160661919934,6.303056
normal,L_E64,1,594298,4,13409741501217839975,5.478007
normal,L_E64,1,802333,146327,10595701386717585823,11.422303
normal,L_E64,1,907497,252358,11185946559242699135,11.923997
normal,L_E64,1,970136,43571,1768546914362820738,10.920622
normal,L_E64,1,472710,1,1071764945648967332,6.593282
normal,L_E64,1,311434,1,13312524340719727440,9.287965
normal,L_E64,1,152112,1,16322557560223705822,8.772098
normal,L_E64,1,262882,350,15552938297066695674,9.545924999999999
normal,L_E64,1,706522,217682,12361096037655865303,11.443209000000001
normal,L_E64,1,832912,32198,18328276085626311192,10.886565000000001
normal,L_E64,1,303769,17440,16329138951931766161,10.928652
normal,L_E64,1,223701,5223,12110691255955863336,10.328933999999999
normal,L_E64,1,809314,2575,13833537680890479799,10.121364
normal,L_E64,1,831243,1,17493799186480836747,5.084826
normal,L_E64,1,831746,232210,3986705561301011554,11.935006
normal,L_E64,1,314373,245446,17684901665160681817,11.820870999999999
normal,L_E64,1,810800,8735,181497579686815711,10.802211
normal,L_E64,1,211855,2,15098965436855431700,8.561012
normal,L_E64,1,533614,65593,5177147739743711313,11.110307
normal,L_E64,1,335471,221008,9663218791444078051,12.041347
normal,L_E64,1,566134,123319,11275262358537811118,11.448034999999999
normal,L_E64,1,738848,350706,12714018293197981387,12.122547
normal,L_E64,1,359342,1,14883231301748386396,8.403902
normal,L_E64,1,965210,464,8065290031319401403,9.473093
normal,L_E64,1,928413,101193,7571004148797661265,11.527572
normal,L_E64,1,998782,312168,5618084397353648138,12.102885
normal,L_E64,1,248373,424,17920615215818596529,8.643429
normal,L_E64,1,113110,298393,11087762445465402799,11.954525
normal,L_E64,1,421120,1,9920652127043963342,8.523109
normal,L_E64,1,579626,21074,8674792675435185845,10.43901
normal,L_E64,1,997466,171628,6463969713763470983,11.106466000000001
normal,L_E64,1,522760,150559,3458506985099854542,11.607001
normal,L_E64,1,134930,269,11022067387796225111,9.381225
normal,L_E64,1,786964,4537,10631416977948792920,10.503486
normal,L_E64,1,884325,349201,543682768752225887,12.081987999999999
normal,L_E64,1,552447,174588,2772483950073372472,11.63612
normal,L_E64,1,504571,1573,15794713272219230736,9.030593999999999
normal,L_E64,1,951244,5415,13484686832383344511,10.533763
normal,L_E64,1,220807,147226,16046319097409406499,11.571615
normal,L_E64,1,681257,1,11792367510721151297,8.600755
normal,L_E64,1,417658,18,10725949708782130545,7.406688
normal,L_E64,1,266352,12132,13375739972415901329,10.675459
normal,L_E64,2,584510,1,7111464684906674828,7.5615879999999995
normal,L_E64,2,860467,110513,14831659072279641336,11.620602000000002
normal,L_E64,2,923923,1,9650181218042224611,5.226227
normal,L_E64,2,533409,120801,1158368764979798433,11.626566
normal,L_E64,2,220435,302764,15329822199843692600,12.066621
normal,L_E64,2,395173,262241,16292672578093830578,11.908265
normal,L_E64,2,125555,75155,13669275240459382784,11.031248
normal,L_E64,2,37317,482,9065587736478984682,9.222852000000001
normal,L_E64,2,326694,2,17855805870912985590,9.668241
normal,L_E64,2,408325,1772,2815813216534820304,9.611799999999999
normal,L_E64,2,928005,1001,17371819348064928502,9.618312
normal,L_E64,2,636852,324005,16982769923046401650,12.033083000000001
normal,L_E64,2,565201,6396,11264234127150399790,10.433474
normal,L_E64,2,416400,5024,368749101627721021,10.602125
normal,L_E64,2,671950,1,5927922487194769596,6.819381999999999
normal,L_E64,2,100598,274260,15670590569913710840,11.778801999999999
normal,L_E64,2,130060,136432,5969732168017826336,11.694521
normal,L_E64,2,763603,301541,147904619539737232,12.141264999999999
normal,L_E64,2,229656,16,5218843424058757563,8.602315
normal,L_E64,2,854752,794,12398274414676620556,10.222488
normal,L_E64,2,717147,476,17483727490360448166,9.981309
normal,L_E64,2,253796,3,3494645160661919934,6.300741
normal,L_E64,2,594298,4,13409741501217839975,5.550155
normal,L_E64,2,802333,146327,10595701386717585823,11.433749
normal,L_E64,2,907497,252358,11185946559242699135,12.010245000000001
normal,L_E64,2,970136,43571,1768546914362820738,11.030768
normal,L_E64,2,472710,1,1071764945648967332,6.671556
normal,L_E64,2,311434,1,13312524340719727440,9.306236
normal,L_E64,2,152112,1,16322557560223705822,8.692150999999999
normal,L_E64,2,262882,350,15552938297066695674,9.58451
normal,L_E64,2,706522,217682,12361096037655865303,11.424848
normal,L_E64,2,832912,32198,18328276085626311192,10.951514
normal,L_E64,2,303769,17440,16329138951931766161,10.915517
normal,L_E64,2,223701,5223,12110691255955863336,10.359429
normal,L_E64,2,809314,2575,13833537680890479799,10.235215
normal,L_E64,2,831243,1,17493799186480836747,5.245064
normal,L_E64,2,831746,232210,3986705561301011554,11.903354
normal,L_E64,2,314373,245446,17684901665160681817,11.73721
normal,L_E64,2,810800,8735,181497579686815711,10.824892
normal,L_E64,2,211855,2,15098965436855431700,8.498123
normal,L_E64,2,533614,65593,5177147739743711313,11.160013000000001
normal,L_E64,2,335471,221008,9663218791444078051,12.118443
normal,L_E64,2,566134,123319,11275262358537811118,11.4811
normal,L_E64,2,738848,350706,12714018293197981387,12.250963
normal,L_E64,2,359342,1,14883231301748386396,8.447616
normal,L_E64,2,965210,464,8065290031319401403,9.61452
normal,L_E64,2,928413,101193,7571004148797661265,11.537777
normal,L_E64,2,998782,312168,5618084397353648138,12.099562
normal,L_E64,2,248373,424,17920615215818596529,8.613950999999998
normal,L_E64,2,113110,298393,11087762445465402799,11.989246
normal,L_E64,2,421120,1,9920652127043963342,8.474017
normal,L_E64,2,579626,21074,8674792675435185845,10.488768
normal,L_E64,2,997466,171628,6463969713763470983,11.263234
normal,L_E64,2,522760,150559,3458506985099854542,11.794176
normal,L_E64,2,134930,269,11022067387796225111,9.433179
normal,L_E64,2,786964,4537,10631416977948792920,10.558496
normal,L_E64,2,884325,349201,543682768752225887,12.186455
normal,L_E64,2,552447,174588,2772483950073372472,11.685117
normal,L_E64,2,504571,1573,15794713272219230736,8.978682000000001
normal,L_E64,2,951244,5415,13484686832383344511,10.564938
normal,L_E64,2,220807,147226,16046319097409406499,11.602102
normal,L_E64,2,681257,1,11792367510721151297,8.597434
normal,L_E64,2,417658,18,10725949708782130545,7.528785
normal,L_E64,2,266352,12132,13375739972415901329,10.736232
normal,L_E64,3,584510,1,7111464684906674828,7.371556
normal,L_E64,3,860467,110513,14831659072279641336,11.47075
normal,L_E64,3,923923,1,9650181218042224611,5.166051
normal,L_E64,3,533409,120801,1158368764979798433,11.507519
normal,L_E64,3,220435,302764,15329822199843692600,11.941572
normal,L_E64,3,395173,262241,16292672578093830578,11.773235000000001
normal,L_E64,3,125555,75155,13669275240459382784,10.993513
normal,L_E64,3,37317,482,9065587736478984682,9.148198
normal,L_E64,3,326694,2,17855805870912985590,9.576867
normal,L_E64,3,408325,1772,2815813216534820304,9.601113999999999
normal,L_E64,3,928005,1001,17371819348064928502,9.567533
normal,L_E64,3,636852,324005,16982769923046401650,11.96574
normal,L_E64,3,565201,6396,11264234127150399790,10.392457
normal,L_E64,3,416400,5024,368749101627721021,10.43164
normal,L_E64,3,671950,1,5927922487194769596,6.850687
normal,L_E64,3,100598,274260,15670590569913710840,11.687207
normal,L_E64,3,130060,136432,5969732168017826336,11.551456
normal,L_E64,3,763603,301541,147904619539737232,11.960766
normal,L_E64,3,229656,16,5218843424058757563,8.661806
normal,L_E64,3,854752,794,12398274414676620556,10.069116
normal,L_E64,3,717147,476,17483727490360448166,9.967452999999999
normal,L_E64,3,253796,3,3494645160661919934,6.432522
normal,L_E64,3,594298,4,13409741501217839975,5.5458
normal,L_E64,3,802333,146327,10595701386717585823,11.393623
normal,L_E64,3,907497,252358,11185946559242699135,11.930794
normal,L_E64,3,970136,43571,1768546914362820738,11.081725
normal,L_E64,3,472710,1,1071764945648967332,6.660858
normal,L_E64,3,311434,1,13312524340719727440,9.304214
normal,L_E64,3,152112,1,16322557560223705822,8.637279000000001
normal,L_E64,3,262882,350,15552938297066695674,9.587924000000001
normal,L_E64,3,706522,217682,12361096037655865303,11.368485
normal,L_E64,3,832912,32198,18328276085626311192,10.897425
normal,L_E64,3,303769,17440,16329138951931766161,10.885157999999999
normal,L_E64,3,223701,5223,12110691255955863336,10.379344
normal,L_E64,3,809314,2575,13833537680890479799,10.072220999999999
normal,L_E64,3,831243,1,17493799186480836747,5.045533000000001
normal,L_E64,3,831746,232210,3986705561301011554,11.832297
normal,L_E64,3,314373,245446,17684901665160681817,11.784908999999999
normal,L_E64,3,810800,8735,181497579686815711,10.792734000000001
normal,L_E64,3,211855,2,15098965436855431700,8.507470999999999
normal,L_E64,3,533614,65593,5177147739743711313,11.118960999999999
normal,L_E64,3,335471,221008,9663218791444078051,12.021908999999999
normal,L_E64,3,566134,123319,11275262358537811118,11.454349
normal,L_E64,3,738848,350706,12714018293197981387,12.243366
normal,L_E64,3,359342,1,14883231301748386396,8.351049000000001
normal,L_E64,3,965210,464,8065290031319401403,9.557409
normal,L_E64,3,928413,101193,7571004148797661265,11.592508
normal,L_E64,3,998782,312168,5618084397353648138,11.967300999999999
normal,L_E64,3,248373,424,17920615215818596529,8.612227
normal,L_E64,3,113110,298393,11087762445465402799,11.943888000000001
normal,L_E64,3,421120,1,9920652127043963342,8.453916999999999
normal,L_E64,3,579626,21074,8674792675435185845,10.448469
normal,L_E64,3,997466,171628,6463969713763470983,11.195148
normal,L_E64,3,522760,150559,3458506985099854542,11.764092
normal,L_E64,3,134930,269,11022067387796225111,9.335702
normal,L_E64,3,786964,4537,10631416977948792920,10.488855
normal,L_E64,3,884325,349201,543682768752225887,12.04508
normal,L_E64,3,552447,174588,2772483950073372472,11.750655
normal,L_E64,3,504571,1573,15794713272219230736,8.938731
normal,L_E64,3,951244,5415,13484686832383344511,10.512507
normal,L_E64,3,220807,147226,16046319097409406499,11.655156999999999
normal,L_E64,3,681257,1,11792367510721151297,8.496780000000001
normal,L_E64,3,417658,18,10725949708782130545,7.348828999999999
normal,L_E64,3,266352,12132,13375739972415901329,10.851498
normal,L_E64,4,584510,1,7111464684906674828,7.4517430000000004
normal,L_E64,4,860467,110513,14831659072279641336,11.561853
normal,L_E64,4,923923,1,9650181218042224611,5.115759
normal,L_E64,4,533409,120801,1158368764979798433,11.568812
normal,L_E64,4,220435,302764,15329822199843692600,12.028521000000001
normal,L_E64,4,395173,262241,16292672578093830578,11.818335
normal,L_E64,4,125555,75155,13669275240459382784,10.981089
normal,L_E64,4,37317,482,9065587736478984682,9.340385
normal,L_E64,4,326694,2,17855805870912985590,9.682358
normal,L_E64,4,408325,1772,2815813216534820304,9.711744000000001
normal,L_E64,4,928005,1001,17371819348064928502,9.533349
normal,L_E64,4,636852,324005,16982769923046401650,11.99268
normal,L_E64,4,565201,6396,11264234127150399790,10.399987999999999
normal,L_E64,4,416400,5024,368749101627721021,10.492602000000002
normal,L_E64,4,671950,1,5927922487194769596,6.828725
normal,L_E64,4,100598,274260,15670590569913710840,11.795584999999999
normal,L_E64,4,130060,136432,5969732168017826336,11.446575000000001
normal,L_E64,4,763603,301541,147904619539737232,11.995843
normal,L_E64,4,229656,16,5218843424058757563,8.552841
normal,L_E64,4,854752,794,12398274414676620556,10.10401
normal,L_E64,4,717147,476,17483727490360448166,9.937634
normal,L_E64,4,253796,3,3494645160661919934,6.359087000000001
normal,L_E64,4,594298,4,13409741501217839975,5.550881
normal,L_E64,4,802333,146327,10595701386717585823,11.491200000000001
normal,L_E64,4,907497,252358,11185946559242699135,11.913487
normal,L_E64,4,970136,43571,1768546914362820738,11.002632
normal,L_E64,4,472710,1,1071764945648967332,6.71514
normal,L_E64,4,311434,1,13312524340719727440,9.255495000000002
normal,L_E64,4,152112,1,16322557560223705822,8.659341
normal,L_E64,4,262882,350,15552938297066695674,9.590997999999999
normal,L_E64,4,706522,217682,12361096037655865303,11.322184
normal,L_E64,4,832912,32198,18328276085626311192,10.960370000000001
normal,L_E64,4,303769,17440,16329138951931766161,10.880419
normal,L_E64,4,223701,5223,12110691255955863336,10.37251
normal,L_E64,4,809314,2575,13833537680890479799,10.162882
normal,L_E64,4,831243,1,17493799186480836747,5.141483
normal,L_E64,4,831746,232210,3986705561301011554,11.857899
normal,L_E64,4,314373,245446,17684901665160681817,11.74138
normal,L_E64,4,810800,8735,181497579686815711,10.781718000000001
normal,L_E64,4,211855,2,15098965436855431700,8.532328999999999
normal,L_E64,4,533614,65593,5177147739743711313,11.108596
normal,L_E64,4,335471,221008,9663218791444078051,12.018718000000002
normal,L_E64,4,566134,123319,11275262358537811118,11.478342000000001
normal,L_E64,4,738848,350706,12714018293197981387,12.225885
normal,L_E64,4,359342,1,14883231301748386396,8.374221
normal,L_E64,4,965210,464,8065290031319401403,9.542883
normal,L_E64,4,928413,101193,7571004148797661265,11.634964
normal,L_E64,4,998782,312168,5618084397353648138,12.080527
normal,L_E64,4,248373,424,17920615215818596529,8.604673
normal,L_E64,4,113110,298393,11087762445465402799,11.992751
normal,L_E64,4,421120,1,9920652127043963342,8.444783
normal,L_E64,4,579626,21074,8674792675435185845,10.482726000000001
normal,L_E64,4,997466,171628,6463969713763470983,11.240683
normal,L_E64,4,522760,150559,3458506985099854542,11.636182000000002
normal,L_E64,4,134930,269,11022067387796225111,9.384002
normal,L_E64,4,786964,4537,10631416977948792920,10.505139999999999
normal,L_E64,4,884325,349201,543682768752225887,12.375755
normal,L_E64,4,552447,174588,2772483950073372472,11.701737
normal,L_E64,4,504571,1573,15794713272219230736,8.974817999999999
normal,L_E64,4,951244,5415,13484686832383344511,10.534144
normal,L_E64,4,220807,147226,16046319097409406499,11.629605999999999
normal,L_E64,4,681257,1,11792367510721151297,8.489134
normal,L_E64,4,417658,18,10725949708782130545,7.356026
normal,L_E64,4,266352,12132,13375739972415901329,10.628574
normal,L_E64,5,584510,1,7111464684906674828,7.578671999999999
normal,L_E64,5,860467,110513,14831659072279641336,11.509362999999999
normal,L_E64,5,923923,1,9650181218042224611,5.2304520000000005
normal,L_E64,5,533409,120801,1158368764979798433,11.478845
normal,L_E64,5,220435,302764,15329822199843692600,12.049402
normal,L_E64,5,395173,262241,16292672578093830578,11.872145
normal,L_E64,5,125555,75155,13669275240459382784,11.079411
normal,L_E64,5,37317,482,9065587736478984682,9.216831
normal,L_E64,5,326694,2,17855805870912985590,9.67856
normal,L_E64,5,408325,1772,2815813216534820304,9.705028
normal,L_E64,5,928005,1001,17371819348064928502,9.695382
normal,L_E64,5,636852,324005,16982769923046401650,12.033376
normal,L_E64,5,565201,6396,11264234127150399790,10.426694
normal,L_E64,5,416400,5024,368749101627721021,10.488463
normal,L_E64,5,671950,1,5927922487194769596,6.762970999999999
normal,L_E64,5,100598,274260,15670590569913710840,11.868048
normal,L_E64,5,130060,136432,5969732168017826336,11.507929
normal,L_E64,5,763603,301541,147904619539737232,12.023263
normal,L_E64,5,229656,16,5218843424058757563,8.574701999999998
normal,L_E64,5,854752,794,12398274414676620556,10.112585999999999
normal,L_E64,5,717147,476,17483727490360448166,9.98835
normal,L_E64,5,253796,3,3494645160661919934,6.568598
normal,L_E64,5,594298,4,13409741501217839975,5.595985
normal,L_E64,5,802333,146327,10595701386717585823,11.468467
normal,L_E64,5,907497,252358,11185946559242699135,11.955387
normal,L_E64,5,970136,43571,1768546914362820738,11.007078
normal,L_E64,5,472710,1,1071764945648967332,6.771058
normal,L_E64,5,311434,1,13312524340719727440,9.265346
normal,L_E64,5,152112,1,16322557560223705822,8.683799
normal,L_E64,5,262882,350,15552938297066695674,9.571993
normal,L_E64,5,706522,217682,12361096037655865303,11.448717
normal,L_E64,5,832912,32198,18328276085626311192,10.959093999999999
normal,L_E64,5,303769,17440,16329138951931766161,10.87335
normal,L_E64,5,223701,5223,12110691255955863336,10.400932000000001
normal,L_E64,5,809314,2575,13833537680890479799,10.220268
normal,L_E64,5,831243,1,17493799186480836747,5.099754
normal,L_E64,5,831746,232210,3986705561301011554,11.898292999999999
normal,L_E64,5,314373,245446,17684901665160681817,11.89934
normal,L_E64,5,810800,8735,181497579686815711,10.79876
normal,L_E64,5,211855,2,15098965436855431700,8.468503
normal,L_E64,5,533614,65593,5177147739743711313,11.209681
normal,L_E64,5,335471,221008,9663218791444078051,12.067735
normal,L_E64,5,566134,123319,11275262358537811118,11.626582
normal,L_E64,5,738848,350706,12714018293197981387,12.066949000000001
normal,L_E64,5,359342,1,14883231301748386396,8.387227999999999
normal,L_E64,5,965210,464,8065290031319401403,9.557094
normal,L_E64,5,928413,101193,7571004148797661265,11.634701
normal,L_E64,5,998782,312168,5618084397353648138,12.078453
normal,L_E64,5,248373,424,17920615215818596529,8.784178
normal,L_E64,5,113110,298393,11087762445465402799,11.937699
normal,L_E64,5,421120,1,9920652127043963342,8.464032
normal,L_E64,5,579626,21074,8674792675435185845,10.442975
normal,L_E64,5,997466,171628,6463969713763470983,11.338187
normal,L_E64,5,522760,150559,3458506985099854542,11.635937
normal,L_E64,5,134930,269,11022067387796225111,9.387046
normal,L_E64,5,786964,4537,10631416977948792920,10.526746
normal,L_E64,5,884325,349201,543682768752225887,12.122344
normal,L_E64,5,552447,174588,2772483950073372472,11.630209
normal,L_E64,5,504571,1573,15794713272219230736,8.80868
normal,L_E64,5,951244,5415,13484686832383344511,10.56892
normal,L_E64,5,220807,147226,16046319097409406499,11.596661
normal,L_E64,5,681257,1,11792367510721151297,8.59689
normal,L_E64,5,417658,18,10725949708782130545,7.351923
normal,L_E64,5,266352,12132,13375739972415901329,10.725414
normal,L_E64,6,584510,1,7111464684906674828,7.38327
normal,L_E64,6,860467,110513,14831659072279641336,11.506532
normal,L_E64,6,923923,1,9650181218042224611,5.146474
normal,L_E64,6,533409,120801,1158368764979798433,11.495958
normal,L_E64,6,220435,302764,15329822199843692600,11.952871
normal,L_E64,6,395173,262241,16292672578093830578,11.826405000000001
normal,L_E64,6,125555,75155,13669275240459382784,11.012463
normal,L_E64,6,37317,482,9065587736478984682,9.179841
normal,L_E64,6,326694,2,17855805870912985590,9.589450999999999
normal,L_E64,6,408325,1772,2815813216534820304,9.602895
normal,L_E64,6,928005,1001,17371819348064928502,9.512539
normal,L_E64,6,636852,324005,16982769923046401650,11.999077999999999
normal,L_E64,6,565201,6396,11264234127150399790,10.374771
normal,L_E64,6,416400,5024,368749101627721021,10.438807
normal,L_E64,6,671950,1,5927922487194769596,6.797506
normal,L_E64,6,100598,274260,15670590569913710840,11.737368
normal,L_E64,6,130060,136432,5969732168017826336,11.394665000000002
normal,L_E64,6,763603,301541,147904619539737232,11.972284
normal,L_E64,6,229656,16,5218843424058757563,8.555256
normal,L_E64,6,854752,794,12398274414676620556,10.093478
normal,L_E64,6,717147,476,17483727490360448166,9.867474
normal,L_E64,6,253796,3,3494645160661919934,6.330191
normal,L_E64,6,594298,4,13409741501217839975,5.500085
normal,L_E64,6,802333,146327,10595701386717585823,11.419422
normal,L_E64,6,907497,252358,11185946559242699135,11.916839
normal,L_E64,6,970136,43571,1768546914362820738,10.992325000000001
normal,L_E64,6,472710,1,1071764945648967332,6.769123
normal,L_E64,6,311434,1,13312524340719727440,9.19088
normal,L_E64,6,152112,1,16322557560223705822,8.620672
normal,L_E64,6,262882,350,15552938297066695674,9.491464
normal,L_E64,6,706522,217682,12361096037655865303,11.383576
normal,L_E64,6,832912,32198,18328276085626311192,10.904145
normal,L_E64,6,303769,17440,16329138951931766161,10.900472
normal,L_E64,6,223701,5223,12110691255955863336,10.360757
normal,L_E64,6,809314,2575,13833537680890479799,10.111866
normal,L_E64,6,831243,1,17493799186480836747,5.169618000000001
normal,L_E64,6,831746,232210,3986705561301011554,11.858692
normal,L_E64,6,314373,245446,17684901665160681817,11.670748999999999
normal,L_E64,6,810800,8735,181497579686815711,10.742654
normal,L_E64,6,211855,2,15098965436855431700,8.676159
normal,L_E64,6,533614,65593,5177147739743711313,11.106946
normal,L_E64,6,335471,221008,9663218791444078051,12.073893
normal,L_E64,6,566134,123319,11275262358537811118,11.428808
normal,L_E64,6,738848,350706,12714018293197981387,12.061988
normal,L_E64,6,359342,1,14883231301748386396,8.338085
normal,L_E64,6,965210,464,8065290031319401403,9.445626
normal,L_E64,6,928413,101193,7571004148797661265,11.515981
normal,L_E64,6,998782,312168,5618084397353648138,11.990752
normal,L_E64,6,248373,424,17920615215818596529,8.522568999999999
normal,L_E64,6,113110,298393,11087762445465402799,11.9339
normal,L_E64,6,421120,1,9920652127043963342,8.498026
normal,L_E64,6,579626,21074,8674792675435185845,10.392088
normal,L_E64,6,997466,171628,6463969713763470983,11.297715
normal,L_E64,6,522760,150559,3458506985099854542,11.588166
normal,L_E64,6,134930,269,11022067387796225111,9.373001
normal,L_E64,6,786964,4537,10631416977948792920,10.429464
normal,L_E64,6,884325,349201,543682768752225887,12.090774999999999
normal,L_E64,6,552447,174588,2772483950073372472,11.606659
normal,L_E64,6,504571,1573,15794713272219230736,8.781479
normal,L_E64,6,951244,5415,13484686832383344511,10.562868
normal,L_E64,6,220807,147226,16046319097409406499,11.601713
normal,L_E64,6,681257,1,11792367510721151297,8.447721
normal,L_E64,6,417658,18,10725949708782130545,7.326986
normal,L_E64,6,266352,12132,13375739972415901329,10.622013
half,B,1,584510,1,7111464684906674828,11.912589
half,B,1,860467,1,8499319579229670723,11.950331
half,B,1,923923,1,9650181218042224611,11.81824
half,B,1,533409,1,13545566108474160233,11.845657
half,B,1,220435,1,15247090426881772515,12.028540000000001
half,B,1,395173,1,3975989637082741525,11.617638999999999
half,B,1,125555,1,2517411937524671747,11.772455
half,B,1,37317,1,4942412569031486069,11.750974
half,B,1,326694,1,13320112248117950340,11.907885
half,B,1,408325,1,16408775646415533877,11.936093999999999
half,B,1,928005,1,14338765217023417653,11.540559
half,B,1,636852,1,17437541427138785546,11.768976
half,B,1,565201,1,8310996175663057017,11.90778
half,B,1,416400,1,15596084407285995518,11.791977999999999
half,B,1,671950,1,5927922487194769596,11.557352000000002
half,B,1,100598,21756,11480312130786620388,12.16639
half,B,1,130060,1,7731000763412354258,11.788807
half,B,1,763603,1,15156484188323302947,11.889246
half,B,1,229656,1,589078364524119510,11.830718000000001
half,B,1,854752,1,5617858609990565230,11.574045
half,B,1,717147,1,16239703683931670523,11.813238
half,B,1,253796,1,3439441016975507098,11.703157
half,B,1,594298,1,4798526523817244832,11.540709000000001
half,B,1,802333,1,3819621534406340157,11.965451
half,B,1,907497,1,10484106886685375873,11.894427
half,B,1,970136,1,13471145138073269334,11.748482
half,B,1,472710,1,1071764945648967332,11.766633
half,B,1,311434,1,13312524340719727440,11.921688
half,B,1,152112,1,16322557560223705822,11.645627000000001
half,B,1,262882,1,4885238622096795672,11.845752000000001
half,B,1,706522,11192,16319024398585763793,12.104239999999999
half,B,1,832912,1,11249777307035924222,11.830083
half,B,1,303769,1,14531641227824884241,11.933903
half,B,1,223701,1,14913298735989284133,11.817423000000002
half,B,1,809314,1,12415356666848604312,11.658425
half,B,1,831243,1,17493799186480836747,11.957592
half,B,1,831746,6,11994764961511849508,11.642132
half,B,1,314373,1,16520513605143008309,11.886259
half,B,1,810800,1,8128464222600791006,11.837215
half,B,1,211855,1,3743370044833225143,11.631791
half,B,1,533614,1,4376667340408475548,11.804086999999999
half,B,1,335471,1,451944671791294039,11.756174000000001
half,B,1,566134,1,11325398660381448180,11.532895
half,B,1,738848,1,1380779053154122798,11.873190000000001
half,B,1,359342,1,14883231301748386396,11.801735
half,B,1,965210,1,4730302148286443584,11.781321
half,B,1,928413,2,8376696582690131624,11.69837
half,B,1,998782,1,10403787358389016396,11.624054
half,B,1,248373,1,17521764539290178117,11.833655
half,B,1,113110,5,17846537488192821042,11.843224
half,B,1,421120,1,9920652127043963342,11.848908999999999
half,B,1,579626,1,1888243217666303536,11.796101
half,B,1,997466,1479,6198796847372762809,11.944485
half,B,1,522760,4,17544809557982849494,11.80189
half,B,1,134930,1,998682338345632040,11.860953
half,B,1,786964,1,4578935303065100330,11.856928
half,B,1,884325,5,10113010642334288280,11.830767
half,B,1,552447,1,7713192936805226119,11.812251
half,B,1,504571,1,762781710905613531,11.884034999999999
half,B,1,951244,1,15701265341162067218,11.764812
half,B,1,220807,2,10133598433306529168,11.818757
half,B,1,681257,1,11792367510721151297,11.792095999999999
half,B,1,417658,1,11323718754454808224,11.901004
half,B,1,266352,1,2241104863634156446,11.907795
half,B,2,584510,1,7111464684906674828,11.846587
half,B,2,860467,1,8499319579229670723,11.94227
half,B,2,923923,1,9650181218042224611,11.860859
half,B,2,533409,1,13545566108474160233,11.904146
half,B,2,220435,1,15247090426881772515,11.978674000000002
half,B,2,395173,1,3975989637082741525,11.760232
half,B,2,125555,1,2517411937524671747,11.947602999999999
half,B,2,37317,1,4942412569031486069,11.95245
half,B,2,326694,1,13320112248117950340,11.637662
half,B,2,408325,1,16408775646415533877,11.717934999999999
half,B,2,928005,1,14338765217023417653,11.911305
half,B,2,636852,1,17437541427138785546,11.721532999999999
half,B,2,565201,1,8310996175663057017,11.831608000000001
half,B,2,416400,1,15596084407285995518,11.619451999999999
half,B,2,671950,1,5927922487194769596,11.840854
half,B,2,100598,21756,11480312130786620388,11.889577
half,B,2,130060,1,7731000763412354258,11.847724
half,B,2,763603,1,15156484188323302947,11.843303
half,B,2,229656,1,589078364524119510,11.863699
half,B,2,854752,1,5617858609990565230,11.933933000000001
half,B,2,717147,1,16239703683931670523,11.819405000000001
half,B,2,253796,1,3439441016975507098,11.882817
half,B,2,594298,1,4798526523817244832,11.845785
half,B,2,802333,1,3819621534406340157,11.590071
half,B,2,907497,1,10484106886685375873,11.743224
half,B,2,970136,1,13471145138073269334,11.930128
half,B,2,472710,1,1071764945648967332,11.834652
half,B,2,311434,1,13312524340719727440,11.563282
half,B,2,152112,1,16322557560223705822,11.744059
half,B,2,262882,1,4885238622096795672,11.702316000000001
half,B,2,706522,11192,16319024398585763793,11.977549000000002
half,B,2,832912,1,11249777307035924222,11.810539
half,B,2,303769,1,14531641227824884241,11.794128
half,B,2,223701,1,14913298735989284133,12.006841
half,B,2,809314,1,12415356666848604312,11.641918
half,B,2,831243,1,17493799186480836747,11.836478
half,B,2,831746,6,11994764961511849508,11.600339
half,B,2,314373,1,16520513605143008309,11.855013999999999
half,B,2,810800,1,8128464222600791006,11.732925999999999
half,B,2,211855,1,3743370044833225143,11.682553
half,B,2,533614,1,4376667340408475548,11.837834
half,B,2,335471,1,451944671791294039,11.660998
half,B,2,566134,1,11325398660381448180,11.842514999999999
half,B,2,738848,1,1380779053154122798,11.897086
half,B,2,359342,1,14883231301748386396,11.921455
half,B,2,965210,1,4730302148286443584,11.767933999999999
half,B,2,928413,2,8376696582690131624,11.860181
half,B,2,998782,1,10403787358389016396,11.84797
half,B,2,248373,1,17521764539290178117,11.862564
half,B,2,113110,5,17846537488192821042,11.967371
half,B,2,421120,1,9920652127043963342,11.881599
half,B,2,579626,1,1888243217666303536,12.030459
half,B,2,997466,1479,6198796847372762809,11.976550999999999
half,B,2,522760,4,17544809557982849494,11.749835
half,B,2,134930,1,998682338345632040,11.884671
half,B,2,786964,1,4578935303065100330,11.671418
half,B,2,884325,5,10113010642334288280,11.783377
half,B,2,552447,1,7713192936805226119,11.831069
half,B,2,504571,1,762781710905613531,11.75999
half,B,2,951244,1,15701265341162067218,11.835708
half,B,2,220807,2,10133598433306529168,11.886192
half,B,2,681257,1,11792367510721151297,11.67585
half,B,2,417658,1,11323718754454808224,11.71166
half,B,2,266352,1,2241104863634156446,11.707788
half,B,3,584510,1,7111464684906674828,11.859936
half,B,3,860467,1,8499319579229670723,11.878017
half,B,3,923923,1,9650181218042224611,11.72676
half,B,3,533409,1,13545566108474160233,11.601265999999999
half,B,3,220435,1,15247090426881772515,11.984638
half,B,3,395173,1,3975989637082741525,11.671771000000001
half,B,3,125555,1,2517411937524671747,11.816554
half,B,3,37317,1,4942412569031486069,11.858291
half,B,3,326694,1,13320112248117950340,11.846532999999999
half,B,3,408325,1,16408775646415533877,11.966008
half,B,3,928005,1,14338765217023417653,11.793224
half,B,3,636852,1,17437541427138785546,11.745593999999999
half,B,3,565201,1,8310996175663057017,11.848955
half,B,3,416400,1,15596084407285995518,11.687607
half,B,3,671950,1,5927922487194769596,11.572079
half,B,3,100598,21756,11480312130786620388,11.858017
half,B,3,130060,1,7731000763412354258,11.932452
half,B,3,763603,1,15156484188323302947,11.817295
half,B,3,229656,1,589078364524119510,11.932267
half,B,3,854752,1,5617858609990565230,11.618956
half,B,3,717147,1,16239703683931670523,11.829089
half,B,3,253796,1,3439441016975507098,12.053772
half,B,3,594298,1,4798526523817244832,11.749948
half,B,3,802333,1,3819621534406340157,11.841204
half,B,3,907497,1,10484106886685375873,11.710357
half,B,3,970136,1,13471145138073269334,12.008534
half,B,3,472710,1,1071764945648967332,11.946296
half,B,3,311434,1,13312524340719727440,11.967575
half,B,3,152112,1,16322557560223705822,11.882146
half,B,3,262882,1,4885238622096795672,11.726254999999998
half,B,3,706522,11192,16319024398585763793,11.957536
half,B,3,832912,1,11249777307035924222,12.089846999999999
half,B,3,303769,1,14531641227824884241,11.541497
half,B,3,223701,1,14913298735989284133,11.993630999999999
half,B,3,809314,1,12415356666848604312,11.771549
half,B,3,831243,1,17493799186480836747,11.757817
half,B,3,831746,6,11994764961511849508,11.698314
half,B,3,314373,1,16520513605143008309,11.842837
half,B,3,810800,1,8128464222600791006,11.951236000000002
half,B,3,211855,1,3743370044833225143,11.897118
half,B,3,533614,1,4376667340408475548,11.761623
half,B,3,335471,1,451944671791294039,11.604509
half,B,3,566134,1,11325398660381448180,11.923683
half,B,3,738848,1,1380779053154122798,11.611175
half,B,3,359342,1,14883231301748386396,11.673706
half,B,3,965210,1,4730302148286443584,11.890597
half,B,3,928413,2,8376696582690131624,11.777256999999999
half,B,3,998782,1,10403787358389016396,11.870790000000001
half,B,3,248373,1,17521764539290178117,11.650158
half,B,3,113110,5,17846537488192821042,11.698768
half,B,3,421120,1,9920652127043963342,11.794763999999999
half,B,3,579626,1,1888243217666303536,11.972598
half,B,3,997466,1479,6198796847372762809,12.008045
half,B,3,522760,4,17544809557982849494,11.500710999999999
half,B,3,134930,1,998682338345632040,11.695825000000001
half,B,3,786964,1,4578935303065100330,11.894357
half,B,3,884325,5,10113010642334288280,11.63359
half,B,3,552447,1,7713192936805226119,11.497976000000001
half,B,3,504571,1,762781710905613531,11.891156
half,B,3,951244,1,15701265341162067218,11.592986000000002
half,B,3,220807,2,10133598433306529168,11.770721
half,B,3,681257,1,11792367510721151297,11.960889
half,B,3,417658,1,11323718754454808224,11.912601
half,B,3,266352,1,2241104863634156446,11.897831
half,B,4,584510,1,7111464684906674828,11.773116
half,B,4,860467,1,8499319579229670723,11.688068999999999
half,B,4,923923,1,9650181218042224611,11.626486000000002
half,B,4,533409,1,13545566108474160233,11.796305
half,B,4,220435,1,15247090426881772515,11.877106
half,B,4,395173,1,3975989637082741525,11.91588
half,B,4,125555,1,2517411937524671747,11.962485000000001
half,B,4,37317,1,4942412569031486069,11.893694
half,B,4,326694,1,13320112248117950340,11.769634
half,B,4,408325,1,16408775646415533877,11.862546
half,B,4,928005,1,14338765217023417653,11.901828
half,B,4,636852,1,17437541427138785546,11.907471
half,B,4,565201,1,8310996175663057017,11.915807000000001
half,B,4,416400,1,15596084407285995518,11.954514999999999
half,B,4,671950,1,5927922487194769596,11.74468
half,B,4,100598,21756,11480312130786620388,12.274595
half,B,4,130060,1,7731000763412354258,11.941928
half,B,4,763603,1,15156484188323302947,11.769506
half,B,4,229656,1,589078364524119510,11.906581000000001
half,B,4,854752,1,5617858609990565230,11.771840000000001
half,B,4,717147,1,16239703683931670523,11.745816000000001
half,B,4,253796,1,3439441016975507098,11.786209999999999
half,B,4,594298,1,4798526523817244832,11.640507
half,B,4,802333,1,3819621534406340157,12.030795
half,B,4,907497,1,10484106886685375873,11.813195
half,B,4,970136,1,13471145138073269334,11.843898
half,B,4,472710,1,1071764945648967332,11.673878
half,B,4,311434,1,13312524340719727440,11.547883
half,B,4,152112,1,16322557560223705822,11.730464
half,B,4,262882,1,4885238622096795672,11.944471
half,B,4,706522,11192,16319024398585763793,11.862176999999999
half,B,4,832912,1,11249777307035924222,11.946479
half,B,4,303769,1,14531641227824884241,11.559728999999999
half,B,4,223701,1,14913298735989284133,11.87579
half,B,4,809314,1,12415356666848604312,11.902143
half,B,4,831243,1,17493799186480836747,11.782502000000001
half,B,4,831746,6,11994764961511849508,11.792787
half,B,4,314373,1,16520513605143008309,11.684023999999999
half,B,4,810800,1,8128464222600791006,11.744945
half,B,4,211855,1,3743370044833225143,11.932661
half,B,4,533614,1,4376667340408475548,11.906768
half,B,4,335471,1,451944671791294039,11.54106
half,B,4,566134,1,11325398660381448180,11.834862999999999
half,B,4,738848,1,1380779053154122798,11.856602
half,B,4,359342,1,14883231301748386396,11.747183000000001
half,B,4,965210,1,4730302148286443584,11.919024
half,B,4,928413,2,8376696582690131624,11.958532
half,B,4,998782,1,10403787358389016396,11.499028000000001
half,B,4,248373,1,17521764539290178117,11.928685
half,B,4,113110,5,17846537488192821042,11.561563
half,B,4,421120,1,9920652127043963342,11.798757
half,B,4,579626,1,1888243217666303536,11.940297000000001
half,B,4,997466,1479,6198796847372762809,11.687031999999999
half,B,4,522760,4,17544809557982849494,11.963558
half,B,4,134930,1,998682338345632040,11.576686
half,B,4,786964,1,4578935303065100330,11.909267
half,B,4,884325,5,10113010642334288280,11.781626000000001
half,B,4,552447,1,7713192936805226119,11.697404
half,B,4,504571,1,762781710905613531,11.987317
half,B,4,951244,1,15701265341162067218,11.887212
half,B,4,220807,2,10133598433306529168,11.934042
half,B,4,681257,1,11792367510721151297,11.945568999999999
half,B,4,417658,1,11323718754454808224,11.674033
half,B,4,266352,1,2241104863634156446,11.664567
half,B,5,584510,1,7111464684906674828,12.02195
half,B,5,860467,1,8499319579229670723,11.76425
half,B,5,923923,1,9650181218042224611,12.035986000000001
half,B,5,533409,1,13545566108474160233,11.663079
half,B,5,220435,1,15247090426881772515,11.973396000000001
half,B,5,395173,1,3975989637082741525,11.604211
half,B,5,125555,1,2517411937524671747,11.754327
half,B,5,37317,1,4942412569031486069,12.007121
half,B,5,326694,1,13320112248117950340,11.977075999999999
half,B,5,408325,1,16408775646415533877,11.538181
half,B,5,928005,1,14338765217023417653,11.702061
half,B,5,636852,1,17437541427138785546,11.745282999999999
half,B,5,565201,1,8310996175663057017,11.938031
half,B,5,416400,1,15596084407285995518,11.946667
half,B,5,671950,1,5927922487194769596,11.939734
half,B,5,100598,21756,11480312130786620388,11.968971
half,B,5,130060,1,7731000763412354258,11.97194
half,B,5,763603,1,15156484188323302947,11.942506999999999
half,B,5,229656,1,589078364524119510,11.843163
half,B,5,854752,1,5617858609990565230,11.782238999999999
half,B,5,717147,1,16239703683931670523,11.621075999999999
half,B,5,253796,1,3439441016975507098,11.998156000000002
half,B,5,594298,1,4798526523817244832,11.849216
half,B,5,802333,1,3819621534406340157,11.714886
half,B,5,907497,1,10484106886685375873,11.674980999999999
half,B,5,970136,1,13471145138073269334,11.942718999999999
half,B,5,472710,1,1071764945648967332,11.699551999999999
half,B,5,311434,1,13312524340719727440,11.810690000000001
half,B,5,152112,1,16322557560223705822,11.710972
half,B,5,262882,1,4885238622096795672,11.762780000000001
half,B,5,706522,11192,16319024398585763793,11.750766
half,B,5,832912,1,11249777307035924222,11.910142
half,B,5,303769,1,14531641227824884241,11.749983
half,B,5,223701,1,14913298735989284133,11.987720999999999
half,B,5,809314,1,12415356666848604312,11.940344999999999
half,B,5,831243,1,17493799186480836747,11.844247
half,B,5,831746,6,11994764961511849508,11.896117
half,B,5,314373,1,16520513605143008309,11.783978
half,B,5,810800,1,8128464222600791006,11.816441000000001
half,B,5,211855,1,3743370044833225143,11.643953
half,B,5,533614,1,4376667340408475548,11.691886
half,B,5,335471,1,451944671791294039,11.936613999999999
half,B,5,566134,1,11325398660381448180,11.824596
half,B,5,738848,1,1380779053154122798,11.662942999999999
half,B,5,359342,1,14883231301748386396,11.841421
half,B,5,965210,1,4730302148286443584,11.828063
half,B,5,928413,2,8376696582690131624,11.919093
half,B,5,998782,1,10403787358389016396,11.716564
half,B,5,248373,1,17521764539290178117,11.561171
half,B,5,113110,5,17846537488192821042,11.895778
half,B,5,421120,1,9920652127043963342,12.028125
half,B,5,579626,1,1888243217666303536,12.084093999999999
half,B,5,997466,1479,6198796847372762809,11.806122
half,B,5,522760,4,17544809557982849494,11.686373999999999
half,B,5,134930,1,998682338345632040,11.578484
half,B,5,786964,1,4578935303065100330,11.710942999999999
half,B,5,884325,5,10113010642334288280,11.640634
half,B,5,552447,1,7713192936805226119,11.902040999999999
half,B,5,504571,1,762781710905613531,11.925092000000001
half,B,5,951244,1,15701265341162067218,11.630014
half,B,5,220807,2,10133598433306529168,11.714267
half,B,5,681257,1,11792367510721151297,11.777902
half,B,5,417658,1,11323718754454808224,11.970944
half,B,5,266352,1,2241104863634156446,11.923193999999999
half,B,6,584510,1,7111464684906674828,11.810688
half,B,6,860467,1,8499319579229670723,11.626698000000001
half,B,6,923923,1,9650181218042224611,11.794794
half,B,6,533409,1,13545566108474160233,11.648700000000002
half,B,6,220435,1,15247090426881772515,12.051238999999999
half,B,6,395173,1,3975989637082741525,11.93729
half,B,6,125555,1,2517411937524671747,11.754168
half,B,6,37317,1,4942412569031486069,12.053192
half,B,6,326694,1,13320112248117950340,11.811232
half,B,6,408325,1,16408775646415533877,11.895074000000001
half,B,6,928005,1,14338765217023417653,11.777348
half,B,6,636852,1,17437541427138785546,11.789606
half,B,6,565201,1,8310996175663057017,12.100946
half,B,6,416400,1,15596084407285995518,11.878337
half,B,6,671950,1,5927922487194769596,11.873011
half,B,6,100598,21756,11480312130786620388,11.988593000000002
half,B,6,130060,1,7731000763412354258,11.790935
half,B,6,763603,1,15156484188323302947,11.84407
half,B,6,229656,1,589078364524119510,11.883272000000002
half,B,6,854752,1,5617858609990565230,11.685902
half,B,6,717147,1,16239703683931670523,11.604093
half,B,6,253796,1,3439441016975507098,11.725475000000001
half,B,6,594298,1,4798526523817244832,11.760234
half,B,6,802333,1,3819621534406340157,11.764253
half,B,6,907497,1,10484106886685375873,12.026793
half,B,6,970136,1,13471145138073269334,11.850185999999999
half,B,6,472710,1,1071764945648967332,11.651965
half,B,6,311434,1,13312524340719727440,11.744824000000001
half,B,6,152112,1,16322557560223705822,12.000635
half,B,6,262882,1,4885238622096795672,11.930747
half,B,6,706522,11192,16319024398585763793,11.888503
half,B,6,832912,1,11249777307035924222,12.054784999999999
half,B,6,303769,1,14531641227824884241,11.945907
half,B,6,223701,1,14913298735989284133,11.739878000000001
half,B,6,809314,1,12415356666848604312,11.756167
half,B,6,831243,1,17493799186480836747,11.817278
half,B,6,831746,6,11994764961511849508,11.825849
half,B,6,314373,1,16520513605143008309,11.922271
half,B,6,810800,1,8128464222600791006,11.881608
half,B,6,211855,1,3743370044833225143,11.774294
half,B,6,533614,1,4376667340408475548,11.832389
half,B,6,335471,1,451944671791294039,11.591319
half,B,6,566134,1,11325398660381448180,11.744808
half,B,6,738848,1,1380779053154122798,11.943451999999999
half,B,6,359342,1,14883231301748386396,11.949513999999999
half,B,6,965210,1,4730302148286443584,11.767066000000002
half,B,6,928413,2,8376696582690131624,11.813776
half,B,6,998782,1,10403787358389016396,11.792802
half,B,6,248373,1,17521764539290178117,11.864918
half,B,6,113110,5,17846537488192821042,11.938086
half,B,6,421120,1,9920652127043963342,12.037807
half,B,6,579626,1,1888243217666303536,11.687978
half,B,6,997466,1479,6198796847372762809,11.970302
half,B,6,522760,4,17544809557982849494,11.652619000000001
half,B,6,134930,1,998682338345632040,11.985033999999999
half,B,6,786964,1,4578935303065100330,11.96294
half,B,6,884325,5,10113010642334288280,11.714396
half,B,6,552447,1,7713192936805226119,11.872305
half,B,6,504571,1,762781710905613531,11.758033
half,B,6,951244,1,15701265341162067218,11.732269
half,B,6,220807,2,10133598433306529168,11.933129999999998
half,B,6,681257,1,11792367510721151297,11.965173
half,B,6,417658,1,11323718754454808224,12.004459
half,B,6,266352,1,2241104863634156446,11.550232
half,L,1,584510,1,7111464684906674828,9.818557
half,L,1,860467,1,8499319579229670723,9.810407999999999
half,L,1,923923,1,9650181218042224611,9.820038
half,L,1,533409,1,13545566108474160233,9.806646
half,L,1,220435,1,15247090426881772515,9.809499
half,L,1,395173,1,3975989637082741525,9.819044
half,L,1,125555,1,2517411937524671747,9.813375
half,L,1,37317,1,4942412569031486069,9.791919
half,L,1,326694,1,13320112248117950340,9.798696
half,L,1,408325,1,16408775646415533877,9.798404
half,L,1,928005,1,14338765217023417653,9.811095
half,L,1,636852,1,17437541427138785546,9.819154000000001
half,L,1,565201,1,8310996175663057017,9.806576
half,L,1,416400,1,15596084407285995518,9.798975
half,L,1,671950,1,5927922487194769596,9.812967
half,L,1,100598,21756,11480312130786620388,10.075308000000001
half,L,1,130060,1,7731000763412354258,9.800498
half,L,1,763603,1,15156484188323302947,9.810111000000001
half,L,1,229656,1,589078364524119510,9.810904
half,L,1,854752,1,5617858609990565230,9.80642
half,L,1,717147,1,16239703683931670523,9.825732
half,L,1,253796,1,3439441016975507098,9.801518
half,L,1,594298,1,4798526523817244832,9.801939
half,L,1,802333,1,3819621534406340157,9.817902
half,L,1,907497,1,10484106886685375873,9.811373999999999
half,L,1,970136,1,13471145138073269334,9.797858
half,L,1,472710,1,1071764945648967332,9.823009
half,L,1,311434,1,13312524340719727440,9.813790000000001
half,L,1,152112,1,16322557560223705822,9.813506
half,L,1,262882,1,4885238622096795672,9.800966
half,L,1,706522,11192,16319024398585763793,9.990816
half,L,1,832912,1,11249777307035924222,9.816369
half,L,1,303769,1,14531641227824884241,9.793885
half,L,1,223701,1,14913298735989284133,9.821048000000001
half,L,1,809314,1,12415356666848604312,9.811804
half,L,1,831243,1,17493799186480836747,9.792499
half,L,1,831746,6,11994764961511849508,9.805209000000001
half,L,1,314373,1,16520513605143008309,9.792481
half,L,1,810800,1,8128464222600791006,9.809297
half,L,1,211855,1,3743370044833225143,9.801227999999998
half,L,1,533614,1,4376667340408475548,9.793467
half,L,1,335471,1,451944671791294039,9.807593
half,L,1,566134,1,11325398660381448180,9.791484
half,L,1,738848,1,1380779053154122798,9.805349
half,L,1,359342,1,14883231301748386396,9.828323000000001
half,L,1,965210,1,4730302148286443584,9.796924
half,L,1,928413,2,8376696582690131624,9.807641
half,L,1,998782,1,10403787358389016396,9.796864
half,L,1,248373,1,17521764539290178117,9.798834999999999
half,L,1,113110,5,17846537488192821042,9.834434
half,L,1,421120,1,9920652127043963342,9.805584000000001
half,L,1,579626,1,1888243217666303536,9.804461
half,L,1,997466,1479,6198796847372762809,9.867192999999999
half,L,1,522760,4,17544809557982849494,9.798531
half,L,1,134930,1,998682338345632040,9.795468999999999
half,L,1,786964,1,4578935303065100330,9.801624
half,L,1,884325,5,10113010642334288280,9.823958000000001
half,L,1,552447,1,7713192936805226119,9.796987999999999
half,L,1,504571,1,762781710905613531,9.806273
half,L,1,951244,1,15701265341162067218,9.811083
half,L,1,220807,2,10133598433306529168,9.80499
half,L,1,681257,1,11792367510721151297,9.813633
half,L,1,417658,1,11323718754454808224,9.796151
half,L,1,266352,1,2241104863634156446,9.796723
half,L,2,584510,1,7111464684906674828,9.797051999999999
half,L,2,860467,1,8499319579229670723,9.805664
half,L,2,923923,1,9650181218042224611,9.79851
half,L,2,533409,1,13545566108474160233,9.814299
half,L,2,220435,1,15247090426881772515,9.816704
half,L,2,395173,1,3975989637082741525,9.807872
half,L,2,125555,1,2517411937524671747,9.806554
half,L,2,37317,1,4942412569031486069,9.818525
half,L,2,326694,1,13320112248117950340,9.808729999999999
half,L,2,408325,1,16408775646415533877,9.814205
half,L,2,928005,1,14338765217023417653,9.906210999999999
half,L,2,636852,1,17437541427138785546,9.804058999999999
half,L,2,565201,1,8310996175663057017,9.795525
half,L,2,416400,1,15596084407285995518,9.800415999999998
half,L,2,671950,1,5927922487194769596,9.8043
half,L,2,100598,21756,11480312130786620388,10.048435
half,L,2,130060,1,7731000763412354258,9.788247
half,L,2,763603,1,15156484188323302947,9.79902
half,L,2,229656,1,589078364524119510,9.845958000000001
half,L,2,854752,1,5617858609990565230,9.814674
half,L,2,717147,1,16239703683931670523,9.794787
half,L,2,253796,1,3439441016975507098,9.797644
half,L,2,594298,1,4798526523817244832,9.790595
half,L,2,802333,1,3819621534406340157,9.810633
half,L,2,907497,1,10484106886685375873,9.796138000000001
half,L,2,970136,1,13471145138073269334,9.802254999999999
half,L,2,472710,1,1071764945648967332,9.801020000000001
half,L,2,311434,1,13312524340719727440,9.791921
half,L,2,152112,1,16322557560223705822,9.807012
half,L,2,262882,1,4885238622096795672,9.801442999999999
half,L,2,706522,11192,16319024398585763793,9.970604
half,L,2,832912,1,11249777307035924222,9.786311
half,L,2,303769,1,14531641227824884241,9.798618000000001
half,L,2,223701,1,14913298735989284133,9.799562
half,L,2,809314,1,12415356666848604312,9.815346
half,L,2,831243,1,17493799186480836747,9.791568999999999
half,L,2,831746,6,11994764961511849508,9.779476
half,L,2,314373,1,16520513605143008309,9.793790999999999
half,L,2,810800,1,8128464222600791006,9.784601
half,L,2,211855,1,3743370044833225143,9.787730999999999
half,L,2,533614,1,4376667340408475548,9.792836999999999
half,L,2,335471,1,451944671791294039,9.784523
half,L,2,566134,1,11325398660381448180,9.795
half,L,2,738848,1,1380779053154122798,9.794623
half,L,2,359342,1,14883231301748386396,9.811694
half,L,2,965210,1,4730302148286443584,9.795013999999998
half,L,2,928413,2,8376696582690131624,9.79973
half,L,2,998782,1,10403787358389016396,9.815458000000001
half,L,2,248373,1,17521764539290178117,9.835334999999999
half,L,2,113110,5,17846537488192821042,9.795845
half,L,2,421120,1,9920652127043963342,9.788359
half,L,2,579626,1,1888243217666303536,9.786926
half,L,2,997466,1479,6198796847372762809,9.875891
half,L,2,522760,4,17544809557982849494,9.780057000000001
half,L,2,134930,1,998682338345632040,9.780721
half,L,2,786964,1,4578935303065100330,9.790492
half,L,2,884325,5,10113010642334288280,9.857553
half,L,2,552447,1,7713192936805226119,9.783242
half,L,2,504571,1,762781710905613531,9.785339
half,L,2,951244,1,15701265341162067218,9.788981
half,L,2,220807,2,10133598433306529168,9.771679
half,L,2,681257,1,11792367510721151297,9.786475000000001
half,L,2,417658,1,11323718754454808224,9.765094
half,L,2,266352,1,2241104863634156446,9.781724
half,L,3,584510,1,7111464684906674828,9.811669
half,L,3,860467,1,8499319579229670723,9.801447
half,L,3,923923,1,9650181218042224611,9.814941999999999
half,L,3,533409,1,13545566108474160233,9.811722
half,L,3,220435,1,15247090426881772515,9.811635
half,L,3,395173,1,3975989637082741525,9.809754000000002
half,L,3,125555,1,2517411937524671747,9.789352999999998
half,L,3,37317,1,4942412569031486069,9.807881
half,L,3,326694,1,13320112248117950340,9.804986000000001
half,L,3,408325,1,16408775646415533877,9.808959999999999
half,L,3,928005,1,14338765217023417653,9.803468
half,L,3,636852,1,17437541427138785546,9.820249
half,L,3,565201,1,8310996175663057017,9.782737
half,L,3,416400,1,15596084407285995518,9.793075
half,L,3,671950,1,5927922487194769596,9.806053
half,L,3,100598,21756,11480312130786620388,10.047768
half,L,3,130060,1,7731000763412354258,9.789729999999999
half,L,3,763603,1,15156484188323302947,9.79016
half,L,3,229656,1,589078364524119510,9.791837
half,L,3,854752,1,5617858609990565230,9.809899
half,L,3,717147,1,16239703683931670523,9.791951
half,L,3,253796,1,3439441016975507098,9.767498999999999
half,L,3,594298,1,4798526523817244832,9.770133
half,L,3,802333,1,3819621534406340157,9.793149999999999
half,L,3,907497,1,10484106886685375873,9.777431
half,L,3,970136,1,13471145138073269334,9.781087
half,L,3,472710,1,1071764945648967332,9.7821
half,L,3,311434,1,13312524340719727440,9.79618
half,L,3,152112,1,16322557560223705822,9.757137
half,L,3,262882,1,4885238622096795672,9.787554
half,L,3,706522,11192,16319024398585763793,9.941749
half,L,3,832912,1,11249777307035924222,9.768257
half,L,3,303769,1,14531641227824884241,9.755078
half,L,3,223701,1,14913298735989284133,9.759582
half,L,3,809314,1,12415356666848604312,9.778008
half,L,3,831243,1,17493799186480836747,9.773639999999999
half,L,3,831746,6,11994764961511849508,9.776824000000001
half,L,3,314373,1,16520513605143008309,9.778938
half,L,3,810800,1,8128464222600791006,9.764111000000002
half,L,3,211855,1,3743370044833225143,9.782928
half,L,3,533614,1,4376667340408475548,9.778954
half,L,3,335471,1,451944671791294039,9.785634
half,L,3,566134,1,11325398660381448180,9.780657
half,L,3,738848,1,1380779053154122798,9.77504
half,L,3,359342,1,14883231301748386396,9.781951
half,L,3,965210,1,4730302148286443584,9.779091000000001
half,L,3,928413,2,8376696582690131624,9.783466
half,L,3,998782,1,10403787358389016396,9.774151
half,L,3,248373,1,17521764539290178117,9.772571
half,L,3,113110,5,17846537488192821042,9.801081
half,L,3,421120,1,9920652127043963342,9.764826999999999
half,L,3,579626,1,1888243217666303536,9.77833
half,L,3,997466,1479,6198796847372762809,9.851225000000001
half,L,3,522760,4,17544809557982849494,9.770757
half,L,3,134930,1,998682338345632040,9.782661000000001
half,L,3,786964,1,4578935303065100330,9.759936
half,L,3,884325,5,10113010642334288280,9.757028
half,L,3,552447,1,7713192936805226119,9.814755
half,L,3,504571,1,762781710905613531,9.795574
half,L,3,951244,1,15701265341162067218,9.771957
half,L,3,220807,2,10133598433306529168,9.759375
half,L,3,681257,1,11792367510721151297,9.763904
half,L,3,417658,1,11323718754454808224,9.774977000000002
half,L,3,266352,1,2241104863634156446,9.770301
half,L,4,584510,1,7111464684906674828,9.816406
half,L,4,860467,1,8499319579229670723,9.822716
half,L,4,923923,1,9650181218042224611,9.831603
half,L,4,533409,1,13545566108474160233,9.820134
half,L,4,220435,1,15247090426881772515,9.810461
half,L,4,395173,1,3975989637082741525,9.826436
half,L,4,125555,1,2517411937524671747,9.815425
half,L,4,37317,1,4942412569031486069,9.818896
half,L,4,326694,1,13320112248117950340,9.813666
half,L,4,408325,1,16408775646415533877,9.824513000000001
half,L,4,928005,1,14338765217023417653,9.834389
half,L,4,636852,1,17437541427138785546,9.805457
half,L,4,565201,1,8310996175663057017,9.829554
half,L,4,416400,1,15596084407285995518,9.824707
half,L,4,671950,1,5927922487194769596,9.819180000000001
half,L,4,100598,21756,11480312130786620388,10.068749
half,L,4,130060,1,7731000763412354258,9.824971
half,L,4,763603,1,15156484188323302947,9.817897
half,L,4,229656,1,589078364524119510,9.808303
half,L,4,854752,1,5617858609990565230,9.826004000000001
half,L,4,717147,1,16239703683931670523,9.819803
half,L,4,253796,1,3439441016975507098,9.817428
half,L,4,594298,1,4798526523817244832,9.808517
half,L,4,802333,1,3819621534406340157,9.839717
half,L,4,907497,1,10484106886685375873,9.843145
half,L,4,970136,1,13471145138073269334,9.826754000000001
half,L,4,472710,1,1071764945648967332,9.829237
half,L,4,311434,1,13312524340719727440,9.814197
half,L,4,152112,1,16322557560223705822,9.820015
half,L,4,262882,1,4885238622096795672,9.812783
half,L,4,706522,11192,16319024398585763793,9.993527
half,L,4,832912,1,11249777307035924222,9.833680000000001
half,L,4,303769,1,14531641227824884241,9.806911
half,L,4,223701,1,14913298735989284133,9.808662
half,L,4,809314,1,12415356666848604312,9.835272999999999
half,L,4,831243,1,17493799186480836747,9.81399
half,L,4,831746,6,11994764961511849508,9.845822
half,L,4,314373,1,16520513605143008309,9.804222
half,L,4,810800,1,8128464222600791006,9.833055
half,L,4,211855,1,3743370044833225143,9.803422000000001
half,L,4,533614,1,4376667340408475548,9.815299999999999
half,L,4,335471,1,451944671791294039,9.836305
half,L,4,566134,1,11325398660381448180,9.815648
half,L,4,738848,1,1380779053154122798,9.810697
half,L,4,359342,1,14883231301748386396,9.822386
half,L,4,965210,1,4730302148286443584,9.828023
half,L,4,928413,2,8376696582690131624,9.819075000000002
half,L,4,998782,1,10403787358389016396,9.803332000000001
half,L,4,248373,1,17521764539290178117,9.825125
half,L,4,113110,5,17846537488192821042,9.831729
half,L,4,421120,1,9920652127043963342,9.823169
half,L,4,579626,1,1888243217666303536,9.837678
half,L,4,997466,1479,6198796847372762809,9.890791
half,L,4,522760,4,17544809557982849494,9.828465
half,L,4,134930,1,998682338345632040,9.832618
half,L,4,786964,1,4578935303065100330,9.818665000000001
half,L,4,884325,5,10113010642334288280,9.826523
half,L,4,552447,1,7713192936805226119,9.820928
half,L,4,504571,1,762781710905613531,9.825643
half,L,4,951244,1,15701265341162067218,9.815691000000001
half,L,4,220807,2,10133598433306529168,9.817092
half,L,4,681257,1,11792367510721151297,9.835757
half,L,4,417658,1,11323718754454808224,9.804205
half,L,4,266352,1,2241104863634156446,9.824482
half,L,5,584510,1,7111464684906674828,9.852361
half,L,5,860467,1,8499319579229670723,9.853722
half,L,5,923923,1,9650181218042224611,9.856626
half,L,5,533409,1,13545566108474160233,9.857287
half,L,5,220435,1,15247090426881772515,9.867058
half,L,5,395173,1,3975989637082741525,9.859705
half,L,5,125555,1,2517411937524671747,9.850071
half,L,5,37317,1,4942412569031486069,9.849521000000001
half,L,5,326694,1,13320112248117950340,9.839963
half,L,5,408325,1,16408775646415533877,9.868181
half,L,5,928005,1,14338765217023417653,9.858317
half,L,5,636852,1,17437541427138785546,9.861347
half,L,5,565201,1,8310996175663057017,9.853208
half,L,5,416400,1,15596084407285995518,9.853494000000001
half,L,5,671950,1,5927922487194769596,9.851374
half,L,5,100598,21756,11480312130786620388,10.115231
half,L,5,130060,1,7731000763412354258,9.859034
half,L,5,763603,1,15156484188323302947,9.863772
half,L,5,229656,1,589078364524119510,9.845488999999999
half,L,5,854752,1,5617858609990565230,9.85416
half,L,5,717147,1,16239703683931670523,9.859811
half,L,5,253796,1,3439441016975507098,9.861061
half,L,5,594298,1,4798526523817244832,9.86691
half,L,5,802333,1,3819621534406340157,9.862512
half,L,5,907497,1,10484106886685375873,9.861612
half,L,5,970136,1,13471145138073269334,9.860137
half,L,5,472710,1,1071764945648967332,9.844716
half,L,5,311434,1,13312524340719727440,9.821987
half,L,5,152112,1,16322557560223705822,9.818536
half,L,5,262882,1,4885238622096795672,9.839381999999999
half,L,5,706522,11192,16319024398585763793,10.001691000000001
half,L,5,832912,1,11249777307035924222,9.812763
half,L,5,303769,1,14531641227824884241,9.832513
half,L,5,223701,1,14913298735989284133,9.807744000000001
half,L,5,809314,1,12415356666848604312,9.824809
half,L,5,831243,1,17493799186480836747,9.825012000000001
half,L,5,831746,6,11994764961511849508,9.821188
half,L,5,314373,1,16520513605143008309,9.823814
half,L,5,810800,1,8128464222600791006,9.81716
half,L,5,211855,1,3743370044833225143,9.818676
half,L,5,533614,1,4376667340408475548,9.796382
half,L,5,335471,1,451944671791294039,9.826595
half,L,5,566134,1,11325398660381448180,9.808968
half,L,5,738848,1,1380779053154122798,9.820202
half,L,5,359342,1,14883231301748386396,9.831262
half,L,5,965210,1,4730302148286443584,9.824486
half,L,5,928413,2,8376696582690131624,9.823146000000001
half,L,5,998782,1,10403787358389016396,9.825173000000001
half,L,5,248373,1,17521764539290178117,9.8118
half,L,5,113110,5,17846537488192821042,9.805501
half,L,5,421120,1,9920652127043963342,9.825657999999999
half,L,5,579626,1,1888243217666303536,9.820298000000001
half,L,5,997466,1479,6198796847372762809,9.925722
half,L,5,522760,4,17544809557982849494,9.827367
half,L,5,134930,1,998682338345632040,9.832167
half,L,5,786964,1,4578935303065100330,9.820683
half,L,5,884325,5,10113010642334288280,9.820831
half,L,5,552447,1,7713192936805226119,9.830463
half,L,5,504571,1,762781710905613531,9.816486999999999
half,L,5,951244,1,15701265341162067218,9.831541
half,L,5,220807,2,10133598433306529168,9.809880999999999
half,L,5,681257,1,11792367510721151297,9.817003000000001
half,L,5,417658,1,11323718754454808224,9.821048000000001
half,L,5,266352,1,2241104863634156446,9.811805
half,L,6,584510,1,7111464684906674828,9.885968
half,L,6,860467,1,8499319579229670723,9.882442
half,L,6,923923,1,9650181218042224611,9.865132
half,L,6,533409,1,13545566108474160233,9.864825999999999
half,L,6,220435,1,15247090426881772515,9.850223
half,L,6,395173,1,3975989637082741525,9.854392
half,L,6,125555,1,2517411937524671747,9.835674999999998
half,L,6,37317,1,4942412569031486069,9.839604
half,L,6,326694,1,13320112248117950340,9.83342
half,L,6,408325,1,16408775646415533877,9.832698
half,L,6,928005,1,14338765217023417653,9.826958000000001
half,L,6,636852,1,17437541427138785546,9.815617
half,L,6,565201,1,8310996175663057017,9.824105
half,L,6,416400,1,15596084407285995518,9.822355
half,L,6,671950,1,5927922487194769596,9.821584000000001
half,L,6,100598,21756,11480312130786620388,10.082677
half,L,6,130060,1,7731000763412354258,9.831495
half,L,6,763603,1,15156484188323302947,9.820744000000001
half,L,6,229656,1,589078364524119510,9.820122999999999
half,L,6,854752,1,5617858609990565230,9.821852000000002
half,L,6,717147,1,16239703683931670523,9.818123
half,L,6,253796,1,3439441016975507098,9.820902
half,L,6,594298,1,4798526523817244832,9.824866
half,L,6,802333,1,3819621534406340157,9.818499
half,L,6,907497,1,10484106886685375873,9.823744000000001
half,L,6,970136,1,13471145138073269334,9.826992
half,L,6,472710,1,1071764945648967332,9.81964
half,L,6,311434,1,13312524340719727440,9.824933000000001
half,L,6,152112,1,16322557560223705822,9.828142
half,L,6,262882,1,4885238622096795672,9.802313
half,L,6,706522,11192,16319024398585763793,10.001914000000001
half,L,6,832912,1,11249777307035924222,9.826171
half,L,6,303769,1,14531641227824884241,9.833200000000001
half,L,6,223701,1,14913298735989284133,9.818509
half,L,6,809314,1,12415356666848604312,9.833217000000001
half,L,6,831243,1,17493799186480836747,9.823947
half,L,6,831746,6,11994764961511849508,9.825964
half,L,6,314373,1,16520513605143008309,9.818176
half,L,6,810800,1,8128464222600791006,9.810899
half,L,6,211855,1,3743370044833225143,9.813058000000002
half,L,6,533614,1,4376667340408475548,9.819083000000001
half,L,6,335471,1,451944671791294039,9.820443
half,L,6,566134,1,11325398660381448180,9.816723
half,L,6,738848,1,1380779053154122798,9.831249
half,L,6,359342,1,14883231301748386396,9.80947
half,L,6,965210,1,4730302148286443584,9.81619
half,L,6,928413,2,8376696582690131624,9.818357
half,L,6,998782,1,10403787358389016396,9.826236000000002
half,L,6,248373,1,17521764539290178117,9.82642
half,L,6,113110,5,17846537488192821042,9.799973
half,L,6,421120,1,9920652127043963342,9.819792999999999
half,L,6,579626,1,1888243217666303536,9.824147
half,L,6,997466,1479,6198796847372762809,9.896006999999999
half,L,6,522760,4,17544809557982849494,9.812393
half,L,6,134930,1,998682338345632040,9.814978
half,L,6,786964,1,4578935303065100330,9.824286
half,L,6,884325,5,10113010642334288280,9.805392
half,L,6,552447,1,7713192936805226119,9.817518
half,L,6,504571,1,762781710905613531,9.806121
half,L,6,951244,1,15701265341162067218,9.823824
half,L,6,220807,2,10133598433306529168,9.818717000000001
half,L,6,681257,1,11792367510721151297,9.819992000000001
half,L,6,417658,1,11323718754454808224,9.821200999999999
half,L,6,266352,1,2241104863634156446,9.805337999999999
half,E64,1,584510,1,7111464684906674828,5.778887
half,E64,1,860467,1,8499319579229670723,6.564224
half,E64,1,923923,1,9650181218042224611,4.461944000000001
half,E64,1,533409,1,13545566108474160233,6.079064000000001
half,E64,1,220435,1,15247090426881772515,7.002041
half,E64,1,395173,1,3975989637082741525,7.430201
half,E64,1,125555,1,2517411937524671747,6.432271
half,E64,1,37317,1,4942412569031486069,5.216811
half,E64,1,326694,1,13320112248117950340,6.452356
half,E64,1,408325,1,16408775646415533877,7.605875
half,E64,1,928005,1,14338765217023417653,5.957376
half,E64,1,636852,1,17437541427138785546,7.280591
half,E64,1,565201,1,8310996175663057017,6.549231
half,E64,1,416400,1,15596084407285995518,5.756991
half,E64,1,671950,1,5927922487194769596,5.517720000000001
half,E64,1,100598,21756,11480312130786620388,8.824056
half,E64,1,130060,1,7731000763412354258,6.862712999999999
half,E64,1,763603,1,15156484188323302947,7.12305
half,E64,1,229656,1,589078364524119510,5.440682
half,E64,1,854752,1,5617858609990565230,6.382036
half,E64,1,717147,1,16239703683931670523,7.785683
half,E64,1,253796,1,3439441016975507098,3.8512020000000002
half,E64,1,594298,1,4798526523817244832,4.3841980000000005
half,E64,1,802333,1,3819621534406340157,6.7413419999999995
half,E64,1,907497,1,10484106886685375873,7.880975
half,E64,1,970136,1,13471145138073269334,5.272108
half,E64,1,472710,1,1071764945648967332,4.8901840000000005
half,E64,1,311434,1,13312524340719727440,6.354529
half,E64,1,152112,1,16322557560223705822,6.645598
half,E64,1,262882,1,4885238622096795672,7.696613
half,E64,1,706522,11192,16319024398585763793,8.367462
half,E64,1,832912,1,11249777307035924222,5.91689
half,E64,1,303769,1,14531641227824884241,6.316878
half,E64,1,223701,1,14913298735989284133,7.392117
half,E64,1,809314,1,12415356666848604312,6.230868999999999
half,E64,1,831243,1,17493799186480836747,4.279228
half,E64,1,831746,6,11994764961511849508,7.006174
half,E64,1,314373,1,16520513605143008309,7.104884
half,E64,1,810800,1,8128464222600791006,6.99261
half,E64,1,211855,1,3743370044833225143,5.378914
half,E64,1,533614,1,4376667340408475548,6.635247000000001
half,E64,1,335471,1,451944671791294039,7.565425
half,E64,1,566134,1,11325398660381448180,7.0976289999999995
half,E64,1,738848,1,1380779053154122798,7.616153000000001
half,E64,1,359342,1,14883231301748386396,5.802263
half,E64,1,965210,1,4730302148286443584,6.5653429999999995
half,E64,1,928413,2,8376696582690131624,6.063991
half,E64,1,998782,1,10403787358389016396,7.042511
half,E64,1,248373,1,17521764539290178117,5.383922999999999
half,E64,1,113110,5,17846537488192821042,8.087455
half,E64,1,421120,1,9920652127043963342,6.5541030000000005
half,E64,1,579626,1,1888243217666303536,5.915674
half,E64,1,997466,1479,6198796847372762809,6.774074
half,E64,1,522760,4,17544809557982849494,6.648296
half,E64,1,134930,1,998682338345632040,5.783689000000001
half,E64,1,786964,1,4578935303065100330,6.193823999999999
half,E64,1,884325,5,10113010642334288280,7.943215
half,E64,1,552447,1,7713192936805226119,6.9880320000000005
half,E64,1,504571,1,762781710905613531,4.8018670000000006
half,E64,1,951244,1,15701265341162067218,7.979798
half,E64,1,220807,2,10133598433306529168,7.961081
half,E64,1,681257,1,11792367510721151297,5.083869
half,E64,1,417658,1,11323718754454808224,4.0589699999999995
half,E64,1,266352,1,2241104863634156446,6.149502999999999
half,E64,2,584510,1,7111464684906674828,5.829188
half,E64,2,860467,1,8499319579229670723,6.58042
half,E64,2,923923,1,9650181218042224611,4.420611
half,E64,2,533409,1,13545566108474160233,6.051563
half,E64,2,220435,1,15247090426881772515,6.975489
half,E64,2,395173,1,3975989637082741525,7.423496
half,E64,2,125555,1,2517411937524671747,6.410698
half,E64,2,37317,1,4942412569031486069,5.18586
half,E64,2,326694,1,13320112248117950340,6.487963
half,E64,2,408325,1,16408775646415533877,7.673355
half,E64,2,928005,1,14338765217023417653,5.880937
half,E64,2,636852,1,17437541427138785546,7.172553
half,E64,2,565201,1,8310996175663057017,6.5331980000000005
half,E64,2,416400,1,15596084407285995518,5.794952
half,E64,2,671950,1,5927922487194769596,5.5575529999999995
half,E64,2,100598,21756,11480312130786620388,8.714158
half,E64,2,130060,1,7731000763412354258,6.850786
half,E64,2,763603,1,15156484188323302947,7.11425
half,E64,2,229656,1,589078364524119510,5.426272
half,E64,2,854752,1,5617858609990565230,6.392277
half,E64,2,717147,1,16239703683931670523,7.747491
half,E64,2,253796,1,3439441016975507098,3.915735
half,E64,2,594298,1,4798526523817244832,4.293138
half,E64,2,802333,1,3819621534406340157,6.7165870000000005
half,E64,2,907497,1,10484106886685375873,7.811514
half,E64,2,970136,1,13471145138073269334,5.254312
half,E64,2,472710,1,1071764945648967332,4.952298
half,E64,2,311434,1,13312524340719727440,6.3839369999999995
half,E64,2,152112,1,16322557560223705822,6.640223
half,E64,2,262882,1,4885238622096795672,7.649497
half,E64,2,706522,11192,16319024398585763793,8.490492
half,E64,2,832912,1,11249777307035924222,5.918755
half,E64,2,303769,1,14531641227824884241,6.290756999999999
half,E64,2,223701,1,14913298735989284133,7.446786
half,E64,2,809314,1,12415356666848604312,6.151415
half,E64,2,831243,1,17493799186480836747,4.202863000000001
half,E64,2,831746,6,11994764961511849508,7.016269
half,E64,2,314373,1,16520513605143008309,7.184435000000001
half,E64,2,810800,1,8128464222600791006,6.972309
half,E64,2,211855,1,3743370044833225143,5.38399
half,E64,2,533614,1,4376667340408475548,6.6313770000000005
half,E64,2,335471,1,451944671791294039,7.4763090000000005
half,E64,2,566134,1,11325398660381448180,7.107694
half,E64,2,738848,1,1380779053154122798,7.625156
half,E64,2,359342,1,14883231301748386396,5.755746
half,E64,2,965210,1,4730302148286443584,6.505184
half,E64,2,928413,2,8376696582690131624,6.09066
half,E64,2,998782,1,10403787358389016396,7.056978
half,E64,2,248373,1,17521764539290178117,5.444355
half,E64,2,113110,5,17846537488192821042,7.932277
half,E64,2,421120,1,9920652127043963342,6.556198999999999
half,E64,2,579626,1,1888243217666303536,5.932086
half,E64,2,997466,1479,6198796847372762809,7.013229
half,E64,2,522760,4,17544809557982849494,6.63168
half,E64,2,134930,1,998682338345632040,5.8663739999999995
half,E64,2,786964,1,4578935303065100330,6.2023280000000005
half,E64,2,884325,5,10113010642334288280,7.91362
half,E64,2,552447,1,7713192936805226119,6.904856
half,E64,2,504571,1,762781710905613531,4.759805999999999
half,E64,2,951244,1,15701265341162067218,8.067034
half,E64,2,220807,2,10133598433306529168,7.955305
half,E64,2,681257,1,11792367510721151297,5.034668
half,E64,2,417658,1,11323718754454808224,4.1853050000000005
half,E64,2,266352,1,2241104863634156446,6.110337
half,E64,3,584510,1,7111464684906674828,5.867511
half,E64,3,860467,1,8499319579229670723,6.544504
half,E64,3,923923,1,9650181218042224611,4.388019
half,E64,3,533409,1,13545566108474160233,6.038626
half,E64,3,220435,1,15247090426881772515,6.996666
half,E64,3,395173,1,3975989637082741525,7.397405
half,E64,3,125555,1,2517411937524671747,6.399153
half,E64,3,37317,1,4942412569031486069,5.195455
half,E64,3,326694,1,13320112248117950340,6.476702
half,E64,3,408325,1,16408775646415533877,7.716653
half,E64,3,928005,1,14338765217023417653,5.955236
half,E64,3,636852,1,17437541427138785546,7.17776
half,E64,3,565201,1,8310996175663057017,6.520671999999999
half,E64,3,416400,1,15596084407285995518,5.76379
half,E64,3,671950,1,5927922487194769596,5.507354
half,E64,3,100598,21756,11480312130786620388,8.739737
half,E64,3,130060,1,7731000763412354258,6.8820630000000005
half,E64,3,763603,1,15156484188323302947,7.180217
half,E64,3,229656,1,589078364524119510,5.426525
half,E64,3,854752,1,5617858609990565230,6.314616
half,E64,3,717147,1,16239703683931670523,7.865663
half,E64,3,253796,1,3439441016975507098,3.940582
half,E64,3,594298,1,4798526523817244832,4.369375
half,E64,3,802333,1,3819621534406340157,6.729452
half,E64,3,907497,1,10484106886685375873,7.8871649999999995
half,E64,3,970136,1,13471145138073269334,5.212504
half,E64,3,472710,1,1071764945648967332,4.8980429999999995
half,E64,3,311434,1,13312524340719727440,6.32644
half,E64,3,152112,1,16322557560223705822,6.668525
half,E64,3,262882,1,4885238622096795672,7.684027
half,E64,3,706522,11192,16319024398585763793,8.344133
half,E64,3,832912,1,11249777307035924222,5.9127849999999995
half,E64,3,303769,1,14531641227824884241,6.538406
half,E64,3,223701,1,14913298735989284133,7.5760749999999994
half,E64,3,809314,1,12415356666848604312,6.196474
half,E64,3,831243,1,17493799186480836747,4.2701530000000005
half,E64,3,831746,6,11994764961511849508,7.083303
half,E64,3,314373,1,16520513605143008309,7.118216
half,E64,3,810800,1,8128464222600791006,6.9829930000000004
half,E64,3,211855,1,3743370044833225143,5.320161
half,E64,3,533614,1,4376667340408475548,6.5931999999999995
half,E64,3,335471,1,451944671791294039,7.464424
half,E64,3,566134,1,11325398660381448180,7.1022
half,E64,3,738848,1,1380779053154122798,7.649306999999999
half,E64,3,359342,1,14883231301748386396,6.026636000000001
half,E64,3,965210,1,4730302148286443584,6.483531
half,E64,3,928413,2,8376696582690131624,6.095716
half,E64,3,998782,1,10403787358389016396,7.069959
half,E64,3,248373,1,17521764539290178117,5.369703
half,E64,3,113110,5,17846537488192821042,7.995474
half,E64,3,421120,1,9920652127043963342,6.553091
half,E64,3,579626,1,1888243217666303536,5.880366
half,E64,3,997466,1479,6198796847372762809,6.910438
half,E64,3,522760,4,17544809557982849494,6.684036
half,E64,3,134930,1,998682338345632040,5.907909
half,E64,3,786964,1,4578935303065100330,6.1477200000000005
half,E64,3,884325,5,10113010642334288280,7.886432
half,E64,3,552447,1,7713192936805226119,6.923023
half,E64,3,504571,1,762781710905613531,4.85171
half,E64,3,951244,1,15701265341162067218,7.976609000000001
half,E64,3,220807,2,10133598433306529168,7.878602
half,E64,3,681257,1,11792367510721151297,5.072807
half,E64,3,417658,1,11323718754454808224,4.041131
half,E64,3,266352,1,2241104863634156446,6.070964
half,E64,4,584510,1,7111464684906674828,5.827473
half,E64,4,860467,1,8499319579229670723,6.476939000000001
half,E64,4,923923,1,9650181218042224611,4.405362
half,E64,4,533409,1,13545566108474160233,6.045536
half,E64,4,220435,1,15247090426881772515,6.938035
half,E64,4,395173,1,3975989637082741525,7.37048
half,E64,4,125555,1,2517411937524671747,6.426201
half,E64,4,37317,1,4942412569031486069,5.170172
half,E64,4,326694,1,13320112248117950340,6.416060000000001
half,E64,4,408325,1,16408775646415533877,7.649835
half,E64,4,928005,1,14338765217023417653,5.892145999999999
half,E64,4,636852,1,17437541427138785546,7.196394000000001
half,E64,4,565201,1,8310996175663057017,6.56105
half,E64,4,416400,1,15596084407285995518,5.828598
half,E64,4,671950,1,5927922487194769596,5.48762
half,E64,4,100598,21756,11480312130786620388,8.7865
half,E64,4,130060,1,7731000763412354258,6.8181009999999995
half,E64,4,763603,1,15156484188323302947,7.138718
half,E64,4,229656,1,589078364524119510,5.448375
half,E64,4,854752,1,5617858609990565230,6.3526180000000005
half,E64,4,717147,1,16239703683931670523,7.740315
half,E64,4,253796,1,3439441016975507098,3.822765
half,E64,4,594298,1,4798526523817244832,4.280195
half,E64,4,802333,1,3819621534406340157,6.67176
half,E64,4,907497,1,10484106886685375873,7.798058
half,E64,4,970136,1,13471145138073269334,5.229347
half,E64,4,472710,1,1071764945648967332,4.858657
half,E64,4,311434,1,13312524340719727440,6.3164489999999995
half,E64,4,152112,1,16322557560223705822,6.549709
half,E64,4,262882,1,4885238622096795672,7.713037999999999
half,E64,4,706522,11192,16319024398585763793,8.298952
half,E64,4,832912,1,11249777307035924222,6.015564
half,E64,4,303769,1,14531641227824884241,6.283771
half,E64,4,223701,1,14913298735989284133,7.386363
half,E64,4,809314,1,12415356666848604312,6.160743
half,E64,4,831243,1,17493799186480836747,4.222396
half,E64,4,831746,6,11994764961511849508,7.010495
half,E64,4,314373,1,16520513605143008309,7.062514
half,E64,4,810800,1,8128464222600791006,6.99089
half,E64,4,211855,1,3743370044833225143,5.31026
half,E64,4,533614,1,4376667340408475548,6.585386000000001
half,E64,4,335471,1,451944671791294039,7.406020000000001
half,E64,4,566134,1,11325398660381448180,7.056111
half,E64,4,738848,1,1380779053154122798,7.651349
half,E64,4,359342,1,14883231301748386396,5.800036
half,E64,4,965210,1,4730302148286443584,6.517866
half,E64,4,928413,2,8376696582690131624,6.061756999999999
half,E64,4,998782,1,10403787358389016396,7.03055
half,E64,4,248373,1,17521764539290178117,5.372401
half,E64,4,113110,5,17846537488192821042,7.865753
half,E64,4,421120,1,9920652127043963342,6.6320429999999995
half,E64,4,579626,1,1888243217666303536,5.974055999999999
half,E64,4,997466,1479,6198796847372762809,6.858461
half,E64,4,522760,4,17544809557982849494,6.642111
half,E64,4,134930,1,998682338345632040,5.930567
half,E64,4,786964,1,4578935303065100330,6.136281
half,E64,4,884325,5,10113010642334288280,7.9268019999999995
half,E64,4,552447,1,7713192936805226119,6.9147039999999995
half,E64,4,504571,1,762781710905613531,4.782392
half,E64,4,951244,1,15701265341162067218,7.946212999999999
half,E64,4,220807,2,10133598433306529168,7.900169
half,E64,4,681257,1,11792367510721151297,4.954429
half,E64,4,417658,1,11323718754454808224,4.172604000000001
half,E64,4,266352,1,2241104863634156446,6.071783
half,E64,5,584510,1,7111464684906674828,5.803350999999999
half,E64,5,860467,1,8499319579229670723,6.5020500000000006
half,E64,5,923923,1,9650181218042224611,4.45857
half,E64,5,533409,1,13545566108474160233,6.012832
half,E64,5,220435,1,15247090426881772515,7.028513
half,E64,5,395173,1,3975989637082741525,7.41195
half,E64,5,125555,1,2517411937524671747,6.383321
half,E64,5,37317,1,4942412569031486069,5.198517
half,E64,5,326694,1,13320112248117950340,6.464384
half,E64,5,408325,1,16408775646415533877,7.724046
half,E64,5,928005,1,14338765217023417653,5.939629
half,E64,5,636852,1,17437541427138785546,7.255187
half,E64,5,565201,1,8310996175663057017,6.559031
half,E64,5,416400,1,15596084407285995518,5.761629
half,E64,5,671950,1,5927922487194769596,5.53697
half,E64,5,100598,21756,11480312130786620388,8.958774
half,E64,5,130060,1,7731000763412354258,6.874655
half,E64,5,763603,1,15156484188323302947,7.190697
half,E64,5,229656,1,589078364524119510,5.482267
half,E64,5,854752,1,5617858609990565230,6.350681
half,E64,5,717147,1,16239703683931670523,7.809564999999999
half,E64,5,253796,1,3439441016975507098,3.915993
half,E64,5,594298,1,4798526523817244832,4.3304219999999995
half,E64,5,802333,1,3819621534406340157,6.737309
half,E64,5,907497,1,10484106886685375873,7.894661
half,E64,5,970136,1,13471145138073269334,5.247285
half,E64,5,472710,1,1071764945648967332,4.972382
half,E64,5,311434,1,13312524340719727440,6.297834
half,E64,5,152112,1,16322557560223705822,6.605366
half,E64,5,262882,1,4885238622096795672,7.7188
half,E64,5,706522,11192,16319024398585763793,8.562906000000002
half,E64,5,832912,1,11249777307035924222,5.998491
half,E64,5,303769,1,14531641227824884241,6.302785
half,E64,5,223701,1,14913298735989284133,7.449720999999999
half,E64,5,809314,1,12415356666848604312,6.171903
half,E64,5,831243,1,17493799186480836747,4.264351
half,E64,5,831746,6,11994764961511849508,7.0135749999999994
half,E64,5,314373,1,16520513605143008309,7.312932
half,E64,5,810800,1,8128464222600791006,6.999169
half,E64,5,211855,1,3743370044833225143,5.351956
half,E64,5,533614,1,4376667340408475548,6.5903540000000005
half,E64,5,335471,1,451944671791294039,7.4838059999999995
half,E64,5,566134,1,11325398660381448180,7.0887709999999995
half,E64,5,738848,1,1380779053154122798,7.637594
half,E64,5,359342,1,14883231301748386396,5.7812079999999995
half,E64,5,965210,1,4730302148286443584,6.485667
half,E64,5,928413,2,8376696582690131624,6.102946
half,E64,5,998782,1,10403787358389016396,7.04699
half,E64,5,248373,1,17521764539290178117,5.372859
half,E64,5,113110,5,17846537488192821042,7.974621
half,E64,5,421120,1,9920652127043963342,6.496147
half,E64,5,579626,1,1888243217666303536,5.928337000000001
half,E64,5,997466,1479,6198796847372762809,6.951092
half,E64,5,522760,4,17544809557982849494,6.665126
half,E64,5,134930,1,998682338345632040,5.906732
half,E64,5,786964,1,4578935303065100330,6.204841
half,E64,5,884325,5,10113010642334288280,7.9053249999999995
half,E64,5,552447,1,7713192936805226119,6.971103
half,E64,5,504571,1,762781710905613531,4.769001
half,E64,5,951244,1,15701265341162067218,8.057883
half,E64,5,220807,2,10133598433306529168,7.9001909999999995
half,E64,5,681257,1,11792367510721151297,5.024214
half,E64,5,417658,1,11323718754454808224,4.128687
half,E64,5,266352,1,2241104863634156446,6.104387
half,E64,6,584510,1,7111464684906674828,5.824676999999999
half,E64,6,860467,1,8499319579229670723,6.5181130000000005
half,E64,6,923923,1,9650181218042224611,4.410924
half,E64,6,533409,1,13545566108474160233,5.9977030000000005
half,E64,6,220435,1,15247090426881772515,6.975521
half,E64,6,395173,1,3975989637082741525,7.342768
half,E64,6,125555,1,2517411937524671747,6.394642
half,E64,6,37317,1,4942412569031486069,5.164044
half,E64,6,326694,1,13320112248117950340,6.470204
half,E64,6,408325,1,16408775646415533877,7.6812629999999995
half,E64,6,928005,1,14338765217023417653,5.9382969999999995
half,E64,6,636852,1,17437541427138785546,7.162851
half,E64,6,565201,1,8310996175663057017,6.564546999999999
half,E64,6,416400,1,15596084407285995518,5.738068
half,E64,6,671950,1,5927922487194769596,5.5398320000000005
half,E64,6,100598,21756,11480312130786620388,8.688699
half,E64,6,130060,1,7731000763412354258,6.850009
half,E64,6,763603,1,15156484188323302947,7.14966
half,E64,6,229656,1,589078364524119510,5.38711
half,E64,6,854752,1,5617858609990565230,6.320527
half,E64,6,717147,1,16239703683931670523,7.73737
half,E64,6,253796,1,3439441016975507098,3.89446
half,E64,6,594298,1,4798526523817244832,4.247071
half,E64,6,802333,1,3819621534406340157,6.728783999999999
half,E64,6,907497,1,10484106886685375873,7.8543
half,E64,6,970136,1,13471145138073269334,5.252476
half,E64,6,472710,1,1071764945648967332,4.868281
half,E64,6,311434,1,13312524340719727440,6.366283999999999
half,E64,6,152112,1,16322557560223705822,6.630835
half,E64,6,262882,1,4885238622096795672,7.797669
half,E64,6,706522,11192,16319024398585763793,8.207254
half,E64,6,832912,1,11249777307035924222,5.961488999999999
half,E64,6,303769,1,14531641227824884241,6.368716999999999
half,E64,6,223701,1,14913298735989284133,7.498997
half,E64,6,809314,1,12415356666848604312,6.181421
half,E64,6,831243,1,17493799186480836747,4.1664200000000005
half,E64,6,831746,6,11994764961511849508,7.084881
half,E64,6,314373,1,16520513605143008309,7.143991
half,E64,6,810800,1,8128464222600791006,6.942972
half,E64,6,211855,1,3743370044833225143,5.303891999999999
half,E64,6,533614,1,4376667340408475548,6.547299
half,E64,6,335471,1,451944671791294039,7.385957
half,E64,6,566134,1,11325398660381448180,7.047325
half,E64,6,738848,1,1380779053154122798,7.579359999999999
half,E64,6,359342,1,14883231301748386396,5.931502999999999
half,E64,6,965210,1,4730302148286443584,6.514060000000001
half,E64,6,928413,2,8376696582690131624,6.154683
half,E64,6,998782,1,10403787358389016396,7.008929
half,E64,6,248373,1,17521764539290178117,5.388216000000001
half,E64,6,113110,5,17846537488192821042,7.986115
half,E64,6,421120,1,9920652127043963342,6.609051
half,E64,6,579626,1,1888243217666303536,5.934812
half,E64,6,997466,1479,6198796847372762809,6.863756
half,E64,6,522760,4,17544809557982849494,6.623633
half,E64,6,134930,1,998682338345632040,6.0447690000000005
half,E64,6,786964,1,4578935303065100330,6.1661980000000005
half,E64,6,884325,5,10113010642334288280,7.811717
half,E64,6,552447,1,7713192936805226119,6.9072759999999995
half,E64,6,504571,1,762781710905613531,4.741435
half,E64,6,951244,1,15701265341162067218,8.077833
half,E64,6,220807,2,10133598433306529168,7.8661970000000005
half,E64,6,681257,1,11792367510721151297,4.949263
half,E64,6,417658,1,11323718754454808224,4.09453
half,E64,6,266352,1,2241104863634156446,6.056753
half,L_E64,1,584510,1,7111464684906674828,4.988333
half,L_E64,1,860467,1,8499319579229670723,5.297335
half,L_E64,1,923923,1,9650181218042224611,4.046445
half,L_E64,1,533409,1,13545566108474160233,5.073385
half,L_E64,1,220435,1,15247090426881772515,6.119801000000001
half,L_E64,1,395173,1,3975989637082741525,6.617166
half,L_E64,1,125555,1,2517411937524671747,5.228565
half,L_E64,1,37317,1,4942412569031486069,4.609497
half,L_E64,1,326694,1,13320112248117950340,5.32863
half,L_E64,1,408325,1,16408775646415533877,5.958016
half,L_E64,1,928005,1,14338765217023417653,5.174247
half,L_E64,1,636852,1,17437541427138785546,5.830598
half,L_E64,1,565201,1,8310996175663057017,5.365138
half,L_E64,1,416400,1,15596084407285995518,4.856359
half,L_E64,1,671950,1,5927922487194769596,4.695640999999999
half,L_E64,1,100598,21756,11480312130786620388,8.443273999999999
half,L_E64,1,130060,1,7731000763412354258,5.683025
half,L_E64,1,763603,1,15156484188323302947,6.126341
half,L_E64,1,229656,1,589078364524119510,4.889365
half,L_E64,1,854752,1,5617858609990565230,5.086037999999999
half,L_E64,1,717147,1,16239703683931670523,6.247844
half,L_E64,1,253796,1,3439441016975507098,4.133609000000001
half,L_E64,1,594298,1,4798526523817244832,3.967578
half,L_E64,1,802333,1,3819621534406340157,5.498955
half,L_E64,1,907497,1,10484106886685375873,7.126275
half,L_E64,1,970136,1,13471145138073269334,4.645234
half,L_E64,1,472710,1,1071764945648967332,4.590948
half,L_E64,1,311434,1,13312524340719727440,5.44333
half,L_E64,1,152112,1,16322557560223705822,5.65703
half,L_E64,1,262882,1,4885238622096795672,6.091003
half,L_E64,1,706522,11192,16319024398585763793,7.7958289999999995
half,L_E64,1,832912,1,11249777307035924222,5.1276660000000005
half,L_E64,1,303769,1,14531641227824884241,5.136468
half,L_E64,1,223701,1,14913298735989284133,6.281719
half,L_E64,1,809314,1,12415356666848604312,5.199313
half,L_E64,1,831243,1,17493799186480836747,3.9823049999999998
half,L_E64,1,831746,6,11994764961511849508,5.955736
half,L_E64,1,314373,1,16520513605143008309,6.365988000000001
half,L_E64,1,810800,1,8128464222600791006,5.474663
half,L_E64,1,211855,1,3743370044833225143,4.7712650000000005
half,L_E64,1,533614,1,4376667340408475548,5.253819
half,L_E64,1,335471,1,451944671791294039,6.3359939999999995
half,L_E64,1,566134,1,11325398660381448180,5.8525990000000006
half,L_E64,1,738848,1,1380779053154122798,6.51119
half,L_E64,1,359342,1,14883231301748386396,4.846779000000001
half,L_E64,1,965210,1,4730302148286443584,5.33845
half,L_E64,1,928413,2,8376696582690131624,5.313059
half,L_E64,1,998782,1,10403787358389016396,5.916875
half,L_E64,1,248373,1,17521764539290178117,4.745287
half,L_E64,1,113110,5,17846537488192821042,7.196705
half,L_E64,1,421120,1,9920652127043963342,5.595269
half,L_E64,1,579626,1,1888243217666303536,4.629848
half,L_E64,1,997466,1479,6198796847372762809,6.621523
half,L_E64,1,522760,4,17544809557982849494,5.700334
half,L_E64,1,134930,1,998682338345632040,5.325808
half,L_E64,1,786964,1,4578935303065100330,5.1154020000000004
half,L_E64,1,884325,5,10113010642334288280,6.98993
half,L_E64,1,552447,1,7713192936805226119,5.9673680000000004
half,L_E64,1,504571,1,762781710905613531,4.503194000000001
half,L_E64,1,951244,1,15701265341162067218,6.794244
half,L_E64,1,220807,2,10133598433306529168,6.586631000000001
half,L_E64,1,681257,1,11792367510721151297,4.56508
half,L_E64,1,417658,1,11323718754454808224,4.275078000000001
half,L_E64,1,266352,1,2241104863634156446,5.064229999999999
half,L_E64,2,584510,1,7111464684906674828,4.8923239999999995
half,L_E64,2,860467,1,8499319579229670723,5.341844
half,L_E64,2,923923,1,9650181218042224611,4.063365
half,L_E64,2,533409,1,13545566108474160233,5.076692
half,L_E64,2,220435,1,15247090426881772515,6.124668
half,L_E64,2,395173,1,3975989637082741525,6.5913710000000005
half,L_E64,2,125555,1,2517411937524671747,5.208335
half,L_E64,2,37317,1,4942412569031486069,4.607409
half,L_E64,2,326694,1,13320112248117950340,5.324317
half,L_E64,2,408325,1,16408775646415533877,5.982872
half,L_E64,2,928005,1,14338765217023417653,5.179292
half,L_E64,2,636852,1,17437541427138785546,5.8769409999999995
half,L_E64,2,565201,1,8310996175663057017,5.3550699999999996
half,L_E64,2,416400,1,15596084407285995518,4.901453999999999
half,L_E64,2,671950,1,5927922487194769596,4.685268
half,L_E64,2,100598,21756,11480312130786620388,8.340950999999999
half,L_E64,2,130060,1,7731000763412354258,5.637023
half,L_E64,2,763603,1,15156484188323302947,6.080643
half,L_E64,2,229656,1,589078364524119510,4.88453
half,L_E64,2,854752,1,5617858609990565230,5.086442
half,L_E64,2,717147,1,16239703683931670523,6.214829
half,L_E64,2,253796,1,3439441016975507098,4.030592
half,L_E64,2,594298,1,4798526523817244832,3.969297
half,L_E64,2,802333,1,3819621534406340157,5.575577
half,L_E64,2,907497,1,10484106886685375873,7.065926
half,L_E64,2,970136,1,13471145138073269334,4.605916000000001
half,L_E64,2,472710,1,1071764945648967332,4.468038
half,L_E64,2,311434,1,13312524340719727440,5.412357
half,L_E64,2,152112,1,16322557560223705822,5.708116
half,L_E64,2,262882,1,4885238622096795672,6.106419
half,L_E64,2,706522,11192,16319024398585763793,7.857068
half,L_E64,2,832912,1,11249777307035924222,5.165607
half,L_E64,2,303769,1,14531641227824884241,5.110522
half,L_E64,2,223701,1,14913298735989284133,6.216626
half,L_E64,2,809314,1,12415356666848604312,5.2325349999999995
half,L_E64,2,831243,1,17493799186480836747,3.9616320000000003
half,L_E64,2,831746,6,11994764961511849508,5.911448999999999
half,L_E64,2,314373,1,16520513605143008309,6.462042
half,L_E64,2,810800,1,8128464222600791006,5.468449
half,L_E64,2,211855,1,3743370044833225143,4.855524999999999
half,L_E64,2,533614,1,4376667340408475548,5.260604
half,L_E64,2,335471,1,451944671791294039,6.33957
half,L_E64,2,566134,1,11325398660381448180,5.859694
half,L_E64,2,738848,1,1380779053154122798,6.502251
half,L_E64,2,359342,1,14883231301748386396,4.821933
half,L_E64,2,965210,1,4730302148286443584,5.347646
half,L_E64,2,928413,2,8376696582690131624,5.321841999999999
half,L_E64,2,998782,1,10403787358389016396,5.960681999999999
half,L_E64,2,248373,1,17521764539290178117,4.801763
half,L_E64,2,113110,5,17846537488192821042,7.132585
half,L_E64,2,421120,1,9920652127043963342,5.692474
half,L_E64,2,579626,1,1888243217666303536,4.632609
half,L_E64,2,997466,1479,6198796847372762809,6.6503760000000005
half,L_E64,2,522760,4,17544809557982849494,5.728947
half,L_E64,2,134930,1,998682338345632040,5.393977
half,L_E64,2,786964,1,4578935303065100330,5.13726
half,L_E64,2,884325,5,10113010642334288280,7.039166
half,L_E64,2,552447,1,7713192936805226119,5.951884
half,L_E64,2,504571,1,762781710905613531,4.55133
half,L_E64,2,951244,1,15701265341162067218,6.805341
half,L_E64,2,220807,2,10133598433306529168,6.582537
half,L_E64,2,681257,1,11792367510721151297,4.520926
half,L_E64,2,417658,1,11323718754454808224,4.251259
half,L_E64,2,266352,1,2241104863634156446,5.097163999999999
half,L_E64,3,584510,1,7111464684906674828,4.973687
half,L_E64,3,860467,1,8499319579229670723,5.3450299999999995
half,L_E64,3,923923,1,9650181218042224611,4.074204
half,L_E64,3,533409,1,13545566108474160233,5.0756499999999996
half,L_E64,3,220435,1,15247090426881772515,6.155903
half,L_E64,3,395173,1,3975989637082741525,6.696386
half,L_E64,3,125555,1,2517411937524671747,5.223348
half,L_E64,3,37317,1,4942412569031486069,4.552798
half,L_E64,3,326694,1,13320112248117950340,5.307840000000001
half,L_E64,3,408325,1,16408775646415533877,5.96062
half,L_E64,3,928005,1,14338765217023417653,5.2610410000000005
half,L_E64,3,636852,1,17437541427138785546,5.911921
half,L_E64,3,565201,1,8310996175663057017,5.339784
half,L_E64,3,416400,1,15596084407285995518,4.868978
half,L_E64,3,671950,1,5927922487194769596,4.791647
half,L_E64,3,100598,21756,11480312130786620388,8.623877
half,L_E64,3,130060,1,7731000763412354258,5.7077539999999996
half,L_E64,3,763603,1,15156484188323302947,5.989884
half,L_E64,3,229656,1,589078364524119510,4.861049
half,L_E64,3,854752,1,5617858609990565230,5.132769000000001
half,L_E64,3,717147,1,16239703683931670523,6.15379
half,L_E64,3,253796,1,3439441016975507098,4.077666
half,L_E64,3,594298,1,4798526523817244832,4.019225
half,L_E64,3,802333,1,3819621534406340157,5.5188109999999995
half,L_E64,3,907497,1,10484106886685375873,7.07056
half,L_E64,3,970136,1,13471145138073269334,4.615774999999999
half,L_E64,3,472710,1,1071764945648967332,4.5750020000000005
half,L_E64,3,311434,1,13312524340719727440,5.427086
half,L_E64,3,152112,1,16322557560223705822,5.630706
half,L_E64,3,262882,1,4885238622096795672,6.0644160000000005
half,L_E64,3,706522,11192,16319024398585763793,7.715849
half,L_E64,3,832912,1,11249777307035924222,5.124843
half,L_E64,3,303769,1,14531641227824884241,5.116136
half,L_E64,3,223701,1,14913298735989284133,6.206328999999999
half,L_E64,3,809314,1,12415356666848604312,5.207928
half,L_E64,3,831243,1,17493799186480836747,3.994393
half,L_E64,3,831746,6,11994764961511849508,6.039134
half,L_E64,3,314373,1,16520513605143008309,6.366503
half,L_E64,3,810800,1,8128464222600791006,5.469854000000001
half,L_E64,3,211855,1,3743370044833225143,4.687398
half,L_E64,3,533614,1,4376667340408475548,5.240801
half,L_E64,3,335471,1,451944671791294039,6.33933
half,L_E64,3,566134,1,11325398660381448180,5.914877000000001
half,L_E64,3,738848,1,1380779053154122798,6.466468
half,L_E64,3,359342,1,14883231301748386396,4.778643
half,L_E64,3,965210,1,4730302148286443584,5.36362
half,L_E64,3,928413,2,8376696582690131624,5.340788
half,L_E64,3,998782,1,10403787358389016396,5.9497860000000005
half,L_E64,3,248373,1,17521764539290178117,4.773791
half,L_E64,3,113110,5,17846537488192821042,7.166032
half,L_E64,3,421120,1,9920652127043963342,5.577514
half,L_E64,3,579626,1,1888243217666303536,4.632034
half,L_E64,3,997466,1479,6198796847372762809,6.449836
half,L_E64,3,522760,4,17544809557982849494,5.679956
half,L_E64,3,134930,1,998682338345632040,5.482224
half,L_E64,3,786964,1,4578935303065100330,5.1159040000000005
half,L_E64,3,884325,5,10113010642334288280,7.025607
half,L_E64,3,552447,1,7713192936805226119,6.05726
half,L_E64,3,504571,1,762781710905613531,4.4662560000000004
half,L_E64,3,951244,1,15701265341162067218,6.770964
half,L_E64,3,220807,2,10133598433306529168,6.6005460000000005
half,L_E64,3,681257,1,11792367510721151297,4.497542999999999
half,L_E64,3,417658,1,11323718754454808224,4.316446
half,L_E64,3,266352,1,2241104863634156446,5.110354
half,L_E64,4,584510,1,7111464684906674828,4.949251
half,L_E64,4,860467,1,8499319579229670723,5.322511
half,L_E64,4,923923,1,9650181218042224611,4.031004
half,L_E64,4,533409,1,13545566108474160233,5.114088
half,L_E64,4,220435,1,15247090426881772515,6.126802
half,L_E64,4,395173,1,3975989637082741525,6.537971
half,L_E64,4,125555,1,2517411937524671747,5.223218
half,L_E64,4,37317,1,4942412569031486069,4.627603
half,L_E64,4,326694,1,13320112248117950340,5.33079
half,L_E64,4,408325,1,16408775646415533877,5.958959
half,L_E64,4,928005,1,14338765217023417653,5.233982
half,L_E64,4,636852,1,17437541427138785546,5.907719
half,L_E64,4,565201,1,8310996175663057017,5.335898
half,L_E64,4,416400,1,15596084407285995518,4.927115
half,L_E64,4,671950,1,5927922487194769596,4.799592
half,L_E64,4,100598,21756,11480312130786620388,8.354429
half,L_E64,4,130060,1,7731000763412354258,5.720176
half,L_E64,4,763603,1,15156484188323302947,6.033194000000001
half,L_E64,4,229656,1,589078364524119510,4.835649999999999
half,L_E64,4,854752,1,5617858609990565230,5.101956
half,L_E64,4,717147,1,16239703683931670523,6.202191
half,L_E64,4,253796,1,3439441016975507098,4.078144
half,L_E64,4,594298,1,4798526523817244832,4.0103290000000005
half,L_E64,4,802333,1,3819621534406340157,5.491954
half,L_E64,4,907497,1,10484106886685375873,7.070981
half,L_E64,4,970136,1,13471145138073269334,4.671494
half,L_E64,4,472710,1,1071764945648967332,4.628844
half,L_E64,4,311434,1,13312524340719727440,5.496868999999999
half,L_E64,4,152112,1,16322557560223705822,5.650604
half,L_E64,4,262882,1,4885238622096795672,6.084509
half,L_E64,4,706522,11192,16319024398585763793,7.7661869999999995
half,L_E64,4,832912,1,11249777307035924222,5.114779
half,L_E64,4,303769,1,14531641227824884241,5.150726
half,L_E64,4,223701,1,14913298735989284133,6.272323
half,L_E64,4,809314,1,12415356666848604312,5.222779
half,L_E64,4,831243,1,17493799186480836747,3.984589
half,L_E64,4,831746,6,11994764961511849508,5.92433
half,L_E64,4,314373,1,16520513605143008309,6.4238599999999995
half,L_E64,4,810800,1,8128464222600791006,5.490069999999999
half,L_E64,4,211855,1,3743370044833225143,4.743702
half,L_E64,4,533614,1,4376667340408475548,5.238118999999999
half,L_E64,4,335471,1,451944671791294039,6.423751
half,L_E64,4,566134,1,11325398660381448180,5.872015
half,L_E64,4,738848,1,1380779053154122798,6.5568230000000005
half,L_E64,4,359342,1,14883231301748386396,4.890051000000001
half,L_E64,4,965210,1,4730302148286443584,5.361133
half,L_E64,4,928413,2,8376696582690131624,5.31392
half,L_E64,4,998782,1,10403787358389016396,5.998270000000001
half,L_E64,4,248373,1,17521764539290178117,4.694599
half,L_E64,4,113110,5,17846537488192821042,7.280474
half,L_E64,4,421120,1,9920652127043963342,5.5277330000000005
half,L_E64,4,579626,1,1888243217666303536,4.6273789999999995
half,L_E64,4,997466,1479,6198796847372762809,6.623819999999999
half,L_E64,4,522760,4,17544809557982849494,5.7464189999999995
half,L_E64,4,134930,1,998682338345632040,5.459258
half,L_E64,4,786964,1,4578935303065100330,5.127587
half,L_E64,4,884325,5,10113010642334288280,7.16181
half,L_E64,4,552447,1,7713192936805226119,5.973027
half,L_E64,4,504571,1,762781710905613531,4.529565
half,L_E64,4,951244,1,15701265341162067218,6.827497999999999
half,L_E64,4,220807,2,10133598433306529168,6.57634
half,L_E64,4,681257,1,11792367510721151297,4.565567
half,L_E64,4,417658,1,11323718754454808224,4.343433
half,L_E64,4,266352,1,2241104863634156446,5.099543
half,L_E64,5,584510,1,7111464684906674828,4.964742
half,L_E64,5,860467,1,8499319579229670723,5.338256
half,L_E64,5,923923,1,9650181218042224611,4.040113
half,L_E64,5,533409,1,13545566108474160233,5.157169
half,L_E64,5,220435,1,15247090426881772515,6.138122999999999
half,L_E64,5,395173,1,3975989637082741525,6.580615
half,L_E64,5,125555,1,2517411937524671747,5.230384
half,L_E64,5,37317,1,4942412569031486069,4.585831
half,L_E64,5,326694,1,13320112248117950340,5.309877999999999
half,L_E64,5,408325,1,16408775646415533877,5.927366
half,L_E64,5,928005,1,14338765217023417653,5.225484000000001
half,L_E64,5,636852,1,17437541427138785546,5.874111
half,L_E64,5,565201,1,8310996175663057017,5.342999
half,L_E64,5,416400,1,15596084407285995518,4.933916
half,L_E64,5,671950,1,5927922487194769596,4.743596999999999
half,L_E64,5,100598,21756,11480312130786620388,8.158097
half,L_E64,5,130060,1,7731000763412354258,5.64442
half,L_E64,5,763603,1,15156484188323302947,6.024344
half,L_E64,5,229656,1,589078364524119510,4.915547999999999
half,L_E64,5,854752,1,5617858609990565230,5.104629
half,L_E64,5,717147,1,16239703683931670523,6.161754
half,L_E64,5,253796,1,3439441016975507098,4.069633
half,L_E64,5,594298,1,4798526523817244832,3.963426
half,L_E64,5,802333,1,3819621534406340157,5.495607
half,L_E64,5,907497,1,10484106886685375873,7.082662
half,L_E64,5,970136,1,13471145138073269334,4.648283
half,L_E64,5,472710,1,1071764945648967332,4.557588
half,L_E64,5,311434,1,13312524340719727440,5.500316
half,L_E64,5,152112,1,16322557560223705822,5.723502000000001
half,L_E64,5,262882,1,4885238622096795672,6.033874
half,L_E64,5,706522,11192,16319024398585763793,8.100818
half,L_E64,5,832912,1,11249777307035924222,5.113090000000001
half,L_E64,5,303769,1,14531641227824884241,5.171265999999999
half,L_E64,5,223701,1,14913298735989284133,6.254603
half,L_E64,5,809314,1,12415356666848604312,5.213148
half,L_E64,5,831243,1,17493799186480836747,3.976273
half,L_E64,5,831746,6,11994764961511849508,5.883444000000001
half,L_E64,5,314373,1,16520513605143008309,6.3565190000000005
half,L_E64,5,810800,1,8128464222600791006,5.484166
half,L_E64,5,211855,1,3743370044833225143,4.7459430000000005
half,L_E64,5,533614,1,4376667340408475548,5.201042
half,L_E64,5,335471,1,451944671791294039,6.348816
half,L_E64,5,566134,1,11325398660381448180,5.854178
half,L_E64,5,738848,1,1380779053154122798,6.436514
half,L_E64,5,359342,1,14883231301748386396,4.816691
half,L_E64,5,965210,1,4730302148286443584,5.313385
half,L_E64,5,928413,2,8376696582690131624,5.294139
half,L_E64,5,998782,1,10403787358389016396,5.947814
half,L_E64,5,248373,1,17521764539290178117,4.711399999999999
half,L_E64,5,113110,5,17846537488192821042,7.3424059999999995
half,L_E64,5,421120,1,9920652127043963342,5.595777
half,L_E64,5,579626,1,1888243217666303536,4.632223
half,L_E64,5,997466,1479,6198796847372762809,6.652453
half,L_E64,5,522760,4,17544809557982849494,5.762951
half,L_E64,5,134930,1,998682338345632040,5.535140999999999
half,L_E64,5,786964,1,4578935303065100330,5.142904000000001
half,L_E64,5,884325,5,10113010642334288280,6.9902299999999995
half,L_E64,5,552447,1,7713192936805226119,5.956430999999999
half,L_E64,5,504571,1,762781710905613531,4.4143930000000005
half,L_E64,5,951244,1,15701265341162067218,6.799265999999999
half,L_E64,5,220807,2,10133598433306529168,6.52736
half,L_E64,5,681257,1,11792367510721151297,4.502197
half,L_E64,5,417658,1,11323718754454808224,4.285925
half,L_E64,5,266352,1,2241104863634156446,5.1640500000000005
half,L_E64,6,584510,1,7111464684906674828,4.9193180000000005
half,L_E64,6,860467,1,8499319579229670723,5.292363
half,L_E64,6,923923,1,9650181218042224611,4.084644
half,L_E64,6,533409,1,13545566108474160233,5.067646
half,L_E64,6,220435,1,15247090426881772515,6.166259
half,L_E64,6,395173,1,3975989637082741525,6.560401
half,L_E64,6,125555,1,2517411937524671747,5.172157
half,L_E64,6,37317,1,4942412569031486069,4.595281
half,L_E64,6,326694,1,13320112248117950340,5.3113220000000005
half,L_E64,6,408325,1,16408775646415533877,5.928831
half,L_E64,6,928005,1,14338765217023417653,5.1428720000000006
half,L_E64,6,636852,1,17437541427138785546,5.893473
half,L_E64,6,565201,1,8310996175663057017,5.339598
half,L_E64,6,416400,1,15596084407285995518,4.863833
half,L_E64,6,671950,1,5927922487194769596,4.743666
half,L_E64,6,100598,21756,11480312130786620388,8.134024
half,L_E64,6,130060,1,7731000763412354258,5.674448999999999
half,L_E64,6,763603,1,15156484188323302947,6.08884
half,L_E64,6,229656,1,589078364524119510,4.877802
half,L_E64,6,854752,1,5617858609990565230,5.090895000000001
half,L_E64,6,717147,1,16239703683931670523,6.160151
half,L_E64,6,253796,1,3439441016975507098,4.047481
half,L_E64,6,594298,1,4798526523817244832,3.96041
half,L_E64,6,802333,1,3819621534406340157,5.541805
half,L_E64,6,907497,1,10484106886685375873,7.09308
half,L_E64,6,970136,1,13471145138073269334,4.635916
half,L_E64,6,472710,1,1071764945648967332,4.521154
half,L_E64,6,311434,1,13312524340719727440,5.4083190000000005
half,L_E64,6,152112,1,16322557560223705822,5.663316
half,L_E64,6,262882,1,4885238622096795672,6.088668999999999
half,L_E64,6,706522,11192,16319024398585763793,8.108004
half,L_E64,6,832912,1,11249777307035924222,5.130514
half,L_E64,6,303769,1,14531641227824884241,5.151281
half,L_E64,6,223701,1,14913298735989284133,6.304113
half,L_E64,6,809314,1,12415356666848604312,5.204448
half,L_E64,6,831243,1,17493799186480836747,3.9717469999999997
half,L_E64,6,831746,6,11994764961511849508,6.010442
half,L_E64,6,314373,1,16520513605143008309,6.356442
half,L_E64,6,810800,1,8128464222600791006,5.454981
half,L_E64,6,211855,1,3743370044833225143,4.747449
half,L_E64,6,533614,1,4376667340408475548,5.209705
half,L_E64,6,335471,1,451944671791294039,6.387984
half,L_E64,6,566134,1,11325398660381448180,5.841122
half,L_E64,6,738848,1,1380779053154122798,6.470752
half,L_E64,6,359342,1,14883231301748386396,4.768287
half,L_E64,6,965210,1,4730302148286443584,5.313359
half,L_E64,6,928413,2,8376696582690131624,5.338805000000001
half,L_E64,6,998782,1,10403787358389016396,5.928804
half,L_E64,6,248373,1,17521764539290178117,4.728729
half,L_E64,6,113110,5,17846537488192821042,7.131054
half,L_E64,6,421120,1,9920652127043963342,5.55218
half,L_E64,6,579626,1,1888243217666303536,4.617134
half,L_E64,6,997466,1479,6198796847372762809,6.671045
half,L_E64,6,522760,4,17544809557982849494,5.713694
half,L_E64,6,134930,1,998682338345632040,5.3328180000000005
half,L_E64,6,786964,1,4578935303065100330,5.151043
half,L_E64,6,884325,5,10113010642334288280,7.1203389999999995
half,L_E64,6,552447,1,7713192936805226119,5.960604999999999
half,L_E64,6,504571,1,762781710905613531,4.502043
half,L_E64,6,951244,1,15701265341162067218,6.769941
half,L_E64,6,220807,2,10133598433306529168,6.697552
half,L_E64,6,681257,1,11792367510721151297,4.5001430000000004
half,L_E64,6,417658,1,11323718754454808224,4.319350999999999
half,L_E64,6,266352,1,2241104863634156446,5.13373
all,B,1,584510,1000000,1807088016867934454,14.145706
all,B,1,860467,1000000,6498988667746730580,13.849864
all,B,1,923923,1000000,3907744307583952658,13.770413000000001
all,B,1,533409,1000000,3223630956826593726,14.015599
all,B,1,220435,1000000,7371139135246081924,13.999388999999999
all,B,1,395173,1000000,10576103514097166279,14.032483000000001
all,B,1,125555,1000000,8943818760375206147,13.628226
all,B,1,37317,1000000,17158726568359541500,13.878351
all,B,1,326694,1000000,9117100399094165933,14.169455
all,B,1,408325,1000000,10544052076231477114,13.833101000000001
all,B,1,928005,1000000,7505992583204080939,14.083849
all,B,1,636852,1000000,7895162088346050621,14.01895
all,B,1,565201,1000000,8184629090086881345,14.036695
all,B,1,416400,1000000,9536897796637306696,13.98549
all,B,1,671950,1000000,14895029421699303669,14.019069
all,B,1,100598,1000000,16494935030489954985,13.676075
all,B,1,130060,1000000,14921113119544041681,14.08084
all,B,1,763603,1000000,1900900238568007811,13.81709
all,B,1,229656,1000000,1894468672199434319,13.892767
all,B,1,854752,1000000,17809770115298077459,13.596955
all,B,1,717147,1000000,6691701412507530886,13.797417
all,B,1,253796,1000000,358054800924404547,14.014543
all,B,1,594298,1000000,4006200478241105824,13.663164
all,B,1,802333,1000000,155218242063238158,14.009054
all,B,1,907497,1000000,10539995831024917851,13.659574000000001
all,B,1,970136,1000000,2809382299381371444,13.855768
all,B,1,472710,1000000,9322406083669426400,13.900135
all,B,1,311434,1000000,835849977383418411,14.049451999999999
all,B,1,152112,1000000,15499823740680461365,13.867835999999999
all,B,1,262882,1000000,10420154705391700269,13.935324000000001
all,B,1,706522,1000000,11602945643244315392,13.979044
all,B,1,832912,1000000,18123405908373971594,14.018495000000001
all,B,1,303769,1000000,2701790959040422258,13.726725
all,B,1,223701,1000000,8078202784440021693,14.120502
all,B,1,809314,1000000,17337952930506189950,14.008207
all,B,1,831243,1000000,10880001800419951293,13.774296
all,B,1,831746,1000000,481815094024825890,13.947138
all,B,1,314373,1000000,11913663609545475732,13.914890999999999
all,B,1,810800,1000000,2933429985170088122,13.683323
all,B,1,211855,1000000,8539512387691981817,14.096226
all,B,1,533614,1000000,17890926061835471970,13.882164000000001
all,B,1,335471,1000000,2899874999189035835,14.062916999999999
all,B,1,566134,1000000,17271763608998345436,13.739108
all,B,1,738848,1000000,8812392896954298829,14.026646000000001
all,B,1,359342,1000000,12018035170414210085,13.914948
all,B,1,965210,1000000,7725909104140977347,14.030156999999999
all,B,1,928413,1000000,9909803534112132013,13.9169
all,B,1,998782,1000000,11177248549409070543,13.906504
all,B,1,248373,1000000,10853615348990915110,13.885309
all,B,1,113110,1000000,14664104048308303392,14.028469
all,B,1,421120,1000000,2673017338033822225,14.124341000000001
all,B,1,579626,1000000,8474710679864004573,14.0099
all,B,1,997466,1000000,3483830750360314304,13.776411
all,B,1,522760,1000000,16841210789599176047,14.048308
all,B,1,134930,1000000,171870010089159884,13.910915000000001
all,B,1,786964,1000000,14380161284363022068,13.894148999999999
all,B,1,884325,1000000,17626328068374859508,14.012322
all,B,1,552447,1000000,8923877625261750249,13.875214
all,B,1,504571,1000000,12605759133663157756,13.90223
all,B,1,951244,1000000,12048436060597563105,13.973927999999999
all,B,1,220807,1000000,11896406969618448303,13.656279
all,B,1,681257,1000000,15621305984798844607,13.970262
all,B,1,417658,1000000,17447488104489124590,13.961367000000001
all,B,1,266352,1000000,18412723224000192017,13.876947
all,B,2,584510,1000000,1807088016867934454,13.820892
all,B,2,860467,1000000,6498988667746730580,13.708086
all,B,2,923923,1000000,3907744307583952658,13.833966
all,B,2,533409,1000000,3223630956826593726,13.865322
all,B,2,220435,1000000,7371139135246081924,13.958831
all,B,2,395173,1000000,10576103514097166279,13.968053
all,B,2,125555,1000000,8943818760375206147,13.5966
all,B,2,37317,1000000,17158726568359541500,13.948272999999999
all,B,2,326694,1000000,9117100399094165933,13.711646
all,B,2,408325,1000000,10544052076231477114,13.832201999999999
all,B,2,928005,1000000,7505992583204080939,13.894594
all,B,2,636852,1000000,7895162088346050621,13.985759
all,B,2,565201,1000000,8184629090086881345,13.682051
all,B,2,416400,1000000,9536897796637306696,13.957781
all,B,2,671950,1000000,14895029421699303669,13.716864
all,B,2,100598,1000000,16494935030489954985,13.788561
all,B,2,130060,1000000,14921113119544041681,13.89466
all,B,2,763603,1000000,1900900238568007811,13.774355
all,B,2,229656,1000000,1894468672199434319,13.840902
all,B,2,854752,1000000,17809770115298077459,13.738140999999999
all,B,2,717147,1000000,6691701412507530886,13.647653
all,B,2,253796,1000000,358054800924404547,13.999932000000001
all,B,2,594298,1000000,4006200478241105824,14.036643
all,B,2,802333,1000000,155218242063238158,13.785345
all,B,2,907497,1000000,10539995831024917851,13.951114
all,B,2,970136,1000000,2809382299381371444,13.809637
all,B,2,472710,1000000,9322406083669426400,14.034051
all,B,2,311434,1000000,835849977383418411,13.835184
all,B,2,152112,1000000,15499823740680461365,13.78992
all,B,2,262882,1000000,10420154705391700269,13.963958
all,B,2,706522,1000000,11602945643244315392,13.693605999999999
all,B,2,832912,1000000,18123405908373971594,13.868904
all,B,2,303769,1000000,2701790959040422258,13.831697
all,B,2,223701,1000000,8078202784440021693,13.981639
all,B,2,809314,1000000,17337952930506189950,13.712758
all,B,2,831243,1000000,10880001800419951293,13.879564
all,B,2,831746,1000000,481815094024825890,14.007967
all,B,2,314373,1000000,11913663609545475732,14.099506
all,B,2,810800,1000000,2933429985170088122,14.075588
all,B,2,211855,1000000,8539512387691981817,13.983458
all,B,2,533614,1000000,17890926061835471970,14.053495000000002
all,B,2,335471,1000000,2899874999189035835,13.904943
all,B,2,566134,1000000,17271763608998345436,13.979093
all,B,2,738848,1000000,8812392896954298829,14.006108
all,B,2,359342,1000000,12018035170414210085,14.041463
all,B,2,965210,1000000,7725909104140977347,13.940367
all,B,2,928413,1000000,9909803534112132013,13.681389
all,B,2,998782,1000000,11177248549409070543,13.931329
all,B,2,248373,1000000,10853615348990915110,13.819586
all,B,2,113110,1000000,14664104048308303392,13.844652
all,B,2,421120,1000000,2673017338033822225,13.876999
all,B,2,579626,1000000,8474710679864004573,14.09138
all,B,2,997466,1000000,3483830750360314304,14.080007
all,B,2,522760,1000000,16841210789599176047,13.713994000000001
all,B,2,134930,1000000,171870010089159884,13.713379000000002
all,B,2,786964,1000000,14380161284363022068,14.353993000000001
all,B,2,884325,1000000,17626328068374859508,13.758014999999999
all,B,2,552447,1000000,8923877625261750249,13.774563
all,B,2,504571,1000000,12605759133663157756,13.990870999999999
all,B,2,951244,1000000,12048436060597563105,13.860288
all,B,2,220807,1000000,11896406969618448303,13.842925
all,B,2,681257,1000000,15621305984798844607,13.926295
all,B,2,417658,1000000,17447488104489124590,13.88653
all,B,2,266352,1000000,18412723224000192017,13.82395
all,B,3,584510,1000000,1807088016867934454,13.527061999999999
all,B,3,860467,1000000,6498988667746730580,14.028394
all,B,3,923923,1000000,3907744307583952658,13.852795
all,B,3,533409,1000000,3223630956826593726,13.710623
all,B,3,220435,1000000,7371139135246081924,13.774021000000001
all,B,3,395173,1000000,10576103514097166279,14.130319
all,B,3,125555,1000000,8943818760375206147,13.923624
all,B,3,37317,1000000,17158726568359541500,13.970349
all,B,3,326694,1000000,9117100399094165933,13.61457
all,B,3,408325,1000000,10544052076231477114,13.880501
all,B,3,928005,1000000,7505992583204080939,13.864923000000001
all,B,3,636852,1000000,7895162088346050621,13.794396
all,B,3,565201,1000000,8184629090086881345,14.070872999999999
all,B,3,416400,1000000,9536897796637306696,13.851509
all,B,3,671950,1000000,14895029421699303669,13.958007
all,B,3,100598,1000000,16494935030489954985,13.927375
all,B,3,130060,1000000,14921113119544041681,13.96533
all,B,3,763603,1000000,1900900238568007811,13.720739
all,B,3,229656,1000000,1894468672199434319,13.751681000000001
all,B,3,854752,1000000,17809770115298077459,13.900687
all,B,3,717147,1000000,6691701412507530886,13.781199
all,B,3,253796,1000000,358054800924404547,13.665849
all,B,3,594298,1000000,4006200478241105824,13.922303
all,B,3,802333,1000000,155218242063238158,14.012522
all,B,3,907497,1000000,10539995831024917851,13.928455
all,B,3,970136,1000000,2809382299381371444,13.855784
all,B,3,472710,1000000,9322406083669426400,14.065436
all,B,3,311434,1000000,835849977383418411,14.127296
all,B,3,152112,1000000,15499823740680461365,13.953460999999999
all,B,3,262882,1000000,10420154705391700269,14.015677
all,B,3,706522,1000000,11602945643244315392,13.885419
all,B,3,832912,1000000,18123405908373971594,13.924619
all,B,3,303769,1000000,2701790959040422258,13.844655000000001
all,B,3,223701,1000000,8078202784440021693,13.867798
all,B,3,809314,1000000,17337952930506189950,13.973144
all,B,3,831243,1000000,10880001800419951293,13.847579
all,B,3,831746,1000000,481815094024825890,13.857818
all,B,3,314373,1000000,11913663609545475732,13.760851
all,B,3,810800,1000000,2933429985170088122,14.034008
all,B,3,211855,1000000,8539512387691981817,13.884495999999999
all,B,3,533614,1000000,17890926061835471970,13.483459
all,B,3,335471,1000000,2899874999189035835,13.721037
all,B,3,566134,1000000,17271763608998345436,13.857022
all,B,3,738848,1000000,8812392896954298829,13.894966
all,B,3,359342,1000000,12018035170414210085,13.946247
all,B,3,965210,1000000,7725909104140977347,13.680361999999999
all,B,3,928413,1000000,9909803534112132013,14.117766
all,B,3,998782,1000000,11177248549409070543,13.778482
all,B,3,248373,1000000,10853615348990915110,13.919617
all,B,3,113110,1000000,14664104048308303392,13.91874
all,B,3,421120,1000000,2673017338033822225,13.905403
all,B,3,579626,1000000,8474710679864004573,13.975656
all,B,3,997466,1000000,3483830750360314304,13.971115
all,B,3,522760,1000000,16841210789599176047,13.938972
all,B,3,134930,1000000,171870010089159884,13.761965
all,B,3,786964,1000000,14380161284363022068,13.864276
all,B,3,884325,1000000,17626328068374859508,13.925467000000001
all,B,3,552447,1000000,8923877625261750249,13.975886000000001
all,B,3,504571,1000000,12605759133663157756,13.807514
all,B,3,951244,1000000,12048436060597563105,13.506638
all,B,3,220807,1000000,11896406969618448303,13.974027
all,B,3,681257,1000000,15621305984798844607,13.770686
all,B,3,417658,1000000,17447488104489124590,13.875878
all,B,3,266352,1000000,18412723224000192017,13.912124
all,B,4,584510,1000000,1807088016867934454,13.899246
all,B,4,860467,1000000,6498988667746730580,13.783614
all,B,4,923923,1000000,3907744307583952658,13.971579
all,B,4,533409,1000000,3223630956826593726,13.442949
all,B,4,220435,1000000,7371139135246081924,13.921869000000001
all,B,4,395173,1000000,10576103514097166279,13.712474
all,B,4,125555,1000000,8943818760375206147,14.012101000000001
all,B,4,37317,1000000,17158726568359541500,13.717393
all,B,4,326694,1000000,9117100399094165933,13.841895000000001
all,B,4,408325,1000000,10544052076231477114,13.724957
all,B,4,928005,1000000,7505992583204080939,13.832253000000001
all,B,4,636852,1000000,7895162088346050621,14.077103999999999
all,B,4,565201,1000000,8184629090086881345,13.751430000000001
all,B,4,416400,1000000,9536897796637306696,13.960880999999999
all,B,4,671950,1000000,14895029421699303669,13.722676
all,B,4,100598,1000000,16494935030489954985,14.050816999999999
all,B,4,130060,1000000,14921113119544041681,13.885952
all,B,4,763603,1000000,1900900238568007811,14.058511000000001
all,B,4,229656,1000000,1894468672199434319,13.847965
all,B,4,854752,1000000,17809770115298077459,13.773039
all,B,4,717147,1000000,6691701412507530886,13.925058000000002
all,B,4,253796,1000000,358054800924404547,13.977896000000001
all,B,4,594298,1000000,4006200478241105824,14.050065
all,B,4,802333,1000000,155218242063238158,14.060614
all,B,4,907497,1000000,10539995831024917851,13.93282
all,B,4,970136,1000000,2809382299381371444,13.974031
all,B,4,472710,1000000,9322406083669426400,13.956455
all,B,4,311434,1000000,835849977383418411,13.839294
all,B,4,152112,1000000,15499823740680461365,13.92328
all,B,4,262882,1000000,10420154705391700269,13.829341000000001
all,B,4,706522,1000000,11602945643244315392,13.956243
all,B,4,832912,1000000,18123405908373971594,13.530628
all,B,4,303769,1000000,2701790959040422258,13.679177
all,B,4,223701,1000000,8078202784440021693,13.81719
all,B,4,809314,1000000,17337952930506189950,13.838305
all,B,4,831243,1000000,10880001800419951293,14.031111999999998
all,B,4,831746,1000000,481815094024825890,13.854023999999999
all,B,4,314373,1000000,11913663609545475732,13.866269
all,B,4,810800,1000000,2933429985170088122,13.791119
all,B,4,211855,1000000,8539512387691981817,13.883327999999999
all,B,4,533614,1000000,17890926061835471970,13.888558000000002
all,B,4,335471,1000000,2899874999189035835,13.954089
all,B,4,566134,1000000,17271763608998345436,13.765361
all,B,4,738848,1000000,8812392896954298829,13.902832
all,B,4,359342,1000000,12018035170414210085,13.817474
all,B,4,965210,1000000,7725909104140977347,13.826146000000001
all,B,4,928413,1000000,9909803534112132013,13.764495
all,B,4,998782,1000000,11177248549409070543,13.841456
all,B,4,248373,1000000,10853615348990915110,13.919045
all,B,4,113110,1000000,14664104048308303392,13.867404
all,B,4,421120,1000000,2673017338033822225,13.891606
all,B,4,579626,1000000,8474710679864004573,13.622817999999999
all,B,4,997466,1000000,3483830750360314304,13.904841000000001
all,B,4,522760,1000000,16841210789599176047,13.918428
all,B,4,134930,1000000,171870010089159884,14.089215
all,B,4,786964,1000000,14380161284363022068,13.75868
all,B,4,884325,1000000,17626328068374859508,13.863401
all,B,4,552447,1000000,8923877625261750249,13.979671
all,B,4,504571,1000000,12605759133663157756,13.884357
all,B,4,951244,1000000,12048436060597563105,13.936394
all,B,4,220807,1000000,11896406969618448303,13.91481
all,B,4,681257,1000000,15621305984798844607,13.938101000000001
all,B,4,417658,1000000,17447488104489124590,13.783436
all,B,4,266352,1000000,18412723224000192017,14.062137
all,B,5,584510,1000000,1807088016867934454,14.117094999999999
all,B,5,860467,1000000,6498988667746730580,13.735215
all,B,5,923923,1000000,3907744307583952658,13.839044
all,B,5,533409,1000000,3223630956826593726,13.943892
all,B,5,220435,1000000,7371139135246081924,13.859003000000001
all,B,5,395173,1000000,10576103514097166279,14.077380999999999
all,B,5,125555,1000000,8943818760375206147,13.799926
all,B,5,37317,1000000,17158726568359541500,13.904033
all,B,5,326694,1000000,9117100399094165933,13.974139
all,B,5,408325,1000000,10544052076231477114,14.027569999999999
all,B,5,928005,1000000,7505992583204080939,14.122
all,B,5,636852,1000000,7895162088346050621,13.976504
all,B,5,565201,1000000,8184629090086881345,13.826886
all,B,5,416400,1000000,9536897796637306696,14.065808
all,B,5,671950,1000000,14895029421699303669,14.048418
all,B,5,100598,1000000,16494935030489954985,13.59707
all,B,5,130060,1000000,14921113119544041681,14.084843999999999
all,B,5,763603,1000000,1900900238568007811,14.038839
all,B,5,229656,1000000,1894468672199434319,13.93985
all,B,5,854752,1000000,17809770115298077459,13.939759
all,B,5,717147,1000000,6691701412507530886,14.047538000000001
all,B,5,253796,1000000,358054800924404547,13.8077
all,B,5,594298,1000000,4006200478241105824,14.038882
all,B,5,802333,1000000,155218242063238158,13.797618
all,B,5,907497,1000000,10539995831024917851,14.022039000000001
all,B,5,970136,1000000,2809382299381371444,13.856069999999999
all,B,5,472710,1000000,9322406083669426400,13.95973
all,B,5,311434,1000000,835849977383418411,13.668336
all,B,5,152112,1000000,15499823740680461365,14.030823
all,B,5,262882,1000000,10420154705391700269,13.751273
all,B,5,706522,1000000,11602945643244315392,13.87032
all,B,5,832912,1000000,18123405908373971594,13.920047
all,B,5,303769,1000000,2701790959040422258,13.814727000000001
all,B,5,223701,1000000,8078202784440021693,13.737173
all,B,5,809314,1000000,17337952930506189950,13.935765
all,B,5,831243,1000000,10880001800419951293,13.861889
all,B,5,831746,1000000,481815094024825890,13.827651
all,B,5,314373,1000000,11913663609545475732,13.962323
all,B,5,810800,1000000,2933429985170088122,13.789817
all,B,5,211855,1000000,8539512387691981817,14.001355
all,B,5,533614,1000000,17890926061835471970,13.845074
all,B,5,335471,1000000,2899874999189035835,13.824992
all,B,5,566134,1000000,17271763608998345436,13.776722
all,B,5,738848,1000000,8812392896954298829,13.924565000000001
all,B,5,359342,1000000,12018035170414210085,13.6316
all,B,5,965210,1000000,7725909104140977347,13.892447
all,B,5,928413,1000000,9909803534112132013,13.793981
all,B,5,998782,1000000,11177248549409070543,13.935545
all,B,5,248373,1000000,10853615348990915110,13.601184
all,B,5,113110,1000000,14664104048308303392,13.691164
all,B,5,421120,1000000,2673017338033822225,13.902642
all,B,5,579626,1000000,8474710679864004573,13.974216
all,B,5,997466,1000000,3483830750360314304,13.916504000000002
all,B,5,522760,1000000,16841210789599176047,13.904141
all,B,5,134930,1000000,171870010089159884,14.055914000000001
all,B,5,786964,1000000,14380161284363022068,14.064401
all,B,5,884325,1000000,17626328068374859508,13.995721
all,B,5,552447,1000000,8923877625261750249,13.817487999999999
all,B,5,504571,1000000,12605759133663157756,13.914022999999998
all,B,5,951244,1000000,12048436060597563105,13.985462
all,B,5,220807,1000000,11896406969618448303,14.097691000000001
all,B,5,681257,1000000,15621305984798844607,13.856667999999999
all,B,5,417658,1000000,17447488104489124590,13.918121
all,B,5,266352,1000000,18412723224000192017,13.956370999999999
all,B,6,584510,1000000,1807088016867934454,12.911406000000001
all,B,6,860467,1000000,6498988667746730580,13.127584
all,B,6,923923,1000000,3907744307583952658,12.998987
all,B,6,533409,1000000,3223630956826593726,12.794422
all,B,6,220435,1000000,7371139135246081924,13.095998999999999
all,B,6,395173,1000000,10576103514097166279,13.082542
all,B,6,125555,1000000,8943818760375206147,13.124645000000001
all,B,6,37317,1000000,17158726568359541500,13.184754000000002
all,B,6,326694,1000000,9117100399094165933,12.985956
all,B,6,408325,1000000,10544052076231477114,13.023213
all,B,6,928005,1000000,7505992583204080939,13.076924000000002
all,B,6,636852,1000000,7895162088346050621,12.806243
all,B,6,565201,1000000,8184629090086881345,12.953025
all,B,6,416400,1000000,9536897796637306696,12.842868000000001
all,B,6,671950,1000000,14895029421699303669,12.905574
all,B,6,100598,1000000,16494935030489954985,13.052377
all,B,6,130060,1000000,14921113119544041681,13.052667999999999
all,B,6,763603,1000000,1900900238568007811,13.160474
all,B,6,229656,1000000,1894468672199434319,12.98117
all,B,6,854752,1000000,17809770115298077459,12.96795
all,B,6,717147,1000000,6691701412507530886,12.950994000000001
all,B,6,253796,1000000,358054800924404547,13.142459
all,B,6,594298,1000000,4006200478241105824,12.990298000000001
all,B,6,802333,1000000,155218242063238158,13.014983
all,B,6,907497,1000000,10539995831024917851,12.909751
all,B,6,970136,1000000,2809382299381371444,12.992671
all,B,6,472710,1000000,9322406083669426400,12.95543
all,B,6,311434,1000000,835849977383418411,13.11556
all,B,6,152112,1000000,15499823740680461365,13.098645000000001
all,B,6,262882,1000000,10420154705391700269,12.835353
all,B,6,706522,1000000,11602945643244315392,12.818757999999999
all,B,6,832912,1000000,18123405908373971594,13.058933000000001
all,B,6,303769,1000000,2701790959040422258,13.023923
all,B,6,223701,1000000,8078202784440021693,12.690685
all,B,6,809314,1000000,17337952930506189950,12.928915000000002
all,B,6,831243,1000000,10880001800419951293,12.93606
all,B,6,831746,1000000,481815094024825890,13.184549
all,B,6,314373,1000000,11913663609545475732,12.976998
all,B,6,810800,1000000,2933429985170088122,13.014398
all,B,6,211855,1000000,8539512387691981817,12.797926
all,B,6,533614,1000000,17890926061835471970,12.990705
all,B,6,335471,1000000,2899874999189035835,12.991611
all,B,6,566134,1000000,17271763608998345436,13.14473
all,B,6,738848,1000000,8812392896954298829,13.156564
all,B,6,359342,1000000,12018035170414210085,13.069699
all,B,6,965210,1000000,7725909104140977347,13.017772
all,B,6,928413,1000000,9909803534112132013,13.025103
all,B,6,998782,1000000,11177248549409070543,12.88571
all,B,6,248373,1000000,10853615348990915110,12.689732
all,B,6,113110,1000000,14664104048308303392,13.017643
all,B,6,421120,1000000,2673017338033822225,13.095933
all,B,6,579626,1000000,8474710679864004573,13.163883
all,B,6,997466,1000000,3483830750360314304,12.801632999999999
all,B,6,522760,1000000,16841210789599176047,13.064553
all,B,6,134930,1000000,171870010089159884,13.08841
all,B,6,786964,1000000,14380161284363022068,13.025941000000001
all,B,6,884325,1000000,17626328068374859508,12.746077
all,B,6,552447,1000000,8923877625261750249,12.743995
all,B,6,504571,1000000,12605759133663157756,13.057103
all,B,6,951244,1000000,12048436060597563105,12.983973
all,B,6,220807,1000000,11896406969618448303,13.075831
all,B,6,681257,1000000,15621305984798844607,13.119290000000001
all,B,6,417658,1000000,17447488104489124590,13.051904
all,B,6,266352,1000000,18412723224000192017,12.927952999999999
all,L,1,584510,1000000,1807088016867934454,11.891176
all,L,1,860467,1000000,6498988667746730580,11.845175999999999
all,L,1,923923,1000000,3907744307583952658,11.852544
all,L,1,533409,1000000,3223630956826593726,11.850915
all,L,1,220435,1000000,7371139135246081924,11.841567999999999
all,L,1,395173,1000000,10576103514097166279,11.851129
all,L,1,125555,1000000,8943818760375206147,11.850532
all,L,1,37317,1000000,17158726568359541500,11.841484000000001
all,L,1,326694,1000000,9117100399094165933,11.840602
all,L,1,408325,1000000,10544052076231477114,11.836789000000001
all,L,1,928005,1000000,7505992583204080939,11.855294
all,L,1,636852,1000000,7895162088346050621,11.852295
all,L,1,565201,1000000,8184629090086881345,11.850299999999999
all,L,1,416400,1000000,9536897796637306696,11.848661
all,L,1,671950,1000000,14895029421699303669,11.836933
all,L,1,100598,1000000,16494935030489954985,11.845315000000001
all,L,1,130060,1000000,14921113119544041681,11.839002
all,L,1,763603,1000000,1900900238568007811,11.862385
all,L,1,229656,1000000,1894468672199434319,11.836332
all,L,1,854752,1000000,17809770115298077459,11.850048000000001
all,L,1,717147,1000000,6691701412507530886,11.847631
all,L,1,253796,1000000,358054800924404547,11.832445
all,L,1,594298,1000000,4006200478241105824,11.848151
all,L,1,802333,1000000,155218242063238158,11.842901
all,L,1,907497,1000000,10539995831024917851,11.836279000000001
all,L,1,970136,1000000,2809382299381371444,11.846755
all,L,1,472710,1000000,9322406083669426400,11.839884
all,L,1,311434,1000000,835849977383418411,11.851124
all,L,1,152112,1000000,15499823740680461365,11.851502
all,L,1,262882,1000000,10420154705391700269,11.845481
all,L,1,706522,1000000,11602945643244315392,11.846949
all,L,1,832912,1000000,18123405908373971594,11.851975
all,L,1,303769,1000000,2701790959040422258,11.843924000000001
all,L,1,223701,1000000,8078202784440021693,11.829982
all,L,1,809314,1000000,17337952930506189950,11.853089
all,L,1,831243,1000000,10880001800419951293,11.850852999999999
all,L,1,831746,1000000,481815094024825890,11.82568
all,L,1,314373,1000000,11913663609545475732,11.85617
all,L,1,810800,1000000,2933429985170088122,11.841484000000001
all,L,1,211855,1000000,8539512387691981817,11.84094
all,L,1,533614,1000000,17890926061835471970,11.831089
all,L,1,335471,1000000,2899874999189035835,11.842792
all,L,1,566134,1000000,17271763608998345436,11.842504000000002
all,L,1,738848,1000000,8812392896954298829,11.822569999999999
all,L,1,359342,1000000,12018035170414210085,11.830879999999999
all,L,1,965210,1000000,7725909104140977347,11.829824
all,L,1,928413,1000000,9909803534112132013,11.831003
all,L,1,998782,1000000,11177248549409070543,11.840831
all,L,1,248373,1000000,10853615348990915110,11.847357
all,L,1,113110,1000000,14664104048308303392,11.847165
all,L,1,421120,1000000,2673017338033822225,11.841098
all,L,1,579626,1000000,8474710679864004573,11.845756
all,L,1,997466,1000000,3483830750360314304,11.855311
all,L,1,522760,1000000,16841210789599176047,11.836277
all,L,1,134930,1000000,171870010089159884,11.829152
all,L,1,786964,1000000,14380161284363022068,11.868113
all,L,1,884325,1000000,17626328068374859508,11.836514999999999
all,L,1,552447,1000000,8923877625261750249,11.847932
all,L,1,504571,1000000,12605759133663157756,11.84745
all,L,1,951244,1000000,12048436060597563105,11.837755999999999
all,L,1,220807,1000000,11896406969618448303,11.828431
all,L,1,681257,1000000,15621305984798844607,11.843783
all,L,1,417658,1000000,17447488104489124590,11.827829
all,L,1,266352,1000000,18412723224000192017,11.827742
all,L,2,584510,1000000,1807088016867934454,11.896175999999999
all,L,2,860467,1000000,6498988667746730580,11.874459
all,L,2,923923,1000000,3907744307583952658,11.864306000000001
all,L,2,533409,1000000,3223630956826593726,11.863442
all,L,2,220435,1000000,7371139135246081924,11.871536
all,L,2,395173,1000000,10576103514097166279,11.875518
all,L,2,125555,1000000,8943818760375206147,11.856455
all,L,2,37317,1000000,17158726568359541500,11.877565
all,L,2,326694,1000000,9117100399094165933,11.874025
all,L,2,408325,1000000,10544052076231477114,11.863876
all,L,2,928005,1000000,7505992583204080939,11.880164
all,L,2,636852,1000000,7895162088346050621,11.85445
all,L,2,565201,1000000,8184629090086881345,11.874821
all,L,2,416400,1000000,9536897796637306696,11.876599
all,L,2,671950,1000000,14895029421699303669,11.855147
all,L,2,100598,1000000,16494935030489954985,11.870518
all,L,2,130060,1000000,14921113119544041681,11.871589
all,L,2,763603,1000000,1900900238568007811,11.867469999999999
all,L,2,229656,1000000,1894468672199434319,11.869515999999999
all,L,2,854752,1000000,17809770115298077459,11.874229999999999
all,L,2,717147,1000000,6691701412507530886,11.871201
all,L,2,253796,1000000,358054800924404547,11.882001
all,L,2,594298,1000000,4006200478241105824,11.872935
all,L,2,802333,1000000,155218242063238158,11.865438
all,L,2,907497,1000000,10539995831024917851,11.868022000000002
all,L,2,970136,1000000,2809382299381371444,11.867321
all,L,2,472710,1000000,9322406083669426400,11.864323
all,L,2,311434,1000000,835849977383418411,11.875959
all,L,2,152112,1000000,15499823740680461365,11.858865
all,L,2,262882,1000000,10420154705391700269,11.861284
all,L,2,706522,1000000,11602945643244315392,11.869883
all,L,2,832912,1000000,18123405908373971594,11.858872999999999
all,L,2,303769,1000000,2701790959040422258,11.87367
all,L,2,223701,1000000,8078202784440021693,11.865127000000001
all,L,2,809314,1000000,17337952930506189950,11.86933
all,L,2,831243,1000000,10880001800419951293,11.879639
all,L,2,831746,1000000,481815094024825890,11.865692
all,L,2,314373,1000000,11913663609545475732,11.859324
all,L,2,810800,1000000,2933429985170088122,11.858951
all,L,2,211855,1000000,8539512387691981817,11.871115
all,L,2,533614,1000000,17890926061835471970,11.881836
all,L,2,335471,1000000,2899874999189035835,11.858679
all,L,2,566134,1000000,17271763608998345436,11.862535
all,L,2,738848,1000000,8812392896954298829,11.866992
all,L,2,359342,1000000,12018035170414210085,11.873700000000001
all,L,2,965210,1000000,7725909104140977347,11.869321
all,L,2,928413,1000000,9909803534112132013,11.867640999999999
all,L,2,998782,1000000,11177248549409070543,11.856877
all,L,2,248373,1000000,10853615348990915110,11.85816
all,L,2,113110,1000000,14664104048308303392,11.861727
all,L,2,421120,1000000,2673017338033822225,11.878626
all,L,2,579626,1000000,8474710679864004573,11.858505
all,L,2,997466,1000000,3483830750360314304,11.874304
all,L,2,522760,1000000,16841210789599176047,11.875191000000001
all,L,2,134930,1000000,171870010089159884,11.865776
all,L,2,786964,1000000,14380161284363022068,11.870431
all,L,2,884325,1000000,17626328068374859508,11.868450999999999
all,L,2,552447,1000000,8923877625261750249,11.847322
all,L,2,504571,1000000,12605759133663157756,11.869197
all,L,2,951244,1000000,12048436060597563105,11.868272999999999
all,L,2,220807,1000000,11896406969618448303,11.876156000000002
all,L,2,681257,1000000,15621305984798844607,11.865834000000001
all,L,2,417658,1000000,17447488104489124590,11.851674000000001
all,L,2,266352,1000000,18412723224000192017,11.869341
all,L,3,584510,1000000,1807088016867934454,11.905149999999999
all,L,3,860467,1000000,6498988667746730580,11.848538000000001
all,L,3,923923,1000000,3907744307583952658,11.863054
all,L,3,533409,1000000,3223630956826593726,11.854601
all,L,3,220435,1000000,7371139135246081924,11.876541
all,L,3,395173,1000000,10576103514097166279,11.859866
all,L,3,125555,1000000,8943818760375206147,11.874726
all,L,3,37317,1000000,17158726568359541500,11.880016
all,L,3,326694,1000000,9117100399094165933,11.865959
all,L,3,408325,1000000,10544052076231477114,11.861965
all,L,3,928005,1000000,7505992583204080939,11.872955
all,L,3,636852,1000000,7895162088346050621,11.858509
all,L,3,565201,1000000,8184629090086881345,11.873745999999999
all,L,3,416400,1000000,9536897796637306696,11.860076
all,L,3,671950,1000000,14895029421699303669,11.873823
all,L,3,100598,1000000,16494935030489954985,11.872137
all,L,3,130060,1000000,14921113119544041681,11.861307
all,L,3,763603,1000000,1900900238568007811,11.851343
all,L,3,229656,1000000,1894468672199434319,11.871996
all,L,3,854752,1000000,17809770115298077459,11.886344999999999
all,L,3,717147,1000000,6691701412507530886,11.850085
all,L,3,253796,1000000,358054800924404547,11.853022000000001
all,L,3,594298,1000000,4006200478241105824,11.873548000000001
all,L,3,802333,1000000,155218242063238158,11.868715
all,L,3,907497,1000000,10539995831024917851,11.879448
all,L,3,970136,1000000,2809382299381371444,11.876539000000001
all,L,3,472710,1000000,9322406083669426400,11.848111999999999
all,L,3,311434,1000000,835849977383418411,11.849565
all,L,3,152112,1000000,15499823740680461365,11.863232
all,L,3,262882,1000000,10420154705391700269,11.903476000000001
all,L,3,706522,1000000,11602945643244315392,11.83759
all,L,3,832912,1000000,18123405908373971594,11.857686
all,L,3,303769,1000000,2701790959040422258,11.849316
all,L,3,223701,1000000,8078202784440021693,11.816198
all,L,3,809314,1000000,17337952930506189950,11.851132999999999
all,L,3,831243,1000000,10880001800419951293,11.835905
all,L,3,831746,1000000,481815094024825890,11.830429
all,L,3,314373,1000000,11913663609545475732,11.831526
all,L,3,810800,1000000,2933429985170088122,11.821378000000001
all,L,3,211855,1000000,8539512387691981817,11.849300999999999
all,L,3,533614,1000000,17890926061835471970,11.813852
all,L,3,335471,1000000,2899874999189035835,11.834971
all,L,3,566134,1000000,17271763608998345436,11.832164
all,L,3,738848,1000000,8812392896954298829,11.825743000000001
all,L,3,359342,1000000,12018035170414210085,11.842651
all,L,3,965210,1000000,7725909104140977347,11.840422
all,L,3,928413,1000000,9909803534112132013,11.834337
all,L,3,998782,1000000,11177248549409070543,11.829222
all,L,3,248373,1000000,10853615348990915110,11.836941000000001
all,L,3,113110,1000000,14664104048308303392,11.910236999999999
all,L,3,421120,1000000,2673017338033822225,11.838314
all,L,3,579626,1000000,8474710679864004573,11.823692
all,L,3,997466,1000000,3483830750360314304,11.836039000000001
all,L,3,522760,1000000,16841210789599176047,11.823922
all,L,3,134930,1000000,171870010089159884,11.840198000000001
all,L,3,786964,1000000,14380161284363022068,11.824619
all,L,3,884325,1000000,17626328068374859508,11.833795
all,L,3,552447,1000000,8923877625261750249,11.850986
all,L,3,504571,1000000,12605759133663157756,11.841185
all,L,3,951244,1000000,12048436060597563105,11.829486999999999
all,L,3,220807,1000000,11896406969618448303,11.841168
all,L,3,681257,1000000,15621305984798844607,11.849628000000001
all,L,3,417658,1000000,17447488104489124590,11.833486
all,L,3,266352,1000000,18412723224000192017,11.824785
all,L,4,584510,1000000,1807088016867934454,11.899882999999999
all,L,4,860467,1000000,6498988667746730580,11.853735
all,L,4,923923,1000000,3907744307583952658,11.861816000000001
all,L,4,533409,1000000,3223630956826593726,11.860631
all,L,4,220435,1000000,7371139135246081924,11.853726
all,L,4,395173,1000000,10576103514097166279,11.865032999999999
all,L,4,125555,1000000,8943818760375206147,11.864096
all,L,4,37317,1000000,17158726568359541500,11.858248999999999
all,L,4,326694,1000000,9117100399094165933,11.857405
all,L,4,408325,1000000,10544052076231477114,11.856024999999999
all,L,4,928005,1000000,7505992583204080939,11.863909
all,L,4,636852,1000000,7895162088346050621,11.861394
all,L,4,565201,1000000,8184629090086881345,11.863952
all,L,4,416400,1000000,9536897796637306696,11.857735
all,L,4,671950,1000000,14895029421699303669,11.858602000000001
all,L,4,100598,1000000,16494935030489954985,11.861059
all,L,4,130060,1000000,14921113119544041681,11.857332
all,L,4,763603,1000000,1900900238568007811,11.871236000000001
all,L,4,229656,1000000,1894468672199434319,11.873308000000002
all,L,4,854752,1000000,17809770115298077459,11.861245
all,L,4,717147,1000000,6691701412507530886,11.855723
all,L,4,253796,1000000,358054800924404547,11.868357
all,L,4,594298,1000000,4006200478241105824,11.854775
all,L,4,802333,1000000,155218242063238158,11.861317
all,L,4,907497,1000000,10539995831024917851,11.852426
all,L,4,970136,1000000,2809382299381371444,11.859125
all,L,4,472710,1000000,9322406083669426400,11.863626
all,L,4,311434,1000000,835849977383418411,11.861263999999998
all,L,4,152112,1000000,15499823740680461365,11.861499
all,L,4,262882,1000000,10420154705391700269,11.861161
all,L,4,706522,1000000,11602945643244315392,11.858463
all,L,4,832912,1000000,18123405908373971594,11.836495999999999
all,L,4,303769,1000000,2701790959040422258,11.870127
all,L,4,223701,1000000,8078202784440021693,11.851831
all,L,4,809314,1000000,17337952930506189950,11.866256
all,L,4,831243,1000000,10880001800419951293,11.877145
all,L,4,831746,1000000,481815094024825890,11.847761
all,L,4,314373,1000000,11913663609545475732,11.857393
all,L,4,810800,1000000,2933429985170088122,11.844834
all,L,4,211855,1000000,8539512387691981817,11.853266
all,L,4,533614,1000000,17890926061835471970,11.865405
all,L,4,335471,1000000,2899874999189035835,11.854443
all,L,4,566134,1000000,17271763608998345436,11.843047
all,L,4,738848,1000000,8812392896954298829,11.853002
all,L,4,359342,1000000,12018035170414210085,11.865789000000001
all,L,4,965210,1000000,7725909104140977347,11.854443
all,L,4,928413,1000000,9909803534112132013,11.868060999999999
all,L,4,998782,1000000,11177248549409070543,11.849362999999999
all,L,4,248373,1000000,10853615348990915110,11.853306
all,L,4,113110,1000000,14664104048308303392,11.863745000000002
all,L,4,421120,1000000,2673017338033822225,11.844016
all,L,4,579626,1000000,8474710679864004573,11.856173
all,L,4,997466,1000000,3483830750360314304,11.85693
all,L,4,522760,1000000,16841210789599176047,11.842508
all,L,4,134930,1000000,171870010089159884,11.856075
all,L,4,786964,1000000,14380161284363022068,11.851338
all,L,4,884325,1000000,17626328068374859508,11.850214
all,L,4,552447,1000000,8923877625261750249,11.925825000000001
all,L,4,504571,1000000,12605759133663157756,11.853744
all,L,4,951244,1000000,12048436060597563105,11.840052
all,L,4,220807,1000000,11896406969618448303,11.848575
all,L,4,681257,1000000,15621305984798844607,11.844599
all,L,4,417658,1000000,17447488104489124590,11.853513000000001
all,L,4,266352,1000000,18412723224000192017,11.852219
all,L,5,584510,1000000,1807088016867934454,11.876736000000001
all,L,5,860467,1000000,6498988667746730580,11.856955
all,L,5,923923,1000000,3907744307583952658,11.864565
all,L,5,533409,1000000,3223630956826593726,11.855859
all,L,5,220435,1000000,7371139135246081924,11.850355
all,L,5,395173,1000000,10576103514097166279,11.853016
all,L,5,125555,1000000,8943818760375206147,11.868449
all,L,5,37317,1000000,17158726568359541500,11.852623
all,L,5,326694,1000000,9117100399094165933,11.852754999999998
all,L,5,408325,1000000,10544052076231477114,11.876017
all,L,5,928005,1000000,7505992583204080939,11.870236
all,L,5,636852,1000000,7895162088346050621,11.846405
all,L,5,565201,1000000,8184629090086881345,11.851541
all,L,5,416400,1000000,9536897796637306696,11.840131
all,L,5,671950,1000000,14895029421699303669,11.838245
all,L,5,100598,1000000,16494935030489954985,11.86135
all,L,5,130060,1000000,14921113119544041681,11.836325
all,L,5,763603,1000000,1900900238568007811,11.828127
all,L,5,229656,1000000,1894468672199434319,11.900145
all,L,5,854752,1000000,17809770115298077459,11.821572
all,L,5,717147,1000000,6691701412507530886,11.831669
all,L,5,253796,1000000,358054800924404547,11.838754999999999
all,L,5,594298,1000000,4006200478241105824,11.838016
all,L,5,802333,1000000,155218242063238158,11.835865
all,L,5,907497,1000000,10539995831024917851,11.829409
all,L,5,970136,1000000,2809382299381371444,11.825329
all,L,5,472710,1000000,9322406083669426400,11.831038000000001
all,L,5,311434,1000000,835849977383418411,11.836469999999998
all,L,5,152112,1000000,15499823740680461365,11.843718999999998
all,L,5,262882,1000000,10420154705391700269,11.823154
all,L,5,706522,1000000,11602945643244315392,11.834922
all,L,5,832912,1000000,18123405908373971594,11.824622999999999
all,L,5,303769,1000000,2701790959040422258,11.824496
all,L,5,223701,1000000,8078202784440021693,11.828556
all,L,5,809314,1000000,17337952930506189950,11.833534
all,L,5,831243,1000000,10880001800419951293,11.840346
all,L,5,831746,1000000,481815094024825890,11.837911
all,L,5,314373,1000000,11913663609545475732,11.840961
all,L,5,810800,1000000,2933429985170088122,11.826568
all,L,5,211855,1000000,8539512387691981817,11.828397
all,L,5,533614,1000000,17890926061835471970,11.84281
all,L,5,335471,1000000,2899874999189035835,11.824395
all,L,5,566134,1000000,17271763608998345436,11.807909
all,L,5,738848,1000000,8812392896954298829,11.834727
all,L,5,359342,1000000,12018035170414210085,11.817051
all,L,5,965210,1000000,7725909104140977347,11.799224
all,L,5,928413,1000000,9909803534112132013,11.825411
all,L,5,998782,1000000,11177248549409070543,11.814169
all,L,5,248373,1000000,10853615348990915110,11.814805
all,L,5,113110,1000000,14664104048308303392,11.818283
all,L,5,421120,1000000,2673017338033822225,11.828638000000002
all,L,5,579626,1000000,8474710679864004573,11.811709
all,L,5,997466,1000000,3483830750360314304,11.825511
all,L,5,522760,1000000,16841210789599176047,11.825854
all,L,5,134930,1000000,171870010089159884,11.820807
all,L,5,786964,1000000,14380161284363022068,11.802416
all,L,5,884325,1000000,17626328068374859508,11.820246
all,L,5,552447,1000000,8923877625261750249,11.811834000000001
all,L,5,504571,1000000,12605759133663157756,11.810336999999999
all,L,5,951244,1000000,12048436060597563105,11.828045
all,L,5,220807,1000000,11896406969618448303,11.816886
all,L,5,681257,1000000,15621305984798844607,11.810597
all,L,5,417658,1000000,17447488104489124590,11.825194999999999
all,L,5,266352,1000000,18412723224000192017,11.811058999999998
all,L,6,584510,1000000,1807088016867934454,11.959263
all,L,6,860467,1000000,6498988667746730580,11.924498999999999
all,L,6,923923,1000000,3907744307583952658,11.930106
all,L,6,533409,1000000,3223630956826593726,11.917017
all,L,6,220435,1000000,7371139135246081924,11.940633
all,L,6,395173,1000000,10576103514097166279,11.922465
all,L,6,125555,1000000,8943818760375206147,11.939543
all,L,6,37317,1000000,17158726568359541500,11.907244
all,L,6,326694,1000000,9117100399094165933,11.922184
all,L,6,408325,1000000,10544052076231477114,11.922491
all,L,6,928005,1000000,7505992583204080939,11.938048
all,L,6,636852,1000000,7895162088346050621,11.932362999999999
all,L,6,565201,1000000,8184629090086881345,11.922769
all,L,6,416400,1000000,9536897796637306696,11.936236999999998
all,L,6,671950,1000000,14895029421699303669,11.911354
all,L,6,100598,1000000,16494935030489954985,11.941127
all,L,6,130060,1000000,14921113119544041681,11.917931000000001
all,L,6,763603,1000000,1900900238568007811,11.935540000000001
all,L,6,229656,1000000,1894468672199434319,11.915262
all,L,6,854752,1000000,17809770115298077459,11.932361
all,L,6,717147,1000000,6691701412507530886,11.924324
all,L,6,253796,1000000,358054800924404547,11.943560999999999
all,L,6,594298,1000000,4006200478241105824,11.915799000000002
all,L,6,802333,1000000,155218242063238158,11.93383
all,L,6,907497,1000000,10539995831024917851,11.923051
all,L,6,970136,1000000,2809382299381371444,11.921526
all,L,6,472710,1000000,9322406083669426400,11.922319
all,L,6,311434,1000000,835849977383418411,11.915942999999999
all,L,6,152112,1000000,15499823740680461365,11.913048
all,L,6,262882,1000000,10420154705391700269,11.919129000000002
all,L,6,706522,1000000,11602945643244315392,11.920141
all,L,6,832912,1000000,18123405908373971594,11.931106
all,L,6,303769,1000000,2701790959040422258,11.928307
all,L,6,223701,1000000,8078202784440021693,11.930651
all,L,6,809314,1000000,17337952930506189950,11.935649
all,L,6,831243,1000000,10880001800419951293,11.914693
all,L,6,831746,1000000,481815094024825890,11.930304
all,L,6,314373,1000000,11913663609545475732,11.922303
all,L,6,810800,1000000,2933429985170088122,11.952513000000001
all,L,6,211855,1000000,8539512387691981817,11.897143
all,L,6,533614,1000000,17890926061835471970,11.905385
all,L,6,335471,1000000,2899874999189035835,11.907781000000002
all,L,6,566134,1000000,17271763608998345436,11.920774
all,L,6,738848,1000000,8812392896954298829,11.925287
all,L,6,359342,1000000,12018035170414210085,11.930931000000001
all,L,6,965210,1000000,7725909104140977347,11.907814
all,L,6,928413,1000000,9909803534112132013,11.911946
all,L,6,998782,1000000,11177248549409070543,11.916305
all,L,6,248373,1000000,10853615348990915110,11.918242
all,L,6,113110,1000000,14664104048308303392,11.91285
all,L,6,421120,1000000,2673017338033822225,11.912441000000001
all,L,6,579626,1000000,8474710679864004573,11.907416999999999
all,L,6,997466,1000000,3483830750360314304,11.895067
all,L,6,522760,1000000,16841210789599176047,11.905147000000001
all,L,6,134930,1000000,171870010089159884,11.910406
all,L,6,786964,1000000,14380161284363022068,11.917892
all,L,6,884325,1000000,17626328068374859508,11.920008
all,L,6,552447,1000000,8923877625261750249,11.901579
all,L,6,504571,1000000,12605759133663157756,11.903877
all,L,6,951244,1000000,12048436060597563105,11.884946
all,L,6,220807,1000000,11896406969618448303,11.888843999999999
all,L,6,681257,1000000,15621305984798844607,11.911076999999999
all,L,6,417658,1000000,17447488104489124590,11.900842
all,L,6,266352,1000000,18412723224000192017,11.903068
all,E64,1,584510,1000000,1807088016867934454,25.047452
all,E64,1,860467,1000000,6498988667746730580,25.017098999999998
all,E64,1,923923,1000000,3907744307583952658,25.004210999999998
all,E64,1,533409,1000000,3223630956826593726,24.974386
all,E64,1,220435,1000000,7371139135246081924,24.959199
all,E64,1,395173,1000000,10576103514097166279,24.982751
all,E64,1,125555,1000000,8943818760375206147,24.977337
all,E64,1,37317,1000000,17158726568359541500,24.9802
all,E64,1,326694,1000000,9117100399094165933,24.9772
all,E64,1,408325,1000000,10544052076231477114,25.000715
all,E64,1,928005,1000000,7505992583204080939,24.992017
all,E64,1,636852,1000000,7895162088346050621,25.009506000000002
all,E64,1,565201,1000000,8184629090086881345,24.978357
all,E64,1,416400,1000000,9536897796637306696,24.984353
all,E64,1,671950,1000000,14895029421699303669,24.971605
all,E64,1,100598,1000000,16494935030489954985,25.031695
all,E64,1,130060,1000000,14921113119544041681,24.963100999999998
all,E64,1,763603,1000000,1900900238568007811,24.964693999999998
all,E64,1,229656,1000000,1894468672199434319,24.989152999999998
all,E64,1,854752,1000000,17809770115298077459,24.987267
all,E64,1,717147,1000000,6691701412507530886,24.970367
all,E64,1,253796,1000000,358054800924404547,24.971208999999998
all,E64,1,594298,1000000,4006200478241105824,25.00152
all,E64,1,802333,1000000,155218242063238158,24.961408
all,E64,1,907497,1000000,10539995831024917851,24.962370999999997
all,E64,1,970136,1000000,2809382299381371444,24.98903
all,E64,1,472710,1000000,9322406083669426400,24.954586
all,E64,1,311434,1000000,835849977383418411,24.993260999999997
all,E64,1,152112,1000000,15499823740680461365,25.008098
all,E64,1,262882,1000000,10420154705391700269,24.982419999999998
all,E64,1,706522,1000000,11602945643244315392,24.954396
all,E64,1,832912,1000000,18123405908373971594,25.000697
all,E64,1,303769,1000000,2701790959040422258,24.977919999999997
all,E64,1,223701,1000000,8078202784440021693,24.979682
all,E64,1,809314,1000000,17337952930506189950,24.980797
all,E64,1,831243,1000000,10880001800419951293,24.983986
all,E64,1,831746,1000000,481815094024825890,24.991632000000003
all,E64,1,314373,1000000,11913663609545475732,25.01779
all,E64,1,810800,1000000,2933429985170088122,24.978793000000003
all,E64,1,211855,1000000,8539512387691981817,24.95826
all,E64,1,533614,1000000,17890926061835471970,24.989369999999997
all,E64,1,335471,1000000,2899874999189035835,25.032684
all,E64,1,566134,1000000,17271763608998345436,25.006614000000003
all,E64,1,738848,1000000,8812392896954298829,24.991024000000003
all,E64,1,359342,1000000,12018035170414210085,24.988675999999998
all,E64,1,965210,1000000,7725909104140977347,24.95354
all,E64,1,928413,1000000,9909803534112132013,24.961105
all,E64,1,998782,1000000,11177248549409070543,24.972055
all,E64,1,248373,1000000,10853615348990915110,24.976080999999997
all,E64,1,113110,1000000,14664104048308303392,24.991156999999998
all,E64,1,421120,1000000,2673017338033822225,24.962181
all,E64,1,579626,1000000,8474710679864004573,24.976753000000002
all,E64,1,997466,1000000,3483830750360314304,25.000155
all,E64,1,522760,1000000,16841210789599176047,24.986718
all,E64,1,134930,1000000,171870010089159884,24.969823
all,E64,1,786964,1000000,14380161284363022068,24.992276999999998
all,E64,1,884325,1000000,17626328068374859508,24.957351
all,E64,1,552447,1000000,8923877625261750249,24.992915
all,E64,1,504571,1000000,12605759133663157756,24.996594
all,E64,1,951244,1000000,12048436060597563105,24.979043
all,E64,1,220807,1000000,11896406969618448303,25.01777
all,E64,1,681257,1000000,15621305984798844607,24.972648
all,E64,1,417658,1000000,17447488104489124590,25.009387
all,E64,1,266352,1000000,18412723224000192017,24.975696
all,E64,2,584510,1000000,1807088016867934454,25.052572
all,E64,2,860467,1000000,6498988667746730580,25.011532
all,E64,2,923923,1000000,3907744307583952658,25.013064999999997
all,E64,2,533409,1000000,3223630956826593726,25.041339
all,E64,2,220435,1000000,7371139135246081924,24.994484
all,E64,2,395173,1000000,10576103514097166279,25.004564
all,E64,2,125555,1000000,8943818760375206147,25.006857
all,E64,2,37317,1000000,17158726568359541500,25.023652
all,E64,2,326694,1000000,9117100399094165933,24.996298
all,E64,2,408325,1000000,10544052076231477114,25.004098000000003
all,E64,2,928005,1000000,7505992583204080939,25.007865000000002
all,E64,2,636852,1000000,7895162088346050621,24.956291
all,E64,2,565201,1000000,8184629090086881345,24.996949
all,E64,2,416400,1000000,9536897796637306696,25.035307
all,E64,2,671950,1000000,14895029421699303669,25.040551999999998
all,E64,2,100598,1000000,16494935030489954985,24.998223999999997
all,E64,2,130060,1000000,14921113119544041681,24.98055
all,E64,2,763603,1000000,1900900238568007811,24.992916
all,E64,2,229656,1000000,1894468672199434319,25.025399
all,E64,2,854752,1000000,17809770115298077459,25.015551
all,E64,2,717147,1000000,6691701412507530886,24.984354
all,E64,2,253796,1000000,358054800924404547,24.966732
all,E64,2,594298,1000000,4006200478241105824,24.974973000000002
all,E64,2,802333,1000000,155218242063238158,25.034669
all,E64,2,907497,1000000,10539995831024917851,24.987402
all,E64,2,970136,1000000,2809382299381371444,25.033954
all,E64,2,472710,1000000,9322406083669426400,24.990001
all,E64,2,311434,1000000,835849977383418411,24.977737
all,E64,2,152112,1000000,15499823740680461365,24.995787
all,E64,2,262882,1000000,10420154705391700269,24.970633999999997
all,E64,2,706522,1000000,11602945643244315392,25.000544
all,E64,2,832912,1000000,18123405908373971594,25.013243
all,E64,2,303769,1000000,2701790959040422258,24.991923999999997
all,E64,2,223701,1000000,8078202784440021693,25.007163000000002
all,E64,2,809314,1000000,17337952930506189950,24.975775000000002
all,E64,2,831243,1000000,10880001800419951293,25.018416000000002
all,E64,2,831746,1000000,481815094024825890,24.985298
all,E64,2,314373,1000000,11913663609545475732,25.006169999999997
all,E64,2,810800,1000000,2933429985170088122,24.981699
all,E64,2,211855,1000000,8539512387691981817,24.981946
all,E64,2,533614,1000000,17890926061835471970,24.998916
all,E64,2,335471,1000000,2899874999189035835,24.99709
all,E64,2,566134,1000000,17271763608998345436,25.025044
all,E64,2,738848,1000000,8812392896954298829,25.002885
all,E64,2,359342,1000000,12018035170414210085,24.998455000000003
all,E64,2,965210,1000000,7725909104140977347,25.025917
all,E64,2,928413,1000000,9909803534112132013,24.970006
all,E64,2,998782,1000000,11177248549409070543,24.998146000000002
all,E64,2,248373,1000000,10853615348990915110,24.989223000000003
all,E64,2,113110,1000000,14664104048308303392,25.002920999999997
all,E64,2,421120,1000000,2673017338033822225,24.992679
all,E64,2,579626,1000000,8474710679864004573,25.012902999999998
all,E64,2,997466,1000000,3483830750360314304,24.991953000000002
all,E64,2,522760,1000000,16841210789599176047,24.977316
all,E64,2,134930,1000000,171870010089159884,24.996573
all,E64,2,786964,1000000,14380161284363022068,25.002854
all,E64,2,884325,1000000,17626328068374859508,24.995504
all,E64,2,552447,1000000,8923877625261750249,25.013294000000002
all,E64,2,504571,1000000,12605759133663157756,24.987859
all,E64,2,951244,1000000,12048436060597563105,24.991473000000003
all,E64,2,220807,1000000,11896406969618448303,24.998741000000003
all,E64,2,681257,1000000,15621305984798844607,25.008501
all,E64,2,417658,1000000,17447488104489124590,24.974433
all,E64,2,266352,1000000,18412723224000192017,24.970829000000002
all,E64,3,584510,1000000,1807088016867934454,25.066474999999997
all,E64,3,860467,1000000,6498988667746730580,24.981293
all,E64,3,923923,1000000,3907744307583952658,24.997593000000002
all,E64,3,533409,1000000,3223630956826593726,25.008812000000002
all,E64,3,220435,1000000,7371139135246081924,24.998210999999998
all,E64,3,395173,1000000,10576103514097166279,25.002209
all,E64,3,125555,1000000,8943818760375206147,24.996937000000003
all,E64,3,37317,1000000,17158726568359541500,25.011258
all,E64,3,326694,1000000,9117100399094165933,24.987913
all,E64,3,408325,1000000,10544052076231477114,24.973523
all,E64,3,928005,1000000,7505992583204080939,25.020097
all,E64,3,636852,1000000,7895162088346050621,24.991047
all,E64,3,565201,1000000,8184629090086881345,25.001331999999998
all,E64,3,416400,1000000,9536897796637306696,25.011041000000002
all,E64,3,671950,1000000,14895029421699303669,24.999529
all,E64,3,100598,1000000,16494935030489954985,24.970195
all,E64,3,130060,1000000,14921113119544041681,24.99627
all,E64,3,763603,1000000,1900900238568007811,24.962726
all,E64,3,229656,1000000,1894468672199434319,24.983901999999997
all,E64,3,854752,1000000,17809770115298077459,24.988006000000002
all,E64,3,717147,1000000,6691701412507530886,24.978264
all,E64,3,253796,1000000,358054800924404547,25.026077
all,E64,3,594298,1000000,4006200478241105824,24.992555
all,E64,3,802333,1000000,155218242063238158,24.974858
all,E64,3,907497,1000000,10539995831024917851,24.969052
all,E64,3,970136,1000000,2809382299381371444,24.986051
all,E64,3,472710,1000000,9322406083669426400,24.999928
all,E64,3,311434,1000000,835849977383418411,25.008092
all,E64,3,152112,1000000,15499823740680461365,24.985688
all,E64,3,262882,1000000,10420154705391700269,24.978571
all,E64,3,706522,1000000,11602945643244315392,24.985405999999998
all,E64,3,832912,1000000,18123405908373971594,24.968687999999997
all,E64,3,303769,1000000,2701790959040422258,25.010407999999998
all,E64,3,223701,1000000,8078202784440021693,25.008812000000002
all,E64,3,809314,1000000,17337952930506189950,24.988569
all,E64,3,831243,1000000,10880001800419951293,25.004681
all,E64,3,831746,1000000,481815094024825890,24.983595
all,E64,3,314373,1000000,11913663609545475732,24.989944
all,E64,3,810800,1000000,2933429985170088122,24.996705000000002
all,E64,3,211855,1000000,8539512387691981817,24.980672
all,E64,3,533614,1000000,17890926061835471970,24.972651999999997
all,E64,3,335471,1000000,2899874999189035835,24.989708999999998
all,E64,3,566134,1000000,17271763608998345436,24.993972000000003
all,E64,3,738848,1000000,8812392896954298829,25.00852
all,E64,3,359342,1000000,12018035170414210085,25.026964
all,E64,3,965210,1000000,7725909104140977347,25.000115
all,E64,3,928413,1000000,9909803534112132013,24.977207999999997
all,E64,3,998782,1000000,11177248549409070543,24.999211
all,E64,3,248373,1000000,10853615348990915110,24.998853999999998
all,E64,3,113110,1000000,14664104048308303392,24.979358
all,E64,3,421120,1000000,2673017338033822225,24.991885
all,E64,3,579626,1000000,8474710679864004573,25.008654
all,E64,3,997466,1000000,3483830750360314304,24.992519
all,E64,3,522760,1000000,16841210789599176047,25.007655
all,E64,3,134930,1000000,171870010089159884,25.013047
all,E64,3,786964,1000000,14380161284363022068,24.991453
all,E64,3,884325,1000000,17626328068374859508,25.002435000000002
all,E64,3,552447,1000000,8923877625261750249,25.003051
all,E64,3,504571,1000000,12605759133663157756,24.998652999999997
all,E64,3,951244,1000000,12048436060597563105,25.000419
all,E64,3,220807,1000000,11896406969618448303,25.023281
all,E64,3,681257,1000000,15621305984798844607,24.981562
all,E64,3,417658,1000000,17447488104489124590,24.998939999999997
all,E64,3,266352,1000000,18412723224000192017,24.968552
all,E64,4,584510,1000000,1807088016867934454,24.253239
all,E64,4,860467,1000000,6498988667746730580,24.156377
all,E64,4,923923,1000000,3907744307583952658,24.150403999999998
all,E64,4,533409,1000000,3223630956826593726,24.141675
all,E64,4,220435,1000000,7371139135246081924,24.153706999999997
all,E64,4,395173,1000000,10576103514097166279,24.139917
all,E64,4,125555,1000000,8943818760375206147,24.135026000000003
all,E64,4,37317,1000000,17158726568359541500,24.167561000000003
all,E64,4,326694,1000000,9117100399094165933,24.136770000000002
all,E64,4,408325,1000000,10544052076231477114,24.142298999999998
all,E64,4,928005,1000000,7505992583204080939,24.159470000000002
all,E64,4,636852,1000000,7895162088346050621,24.15682
all,E64,4,565201,1000000,8184629090086881345,24.138382
all,E64,4,416400,1000000,9536897796637306696,24.130155
all,E64,4,671950,1000000,14895029421699303669,24.153146
all,E64,4,100598,1000000,16494935030489954985,24.095771
all,E64,4,130060,1000000,14921113119544041681,24.098005
all,E64,4,763603,1000000,1900900238568007811,24.124655999999998
all,E64,4,229656,1000000,1894468672199434319,24.07954
all,E64,4,854752,1000000,17809770115298077459,24.081374
all,E64,4,717147,1000000,6691701412507530886,24.12746
all,E64,4,253796,1000000,358054800924404547,24.151514
all,E64,4,594298,1000000,4006200478241105824,24.114936
all,E64,4,802333,1000000,155218242063238158,24.131228999999998
all,E64,4,907497,1000000,10539995831024917851,24.122141
all,E64,4,970136,1000000,2809382299381371444,24.123189999999997
all,E64,4,472710,1000000,9322406083669426400,24.144502
all,E64,4,311434,1000000,835849977383418411,24.128397
all,E64,4,152112,1000000,15499823740680461365,24.140175
all,E64,4,262882,1000000,10420154705391700269,24.135308000000002
all,E64,4,706522,1000000,11602945643244315392,24.178341
all,E64,4,832912,1000000,18123405908373971594,24.143628
all,E64,4,303769,1000000,2701790959040422258,24.121102999999998
all,E64,4,223701,1000000,8078202784440021693,24.135994999999998
all,E64,4,809314,1000000,17337952930506189950,24.144111000000002
all,E64,4,831243,1000000,10880001800419951293,24.147773
all,E64,4,831746,1000000,481815094024825890,24.118403999999998
all,E64,4,314373,1000000,11913663609545475732,24.119435000000003
all,E64,4,810800,1000000,2933429985170088122,24.144285
all,E64,4,211855,1000000,8539512387691981817,24.142222
all,E64,4,533614,1000000,17890926061835471970,24.145821
all,E64,4,335471,1000000,2899874999189035835,24.139749
all,E64,4,566134,1000000,17271763608998345436,24.182074
all,E64,4,738848,1000000,8812392896954298829,24.119893
all,E64,4,359342,1000000,12018035170414210085,24.11609
all,E64,4,965210,1000000,7725909104140977347,24.11327
all,E64,4,928413,1000000,9909803534112132013,24.158585
all,E64,4,998782,1000000,11177248549409070543,24.169326
all,E64,4,248373,1000000,10853615348990915110,24.131183
all,E64,4,113110,1000000,14664104048308303392,24.143874
all,E64,4,421120,1000000,2673017338033822225,24.147565
all,E64,4,579626,1000000,8474710679864004573,24.146642
all,E64,4,997466,1000000,3483830750360314304,24.141628
all,E64,4,522760,1000000,16841210789599176047,24.119137
all,E64,4,134930,1000000,171870010089159884,24.109109
all,E64,4,786964,1000000,14380161284363022068,24.120887
all,E64,4,884325,1000000,17626328068374859508,24.074247
all,E64,4,552447,1000000,8923877625261750249,24.092736000000002
all,E64,4,504571,1000000,12605759133663157756,24.372399
all,E64,4,951244,1000000,12048436060597563105,24.067471
all,E64,4,220807,1000000,11896406969618448303,24.078536
all,E64,4,681257,1000000,15621305984798844607,24.094828
all,E64,4,417658,1000000,17447488104489124590,24.119786
all,E64,4,266352,1000000,18412723224000192017,24.116208999999998
all,E64,5,584510,1000000,1807088016867934454,25.047815
all,E64,5,860467,1000000,6498988667746730580,24.987937000000002
all,E64,5,923923,1000000,3907744307583952658,24.992995999999998
all,E64,5,533409,1000000,3223630956826593726,24.99018
all,E64,5,220435,1000000,7371139135246081924,25.035571
all,E64,5,395173,1000000,10576103514097166279,24.989913
all,E64,5,125555,1000000,8943818760375206147,25.008775
all,E64,5,37317,1000000,17158726568359541500,24.983154
all,E64,5,326694,1000000,9117100399094165933,25.016328
all,E64,5,408325,1000000,10544052076231477114,25.002391
all,E64,5,928005,1000000,7505992583204080939,25.018261
all,E64,5,636852,1000000,7895162088346050621,24.997515
all,E64,5,565201,1000000,8184629090086881345,25.01202
all,E64,5,416400,1000000,9536897796637306696,25.006375
all,E64,5,671950,1000000,14895029421699303669,24.991124
all,E64,5,100598,1000000,16494935030489954985,25.013089
all,E64,5,130060,1000000,14921113119544041681,25.013577
all,E64,5,763603,1000000,1900900238568007811,25.000379000000002
all,E64,5,229656,1000000,1894468672199434319,24.998240000000003
all,E64,5,854752,1000000,17809770115298077459,24.996668000000003
all,E64,5,717147,1000000,6691701412507530886,24.997761999999998
all,E64,5,253796,1000000,358054800924404547,25.009488
all,E64,5,594298,1000000,4006200478241105824,24.973952
all,E64,5,802333,1000000,155218242063238158,24.995464
all,E64,5,907497,1000000,10539995831024917851,25.015943
all,E64,5,970136,1000000,2809382299381371444,25.026141
all,E64,5,472710,1000000,9322406083669426400,25.010441999999998
all,E64,5,311434,1000000,835849977383418411,25.012794999999997
all,E64,5,152112,1000000,15499823740680461365,25.010682
all,E64,5,262882,1000000,10420154705391700269,25.007542
all,E64,5,706522,1000000,11602945643244315392,25.021309000000002
all,E64,5,832912,1000000,18123405908373971594,25.040605
all,E64,5,303769,1000000,2701790959040422258,24.98631
all,E64,5,223701,1000000,8078202784440021693,24.977135999999998
all,E64,5,809314,1000000,17337952930506189950,25.009777
all,E64,5,831243,1000000,10880001800419951293,25.008876
all,E64,5,831746,1000000,481815094024825890,24.996338
all,E64,5,314373,1000000,11913663609545475732,25.016772
all,E64,5,810800,1000000,2933429985170088122,25.001065999999998
all,E64,5,211855,1000000,8539512387691981817,24.986647
all,E64,5,533614,1000000,17890926061835471970,25.006549
all,E64,5,335471,1000000,2899874999189035835,24.985196
all,E64,5,566134,1000000,17271763608998345436,24.989669000000003
all,E64,5,738848,1000000,8812392896954298829,25.016787
all,E64,5,359342,1000000,12018035170414210085,24.987598000000002
all,E64,5,965210,1000000,7725909104140977347,25.0048
all,E64,5,928413,1000000,9909803534112132013,24.992827000000002
all,E64,5,998782,1000000,11177248549409070543,24.987055
all,E64,5,248373,1000000,10853615348990915110,25.011544
all,E64,5,113110,1000000,14664104048308303392,25.003397
all,E64,5,421120,1000000,2673017338033822225,25.005666
all,E64,5,579626,1000000,8474710679864004573,25.004602
all,E64,5,997466,1000000,3483830750360314304,25.008919000000002
all,E64,5,522760,1000000,16841210789599176047,25.000556
all,E64,5,134930,1000000,171870010089159884,24.991576000000002
all,E64,5,786964,1000000,14380161284363022068,24.97619
all,E64,5,884325,1000000,17626328068374859508,25.007375
all,E64,5,552447,1000000,8923877625261750249,25.011529
all,E64,5,504571,1000000,12605759133663157756,24.981023
all,E64,5,951244,1000000,12048436060597563105,25.006626
all,E64,5,220807,1000000,11896406969618448303,25.401149
all,E64,5,681257,1000000,15621305984798844607,24.984513
all,E64,5,417658,1000000,17447488104489124590,25.025195
all,E64,5,266352,1000000,18412723224000192017,25.008788
all,E64,6,584510,1000000,1807088016867934454,25.168813999999998
all,E64,6,860467,1000000,6498988667746730580,25.113137
all,E64,6,923923,1000000,3907744307583952658,25.087789
all,E64,6,533409,1000000,3223630956826593726,25.109054
all,E64,6,220435,1000000,7371139135246081924,25.081089
all,E64,6,395173,1000000,10576103514097166279,25.09823
all,E64,6,125555,1000000,8943818760375206147,25.12369
all,E64,6,37317,1000000,17158726568359541500,25.077645
all,E64,6,326694,1000000,9117100399094165933,25.064809
all,E64,6,408325,1000000,10544052076231477114,25.094324
all,E64,6,928005,1000000,7505992583204080939,25.078409
all,E64,6,636852,1000000,7895162088346050621,25.086066
all,E64,6,565201,1000000,8184629090086881345,25.094771
all,E64,6,416400,1000000,9536897796637306696,25.095258
all,E64,6,671950,1000000,14895029421699303669,25.110408
all,E64,6,100598,1000000,16494935030489954985,25.081205999999998
all,E64,6,130060,1000000,14921113119544041681,25.092183000000002
all,E64,6,763603,1000000,1900900238568007811,25.079233
all,E64,6,229656,1000000,1894468672199434319,25.121858
all,E64,6,854752,1000000,17809770115298077459,25.065845
all,E64,6,717147,1000000,6691701412507530886,25.077655999999998
all,E64,6,253796,1000000,358054800924404547,25.080507
all,E64,6,594298,1000000,4006200478241105824,25.080154999999998
all,E64,6,802333,1000000,155218242063238158,25.08483
all,E64,6,907497,1000000,10539995831024917851,25.078288
all,E64,6,970136,1000000,2809382299381371444,25.081462
all,E64,6,472710,1000000,9322406083669426400,25.066898000000002
all,E64,6,311434,1000000,835849977383418411,25.073741000000002
all,E64,6,152112,1000000,15499823740680461365,25.062510999999997
all,E64,6,262882,1000000,10420154705391700269,25.08116
all,E64,6,706522,1000000,11602945643244315392,25.096494
all,E64,6,832912,1000000,18123405908373971594,25.095151
all,E64,6,303769,1000000,2701790959040422258,25.070926
all,E64,6,223701,1000000,8078202784440021693,25.073683000000003
all,E64,6,809314,1000000,17337952930506189950,25.079324
all,E64,6,831243,1000000,10880001800419951293,25.07141
all,E64,6,831746,1000000,481815094024825890,25.094308
all,E64,6,314373,1000000,11913663609545475732,25.082896
all,E64,6,810800,1000000,2933429985170088122,25.065899
all,E64,6,211855,1000000,8539512387691981817,25.087401999999997
all,E64,6,533614,1000000,17890926061835471970,25.087737
all,E64,6,335471,1000000,2899874999189035835,25.088095000000003
all,E64,6,566134,1000000,17271763608998345436,25.103527999999997
all,E64,6,738848,1000000,8812392896954298829,25.083551
all,E64,6,359342,1000000,12018035170414210085,25.089489
all,E64,6,965210,1000000,7725909104140977347,25.071218000000002
all,E64,6,928413,1000000,9909803534112132013,25.077022
all,E64,6,998782,1000000,11177248549409070543,25.094964
all,E64,6,248373,1000000,10853615348990915110,25.089234
all,E64,6,113110,1000000,14664104048308303392,25.109205000000003
all,E64,6,421120,1000000,2673017338033822225,25.059577
all,E64,6,579626,1000000,8474710679864004573,25.066719000000003
all,E64,6,997466,1000000,3483830750360314304,25.059789000000002
all,E64,6,522760,1000000,16841210789599176047,25.093758
all,E64,6,134930,1000000,171870010089159884,25.122937999999998
all,E64,6,786964,1000000,14380161284363022068,25.116709
all,E64,6,884325,1000000,17626328068374859508,25.110163
all,E64,6,552447,1000000,8923877625261750249,25.101616999999997
all,E64,6,504571,1000000,12605759133663157756,25.062368
all,E64,6,951244,1000000,12048436060597563105,25.071534
all,E64,6,220807,1000000,11896406969618448303,25.087156
all,E64,6,681257,1000000,15621305984798844607,25.080504
all,E64,6,417658,1000000,17447488104489124590,25.072837
all,E64,6,266352,1000000,18412723224000192017,25.075036
all,L_E64,1,584510,1000000,1807088016867934454,13.281761000000001
all,L_E64,1,860467,1000000,6498988667746730580,13.238046
all,L_E64,1,923923,1000000,3907744307583952658,13.228118
all,L_E64,1,533409,1000000,3223630956826593726,13.23967
all,L_E64,1,220435,1000000,7371139135246081924,13.213878000000001
all,L_E64,1,395173,1000000,10576103514097166279,13.230458
all,L_E64,1,125555,1000000,8943818760375206147,13.237347
all,L_E64,1,37317,1000000,17158726568359541500,13.228935
all,L_E64,1,326694,1000000,9117100399094165933,13.238281
all,L_E64,1,408325,1000000,10544052076231477114,13.221461999999999
all,L_E64,1,928005,1000000,7505992583204080939,13.210348
all,L_E64,1,636852,1000000,7895162088346050621,13.240939000000001
all,L_E64,1,565201,1000000,8184629090086881345,13.203586
all,L_E64,1,416400,1000000,9536897796637306696,13.226515
all,L_E64,1,671950,1000000,14895029421699303669,13.226078
all,L_E64,1,100598,1000000,16494935030489954985,13.218414000000001
all,L_E64,1,130060,1000000,14921113119544041681,13.229429
all,L_E64,1,763603,1000000,1900900238568007811,13.232983
all,L_E64,1,229656,1000000,1894468672199434319,13.214452
all,L_E64,1,854752,1000000,17809770115298077459,13.218118
all,L_E64,1,717147,1000000,6691701412507530886,13.216455
all,L_E64,1,253796,1000000,358054800924404547,13.218151
all,L_E64,1,594298,1000000,4006200478241105824,13.230985
all,L_E64,1,802333,1000000,155218242063238158,13.203387000000001
all,L_E64,1,907497,1000000,10539995831024917851,13.223155
all,L_E64,1,970136,1000000,2809382299381371444,13.21035
all,L_E64,1,472710,1000000,9322406083669426400,13.225980999999999
all,L_E64,1,311434,1000000,835849977383418411,13.210947
all,L_E64,1,152112,1000000,15499823740680461365,13.219643
all,L_E64,1,262882,1000000,10420154705391700269,13.224225
all,L_E64,1,706522,1000000,11602945643244315392,13.222894
all,L_E64,1,832912,1000000,18123405908373971594,13.207666
all,L_E64,1,303769,1000000,2701790959040422258,13.228368
all,L_E64,1,223701,1000000,8078202784440021693,13.214663
all,L_E64,1,809314,1000000,17337952930506189950,13.221605
all,L_E64,1,831243,1000000,10880001800419951293,13.212969
all,L_E64,1,831746,1000000,481815094024825890,13.220391
all,L_E64,1,314373,1000000,11913663609545475732,13.219056
all,L_E64,1,810800,1000000,2933429985170088122,13.227903
all,L_E64,1,211855,1000000,8539512387691981817,13.222877
all,L_E64,1,533614,1000000,17890926061835471970,13.202641
all,L_E64,1,335471,1000000,2899874999189035835,13.190010000000001
all,L_E64,1,566134,1000000,17271763608998345436,13.216339
all,L_E64,1,738848,1000000,8812392896954298829,13.223809
all,L_E64,1,359342,1000000,12018035170414210085,13.220261
all,L_E64,1,965210,1000000,7725909104140977347,13.216109000000001
all,L_E64,1,928413,1000000,9909803534112132013,13.219177
all,L_E64,1,998782,1000000,11177248549409070543,13.218281000000001
all,L_E64,1,248373,1000000,10853615348990915110,13.225205
all,L_E64,1,113110,1000000,14664104048308303392,13.213911
all,L_E64,1,421120,1000000,2673017338033822225,13.22514
all,L_E64,1,579626,1000000,8474710679864004573,13.203432000000001
all,L_E64,1,997466,1000000,3483830750360314304,13.218613
all,L_E64,1,522760,1000000,16841210789599176047,13.195281999999999
all,L_E64,1,134930,1000000,171870010089159884,13.201885
all,L_E64,1,786964,1000000,14380161284363022068,13.210146
all,L_E64,1,884325,1000000,17626328068374859508,13.217452
all,L_E64,1,552447,1000000,8923877625261750249,13.230379000000001
all,L_E64,1,504571,1000000,12605759133663157756,13.206602
all,L_E64,1,951244,1000000,12048436060597563105,13.213894
all,L_E64,1,220807,1000000,11896406969618448303,13.210036
all,L_E64,1,681257,1000000,15621305984798844607,13.215251
all,L_E64,1,417658,1000000,17447488104489124590,13.216766
all,L_E64,1,266352,1000000,18412723224000192017,13.223370999999998
all,L_E64,2,584510,1000000,1807088016867934454,13.282546
all,L_E64,2,860467,1000000,6498988667746730580,13.246037
all,L_E64,2,923923,1000000,3907744307583952658,13.251885
all,L_E64,2,533409,1000000,3223630956826593726,13.237805
all,L_E64,2,220435,1000000,7371139135246081924,13.247066
all,L_E64,2,395173,1000000,10576103514097166279,13.24854
all,L_E64,2,125555,1000000,8943818760375206147,13.230195
all,L_E64,2,37317,1000000,17158726568359541500,13.221350000000001
all,L_E64,2,326694,1000000,9117100399094165933,13.254489
all,L_E64,2,408325,1000000,10544052076231477114,13.237086
all,L_E64,2,928005,1000000,7505992583204080939,13.244179
all,L_E64,2,636852,1000000,7895162088346050621,13.230752
all,L_E64,2,565201,1000000,8184629090086881345,13.228315
all,L_E64,2,416400,1000000,9536897796637306696,13.237986999999999
all,L_E64,2,671950,1000000,14895029421699303669,13.244534999999999
all,L_E64,2,100598,1000000,16494935030489954985,13.250856
all,L_E64,2,130060,1000000,14921113119544041681,13.247744
all,L_E64,2,763603,1000000,1900900238568007811,13.251038000000001
all,L_E64,2,229656,1000000,1894468672199434319,13.240727999999999
all,L_E64,2,854752,1000000,17809770115298077459,13.24676
all,L_E64,2,717147,1000000,6691701412507530886,13.241254999999999
all,L_E64,2,253796,1000000,358054800924404547,13.239474
all,L_E64,2,594298,1000000,4006200478241105824,13.230572
all,L_E64,2,802333,1000000,155218242063238158,13.240012
all,L_E64,2,907497,1000000,10539995831024917851,13.252666
all,L_E64,2,970136,1000000,2809382299381371444,13.253683
all,L_E64,2,472710,1000000,9322406083669426400,13.223708
all,L_E64,2,311434,1000000,835849977383418411,13.2276
all,L_E64,2,152112,1000000,15499823740680461365,13.240276
all,L_E64,2,262882,1000000,10420154705391700269,13.236145
all,L_E64,2,706522,1000000,11602945643244315392,13.237950000000001
all,L_E64,2,832912,1000000,18123405908373971594,13.242664000000001
all,L_E64,2,303769,1000000,2701790959040422258,13.251551
all,L_E64,2,223701,1000000,8078202784440021693,13.239816999999999
all,L_E64,2,809314,1000000,17337952930506189950,13.249338
all,L_E64,2,831243,1000000,10880001800419951293,13.245201999999999
all,L_E64,2,831746,1000000,481815094024825890,13.241435
all,L_E64,2,314373,1000000,11913663609545475732,13.248725
all,L_E64,2,810800,1000000,2933429985170088122,13.237096
all,L_E64,2,211855,1000000,8539512387691981817,13.230741
all,L_E64,2,533614,1000000,17890926061835471970,13.252789
all,L_E64,2,335471,1000000,2899874999189035835,13.237311
all,L_E64,2,566134,1000000,17271763608998345436,13.257221
all,L_E64,2,738848,1000000,8812392896954298829,13.24452
all,L_E64,2,359342,1000000,12018035170414210085,13.239861999999999
all,L_E64,2,965210,1000000,7725909104140977347,13.237168
all,L_E64,2,928413,1000000,9909803534112132013,13.225268
all,L_E64,2,998782,1000000,11177248549409070543,13.231155000000001
all,L_E64,2,248373,1000000,10853615348990915110,13.25033
all,L_E64,2,113110,1000000,14664104048308303392,13.243611000000001
all,L_E64,2,421120,1000000,2673017338033822225,13.236861999999999
all,L_E64,2,579626,1000000,8474710679864004573,13.22899
all,L_E64,2,997466,1000000,3483830750360314304,13.248987999999999
all,L_E64,2,522760,1000000,16841210789599176047,13.244797
all,L_E64,2,134930,1000000,171870010089159884,13.242144
all,L_E64,2,786964,1000000,14380161284363022068,13.233989
all,L_E64,2,884325,1000000,17626328068374859508,13.249585
all,L_E64,2,552447,1000000,8923877625261750249,13.245993
all,L_E64,2,504571,1000000,12605759133663157756,13.236886
all,L_E64,2,951244,1000000,12048436060597563105,13.242657
all,L_E64,2,220807,1000000,11896406969618448303,13.234115
all,L_E64,2,681257,1000000,15621305984798844607,13.262154
all,L_E64,2,417658,1000000,17447488104489124590,13.241871
all,L_E64,2,266352,1000000,18412723224000192017,13.232484000000001
all,L_E64,3,584510,1000000,1807088016867934454,13.276703
all,L_E64,3,860467,1000000,6498988667746730580,13.244267
all,L_E64,3,923923,1000000,3907744307583952658,13.259537
all,L_E64,3,533409,1000000,3223630956826593726,13.249194
all,L_E64,3,220435,1000000,7371139135246081924,13.256705
all,L_E64,3,395173,1000000,10576103514097166279,13.25267
all,L_E64,3,125555,1000000,8943818760375206147,13.240924000000001
all,L_E64,3,37317,1000000,17158726568359541500,13.245983
all,L_E64,3,326694,1000000,9117100399094165933,13.235318
all,L_E64,3,408325,1000000,10544052076231477114,13.254959999999999
all,L_E64,3,928005,1000000,7505992583204080939,13.252171
all,L_E64,3,636852,1000000,7895162088346050621,13.241973
all,L_E64,3,565201,1000000,8184629090086881345,13.227084000000001
all,L_E64,3,416400,1000000,9536897796637306696,13.229524999999999
all,L_E64,3,671950,1000000,14895029421699303669,13.248751
all,L_E64,3,100598,1000000,16494935030489954985,13.250311
all,L_E64,3,130060,1000000,14921113119544041681,13.250183000000002
all,L_E64,3,763603,1000000,1900900238568007811,13.242499
all,L_E64,3,229656,1000000,1894468672199434319,13.23961
all,L_E64,3,854752,1000000,17809770115298077459,13.239499
all,L_E64,3,717147,1000000,6691701412507530886,13.248037
all,L_E64,3,253796,1000000,358054800924404547,13.243879000000002
all,L_E64,3,594298,1000000,4006200478241105824,13.25682
all,L_E64,3,802333,1000000,155218242063238158,13.249246999999999
all,L_E64,3,907497,1000000,10539995831024917851,13.246629
all,L_E64,3,970136,1000000,2809382299381371444,13.240746
all,L_E64,3,472710,1000000,9322406083669426400,13.245298
all,L_E64,3,311434,1000000,835849977383418411,13.243209
all,L_E64,3,152112,1000000,15499823740680461365,13.251132
all,L_E64,3,262882,1000000,10420154705391700269,13.239911
all,L_E64,3,706522,1000000,11602945643244315392,13.24425
all,L_E64,3,832912,1000000,18123405908373971594,13.218855
all,L_E64,3,303769,1000000,2701790959040422258,13.248593000000001
all,L_E64,3,223701,1000000,8078202784440021693,13.236218000000001
all,L_E64,3,809314,1000000,17337952930506189950,13.229923000000001
all,L_E64,3,831243,1000000,10880001800419951293,13.234174999999999
all,L_E64,3,831746,1000000,481815094024825890,13.237817999999999
all,L_E64,3,314373,1000000,11913663609545475732,13.251925
all,L_E64,3,810800,1000000,2933429985170088122,13.254194
all,L_E64,3,211855,1000000,8539512387691981817,13.235611
all,L_E64,3,533614,1000000,17890926061835471970,13.234555
all,L_E64,3,335471,1000000,2899874999189035835,13.230568
all,L_E64,3,566134,1000000,17271763608998345436,13.238751
all,L_E64,3,738848,1000000,8812392896954298829,13.26947
all,L_E64,3,359342,1000000,12018035170414210085,13.244468000000001
all,L_E64,3,965210,1000000,7725909104140977347,13.248834
all,L_E64,3,928413,1000000,9909803534112132013,13.241723
all,L_E64,3,998782,1000000,11177248549409070543,13.233690000000001
all,L_E64,3,248373,1000000,10853615348990915110,13.233144
all,L_E64,3,113110,1000000,14664104048308303392,13.243867
all,L_E64,3,421120,1000000,2673017338033822225,13.231963
all,L_E64,3,579626,1000000,8474710679864004573,13.243630999999999
all,L_E64,3,997466,1000000,3483830750360314304,13.253315
all,L_E64,3,522760,1000000,16841210789599176047,13.236220999999999
all,L_E64,3,134930,1000000,171870010089159884,13.231298
all,L_E64,3,786964,1000000,14380161284363022068,13.234153000000001
all,L_E64,3,884325,1000000,17626328068374859508,13.241919
all,L_E64,3,552447,1000000,8923877625261750249,13.243895
all,L_E64,3,504571,1000000,12605759133663157756,13.24306
all,L_E64,3,951244,1000000,12048436060597563105,13.252314
all,L_E64,3,220807,1000000,11896406969618448303,13.244128
all,L_E64,3,681257,1000000,15621305984798844607,13.237683
all,L_E64,3,417658,1000000,17447488104489124590,13.237853999999999
all,L_E64,3,266352,1000000,18412723224000192017,13.242154000000001
all,L_E64,4,584510,1000000,1807088016867934454,13.283693
all,L_E64,4,860467,1000000,6498988667746730580,13.247903
all,L_E64,4,923923,1000000,3907744307583952658,13.243144000000001
all,L_E64,4,533409,1000000,3223630956826593726,13.239395
all,L_E64,4,220435,1000000,7371139135246081924,13.217921
all,L_E64,4,395173,1000000,10576103514097166279,13.230723
all,L_E64,4,125555,1000000,8943818760375206147,13.229567999999999
all,L_E64,4,37317,1000000,17158726568359541500,13.231296
all,L_E64,4,326694,1000000,9117100399094165933,13.251638000000002
all,L_E64,4,408325,1000000,10544052076231477114,13.233137000000001
all,L_E64,4,928005,1000000,7505992583204080939,13.235617
all,L_E64,4,636852,1000000,7895162088346050621,13.249214
all,L_E64,4,565201,1000000,8184629090086881345,13.248496
all,L_E64,4,416400,1000000,9536897796637306696,13.232389
all,L_E64,4,671950,1000000,14895029421699303669,13.241918
all,L_E64,4,100598,1000000,16494935030489954985,13.246960999999999
all,L_E64,4,130060,1000000,14921113119544041681,13.244554
all,L_E64,4,763603,1000000,1900900238568007811,13.247896
all,L_E64,4,229656,1000000,1894468672199434319,13.238997
all,L_E64,4,854752,1000000,17809770115298077459,13.225648999999999
all,L_E64,4,717147,1000000,6691701412507530886,13.250127
all,L_E64,4,253796,1000000,358054800924404547,13.23802
all,L_E64,4,594298,1000000,4006200478241105824,13.257138000000001
all,L_E64,4,802333,1000000,155218242063238158,13.233793
all,L_E64,4,907497,1000000,10539995831024917851,13.22145
all,L_E64,4,970136,1000000,2809382299381371444,13.257
all,L_E64,4,472710,1000000,9322406083669426400,13.236525
all,L_E64,4,311434,1000000,835849977383418411,13.244459
all,L_E64,4,152112,1000000,15499823740680461365,13.246062
all,L_E64,4,262882,1000000,10420154705391700269,13.245366
all,L_E64,4,706522,1000000,11602945643244315392,13.254323000000001
all,L_E64,4,832912,1000000,18123405908373971594,13.243822
all,L_E64,4,303769,1000000,2701790959040422258,13.240409
all,L_E64,4,223701,1000000,8078202784440021693,13.258754999999999
all,L_E64,4,809314,1000000,17337952930506189950,13.249083
all,L_E64,4,831243,1000000,10880001800419951293,13.258469
all,L_E64,4,831746,1000000,481815094024825890,13.244234
all,L_E64,4,314373,1000000,11913663609545475732,13.232815
all,L_E64,4,810800,1000000,2933429985170088122,13.240109
all,L_E64,4,211855,1000000,8539512387691981817,13.22908
all,L_E64,4,533614,1000000,17890926061835471970,13.242441999999999
all,L_E64,4,335471,1000000,2899874999189035835,13.247678
all,L_E64,4,566134,1000000,17271763608998345436,13.235579
all,L_E64,4,738848,1000000,8812392896954298829,13.237165000000001
all,L_E64,4,359342,1000000,12018035170414210085,13.245566
all,L_E64,4,965210,1000000,7725909104140977347,13.245607
all,L_E64,4,928413,1000000,9909803534112132013,13.240691
all,L_E64,4,998782,1000000,11177248549409070543,13.23684
all,L_E64,4,248373,1000000,10853615348990915110,13.268352
all,L_E64,4,113110,1000000,14664104048308303392,13.244219
all,L_E64,4,421120,1000000,2673017338033822225,13.238843999999999
all,L_E64,4,579626,1000000,8474710679864004573,13.240620000000002
all,L_E64,4,997466,1000000,3483830750360314304,13.239828
all,L_E64,4,522760,1000000,16841210789599176047,13.233315000000001
all,L_E64,4,134930,1000000,171870010089159884,13.246259
all,L_E64,4,786964,1000000,14380161284363022068,13.237241
all,L_E64,4,884325,1000000,17626328068374859508,13.242460999999999
all,L_E64,4,552447,1000000,8923877625261750249,13.234667
all,L_E64,4,504571,1000000,12605759133663157756,13.226699
all,L_E64,4,951244,1000000,12048436060597563105,13.235696
all,L_E64,4,220807,1000000,11896406969618448303,13.214488
all,L_E64,4,681257,1000000,15621305984798844607,13.233283
all,L_E64,4,417658,1000000,17447488104489124590,13.228709
all,L_E64,4,266352,1000000,18412723224000192017,13.233994000000001
all,L_E64,5,584510,1000000,1807088016867934454,13.270335999999999
all,L_E64,5,860467,1000000,6498988667746730580,13.219221
all,L_E64,5,923923,1000000,3907744307583952658,13.217911
all,L_E64,5,533409,1000000,3223630956826593726,13.211068
all,L_E64,5,220435,1000000,7371139135246081924,13.215444
all,L_E64,5,395173,1000000,10576103514097166279,13.223271
all,L_E64,5,125555,1000000,8943818760375206147,13.223787
all,L_E64,5,37317,1000000,17158726568359541500,13.21483
all,L_E64,5,326694,1000000,9117100399094165933,13.219983000000001
all,L_E64,5,408325,1000000,10544052076231477114,13.219605
all,L_E64,5,928005,1000000,7505992583204080939,13.214235
all,L_E64,5,636852,1000000,7895162088346050621,13.212736000000001
all,L_E64,5,565201,1000000,8184629090086881345,13.210876
all,L_E64,5,416400,1000000,9536897796637306696,13.223030000000001
all,L_E64,5,671950,1000000,14895029421699303669,13.213058
all,L_E64,5,100598,1000000,16494935030489954985,13.22245
all,L_E64,5,130060,1000000,14921113119544041681,13.233125
all,L_E64,5,763603,1000000,1900900238568007811,13.211274
all,L_E64,5,229656,1000000,1894468672199434319,13.217481
all,L_E64,5,854752,1000000,17809770115298077459,13.20706
all,L_E64,5,717147,1000000,6691701412507530886,13.210938
all,L_E64,5,253796,1000000,358054800924404547,13.215643
all,L_E64,5,594298,1000000,4006200478241105824,13.204325
all,L_E64,5,802333,1000000,155218242063238158,13.219721999999999
all,L_E64,5,907497,1000000,10539995831024917851,13.215295
all,L_E64,5,970136,1000000,2809382299381371444,13.2136
all,L_E64,5,472710,1000000,9322406083669426400,13.218258
all,L_E64,5,311434,1000000,835849977383418411,13.208249
all,L_E64,5,152112,1000000,15499823740680461365,13.227272999999999
all,L_E64,5,262882,1000000,10420154705391700269,13.209166999999999
all,L_E64,5,706522,1000000,11602945643244315392,13.213477999999999
all,L_E64,5,832912,1000000,18123405908373971594,13.223288
all,L_E64,5,303769,1000000,2701790959040422258,13.207975000000001
all,L_E64,5,223701,1000000,8078202784440021693,13.226925
all,L_E64,5,809314,1000000,17337952930506189950,13.235835
all,L_E64,5,831243,1000000,10880001800419951293,13.215615
all,L_E64,5,831746,1000000,481815094024825890,13.208242
all,L_E64,5,314373,1000000,11913663609545475732,13.226392
all,L_E64,5,810800,1000000,2933429985170088122,13.212527
all,L_E64,5,211855,1000000,8539512387691981817,13.217186
all,L_E64,5,533614,1000000,17890926061835471970,13.210589
all,L_E64,5,335471,1000000,2899874999189035835,13.271216
all,L_E64,5,566134,1000000,17271763608998345436,13.240908
all,L_E64,5,738848,1000000,8812392896954298829,13.198844999999999
all,L_E64,5,359342,1000000,12018035170414210085,13.224723
all,L_E64,5,965210,1000000,7725909104140977347,13.229358
all,L_E64,5,928413,1000000,9909803534112132013,13.225869000000001
all,L_E64,5,998782,1000000,11177248549409070543,13.195424000000001
all,L_E64,5,248373,1000000,10853615348990915110,13.231154
all,L_E64,5,113110,1000000,14664104048308303392,13.214129000000002
all,L_E64,5,421120,1000000,2673017338033822225,13.210801
all,L_E64,5,579626,1000000,8474710679864004573,13.214773
all,L_E64,5,997466,1000000,3483830750360314304,13.212119000000001
all,L_E64,5,522760,1000000,16841210789599176047,13.217957
all,L_E64,5,134930,1000000,171870010089159884,13.189943
all,L_E64,5,786964,1000000,14380161284363022068,13.216403
all,L_E64,5,884325,1000000,17626328068374859508,13.232301
all,L_E64,5,552447,1000000,8923877625261750249,13.221935
all,L_E64,5,504571,1000000,12605759133663157756,13.209367
all,L_E64,5,951244,1000000,12048436060597563105,13.210852000000001
all,L_E64,5,220807,1000000,11896406969618448303,13.209759
all,L_E64,5,681257,1000000,15621305984798844607,13.211163
all,L_E64,5,417658,1000000,17447488104489124590,13.212938
all,L_E64,5,266352,1000000,18412723224000192017,13.203575
all,L_E64,6,584510,1000000,1807088016867934454,13.262165999999999
all,L_E64,6,860467,1000000,6498988667746730580,13.230926
all,L_E64,6,923923,1000000,3907744307583952658,13.208306
all,L_E64,6,533409,1000000,3223630956826593726,13.232342000000001
all,L_E64,6,220435,1000000,7371139135246081924,13.197579
all,L_E64,6,395173,1000000,10576103514097166279,13.224827999999999
all,L_E64,6,125555,1000000,8943818760375206147,13.208611999999999
all,L_E64,6,37317,1000000,17158726568359541500,13.218338
all,L_E64,6,326694,1000000,9117100399094165933,13.223364
all,L_E64,6,408325,1000000,10544052076231477114,13.207065
all,L_E64,6,928005,1000000,7505992583204080939,13.225297000000001
all,L_E64,6,636852,1000000,7895162088346050621,13.22051
all,L_E64,6,565201,1000000,8184629090086881345,13.199292999999999
all,L_E64,6,416400,1000000,9536897796637306696,13.203089
all,L_E64,6,671950,1000000,14895029421699303669,13.209224
all,L_E64,6,100598,1000000,16494935030489954985,13.200577
all,L_E64,6,130060,1000000,14921113119544041681,13.210029
all,L_E64,6,763603,1000000,1900900238568007811,13.213882
all,L_E64,6,229656,1000000,1894468672199434319,13.221929
all,L_E64,6,854752,1000000,17809770115298077459,13.215354999999999
all,L_E64,6,717147,1000000,6691701412507530886,13.240574
all,L_E64,6,253796,1000000,358054800924404547,13.196903
all,L_E64,6,594298,1000000,4006200478241105824,13.237294
all,L_E64,6,802333,1000000,155218242063238158,13.201405000000001
all,L_E64,6,907497,1000000,10539995831024917851,13.220137000000001
all,L_E64,6,970136,1000000,2809382299381371444,13.227938
all,L_E64,6,472710,1000000,9322406083669426400,13.194104
all,L_E64,6,311434,1000000,835849977383418411,13.229634
all,L_E64,6,152112,1000000,15499823740680461365,13.220941
all,L_E64,6,262882,1000000,10420154705391700269,13.184298
all,L_E64,6,706522,1000000,11602945643244315392,13.23051
all,L_E64,6,832912,1000000,18123405908373971594,13.193613
all,L_E64,6,303769,1000000,2701790959040422258,13.224593
all,L_E64,6,223701,1000000,8078202784440021693,13.198397000000002
all,L_E64,6,809314,1000000,17337952930506189950,13.223914
all,L_E64,6,831243,1000000,10880001800419951293,13.224
all,L_E64,6,831746,1000000,481815094024825890,13.21583
all,L_E64,6,314373,1000000,11913663609545475732,13.221058999999999
all,L_E64,6,810800,1000000,2933429985170088122,13.19666
all,L_E64,6,211855,1000000,8539512387691981817,13.206115
all,L_E64,6,533614,1000000,17890926061835471970,13.197745000000001
all,L_E64,6,335471,1000000,2899874999189035835,13.207571
all,L_E64,6,566134,1000000,17271763608998345436,13.206965
all,L_E64,6,738848,1000000,8812392896954298829,13.196665000000001
all,L_E64,6,359342,1000000,12018035170414210085,13.207846
all,L_E64,6,965210,1000000,7725909104140977347,13.196736000000001
all,L_E64,6,928413,1000000,9909803534112132013,13.223151
all,L_E64,6,998782,1000000,11177248549409070543,13.231406999999999
all,L_E64,6,248373,1000000,10853615348990915110,13.220956
all,L_E64,6,113110,1000000,14664104048308303392,13.198369000000001
all,L_E64,6,421120,1000000,2673017338033822225,13.193557
all,L_E64,6,579626,1000000,8474710679864004573,13.233471999999999
all,L_E64,6,997466,1000000,3483830750360314304,13.230925
all,L_E64,6,522760,1000000,16841210789599176047,13.211199
all,L_E64,6,134930,1000000,171870010089159884,13.207904000000001
all,L_E64,6,786964,1000000,14380161284363022068,13.197347
all,L_E64,6,884325,1000000,17626328068374859508,13.202568999999999
all,L_E64,6,552447,1000000,8923877625261750249,13.208577
all,L_E64,6,504571,1000000,12605759133663157756,13.197227000000002
all,L_E64,6,951244,1000000,12048436060597563105,13.194294
all,L_E64,6,220807,1000000,11896406969618448303,13.220604
all,L_E64,6,681257,1000000,15621305984798844607,13.223065
all,L_E64,6,417658,1000000,17447488104489124590,13.194572
all,L_E64,6,266352,1000000,18412723224000192017,13.208374
