q,k,pair,order,variant,sample,stage,calls,wall_s,thread_cpu_s,wall_fraction
32,10,0,AB,A,0,stage.aggregate,1,1.9883e-05,1.9605e-05,0.0017277697692689169
32,10,0,AB,A,0,stage.alloc_init,1,0.002124477,0.002124025,0.18461032721959064
32,10,0,AB,A,0,stage.candidates,1,9.8024e-05,9.7743e-05,0.008517975348932068
32,10,0,AB,A,0,stage.cleanup,1,0.00160578,0.001605493,0.13953719962262442
32,10,0,AB,A,0,stage.delivery,1,4.2651e-05,4.237e-05,0.0037062369073624997
32,10,0,AB,A,0,stage.leaf_distance,1,0.003512259,0.003512009,0.30520419061724474
32,10,0,AB,A,0,stage.node_plan,4,9.596e-05,9.4817e-05,0.00833862028159962
32,10,0,AB,A,0,stage.node_prune,4,5.346e-05,5.2343e-05,0.004645504796314253
32,10,0,AB,A,0,stage.output_alloc,1,4.752e-06,4.448e-06,0.0004129337596723781
32,10,0,AB,A,0,stage.pivot_distance,2,0.000102231,0.000101675,0.008883550333557847
32,10,0,AB,A,0,stage.pivot_sort,2,0.000205167,0.000204521,0.017828362935753954
32,10,0,AB,A,0,stage.result_sort,1,0.003488206,0.003487866,0.3031140610462431
32,10,0,AB,A,0,stage.schedule,10,0.000124989,0.00012227,0.010861148503301948
32,10,0,AB,A,0,stage.threshold,2,1.9934e-05,1.938e-05,0.0017322015078512594
32,10,0,AB,A,1,stage.aggregate,1,2.1627e-05,2.1307e-05,0.0018769703111151846
32,10,0,AB,A,1,stage.alloc_init,1,0.00210967,0.002109378,0.18309464818284418
32,10,0,AB,A,1,stage.candidates,1,9.5535e-05,9.5243e-05,0.00829131912296616
32,10,0,AB,A,1,stage.cleanup,1,0.001425565,0.001425232,0.12372234621375677
32,10,0,AB,A,1,stage.delivery,1,3.8712e-05,3.8421e-05,0.00335974821676104
32,10,0,AB,A,1,stage.leaf_distance,1,0.003508344,0.003508089,0.30448317053586216
32,10,0,AB,A,1,stage.node_plan,4,9.411e-05,9.2994e-05,0.008167645812135294
32,10,0,AB,A,1,stage.node_prune,4,5.2939e-05,5.1794e-05,0.004594485194438745
32,10,0,AB,A,1,stage.output_alloc,1,4.795e-06,4.493e-06,0.0004161498424098261
32,10,0,AB,A,1,stage.pivot_distance,2,0.000102695,0.000102132,0.008912723267211074
32,10,0,AB,A,1,stage.pivot_sort,2,0.00020631,0.000205701,0.017905291759660318
32,10,0,AB,A,1,stage.result_sort,1,0.003707133,0.003706844,0.3217357275792004
32,10,0,AB,A,1,stage.schedule,10,0.00012619,0.000123396,0.01095181410087507
32,10,0,AB,A,1,stage.threshold,2,2.0532e-05,1.9993e-05,0.0017819371354240979
32,10,0,AB,A,2,stage.aggregate,1,2.1726e-05,2.1433e-05,0.0017330147445047614
32,10,0,AB,A,2,stage.alloc_init,1,0.002114906,0.002114588,0.16869940537796133
32,10,0,AB,A,2,stage.candidates,1,9.623e-05,9.5956e-05,0.007675964690402891
32,10,0,AB,A,2,stage.cleanup,1,0.002137701,0.001677783,0.1705176908930578
32,10,0,AB,A,2,stage.delivery,1,4.1417e-05,4.1136e-05,0.003303703934141292
32,10,0,AB,A,2,stage.leaf_distance,1,0.003511001,0.003510664,0.28006151620044933
32,10,0,AB,A,2,stage.node_plan,4,9.4359e-05,9.3201e-05,0.007526720900153033
32,10,0,AB,A,2,stage.node_prune,4,5.4054e-05,5.2931e-05,0.004311717711472907
32,10,0,AB,A,2,stage.output_alloc,1,4.568e-06,4.256e-06,0.00036437500473615717
32,10,0,AB,A,2,stage.pivot_distance,2,9.9112e-05,9.8563e-05,0.007905852773513574
32,10,0,AB,A,2,stage.pivot_sort,2,0.000202804,0.000202144,0.016177037754052458
32,10,0,AB,A,2,stage.result_sort,1,0.004006492,0.00365955,0.3195852761548546
32,10,0,AB,A,2,stage.schedule,10,0.000123781,0.00012108,0.009873621379432197
32,10,0,AB,A,2,stage.threshold,2,1.9965e-05,1.9413e-05,0.0015925453085721055
32,10,0,AB,A,3,stage.aggregate,1,2.1058e-05,2.0757e-05,0.0018080519875478126
32,10,0,AB,A,3,stage.alloc_init,1,0.002110905,0.001432454,0.1812435169899618
32,10,0,AB,A,3,stage.candidates,1,9.8034e-05,9.7747e-05,0.008417255605815474
32,10,0,AB,A,3,stage.cleanup,1,0.001516627,0.001516287,0.13021846622275032
32,10,0,AB,A,3,stage.delivery,1,4.0268e-05,3.9982e-05,0.0034574336325660236
32,10,0,AB,A,3,stage.leaf_distance,1,0.003512981,0.003512713,0.3016265684902509
32,10,0,AB,A,3,stage.node_plan,4,9.6912e-05,9.5779e-05,0.008320920040708215
32,10,0,AB,A,3,stage.node_prune,4,5.5136e-05,5.3986e-05,0.004734008661099639
32,10,0,AB,A,3,stage.output_alloc,1,5.582e-06,5.269e-06,0.0004792737294373583
32,10,0,AB,A,3,stage.pivot_distance,2,0.000104384,0.000103813,0.008962470256823576
32,10,0,AB,A,3,stage.pivot_sort,2,0.000207049,0.000206444,0.017777346185287635
32,10,0,AB,A,3,stage.result_sort,1,0.003720657,0.003720322,0.3194577492560396
32,10,0,AB,A,3,stage.schedule,10,0.000128183,0.000125526,0.011005866080341974
32,10,0,AB,A,3,stage.threshold,2,1.9694e-05,1.9148e-05,0.0016909381632997731
32,10,0,AB,A,4,stage.aggregate,1,2.1464e-05,2.1175e-05,0.0017935636934042249
32,10,0,AB,A,4,stage.alloc_init,1,0.002115855,0.002115491,0.17680398381046383
32,10,0,AB,A,4,stage.candidates,1,8.9627e-05,8.9354e-05,0.0074893651299264095
32,10,0,AB,A,4,stage.cleanup,1,0.00191679,0.001916479,0.1601698169903226
32,10,0,AB,A,4,stage.delivery,1,3.8998e-05,3.871e-05,0.003258730754536804
32,10,0,AB,A,4,stage.leaf_distance,1,0.003507623,0.003507204,0.2931021833278796
32,10,0,AB,A,4,stage.node_plan,4,9.5086e-05,9.3958e-05,0.007945527271293055
32,10,0,AB,A,4,stage.node_prune,4,5.2808e-05,5.1619e-05,0.004412714849109686
32,10,0,AB,A,4,stage.output_alloc,1,5.096e-06,4.792e-06,0.0004258293226606378
32,10,0,AB,A,4,stage.pivot_distance,2,0.000103511,0.000102952,0.008649532774318148
32,10,0,AB,A,4,stage.pivot_sort,2,0.000203704,0.000203032,0.017021808544596263
32,10,0,AB,A,4,stage.result_sort,1,0.003665042,0.003664778,0.30625634858374984
32,10,0,AB,A,4,stage.schedule,10,0.000122905,0.000120234,0.010270124195762498
32,10,0,AB,A,4,stage.threshold,2,2.0711e-05,2.0168e-05,0.001730641895923169
32,10,0,AB,A,5,stage.aggregate,1,2.0504e-05,2.0183e-05,0.0017234379662356108
32,10,0,AB,A,5,stage.alloc_init,1,0.002120244,0.002119936,0.17821444631697506
32,10,0,AB,A,5,stage.candidates,1,9.6922e-05,9.6617e-05,0.008146656972468197
32,10,0,AB,A,5,stage.cleanup,1,0.001888317,0.00188801,0.15872011364066183
32,10,0,AB,A,5,stage.delivery,1,3.9111e-05,3.8682e-05,0.0032874259801717216
32,10,0,AB,A,5,stage.leaf_distance,1,0.003510452,0.003510146,0.2950666336055274
32,10,0,AB,A,5,stage.node_plan,4,9.9728e-05,9.8571e-05,0.008382511778030873
32,10,0,AB,A,5,stage.node_prune,4,5.4143e-05,5.2923e-05,0.004550921859436924
32,10,0,AB,A,5,stage.output_alloc,1,4.632e-06,4.333e-06,0.0003893369420407408
32,10,0,AB,A,5,stage.pivot_distance,2,0.000102396,0.000101807,0.008606767166926533
32,10,0,AB,A,5,stage.pivot_sort,2,0.00020279,0.000202135,0.017045258738437357
32,10,0,AB,A,5,stage.result_sort,1,0.003607208,0.003606921,0.3031993376564976
32,10,0,AB,A,5,stage.schedule,10,0.000123315,0.000120618,0.010365087436907158
32,10,0,AB,A,5,stage.threshold,2,1.9997e-05,1.9457e-05,0.0016808227180459183
32,10,0,AB,A,6,stage.aggregate,1,2.1241e-05,2.0965e-05,0.0018027956615439351
32,10,0,AB,A,6,stage.alloc_init,1,0.002105071,0.002104696,0.17866451042992107
32,10,0,AB,A,6,stage.candidates,1,9.6944e-05,9.6662e-05,0.008227965849664105
32,10,0,AB,A,6,stage.cleanup,1,0.00182075,0.001820442,0.1545332235184841
32,10,0,AB,A,6,stage.delivery,1,3.9023e-05,3.8742e-05,0.003312014269593192
32,10,0,AB,A,6,stage.leaf_distance,1,0.003511105,0.00351076,0.297999381442739
32,10,0,AB,A,6,stage.node_plan,4,9.7662e-05,9.6486e-05,0.00828890494316199
32,10,0,AB,A,6,stage.node_prune,4,5.3037e-05,5.193e-05,0.004501429946862469
32,10,0,AB,A,6,stage.output_alloc,1,5.368e-06,5.062e-06,0.0004556003536164891
32,10,0,AB,A,6,stage.pivot_distance,2,0.000101417,0.000100872,0.008607604519881422
32,10,0,AB,A,6,stage.pivot_sort,2,0.000208992,0.000208385,0.01773785937090486
32,10,0,AB,A,6,stage.result_sort,1,0.003562591,0.003562289,0.3023691727628393
32,10,0,AB,A,6,stage.schedule,10,0.000128859,0.000126096,0.010936700068306103
32,10,0,AB,A,6,stage.threshold,2,2.1544e-05,2.0988e-05,0.0018285122984935992
32,10,0,AB,A,7,stage.aggregate,1,2.1065e-05,2.0777e-05,0.00182692161756065
32,10,0,AB,A,7,stage.alloc_init,1,0.002119441,0.002119128,0.18381450652952108
32,10,0,AB,A,7,stage.candidates,1,9.7739e-05,9.7437e-05,0.008476690813138399
32,10,0,AB,A,7,stage.cleanup,1,0.001624818,0.001624503,0.14091692992174984
32,10,0,AB,A,7,stage.delivery,1,3.7935e-05,3.7648e-05,0.003290020012445443
32,10,0,AB,A,7,stage.leaf_distance,1,0.003508026,0.003507768,0.3042434623481992
32,10,0,AB,A,7,stage.node_plan,4,9.5556e-05,9.4391e-05,0.008287363972828173
32,10,0,AB,A,7,stage.node_prune,4,5.4338e-05,5.3187e-05,0.004712616513411374
32,10,0,AB,A,7,stage.output_alloc,1,4.839e-06,4.539e-06,0.000419675941484737
32,10,0,AB,A,7,stage.pivot_distance,2,0.000101271,0.0001007,0.008783013488344866
32,10,0,AB,A,7,stage.pivot_sort,2,0.000200626,0.000199994,0.017399856465450888
32,10,0,AB,A,7,stage.result_sort,1,0.003513362,0.003513079,0.30470624201832996
32,10,0,AB,A,7,stage.schedule,10,0.000123631,0.000120993,0.010722247638292937
32,10,0,AB,A,7,stage.threshold,2,1.9667e-05,1.9116e-05,0.0017056761192767768
32,10,0,AB,B,0,stage.aggregate,1,1.6722e-05,1.6419e-05,0.0015406733337657514
32,10,0,AB,B,0,stage.alloc_init,1,0.002123666,0.00212335,0.1956629336218741
32,10,0,AB,B,0,stage.candidates,1,9.921e-05,9.8896e-05,0.009140665078513346
32,10,0,AB,B,0,stage.cleanup,1,0.00334305,0.003342784,0.3080102851600045
32,10,0,AB,B,0,stage.delivery,1,4.0028e-05,3.9739e-05,0.0036879603040291527
32,10,0,AB,B,0,stage.leaf_distance,1,0.001290197,0.001289923,0.11887167283845063
32,10,0,AB,B,0,stage.node_plan,4,9.4477e-05,9.3343e-05,0.008704592426395581
32,10,0,AB,B,0,stage.node_prune,4,5.3237e-05,5.2101e-05,0.0049049650920755476
32,10,0,AB,B,0,stage.output_alloc,1,4.846e-06,4.546e-06,0.0004464838521366362
32,10,0,AB,B,0,stage.pivot_distance,2,0.000102861,0.000102306,0.009477048187087606
32,10,0,AB,B,0,stage.pivot_sort,2,0.000201172,0.000200549,0.018534884338017206
32,10,0,AB,B,0,stage.result_sort,1,0.003326702,0.003326427,0.3065040701342658
32,10,0,AB,B,0,stage.schedule,10,0.000125408,0.000122601,0.011554405061649047
32,10,0,AB,B,0,stage.threshold,2,2.1263e-05,2.0709e-05,0.001959056159302785
32,10,0,AB,B,1,stage.aggregate,1,1.4242e-05,1.396e-05,0.0013414181357245402
32,10,0,AB,B,1,stage.alloc_init,1,0.002114915,0.002114499,0.19919852103046384
32,10,0,AB,B,1,stage.candidates,1,9.2397e-05,9.212e-05,0.008702640885166433
32,10,0,AB,B,1,stage.cleanup,1,0.003117007,0.003116742,0.29358304444462446
32,10,0,AB,B,1,stage.delivery,1,4.2116e-05,4.1837e-05,0.003966800042422043
32,10,0,AB,B,1,stage.leaf_distance,1,0.001293381,0.001293123,0.12182030120780377
32,10,0,AB,B,1,stage.node_plan,4,9.5232e-05,9.3882e-05,0.008969662400036469
32,10,0,AB,B,1,stage.node_prune,4,5.3557e-05,5.2409e-05,0.005044399037705322
32,10,0,AB,B,1,stage.output_alloc,1,4.717e-06,4.423e-06,0.0004442823582511344
32,10,0,AB,B,1,stage.pivot_distance,2,0.00010065,0.000100109,0.009479970184010318
32,10,0,AB,B,1,stage.pivot_sort,2,0.000208467,0.00020786,0.019634982060110075
32,10,0,AB,B,1,stage.result_sort,1,0.003321181,0.003320918,0.3128136796393599
32,10,0,AB,B,1,stage.schedule,10,0.000131249,0.000128397,0.012362012982425934
32,10,0,AB,B,1,stage.threshold,2,1.8133e-05,1.7575e-05,0.0017079016328530464
32,10,0,AB,B,2,stage.aggregate,1,1.585e-05,1.5573e-05,0.0014349203854567333
32,10,0,AB,B,2,stage.alloc_init,1,0.002114101,0.002113623,0.191392215887348
32,10,0,AB,B,2,stage.candidates,1,9.592e-05,9.5632e-05,0.008683757941514818
32,10,0,AB,B,2,stage.cleanup,1,0.003543665,0.00354337,0.32081243834255746
32,10,0,AB,B,2,stage.delivery,1,4.2409e-05,4.2121e-05,0.003839339976456442
32,10,0,AB,B,2,stage.leaf_distance,1,0.001289827,0.001289496,0.11676965653075722
32,10,0,AB,B,2,stage.node_plan,4,9.4443e-05,9.3302e-05,0.008550043278466264
32,10,0,AB,B,2,stage.node_prune,4,5.5026e-05,5.3898e-05,0.004981572815781843
32,10,0,AB,B,2,stage.output_alloc,1,4.624e-06,4.347e-06,0.0004186165212840338
32,10,0,AB,B,2,stage.pivot_distance,2,0.000101833,0.000101266,0.009219069249982052
32,10,0,AB,B,2,stage.pivot_sort,2,0.000204628,0.000203729,0.01852522956689214
32,10,0,AB,B,2,stage.result_sort,1,0.003332283,0.003332009,0.30167576068207697
32,10,0,AB,B,2,stage.schedule,10,0.000123776,0.000121014,0.011205596569734551
32,10,0,AB,B,2,stage.threshold,2,1.9093e-05,1.8529e-05,0.0017285132441340954
32,10,0,AB,B,3,stage.aggregate,1,1.4827e-05,1.4553e-05,0.0013339620327792808
32,10,0,AB,B,3,stage.alloc_init,1,0.002118168,0.002117858,0.19056826674634272
32,10,0,AB,B,3,stage.candidates,1,0.000100038,9.9743e-05,0.009000262617871024
32,10,0,AB,B,3,stage.cleanup,1,0.003610941,0.003610667,0.32487072210197937
32,10,0,AB,B,3,stage.delivery,1,4.2769e-05,4.2492e-05,0.0038478601321870276
32,10,0,AB,B,3,stage.leaf_distance,1,0.001288892,0.001288581,0.1159596002126494
32,10,0,AB,B,3,stage.node_plan,4,9.4591e-05,9.3457e-05,0.008510204535147024
32,10,0,AB,B,3,stage.node_prune,4,5.3623e-05,5.2508e-05,0.004824377560108138
32,10,0,AB,B,3,stage.output_alloc,1,4.377e-06,4.08e-06,0.0003937918538797404
32,10,0,AB,B,3,stage.pivot_distance,2,0.000101444,0.000100901,0.009126758241941145
32,10,0,AB,B,3,stage.pivot_sort,2,0.000210994,0.000210318,0.01898280064370618
32,10,0,AB,B,3,stage.result_sort,1,0.003319221,0.003318999,0.2986251293183838
32,10,0,AB,B,3,stage.schedule,10,0.000126257,0.000123505,0.011359145098308062
32,10,0,AB,B,3,stage.threshold,2,2.0774e-05,2.0203e-05,0.0018690043345893827
32,10,0,AB,B,4,stage.aggregate,1,1.5794e-05,1.552e-05,0.0014107387102718376
32,10,0,AB,B,4,stage.alloc_init,1,0.002113298,0.002112987,0.18876227016209024
32,10,0,AB,B,4,stage.candidates,1,9.9479e-05,9.9208e-05,0.008885581623346342
32,10,0,AB,B,4,stage.cleanup,1,0.003695185,0.003694925,0.33005828296288714
32,10,0,AB,B,4,stage.delivery,1,4.0681e-05,4.0386e-05,0.0036336749064561614
32,10,0,AB,B,4,stage.leaf_distance,1,0.001289116,0.001288776,0.11514536173425288
32,10,0,AB,B,4,stage.node_plan,4,9.9446e-05,9.8281e-05,0.008882634024420232
32,10,0,AB,B,4,stage.node_prune,4,5.4212e-05,5.3106e-05,0.004842279787340563
32,10,0,AB,B,4,stage.output_alloc,1,5.049e-06,4.746e-06,0.0004509826356947263
32,10,0,AB,B,4,stage.pivot_distance,2,0.000100917,0.000100366,0.009014025479581043
32,10,0,AB,B,4,stage.pivot_sort,2,0.000203013,0.000202415,0.01813336062988581
32,10,0,AB,B,4,stage.result_sort,1,0.003324737,0.00332445,0.29696943063017966
32,10,0,AB,B,4,stage.schedule,10,0.000123673,0.00012096,0.01104661824208237
32,10,0,AB,B,4,stage.threshold,2,2.0225e-05,1.9585e-05,0.0018065208569866982
32,10,0,AB,B,5,stage.aggregate,1,1.6356e-05,1.609e-05,0.0015767988072783784
32,10,0,AB,B,5,stage.alloc_init,1,0.002119528,0.002119079,0.20433291895286906
32,10,0,AB,B,5,stage.candidates,1,9.7129e-05,9.6838e-05,0.009363713093185474
32,10,0,AB,B,5,stage.cleanup,1,0.003918471,0.003918198,0.377759867886703
32,10,0,AB,B,5,stage.delivery,1,4.039e-05,4.0108e-05,0.003893794560159801
32,10,0,AB,B,5,stage.leaf_distance,1,0.001292385,0.001292077,0.12459226745808677
32,10,0,AB,B,5,stage.node_plan,4,9.3951e-05,9.2694e-05,0.009057338269907735
32,10,0,AB,B,5,stage.node_prune,4,5.2818e-05,5.1714e-05,0.005091914857106223
32,10,0,AB,B,5,stage.output_alloc,1,4.369e-06,4.072e-06,0.00042119307831983585
32,10,0,AB,B,5,stage.pivot_distance,2,0.00010184,0.000101299,0.009817876652802033
32,10,0,AB,B,5,stage.pivot_sort,2,0.000203813,0.000203206,0.01964857515944168
32,10,0,AB,B,5,stage.result_sort,1,0.002282069,0.002281825,0.2200026704161752
32,10,0,AB,B,5,stage.schedule,10,0.00012186,0.000119126,0.011747903072569283
32,10,0,AB,B,5,stage.threshold,2,2.0671e-05,2.0108e-05,0.0019927860201303105
32,10,0,AB,B,6,stage.aggregate,1,1.557e-05,1.5299e-05,0.001379011533035696
32,10,0,AB,B,6,stage.alloc_init,1,0.002103259,0.002102945,0.18628249312531311
32,10,0,AB,B,6,stage.candidates,1,9.8403e-05,9.813e-05,0.008715406029885138
32,10,0,AB,B,6,stage.cleanup,1,0.003801579,0.003801309,0.33670014674028953
32,10,0,AB,B,6,stage.delivery,1,4.1759e-05,4.1432e-05,0.003698531959411537
32,10,0,AB,B,6,stage.leaf_distance,1,0.001298144,0.001297824,0.11497466586647981
32,10,0,AB,B,6,stage.node_plan,4,9.4982e-05,9.3831e-05,0.008412413194013904
32,10,0,AB,B,6,stage.node_prune,4,5.4653e-05,5.3523e-05,0.004840534188503526
32,10,0,AB,B,6,stage.output_alloc,1,4.825e-06,4.536e-06,0.0004273430087923721
32,10,0,AB,B,6,stage.pivot_distance,2,0.000101332,0.000100745,0.008974823164134435
32,10,0,AB,B,6,stage.pivot_sort,2,0.000198331,0.00019775,0.017565879021098435
32,10,0,AB,B,6,stage.result_sort,1,0.00332565,0.00332543,0.29454782946950303
32,10,0,AB,B,6,stage.schedule,10,0.000124907,0.000122204,0.011062825533518927
32,10,0,AB,B,6,stage.threshold,2,2.0161e-05,1.9602e-05,0.0017856295130078783
32,10,0,AB,B,7,stage.aggregate,1,1.5516e-05,1.5247e-05,0.0013955727352793878
32,10,0,AB,B,7,stage.alloc_init,1,0.002118576,0.002118278,0.19055342248113333
32,10,0,AB,B,7,stage.candidates,1,9.535e-05,9.5068e-05,0.008576170424651305
32,10,0,AB,B,7,stage.cleanup,1,0.003613386,0.003613101,0.3250027702784382
32,10,0,AB,B,7,stage.delivery,1,4.081e-05,4.0526e-05,0.0036706189305717855
32,10,0,AB,B,7,stage.leaf_distance,1,0.001292928,0.001292582,0.11629125196437927
32,10,0,AB,B,7,stage.node_plan,4,0.000101488,0.000100267,0.009128247341971806
32,10,0,AB,B,7,stage.node_prune,4,5.4118e-05,5.2984e-05,0.00486759508171242
32,10,0,AB,B,7,stage.output_alloc,1,4.285e-06,3.994e-06,0.0003854104905047807
32,10,0,AB,B,7,stage.pivot_distance,2,0.000102449,0.000101912,0.009214683627006833
32,10,0,AB,B,7,stage.pivot_sort,2,0.000206364,0.000205725,0.018561225312142025
32,10,0,AB,B,7,stage.result_sort,1,0.003320282,0.003320002,0.2986397932868598
32,10,0,AB,B,7,stage.schedule,10,0.000124081,0.000121322,0.011160354509293745
32,10,0,AB,B,7,stage.threshold,2,2.0262e-05,1.9698e-05,0.0018224474582515442
32,10,1,BA,B,0,stage.aggregate,1,1.613e-05,1.5856e-05,0.0014621157912312573
32,10,1,BA,B,0,stage.alloc_init,1,0.002119469,0.002119131,0.19212083657316317
32,10,1,BA,B,0,stage.candidates,1,9.6906e-05,9.6631e-05,0.008784116110666847
32,10,1,BA,B,0,stage.cleanup,1,0.003517977,0.003517702,0.3188896295653047
32,10,1,BA,B,0,stage.delivery,1,4.4222e-05,4.387e-05,0.004008535928073693
32,10,1,BA,B,0,stage.leaf_distance,1,0.001296383,0.001296056,0.1175115967627868
32,10,1,BA,B,0,stage.node_plan,4,9.5516e-05,9.437e-05,0.008658118531633278
32,10,1,BA,B,0,stage.node_prune,4,5.3517e-05,5.2426e-05,0.004851088084272983
32,10,1,BA,B,0,stage.output_alloc,1,8.462e-06,8.089e-06,0.0007670442545194607
32,10,1,BA,B,0,stage.pivot_distance,2,0.000101583,0.000101033,0.009208066238105694
32,10,1,BA,B,0,stage.pivot_sort,2,0.000204765,0.000204177,0.018561075014970146
32,10,1,BA,B,0,stage.result_sort,1,0.00332186,0.003321665,0.30111245891255206
32,10,1,BA,B,0,stage.schedule,10,0.000124373,0.000121645,0.011273882659814332
32,10,1,BA,B,0,stage.threshold,2,2.0986e-05,2.0449e-05,0.001902291506185937
32,10,1,BA,B,1,stage.aggregate,1,1.632e-05,1.6059e-05,0.0014762652371015847
32,10,1,BA,B,1,stage.alloc_init,1,0.002108505,0.002108199,0.19072994079380373
32,10,1,BA,B,1,stage.candidates,1,9.8473e-05,9.8198e-05,0.008907614380704924
32,10,1,BA,B,1,stage.cleanup,1,0.003562238,0.003561953,0.32223089005406097
32,10,1,BA,B,1,stage.delivery,1,4.0142e-05,3.9867e-05,0.00363114210464043
32,10,1,BA,B,1,stage.leaf_distance,1,0.001293459,0.001293146,0.11700297532574624
32,10,1,BA,B,1,stage.node_plan,4,9.6513e-05,9.5375e-05,0.008730317820366743
32,10,1,BA,B,1,stage.node_prune,4,5.4604e-05,5.3513e-05,0.0049393374391357185
32,10,1,BA,B,1,stage.output_alloc,1,4.962e-06,4.678e-06,0.00044884976142757743
32,10,1,BA,B,1,stage.pivot_distance,2,0.000104077,0.000103538,0.009414537811386129
32,10,1,BA,B,1,stage.pivot_sort,2,0.000201164,0.00020057,0.018196778195851908
32,10,1,BA,B,1,stage.result_sort,1,0.003323948,0.003323693,0.30067578935866046
32,10,1,BA,B,1,stage.schedule,10,0.000122632,0.00011989,0.011092975401730485
32,10,1,BA,B,1,stage.threshold,2,1.9744e-05,1.9188e-05,0.0017859914731209368
32,10,1,BA,B,2,stage.aggregate,1,1.5548e-05,1.5267e-05,0.0013810564673378547
32,10,1,BA,B,2,stage.alloc_init,1,0.002114443,0.002114137,0.18781612940360534
32,10,1,BA,B,2,stage.candidates,1,9.7918e-05,9.7635e-05,0.008697600152353232
32,10,1,BA,B,2,stage.cleanup,1,0.003751515,0.003751221,0.3332296149385755
32,10,1,BA,B,2,stage.delivery,1,4.2881e-05,4.26e-05,0.003808919627985242
32,10,1,BA,B,2,stage.leaf_distance,1,0.001293541,0.001293216,0.11489922586935143
32,10,1,BA,B,2,stage.node_plan,4,9.6418e-05,9.5234e-05,0.008564362134537
32,10,1,BA,B,2,stage.node_prune,4,5.4636e-05,5.352e-05,0.00485306156093845
32,10,1,BA,B,2,stage.output_alloc,1,4.857e-06,4.574e-06,0.0004314247016889607
32,10,1,BA,B,2,stage.pivot_distance,2,0.000101122,0.000100565,0.008982196558408704
32,10,1,BA,B,2,stage.pivot_sort,2,0.000203781,0.000203168,0.01810091767240644
32,10,1,BA,B,2,stage.result_sort,1,0.003328013,0.003327777,0.2956119035911021
32,10,1,BA,B,2,stage.schedule,10,0.000124601,0.000121864,0.011067726838613587
32,10,1,BA,B,2,stage.threshold,2,2.0209e-05,1.9652e-05,0.0017950714013654943
32,10,1,BA,B,3,stage.aggregate,1,1.6381e-05,1.6097e-05,0.001462485605931151
32,10,1,BA,B,3,stage.alloc_init,1,0.002114105,0.002113478,0.18874599425719282
32,10,1,BA,B,3,stage.candidates,1,0.000100032,9.9745e-05,0.008930795441823142
32,10,1,BA,B,3,stage.cleanup,1,0.004748964,0.004748685,0.4239845853785008
32,10,1,BA,B,3,stage.delivery,1,4.2378e-05,4.2068e-05,0.003783481778166798
32,10,1,BA,B,3,stage.leaf_distance,1,0.001293451,0.001293131,0.11547850982707118
32,10,1,BA,B,3,stage.node_plan,4,8.2407e-05,8.1243e-05,0.007357246280933298
32,10,1,BA,B,3,stage.node_prune,4,5.1034e-05,4.9901e-05,0.004556284134856868
32,10,1,BA,B,3,stage.output_alloc,1,4.714e-06,4.419e-06,0.00042086302096083544
32,10,1,BA,B,3,stage.pivot_distance,2,9.8656e-05,9.8109e-05,0.008807947008042466
32,10,1,BA,B,3,stage.pivot_sort,2,0.000200511,0.000199868,0.017901498768748
32,10,1,BA,B,3,stage.result_sort,1,0.00230984,0.002309542,0.2062210946831091
32,10,1,BA,B,3,stage.schedule,10,0.000113303,0.000110518,0.01011562216035756
32,10,1,BA,B,3,stage.threshold,2,1.7342e-05,1.6772e-05,0.0015482830949305915
32,10,1,BA,B,4,stage.aggregate,1,1.5705e-05,1.544e-05,0.001401220011616609
32,10,1,BA,B,4,stage.alloc_init,1,0.002116596,0.002116263,0.1888453786505997
32,10,1,BA,B,4,stage.candidates,1,9.9126e-05,9.8837e-05,0.008844147397103342
32,10,1,BA,B,4,stage.cleanup,1,0.003703902,0.003703601,0.3304668324397823
32,10,1,BA,B,4,stage.delivery,1,4.0599e-05,4.0306e-05,0.0036222942535258013
32,10,1,BA,B,4,stage.leaf_distance,1,0.001293431,0.00129309,0.11540155369915837
32,10,1,BA,B,4,stage.node_plan,4,9.4989e-05,9.3846e-05,0.008475039011999367
32,10,1,BA,B,4,stage.node_prune,4,5.5415e-05,5.432e-05,0.004944196558021929
32,10,1,BA,B,4,stage.output_alloc,1,4.384e-06,4.084e-06,0.0003911460382634329
32,10,1,BA,B,4,stage.pivot_distance,2,0.000103045,0.000102478,0.009193805545815567
32,10,1,BA,B,4,stage.pivot_sort,2,0.000200372,0.00019968,0.017877443882053052
32,10,1,BA,B,4,stage.result_sort,1,0.003330068,0.003329817,0.29711288899357513
32,10,1,BA,B,4,stage.schedule,10,0.000123165,0.000120443,0.010988937454999024
32,10,1,BA,B,4,stage.threshold,2,2.0286e-05,1.9742e-05,0.0018099426396468977
32,10,1,BA,B,5,stage.aggregate,1,1.6074e-05,1.5797e-05,0.0014896512609072193
32,10,1,BA,B,5,stage.alloc_init,1,0.002117888,0.002117527,0.19627438905439026
32,10,1,BA,B,5,stage.candidates,1,9.6376e-05,9.6077e-05,0.008931605693741084
32,10,1,BA,B,5,stage.cleanup,1,0.003287906,0.003287623,0.30470532030884734
32,10,1,BA,B,5,stage.delivery,1,4.0582e-05,4.0296e-05,0.0037609199620590255
32,10,1,BA,B,5,stage.leaf_distance,1,0.001291881,0.00129158,0.11972453406694535
32,10,1,BA,B,5,stage.node_plan,4,9.8833e-05,9.7569e-05,0.009159307146276174
32,10,1,BA,B,5,stage.node_prune,4,5.3816e-05,5.2712e-05,0.004987375404814167
32,10,1,BA,B,5,stage.output_alloc,1,4.465e-06,4.161e-06,0.00041379201691867204
32,10,1,BA,B,5,stage.pivot_distance,2,0.00010195,0.00010142,0.009448173824156464
32,10,1,BA,B,5,stage.pivot_sort,2,0.00019887,0.00019827,0.018430194491515412
32,10,1,BA,B,5,stage.result_sort,1,0.003332463,0.003332214,0.3088346217417354
32,10,1,BA,B,5,stage.schedule,10,0.0001221,0.000119375,0.011315566688862232
32,10,1,BA,B,5,stage.threshold,2,2.0779e-05,2.0225e-05,0.0019256851779514191
32,10,1,BA,B,6,stage.aggregate,1,1.4066e-05,1.3783e-05,0.0012849393705203886
32,10,1,BA,B,6,stage.alloc_init,1,0.002102551,0.002102164,0.19206956906206551
32,10,1,BA,B,6,stage.candidates,1,9.863e-05,9.8347e-05,0.009009922516310673
32,10,1,BA,B,6,stage.cleanup,1,0.004509781,0.004509497,0.41197178724049544
32,10,1,BA,B,6,stage.delivery,1,4.1299e-05,4.1013e-05,0.0037726938051415846
32,10,1,BA,B,6,stage.leaf_distance,1,0.001293362,0.001293045,0.11814956306945762
32,10,1,BA,B,6,stage.node_plan,4,9.3985e-05,9.2809e-05,0.00858559837468781
32,10,1,BA,B,6,stage.node_prune,4,5.4559e-05,5.3422e-05,0.004984004487147866
32,10,1,BA,B,6,stage.output_alloc,1,4.793e-06,4.508e-06,0.00043784404968748915
32,10,1,BA,B,6,stage.pivot_distance,2,0.000100031,9.9489e-05,0.00913790488927378
32,10,1,BA,B,6,stage.pivot_sort,2,0.000200039,0.000199346,0.018273708711753735
32,10,1,BA,B,6,stage.result_sort,1,0.002284724,0.002284415,0.2087112056286666
32,10,1,BA,B,6,stage.schedule,10,0.000122309,0.000119611,0.011173016455920533
32,10,1,BA,B,6,stage.threshold,2,1.9921e-05,1.9366e-05,0.0018197978956445802
32,10,1,BA,B,7,stage.aggregate,1,1.5574e-05,1.5296e-05,0.0014759067743211176
32,10,1,BA,B,7,stage.alloc_init,1,0.002116539,0.002116198,0.200578801092516
32,10,1,BA,B,7,stage.candidates,1,9.9728e-05,9.9454e-05,0.009450958699723669
32,10,1,BA,B,7,stage.cleanup,1,0.003048651,0.003048335,0.2889125891512039
32,10,1,BA,B,7,stage.delivery,1,4.1305e-05,4.1029e-05,0.003914365565258364
32,10,1,BA,B,7,stage.leaf_distance,1,0.001294894,0.001289092,0.12271367835031265
32,10,1,BA,B,7,stage.node_plan,4,9.204e-05,9.0901e-05,0.008722387280628977
32,10,1,BA,B,7,stage.node_prune,4,5.3959e-05,5.2857e-05,0.005113551665313547
32,10,1,BA,B,7,stage.output_alloc,1,4.236e-06,3.942e-06,0.0004014345123940063
32,10,1,BA,B,7,stage.pivot_distance,2,0.0001028,0.000102231,0.009742084011828104
32,10,1,BA,B,7,stage.pivot_sort,2,0.000200549,0.000199874,0.01900549811758866
32,10,1,BA,B,7,stage.result_sort,1,0.003330395,0.003330147,0.31561272259311535
32,10,1,BA,B,7,stage.schedule,10,0.000123427,0.00012071,0.01169685022692517
32,10,1,BA,B,7,stage.threshold,2,2.0322e-05,1.9739e-05,0.001925862172065863
32,10,1,BA,A,0,stage.aggregate,1,1.609e-05,1.58e-05,0.001446152264284371
32,10,1,BA,A,0,stage.alloc_init,1,0.002120751,0.002120439,0.19061086765900215
32,10,1,BA,A,0,stage.candidates,1,9.0663e-05,9.0379e-05,0.008148695011610562
32,10,1,BA,A,0,stage.cleanup,1,0.001492362,0.001492047,0.13413192575711327
32,10,1,BA,A,0,stage.delivery,1,4.274e-05,4.2442e-05,0.0038414262135185845
32,10,1,BA,A,0,stage.leaf_distance,1,0.003502623,0.003502193,0.3148120685136431
32,10,1,BA,A,0,stage.node_plan,4,0.000101959,0.000100771,0.00916396760187509
32,10,1,BA,A,0,stage.node_prune,4,5.2043e-05,5.0838e-05,0.004677570061538318
32,10,1,BA,A,0,stage.output_alloc,1,5.387e-06,5.106e-06,0.0004841778898508333
32,10,1,BA,A,0,stage.pivot_distance,2,0.000102195,0.000101594,0.009185179033470561
32,10,1,BA,A,0,stage.pivot_sort,2,0.000202972,0.000202314,0.018242909719473423
32,10,1,BA,A,0,stage.result_sort,1,0.003244524,0.003244235,0.2916144020587312
32,10,1,BA,A,0,stage.schedule,10,0.000122738,0.000119996,0.01103156225069827
32,10,1,BA,A,0,stage.threshold,2,1.8578e-05,1.8018e-05,0.0016697710855111902
32,10,1,BA,A,1,stage.aggregate,1,1.655e-05,1.6255e-05,0.0015320105032048178
32,10,1,BA,A,1,stage.alloc_init,1,0.002111216,0.002110747,0.19543233151263217
32,10,1,BA,A,1,stage.candidates,1,9.3354e-05,9.308e-05,0.008641650061400758
32,10,1,BA,A,1,stage.cleanup,1,0.001454181,0.00145386,0.1346115145354009
32,10,1,BA,A,1,stage.delivery,1,4.0544e-05,4.027e-05,0.0037531017427151737
32,10,1,BA,A,1,stage.leaf_distance,1,0.003512666,0.003483833,0.32516261064957425
32,10,1,BA,A,1,stage.node_plan,4,9.4859e-05,9.3684e-05,0.008780965820151409
32,10,1,BA,A,1,stage.node_prune,4,5.4546e-05,5.3053e-05,0.005049247426453776
32,10,1,BA,A,1,stage.output_alloc,1,4.823e-06,4.529e-06,0.00044645840827533753
32,10,1,BA,A,1,stage.pivot_distance,2,0.000102994,0.000102426,0.00953401146628864
32,10,1,BA,A,1,stage.pivot_sort,2,0.000200284,0.000199679,0.018540011578481796
32,10,1,BA,A,1,stage.result_sort,1,0.002959839,0.002958532,0.27398818343173686
32,10,1,BA,A,1,stage.schedule,10,0.000127735,0.000124719,0.011824251457816761
32,10,1,BA,A,1,stage.threshold,2,2.0465e-05,1.9883e-05,0.001894416613177438
32,10,1,BA,A,2,stage.aggregate,1,1.5853e-05,1.5579e-05,0.0014255712941216247
32,10,1,BA,A,2,stage.alloc_init,1,0.002126204,0.002125869,0.1911975895948133
32,10,1,BA,A,2,stage.candidates,1,9.8496e-05,9.8207e-05,0.008857192341247938
32,10,1,BA,A,2,stage.cleanup,1,0.001508269,0.001507859,0.1356301640202819
32,10,1,BA,A,2,stage.delivery,1,4.0769e-05,4.0482e-05,0.0036661273001983553
32,10,1,BA,A,2,stage.leaf_distance,1,0.003509998,0.003509702,0.3156344156452605
32,10,1,BA,A,2,stage.node_plan,4,9.7483e-05,9.6291e-05,0.008766098938046954
32,10,1,BA,A,2,stage.node_prune,4,5.3751e-05,5.2576e-05,0.004833525681595374
32,10,1,BA,A,2,stage.output_alloc,1,5.154e-06,4.856e-06,0.0004634702863749987
32,10,1,BA,A,2,stage.pivot_distance,2,9.9884e-05,9.9306e-05,0.00898200738926666
32,10,1,BA,A,2,stage.pivot_sort,2,0.00020221,0.000201537,0.018183610129586435
32,10,1,BA,A,2,stage.result_sort,1,0.00320646,0.003206175,0.2883389473127626
32,10,1,BA,A,2,stage.schedule,10,0.00012663,0.000123891,0.011387125022053956
32,10,1,BA,A,2,stage.threshold,2,2.0465e-05,1.9913e-05,0.0018403025631867189
32,10,1,BA,A,3,stage.aggregate,1,1.5883e-05,1.5613e-05,0.001472367273269994
32,10,1,BA,A,3,stage.alloc_init,1,0.002113664,0.002113351,0.1959384058609172
32,10,1,BA,A,3,stage.candidates,1,9.8449e-05,9.8169e-05,0.009126303953041467
32,10,1,BA,A,3,stage.cleanup,1,0.001427956,0.001427634,0.13237270553859645
32,10,1,BA,A,3,stage.delivery,1,4.1441e-05,4.1163e-05,0.0038416150709300392
32,10,1,BA,A,3,stage.leaf_distance,1,0.003512171,0.003511873,0.32558116467468035
32,10,1,BA,A,3,stage.node_plan,4,8.4235e-05,8.3071e-05,0.007808654364030594
32,10,1,BA,A,3,stage.node_prune,4,4.7815e-05,4.6714e-05,0.004432490157489439
32,10,1,BA,A,3,stage.output_alloc,1,4.788e-06,4.488e-06,0.0004438515711400069
32,10,1,BA,A,3,stage.pivot_distance,2,9.8653e-05,9.801e-05,0.00914521492223791
32,10,1,BA,A,3,stage.pivot_sort,2,0.00020453,0.00020391,0.01896010063602039
32,10,1,BA,A,3,stage.result_sort,1,0.003001126,0.003000895,0.27820686931685973
32,10,1,BA,A,3,stage.schedule,10,0.000111277,0.000108581,0.010315470192511812
32,10,1,BA,A,3,stage.threshold,2,1.7921e-05,1.7349e-05,0.0016612915635756192
32,10,1,BA,A,4,stage.aggregate,1,1.5498e-05,1.5221e-05,0.001409793287626485
32,10,1,BA,A,4,stage.alloc_init,1,0.002120123,0.00211979,0.1928594124624162
32,10,1,BA,A,4,stage.candidates,1,9.7809e-05,9.753e-05,0.00889730750222344
32,10,1,BA,A,4,stage.cleanup,1,0.001420737,0.001420418,0.12923896542022129
32,10,1,BA,A,4,stage.delivery,1,4.0206e-05,3.9925e-05,0.0036573847543109085
32,10,1,BA,A,4,stage.leaf_distance,1,0.003508647,0.003508368,0.31916808551108555
32,10,1,BA,A,4,stage.node_plan,4,9.6009e-05,9.4831e-05,0.0087335684444271
32,10,1,BA,A,4,stage.node_prune,4,5.6285e-05,5.5051e-05,0.005120029371148323
32,10,1,BA,A,4,stage.output_alloc,1,4.656e-06,4.363e-06,0.00042353836283319876
32,10,1,BA,A,4,stage.pivot_distance,2,0.000101946,0.000101382,0.009273634436725362
32,10,1,BA,A,4,stage.pivot_sort,2,0.00019957,0.000198954,0.018154113202453064
32,10,1,BA,A,4,stage.result_sort,1,0.003178688,0.003178382,0.28915298786029525
32,10,1,BA,A,4,stage.schedule,10,0.000125024,0.000122313,0.011372951089960876
32,10,1,BA,A,4,stage.threshold,2,2.1031e-05,2.0456e-05,0.0019131089580637893
32,10,1,BA,A,5,stage.aggregate,1,1.574e-05,1.5456e-05,0.001430491777444198
32,10,1,BA,A,5,stage.alloc_init,1,0.002122473,0.002122192,0.19289581793820332
32,10,1,BA,A,5,stage.candidates,1,9.9177e-05,9.8902e-05,0.009013461436568187
32,10,1,BA,A,5,stage.cleanup,1,0.001413474,0.001413133,0.12846016103120464
32,10,1,BA,A,5,stage.delivery,1,3.9482e-05,3.9195e-05,0.0035882259439041827
32,10,1,BA,A,5,stage.leaf_distance,1,0.003506806,0.003506558,0.31870756976442055
32,10,1,BA,A,5,stage.node_plan,4,9.5198e-05,9.405e-05,0.008651839658775909
32,10,1,BA,A,5,stage.node_prune,4,5.3316e-05,5.2201e-05,0.004845495527713779
32,10,1,BA,A,5,stage.output_alloc,1,4.376e-06,4.075e-06,0.00039770216125132224
32,10,1,BA,A,5,stage.pivot_distance,2,0.000101386,0.000100811,0.009214221051331479
32,10,1,BA,A,5,stage.pivot_sort,2,0.000201356,0.000200764,0.018299752372239773
32,10,1,BA,A,5,stage.result_sort,1,0.003201912,0.003201663,0.290998017033031
32,10,1,BA,A,5,stage.schedule,10,0.000122148,0.000119392,0.011101125135403681
32,10,1,BA,A,5,stage.threshold,2,1.9714e-05,1.9096e-05,0.0017916591423465646
32,10,1,BA,A,6,stage.aggregate,1,1.6063e-05,1.5781e-05,0.001454357195487228
32,10,1,BA,A,6,stage.alloc_init,1,0.002103138,0.002102762,0.19041983959426123
32,10,1,BA,A,6,stage.candidates,1,9.8449e-05,9.8174e-05,0.008913653211636815
32,10,1,BA,A,6,stage.cleanup,1,0.001459032,0.001458716,0.13210195403387423
32,10,1,BA,A,6,stage.delivery,1,4.2514e-05,4.2221e-05,0.003849252431609539
32,10,1,BA,A,6,stage.leaf_distance,1,0.003504694,0.003504407,0.31731786944412105
32,10,1,BA,A,6,stage.node_plan,4,8.9825e-05,8.8624e-05,0.008132829177902028
32,10,1,BA,A,6,stage.node_prune,4,4.821e-05,4.7064e-05,0.004364972943686689
32,10,1,BA,A,6,stage.output_alloc,1,5.281e-06,4.982e-06,0.0004781460716782701
32,10,1,BA,A,6,stage.pivot_distance,2,9.8018e-05,9.7483e-05,0.00887463011811412
32,10,1,BA,A,6,stage.pivot_sort,2,0.000206792,0.000206136,0.018723117298711005
32,10,1,BA,A,6,stage.result_sort,1,0.003221404,0.003221118,0.29166856047882334
32,10,1,BA,A,6,stage.schedule,10,0.000121808,0.000119103,0.011028596231582413
32,10,1,BA,A,6,stage.threshold,2,2.091e-05,2.034e-05,0.0018932085511820921
32,10,1,BA,A,7,stage.aggregate,1,1.5987e-05,1.5717e-05,0.0014408420639001336
32,10,1,BA,A,7,stage.alloc_init,1,0.002114301,0.002113935,0.19055318799938173
32,10,1,BA,A,7,stage.candidates,1,9.8371e-05,9.8088e-05,0.008865770605361858
32,10,1,BA,A,7,stage.cleanup,1,0.001484564,0.001484238,0.1337976016608393
32,10,1,BA,A,7,stage.delivery,1,4.2229e-05,4.1955e-05,0.003805924783664148
32,10,1,BA,A,7,stage.leaf_distance,1,0.00351317,0.003512807,0.31662745440870904
32,10,1,BA,A,7,stage.node_plan,4,9.4667e-05,9.3489e-05,0.008531944433804586
32,10,1,BA,A,7,stage.node_prune,4,5.3112e-05,5.1973e-05,0.004786764477254262
32,10,1,BA,A,7,stage.output_alloc,1,4.595e-06,4.301e-06,0.0004141283094777702
32,10,1,BA,A,7,stage.pivot_distance,2,0.000101506,0.000100954,0.009148315164711762
32,10,1,BA,A,7,stage.pivot_sort,2,0.000199512,0.000198836,0.017981189832541652
32,10,1,BA,A,7,stage.result_sort,1,0.003221832,0.0032214,0.29037036769997465
32,10,1,BA,A,7,stage.schedule,10,0.000123991,0.000121279,0.01117479504253715
32,10,1,BA,A,7,stage.threshold,2,1.9964e-05,1.9419e-05,0.0017992725942141904
32,10,2,AB,A,0,stage.aggregate,1,1.598e-05,1.5717e-05,0.0014894781140858211
32,10,2,AB,A,0,stage.alloc_init,1,0.002121894,0.002121585,0.19777939132728534
32,10,2,AB,A,0,stage.candidates,1,9.7567e-05,9.7275e-05,0.009094112087422486
32,10,2,AB,A,0,stage.cleanup,1,0.001354559,0.001354249,0.12625694522765807
32,10,2,AB,A,0,stage.delivery,1,4.1749e-05,4.1475e-05,0.003891378084165767
32,10,2,AB,A,0,stage.leaf_distance,1,0.003509453,0.003509174,0.32711223003209183
32,10,2,AB,A,0,stage.node_plan,4,9.5899e-05,9.4761e-05,0.008938639653486619
32,10,2,AB,A,0,stage.node_prune,4,5.3798e-05,5.2662e-05,0.005014452038897936
32,10,2,AB,A,0,stage.output_alloc,1,5.717e-06,5.406e-06,0.0005328752426926557
32,10,2,AB,A,0,stage.pivot_distance,2,0.000101419,0.000100816,0.00945315274420963
32,10,2,AB,A,0,stage.pivot_sort,2,0.000201799,0.000201186,0.018809461448335712
32,10,2,AB,A,0,stage.result_sort,1,0.00297376,0.00297351,0.2771808783819682
32,10,2,AB,A,0,stage.schedule,10,0.000124532,0.000121794,0.01160748989382575
32,10,2,AB,A,0,stage.threshold,2,1.9982e-05,1.9437e-05,0.001862500104860005
32,10,2,AB,A,1,stage.aggregate,1,1.6202e-05,1.5923e-05,0.0014081045359008427
32,10,2,AB,A,1,stage.alloc_init,1,0.002113809,0.002113491,0.18370966799950775
32,10,2,AB,A,1,stage.candidates,1,9.8816e-05,9.8465e-05,0.008588029738277847
32,10,2,AB,A,1,stage.cleanup,1,0.00198141,0.001981106,0.1722029631205585
32,10,2,AB,A,1,stage.delivery,1,3.74e-05,3.7082e-05,0.003250407952270801
32,10,2,AB,A,1,stage.leaf_distance,1,0.003510294,0.003510006,0.30507720674888983
32,10,2,AB,A,1,stage.node_plan,4,9.3549e-05,9.2375e-05,0.008130278436550299
32,10,2,AB,A,1,stage.node_prune,4,5.2524e-05,5.1364e-05,0.004564824258959132
32,10,2,AB,A,1,stage.output_alloc,1,4.957e-06,4.667e-06,0.00043080941763118613
32,10,2,AB,A,1,stage.pivot_distance,2,0.000105109,0.000104545,0.009134949985434
32,10,2,AB,A,1,stage.pivot_sort,2,0.00020211,0.00020147,0.017565239337792825
32,10,2,AB,A,1,stage.result_sort,1,0.003133862,0.003133558,0.27236176379998067
32,10,2,AB,A,1,stage.schedule,10,0.00012692,0.00012419,0.011030528804871927
32,10,2,AB,A,1,stage.threshold,2,2.065e-05,2.0078e-05,0.0017946771180318729
32,10,2,AB,A,2,stage.aggregate,1,1.6446e-05,1.6173e-05,0.0015088060936463447
32,10,2,AB,A,2,stage.alloc_init,1,0.002125655,0.002125279,0.19501405916270345
32,10,2,AB,A,2,stage.candidates,1,8.9851e-05,8.8789e-05,0.008243204202858916
32,10,2,AB,A,2,stage.cleanup,1,0.001545264,0.00154495,0.14176722239403655
32,10,2,AB,A,2,stage.delivery,1,4.0012e-05,3.9725e-05,0.003670822657118907
32,10,2,AB,A,2,stage.leaf_distance,1,0.003507206,0.003506929,0.3217617526737822
32,10,2,AB,A,2,stage.node_plan,4,9.1231e-05,9.0102e-05,0.0083698096029095
32,10,2,AB,A,2,stage.node_prune,4,5.5145e-05,5.3952e-05,0.005059170134630164
32,10,2,AB,A,2,stage.output_alloc,1,4.655e-06,4.359e-06,0.0004270638675619442
32,10,2,AB,A,2,stage.pivot_distance,2,9.9211e-05,9.8656e-05,0.009101919090158549
32,10,2,AB,A,2,stage.pivot_sort,2,0.000197702,0.0001971,0.01813778318898636
32,10,2,AB,A,2,stage.result_sort,1,0.002983619,0.002983303,0.2737262877489367
32,10,2,AB,A,2,stage.schedule,10,0.000118213,0.000115504,0.010845220403029024
32,10,2,AB,A,2,stage.threshold,2,1.8228e-05,1.7657e-05,0.0016722921971899288
32,10,2,AB,A,3,stage.aggregate,1,1.5818e-05,1.5544e-05,0.0014551769082246841
32,10,2,AB,A,3,stage.alloc_init,1,0.002120177,0.002119828,0.19504568287704427
32,10,2,AB,A,3,stage.candidates,1,9.7385e-05,9.7095e-05,0.008958933064070102
32,10,2,AB,A,3,stage.cleanup,1,0.001512158,0.001511835,0.1391109750402846
32,10,2,AB,A,3,stage.delivery,1,4.175e-05,4.1453e-05,0.0038407912453142343
32,10,2,AB,A,3,stage.leaf_distance,1,0.003506345,0.003506065,0.3225662078814692
32,10,2,AB,A,3,stage.node_plan,4,9.4893e-05,9.3713e-05,0.008729681524349789
32,10,2,AB,A,3,stage.node_prune,4,5.3631e-05,5.2502e-05,0.004933783838980784
32,10,2,AB,A,3,stage.output_alloc,1,4.761e-06,4.452e-06,0.00043798819446565435
32,10,2,AB,A,3,stage.pivot_distance,2,0.000102606,0.00010199,0.009439238958484128
32,10,2,AB,A,3,stage.pivot_sort,2,0.00020447,0.000203723,0.018810217627051533
32,10,2,AB,A,3,stage.result_sort,1,0.002963386,0.002963137,0.2726166947374076
32,10,2,AB,A,3,stage.schedule,10,0.000124565,0.000121859,0.011459357161019585
32,10,2,AB,A,3,stage.threshold,2,1.9507e-05,1.8949e-05,0.0017945464628106532
32,10,2,AB,A,4,stage.aggregate,1,1.635e-05,1.6068e-05,0.0015204343588035383
32,10,2,AB,A,4,stage.alloc_init,1,0.002111835,0.002111405,0.1963857182950379
32,10,2,AB,A,4,stage.candidates,1,9.7167e-05,9.6881e-05,0.009035843751795926
32,10,2,AB,A,4,stage.cleanup,1,0.001404791,0.001404443,0.13063562711547286
32,10,2,AB,A,4,stage.delivery,1,4.0352e-05,4.0067e-05,0.0037524505961125613
32,10,2,AB,A,4,stage.leaf_distance,1,0.00350781,0.003507496,0.32620151976480977
32,10,2,AB,A,4,stage.node_plan,4,9.4594e-05,9.3459e-05,0.00879657295025455
32,10,2,AB,A,4,stage.node_prune,4,5.5875e-05,5.4388e-05,0.005195979804168055
32,10,2,AB,A,4,stage.output_alloc,1,4.522e-06,4.233e-06,0.00042051401654492963
32,10,2,AB,A,4,stage.pivot_distance,2,0.000102169,0.000101601,0.009500994373369952
32,10,2,AB,A,4,stage.pivot_sort,2,0.000202301,0.000201693,0.018812562154147682
32,10,2,AB,A,4,stage.result_sort,1,0.002962629,0.002962387,0.2755035427515454
32,10,2,AB,A,4,stage.schedule,10,0.000124481,0.000121799,0.011575852563805701
32,10,2,AB,A,4,stage.threshold,2,2.0982e-05,2.0408e-05,0.0019511775973343021
32,10,2,AB,A,5,stage.aggregate,1,1.4294e-05,1.4011e-05,0.0013036513547066246
32,10,2,AB,A,5,stage.alloc_init,1,0.002116508,0.002116201,0.1930312383830564
32,10,2,AB,A,5,stage.candidates,1,9.7546e-05,9.7259e-05,0.008896458307416567
32,10,2,AB,A,5,stage.cleanup,1,0.001393652,0.001393317,0.12710482144883145
32,10,2,AB,A,5,stage.delivery,1,3.9621e-05,3.9342e-05,0.0036135420683385453
32,10,2,AB,A,5,stage.leaf_distance,1,0.003510819,0.003510554,0.32019616240938553
32,10,2,AB,A,5,stage.node_plan,4,9.525e-05,9.4085e-05,0.00868705691449601
32,10,2,AB,A,5,stage.node_prune,4,5.3771e-05,5.2661e-05,0.004904060234639003
32,10,2,AB,A,5,stage.output_alloc,1,4.336e-06,4.044e-06,0.0003954548953412567
32,10,2,AB,A,5,stage.pivot_distance,2,0.000101204,0.000100659,0.00923007777401212
32,10,2,AB,A,5,stage.pivot_sort,2,0.000200722,0.000200171,0.018306387800435364
32,10,2,AB,A,5,stage.result_sort,1,0.003187247,0.003186974,0.2906855232499388
32,10,2,AB,A,5,stage.schedule,10,0.000121165,0.000118453,0.01105057481411978
32,10,2,AB,A,5,stage.threshold,2,1.9592e-05,1.9027e-05,0.0017868432448168595
32,10,2,AB,A,6,stage.aggregate,1,1.6208e-05,1.5921e-05,0.0014682047790572836
32,10,2,AB,A,6,stage.alloc_init,1,0.002104927,0.002104395,0.1906752147684298
32,10,2,AB,A,6,stage.candidates,1,9.8679e-05,9.8402e-05,0.008938856082958642
32,10,2,AB,A,6,stage.cleanup,1,0.001464728,0.001464376,0.13268266594391762
32,10,2,AB,A,6,stage.delivery,1,4.1446e-05,4.1145e-05,0.0037543938346994185
32,10,2,AB,A,6,stage.leaf_distance,1,0.003510528,0.003510209,0.31800185011194515
32,10,2,AB,A,6,stage.node_plan,4,9.8779e-05,9.7623e-05,0.008947914602079183
32,10,2,AB,A,6,stage.node_prune,4,5.2939e-05,5.1763e-05,0.004795489437223194
32,10,2,AB,A,6,stage.output_alloc,1,5.254e-06,4.97e-06,0.0004759345945932235
32,10,2,AB,A,6,stage.pivot_distance,2,0.000100896,0.00010032,0.009139683451861036
32,10,2,AB,A,6,stage.pivot_sort,2,0.00020953,0.000208871,0.018980315113269534
32,10,2,AB,A,6,stage.result_sort,1,0.003178759,0.003178426,0.28794849181091753
32,10,2,AB,A,6,stage.schedule,10,0.000126937,0.000124186,0.011498612416041115
32,10,2,AB,A,6,stage.threshold,2,2.1183e-05,2.0598e-05,0.0019188661053041976
32,10,2,AB,A,7,stage.aggregate,1,1.5916e-05,1.5632e-05,0.001431442742470176
32,10,2,AB,A,7,stage.alloc_init,1,0.002112739,0.002112282,0.1900141309552461
32,10,2,AB,A,7,stage.candidates,1,9.1996e-05,9.1714e-05,0.008273875756238145
32,10,2,AB,A,7,stage.cleanup,1,0.001514512,0.001514123,0.13621118439205773
32,10,2,AB,A,7,stage.delivery,1,4.1392e-05,4.1109e-05,0.0037226864787839606
32,10,2,AB,A,7,stage.leaf_distance,1,0.003510222,0.003509955,0.3157000380974582
32,10,2,AB,A,7,stage.node_plan,4,9.0046e-05,8.8849e-05,0.008098497938456236
32,10,2,AB,A,7,stage.node_prune,4,5.1666e-05,5.0543e-05,0.004646702735138484
32,10,2,AB,A,7,stage.output_alloc,1,4.698e-06,4.408e-06,0.00042252563484071915
32,10,2,AB,A,7,stage.pivot_distance,2,9.9427e-05,9.8872e-05,0.00894220014800089
32,10,2,AB,A,7,stage.pivot_sort,2,0.000200338,0.000199679,0.018017867312200935
32,10,2,AB,A,7,stage.result_sort,1,0.00324557,0.003245171,0.2918979405427827
32,10,2,AB,A,7,stage.schedule,10,0.000114142,0.000111365,0.010265628142185903
32,10,2,AB,A,7,stage.threshold,2,1.8586e-05,1.8047e-05,0.001671575446817711
32,10,2,AB,B,0,stage.aggregate,1,1.6437e-05,1.615e-05,0.0014769040669177622
32,10,2,AB,B,0,stage.alloc_init,1,0.002119374,0.002119061,0.19043086207457352
32,10,2,AB,B,0,stage.candidates,1,9.7908e-05,9.7608e-05,0.008797269780603776
32,10,2,AB,B,0,stage.cleanup,1,0.003621374,0.003621104,0.3253891822370411
32,10,2,AB,B,0,stage.delivery,1,4.0926e-05,4.0649e-05,0.0036772997409914424
32,10,2,AB,B,0,stage.leaf_distance,1,0.001290559,0.001290246,0.11595983669144735
32,10,2,AB,B,0,stage.node_plan,4,9.5301e-05,9.4174e-05,0.00856302454713936
32,10,2,AB,B,0,stage.node_prune,4,5.2393e-05,5.1284e-05,0.004707637329076006
32,10,2,AB,B,0,stage.output_alloc,1,5.33e-06,5.023e-06,0.0004789133465152809
32,10,2,AB,B,0,stage.pivot_distance,2,0.000102363,0.000101812,0.00919756226816955
32,10,2,AB,B,0,stage.pivot_sort,2,0.000206754,0.000205953,0.018577345224281498
32,10,2,AB,B,0,stage.result_sort,1,0.003323148,0.00332287,0.2985928573443833
32,10,2,AB,B,0,stage.schedule,10,0.000125568,0.000122847,0.011282587447510468
32,10,2,AB,B,0,stage.threshold,2,2.0887e-05,2.0321e-05,0.0018767472924323962
32,10,2,AB,B,1,stage.aggregate,1,1.5881e-05,1.5603e-05,0.0014118452402119412
32,10,2,AB,B,1,stage.alloc_init,1,0.002106805,0.002106503,0.18729819352085628
32,10,2,AB,B,1,stage.candidates,1,9.5658e-05,9.5315e-05,0.008504142811422068
32,10,2,AB,B,1,stage.cleanup,1,0.003755754,0.003755483,0.3338922869030262
32,10,2,AB,B,1,stage.delivery,1,4.1101e-05,4.0806e-05,0.0036539418939582516
32,10,2,AB,B,1,stage.leaf_distance,1,0.001291145,0.00129082,0.11478476938942428
32,10,2,AB,B,1,stage.node_plan,4,9.4616e-05,9.3489e-05,0.008411507414387825
32,10,2,AB,B,1,stage.node_prune,4,5.6439e-05,5.5322e-05,0.005017513601934497
32,10,2,AB,B,1,stage.output_alloc,1,4.684e-06,4.378e-06,0.00041641477899078983
32,10,2,AB,B,1,stage.pivot_distance,2,0.000101755,0.000101212,0.009046175456064863
32,10,2,AB,B,1,stage.pivot_sort,2,0.000203059,0.000202459,0.018052256320898973
32,10,2,AB,B,1,stage.result_sort,1,0.003328991,0.00332876,0.29595240211941254
32,10,2,AB,B,1,stage.schedule,10,0.000123682,0.000121027,0.010995519362753815
32,10,2,AB,B,1,stage.threshold,2,1.9785e-05,1.9217e-05,0.001758916823726041
32,10,2,AB,B,2,stage.aggregate,1,1.5831e-05,1.5539e-05,0.0014186981385669562
32,10,2,AB,B,2,stage.alloc_init,1,0.002118372,0.00211805,0.1898383180590209
32,10,2,AB,B,2,stage.candidates,1,9.7387e-05,9.7108e-05,0.008727354912552596
32,10,2,AB,B,2,stage.cleanup,1,0.003649165,0.003648836,0.32702062995538417
32,10,2,AB,B,2,stage.delivery,1,4.3608e-05,4.3296e-05,0.003907939386433443
32,10,2,AB,B,2,stage.leaf_distance,1,0.001294558,0.00129423,0.11601206650666171
32,10,2,AB,B,2,stage.node_plan,4,9.5721e-05,9.4587e-05,0.00857805599910098
32,10,2,AB,B,2,stage.node_prune,4,5.4014e-05,5.2872e-05,0.004840475096744083
32,10,2,AB,B,2,stage.output_alloc,1,4.614e-06,4.32e-06,0.0004134845058017773
32,10,2,AB,B,2,stage.pivot_distance,2,0.00010109,0.000100473,0.009059199976484971
32,10,2,AB,B,2,stage.pivot_sort,2,0.000202513,0.000201906,0.018148241812621438
32,10,2,AB,B,2,stage.result_sort,1,0.003326332,0.003326038,0.2980898879827996
32,10,2,AB,B,2,stage.schedule,10,0.000126121,0.00012344,0.011302357901219322
32,10,2,AB,B,2,stage.threshold,2,2.0396e-05,1.9836e-05,0.0018277914998554505
32,10,2,AB,B,3,stage.aggregate,1,1.6295e-05,1.6022e-05,0.0015467167792145562
32,10,2,AB,B,3,stage.alloc_init,1,0.002112359,0.002112083,0.20050451727676472
32,10,2,AB,B,3,stage.candidates,1,9.8744e-05,9.8457e-05,0.009372752479089424
32,10,2,AB,B,3,stage.cleanup,1,0.003035457,0.003035128,0.28812471767316844
32,10,2,AB,B,3,stage.delivery,1,4.2188e-05,4.1895e-05,0.004004472996717012
32,10,2,AB,B,3,stage.leaf_distance,1,0.001291177,0.0012909,0.12255815469996399
32,10,2,AB,B,3,stage.node_plan,4,9.4818e-05,9.3673e-05,0.009000097672388206
32,10,2,AB,B,3,stage.node_prune,4,5.3165e-05,5.2022e-05,0.00504640672396084
32,10,2,AB,B,3,stage.output_alloc,1,4.434e-06,4.154e-06,0.00042087402264727485
32,10,2,AB,B,3,stage.pivot_distance,2,0.000101089,0.000100546,0.009595339214116004
32,10,2,AB,B,3,stage.pivot_sort,2,0.000200657,0.00019998,0.019046305539543125
32,10,2,AB,B,3,stage.result_sort,1,0.003330325,0.003330035,0.3161135046172272
32,10,2,AB,B,3,stage.schedule,10,0.000125194,0.000122523,0.011883378978642969
32,10,2,AB,B,3,stage.threshold,2,2.1016e-05,2.0408e-05,0.001994832760477025
32,10,2,AB,B,4,stage.aggregate,1,1.3822e-05,1.3538e-05,0.0012237654506807119
32,10,2,AB,B,4,stage.alloc_init,1,0.002117544,0.002117232,0.1874820711544087
32,10,2,AB,B,4,stage.candidates,1,0.000100425,0.00010009,0.00889137935064466
32,10,2,AB,B,4,stage.cleanup,1,0.003796664,0.003796378,0.3361471734223147
32,10,2,AB,B,4,stage.delivery,1,4.0451e-05,4.0158e-05,0.0035814307803129415
32,10,2,AB,B,4,stage.leaf_distance,1,0.001293823,0.00129347,0.1145518656269766
32,10,2,AB,B,4,stage.node_plan,4,9.5578e-05,9.4417e-05,0.008462238044071847
32,10,2,AB,B,4,stage.node_prune,4,5.4059e-05,5.2935e-05,0.004786249204047794
32,10,2,AB,B,4,stage.output_alloc,1,4.199e-06,3.918e-06,0.0003717690006806764
32,10,2,AB,B,4,stage.pivot_distance,2,0.000102012,0.000101468,0.009031888377574937
32,10,2,AB,B,4,stage.pivot_sort,2,0.000205068,0.00020443,0.01815620991464276
32,10,2,AB,B,4,stage.result_sort,1,0.00332071,0.003320472,0.29400739181955915
32,10,2,AB,B,4,stage.schedule,10,0.000123052,0.000120358,0.010894717568887494
32,10,2,AB,B,4,stage.threshold,2,1.9821e-05,1.9254e-05,0.001754901967728432
32,10,2,AB,B,5,stage.aggregate,1,1.6282e-05,1.5982e-05,0.0014591595735547447
32,10,2,AB,B,5,stage.alloc_init,1,0.002121181,0.00212087,0.19009590734506984
32,10,2,AB,B,5,stage.candidates,1,9.4757e-05,9.4469e-05,0.008491928737951538
32,10,2,AB,B,5,stage.cleanup,1,0.003650666,0.003650394,0.32716522808935056
32,10,2,AB,B,5,stage.delivery,1,4.0649e-05,4.0373e-05,0.0036428803283028387
32,10,2,AB,B,5,stage.leaf_distance,1,0.001294275,0.001293944,0.11599028111181471
32,10,2,AB,B,5,stage.node_plan,4,9.939e-05,9.8166e-05,0.0089071287320726
32,10,2,AB,B,5,stage.node_prune,4,5.3068e-05,5.1953e-05,0.0047558457345168404
32,10,2,AB,B,5,stage.output_alloc,1,4.108e-06,3.815e-06,0.0003681505667708446
32,10,2,AB,B,5,stage.pivot_distance,2,0.000103624,0.000103073,0.009286571161407497
32,10,2,AB,B,5,stage.pivot_sort,2,0.000204532,0.000203934,0.01832973995198987
32,10,2,AB,B,5,stage.result_sort,1,0.003324914,0.003324669,0.29797199940708763
32,10,2,AB,B,5,stage.schedule,10,0.000122946,0.000120289,0.011018169323809215
32,10,2,AB,B,5,stage.threshold,2,2.0901e-05,2.0339e-05,0.001873104916279801
32,10,2,AB,B,6,stage.aggregate,1,1.6019e-05,1.5736e-05,0.0015133012081564282
32,10,2,AB,B,6,stage.alloc_init,1,0.002104507,0.002104153,0.19881097357348523
32,10,2,AB,B,6,stage.candidates,1,9.8828e-05,9.8543e-05,0.009336196504131561
32,10,2,AB,B,6,stage.cleanup,1,0.003091031,0.003090747,0.292007050798987
32,10,2,AB,B,6,stage.delivery,1,4.2849e-05,4.2557e-05,0.004047908325631737
32,10,2,AB,B,6,stage.leaf_distance,1,0.001293234,0.001292954,0.12217070819832514
32,10,2,AB,B,6,stage.node_plan,4,9.7248e-05,9.6118e-05,0.009186935257556423
32,10,2,AB,B,6,stage.node_prune,4,5.4249e-05,5.3117e-05,0.005124856560414387
32,10,2,AB,B,6,stage.output_alloc,1,5.09e-06,4.793e-06,0.0004808479399161134
32,10,2,AB,B,6,stage.pivot_distance,2,0.000102908,0.000102309,0.009721630609211667
32,10,2,AB,B,6,stage.pivot_sort,2,0.000207381,0.00020678,0.019591105427847446
32,10,2,AB,B,6,stage.result_sort,1,0.003312127,0.003311913,0.31289380052859267
32,10,2,AB,B,6,stage.schedule,10,0.000130493,0.000127837,0.012327561929955476
32,10,2,AB,B,6,stage.threshold,2,2.0398e-05,1.9828e-05,0.0019269815871137289
32,10,2,AB,B,7,stage.aggregate,1,1.5812e-05,1.5538e-05,0.001392504990719569
32,10,2,AB,B,7,stage.alloc_init,1,0.002102517,0.002102204,0.18516097998815684
32,10,2,AB,B,7,stage.candidates,1,9.6619e-05,9.6329e-05,0.008508881842798762
32,10,2,AB,B,7,stage.cleanup,1,0.003870287,0.003869986,0.34084201638104406
32,10,2,AB,B,7,stage.delivery,1,3.7544e-05,3.7262e-05,0.003306362722715374
32,10,2,AB,B,7,stage.leaf_distance,1,0.001294734,0.001294404,0.11402248650735583
32,10,2,AB,B,7,stage.node_plan,4,9.4801e-05,9.364e-05,0.008348777234075755
32,10,2,AB,B,7,stage.node_prune,4,5.4293e-05,5.3191e-05,0.004781385875356536
32,10,2,AB,B,7,stage.output_alloc,1,4.666e-06,4.376e-06,0.00041091754912076325
32,10,2,AB,B,7,stage.pivot_distance,2,0.000102418,0.00010185,0.00901957855676175
32,10,2,AB,B,7,stage.pivot_sort,2,0.00020508,0.000204471,0.018060645300832862
32,10,2,AB,B,7,stage.result_sort,1,0.003323859,0.003323601,0.29272010156515027
32,10,2,AB,B,7,stage.schedule,10,0.000123832,0.000121,0.010905431192182244
32,10,2,AB,B,7,stage.threshold,2,2.0618e-05,2.0031e-05,0.0018157518276407838
32,10,3,BA,B,0,stage.aggregate,1,1.5208e-05,1.4927e-05,0.0014213918349600331
32,10,3,BA,B,0,stage.alloc_init,1,0.002120289,0.002119969,0.19816948134899878
32,10,3,BA,B,0,stage.candidates,1,9.613e-05,9.5839e-05,0.008984639472298
32,10,3,BA,B,0,stage.cleanup,1,0.004241344,0.004240933,0.3964105556849505
32,10,3,BA,B,0,stage.delivery,1,4.0976e-05,4.0689e-05,0.00382975748483182
32,10,3,BA,B,0,stage.leaf_distance,1,0.001293281,0.001292968,0.12087447749269771
32,10,3,BA,B,0,stage.node_plan,4,9.3547e-05,9.2393e-05,0.00874322343404828
32,10,3,BA,B,0,stage.node_prune,4,5.0098e-05,4.9013e-05,0.004682330888205401
32,10,3,BA,B,0,stage.output_alloc,1,5.063e-06,4.755e-06,0.0004732053432668758
32,10,3,BA,B,0,stage.pivot_distance,2,9.9791e-05,9.9213e-05,0.00932680908748663
32,10,3,BA,B,0,stage.pivot_sort,2,0.000202209,0.000201636,0.018899146604118445
32,10,3,BA,B,0,stage.result_sort,1,0.00229118,0.002290937,0.2141415402698401
32,10,3,BA,B,0,stage.schedule,10,0.000121638,0.000118972,0.011368704630514762
32,10,3,BA,B,0,stage.threshold,2,1.8148e-05,1.7604e-05,0.0016961743175206918
32,10,3,BA,B,1,stage.aggregate,1,1.6228e-05,1.5964e-05,0.0014986999968877133
32,10,3,BA,B,1,stage.alloc_init,1,0.002114276,0.002113917,0.19525914682152865
32,10,3,BA,B,1,stage.candidates,1,9.8614e-05,9.8301e-05,0.009107271474801882
32,10,3,BA,B,1,stage.cleanup,1,0.003325761,0.00332546,0.30714308604567897
32,10,3,BA,B,1,stage.delivery,1,4.1936e-05,4.1616e-05,0.0038729038125143666
32,10,3,BA,B,1,stage.leaf_distance,1,0.001296517,0.001296107,0.11973687600843402
32,10,3,BA,B,1,stage.node_plan,4,9.5234e-05,9.4104e-05,0.008795119269386522
32,10,3,BA,B,1,stage.node_prune,4,5.3426e-05,5.2321e-05,0.004934036605479601
32,10,3,BA,B,1,stage.output_alloc,1,4.823e-06,4.535e-06,0.00044541718541961064
32,10,3,BA,B,1,stage.pivot_distance,2,0.000102247,0.000101709,0.009442788919261647
32,10,3,BA,B,1,stage.pivot_sort,2,0.000199915,0.000199319,0.01846269471763663
32,10,3,BA,B,1,stage.result_sort,1,0.00331801,0.003317774,0.306427260085864
32,10,3,BA,B,1,stage.schedule,10,0.000131743,0.00012905,0.012166824851489894
32,10,3,BA,B,1,stage.threshold,2,1.9907e-05,1.9362e-05,0.001838465666628279
32,10,3,BA,B,2,stage.aggregate,1,1.559e-05,1.5311e-05,0.0013893009214210866
32,10,3,BA,B,2,stage.alloc_init,1,0.002111046,0.002110694,0.18812560314062213
32,10,3,BA,B,2,stage.candidates,1,9.7514e-05,9.723e-05,0.008689948046918269
32,10,3,BA,B,2,stage.cleanup,1,0.003716013,0.003715704,0.3311520388013301
32,10,3,BA,B,2,stage.delivery,1,4.0419e-05,4.0135e-05,0.0036019341849210323
32,10,3,BA,B,2,stage.leaf_distance,1,0.001294377,0.00129405,0.11534824623260176
32,10,3,BA,B,2,stage.node_plan,4,9.4498e-05,9.3387e-05,0.008421177580016025
32,10,3,BA,B,2,stage.node_prune,4,5.2706e-05,5.1641e-05,0.00469688866994354
32,10,3,BA,B,2,stage.output_alloc,1,4.633e-06,4.343e-06,0.00041286922186939667
32,10,3,BA,B,2,stage.pivot_distance,2,0.00010378,0.000103234,0.00924834186177552
32,10,3,BA,B,2,stage.pivot_sort,2,0.000204041,0.000203369,0.018183088473872986
32,10,3,BA,B,2,stage.result_sort,1,0.003333468,0.00333319,0.2970615884495001
32,10,3,BA,B,2,stage.schedule,10,0.000124987,0.000122311,0.011138201043339147
32,10,3,BA,B,2,stage.threshold,2,2.0242e-05,1.9719e-05,0.0018038633259400661
32,10,3,BA,B,3,stage.aggregate,1,1.6866e-05,1.6601e-05,0.0015641558469019169
32,10,3,BA,B,3,stage.alloc_init,1,0.002109205,0.002108866,0.19560804773299878
32,10,3,BA,B,3,stage.candidates,1,0.000100797,0.000100517,0.009347931750277039
32,10,3,BA,B,3,stage.cleanup,1,0.003285945,0.003285658,0.3047391251243994
32,10,3,BA,B,3,stage.delivery,1,4.1458e-05,4.1163e-05,0.0038448223112095147
32,10,3,BA,B,3,stage.leaf_distance,1,0.001294182,0.001293859,0.12002266940917922
32,10,3,BA,B,3,stage.node_plan,4,9.524e-05,9.4126e-05,0.00883257457956472
32,10,3,BA,B,3,stage.node_prune,4,5.2826e-05,5.1471e-05,0.004899092657917744
32,10,3,BA,B,3,stage.output_alloc,1,4.46e-06,4.173e-06,0.00041362119513711304
32,10,3,BA,B,3,stage.pivot_distance,2,0.000100855,0.000100317,0.009353310680617385
32,10,3,BA,B,3,stage.pivot_sort,2,0.000202161,0.000201591,0.018748447181639892
32,10,3,BA,B,3,stage.result_sort,1,0.003317735,0.003317399,0.3076873353919798
32,10,3,BA,B,3,stage.schedule,10,0.000131342,0.000128702,0.012180680495896571
32,10,3,BA,B,3,stage.threshold,2,2.0888e-05,2.0346e-05,0.0019371568439515735
32,10,3,BA,B,4,stage.aggregate,1,2.3022e-05,2.2632e-05,0.002167390071466821
32,10,3,BA,B,4,stage.alloc_init,1,0.002110931,0.00211059,0.19873212105601284
32,10,3,BA,B,4,stage.candidates,1,9.184e-05,9.1572e-05,0.008646212499501035
32,10,3,BA,B,4,stage.cleanup,1,0.003055819,0.003055532,0.2876879402658183
32,10,3,BA,B,4,stage.delivery,1,5.4503e-05,5.4196e-05,0.005131146775482414
32,10,3,BA,B,4,stage.leaf_distance,1,0.001297348,0.001296494,0.12213791913983743
32,10,3,BA,B,4,stage.node_plan,4,8.2846e-05,8.17e-05,0.007799478666525073
32,10,3,BA,B,4,stage.node_prune,4,4.8541e-05,4.746e-05,0.004569858459693813
32,10,3,BA,B,4,stage.output_alloc,1,4.565e-06,4.266e-06,0.00042976872887872633
32,10,3,BA,B,4,stage.pivot_distance,2,9.8612e-05,9.8065e-05,0.0092837576981794
32,10,3,BA,B,4,stage.pivot_sort,2,0.000200924,0.000200276,0.01891584930585525
32,10,3,BA,B,4,stage.result_sort,1,0.003412799,0.003412283,0.32129557243123513
32,10,3,BA,B,4,stage.schedule,10,0.000108857,0.000106164,0.010248266050285107
32,10,3,BA,B,4,stage.threshold,2,1.8016e-05,1.7486e-05,0.0016961037063481126
32,10,3,BA,B,5,stage.aggregate,1,1.6746e-05,1.6477e-05,0.0014765815541051717
32,10,3,BA,B,5,stage.alloc_init,1,0.002088334,0.002087866,0.1841392250812534
32,10,3,BA,B,5,stage.candidates,1,0.000102108,0.000101831,0.009003391217399433
32,10,3,BA,B,5,stage.cleanup,1,0.003856067,0.00385579,0.34000939947412323
32,10,3,BA,B,5,stage.delivery,1,4.4815e-05,4.4516e-05,0.0039515706644705165
32,10,3,BA,B,5,stage.leaf_distance,1,0.001296946,0.001296582,0.11435844621225882
32,10,3,BA,B,5,stage.node_plan,4,9.7402e-05,9.6253e-05,0.008588438823178786
32,10,3,BA,B,5,stage.node_prune,4,5.3175e-05,5.2004e-05,0.0046887151641910015
32,10,3,BA,B,5,stage.output_alloc,1,8.662e-06,8.374e-06,0.0007637734038969902
32,10,3,BA,B,5,stage.pivot_distance,2,0.000104027,0.00010349,0.009172599386653452
32,10,3,BA,B,5,stage.pivot_sort,2,0.000213931,0.000213246,0.018863404302596053
32,10,3,BA,B,5,stage.result_sort,1,0.003284612,0.003284332,0.28962125233443786
32,10,3,BA,B,5,stage.schedule,10,0.000140147,0.000137363,0.012357486866307029
32,10,3,BA,B,5,stage.threshold,2,2.1782e-05,2.1197e-05,0.0019206317575253106
32,10,3,BA,B,6,stage.aggregate,1,1.6362e-05,1.6084e-05,0.0015530731570355153
32,10,3,BA,B,6,stage.alloc_init,1,0.002088764,0.002088467,0.1982644725450514
32,10,3,BA,B,6,stage.candidates,1,9.4298e-05,9.3951e-05,0.008950720728647782
32,10,3,BA,B,6,stage.cleanup,1,0.003056272,0.003055943,0.2900998657743093
32,10,3,BA,B,6,stage.delivery,1,4.2174e-05,4.189e-05,0.004003135761203754
32,10,3,BA,B,6,stage.leaf_distance,1,0.001294243,0.001293923,0.12284892201326955
32,10,3,BA,B,6,stage.node_plan,4,9.654e-05,9.5403e-05,0.009163530288486044
32,10,3,BA,B,6,stage.node_prune,4,5.1591e-05,5.0506e-05,0.004896992864235379
32,10,3,BA,B,6,stage.output_alloc,1,6.413e-06,6.13e-06,0.0006087188703134556
32,10,3,BA,B,6,stage.pivot_distance,2,0.000102286,0.000101726,0.009708937840150025
32,10,3,BA,B,6,stage.pivot_sort,2,0.000203825,0.000203151,0.019346970800193368
32,10,3,BA,B,6,stage.result_sort,1,0.003325158,0.003324875,0.3156223953490955
32,10,3,BA,B,6,stage.schedule,10,0.000129542,0.000126906,0.012296064228620871
32,10,3,BA,B,6,stage.threshold,2,1.8193e-05,1.7668e-05,0.001726870794887369
32,10,3,BA,B,7,stage.aggregate,1,1.5814e-05,1.5536e-05,0.0013990162652670725
32,10,3,BA,B,7,stage.alloc_init,1,0.002118176,0.002117915,0.1873885592954563
32,10,3,BA,B,7,stage.candidates,1,0.000110629,0.000110276,0.009787009637677434
32,10,3,BA,B,7,stage.cleanup,1,0.003796249,0.003795971,0.3358425507780358
32,10,3,BA,B,7,stage.delivery,1,4.2928e-05,4.264e-05,0.003797709006916965
32,10,3,BA,B,7,stage.leaf_distance,1,0.001294668,0.001294358,0.11453532250668964
32,10,3,BA,B,7,stage.node_plan,4,9.4381e-05,9.3246e-05,0.008349598718361677
32,10,3,BA,B,7,stage.node_prune,4,5.2774e-05,5.165e-05,0.004668754545542208
32,10,3,BA,B,7,stage.output_alloc,1,4.863e-06,4.582e-06,0.00043021475262386324
32,10,3,BA,B,7,stage.pivot_distance,2,0.000102324,0.000101775,0.009052291661008469
32,10,3,BA,B,7,stage.pivot_sort,2,0.00020564,0.000205023,0.018192342531271073
32,10,3,BA,B,7,stage.result_sort,1,0.003308867,0.00330864,0.2927253542813622
32,10,3,BA,B,7,stage.schedule,10,0.000127409,0.000124727,0.011271484971633518
32,10,3,BA,B,7,stage.threshold,2,2.0221e-05,1.9675e-05,0.001788890091056372
32,10,3,BA,A,0,stage.aggregate,1,1.6377e-05,1.6099e-05,0.0014847428326956744
32,10,3,BA,A,0,stage.alloc_init,1,0.002126102,0.002125837,0.19275292825791895
32,10,3,BA,A,0,stage.candidates,1,9.9548e-05,9.9277e-05,0.009025046071270013
32,10,3,BA,A,0,stage.cleanup,1,0.001423787,0.00142352,0.12908087827656323
32,10,3,BA,A,0,stage.delivery,1,3.8794e-05,3.851e-05,0.003517073545313305
32,10,3,BA,A,0,stage.leaf_distance,1,0.003508569,0.00350838,0.3180877252102479
32,10,3,BA,A,0,stage.node_plan,4,9.4214e-05,9.3093e-05,0.008541464324332311
32,10,3,BA,A,0,stage.node_prune,4,5.347e-05,5.2379e-05,0.004847603301229634
32,10,3,BA,A,0,stage.output_alloc,1,5.05e-06,4.748e-06,0.00045783423735196654
32,10,3,BA,A,0,stage.pivot_distance,2,0.000104064,0.000103532,0.009434467737781197
32,10,3,BA,A,0,stage.pivot_sort,2,0.00020381,0.000203256,0.018477464537565207
32,10,3,BA,A,0,stage.result_sort,1,0.003200969,0.003200711,0.29020063384203704
32,10,3,BA,A,0,stage.schedule,10,0.000124648,0.000121956,0.011300618221276816
32,10,3,BA,A,0,stage.threshold,2,2.0061e-05,1.9508e-05,0.0018187351753500595
32,10,3,BA,A,1,stage.aggregate,1,1.5937e-05,1.5669e-05,0.0014418429389096296
32,10,3,BA,A,1,stage.alloc_init,1,0.002105494,0.002105252,0.19048702119700014
32,10,3,BA,A,1,stage.candidates,1,0.000100631,0.000100358,0.009104228950581347
32,10,3,BA,A,1,stage.cleanup,1,0.001461312,0.001461032,0.13220696421810305
32,10,3,BA,A,1,stage.delivery,1,4.0198e-05,3.9917e-05,0.0036367699352631787
32,10,3,BA,A,1,stage.leaf_distance,1,0.003505647,0.003505319,0.31716084415258367
32,10,3,BA,A,1,stage.node_plan,4,9.4369e-05,9.3244e-05,0.008537696950615726
32,10,3,BA,A,1,stage.node_prune,4,5.2474e-05,5.139e-05,0.004747397024304693
32,10,3,BA,A,1,stage.output_alloc,1,5.495e-06,5.196e-06,0.0004971404247542457
32,10,3,BA,A,1,stage.pivot_distance,2,0.0001034,0.000102876,0.009354744298378346
32,10,3,BA,A,1,stage.pivot_sort,2,0.00020241,0.000201826,0.018312319085442563
32,10,3,BA,A,1,stage.result_sort,1,0.00321017,0.003209923,0.29042862189869645
32,10,3,BA,A,1,stage.schedule,10,0.000126418,0.000123757,0.011437215326038622
32,10,3,BA,A,1,stage.threshold,2,2.0769e-05,2.023e-05,0.0018790008155998052
32,10,3,BA,A,2,stage.aggregate,1,1.6041e-05,1.5747e-05,0.0014335761204700838
32,10,3,BA,A,2,stage.alloc_init,1,0.002116956,0.002116653,0.1891912954108763
32,10,3,BA,A,2,stage.candidates,1,9.8833e-05,9.8541e-05,0.008832655614638724
32,10,3,BA,A,2,stage.cleanup,1,0.001540779,0.001540527,0.1376986460521024
32,10,3,BA,A,2,stage.delivery,1,4.0029e-05,3.9747e-05,0.003577371643058224
32,10,3,BA,A,2,stage.leaf_distance,1,0.003503159,0.00350292,0.3130755619107199
32,10,3,BA,A,2,stage.node_plan,4,9.339e-05,9.2271e-05,0.008346217435989097
32,10,3,BA,A,2,stage.node_prune,4,5.3422e-05,5.2314e-05,0.004774297332320479
32,10,3,BA,A,2,stage.output_alloc,1,4.779e-06,4.488e-06,0.0004270968318512892
32,10,3,BA,A,2,stage.pivot_distance,2,0.000102302,0.000101755,0.009142678403860762
32,10,3,BA,A,2,stage.pivot_sort,2,0.000204315,0.000203738,0.01825952902274454
32,10,3,BA,A,2,stage.result_sort,1,0.003264508,0.003264105,0.29174744179811435
32,10,3,BA,A,2,stage.schedule,10,0.000122709,0.000119992,0.010966441753429555
32,10,3,BA,A,2,stage.threshold,2,2.0303e-05,1.9766e-05,0.0018144689217570043
32,10,3,BA,A,3,stage.aggregate,1,1.5951e-05,1.5682e-05,0.0014644575034649006
32,10,3,BA,A,3,stage.alloc_init,1,0.002122613,0.002122326,0.19487659299116938
32,10,3,BA,A,3,stage.candidates,1,9.8815e-05,9.8517e-05,0.009072181568859892
32,10,3,BA,A,3,stage.cleanup,1,0.001537578,0.001537066,0.1411646692534985
32,10,3,BA,A,3,stage.delivery,1,4.1179e-05,4.0889e-05,0.0037806341630732326
32,10,3,BA,A,3,stage.leaf_distance,1,0.003505917,0.003505701,0.3218774031205036
32,10,3,BA,A,3,stage.node_plan,4,9.1905e-05,9.0774e-05,0.008437776117857293
32,10,3,BA,A,3,stage.node_prune,4,5.4078e-05,5.3003e-05,0.004964888274865205
32,10,3,BA,A,3,stage.output_alloc,1,4.464e-06,4.162e-06,0.00040983877471426967
32,10,3,BA,A,3,stage.pivot_distance,2,0.000102591,0.000102048,0.009418855227757983
32,10,3,BA,A,3,stage.pivot_sort,2,0.000205186,0.00020461,0.01883807769456141
32,10,3,BA,A,3,stage.result_sort,1,0.002960638,0.002960411,0.2718154682554897
32,10,3,BA,A,3,stage.schedule,10,0.000123965,0.000121335,0.011381197067082087
32,10,3,BA,A,3,stage.threshold,2,1.9543e-05,1.899e-05,0.0017942381662726192
32,10,3,BA,A,4,stage.aggregate,1,1.9171e-05,1.8841e-05,0.001773285319304668
32,10,3,BA,A,4,stage.alloc_init,1,0.002117334,0.00211688,0.1958498408150138
32,10,3,BA,A,4,stage.candidates,1,9.8338e-05,9.8064e-05,0.009096099928526549
32,10,3,BA,A,4,stage.cleanup,1,0.001448343,0.001447953,0.13396929629219553
32,10,3,BA,A,4,stage.delivery,1,4.5399e-05,4.5097e-05,0.004199331292635367
32,10,3,BA,A,4,stage.leaf_distance,1,0.003508037,0.003507665,0.32448753386247925
32,10,3,BA,A,4,stage.node_plan,4,9.4641e-05,9.3522e-05,0.008754133634359871
32,10,3,BA,A,4,stage.node_prune,4,5.2216e-05,5.1113e-05,0.004829892349528587
32,10,3,BA,A,4,stage.output_alloc,1,5.153e-06,4.864e-06,0.00047664385010573023
32,10,3,BA,A,4,stage.pivot_distance,2,0.000101086,0.000100543,0.009350285315697234
32,10,3,BA,A,4,stage.pivot_sort,2,0.000204972,0.000204364,0.01895956593127726
32,10,3,BA,A,4,stage.result_sort,1,0.002962826,0.002962355,0.27405643156090825
32,10,3,BA,A,4,stage.schedule,10,0.000123978,0.00012136,0.011467756888881861
32,10,3,BA,A,4,stage.threshold,2,2.1199e-05,2.0634e-05,0.0019608719150769212
32,10,3,BA,A,5,stage.aggregate,1,1.6024e-05,1.5755e-05,0.0014446272065747488
32,10,3,BA,A,5,stage.alloc_init,1,0.002105507,0.00210521,0.1898198137689453
32,10,3,BA,A,5,stage.candidates,1,0.000100607,0.000100335,0.009070120405133908
32,10,3,BA,A,5,stage.cleanup,1,0.001490493,0.001490017,0.13437386039747984
32,10,3,BA,A,5,stage.delivery,1,4.1865e-05,4.1588e-05,0.0037742959313062817
32,10,3,BA,A,5,stage.leaf_distance,1,0.00350686,0.003506669,0.31615734932905165
32,10,3,BA,A,5,stage.node_plan,4,9.4514e-05,9.3389e-05,0.008520812269234011
32,10,3,BA,A,5,stage.node_prune,4,5.4572e-05,5.3475e-05,0.004919882421193035
32,10,3,BA,A,5,stage.output_alloc,1,6.26e-06,5.962e-06,0.0005643638487991717
32,10,3,BA,A,5,stage.pivot_distance,2,0.000101458,0.00010091,0.009146841433141591
32,10,3,BA,A,5,stage.pivot_sort,2,0.000205611,0.000205019,0.018536647813969086
32,10,3,BA,A,5,stage.result_sort,1,0.003213855,0.003213386,0.2897417855083805
32,10,3,BA,A,5,stage.schedule,10,0.000125775,0.000123132,0.011339115508421057
32,10,3,BA,A,5,stage.threshold,2,1.9766e-05,1.9229e-05,0.0017819833602818575
32,10,3,BA,A,6,stage.aggregate,1,1.6309e-05,1.6033e-05,0.001519641853148684
32,10,3,BA,A,6,stage.alloc_init,1,0.002096789,0.002096501,0.19537484343747477
32,10,3,BA,A,6,stage.candidates,1,9.8961e-05,9.8687e-05,0.009220999290541843
32,10,3,BA,A,6,stage.cleanup,1,0.001409814,0.001409564,0.13136380891256108
32,10,3,BA,A,6,stage.delivery,1,4.0636e-05,4.035e-05,0.003786385820378314
32,10,3,BA,A,6,stage.leaf_distance,1,0.003512362,0.003511461,0.32727526510570965
32,10,3,BA,A,6,stage.node_plan,4,9.9482e-05,9.8376e-05,0.009269545087677808
32,10,3,BA,A,6,stage.node_prune,4,5.3475e-05,5.2387e-05,0.004982699619665576
32,10,3,BA,A,6,stage.output_alloc,1,5.689e-06,5.391e-06,0.0005300902877284238
32,10,3,BA,A,6,stage.pivot_distance,2,0.000101091,0.000100564,0.009419468672306924
32,10,3,BA,A,6,stage.pivot_sort,2,0.00020515,0.000204582,0.019115489985495893
32,10,3,BA,A,6,stage.result_sort,1,0.002934909,0.002934539,0.27346928392806125
32,10,3,BA,A,6,stage.schedule,10,0.000128348,0.000125723,0.01195922451210542
32,10,3,BA,A,6,stage.threshold,2,2.1111e-05,2.0563e-05,0.0019670831541984102
32,10,3,BA,A,7,stage.aggregate,1,1.5985e-05,1.5707e-05,0.0014633837313474648
32,10,3,BA,A,7,stage.alloc_init,1,0.002119023,0.002118786,0.1939908529590928
32,10,3,BA,A,7,stage.candidates,1,9.8177e-05,9.7899e-05,0.008987840137159841
32,10,3,BA,A,7,stage.cleanup,1,0.001362008,0.001361737,0.12468816697936176
32,10,3,BA,A,7,stage.delivery,1,4.1047e-05,4.0769e-05,0.0037577423847744377
32,10,3,BA,A,7,stage.leaf_distance,1,0.003510874,0.003510659,0.321411066275308
32,10,3,BA,A,7,stage.node_plan,4,9.3892e-05,9.2735e-05,0.008595559918903732
32,10,3,BA,A,7,stage.node_prune,4,5.8149e-05,5.7026e-05,0.005323384460064043
32,10,3,BA,A,7,stage.output_alloc,1,4.83e-06,4.54e-06,0.0004421735015582268
32,10,3,BA,A,7,stage.pivot_distance,2,0.000102238,0.000101667,0.009359613758242234
32,10,3,BA,A,7,stage.pivot_sort,2,0.000203,0.000202416,0.018584103688679094
32,10,3,BA,A,7,stage.result_sort,1,0.003164622,0.003164196,0.28971262750480303
32,10,3,BA,A,7,stage.schedule,10,0.000122461,0.000119773,0.011210974984331679
32,10,3,BA,A,7,stage.threshold,2,1.966e-05,1.909e-05,0.0017998200912287244
32,10,4,AB,A,0,stage.aggregate,1,2.0498e-05,2.0228e-05,0.0017607893229061528
32,10,4,AB,A,0,stage.alloc_init,1,0.002120262,0.00211989,0.18213165632567302
32,10,4,AB,A,0,stage.candidates,1,9.9258e-05,9.8974e-05,0.008526316060738556
32,10,4,AB,A,0,stage.cleanup,1,0.001703591,0.001703252,0.14633939132593501
32,10,4,AB,A,0,stage.delivery,1,3.9631e-05,3.9348e-05,0.0034043244051172672
32,10,4,AB,A,0,stage.leaf_distance,1,0.003505067,0.003504747,0.30108715726757246
32,10,4,AB,A,0,stage.node_plan,4,9.7594e-05,9.6462e-05,0.008383377557796032
32,10,4,AB,A,0,stage.node_prune,4,5.3931e-05,5.2759e-05,0.004632702164779575
32,10,4,AB,A,0,stage.output_alloc,1,5.655e-06,5.342e-06,0.0004857675685937308
32,10,4,AB,A,0,stage.pivot_distance,2,0.000102959,0.000102343,0.008844233969025983
32,10,4,AB,A,0,stage.pivot_sort,2,0.0002026,0.000201869,0.017403449937593254
32,10,4,AB,A,0,stage.result_sort,1,0.003531632,0.003531338,0.30336910518263743
32,10,4,AB,A,0,stage.schedule,10,0.000127499,0.000124774,0.010952233285257662
32,10,4,AB,A,0,stage.threshold,2,2.0772e-05,2.0223e-05,0.0017843260715877942
32,10,4,AB,A,1,stage.aggregate,1,2.0997e-05,2.0712e-05,0.0018452751263293263
32,10,4,AB,A,1,stage.alloc_init,1,0.002111001,0.002110662,0.18552067614213144
32,10,4,AB,A,1,stage.candidates,1,9.6537e-05,9.6247e-05,0.008483941747414115
32,10,4,AB,A,1,stage.cleanup,1,0.001520196,0.001519721,0.13359907919918734
32,10,4,AB,A,1,stage.delivery,1,3.8133e-05,3.7845e-05,0.0033512347665055103
32,10,4,AB,A,1,stage.leaf_distance,1,0.003508552,0.003508278,0.3083413694829266
32,10,4,AB,A,1,stage.node_plan,4,9.5976e-05,9.4859e-05,0.0084346394972893
32,10,4,AB,A,1,stage.node_prune,4,5.2601e-05,5.1481e-05,0.004622723099492732
32,10,4,AB,A,1,stage.output_alloc,1,5.417e-06,5.111e-06,0.00047606112108043816
32,10,4,AB,A,1,stage.pivot_distance,2,0.000101937,0.000101389,0.008958508860915013
32,10,4,AB,A,1,stage.pivot_sort,2,0.000201314,0.00020074,0.017692037756911083
32,10,4,AB,A,1,stage.result_sort,1,0.00346759,0.003467377,0.30474151427862595
32,10,4,AB,A,1,stage.schedule,10,0.000129425,0.000126769,0.011374231234232177
32,10,4,AB,A,1,stage.threshold,2,2.0752e-05,2.0204e-05,0.001823743840624193
32,10,4,AB,A,2,stage.aggregate,1,2.1673e-05,2.1384e-05,0.0018307108180539695
32,10,4,AB,A,2,stage.alloc_init,1,0.002115137,0.002114814,0.1786648912271591
32,10,4,AB,A,2,stage.candidates,1,9.4179e-05,9.39e-05,0.007955267574101636
32,10,4,AB,A,2,stage.cleanup,1,0.001812165,0.001811821,0.153072951118847
32,10,4,AB,A,2,stage.delivery,1,4.0813e-05,4.0511e-05,0.0034474600017181125
32,10,4,AB,A,2,stage.leaf_distance,1,0.00350702,0.003506741,0.29623676708954144
32,10,4,AB,A,2,stage.node_plan,4,8.8735e-05,8.7597e-05,0.007495414775989432
32,10,4,AB,A,2,stage.node_prune,4,5.1852e-05,5.0737e-05,0.0043799205157446786
32,10,4,AB,A,2,stage.output_alloc,1,4.828e-06,4.524e-06,0.0004078194910517494
32,10,4,AB,A,2,stage.pivot_distance,2,0.000101153,0.000100548,0.00854435894332179
32,10,4,AB,A,2,stage.pivot_sort,2,0.000200796,0.000200231,0.01696116870862201
32,10,4,AB,A,2,stage.result_sort,1,0.003661572,0.00363213,0.3092917211038393
32,10,4,AB,A,2,stage.schedule,10,0.00011277,0.000110091,0.009525642917544694
32,10,4,AB,A,2,stage.threshold,2,1.8254e-05,1.7712e-05,0.0015419090699375791
32,10,4,AB,A,3,stage.aggregate,1,2.0639e-05,2.0355e-05,0.0017921912596918915
32,10,4,AB,A,3,stage.alloc_init,1,0.002113652,0.002113356,0.1835393497955466
32,10,4,AB,A,3,stage.candidates,1,9.8707e-05,9.8428e-05,0.008571240015039854
32,10,4,AB,A,3,stage.cleanup,1,0.001637774,0.001637381,0.14221639847621628
32,10,4,AB,A,3,stage.delivery,1,3.9329e-05,3.9046e-05,0.0034151407554834246
32,10,4,AB,A,3,stage.leaf_distance,1,0.003508182,0.003507748,0.3046336119874228
32,10,4,AB,A,3,stage.node_plan,4,9.6197e-05,9.5073e-05,0.008353283715712045
32,10,4,AB,A,3,stage.node_prune,4,5.4624e-05,5.3316e-05,0.004743284818518817
32,10,4,AB,A,3,stage.output_alloc,1,5.433e-06,5.129e-06,0.00047177552758883895
32,10,4,AB,A,3,stage.pivot_distance,2,0.000101776,0.000101236,0.008837737179437082
32,10,4,AB,A,3,stage.pivot_sort,2,0.000204095,0.000203468,0.017722625861079346
32,10,4,AB,A,3,stage.result_sort,1,0.003480732,0.00348042,0.3022499863234593
32,10,4,AB,A,3,stage.schedule,10,0.000126683,0.000124063,0.011000540983165264
32,10,4,AB,A,3,stage.threshold,2,1.9878e-05,1.9312e-05,0.001726109688461428
32,10,4,AB,A,4,stage.aggregate,1,2.162e-05,2.1329e-05,0.0018684972062423364
32,10,4,AB,A,4,stage.alloc_init,1,0.002110666,0.002110347,0.18241320648985604
32,10,4,AB,A,4,stage.candidates,1,9.2451e-05,9.2143e-05,0.007990029380865413
32,10,4,AB,A,4,stage.cleanup,1,0.00146698,0.001466625,0.1267829801856329
32,10,4,AB,A,4,stage.delivery,1,3.7889e-05,3.759e-05,0.0032745370327158137
32,10,4,AB,A,4,stage.leaf_distance,1,0.003506294,0.003505969,0.30302962734802347
32,10,4,AB,A,4,stage.node_plan,4,8.4088e-05,8.2964e-05,0.00726726147449147
32,10,4,AB,A,4,stage.node_prune,4,4.5222e-05,4.4085e-05,0.0039082877271364915
32,10,4,AB,A,4,stage.output_alloc,1,5.045e-06,4.759e-06,0.0004360114896157533
32,10,4,AB,A,4,stage.pivot_distance,2,9.9358e-05,9.8788e-05,0.008586963247818042
32,10,4,AB,A,4,stage.pivot_sort,2,0.00019742,0.000196836,0.01706192037263469
32,10,4,AB,A,4,stage.result_sort,1,0.003768575,0.003768218,0.3256971257638628
32,10,4,AB,A,4,stage.schedule,10,0.000109232,0.000106473,0.00944031853988265
32,10,4,AB,A,4,stage.threshold,2,1.8156e-05,1.7614e-05,0.0015691228157509649
32,10,4,AB,A,5,stage.aggregate,1,2.0709e-05,2.0443e-05,0.0017775280592190054
32,10,4,AB,A,5,stage.alloc_init,1,0.002104623,0.002104288,0.1806473724746574
32,10,4,AB,A,5,stage.candidates,1,9.6569e-05,9.6284e-05,0.008288865090092237
32,10,4,AB,A,5,stage.cleanup,1,0.001726568,0.001726247,0.14819755015450475
32,10,4,AB,A,5,stage.delivery,1,3.7732e-05,3.7447e-05,0.003238673462284586
32,10,4,AB,A,5,stage.leaf_distance,1,0.003509226,0.003508938,0.30120950703273325
32,10,4,AB,A,5,stage.node_plan,4,9.5952e-05,9.4784e-05,0.008235905757795257
32,10,4,AB,A,5,stage.node_prune,4,5.3944e-05,5.2847e-05,0.004630207814308273
32,10,4,AB,A,5,stage.output_alloc,1,4.855e-06,4.553e-06,0.00041672213663181563
32,10,4,AB,A,5,stage.pivot_distance,2,0.000102567,0.000101968,0.008803695033556217
32,10,4,AB,A,5,stage.pivot_sort,2,0.000201372,0.000200822,0.017284484057223888
32,10,4,AB,A,5,stage.result_sort,1,0.003546293,0.003545979,0.3043911011498355
32,10,4,AB,A,5,stage.schedule,10,0.000122929,0.00012029,0.010551438832958284
32,10,4,AB,A,5,stage.threshold,2,1.9698e-05,1.9157e-05,0.001690750287821525
32,10,4,AB,A,6,stage.aggregate,1,2.1028e-05,2.0754e-05,0.0018601499495995608
32,10,4,AB,A,6,stage.alloc_init,1,0.002103407,0.002103082,0.18606869055722672
32,10,4,AB,A,6,stage.candidates,1,9.7845e-05,9.7568e-05,0.008655429513913307
32,10,4,AB,A,6,stage.cleanup,1,0.001458809,0.001458373,0.1290471508381865
32,10,4,AB,A,6,stage.delivery,1,3.8456e-05,3.8177e-05,0.003401841661679699
32,10,4,AB,A,6,stage.leaf_distance,1,0.003507553,0.003507276,0.31028031844054543
32,10,4,AB,A,6,stage.node_plan,4,9.5126e-05,9.3992e-05,0.00841490508396461
32,10,4,AB,A,6,stage.node_prune,4,5.2539e-05,5.1448e-05,0.004647632594731374
32,10,4,AB,A,6,stage.output_alloc,1,4.987e-06,4.676e-06,0.0004411531195859335
32,10,4,AB,A,6,stage.pivot_distance,2,9.9967e-05,9.9371e-05,0.008843142952806702
32,10,4,AB,A,6,stage.pivot_sort,2,0.000203103,0.000202473,0.017966617615252027
32,10,4,AB,A,6,stage.result_sort,1,0.003466448,0.003466215,0.30664414459242434
32,10,4,AB,A,6,stage.schedule,10,0.000128229,0.000125505,0.011343217038577234
32,10,4,AB,A,6,stage.threshold,2,1.9971e-05,1.9406e-05,0.0017666470726389971
32,10,4,AB,A,7,stage.aggregate,1,1.8159e-05,1.7881e-05,0.0015530559898108444
32,10,4,AB,A,7,stage.alloc_init,1,0.002120806,0.002120446,0.18138281081154123
32,10,4,AB,A,7,stage.candidates,1,9.9351e-05,9.9073e-05,0.008497035389817567
32,10,4,AB,A,7,stage.cleanup,1,0.001745488,0.001745027,0.14928358354220778
32,10,4,AB,A,7,stage.delivery,1,3.8292e-05,3.8013e-05,0.0032749391465299216
32,10,4,AB,A,7,stage.leaf_distance,1,0.003509847,0.003509583,0.3001811171688762
32,10,4,AB,A,7,stage.node_plan,4,9.3426e-05,9.2317e-05,0.007990297312851365
32,10,4,AB,A,7,stage.node_prune,4,5.4315e-05,5.3168e-05,0.004645312852391431
32,10,4,AB,A,7,stage.output_alloc,1,4.842e-06,4.534e-06,0.00041411405378402496
32,10,4,AB,A,7,stage.pivot_distance,2,0.000100343,9.9697e-05,0.008581876600340854
32,10,4,AB,A,7,stage.pivot_sort,2,0.00019876,0.000198203,0.016999031253637505
32,10,4,AB,A,7,stage.result_sort,1,0.003558415,0.003558134,0.3043349154679639
32,10,4,AB,A,7,stage.schedule,10,0.000123506,0.000120764,0.010562901760976824
32,10,4,AB,A,7,stage.threshold,2,1.949e-05,1.8933e-05,0.0016668903156238427
32,10,4,AB,B,0,stage.aggregate,1,1.596e-05,1.5689e-05,0.0014331214480632656
32,10,4,AB,B,0,stage.alloc_init,1,0.002122851,0.002122572,0.19062050746507214
32,10,4,AB,B,0,stage.candidates,1,9.8535e-05,9.8266e-05,0.008847908639405632
32,10,4,AB,B,0,stage.cleanup,1,0.003622763,0.003622443,0.3253044709617807
32,10,4,AB,B,0,stage.delivery,1,3.9935e-05,3.9652e-05,0.0035859464303512854
32,10,4,AB,B,0,stage.leaf_distance,1,0.001295107,0.001294782,0.11629358516521753
32,10,4,AB,B,0,stage.node_plan,4,9.4e-05,9.2793e-05,0.00844069023295407
32,10,4,AB,B,0,stage.node_prune,4,5.656e-05,5.5233e-05,0.005078781272083854
32,10,4,AB,B,0,stage.output_alloc,1,4.855e-06,4.567e-06,0.0004359526710743831
32,10,4,AB,B,0,stage.pivot_distance,2,0.000102222,0.000101679,0.009178981244606713
32,10,4,AB,B,0,stage.pivot_sort,2,0.000204,0.000203416,0.01831809369704926
32,10,4,AB,B,0,stage.result_sort,1,0.003324333,0.00332404,0.2985070753636905
32,10,4,AB,B,0,stage.schedule,10,0.000124387,0.000121716,0.011169278042621893
32,10,4,AB,B,0,stage.threshold,2,2.1157e-05,2.0613e-05,0.0018997838644532901
32,10,4,AB,B,1,stage.aggregate,1,1.6142e-05,1.5859e-05,0.001514012636218461
32,10,4,AB,B,1,stage.alloc_init,1,0.002115017,0.002114673,0.19837457959465127
32,10,4,AB,B,1,stage.candidates,1,9.9541e-05,9.9264e-05,0.00933628619884908
32,10,4,AB,B,1,stage.cleanup,1,0.003161272,0.003160975,0.296506365662471
32,10,4,AB,B,1,stage.delivery,1,4.0909e-05,4.0623e-05,0.003836993119505701
32,10,4,AB,B,1,stage.leaf_distance,1,0.00129445,0.00129417,0.12141083242181805
32,10,4,AB,B,1,stage.node_plan,4,9.4681e-05,9.3534e-05,0.008880450403283367
32,10,4,AB,B,1,stage.node_prune,4,5.4342e-05,5.3225e-05,0.005096919506714386
32,10,4,AB,B,1,stage.output_alloc,1,4.457e-06,4.182e-06,0.0004180370660157156
32,10,4,AB,B,1,stage.pivot_distance,2,0.000103371,0.000102755,0.009695514819634404
32,10,4,AB,B,1,stage.pivot_sort,2,0.00020229,0.000201695,0.01897346154012096
32,10,4,AB,B,1,stage.result_sort,1,0.00332254,0.003322328,0.3116322354318725
32,10,4,AB,B,1,stage.schedule,10,0.000125018,0.000122298,0.011725859977373285
32,10,4,AB,B,1,stage.threshold,2,1.9738e-05,1.9181e-05,0.0018512936075876587
32,10,4,AB,B,2,stage.aggregate,1,1.5485e-05,1.5207e-05,0.0014054319468250265
32,10,4,AB,B,2,stage.alloc_init,1,0.002115343,0.002115012,0.1919903539355952
32,10,4,AB,B,2,stage.candidates,1,9.7618e-05,9.7307e-05,0.008859893818867641
32,10,4,AB,B,2,stage.cleanup,1,0.003512339,0.003511921,0.31878291499383055
32,10,4,AB,B,2,stage.delivery,1,4.3043e-05,4.2761e-05,0.003906619779605399
32,10,4,AB,B,2,stage.leaf_distance,1,0.001295933,0.00129556,0.11761999607005469
32,10,4,AB,B,2,stage.node_plan,4,9.509e-05,9.3929e-05,0.008630450359934889
32,10,4,AB,B,2,stage.node_prune,4,5.4073e-05,5.2981e-05,0.004907712086578602
32,10,4,AB,B,2,stage.output_alloc,1,4.435e-06,4.145e-06,0.0004025244226134318
32,10,4,AB,B,2,stage.pivot_distance,2,0.000103144,0.000102591,0.009361438341835358
32,10,4,AB,B,2,stage.pivot_sort,2,0.000205078,0.000204143,0.018613056040747998
32,10,4,AB,B,2,stage.result_sort,1,0.003323899,0.003323659,0.30167993817370087
32,10,4,AB,B,2,stage.schedule,10,0.000123516,0.000120779,0.011210418620861475
32,10,4,AB,B,2,stage.threshold,2,2.0276e-05,1.9706e-05,0.0018402672362818361
32,10,4,AB,B,3,stage.aggregate,1,1.6415e-05,1.6145e-05,0.0014834856372562665
32,10,4,AB,B,3,stage.alloc_init,1,0.00211496,0.002114594,0.1911369347165101
32,10,4,AB,B,3,stage.candidates,1,9.7762e-05,9.7484e-05,0.008835121709987641
32,10,4,AB,B,3,stage.cleanup,1,0.003561725,0.003561423,0.3218865599364347
32,10,4,AB,B,3,stage.delivery,1,4.1423e-05,4.1123e-05,0.003743553186236145
32,10,4,AB,B,3,stage.leaf_distance,1,0.001290939,0.001290675,0.11666704021163372
32,10,4,AB,B,3,stage.node_plan,4,9.5209e-05,9.4064e-05,0.008604397443651043
32,10,4,AB,B,3,stage.node_prune,4,5.3343e-05,5.2239e-05,0.00482080867183436
32,10,4,AB,B,3,stage.output_alloc,1,5.126e-06,4.834e-06,0.0004632560083201719
32,10,4,AB,B,3,stage.pivot_distance,2,0.000103951,0.000103403,0.009394445048944633
32,10,4,AB,B,3,stage.pivot_sort,2,0.000201984,0.000201317,0.01825405805394881
32,10,4,AB,B,3,stage.result_sort,1,0.003329855,0.003329581,0.3009315910232084
32,10,4,AB,B,3,stage.schedule,10,0.000124223,0.000121543,0.011226502364720389
32,10,4,AB,B,3,stage.threshold,2,2.0617e-05,2.0074e-05,0.0018632362706861069
32,10,4,AB,B,4,stage.aggregate,1,1.5875e-05,1.5601e-05,0.0014299355452612205
32,10,4,AB,B,4,stage.alloc_init,1,0.00211781,0.002117502,0.19076105808564822
32,10,4,AB,B,4,stage.candidates,1,9.8994e-05,9.8675e-05,0.00891685287354893
32,10,4,AB,B,4,stage.cleanup,1,0.003596505,0.003596201,0.3239540370525799
32,10,4,AB,B,4,stage.delivery,1,4.0388e-05,4.0106e-05,0.0036379361765045783
32,10,4,AB,B,4,stage.leaf_distance,1,0.001291812,0.001291457,0.11635955254141657
32,10,4,AB,B,4,stage.node_plan,4,9.567e-05,9.4425e-05,0.008617444637174234
32,10,4,AB,B,4,stage.node_prune,4,5.4774e-05,5.3697e-05,0.004933750523221298
32,10,4,AB,B,4,stage.output_alloc,1,4.332e-06,4.054e-06,0.00039020351383128236
32,10,4,AB,B,4,stage.pivot_distance,2,0.000102852,0.000102301,0.009264360989052414
32,10,4,AB,B,4,stage.pivot_sort,2,0.000202003,0.000201413,0.018195355587363928
32,10,4,AB,B,4,stage.result_sort,1,0.003325169,0.003324959,0.29951353367563516
32,10,4,AB,B,4,stage.schedule,10,0.000122163,0.000119518,0.011003793134850172
32,10,4,AB,B,4,stage.threshold,2,2.6582e-05,2.6054e-05,0.0023943651441974026
32,10,4,AB,B,5,stage.aggregate,1,1.6223e-05,1.5953e-05,0.001481473228921265
32,10,4,AB,B,5,stage.alloc_init,1,0.002121048,0.002120693,0.19369264804641503
32,10,4,AB,B,5,stage.candidates,1,9.5963e-05,9.5684e-05,0.008763275316955641
32,10,4,AB,B,5,stage.cleanup,1,0.004481569,0.004481282,0.4092538061433425
32,10,4,AB,B,5,stage.delivery,1,4.0113e-05,3.9829e-05,0.0036630916372877216
32,10,4,AB,B,5,stage.leaf_distance,1,0.001291461,0.001291132,0.11793533241052123
32,10,4,AB,B,5,stage.node_plan,4,9.3654e-05,9.2514e-05,0.008552419021228636
32,10,4,AB,B,5,stage.node_prune,4,5.3232e-05,5.2151e-05,0.004861109715954927
32,10,4,AB,B,5,stage.output_alloc,1,4.2e-06,3.92e-06,0.00038354111825613713
32,10,4,AB,B,5,stage.pivot_distance,2,0.000101587,0.000101011,0.009276855138163382
32,10,4,AB,B,5,stage.pivot_sort,2,0.000200954,0.000200309,0.018350981399534234
32,10,4,AB,B,5,stage.result_sort,1,0.002300881,0.002300539,0.21011487421769026
32,10,4,AB,B,5,stage.schedule,10,0.000121735,0.000119069,0.011116756674026394
32,10,4,AB,B,5,stage.threshold,2,2.1034e-05,2.0491e-05,0.001920810447952283
32,10,4,AB,B,6,stage.aggregate,1,1.6247e-05,1.5963e-05,0.0014484488349512743
32,10,4,AB,B,6,stage.alloc_init,1,0.002107046,0.002106687,0.18784688397173283
32,10,4,AB,B,6,stage.candidates,1,0.000100847,9.9777e-05,0.008990688721507429
32,10,4,AB,B,6,stage.cleanup,1,0.003706573,0.003706214,0.33044754991763714
32,10,4,AB,B,6,stage.delivery,1,4.2938e-05,4.2662e-05,0.0038279987736282283
32,10,4,AB,B,6,stage.leaf_distance,1,0.00128982,0.001289443,0.11498973818531745
32,10,4,AB,B,6,stage.node_plan,4,9.8608e-05,9.7476e-05,0.008791077904651645
32,10,4,AB,B,6,stage.node_prune,4,5.4436e-05,5.3341e-05,0.0048530658447348786
32,10,4,AB,B,6,stage.output_alloc,1,4.859e-06,4.547e-06,0.000433188458732581
32,10,4,AB,B,6,stage.pivot_distance,2,0.000101631,0.000101092,0.009060583710527051
32,10,4,AB,B,6,stage.pivot_sort,2,0.000201201,0.000200541,0.017937425619562467
32,10,4,AB,B,6,stage.result_sort,1,0.003337542,0.003327192,0.2975477824522033
32,10,4,AB,B,6,stage.schedule,10,0.000125849,0.000123137,0.011219661317768385
32,10,4,AB,B,6,stage.threshold,2,2.045e-05,1.9894e-05,0.0018231537314429471
32,10,4,AB,B,7,stage.aggregate,1,1.5804e-05,1.5525e-05,0.0014637937506825063
32,10,4,AB,B,7,stage.alloc_init,1,0.002113124,0.002112732,0.1957211911931929
32,10,4,AB,B,7,stage.candidates,1,0.000100326,0.000100048,0.009292367238102577
32,10,4,AB,B,7,stage.cleanup,1,0.003300598,0.003300281,0.305707082125739
32,10,4,AB,B,7,stage.delivery,1,3.8284e-05,3.799e-05,0.0035459301411749603
32,10,4,AB,B,7,stage.leaf_distance,1,0.001290907,0.001290441,0.11956603387195028
32,10,4,AB,B,7,stage.node_plan,4,9.8528e-05,9.7248e-05,0.009125833375553404
32,10,4,AB,B,7,stage.node_prune,4,5.4124e-05,5.2984e-05,0.005013058273977473
32,10,4,AB,B,7,stage.output_alloc,1,4.832e-06,4.54e-06,0.0004475481778852107
32,10,4,AB,B,7,stage.pivot_distance,2,0.000101925,0.00010136,0.009440469377266164
32,10,4,AB,B,7,stage.pivot_sort,2,0.000202936,0.000202359,0.018796282497374407
32,10,4,AB,B,7,stage.result_sort,1,0.00332242,0.003322212,0.30772827342081577
32,10,4,AB,B,7,stage.schedule,10,0.000124649,0.000121948,0.011545205468794213
32,10,4,AB,B,7,stage.threshold,2,2.026e-05,1.9708e-05,0.0018765161597587684
32,10,5,BA,B,0,stage.aggregate,1,1.6411e-05,1.6142e-05,0.0014786828108687103
32,10,5,BA,B,0,stage.alloc_init,1,0.002120901,0.002120653,0.19109986303420018
32,10,5,BA,B,0,stage.candidates,1,9.768e-05,9.7401e-05,0.008801275788535472
32,10,5,BA,B,0,stage.cleanup,1,0.003591661,0.003591264,0.3236199733817271
32,10,5,BA,B,0,stage.delivery,1,4.0529e-05,4.025e-05,0.003651790606404117
32,10,5,BA,B,0,stage.leaf_distance,1,0.001289981,0.001289689,0.11623135281501615
32,10,5,BA,B,0,stage.node_plan,4,9.4652e-05,9.3489e-05,0.008528443447342953
32,10,5,BA,B,0,stage.node_prune,4,5.2506e-05,5.1397e-05,0.0047309560457907815
32,10,5,BA,B,0,stage.output_alloc,1,4.991e-06,4.696e-06,0.0004497048265825199
32,10,5,BA,B,0,stage.pivot_distance,2,0.000102512,0.000101961,0.009236654214110854
32,10,5,BA,B,0,stage.pivot_sort,2,0.00020173,0.000201143,0.01817650864886631
32,10,5,BA,B,0,stage.result_sort,1,0.00332702,0.003326746,0.2997749854010369
32,10,5,BA,B,0,stage.schedule,10,0.000125662,0.000122902,0.011322542159489603
32,10,5,BA,B,0,stage.threshold,2,2.1343e-05,2.0791e-05,0.0019230715515429215
32,10,5,BA,B,1,stage.aggregate,1,1.6253e-05,1.5972e-05,0.0014485396335523594
32,10,5,BA,B,1,stage.alloc_init,1,0.002114485,0.002114038,0.18845230585442452
32,10,5,BA,B,1,stage.candidates,1,9.6906e-05,9.6624e-05,0.008636693639883404
32,10,5,BA,B,1,stage.cleanup,1,0.003720917,0.003720549,0.33162466914777244
32,10,5,BA,B,1,stage.delivery,1,4.0129e-05,3.9843e-05,0.0035764749249260225
32,10,5,BA,B,1,stage.leaf_distance,1,0.001290421,0.001290016,0.11500805774123359
32,10,5,BA,B,1,stage.node_plan,4,9.5165e-05,9.3996e-05,0.008481527978035459
32,10,5,BA,B,1,stage.node_prune,4,5.3572e-05,5.2495e-05,0.0047745748630201815
32,10,5,BA,B,1,stage.output_alloc,1,4.642e-06,4.358e-06,0.00041371568196333313
32,10,5,BA,B,1,stage.pivot_distance,2,0.000102421,0.000101882,0.009128214963887667
32,10,5,BA,B,1,stage.pivot_sort,2,0.000199586,0.000198977,0.01778799183548768
32,10,5,BA,B,1,stage.result_sort,1,0.003334662,0.003334426,0.29719990595588375
32,10,5,BA,B,1,stage.schedule,10,0.000122821,0.000120102,0.010946353678246132
32,10,5,BA,B,1,stage.threshold,2,1.9668e-05,1.9118e-05,0.0017528996193138379
32,10,5,BA,B,2,stage.aggregate,1,1.4586e-05,1.4314e-05,0.0013143541057030496
32,10,5,BA,B,2,stage.alloc_init,1,0.002117916,0.002117508,0.1908468113351282
32,10,5,BA,B,2,stage.candidates,1,9.704e-05,9.6762e-05,0.008744338572427256
32,10,5,BA,B,2,stage.cleanup,1,0.003592902,0.00359252,0.3237587752014739
32,10,5,BA,B,2,stage.delivery,1,4.1095e-05,4.0821e-05,0.003703097626070672
32,10,5,BA,B,2,stage.leaf_distance,1,0.001292873,0.001292438,0.1165016410052529
32,10,5,BA,B,2,stage.node_plan,4,9.5656e-05,9.4545e-05,0.008619625417189834
32,10,5,BA,B,2,stage.node_prune,4,5.4159e-05,5.3061e-05,0.004880303305277079
32,10,5,BA,B,2,stage.output_alloc,1,5.015e-06,4.721e-06,0.00045190496641305325
32,10,5,BA,B,2,stage.pivot_distance,2,0.000101266,0.000100742,0.009125146227075623
32,10,5,BA,B,2,stage.pivot_sort,2,0.000204835,0.000204063,0.018457817307122183
32,10,5,BA,B,2,stage.result_sort,1,0.003324267,0.003324035,0.2995518977034938
32,10,5,BA,B,2,stage.schedule,10,0.000126462,0.000123766,0.011395574449158034
32,10,5,BA,B,2,stage.threshold,2,2.0289e-05,1.9737e-05,0.0018282552070896182
32,10,5,BA,B,3,stage.aggregate,1,1.6703e-05,1.6416e-05,0.001504086011783973
32,10,5,BA,B,3,stage.alloc_init,1,0.002130836,0.002130428,0.19187934029849216
32,10,5,BA,B,3,stage.candidates,1,9.842e-05,9.8128e-05,0.008862608230843479
32,10,5,BA,B,3,stage.cleanup,1,0.00359822,0.003597821,0.3240155881770537
32,10,5,BA,B,3,stage.delivery,1,4.1856e-05,4.1532e-05,0.0037690848415991127
32,10,5,BA,B,3,stage.leaf_distance,1,0.001293785,0.001293378,0.11650385683745001
32,10,5,BA,B,3,stage.node_plan,4,9.7866e-05,9.6546e-05,0.00881272116561398
32,10,5,BA,B,3,stage.node_prune,4,5.332e-05,5.2188e-05,0.004801404906203763
32,10,5,BA,B,3,stage.output_alloc,1,4.639e-06,4.347e-06,0.0004177366346564001
32,10,5,BA,B,3,stage.pivot_distance,2,0.000102256,0.000101707,0.009208035635573368
32,10,5,BA,B,3,stage.pivot_sort,2,0.000204754,0.000204174,0.018437863093864314
32,10,5,BA,B,3,stage.result_sort,1,0.003308215,0.003307981,0.29790097021336986
32,10,5,BA,B,3,stage.schedule,10,0.000125472,0.000122754,0.011298609834793671
32,10,5,BA,B,3,stage.threshold,2,2.0839e-05,2.0298e-05,0.001876528072775323
32,10,5,BA,B,4,stage.aggregate,1,1.5763e-05,1.5493e-05,0.0014418685401536104
32,10,5,BA,B,4,stage.alloc_init,1,0.00211168,0.002111255,0.19315897728044001
32,10,5,BA,B,4,stage.candidates,1,8.9495e-05,8.9205e-05,0.008186260546916662
32,10,5,BA,B,4,stage.cleanup,1,0.004479793,0.004479403,0.40977431917150053
32,10,5,BA,B,4,stage.delivery,1,4.0079e-05,3.9793e-05,0.0036660946026020776
32,10,5,BA,B,4,stage.leaf_distance,1,0.001290365,0.00128996,0.11803189106231766
32,10,5,BA,B,4,stage.node_plan,4,8.3347e-05,8.2214e-05,0.007623892483422125
32,10,5,BA,B,4,stage.node_prune,4,4.6482e-05,4.5369e-05,0.00425178795174904
32,10,5,BA,B,4,stage.output_alloc,1,4.265e-06,3.97e-06,0.0003901268365003583
32,10,5,BA,B,4,stage.pivot_distance,2,9.7572e-05,9.7014e-05,0.00892507753599366
32,10,5,BA,B,4,stage.pivot_sort,2,0.000197601,0.000196839,0.018074901059626565
32,10,5,BA,B,4,stage.result_sort,1,0.002344249,0.002343823,0.2144324610408273
32,10,5,BA,B,4,stage.schedule,10,0.000107642,0.000104973,0.009846197639993334
32,10,5,BA,B,4,stage.threshold,2,1.6432e-05,1.5895e-05,0.00150306311310056
32,10,5,BA,B,5,stage.aggregate,1,1.6204e-05,1.5932e-05,0.0014400786764287006
32,10,5,BA,B,5,stage.alloc_init,1,0.002119992,0.002119574,0.1884075088496318
32,10,5,BA,B,5,stage.candidates,1,9.7732e-05,9.7451e-05,0.008685618933888533
32,10,5,BA,B,5,stage.cleanup,1,0.003742952,0.003679595,0.3326428883051196
32,10,5,BA,B,5,stage.delivery,1,4.1429e-05,4.1145e-05,0.00368186987692944
32,10,5,BA,B,5,stage.leaf_distance,1,0.001293969,0.001293563,0.11499735650825535
32,10,5,BA,B,5,stage.node_plan,4,9.3946e-05,9.283e-05,0.008349150292259364
32,10,5,BA,B,5,stage.node_prune,4,5.3168e-05,5.2055e-05,0.004725135958304195
32,10,5,BA,B,5,stage.output_alloc,1,4.289e-06,3.992e-06,0.0003811711579364785
32,10,5,BA,B,5,stage.pivot_distance,2,0.000103265,0.000102712,0.009177346613268932
32,10,5,BA,B,5,stage.pivot_sort,2,0.000200111,0.000199491,0.017784225130759303
32,10,5,BA,B,5,stage.result_sort,1,0.003326866,0.003326452,0.2956645757797856
32,10,5,BA,B,5,stage.schedule,10,0.000124453,0.000121794,0.011060362349887751
32,10,5,BA,B,5,stage.threshold,2,2.6207e-05,2.548e-05,0.0023290633098720665
32,10,5,BA,B,6,stage.aggregate,1,1.562e-05,1.5338e-05,0.0015010882409244705
32,10,5,BA,B,6,stage.alloc_init,1,0.002096739,0.00209626,0.20149745564582158
32,10,5,BA,B,6,stage.candidates,1,8.9009e-05,8.8731e-05,0.008553800463280806
32,10,5,BA,B,6,stage.cleanup,1,0.003971125,0.003970739,0.3816266991511644
32,10,5,BA,B,6,stage.delivery,1,4.093e-05,4.0641e-05,0.0039333893534595765
32,10,5,BA,B,6,stage.leaf_distance,1,0.001290315,0.001289874,0.12399978704151461
32,10,5,BA,B,6,stage.node_plan,4,9.6639e-05,9.5333e-05,0.009287046511824578
32,10,5,BA,B,6,stage.node_prune,4,4.9872e-05,4.8786e-05,0.00479271912620904
32,10,5,BA,B,6,stage.output_alloc,1,5.876e-06,5.596e-06,0.0005646859477382964
32,10,5,BA,B,6,stage.pivot_distance,2,9.898e-05,9.8439e-05,0.009512017547164155
32,10,5,BA,B,6,stage.pivot_sort,2,0.000202683,0.00020209,0.01947791728138889
32,10,5,BA,B,6,stage.result_sort,1,0.002306207,0.002305923,0.22162741413813702
32,10,5,BA,B,6,stage.schedule,10,0.000117867,0.000115177,0.011327065793408744
32,10,5,BA,B,6,stage.threshold,2,1.6292e-05,1.5756e-05,0.0015656677094200687
32,10,5,BA,B,7,stage.aggregate,1,1.5907e-05,1.5637e-05,0.0013980411252776503
32,10,5,BA,B,7,stage.alloc_init,1,0.00211797,0.002117554,0.18614504068047433
32,10,5,BA,B,7,stage.candidates,1,9.8639e-05,9.8185e-05,0.008669226036101223
32,10,5,BA,B,7,stage.cleanup,1,0.00387426,0.00387389,0.34050259697103097
32,10,5,BA,B,7,stage.delivery,1,4.1427e-05,4.1145e-05,0.0036409536491404555
32,10,5,BA,B,7,stage.leaf_distance,1,0.001297329,0.001296921,0.11402019834131696
32,10,5,BA,B,7,stage.node_plan,4,9.4229e-05,9.3105e-05,0.008281638096044994
32,10,5,BA,B,7,stage.node_prune,4,5.3584e-05,5.2491e-05,0.004709413192737639
32,10,5,BA,B,7,stage.output_alloc,1,4.683e-06,4.392e-06,0.0004115814792025672
32,10,5,BA,B,7,stage.pivot_distance,2,0.000100504,9.9973e-05,0.008833137942723642
32,10,5,BA,B,7,stage.pivot_sort,2,0.000204244,0.000203603,0.01795068281833208
32,10,5,BA,B,7,stage.result_sort,1,0.003325242,0.003324984,0.2922502714214185
32,10,5,BA,B,7,stage.schedule,10,0.000123049,0.00012034,0.01081458241178661
32,10,5,BA,B,7,stage.threshold,2,2.0231e-05,1.9689e-05,0.0017780706610606742
32,10,5,BA,A,0,stage.aggregate,1,1.5846e-05,1.5572e-05,0.0014130706088536552
32,10,5,BA,A,0,stage.alloc_init,1,0.002105642,0.002105235,0.18777109825620522
32,10,5,BA,A,0,stage.candidates,1,9.9407e-05,9.9125e-05,0.008864641550821362
32,10,5,BA,A,0,stage.cleanup,1,0.001601273,0.001600869,0.14279387940495514
32,10,5,BA,A,0,stage.delivery,1,4.1668e-05,4.1392e-05,0.0037157532582174748
32,10,5,BA,A,0,stage.leaf_distance,1,0.003504941,0.00350453,0.31255390084981316
32,10,5,BA,A,0,stage.node_plan,4,8.7169e-05,8.6063e-05,0.007773315152288544
32,10,5,BA,A,0,stage.node_prune,4,4.9764e-05,4.8646e-05,0.004437715876498377
32,10,5,BA,A,0,stage.output_alloc,1,5.231e-06,4.943e-06,0.0004664755998304601
32,10,5,BA,A,0,stage.pivot_distance,2,9.9714e-05,9.9168e-05,0.008892018344770502
32,10,5,BA,A,0,stage.pivot_sort,2,0.000202755,0.000202019,0.01808072266175204
32,10,5,BA,A,0,stage.result_sort,1,0.003256454,0.003256007,0.2903950168171097
32,10,5,BA,A,0,stage.schedule,10,0.000113074,0.000110444,0.010083399345293335
32,10,5,BA,A,0,stage.threshold,2,1.9864e-05,1.9311e-05,0.0017713766612564058
32,10,5,BA,A,1,stage.aggregate,1,1.6647e-05,1.6377e-05,0.00154755460435842
32,10,5,BA,A,1,stage.alloc_init,1,0.002114543,0.002114125,0.1965742029052602
32,10,5,BA,A,1,stage.candidates,1,9.7118e-05,9.6836e-05,0.009028377969969427
32,10,5,BA,A,1,stage.cleanup,1,0.001425989,0.001425574,0.1325641762908908
32,10,5,BA,A,1,stage.delivery,1,4.1617e-05,4.1339e-05,0.0038688400294097655
32,10,5,BA,A,1,stage.leaf_distance,1,0.003511578,0.003511198,0.32644672928838425
32,10,5,BA,A,1,stage.node_plan,4,9.6925e-05,9.5714e-05,0.009010436116263584
32,10,5,BA,A,1,stage.node_prune,4,5.2473e-05,5.1368e-05,0.004878046059620314
32,10,5,BA,A,1,stage.output_alloc,1,4.806e-06,4.515e-06,0.0004467800461672714
32,10,5,BA,A,1,stage.pivot_distance,2,0.000102491,0.000101946,0.009527868021583398
32,10,5,BA,A,1,stage.pivot_sort,2,0.000207948,0.000207185,0.019331464219806856
32,10,5,BA,A,1,stage.result_sort,1,0.002923973,0.002923737,0.2718212217918966
32,10,5,BA,A,1,stage.schedule,10,0.000129659,0.000126946,0.012053486060341708
32,10,5,BA,A,1,stage.threshold,2,2.1039e-05,2.0489e-05,0.001955847979882069
32,10,5,BA,A,2,stage.aggregate,1,1.6432e-05,1.6152e-05,0.0014740712552696344
32,10,5,BA,A,2,stage.alloc_init,1,0.00210683,0.002106462,0.18899814646663363
32,10,5,BA,A,2,stage.candidates,1,9.7659e-05,9.7378e-05,0.008760730569521495
32,10,5,BA,A,2,stage.cleanup,1,0.001541266,0.001540977,0.13826289601536076
32,10,5,BA,A,2,stage.delivery,1,4.1257e-05,4.0982e-05,0.003701056339986569
32,10,5,BA,A,2,stage.leaf_distance,1,0.003511203,0.003510831,0.314980733551394
32,10,5,BA,A,2,stage.node_plan,4,8.5612e-05,8.4489e-05,0.007680026065369033
32,10,5,BA,A,2,stage.node_prune,4,4.8983e-05,4.7893e-05,0.004394135363733721
32,10,5,BA,A,2,stage.output_alloc,1,4.592e-06,4.32e-06,0.00041193617357583747
32,10,5,BA,A,2,stage.pivot_distance,2,9.9325e-05,9.8784e-05,0.008910183022739559
32,10,5,BA,A,2,stage.pivot_sort,2,0.000201302,0.000200542,0.01805826995060175
32,10,5,BA,A,2,stage.result_sort,1,0.003255319,0.003254929,0.2920260567571258
32,10,5,BA,A,2,stage.schedule,10,0.000109397,0.000106773,0.009813715501018267
32,10,5,BA,A,2,stage.threshold,2,1.9154e-05,1.86e-05,0.0017182546752333603
32,10,5,BA,A,3,stage.aggregate,1,1.5722e-05,1.5453e-05,0.001459405199091571
32,10,5,BA,A,3,stage.alloc_init,1,0.002120907,0.002120466,0.1968746153536259
32,10,5,BA,A,3,stage.candidates,1,9.926e-05,9.8967e-05,0.009213876101121315
32,10,5,BA,A,3,stage.cleanup,1,0.001415892,0.001415586,0.1314311249301719
32,10,5,BA,A,3,stage.delivery,1,3.6751e-05,3.6462e-05,0.003411436234055103
32,10,5,BA,A,3,stage.leaf_distance,1,0.00351181,0.003511416,0.3259861195917676
32,10,5,BA,A,3,stage.node_plan,4,9.3528e-05,9.2367e-05,0.008681799355084369
32,10,5,BA,A,3,stage.node_prune,4,5.4007e-05,5.2907e-05,0.005013236012424531
32,10,5,BA,A,3,stage.output_alloc,1,4.377e-06,4.096e-06,0.00040629796186387264
32,10,5,BA,A,3,stage.pivot_distance,2,0.000103035,0.000102496,0.009564293009057373
32,10,5,BA,A,3,stage.pivot_sort,2,0.000201509,0.000200913,0.018705208132791206
32,10,5,BA,A,3,stage.result_sort,1,0.002962172,0.002961946,0.27496560344761967
32,10,5,BA,A,3,stage.schedule,10,0.000123168,0.000120508,0.011433152242826015
32,10,5,BA,A,3,stage.threshold,2,2.2737e-05,2.2024e-05,0.002110577280991289
32,10,5,BA,A,4,stage.aggregate,1,1.6416e-05,1.614e-05,0.001484074808725123
32,10,5,BA,A,4,stage.alloc_init,1,0.002117489,0.002117051,0.19142982959628121
32,10,5,BA,A,4,stage.candidates,1,9.8591e-05,9.8305e-05,0.008913037248234565
32,10,5,BA,A,4,stage.cleanup,1,0.001472502,0.001472083,0.13312031700763655
32,10,5,BA,A,4,stage.delivery,1,4.0174e-05,3.9891e-05,0.0036318970130191945
32,10,5,BA,A,4,stage.leaf_distance,1,0.003514461,0.003514207,0.3177219198554401
32,10,5,BA,A,4,stage.node_plan,4,9.4288e-05,9.3172e-05,0.008524028116780848
32,10,5,BA,A,4,stage.node_prune,4,5.2761e-05,5.1657e-05,0.004769814265542533
32,10,5,BA,A,4,stage.output_alloc,1,4.568e-06,4.282e-06,0.00041296623576123065
32,10,5,BA,A,4,stage.pivot_distance,2,0.000100963,0.000100397,0.00912747593282862
32,10,5,BA,A,4,stage.pivot_sort,2,0.000205421,0.000204666,0.018570914430014834
32,10,5,BA,A,4,stage.result_sort,1,0.003190444,0.003190106,0.28842943281239136
32,10,5,BA,A,4,stage.schedule,10,0.000124622,0.000121936,0.01126634812457007
32,10,5,BA,A,4,stage.threshold,2,2.0949e-05,2.0393e-05,0.0018938768986344178
32,10,5,BA,A,5,stage.aggregate,1,1.6997e-05,1.6566e-05,0.001524625158566578
32,10,5,BA,A,5,stage.alloc_init,1,0.002120527,0.002120126,0.19021055560508973
32,10,5,BA,A,5,stage.candidates,1,9.8744e-05,9.8467e-05,0.008857303445166687
32,10,5,BA,A,5,stage.cleanup,1,0.001526554,0.001526129,0.1369313781438162
32,10,5,BA,A,5,stage.delivery,1,4.0715e-05,4.0437e-05,0.0036521217468399258
32,10,5,BA,A,5,stage.leaf_distance,1,0.003512784,0.003512416,0.3150955382132222
32,10,5,BA,A,5,stage.node_plan,4,9.4636e-05,9.3508e-05,0.008488817232812066
32,10,5,BA,A,5,stage.node_prune,4,5.4532e-05,5.3429e-05,0.004891501979581846
32,10,5,BA,A,5,stage.output_alloc,1,4.182e-06,3.894e-06,0.0003751239873580884
32,10,5,BA,A,5,stage.pivot_distance,2,0.000101575,0.000101024,0.0091112431888804
32,10,5,BA,A,5,stage.pivot_sort,2,0.000211716,0.00021093,0.0189908536842432
32,10,5,BA,A,5,stage.result_sort,1,0.003216624,0.003216232,0.2885300862534012
32,10,5,BA,A,5,stage.schedule,10,0.000121641,0.000118998,0.010911156610766436
32,10,5,BA,A,5,stage.threshold,2,1.968e-05,1.9135e-05,0.0017652893522733574
32,10,5,BA,A,6,stage.aggregate,1,1.6436e-05,1.6157e-05,0.0015164113050695521
32,10,5,BA,A,6,stage.alloc_init,1,0.002112719,0.002112271,0.19492278997537352
32,10,5,BA,A,6,stage.candidates,1,9.7029e-05,9.6745e-05,0.008952048705256363
32,10,5,BA,A,6,stage.cleanup,1,0.001500566,0.001500109,0.13844458788044522
32,10,5,BA,A,6,stage.delivery,1,4.0712e-05,4.042e-05,0.00375615338598148
32,10,5,BA,A,6,stage.leaf_distance,1,0.003514924,0.00351453,0.324292436727932
32,10,5,BA,A,6,stage.node_plan,4,0.00010059,9.9471e-05,0.009280592186477626
32,10,5,BA,A,6,stage.node_prune,4,5.2883e-05,5.1791e-05,0.004879069058529638
32,10,5,BA,A,6,stage.output_alloc,1,5.259e-06,4.967e-06,0.00048520364160141004
32,10,5,BA,A,6,stage.pivot_distance,2,0.000101578,0.000100997,0.009371746626086332
32,10,5,BA,A,6,stage.pivot_sort,2,0.000206268,0.000205481,0.019030611284624386
32,10,5,BA,A,6,stage.result_sort,1,0.002932081,0.002931831,0.270518421500343
32,10,5,BA,A,6,stage.schedule,10,0.000127509,0.00012493,0.011764181619500701
32,10,5,BA,A,6,stage.threshold,2,2.1504e-05,2.096e-05,0.0019839929851676597
32,10,5,BA,A,7,stage.aggregate,1,1.5925e-05,1.563e-05,0.0014136594926147498
32,10,5,BA,A,7,stage.alloc_init,1,0.002113245,0.002112848,0.18759239274541017
32,10,5,BA,A,7,stage.candidates,1,9.8397e-05,9.8125e-05,0.008734684652735544
32,10,5,BA,A,7,stage.cleanup,1,0.00189985,0.001632867,0.16864935554437252
32,10,5,BA,A,7,stage.delivery,1,4.2619e-05,4.2345e-05,0.003783281250596422
32,10,5,BA,A,7,stage.leaf_distance,1,0.003508645,0.003508284,0.3114618091343974
32,10,5,BA,A,7,stage.node_plan,4,9.463e-05,9.3479e-05,0.008400288714984851
32,10,5,BA,A,7,stage.node_prune,4,5.4072e-05,5.2962e-05,0.004799962077529968
32,10,5,BA,A,7,stage.output_alloc,1,4.394e-06,4.123e-06,0.0003900546191867636
32,10,5,BA,A,7,stage.pivot_distance,2,0.000100659,9.9935e-05,0.008935482001074291
32,10,5,BA,A,7,stage.pivot_sort,2,0.000200408,0.000199854,0.017790183459713456
32,10,5,BA,A,7,stage.result_sort,1,0.002981308,0.002594225,0.2646501949518552
32,10,5,BA,A,7,stage.schedule,10,0.000122805,0.000120175,0.010901378586534024
32,10,5,BA,A,7,stage.threshold,2,1.9664e-05,1.9118e-05,0.0017455698752135913
32,100,0,AB,A,0,stage.aggregate,1,0.000289728,0.000289287,0.015669467518364413
32,100,0,AB,A,0,stage.alloc_init,1,0.005172938,0.005172521,0.27976993582088366
32,100,0,AB,A,0,stage.candidates,1,0.000156833,0.000156483,0.008482057651685878
32,100,0,AB,A,0,stage.cleanup,1,0.001482216,0.001481787,0.08016324092666234
32,100,0,AB,A,0,stage.delivery,1,4.7704e-05,4.741e-05,0.0025799932298433566
32,100,0,AB,A,0,stage.leaf_distance,1,0.003752135,0.003751775,0.2029281170857434
32,100,0,AB,A,0,stage.node_plan,4,0.000105036,0.000103786,0.005680701175788756
32,100,0,AB,A,0,stage.node_prune,4,0.00010078,9.965e-05,0.005450522339921463
32,100,0,AB,A,0,stage.output_alloc,1,6.329e-06,6.007e-06,0.0003422936682810373
32,100,0,AB,A,0,stage.pivot_distance,2,0.000199003,0.000198352,0.010762753494854048
32,100,0,AB,A,0,stage.pivot_sort,2,0.000209498,0.000208926,0.011330358495424356
32,100,0,AB,A,0,stage.result_sort,1,0.001950904,0.001950622,0.10551146889305558
32,100,0,AB,A,0,stage.schedule,10,0.004577958,0.003170695,0.24759141050031933
32,100,0,AB,A,0,stage.threshold,2,0.000425784,0.000425211,0.023027834927377658
32,100,0,AB,A,1,stage.aggregate,1,0.000286481,0.000286218,0.0158828351160896
32,100,0,AB,A,1,stage.alloc_init,1,0.005153459,0.00515307,0.28571367586167323
32,100,0,AB,A,1,stage.candidates,1,0.00012358,0.00012331,0.0068514168955231
32,100,0,AB,A,1,stage.cleanup,1,0.001528617,0.001528172,0.08474827917611129
32,100,0,AB,A,1,stage.delivery,1,4.0446e-05,4.0163e-05,0.0022423726149565244
32,100,0,AB,A,1,stage.leaf_distance,1,0.003762137,0.003761764,0.2085771889065592
32,100,0,AB,A,1,stage.node_plan,4,0.000101589,0.000100405,0.005632210640874706
32,100,0,AB,A,1,stage.node_prune,4,0.000112461,0.00011123,0.0062349667865951065
32,100,0,AB,A,1,stage.output_alloc,1,5.912e-06,5.587e-06,0.0003277680586367743
32,100,0,AB,A,1,stage.pivot_distance,2,0.001327046,0.000665993,0.0735729518169311
32,100,0,AB,A,1,stage.pivot_sort,2,0.00020871,0.000208111,0.011571121704682198
32,100,0,AB,A,1,stage.result_sort,1,0.002186873,0.002186614,0.12124274656549028
32,100,0,AB,A,1,stage.schedule,10,0.003166589,0.003163575,0.1755593249375109
32,100,0,AB,A,1,stage.threshold,2,2.1688e-05,2.1124e-05,0.0012024075872317929
32,100,0,AB,A,2,stage.aggregate,1,0.000286402,0.000286123,0.016849126013580514
32,100,0,AB,A,2,stage.alloc_init,1,0.003055424,0.003054968,0.17975162184942226
32,100,0,AB,A,2,stage.candidates,1,0.000513729,0.000513241,0.03022284990269168
32,100,0,AB,A,2,stage.cleanup,1,0.001603145,0.001602707,0.0943135596924656
32,100,0,AB,A,2,stage.delivery,1,4.7617e-05,4.7338e-05,0.0028013241296801815
32,100,0,AB,A,2,stage.leaf_distance,1,0.003763122,0.003762718,0.22138573327866817
32,100,0,AB,A,2,stage.node_plan,4,0.000103305,0.000102053,0.0060774679046687345
32,100,0,AB,A,2,stage.node_prune,4,5.5063e-05,5.397e-05,0.003239374814721209
32,100,0,AB,A,2,stage.output_alloc,1,5.967e-06,5.676e-06,0.00035104061746438545
32,100,0,AB,A,2,stage.pivot_distance,2,0.000100375,9.984e-05,0.005905095018935426
32,100,0,AB,A,2,stage.pivot_sort,2,0.000208069,0.000207461,0.012240769270185557
32,100,0,AB,A,2,stage.result_sort,1,0.00220169,0.002201406,0.12952616340961334
32,100,0,AB,A,2,stage.schedule,10,0.00502217,0.00501899,0.29545595069735425
32,100,0,AB,A,2,stage.threshold,2,2.0196e-05,1.965e-05,0.001188137474494843
32,100,0,AB,A,3,stage.aggregate,1,0.000286573,0.00028624,0.017309641091909987
32,100,0,AB,A,3,stage.alloc_init,1,0.003044847,0.003044436,0.18391547267111294
32,100,0,AB,A,3,stage.candidates,1,0.000518294,0.000517822,0.03130610043545762
32,100,0,AB,A,3,stage.cleanup,1,0.001450335,0.0014499,0.08760343198080515
32,100,0,AB,A,3,stage.delivery,1,4.7654e-05,4.7365e-05,0.0028784066768114186
32,100,0,AB,A,3,stage.leaf_distance,1,0.003767617,0.003767244,0.22757237437504105
32,100,0,AB,A,3,stage.node_plan,4,0.000100858,9.972e-05,0.006092045591342721
32,100,0,AB,A,3,stage.node_prune,4,5.4141e-05,5.3058e-05,0.0032702357806112187
32,100,0,AB,A,3,stage.output_alloc,1,5.529e-06,5.216e-06,0.00033396379141499837
32,100,0,AB,A,3,stage.pivot_distance,2,0.000103264,0.00010271,0.006237373296559666
32,100,0,AB,A,3,stage.pivot_sort,2,0.000205523,0.000204902,0.012414042377099784
32,100,0,AB,A,3,stage.result_sort,1,0.00190693,0.001906642,0.11518277677030256
32,100,0,AB,A,3,stage.schedule,10,0.005033538,0.005030448,0.30403679412397683
32,100,0,AB,A,3,stage.threshold,2,1.9886e-05,1.9315e-05,0.0012011582485220939
32,100,0,AB,A,4,stage.aggregate,1,0.000286246,0.000285959,0.01682190638321079
32,100,0,AB,A,4,stage.alloc_init,1,0.003054944,0.003054504,0.17953083003413675
32,100,0,AB,A,4,stage.candidates,1,0.000118916,0.000118421,0.006988373005966527
32,100,0,AB,A,4,stage.cleanup,1,0.001521553,0.001521109,0.08941757133058113
32,100,0,AB,A,4,stage.delivery,1,4.6341e-05,4.6054e-05,0.0027233357451435874
32,100,0,AB,A,4,stage.leaf_distance,1,0.003768939,0.003768514,0.22149039295582154
32,100,0,AB,A,4,stage.node_plan,4,0.000101513,0.000100361,0.005965645572964783
32,100,0,AB,A,4,stage.node_prune,4,5.2028e-05,5.0949e-05,0.0030575454165497197
32,100,0,AB,A,4,stage.output_alloc,1,6.394e-06,6.098e-06,0.00037575815701966075
32,100,0,AB,A,4,stage.pivot_distance,2,0.000103041,0.000102469,0.006055442017119622
32,100,0,AB,A,4,stage.pivot_sort,2,0.000207025,0.000206242,0.01216630160415941
32,100,0,AB,A,4,stage.result_sort,1,0.002201311,0.002200874,0.12936511798359498
32,100,0,AB,A,4,stage.schedule,10,0.00551495,0.00551206,0.3240987563427554
32,100,0,AB,A,4,stage.threshold,2,2.1603e-05,2.105e-05,0.0012695501198147843
32,100,0,AB,A,5,stage.aggregate,1,0.000264869,0.000264603,0.014844093001589273
32,100,0,AB,A,5,stage.alloc_init,1,0.003060729,0.003060298,0.17153289334977415
32,100,0,AB,A,5,stage.candidates,1,0.000511743,0.000511257,0.02867968952543446
32,100,0,AB,A,5,stage.cleanup,1,0.001515423,0.001514986,0.08492907795456403
32,100,0,AB,A,5,stage.delivery,1,4.7071e-05,4.6785e-05,0.0026380070966319524
32,100,0,AB,A,5,stage.leaf_distance,1,0.00376487,0.003764465,0.21099517277934907
32,100,0,AB,A,5,stage.node_plan,4,0.000104106,0.000102904,0.005834428136261521
32,100,0,AB,A,5,stage.node_prune,4,5.4786e-05,5.3634e-05,0.0030703799960926717
32,100,0,AB,A,5,stage.output_alloc,1,5.789e-06,5.486e-06,0.0003244337932570452
32,100,0,AB,A,5,stage.pivot_distance,2,0.000102422,0.000101874,0.005740051472270354
32,100,0,AB,A,5,stage.pivot_sort,2,0.000206139,0.000205579,0.011552678823322515
32,100,0,AB,A,5,stage.result_sort,1,0.002196482,0.002196057,0.12309776940418399
32,100,0,AB,A,5,stage.schedule,10,0.005977915,0.005263363,0.33502118487099486
32,100,0,AB,A,5,stage.threshold,2,1.9992e-05,1.9433e-05,0.0011204146475720933
32,100,0,AB,A,6,stage.aggregate,1,5.7213e-05,5.6932e-05,0.005092231216651017
32,100,0,AB,A,6,stage.alloc_init,1,0.001967282,0.001966834,0.17509752700182904
32,100,0,AB,A,6,stage.candidates,1,9.7105e-05,9.6819e-05,0.008642810415340867
32,100,0,AB,A,6,stage.cleanup,1,0.001764688,0.001764264,0.1570656899874058
32,100,0,AB,A,6,stage.delivery,1,4.4272e-05,4.3982e-05,0.003940420191627319
32,100,0,AB,A,6,stage.leaf_distance,1,0.003785613,0.003785209,0.336937701095204
32,100,0,AB,A,6,stage.node_plan,4,9.7941e-05,9.6798e-05,0.008717218422212037
32,100,0,AB,A,6,stage.node_prune,4,5.3268e-05,5.2167e-05,0.004741107308628569
32,100,0,AB,A,6,stage.output_alloc,1,6.979e-06,6.691e-06,0.0006211644497056166
32,100,0,AB,A,6,stage.pivot_distance,2,0.000103208,0.000102664,0.009186006666458989
32,100,0,AB,A,6,stage.pivot_sort,2,0.000205254,0.000204624,0.01826858976355877
32,100,0,AB,A,6,stage.result_sort,1,0.002885638,0.002885243,0.25683561259773835
32,100,0,AB,A,6,stage.schedule,10,0.000134008,0.000131288,0.01192735428802841
32,100,0,AB,A,6,stage.threshold,2,2.1395e-05,2.083e-05,0.0019042575442687589
32,100,0,AB,A,7,stage.aggregate,1,5.6527e-05,5.6252e-05,0.005053704607671167
32,100,0,AB,A,7,stage.alloc_init,1,0.002006207,0.002005784,0.1793616777795062
32,100,0,AB,A,7,stage.candidates,1,9.7314e-05,9.7031e-05,0.0087002000847544
32,100,0,AB,A,7,stage.cleanup,1,0.001479014,0.001478587,0.13222884403223528
32,100,0,AB,A,7,stage.delivery,1,4.5495e-05,4.5218e-05,0.004067406569002419
32,100,0,AB,A,7,stage.leaf_distance,1,0.003782783,0.003782406,0.3381935690363925
32,100,0,AB,A,7,stage.node_plan,4,9.6374e-05,9.5221e-05,0.008616160911771384
32,100,0,AB,A,7,stage.node_prune,4,5.5129e-05,5.3865e-05,0.00492871868870281
32,100,0,AB,A,7,stage.output_alloc,1,5.823e-06,5.512e-06,0.0005205958556171247
32,100,0,AB,A,7,stage.pivot_distance,2,0.000102176,0.000101622,0.009134879296502718
32,100,0,AB,A,7,stage.pivot_sort,2,0.000201608,0.000201017,0.018024435730595444
32,100,0,AB,A,7,stage.result_sort,1,0.003096497,0.003096107,0.2768372840684973
32,100,0,AB,A,7,stage.schedule,10,0.00013064,0.000127873,0.01167965697712883
32,100,0,AB,A,7,stage.threshold,2,1.9724e-05,1.9182e-05,0.0017633921786350964
32,100,0,AB,B,0,stage.aggregate,1,0.00029269,0.00029222,0.017522186048510874
32,100,0,AB,B,0,stage.alloc_init,1,0.005173277,0.00517272,0.3097035159195128
32,100,0,AB,B,0,stage.candidates,1,0.000238191,0.000237725,0.014259547702623438
32,100,0,AB,B,0,stage.cleanup,1,0.001760783,0.001760371,0.10541107423231105
32,100,0,AB,B,0,stage.delivery,1,4.4295e-05,4.4011e-05,0.0026517654549823677
32,100,0,AB,B,0,stage.leaf_distance,1,0.001383102,0.001382688,0.08280081508786595
32,100,0,AB,B,0,stage.node_plan,4,0.000103067,0.000101927,0.00617021131388797
32,100,0,AB,B,0,stage.node_prune,4,9.9596e-05,9.828e-05,0.005962416350703778
32,100,0,AB,B,0,stage.output_alloc,1,6.247e-06,5.944e-06,0.00037398304091375664
32,100,0,AB,B,0,stage.pivot_distance,2,0.000310096,0.00030944,0.018564214031565916
32,100,0,AB,B,0,stage.pivot_sort,2,0.000203278,0.00020253,0.012169445268267427
32,100,0,AB,B,0,stage.result_sort,1,0.002016172,0.002015876,0.12070019778536427
32,100,0,AB,B,0,stage.schedule,10,0.004613914,0.003183792,0.2762166781230278
32,100,0,AB,B,0,stage.threshold,2,0.000446667,0.000446018,0.026740176554478138
32,100,0,AB,B,1,stage.aggregate,1,0.000269375,0.000268893,0.0178305217758412
32,100,0,AB,B,1,stage.alloc_init,1,0.00515825,0.005157909,0.3414358754533007
32,100,0,AB,B,1,stage.candidates,1,0.000121245,0.00012097,0.008025472344173981
32,100,0,AB,B,1,stage.cleanup,1,0.001455169,0.001454789,0.09632082614210326
32,100,0,AB,B,1,stage.delivery,1,4.7313e-05,4.7017e-05,0.003131751189903943
32,100,0,AB,B,1,stage.leaf_distance,1,0.001389168,0.001388692,0.09195207526422931
32,100,0,AB,B,1,stage.node_plan,4,0.000101593,0.00010044,0.006724663382916139
32,100,0,AB,B,1,stage.node_prune,4,0.000112733,0.000111593,0.007462044404105452
32,100,0,AB,B,1,stage.output_alloc,1,7.111e-06,6.801e-06,0.000470692678786104
32,100,0,AB,B,1,stage.pivot_distance,2,0.001123635,0.000666666,0.07437586389084855
32,100,0,AB,B,1,stage.pivot_sort,2,0.000208913,0.000208293,0.013828409450603481
32,100,0,AB,B,1,stage.result_sort,1,0.001948872,0.001948621,0.12900011001142345
32,100,0,AB,B,1,stage.schedule,10,0.0031327,0.003129913,0.20736028052780595
32,100,0,AB,B,1,stage.threshold,2,1.88e-05,1.8245e-05,0.0012444132134972234
32,100,0,AB,B,2,stage.aggregate,1,0.000267839,0.000267299,0.018530243970003364
32,100,0,AB,B,2,stage.alloc_init,1,0.003052819,0.003052366,0.2112070343238352
32,100,0,AB,B,2,stage.candidates,1,0.000506281,0.000505975,0.035026678143874765
32,100,0,AB,B,2,stage.cleanup,1,0.001695811,0.001695367,0.11732343518686739
32,100,0,AB,B,2,stage.delivery,1,4.6114e-05,4.5836e-05,0.003190363130211564
32,100,0,AB,B,2,stage.leaf_distance,1,0.001388664,0.001388242,0.09607369618450169
32,100,0,AB,B,2,stage.node_plan,4,0.000101801,0.000100685,0.007043027215567234
32,100,0,AB,B,2,stage.node_prune,4,5.4732e-05,5.3595e-05,0.0037865931136474673
32,100,0,AB,B,2,stage.output_alloc,1,6.205e-06,5.904e-06,0.0004292883554443933
32,100,0,AB,B,2,stage.pivot_distance,2,0.00010428,0.000103728,0.007214535004954285
32,100,0,AB,B,2,stage.pivot_sort,2,0.000207866,0.00020706,0.014381056130991823
32,100,0,AB,B,2,stage.result_sort,1,0.001971914,0.001971645,0.1364254179110033
32,100,0,AB,B,2,stage.schedule,10,0.00501817,0.005015176,0.34717839591303645
32,100,0,AB,B,2,stage.threshold,2,2.0515e-05,1.994e-05,0.0014193151671138967
32,100,0,AB,B,3,stage.aggregate,1,0.000268203,0.000267945,0.018342016514605847
32,100,0,AB,B,3,stage.alloc_init,1,0.00306355,0.003063123,0.20951176792698345
32,100,0,AB,B,3,stage.candidates,1,0.000506265,0.000505945,0.03462273349204494
32,100,0,AB,B,3,stage.cleanup,1,0.001611602,0.001611179,0.11021513741073669
32,100,0,AB,B,3,stage.delivery,1,4.7242e-05,4.6962e-05,0.0032308122734757234
32,100,0,AB,B,3,stage.leaf_distance,1,0.001388653,0.001388243,0.09496797671561076
32,100,0,AB,B,3,stage.node_plan,4,0.000103837,0.000102451,0.007101262733180193
32,100,0,AB,B,3,stage.node_prune,4,5.359e-05,5.2459e-05,0.0036649428418687614
32,100,0,AB,B,3,stage.output_alloc,1,6.311e-06,6.01e-06,0.0004316001917341622
32,100,0,AB,B,3,stage.pivot_distance,2,0.000102791,0.000102245,0.007029728301148196
32,100,0,AB,B,3,stage.pivot_sort,2,0.00020446,0.000203816,0.013982724639829948
32,100,0,AB,B,3,stage.result_sort,1,0.002211145,0.002210546,0.1512170188483654
32,100,0,AB,B,3,stage.schedule,10,0.005021672,0.005018528,0.34342490857646546
32,100,0,AB,B,3,stage.threshold,2,2.1385e-05,2.0825e-05,0.001462489320271757
32,100,0,AB,B,4,stage.aggregate,1,0.000267228,0.00026681,0.018366867223938207
32,100,0,AB,B,4,stage.alloc_init,1,0.003063059,0.003062631,0.21052733228587178
32,100,0,AB,B,4,stage.candidates,1,0.000121152,0.000120857,0.008326906977990935
32,100,0,AB,B,4,stage.cleanup,1,0.001481262,0.001480816,0.1018087269218239
32,100,0,AB,B,4,stage.delivery,1,4.5818e-05,4.5535e-05,0.00314912031099436
32,100,0,AB,B,4,stage.leaf_distance,1,0.001382848,0.001382436,0.09504462708581625
32,100,0,AB,B,4,stage.node_plan,4,0.000102823,0.000101645,0.007067135137661467
32,100,0,AB,B,4,stage.node_prune,4,5.468e-05,5.3508e-05,0.0037582150815219256
32,100,0,AB,B,4,stage.output_alloc,1,5.887e-06,5.588e-06,0.00040461982781491546
32,100,0,AB,B,4,stage.pivot_distance,2,0.000101647,0.00010106,0.006986307395600936
32,100,0,AB,B,4,stage.pivot_sort,2,0.000205301,0.000204712,0.014110558055075583
32,100,0,AB,B,4,stage.result_sort,1,0.002152963,0.002152676,0.1479754575083886
32,100,0,AB,B,4,stage.schedule,10,0.005533659,0.005530241,0.38033432168616566
32,100,0,AB,B,4,stage.threshold,2,2.0285e-05,1.9724e-05,0.001394209819470963
32,100,0,AB,B,5,stage.aggregate,1,0.000254161,0.000253882,0.0164985861424236
32,100,0,AB,B,5,stage.alloc_init,1,0.003065446,0.003064969,0.19899010822253554
32,100,0,AB,B,5,stage.candidates,1,0.000506412,0.000506076,0.03287318670274755
32,100,0,AB,B,5,stage.cleanup,1,0.001692402,0.001691985,0.10986044351655049
32,100,0,AB,B,5,stage.delivery,1,4.5334e-05,4.5035e-05,0.0029428075282227862
32,100,0,AB,B,5,stage.leaf_distance,1,0.001385568,0.001385156,0.08994264660662173
32,100,0,AB,B,5,stage.node_plan,4,9.8196e-05,9.701e-05,0.00637428702610325
32,100,0,AB,B,5,stage.node_prune,4,5.3962e-05,5.284e-05,0.003502884806943089
32,100,0,AB,B,5,stage.output_alloc,1,6.186e-06,5.867e-06,0.000401557492601274
32,100,0,AB,B,5,stage.pivot_distance,2,0.000103135,0.000102439,0.0066948968637944375
32,100,0,AB,B,5,stage.pivot_sort,2,0.000204206,0.000203621,0.013255811402220458
32,100,0,AB,B,5,stage.result_sort,1,0.001971989,0.001971682,0.128009530920998
32,100,0,AB,B,5,stage.schedule,10,0.005986652,0.005268469,0.38861703300944106
32,100,0,AB,B,5,stage.threshold,2,1.9797e-05,1.9244e-05,0.0012851008213752703
32,100,0,AB,B,6,stage.aggregate,1,5.5551e-05,5.527e-05,0.0050426053905979025
32,100,0,AB,B,6,stage.alloc_init,1,0.001979053,0.00197864,0.1796472309423584
32,100,0,AB,B,6,stage.candidates,1,9.4863e-05,9.4579e-05,0.00861112626538296
32,100,0,AB,B,6,stage.cleanup,1,0.003601288,0.003600873,0.3269045432466659
32,100,0,AB,B,6,stage.delivery,1,4.5348e-05,4.5054e-05,0.004116434794204131
32,100,0,AB,B,6,stage.leaf_distance,1,0.001387104,0.001386723,0.12591345084192745
32,100,0,AB,B,6,stage.node_plan,4,0.000100643,9.9505e-05,0.009135801953627202
32,100,0,AB,B,6,stage.node_prune,4,5.4199e-05,5.3074e-05,0.004919878482205824
32,100,0,AB,B,6,stage.output_alloc,1,6.57e-06,6.271e-06,0.0005963874172603233
32,100,0,AB,B,6,stage.pivot_distance,2,0.000100968,0.000100425,0.009165303614298374
32,100,0,AB,B,6,stage.pivot_sort,2,0.000201519,0.000200915,0.01829275432859712
32,100,0,AB,B,6,stage.result_sort,1,0.003231065,0.00319545,0.29329779457385485
32,100,0,AB,B,6,stage.schedule,10,0.000127379,0.000124601,0.011562744721948664
32,100,0,AB,B,6,stage.threshold,2,2.0598e-05,1.9868e-05,0.0018697698661686666
32,100,0,AB,B,7,stage.aggregate,1,5.5635e-05,5.5363e-05,0.00499277848683678
32,100,0,AB,B,7,stage.alloc_init,1,0.002000015,0.001999565,0.17948471044038578
32,100,0,AB,B,7,stage.candidates,1,8.8469e-05,8.8178e-05,0.007939356878798653
32,100,0,AB,B,7,stage.cleanup,1,0.003706215,0.003705882,0.3326019685376432
32,100,0,AB,B,7,stage.delivery,1,4.6551e-05,4.6254e-05,0.004177565046117353
32,100,0,AB,B,7,stage.leaf_distance,1,0.001387328,0.001386911,0.12450114842430658
32,100,0,AB,B,7,stage.node_plan,4,0.00010029,9.8983e-05,0.009000193303583369
32,100,0,AB,B,7,stage.node_prune,4,5.2322e-05,5.1192e-05,0.004695464293848728
32,100,0,AB,B,7,stage.output_alloc,1,6.622e-06,6.313e-06,0.000594269419247473
32,100,0,AB,B,7,stage.pivot_distance,2,0.000103849,0.000103305,0.009319583950382184
32,100,0,AB,B,7,stage.pivot_sort,2,0.000205831,0.000205233,0.01847162018017617
32,100,0,AB,B,7,stage.result_sort,1,0.003232526,0.00323226,0.29009232085810277
32,100,0,AB,B,7,stage.schedule,10,0.000127401,0.000124718,0.01143318004855743
32,100,0,AB,B,7,stage.threshold,2,1.9016e-05,1.8428e-05,0.0017065278279084785
32,100,1,BA,B,0,stage.aggregate,1,5.7575e-05,5.7301e-05,0.005136679388144981
32,100,1,BA,B,0,stage.alloc_init,1,0.004103868,0.00162506,0.3661355478465961
32,100,1,BA,B,0,stage.candidates,1,9.4795e-05,9.4514e-05,0.008457342989130761
32,100,1,BA,B,0,stage.cleanup,1,0.001713725,0.001713299,0.1528937192262051
32,100,1,BA,B,0,stage.delivery,1,4.4468e-05,4.418e-05,0.0039673097530530796
32,100,1,BA,B,0,stage.leaf_distance,1,0.001387591,0.001387146,0.12379696202996932
32,100,1,BA,B,0,stage.node_plan,4,9.5548e-05,9.4066e-05,0.008524523528935766
32,100,1,BA,B,0,stage.node_prune,4,5.2855e-05,5.1766e-05,0.00471557427807908
32,100,1,BA,B,0,stage.output_alloc,1,6.378e-06,6.068e-06,0.0005690272016949838
32,100,1,BA,B,0,stage.pivot_distance,2,0.000101699,0.000101149,0.009073298429786478
32,100,1,BA,B,0,stage.pivot_sort,2,0.000201454,0.000200868,0.01797315865322378
32,100,1,BA,B,0,stage.result_sort,1,0.003187721,0.003187296,0.28439949206872617
32,100,1,BA,B,0,stage.schedule,10,0.000128735,0.000125822,0.01148537422549447
32,100,1,BA,B,0,stage.threshold,2,2.1091e-05,2.0544e-05,0.0018816796348304957
32,100,1,BA,B,1,stage.aggregate,1,5.7876e-05,5.7601e-05,0.005147070267078307
32,100,1,BA,B,1,stage.alloc_init,1,0.002003592,0.002003135,0.17818489202011123
32,100,1,BA,B,1,stage.candidates,1,9.447e-05,9.4182e-05,0.008401474326679238
32,100,1,BA,B,1,stage.cleanup,1,0.003807172,0.003806885,0.3385821722795814
32,100,1,BA,B,1,stage.delivery,1,4.1681e-05,4.1396e-05,0.003706804820687174
32,100,1,BA,B,1,stage.leaf_distance,1,0.001390757,0.001390349,0.1236838068185608
32,100,1,BA,B,1,stage.node_plan,4,9.9689e-05,9.8323e-05,0.00886561420718034
32,100,1,BA,B,1,stage.node_prune,4,5.4764e-05,5.3684e-05,0.004870311633600739
32,100,1,BA,B,1,stage.output_alloc,1,5.617e-06,5.327e-06,0.0004995351041913547
32,100,1,BA,B,1,stage.pivot_distance,2,0.000102375,0.000101824,0.009104487500728136
32,100,1,BA,B,1,stage.pivot_sort,2,0.00020232,0.000201693,0.017992868484955474
32,100,1,BA,B,1,stage.result_sort,1,0.003230875,0.003230628,0.28733051090515277
32,100,1,BA,B,1,stage.schedule,10,0.000124105,0.000121431,0.011036995568037757
32,100,1,BA,B,1,stage.threshold,2,1.9739e-05,1.9181e-05,0.0017554430161355083
32,100,1,BA,B,2,stage.aggregate,1,5.5942e-05,5.5677e-05,0.005016526865347746
32,100,1,BA,B,2,stage.alloc_init,1,0.00200904,0.002008631,0.18015807682167667
32,100,1,BA,B,2,stage.candidates,1,9.5261e-05,9.4983e-05,0.008542407595722204
32,100,1,BA,B,2,stage.cleanup,1,0.003703078,0.003702682,0.33206875462940544
32,100,1,BA,B,2,stage.delivery,1,4.8092e-05,4.7815e-05,0.004312588216515387
32,100,1,BA,B,2,stage.leaf_distance,1,0.001388041,0.001387565,0.12447079058139056
32,100,1,BA,B,2,stage.node_plan,4,9.5652e-05,9.4509e-05,0.008577470017593982
32,100,1,BA,B,2,stage.node_prune,4,5.5284e-05,5.4181e-05,0.004957521562044345
32,100,1,BA,B,2,stage.output_alloc,1,6.597e-06,6.269e-06,0.0005915774861588623
32,100,1,BA,B,2,stage.pivot_distance,2,0.000105464,0.000104758,0.009457348491777817
32,100,1,BA,B,2,stage.pivot_sort,2,0.000204666,0.000204023,0.018353160191327836
32,100,1,BA,B,2,stage.result_sort,1,0.003223383,0.003223145,0.2890527227629547
32,100,1,BA,B,2,stage.schedule,10,0.000129687,0.000126979,0.011629514847276699
32,100,1,BA,B,2,stage.threshold,2,2.0654e-05,2.0101e-05,0.001852120872991533
32,100,1,BA,B,3,stage.aggregate,1,5.8239e-05,5.7969e-05,0.005330581349051984
32,100,1,BA,B,3,stage.alloc_init,1,0.002003758,0.002003357,0.18340278890114367
32,100,1,BA,B,3,stage.candidates,1,8.7965e-05,8.7659e-05,0.008051384611160181
32,100,1,BA,B,3,stage.cleanup,1,0.003481274,0.003480864,0.3186389576630711
32,100,1,BA,B,3,stage.delivery,1,4.7171e-05,4.6889e-05,0.0043175338315584256
32,100,1,BA,B,3,stage.leaf_distance,1,0.001384982,0.00138448,0.1267665862733343
32,100,1,BA,B,3,stage.node_plan,4,9.4268e-05,9.312e-05,0.008628294486725948
32,100,1,BA,B,3,stage.node_prune,4,5.3177e-05,5.2055e-05,0.004867259472149889
32,100,1,BA,B,3,stage.output_alloc,1,5.796e-06,5.5e-06,0.0005305044643470063
32,100,1,BA,B,3,stage.pivot_distance,2,0.000103601,0.000103063,0.009482538476676019
32,100,1,BA,B,3,stage.pivot_sort,2,0.000201661,0.000201055,0.01845791248873044
32,100,1,BA,B,3,stage.result_sort,1,0.003246433,0.003246153,0.29714409932771646
32,100,1,BA,B,3,stage.schedule,10,0.000127554,0.000124682,0.01167494245088303
32,100,1,BA,B,3,stage.threshold,2,2.0045e-05,1.9507e-05,0.0018347070372387406
32,100,1,BA,B,4,stage.aggregate,1,5.5453e-05,5.5172e-05,0.0050784665344413595
32,100,1,BA,B,4,stage.alloc_init,1,0.002011766,0.002011338,0.18424046140203335
32,100,1,BA,B,4,stage.candidates,1,9.5012e-05,9.4725e-05,0.008701337391490855
32,100,1,BA,B,4,stage.cleanup,1,0.00347274,0.003472318,0.31803858894588005
32,100,1,BA,B,4,stage.delivery,1,4.692e-05,4.6629e-05,0.004297001961949553
32,100,1,BA,B,4,stage.leaf_distance,1,0.001387297,0.001386877,0.12705068053722782
32,100,1,BA,B,4,stage.node_plan,4,9.6362e-05,9.5194e-05,0.008824972358426744
32,100,1,BA,B,4,stage.node_prune,4,5.4015e-05,5.2931e-05,0.00494677239929039
32,100,1,BA,B,4,stage.output_alloc,1,5.809e-06,5.493e-06,0.0005319966836522795
32,100,1,BA,B,4,stage.pivot_distance,2,0.000101654,0.000101094,0.009309621428815428
32,100,1,BA,B,4,stage.pivot_sort,2,0.000206722,0.000206145,0.01893190195179317
32,100,1,BA,B,4,stage.result_sort,1,0.003223897,0.00322367,0.29524918444423015
32,100,1,BA,B,4,stage.schedule,10,0.000131136,0.000128292,0.01200962594378126
32,100,1,BA,B,4,stage.threshold,2,2.0104e-05,1.9544e-05,0.0018411536113178562
32,100,1,BA,B,5,stage.aggregate,1,5.7462e-05,5.7183e-05,0.005223078878744163
32,100,1,BA,B,5,stage.alloc_init,1,0.001998962,0.001998542,0.18169809964171435
32,100,1,BA,B,5,stage.candidates,1,9.5084e-05,9.4801e-05,0.008642776654249939
32,100,1,BA,B,5,stage.cleanup,1,0.003563456,0.003563071,0.32390469821680695
32,100,1,BA,B,5,stage.delivery,1,4.6069e-05,4.5744e-05,0.004187498187756515
32,100,1,BA,B,5,stage.leaf_distance,1,0.001388957,0.001388508,0.12625094793400607
32,100,1,BA,B,5,stage.node_plan,4,9.6552e-05,9.5223e-05,0.008776212312493587
32,100,1,BA,B,5,stage.node_prune,4,5.2723e-05,5.1606e-05,0.004792321668651083
32,100,1,BA,B,5,stage.output_alloc,1,5.475e-06,5.185e-06,0.000497656831664827
32,100,1,BA,B,5,stage.pivot_distance,2,0.000102855,0.000102305,0.009349131218426628
32,100,1,BA,B,5,stage.pivot_sort,2,0.000203265,0.000202657,0.018476021166822114
32,100,1,BA,B,5,stage.result_sort,1,0.003235029,0.003234746,0.2940519237413395
32,100,1,BA,B,5,stage.schedule,10,0.000125247,0.000122574,0.011384479487767048
32,100,1,BA,B,5,stage.threshold,2,2.0829e-05,2.0262e-05,0.0018932774697254216
32,100,1,BA,B,6,stage.aggregate,1,5.7256e-05,5.6973e-05,0.005139574417816808
32,100,1,BA,B,6,stage.alloc_init,1,0.001983441,0.001983012,0.17804322032361652
32,100,1,BA,B,6,stage.candidates,1,0.000101732,0.000101436,0.009131954461948782
32,100,1,BA,B,6,stage.cleanup,1,0.003716907,0.003716497,0.3336474802746301
32,100,1,BA,B,6,stage.delivery,1,4.5861e-05,4.5577e-05,0.004116704317023485
32,100,1,BA,B,6,stage.leaf_distance,1,0.001390344,0.001389896,0.12480397607875318
32,100,1,BA,B,6,stage.node_plan,4,9.627e-05,9.512e-05,0.008641659026184577
32,100,1,BA,B,6,stage.node_prune,4,5.3974e-05,5.2878e-05,0.004844966285232018
32,100,1,BA,B,6,stage.output_alloc,1,7.183e-06,6.876e-06,0.0006447806874943784
32,100,1,BA,B,6,stage.pivot_distance,2,0.000101776,0.000101232,0.00913590411393956
32,100,1,BA,B,6,stage.pivot_sort,2,0.000212401,0.000211774,0.019066137102115202
32,100,1,BA,B,6,stage.result_sort,1,0.003212273,0.003212015,0.28834910112204226
32,100,1,BA,B,6,stage.schedule,10,0.000129735,0.000127063,0.011645638659624556
32,100,1,BA,B,6,stage.threshold,2,2.037e-05,1.9824e-05,0.0018285093420939008
32,100,1,BA,B,7,stage.aggregate,1,5.5179e-05,5.4905e-05,0.0050644048307845035
32,100,1,BA,B,7,stage.alloc_init,1,0.001991589,0.001991157,0.18279078911428767
32,100,1,BA,B,7,stage.candidates,1,9.7911e-05,9.7477e-05,0.008986406810325333
32,100,1,BA,B,7,stage.cleanup,1,0.00346434,0.00346396,0.3179619099925694
32,100,1,BA,B,7,stage.delivery,1,4.4935e-05,4.4643e-05,0.004124196362226602
32,100,1,BA,B,7,stage.leaf_distance,1,0.001386057,0.001385599,0.1272142258203787
32,100,1,BA,B,7,stage.node_plan,4,8.614e-05,8.4976e-05,0.00790604817274284
32,100,1,BA,B,7,stage.node_prune,4,4.8453e-05,4.7336e-05,0.00444708326113198
32,100,1,BA,B,7,stage.output_alloc,1,5.864e-06,5.558e-06,0.0005382060190964013
32,100,1,BA,B,7,stage.pivot_distance,2,0.000100304,9.9735e-05,0.009206039655430667
32,100,1,BA,B,7,stage.pivot_sort,2,0.000204873,0.000204271,0.018803526901489943
32,100,1,BA,B,7,stage.result_sort,1,0.003269177,0.003268949,0.30004958030210027
32,100,1,BA,B,7,stage.schedule,10,0.000112512,0.000109833,0.010326506756578155
32,100,1,BA,B,7,stage.threshold,2,1.8669e-05,1.8126e-05,0.0017134666047937783
32,100,1,BA,A,0,stage.aggregate,1,5.7135e-05,5.6704e-05,0.005210302053434436
32,100,1,BA,A,0,stage.alloc_init,1,0.002009953,0.0020097,0.18329329208377884
32,100,1,BA,A,0,stage.candidates,1,9.6295e-05,9.6012e-05,0.00878141307841899
32,100,1,BA,A,0,stage.cleanup,1,0.001543309,0.001542839,0.1407387074784956
32,100,1,BA,A,0,stage.delivery,1,4.5228e-05,4.4935e-05,0.004124469086772253
32,100,1,BA,A,0,stage.leaf_distance,1,0.003782484,0.003782131,0.34493540128262706
32,100,1,BA,A,0,stage.node_plan,4,8.7909e-05,8.6796e-05,0.008016670048400591
32,100,1,BA,A,0,stage.node_prune,4,4.9743e-05,4.8629e-05,0.00453620469141488
32,100,1,BA,A,0,stage.output_alloc,1,5.467e-06,5.165e-06,0.0004985511739936302
32,100,1,BA,A,0,stage.pivot_distance,2,0.000101735,0.000101186,0.00927750204613901
32,100,1,BA,A,0,stage.pivot_sort,2,0.00020333,0.000202754,0.018542237096785222
32,100,1,BA,A,0,stage.result_sort,1,0.00283363,0.002833368,0.2584067245589117
32,100,1,BA,A,0,stage.schedule,10,0.000117471,0.00011459,0.010712512339529126
32,100,1,BA,A,0,stage.threshold,2,2.0354e-05,1.977e-05,0.0018561387590024414
32,100,1,BA,A,1,stage.aggregate,1,5.8013e-05,5.7727e-05,0.005289512190140517
32,100,1,BA,A,1,stage.alloc_init,1,0.001989542,0.00198929,0.1814025591125531
32,100,1,BA,A,1,stage.candidates,1,9.5731e-05,9.546e-05,0.008728565864105317
32,100,1,BA,A,1,stage.cleanup,1,0.001549596,0.001549134,0.14128914091312264
32,100,1,BA,A,1,stage.delivery,1,4.2784e-05,4.2478e-05,0.003900961673124504
32,100,1,BA,A,1,stage.leaf_distance,1,0.003781875,0.003781512,0.3448239862459736
32,100,1,BA,A,1,stage.node_plan,4,9.9729e-05,9.8565e-05,0.00909309570631623
32,100,1,BA,A,1,stage.node_prune,4,5.2742e-05,5.1618e-05,0.004808912690817422
32,100,1,BA,A,1,stage.output_alloc,1,6.277e-06,5.97e-06,0.0005723246171980766
32,100,1,BA,A,1,stage.pivot_distance,2,0.00010326,0.000102708,0.009415045399374445
32,100,1,BA,A,1,stage.pivot_sort,2,0.000206987,0.000206198,0.01887267094790159
32,100,1,BA,A,1,stage.result_sort,1,0.002819183,0.002818755,0.2570476073420942
32,100,1,BA,A,1,stage.schedule,10,0.000130754,0.00012813,0.011921894694458708
32,100,1,BA,A,1,stage.threshold,2,2.104e-05,2.048e-05,0.0019183861631109657
32,100,1,BA,A,2,stage.aggregate,1,5.759e-05,5.7315e-05,0.005168811183300549
32,100,1,BA,A,2,stage.alloc_init,1,0.00199005,0.001989813,0.17861074310344258
32,100,1,BA,A,2,stage.candidates,1,9.5199e-05,9.4903e-05,0.008544289908647836
32,100,1,BA,A,2,stage.cleanup,1,0.001661386,0.001660973,0.14911252885186604
32,100,1,BA,A,2,stage.delivery,1,5.0017e-05,4.9573e-05,0.004489120141606937
32,100,1,BA,A,2,stage.leaf_distance,1,0.003780495,0.00378013,0.33930656076422655
32,100,1,BA,A,2,stage.node_plan,4,9.196e-05,9.081e-05,0.008253583546037826
32,100,1,BA,A,2,stage.node_prune,4,5.2771e-05,5.1675e-05,0.004736296838929558
32,100,1,BA,A,2,stage.output_alloc,1,6.068e-06,5.776e-06,0.0005446144514719175
32,100,1,BA,A,2,stage.pivot_distance,2,9.8846e-05,9.8292e-05,0.008871615041231568
32,100,1,BA,A,2,stage.pivot_sort,2,0.000200852,0.00020026,0.018026846045985097
32,100,1,BA,A,2,stage.result_sort,1,0.0029053,0.002904914,0.26075615785454215
32,100,1,BA,A,2,stage.schedule,10,0.000121344,0.000118703,0.010890852999243302
32,100,1,BA,A,2,stage.threshold,2,2.0402e-05,1.9846e-05,0.0018311180024604581
32,100,1,BA,A,3,stage.aggregate,1,5.6947e-05,5.6666e-05,0.004964299185785892
32,100,1,BA,A,3,stage.alloc_init,1,0.001990957,0.001990552,0.17355973473641667
32,100,1,BA,A,3,stage.candidates,1,9.172e-05,9.1444e-05,0.007995601547408677
32,100,1,BA,A,3,stage.cleanup,1,0.001899772,0.001899364,0.16561077129223375
32,100,1,BA,A,3,stage.delivery,1,4.7336e-05,4.7058e-05,0.004126469634192512
32,100,1,BA,A,3,stage.leaf_distance,1,0.003787736,0.003787389,0.3301921917005621
32,100,1,BA,A,3,stage.node_plan,4,9.1962e-05,9.0851e-05,0.008016697661391157
32,100,1,BA,A,3,stage.node_prune,4,5.1472e-05,5.037e-05,0.0044870214004385026
32,100,1,BA,A,3,stage.output_alloc,1,5.513e-06,5.229e-06,0.00048059039828678634
32,100,1,BA,A,3,stage.pivot_distance,2,0.000100338,9.9798e-05,0.00874686729245412
32,100,1,BA,A,3,stage.pivot_sort,2,0.000204521,0.000203952,0.017828918709960423
32,100,1,BA,A,3,stage.result_sort,1,0.002999765,0.002999351,0.2615015882671434
32,100,1,BA,A,3,stage.schedule,10,0.000117394,0.000114783,0.010233707458095228
32,100,1,BA,A,3,stage.threshold,2,1.706e-05,1.6486e-05,0.0014871888617399918
32,100,1,BA,A,4,stage.aggregate,1,5.7924e-05,5.7646e-05,0.005251125532578029
32,100,1,BA,A,4,stage.alloc_init,1,0.002005917,0.002005675,0.18184728221345764
32,100,1,BA,A,4,stage.candidates,1,9.8044e-05,9.7766e-05,0.008888221664872596
32,100,1,BA,A,4,stage.cleanup,1,0.001582205,0.0015818,0.14343548569284958
32,100,1,BA,A,4,stage.delivery,1,4.6165e-05,4.5871e-05,0.004185108248937654
32,100,1,BA,A,4,stage.leaf_distance,1,0.003791409,0.003791034,0.3437118397269893
32,100,1,BA,A,4,stage.node_plan,4,9.681e-05,9.5676e-05,0.00877635285561907
32,100,1,BA,A,4,stage.node_prune,4,5.2835e-05,5.1714e-05,0.004789780013703475
32,100,1,BA,A,4,stage.output_alloc,1,5.391e-06,5.093e-06,0.0004887234608474579
32,100,1,BA,A,4,stage.pivot_distance,2,0.00010143,0.000100872,0.00919518097454232
32,100,1,BA,A,4,stage.pivot_sort,2,0.000206156,0.000205404,0.018689162269424697
32,100,1,BA,A,4,stage.result_sort,1,0.002828026,0.002827615,0.2563759328671106
32,100,1,BA,A,4,stage.schedule,10,0.000126818,0.000124205,0.011496741209006293
32,100,1,BA,A,4,stage.threshold,2,2.1476e-05,2.0925e-05,0.0019469161649341505
32,100,1,BA,A,5,stage.aggregate,1,5.7355e-05,5.707e-05,0.005130114204186506
32,100,1,BA,A,5,stage.alloc_init,1,0.001997826,0.001997383,0.17869541522261545
32,100,1,BA,A,5,stage.candidates,1,9.6354e-05,9.6075e-05,0.008618377195191118
32,100,1,BA,A,5,stage.cleanup,1,0.001681479,0.001681071,0.15039977860589873
32,100,1,BA,A,5,stage.delivery,1,4.6653e-05,4.6372e-05,0.004172874517791179
32,100,1,BA,A,5,stage.leaf_distance,1,0.003785882,0.003785505,0.33862796658659255
32,100,1,BA,A,5,stage.node_plan,4,9.7228e-05,9.6061e-05,0.008696552067729851
32,100,1,BA,A,5,stage.node_prune,4,5.5137e-05,5.3999e-05,0.004931725340009264
32,100,1,BA,A,5,stage.output_alloc,1,4.981e-06,4.698e-06,0.00044552521752337177
32,100,1,BA,A,5,stage.pivot_distance,2,0.000102866,0.000102329,0.009200842607058654
32,100,1,BA,A,5,stage.pivot_sort,2,0.000203928,0.000203338,0.01824032655272157
32,100,1,BA,A,5,stage.result_sort,1,0.002891203,0.002890749,0.2586034622524041
32,100,1,BA,A,5,stage.schedule,10,0.000129401,0.000126632,0.011574263937510905
32,100,1,BA,A,5,stage.threshold,2,2.0035e-05,1.9458e-05,0.0017920292577957744
32,100,1,BA,A,6,stage.aggregate,1,5.7365e-05,5.7098e-05,0.00495619985913731
32,100,1,BA,A,6,stage.alloc_init,1,0.001984765,0.001984352,0.1714789856780382
32,100,1,BA,A,6,stage.candidates,1,9.5228e-05,9.4944e-05,0.008227473201184133
32,100,1,BA,A,6,stage.cleanup,1,0.001979382,0.001978968,0.17101390725318447
32,100,1,BA,A,6,stage.delivery,1,4.5279e-05,4.4992e-05,0.003911998142105434
32,100,1,BA,A,6,stage.leaf_distance,1,0.003786485,0.003786071,0.327143317765633
32,100,1,BA,A,6,stage.node_plan,4,9.4412e-05,9.3287e-05,0.008156972737747263
32,100,1,BA,A,6,stage.node_prune,4,5.2939e-05,5.1848e-05,0.004573803963093699
32,100,1,BA,A,6,stage.output_alloc,1,5.41e-06,5.132e-06,0.00046741116077630686
32,100,1,BA,A,6,stage.pivot_distance,2,0.00010136,0.000100827,0.008757263448481788
32,100,1,BA,A,6,stage.pivot_sort,2,0.000205288,0.000204674,0.01773639600248549
32,100,1,BA,A,6,stage.result_sort,1,0.003008327,0.003007931,0.25991231332064785
32,100,1,BA,A,6,stage.schedule,10,0.000127929,0.000125217,0.011052761993891342
32,100,1,BA,A,6,stage.threshold,2,2.1085e-05,2.052e-05,0.0018216939602529445
32,100,1,BA,A,7,stage.aggregate,1,5.6489e-05,5.6217e-05,0.005032078397410104
32,100,1,BA,A,7,stage.alloc_init,1,0.002007874,0.00200747,0.17886277647190454
32,100,1,BA,A,7,stage.candidates,1,8.9494e-05,8.9187e-05,0.007972186161869033
32,100,1,BA,A,7,stage.cleanup,1,0.001713864,0.001713438,0.15267216644831508
32,100,1,BA,A,7,stage.delivery,1,4.6517e-05,4.6226e-05,0.004143765880301046
32,100,1,BA,A,7,stage.leaf_distance,1,0.003786973,0.003786625,0.3373461209239911
32,100,1,BA,A,7,stage.node_plan,4,9.3199e-05,9.1908e-05,0.008302230072407447
32,100,1,BA,A,7,stage.node_prune,4,5.069e-05,4.9572e-05,0.004515499547960101
32,100,1,BA,A,7,stage.output_alloc,1,4.92e-06,4.631e-06,0.0004382769338323871
32,100,1,BA,A,7,stage.pivot_distance,2,9.8413e-05,9.7871e-05,0.008766696725456647
32,100,1,BA,A,7,stage.pivot_sort,2,0.000198392,0.000197805,0.017672893792047752
32,100,1,BA,A,7,stage.result_sort,1,0.002938871,0.002938464,0.26179662008311405
32,100,1,BA,A,7,stage.schedule,10,0.000115523,0.000112837,0.0102908671193331
32,100,1,BA,A,7,stage.threshold,2,1.6e-05,1.5448e-05,0.0014252908417313399
32,100,2,AB,A,0,stage.aggregate,1,5.7034e-05,5.6748e-05,0.00519439641986104
32,100,2,AB,A,0,stage.alloc_init,1,0.00200566,0.002005393,0.18266635907456064
32,100,2,AB,A,0,stage.candidates,1,9.5256e-05,9.4976e-05,0.008675481736688346
32,100,2,AB,A,0,stage.cleanup,1,0.001550189,0.001549753,0.14118413913995098
32,100,2,AB,A,0,stage.delivery,1,4.8719e-05,4.8439e-05,0.004437104169078269
32,100,2,AB,A,0,stage.leaf_distance,1,0.003782961,0.003782582,0.3445348226474373
32,100,2,AB,A,0,stage.node_plan,4,9.5294e-05,9.4159e-05,0.00867894260325837
32,100,2,AB,A,0,stage.node_prune,4,5.3517e-05,5.2401e-05,0.00487408411126176
32,100,2,AB,A,0,stage.output_alloc,1,5.434e-06,5.148e-06,0.0004949039195133585
32,100,2,AB,A,0,stage.pivot_distance,2,0.000100503,9.9978e-05,0.009153354549659747
32,100,2,AB,A,0,stage.pivot_sort,2,0.000207672,0.000206953,0.018913817956050457
32,100,2,AB,A,0,stage.result_sort,1,0.002821042,0.002820654,0.25692763027453147
32,100,2,AB,A,0,stage.schedule,10,0.000124927,0.00012225,0.011377780999824316
32,100,2,AB,A,0,stage.threshold,2,1.9778e-05,1.9226e-05,0.001801289974261171
32,100,2,AB,A,1,stage.aggregate,1,5.4342e-05,5.4079e-05,0.004930763164036116
32,100,2,AB,A,1,stage.alloc_init,1,0.001999154,0.001998896,0.18139477572477009
32,100,2,AB,A,1,stage.candidates,1,9.5563e-05,9.5293e-05,0.008670982301806768
32,100,2,AB,A,1,stage.cleanup,1,0.001575683,0.001575225,0.14297080885131058
32,100,2,AB,A,1,stage.delivery,1,4.5542e-05,4.5238e-05,0.004132288396020256
32,100,2,AB,A,1,stage.leaf_distance,1,0.003789558,0.003789182,0.34384845965143673
32,100,2,AB,A,1,stage.node_plan,4,9.6089e-05,9.493e-05,0.008718709316349533
32,100,2,AB,A,1,stage.node_prune,4,5.2571e-05,5.1361e-05,0.004770070116972924
32,100,2,AB,A,1,stage.output_alloc,1,6.126e-06,5.825e-06,0.0005558473214619492
32,100,2,AB,A,1,stage.pivot_distance,2,0.0001012,0.000100472,0.009182459832182379
32,100,2,AB,A,1,stage.pivot_sort,2,0.000203994,0.00020343,0.018509552480298543
32,100,2,AB,A,1,stage.result_sort,1,0.00283776,0.002837371,0.25748633610053234
32,100,2,AB,A,1,stage.schedule,10,0.0001311,0.000128463,0.011895459328054445
32,100,2,AB,A,1,stage.threshold,2,2.0959e-05,2.0425e-05,0.0019017309844141354
32,100,2,AB,A,2,stage.aggregate,1,5.7187e-05,5.6913e-05,0.005063073050811608
32,100,2,AB,A,2,stage.alloc_init,1,0.002002369,0.002001967,0.17728050993548514
32,100,2,AB,A,2,stage.candidates,1,9.4158e-05,9.3864e-05,0.008336314762416622
32,100,2,AB,A,2,stage.cleanup,1,0.001773168,0.001772728,0.1569881112029223
32,100,2,AB,A,2,stage.delivery,1,4.5746e-05,4.5463e-05,0.004050139713263991
32,100,2,AB,A,2,stage.leaf_distance,1,0.003782402,0.003782039,0.33487641655508993
32,100,2,AB,A,2,stage.node_plan,4,0.000100657,9.9346e-05,0.008911706228260688
32,100,2,AB,A,2,stage.node_prune,4,5.3707e-05,5.2598e-05,0.004754969911692151
32,100,2,AB,A,2,stage.output_alloc,1,5.708e-06,5.417e-06,0.0005053599764637533
32,100,2,AB,A,2,stage.pivot_distance,2,0.000101611,0.000101085,0.008996168985364126
32,100,2,AB,A,2,stage.pivot_sort,2,0.000202206,0.000201606,0.01790238601976694
32,100,2,AB,A,2,stage.result_sort,1,0.002919984,0.002919544,0.2585219070628129
32,100,2,AB,A,2,stage.schedule,10,0.000124937,0.000122254,0.011061345371312535
32,100,2,AB,A,2,stage.threshold,2,2.0545e-05,1.9993e-05,0.0018189594808072549
32,100,2,AB,A,3,stage.aggregate,1,5.8039e-05,5.7585e-05,0.005219073578695166
32,100,2,AB,A,3,stage.alloc_init,1,0.002001715,0.002001297,0.1800013416595357
32,100,2,AB,A,3,stage.candidates,1,9.6423e-05,9.5704e-05,0.008670699558547252
32,100,2,AB,A,3,stage.cleanup,1,0.001438218,0.001437778,0.12932968459490696
32,100,2,AB,A,3,stage.delivery,1,4.7267e-05,4.6956e-05,0.0042504169755541
32,100,2,AB,A,3,stage.leaf_distance,1,0.003787276,0.00378624,0.34056534583342774
32,100,2,AB,A,3,stage.node_plan,4,9.6238e-05,9.5086e-05,0.008654063699692714
32,100,2,AB,A,3,stage.node_prune,4,5.4182e-05,5.2985e-05,0.004872238402468365
32,100,2,AB,A,3,stage.output_alloc,1,5.348e-06,5.052e-06,0.00048091120623824923
32,100,2,AB,A,3,stage.pivot_distance,2,0.00010068,0.000100146,0.009053504159324408
32,100,2,AB,A,3,stage.pivot_sort,2,0.000209038,0.00020843,0.018797441422892885
32,100,2,AB,A,3,stage.result_sort,1,0.003073458,0.003073039,0.2763762890992141
32,100,2,AB,A,3,stage.schedule,10,0.000124002,0.000121307,0.01115070145773287
32,100,2,AB,A,3,stage.threshold,2,1.9587e-05,1.9026e-05,0.001761332796669519
32,100,2,AB,A,4,stage.aggregate,1,5.7151e-05,5.6886e-05,0.005252964656116987
32,100,2,AB,A,4,stage.alloc_init,1,0.002004685,0.002004262,0.1842581836126731
32,100,2,AB,A,4,stage.candidates,1,9.8063e-05,9.7784e-05,0.009013341377627689
32,100,2,AB,A,4,stage.cleanup,1,0.001475762,0.001475283,0.13564286936082512
32,100,2,AB,A,4,stage.delivery,1,4.7359e-05,4.7074e-05,0.004352944885462098
32,100,2,AB,A,4,stage.leaf_distance,1,0.003785921,0.003785567,0.34797832415620156
32,100,2,AB,A,4,stage.node_plan,4,9.8765e-05,9.7433e-05,0.009077864853832726
32,100,2,AB,A,4,stage.node_prune,4,5.2254e-05,5.112e-05,0.004802862857005774
32,100,2,AB,A,4,stage.output_alloc,1,6.018e-06,5.714e-06,0.0005531371507149836
32,100,2,AB,A,4,stage.pivot_distance,2,0.000101289,0.000100751,0.009309855244062805
32,100,2,AB,A,4,stage.pivot_sort,2,0.000206826,0.000206231,0.019010160241571483
32,100,2,AB,A,4,stage.result_sort,1,0.002783096,0.002782858,0.25580488394919704
32,100,2,AB,A,4,stage.schedule,10,0.000130878,0.000128202,0.012029492191970024
32,100,2,AB,A,4,stage.threshold,2,2.1289e-05,2.0741e-05,0.0019567525426339785
32,100,2,AB,A,5,stage.aggregate,1,5.9014e-05,5.8584e-05,0.005401375248312791
32,100,2,AB,A,5,stage.alloc_init,1,0.002000528,0.002000114,0.1831023557589164
32,100,2,AB,A,5,stage.candidates,1,9.5631e-05,9.5357e-05,0.008752819947324374
32,100,2,AB,A,5,stage.cleanup,1,0.001502051,0.001501636,0.1374782440285945
32,100,2,AB,A,5,stage.delivery,1,4.5962e-05,4.5683e-05,0.0042067646518275745
32,100,2,AB,A,5,stage.leaf_distance,1,0.003784948,0.003784575,0.346424991414766
32,100,2,AB,A,5,stage.node_plan,4,0.00010253,0.000101182,0.009384264822067822
32,100,2,AB,A,5,stage.node_prune,4,5.3633e-05,5.2494e-05,0.004908868381956145
32,100,2,AB,A,5,stage.output_alloc,1,5.811e-06,5.506e-06,0.0005318634826980992
32,100,2,AB,A,5,stage.pivot_distance,2,0.000102498,0.000101948,0.0093813359575959
32,100,2,AB,A,5,stage.pivot_sort,2,0.000202587,0.000202003,0.01854218333666492
32,100,2,AB,A,5,stage.result_sort,1,0.002816145,0.00281589,0.25775334494628094
32,100,2,AB,A,5,stage.schedule,10,0.000125194,0.000122542,0.01145863308430663
32,100,2,AB,A,5,stage.threshold,2,1.987e-05,1.9318e-05,0.0018186417830341132
32,100,2,AB,A,6,stage.aggregate,1,5.9335e-05,5.7168e-05,0.005415550767491289
32,100,2,AB,A,6,stage.alloc_init,1,0.00198417,0.001983721,0.18109671132271327
32,100,2,AB,A,6,stage.candidates,1,9.5289e-05,9.5012e-05,0.008697099807592104
32,100,2,AB,A,6,stage.cleanup,1,0.001547175,0.001546736,0.14121184391494626
32,100,2,AB,A,6,stage.delivery,1,4.6588e-05,4.6302e-05,0.004252122341887321
32,100,2,AB,A,6,stage.leaf_distance,1,0.003785715,0.003785356,0.3455250994143977
32,100,2,AB,A,6,stage.node_plan,4,9.4833e-05,9.3688e-05,0.008655480339319144
32,100,2,AB,A,6,stage.node_prune,4,5.2707e-05,5.1599e-05,0.004810608145313279
32,100,2,AB,A,6,stage.output_alloc,1,1.0154e-05,9.839e-06,0.0009267633351833917
32,100,2,AB,A,6,stage.pivot_distance,2,0.000101941,0.000101404,0.009304232928100271
32,100,2,AB,A,6,stage.pivot_sort,2,0.000206537,0.000205757,0.018850789733974017
32,100,2,AB,A,6,stage.result_sort,1,0.002816104,0.002815872,0.25702796289770435
32,100,2,AB,A,6,stage.schedule,10,0.000125917,0.000123291,0.011492540759925856
32,100,2,AB,A,6,stage.threshold,2,2.1078e-05,2.0519e-05,0.0019238051584592804
32,100,2,AB,A,7,stage.aggregate,1,5.606e-05,5.5776e-05,0.005081427012633954
32,100,2,AB,A,7,stage.alloc_init,1,0.002008509,0.002008081,0.182056580230439
32,100,2,AB,A,7,stage.candidates,1,9.0544e-05,9.0265e-05,0.008207148188225629
32,100,2,AB,A,7,stage.cleanup,1,0.001600305,0.001599837,0.1450558875393004
32,100,2,AB,A,7,stage.delivery,1,4.8534e-05,4.8256e-05,0.004399250421533649
32,100,2,AB,A,7,stage.leaf_distance,1,0.003781465,0.003781106,0.3427620121000688
32,100,2,AB,A,7,stage.node_plan,4,9.0943e-05,8.9773e-05,0.008243314605957362
32,100,2,AB,A,7,stage.node_prune,4,4.9757e-05,4.8668e-05,0.0045101063836537215
32,100,2,AB,A,7,stage.output_alloc,1,5.248e-06,4.943e-06,0.0004756926322208882
32,100,2,AB,A,7,stage.pivot_distance,2,0.00010039,9.9683e-05,0.009099615729545535
32,100,2,AB,A,7,stage.pivot_sort,2,0.000205613,0.000205058,0.018637307391164915
32,100,2,AB,A,7,stage.result_sort,1,0.002850657,0.002850263,0.2583911074483423
32,100,2,AB,A,7,stage.schedule,10,0.000118407,0.000115701,0.010732724371832833
32,100,2,AB,A,7,stage.threshold,2,1.6204e-05,1.5668e-05,0.0014687735161027576
32,100,2,AB,B,0,stage.aggregate,1,0.000284064,0.000283517,0.017544553124796185
32,100,2,AB,B,0,stage.alloc_init,1,0.005169457,0.005169056,0.31927950378382863
32,100,2,AB,B,0,stage.candidates,1,0.000150335,0.000150055,0.009285092070858097
32,100,2,AB,B,0,stage.cleanup,1,0.001477947,0.001477525,0.09128196342068388
32,100,2,AB,B,0,stage.delivery,1,4.676e-05,4.6476e-05,0.0028880227840045536
32,100,2,AB,B,0,stage.leaf_distance,1,0.00138321,0.001382802,0.08543075267457097
32,100,2,AB,B,0,stage.node_plan,4,0.000104172,0.000103013,0.006433941605118101
32,100,2,AB,B,0,stage.node_prune,4,0.000101957,0.000100825,0.00629713727520856
32,100,2,AB,B,0,stage.output_alloc,1,6.397e-06,6.071e-06,0.00039509584579292407
32,100,2,AB,B,0,stage.pivot_distance,2,0.00019735,0.000196794,0.012188864337538467
32,100,2,AB,B,0,stage.pivot_sort,2,0.0002102,0.000209579,0.012982514739045277
32,100,2,AB,B,0,stage.result_sort,1,0.001975538,0.001975007,0.12201451571143689
32,100,2,AB,B,0,stage.schedule,10,0.004639445,0.003179142,0.2865445437368693
32,100,2,AB,B,0,stage.threshold,2,0.000430805,0.000430281,0.02660767013394101
32,100,2,AB,B,1,stage.aggregate,1,0.00027944,0.000279176,0.017639364010786373
32,100,2,AB,B,1,stage.alloc_init,1,0.005147864,0.005147467,0.32495364648591035
32,100,2,AB,B,1,stage.candidates,1,0.000119759,0.000119447,0.0075596643092175975
32,100,2,AB,B,1,stage.cleanup,1,0.001879115,0.001878686,0.11861721121932736
32,100,2,AB,B,1,stage.delivery,1,4.4002e-05,4.3719e-05,0.002777581216728536
32,100,2,AB,B,1,stage.leaf_distance,1,0.001389664,0.001389244,0.08772111776655252
32,100,2,AB,B,1,stage.node_plan,4,0.000102777,0.000101625,0.006487692939223415
32,100,2,AB,B,1,stage.node_prune,4,0.000109808,0.000108568,0.006931517618438413
32,100,2,AB,B,1,stage.output_alloc,1,1.0794e-05,1.0507e-05,0.0006813602030218584
32,100,2,AB,B,1,stage.pivot_distance,2,0.001321622,0.000659865,0.08342603615324759
32,100,2,AB,B,1,stage.pivot_sort,2,0.000205218,0.000204593,0.012954176222321638
32,100,2,AB,B,1,stage.result_sort,1,0.002064544,0.002064264,0.13032222706944227
32,100,2,AB,B,1,stage.schedule,10,0.003136133,0.003133032,0.1979651859906939
32,100,2,AB,B,1,stage.threshold,2,2.0236e-05,1.9688e-05,0.0012773767897304362
32,100,2,AB,B,2,stage.aggregate,1,0.000279681,0.000279422,0.019224543209082245
32,100,2,AB,B,2,stage.alloc_init,1,0.003058198,0.00305777,0.21021256214375986
32,100,2,AB,B,2,stage.candidates,1,0.000505742,0.000505325,0.034763387329306145
32,100,2,AB,B,2,stage.cleanup,1,0.001750641,0.001750218,0.12033450090671498
32,100,2,AB,B,2,stage.delivery,1,4.6037e-05,4.5762e-05,0.003164463426963288
32,100,2,AB,B,2,stage.leaf_distance,1,0.001385007,0.001384598,0.09520177243495757
32,100,2,AB,B,2,stage.node_plan,4,0.000103029,0.000101866,0.0070819450098095135
32,100,2,AB,B,2,stage.node_prune,4,5.3686e-05,5.2522e-05,0.0036902357568901335
32,100,2,AB,B,2,stage.output_alloc,1,6.409e-06,6.125e-06,0.00044053796084470557
32,100,2,AB,B,2,stage.pivot_distance,2,0.000103786,0.000103092,0.007133979217386272
32,100,2,AB,B,2,stage.pivot_sort,2,0.000207665,0.000207069,0.014274351012453704
32,100,2,AB,B,2,stage.result_sort,1,0.001998257,0.001997932,0.13735497956368525
32,100,2,AB,B,2,stage.schedule,10,0.005017548,0.005014694,0.34489317590270413
32,100,2,AB,B,2,stage.threshold,2,2.0521e-05,1.999e-05,0.001410560070914995
32,100,2,AB,B,3,stage.aggregate,1,0.000279865,0.000279604,0.01965263917251691
32,100,2,AB,B,3,stage.alloc_init,1,0.003056165,0.003055706,0.2146095724605618
32,100,2,AB,B,3,stage.candidates,1,0.000511612,0.000511271,0.03592634317377922
32,100,2,AB,B,3,stage.cleanup,1,0.001490975,0.001490555,0.10469902878260375
32,100,2,AB,B,3,stage.delivery,1,4.4135e-05,4.3855e-05,0.003099241526732652
32,100,2,AB,B,3,stage.leaf_distance,1,0.001383063,0.001382657,0.09712124807267343
32,100,2,AB,B,3,stage.node_plan,4,9.6891e-05,9.5768e-05,0.006803865656885769
32,100,2,AB,B,3,stage.node_prune,4,5.1992e-05,5.0877e-05,0.003650974633689454
32,100,2,AB,B,3,stage.output_alloc,1,5.974e-06,5.678e-06,0.00041950535585591627
32,100,2,AB,B,3,stage.pivot_distance,2,0.000100463,9.9897e-05,0.007054698119409594
32,100,2,AB,B,3,stage.pivot_sort,2,0.000203783,0.000203059,0.014310020075725842
32,100,2,AB,B,3,stage.result_sort,1,0.001960985,0.001960514,0.13770400238585773
32,100,2,AB,B,3,stage.schedule,10,0.005023578,0.005020646,0.352764960923996
32,100,2,AB,B,3,stage.threshold,2,2.0218e-05,1.9691e-05,0.0014197454443747764
32,100,2,AB,B,4,stage.aggregate,1,0.000280718,0.000280434,0.019652567407939366
32,100,2,AB,B,4,stage.alloc_init,1,0.003063262,0.003062862,0.21445351898766438
32,100,2,AB,B,4,stage.candidates,1,0.00011832,0.000118049,0.008283372550771186
32,100,2,AB,B,4,stage.cleanup,1,0.001263751,0.001263326,0.088472957609953
32,100,2,AB,B,4,stage.delivery,1,5.0704e-05,5.039e-05,0.003549696769897754
32,100,2,AB,B,4,stage.leaf_distance,1,0.001384966,0.001384543,0.09695900395665456
32,100,2,AB,B,4,stage.node_plan,4,0.000101095,9.9951e-05,0.00707748096704034
32,100,2,AB,B,4,stage.node_prune,4,5.436e-05,5.3232e-05,0.003805646820993253
32,100,2,AB,B,4,stage.output_alloc,1,5.4e-06,5.111e-06,0.00037804438619138276
32,100,2,AB,B,4,stage.pivot_distance,2,0.000101296,0.000100708,0.00709155261919302
32,100,2,AB,B,4,stage.pivot_sort,2,0.00020276,0.000202197,0.014194866619289771
32,100,2,AB,B,4,stage.result_sort,1,0.002084315,0.00208405,0.14591918237120222
32,100,2,AB,B,4,stage.schedule,10,0.005542704,0.005539294,0.388034839170467
32,100,2,AB,B,4,stage.threshold,2,2.0302e-05,1.9764e-05,0.001421306875640269
32,100,2,AB,B,5,stage.aggregate,1,0.000243767,0.000243396,0.015819604064384513
32,100,2,AB,B,5,stage.alloc_init,1,0.003051811,0.003051329,0.19805158901464662
32,100,2,AB,B,5,stage.candidates,1,0.000513486,0.000513055,0.033323399855618455
32,100,2,AB,B,5,stage.cleanup,1,0.001467615,0.001467193,0.09524295010789678
32,100,2,AB,B,5,stage.delivery,1,4.516e-05,4.4874e-05,0.002930722040094043
32,100,2,AB,B,5,stage.leaf_distance,1,0.001388603,0.001388192,0.09011535467317776
32,100,2,AB,B,5,stage.node_plan,4,0.000105726,0.00010459,0.006861238228764011
32,100,2,AB,B,5,stage.node_prune,4,5.2965e-05,5.1864e-05,0.0034372385485735377
32,100,2,AB,B,5,stage.output_alloc,1,6.01e-06,5.727e-06,0.0003900274459912577
32,100,2,AB,B,5,stage.pivot_distance,2,0.000101621,0.000101078,0.006594838450761663
32,100,2,AB,B,5,stage.pivot_sort,2,0.0002041,0.000203518,0.013245358024428567
32,100,2,AB,B,5,stage.result_sort,1,0.002212282,0.002211858,0.1435691677657956
32,100,2,AB,B,5,stage.schedule,10,0.005982861,0.005264721,0.3882662222214146
32,100,2,AB,B,5,stage.threshold,2,2.1313e-05,2.0771e-05,0.0013831372639620091
32,100,2,AB,B,6,stage.aggregate,1,6.107e-05,6.0802e-05,0.005630163441607267
32,100,2,AB,B,6,stage.alloc_init,1,0.001980795,0.001980347,0.1826133878224737
32,100,2,AB,B,6,stage.candidates,1,9.6099e-05,9.5821e-05,0.008859555863353803
32,100,2,AB,B,6,stage.cleanup,1,0.001606686,0.001606252,0.1481235431364371
32,100,2,AB,B,6,stage.delivery,1,4.6227e-05,4.5925e-05,0.004261758071314544
32,100,2,AB,B,6,stage.leaf_distance,1,0.001383105,0.001382686,0.12751117090067496
32,100,2,AB,B,6,stage.node_plan,4,0.00010053,9.8919e-05,0.009268058470358255
32,100,2,AB,B,6,stage.node_prune,4,5.4443e-05,5.3343e-05,0.005019207274462493
32,100,2,AB,B,6,stage.output_alloc,1,7.078e-06,6.783e-06,0.0006525347443867076
32,100,2,AB,B,6,stage.pivot_distance,2,0.00010329,0.000102745,0.009522508300042814
32,100,2,AB,B,6,stage.pivot_sort,2,0.000204816,0.000204221,0.018882389969808976
32,100,2,AB,B,6,stage.result_sort,1,0.005038952,0.005038576,0.4645508978944461
32,100,2,AB,B,6,stage.schedule,10,0.000131943,0.000129189,0.012164084738431107
32,100,2,AB,B,6,stage.threshold,2,2.0964e-05,2.0386e-05,0.0019327124019953292
32,100,2,AB,B,7,stage.aggregate,1,6.1642e-05,6.1367e-05,0.0056108056751767495
32,100,2,AB,B,7,stage.alloc_init,1,0.001995817,0.001995376,0.18166414701363087
32,100,2,AB,B,7,stage.candidates,1,9.4077e-05,9.3788e-05,0.008563118742149883
32,100,2,AB,B,7,stage.cleanup,1,0.001634796,0.001634363,0.14880313219162664
32,100,2,AB,B,7,stage.delivery,1,4.366e-05,4.3381e-05,0.003974040034038754
32,100,2,AB,B,7,stage.leaf_distance,1,0.001387346,0.001386907,0.12627962769270568
32,100,2,AB,B,7,stage.node_plan,4,9.8048e-05,9.6853e-05,0.008924568879006682
32,100,2,AB,B,7,stage.node_prune,4,5.6176e-05,5.4921e-05,0.005113276980122791
32,100,2,AB,B,7,stage.output_alloc,1,5.58e-06,5.281e-06,0.0005079052540067853
32,100,2,AB,B,7,stage.pivot_distance,2,0.000103449,0.000102874,0.009416181115008592
32,100,2,AB,B,7,stage.pivot_sort,2,0.000204714,0.000204105,0.018633569205868287
32,100,2,AB,B,7,stage.result_sort,1,0.005143712,0.00514334,0.4681932526698476
32,100,2,AB,B,7,stage.schedule,10,0.00012704,0.000124273,0.011563491661115055
32,100,2,AB,B,7,stage.threshold,2,2.0631e-05,2.0067e-05,0.0018778841031207865
32,100,3,BA,B,0,stage.aggregate,1,5.768e-05,5.7409e-05,0.005169799408556304
32,100,3,BA,B,0,stage.alloc_init,1,0.002005361,0.002004927,0.17973845547402706
32,100,3,BA,B,0,stage.candidates,1,9.4818e-05,9.4536e-05,0.008498440366166638
32,100,3,BA,B,0,stage.cleanup,1,0.003714382,0.003713807,0.3329162598258007
32,100,3,BA,B,0,stage.delivery,1,4.501e-05,4.4724e-05,0.004034200266628281
32,100,3,BA,B,0,stage.leaf_distance,1,0.001389289,0.001388876,0.12452055219337343
32,100,3,BA,B,0,stage.node_plan,4,9.535e-05,9.4208e-05,0.0085461229820708
32,100,3,BA,B,0,stage.node_prune,4,5.2536e-05,5.1378e-05,0.0047087479495130724
32,100,3,BA,B,0,stage.output_alloc,1,6.294e-06,6.001e-06,0.0005641247828962098
32,100,3,BA,B,0,stage.pivot_distance,2,0.000102155,0.000101597,0.009156048172348635
32,100,3,BA,B,0,stage.pivot_sort,2,0.000206161,0.000205551,0.018477999581611934
32,100,3,BA,B,0,stage.result_sort,1,0.003226382,0.003226112,0.2891773189212328
32,100,3,BA,B,0,stage.schedule,10,0.000127945,0.000125284,0.011467579495973238
32,100,3,BA,B,0,stage.threshold,2,2.1244e-05,2.0667e-05,0.001904077992984919
32,100,3,BA,B,1,stage.aggregate,1,5.6021e-05,5.5725e-05,0.005084001137300338
32,100,3,BA,B,1,stage.alloc_init,1,0.002003347,0.002002881,0.1818071513612256
32,100,3,BA,B,1,stage.candidates,1,8.994e-05,8.95e-05,0.008162208141389701
32,100,3,BA,B,1,stage.cleanup,1,0.003579436,0.003579016,0.3248399117276338
32,100,3,BA,B,1,stage.delivery,1,4.6355e-05,4.6074e-05,0.004206795178942846
32,100,3,BA,B,1,stage.leaf_distance,1,0.001386099,0.001385647,0.12579084436926977
32,100,3,BA,B,1,stage.node_plan,4,9.6334e-05,9.5173e-05,0.008742474528492722
32,100,3,BA,B,1,stage.node_prune,4,5.3532e-05,5.2411e-05,0.00485812014926477
32,100,3,BA,B,1,stage.output_alloc,1,5.594e-06,5.296e-06,0.0005076650249381141
32,100,3,BA,B,1,stage.pivot_distance,2,0.000102457,0.000101901,0.009298147204162381
32,100,3,BA,B,1,stage.pivot_sort,2,0.000203813,0.000203221,0.01849637678364531
32,100,3,BA,B,1,stage.result_sort,1,0.003232643,0.003232407,0.29336785649106545
32,100,3,BA,B,1,stage.schedule,10,0.000132764,0.000127895,0.012048559058077188
32,100,3,BA,B,1,stage.threshold,2,2.0104e-05,1.9541e-05,0.0018244722312041198
32,100,3,BA,B,2,stage.aggregate,1,5.5392e-05,5.5106e-05,0.0049891371518234464
32,100,3,BA,B,2,stage.alloc_init,1,0.001991213,0.00199093,0.17934782559744764
32,100,3,BA,B,2,stage.candidates,1,9.526e-05,9.4981e-05,0.008580033309551947
32,100,3,BA,B,2,stage.cleanup,1,0.003674626,0.003674201,0.3309722179314049
32,100,3,BA,B,2,stage.delivery,1,4.6667e-05,4.6382e-05,0.004203279597489615
32,100,3,BA,B,2,stage.leaf_distance,1,0.001387345,0.001386929,0.12495765601344054
32,100,3,BA,B,2,stage.node_plan,4,9.5383e-05,9.4221e-05,0.008591111874501296
32,100,3,BA,B,2,stage.node_prune,4,5.2842e-05,5.167e-05,0.0047594595858003776
32,100,3,BA,B,2,stage.output_alloc,1,5.437e-06,5.123e-06,0.0004897085986146749
32,100,3,BA,B,2,stage.pivot_distance,2,0.000104516,0.000103958,0.009413717839398816
32,100,3,BA,B,2,stage.pivot_sort,2,0.000206001,0.000205223,0.018554434618948255
32,100,3,BA,B,2,stage.result_sort,1,0.003232849,0.00323258,0.2911815253490626
32,100,3,BA,B,2,stage.schedule,10,0.00012464,0.000121969,0.01122627914867263
32,100,3,BA,B,2,stage.threshold,2,2.0462e-05,1.9908e-05,0.0018430048454760861
32,100,3,BA,B,3,stage.aggregate,1,5.6225e-05,5.5949e-05,0.005198430734990149
32,100,3,BA,B,3,stage.alloc_init,1,0.001997703,0.001997241,0.18470290217131216
32,100,3,BA,B,3,stage.candidates,1,9.4e-05,9.3723e-05,0.008691018036266323
32,100,3,BA,B,3,stage.cleanup,1,0.003376925,0.003376527,0.31222251151190056
32,100,3,BA,B,3,stage.delivery,1,4.8281e-05,4.7969e-05,0.004463947253286961
32,100,3,BA,B,3,stage.leaf_distance,1,0.001385564,0.001385144,0.12810597568512033
32,100,3,BA,B,3,stage.node_plan,4,9.7126e-05,9.5962e-05,0.008980040614791521
32,100,3,BA,B,3,stage.node_prune,4,5.2702e-05,5.1544e-05,0.004872702473907529
32,100,3,BA,B,3,stage.output_alloc,1,6.092e-06,5.777e-06,0.0005632519348610048
32,100,3,BA,B,3,stage.pivot_distance,2,0.000104633,0.000103904,0.009674120108389939
32,100,3,BA,B,3,stage.pivot_sort,2,0.000211736,0.000211175,0.019576610584328576
32,100,3,BA,B,3,stage.result_sort,1,0.003222352,0.003222017,0.29793105692764743
32,100,3,BA,B,3,stage.schedule,10,0.000130664,0.000127925,0.012080884900964926
32,100,3,BA,B,3,stage.threshold,2,2.0827e-05,2.0272e-05,0.0019256152408650927
32,100,3,BA,B,4,stage.aggregate,1,5.636e-05,5.608e-05,0.005313226285084758
32,100,3,BA,B,4,stage.alloc_init,1,0.001998853,0.001998437,0.18843786904933504
32,100,3,BA,B,4,stage.candidates,1,9.387e-05,9.359e-05,0.008849406518468881
32,100,3,BA,B,4,stage.cleanup,1,0.003172318,0.00317193,0.2990639351002042
32,100,3,BA,B,4,stage.delivery,1,4.5179e-05,4.489e-05,0.004259159871076016
32,100,3,BA,B,4,stage.leaf_distance,1,0.001387907,0.001387454,0.13084215673621594
32,100,3,BA,B,4,stage.node_plan,4,9.6713e-05,9.5582e-05,0.009117424657725375
32,100,3,BA,B,4,stage.node_prune,4,5.3753e-05,5.2635e-05,0.005067456573849556
32,100,3,BA,B,4,stage.output_alloc,1,5.793e-06,5.48e-06,0.0005461234895226402
32,100,3,BA,B,4,stage.pivot_distance,2,0.000101826,0.000101279,0.009599442507186666
32,100,3,BA,B,4,stage.pivot_sort,2,0.000202411,0.000201667,0.01908189222126137
32,100,3,BA,B,4,stage.result_sort,1,0.003235033,0.003234745,0.3049762663008623
32,100,3,BA,B,4,stage.schedule,10,0.000126774,0.000124047,0.011951365313437455
32,100,3,BA,B,4,stage.threshold,2,2.0257e-05,1.9698e-05,0.0019096881628275714
32,100,3,BA,B,5,stage.aggregate,1,5.61e-05,5.5824e-05,0.005018953931907557
32,100,3,BA,B,5,stage.alloc_init,1,0.002008373,0.001582347,0.17967792451135428
32,100,3,BA,B,5,stage.candidates,1,9.2543e-05,9.2247e-05,0.008279305770419269
32,100,3,BA,B,5,stage.cleanup,1,0.003732282,0.00373187,0.3339064424044171
32,100,3,BA,B,5,stage.delivery,1,4.4424e-05,4.4145e-05,0.003974367370250647
32,100,3,BA,B,5,stage.leaf_distance,1,0.001390353,0.001389966,0.12438712399446465
32,100,3,BA,B,5,stage.node_plan,4,9.5006e-05,9.3869e-05,0.008499656635558099
32,100,3,BA,B,5,stage.node_prune,4,5.1921e-05,5.08e-05,0.0046450821229692026
32,100,3,BA,B,5,stage.output_alloc,1,5.356e-06,5.041e-06,0.0004791714306470031
32,100,3,BA,B,5,stage.pivot_distance,2,0.000101122,0.000100567,0.009046821024997431
32,100,3,BA,B,5,stage.pivot_sort,2,0.000201485,0.000200716,0.018025738555621996
32,100,3,BA,B,5,stage.result_sort,1,0.003242942,0.00302808,0.2901279233841026
32,100,3,BA,B,5,stage.schedule,10,0.00012537,0.000122708,0.011216154268150631
32,100,3,BA,B,5,stage.threshold,2,2.0507e-05,1.9952e-05,0.0018346468499398976
32,100,3,BA,B,6,stage.aggregate,1,5.6775e-05,5.6495e-05,0.00528615879257895
32,100,3,BA,B,6,stage.alloc_init,1,0.001998076,0.001997658,0.18603517420767907
32,100,3,BA,B,6,stage.candidates,1,9.3504e-05,9.3217e-05,0.008705891532211399
32,100,3,BA,B,6,stage.cleanup,1,0.003312975,0.003312568,0.30846168077224567
32,100,3,BA,B,6,stage.delivery,1,4.5066e-05,4.4778e-05,0.004195967100772575
32,100,3,BA,B,6,stage.leaf_distance,1,0.001387709,0.001387284,0.12920563860662163
32,100,3,BA,B,6,stage.node_plan,4,9.3147e-05,9.2e-05,0.00867265227745225
32,100,3,BA,B,6,stage.node_prune,4,5.1164e-05,5.0032e-05,0.0047637345392075635
32,100,3,BA,B,6,stage.output_alloc,1,6.011e-06,5.717e-06,0.0005596671158466239
32,100,3,BA,B,6,stage.pivot_distance,2,9.8478e-05,9.777e-05,0.00916900652709097
32,100,3,BA,B,6,stage.pivot_sort,2,0.000197574,0.000196966,0.018395553276706184
32,100,3,BA,B,6,stage.result_sort,1,0.003250001,0.003249737,0.30259835071845675
32,100,3,BA,B,6,stage.schedule,10,0.000122105,0.000119396,0.011368849306347033
32,100,3,BA,B,6,stage.threshold,2,1.8193e-05,1.7424e-05,0.0016938984925299664
32,100,3,BA,B,7,stage.aggregate,1,5.615e-05,5.5708e-05,0.005322977716394213
32,100,3,BA,B,7,stage.alloc_init,1,0.002001329,0.002000872,0.18972448210460396
32,100,3,BA,B,7,stage.candidates,1,9.2886e-05,9.261e-05,0.00880552285244867
32,100,3,BA,B,7,stage.cleanup,1,0.003112453,0.003112061,0.2950582005756779
32,100,3,BA,B,7,stage.delivery,1,4.5171e-05,4.484e-05,0.004282176784100498
32,100,3,BA,B,7,stage.leaf_distance,1,0.001385321,0.001384844,0.13132738758776394
32,100,3,BA,B,7,stage.node_plan,4,9.7209e-05,9.6079e-05,0.0092153399970252
32,100,3,BA,B,7,stage.node_prune,4,5.3257e-05,5.1961e-05,0.005048723494960046
32,100,3,BA,B,7,stage.output_alloc,1,6.238e-06,5.933e-06,0.0005913577024909546
32,100,3,BA,B,7,stage.pivot_distance,2,0.000101519,0.000100959,0.009623924751391346
32,100,3,BA,B,7,stage.pivot_sort,2,0.000208716,0.000208095,0.019786119626980132
32,100,3,BA,B,7,stage.result_sort,1,0.003227158,0.003226941,0.30593214819738757
32,100,3,BA,B,7,stage.schedule,10,0.000129538,0.000126807,0.0122801048517591
32,100,3,BA,B,7,stage.threshold,2,2.0541e-05,1.9976e-05,0.0019472713316554498
32,100,3,BA,A,0,stage.aggregate,1,0.000244183,0.000243865,0.013408272601582009
32,100,3,BA,A,0,stage.alloc_init,1,0.003065293,0.003065013,0.16831754932866386
32,100,3,BA,A,0,stage.candidates,1,9.7753e-05,9.7477e-05,0.005367690918788148
32,100,3,BA,A,0,stage.cleanup,1,0.001373077,0.001372752,0.07539669313163662
32,100,3,BA,A,0,stage.delivery,1,4.4675e-05,4.4381e-05,0.0024531379271926232
32,100,3,BA,A,0,stage.leaf_distance,1,0.003763099,0.003762848,0.20663460281322066
32,100,3,BA,A,0,stage.node_plan,4,0.000100318,9.9156e-05,0.00550853700235276
32,100,3,BA,A,0,stage.node_prune,4,5.3125e-05,5.2012e-05,0.0029171337970253634
32,100,3,BA,A,0,stage.output_alloc,1,6.309e-06,6.009e-06,0.00034643194589050385
32,100,3,BA,A,0,stage.pivot_distance,2,0.000101109,0.000100561,0.005551971408629411
32,100,3,BA,A,0,stage.pivot_sort,2,0.000201702,0.000201116,0.01107560886828442
32,100,3,BA,A,0,stage.result_sort,1,0.002129552,0.002129271,0.11693530563243212
32,100,3,BA,A,0,stage.schedule,10,0.006999258,0.005565859,0.38433453300517934
32,100,3,BA,A,0,stage.threshold,2,2.0105e-05,1.9526e-05,0.0011039807056789635
32,100,3,BA,A,1,stage.aggregate,1,6.2557e-05,6.2282e-05,0.005163217409857052
32,100,3,BA,A,1,stage.alloc_init,1,0.002000317,0.001999967,0.1650985750536795
32,100,3,BA,A,1,stage.candidates,1,9.3526e-05,9.3245e-05,0.007719281159171485
32,100,3,BA,A,1,stage.cleanup,1,0.001965683,0.001965364,0.16224001611106734
32,100,3,BA,A,1,stage.delivery,1,4.4286e-05,4.4003e-05,0.003655198398467468
32,100,3,BA,A,1,stage.leaf_distance,1,0.003779469,0.003779214,0.31194303020948927
32,100,3,BA,A,1,stage.node_plan,4,0.000102661,0.000101508,0.008473249396763508
32,100,3,BA,A,1,stage.node_prune,4,5.2284e-05,5.1152e-05,0.004315322970362487
32,100,3,BA,A,1,stage.output_alloc,1,6.119e-06,5.82e-06,0.0005050390416886248
32,100,3,BA,A,1,stage.pivot_distance,2,0.000102189,0.000101637,0.008434292307749447
32,100,3,BA,A,1,stage.pivot_sort,2,0.000202631,0.000201986,0.01672439386442355
32,100,3,BA,A,1,stage.result_sort,1,0.003541113,0.003540873,0.2922700304022113
32,100,3,BA,A,1,stage.schedule,10,0.000131581,0.000128897,0.010860196460930043
32,100,3,BA,A,1,stage.threshold,2,2.0869e-05,2.0297e-05,0.0017224480733779883
32,100,3,BA,A,2,stage.aggregate,1,6.2595e-05,6.2326e-05,0.00535377692946802
32,100,3,BA,A,2,stage.alloc_init,1,0.001989423,0.00198913,0.17015619395084364
32,100,3,BA,A,2,stage.candidates,1,9.6518e-05,9.6214e-05,0.008255225524057741
32,100,3,BA,A,2,stage.cleanup,1,0.001494595,0.001494278,0.12783334499398125
32,100,3,BA,A,2,stage.delivery,1,4.4011e-05,4.3732e-05,0.0037642795182173823
32,100,3,BA,A,2,stage.leaf_distance,1,0.003781625,0.003781346,0.3234439920265117
32,100,3,BA,A,2,stage.node_plan,4,9.5894e-05,9.4751e-05,0.008201854539091082
32,100,3,BA,A,2,stage.node_prune,4,5.3706e-05,5.26e-05,0.004593496984967002
32,100,3,BA,A,2,stage.output_alloc,1,5.676e-06,5.379e-06,0.00048547069017749794
32,100,3,BA,A,2,stage.pivot_distance,2,0.000101301,0.000100755,0.00866431754504417
32,100,3,BA,A,2,stage.pivot_sort,2,0.000201359,0.000200755,0.017222320772278154
32,100,3,BA,A,2,stage.result_sort,1,0.003608107,0.003607826,0.3086029238062476
32,100,3,BA,A,2,stage.schedule,10,0.000127202,0.000124438,0.010879641073283666
32,100,3,BA,A,2,stage.threshold,2,1.999e-05,1.9421e-05,0.0017097531882748736
32,100,3,BA,A,3,stage.aggregate,1,6.0731e-05,6.0445e-05,0.005267175301075299
32,100,3,BA,A,3,stage.alloc_init,1,0.001998223,0.00199792,0.17330508029903324
32,100,3,BA,A,3,stage.candidates,1,9.5997e-05,9.5712e-05,0.008325781353465702
32,100,3,BA,A,3,stage.cleanup,1,0.001368979,0.001368494,0.11873100025507174
32,100,3,BA,A,3,stage.delivery,1,4.3698e-05,4.3414e-05,0.0037899100345192478
32,100,3,BA,A,3,stage.leaf_distance,1,0.003782331,0.003782015,0.32804005242283907
32,100,3,BA,A,3,stage.node_plan,4,9.6867e-05,9.5712e-05,0.008401236104942469
32,100,3,BA,A,3,stage.node_prune,4,5.3578e-05,5.2492e-05,0.004646798476577241
32,100,3,BA,A,3,stage.output_alloc,1,5.787e-06,5.485e-06,0.0005019041917195956
32,100,3,BA,A,3,stage.pivot_distance,2,0.000102138,0.000101564,0.008858387823372395
32,100,3,BA,A,3,stage.pivot_sort,2,0.000222533,0.000221899,0.019300197942964708
32,100,3,BA,A,3,stage.result_sort,1,0.003540018,0.003539602,0.30702434300377035
32,100,3,BA,A,3,stage.schedule,10,0.000129297,0.000126567,0.011213877013438492
32,100,3,BA,A,3,stage.threshold,2,1.9982e-05,1.9398e-05,0.0017330308551824708
32,100,3,BA,A,4,stage.aggregate,1,6.2172e-05,6.1903e-05,0.005329691280470074
32,100,3,BA,A,4,stage.alloc_init,1,0.002001563,0.00200126,0.1715838780867838
32,100,3,BA,A,4,stage.candidates,1,9.5232e-05,9.4956e-05,0.008163757962132891
32,100,3,BA,A,4,stage.cleanup,1,0.00167662,0.001676006,0.14372815728401428
32,100,3,BA,A,4,stage.delivery,1,4.5169e-05,4.4888e-05,0.0038721100406541977
32,100,3,BA,A,4,stage.leaf_distance,1,0.003785289,0.003785028,0.3244936913298476
32,100,3,BA,A,4,stage.node_plan,4,9.4567e-05,9.3389e-05,0.00810675087370864
32,100,3,BA,A,4,stage.node_prune,4,5.2349e-05,5.1197e-05,0.004487615145746122
32,100,3,BA,A,4,stage.output_alloc,1,5.366e-06,5.065e-06,0.0004600000548639648
32,100,3,BA,A,4,stage.pivot_distance,2,0.00010186,0.000101278,0.008731942897585436
32,100,3,BA,A,4,stage.pivot_sort,2,0.000203365,0.00020275,0.01743345343969627
32,100,3,BA,A,4,stage.result_sort,1,0.003385071,0.003384805,0.29018502529228773
32,100,3,BA,A,4,stage.schedule,10,0.000126205,0.000123405,0.010818916683583056
32,100,3,BA,A,4,stage.threshold,2,2.0914e-05,2.0335e-05,0.0017928514997064776
32,100,3,BA,A,5,stage.aggregate,1,6.108e-05,6.0799e-05,0.005326882003633234
32,100,3,BA,A,5,stage.alloc_init,1,0.0020065,0.002006164,0.1749899924736425
32,100,3,BA,A,5,stage.candidates,1,9.4292e-05,9.401e-05,0.008223352290219137
32,100,3,BA,A,5,stage.cleanup,1,0.001517078,0.001516773,0.13230673700569578
32,100,3,BA,A,5,stage.delivery,1,4.4311e-05,4.4019e-05,0.0038644313762768866
32,100,3,BA,A,5,stage.leaf_distance,1,0.003781567,0.003781305,0.329796352289347
32,100,3,BA,A,5,stage.node_plan,4,9.5553e-05,9.4352e-05,0.008333326065703445
32,100,3,BA,A,5,stage.node_prune,4,5.374e-05,5.2572e-05,0.004686749162987065
32,100,3,BA,A,5,stage.output_alloc,1,5.103e-06,4.807e-06,0.0004450405838988276
32,100,3,BA,A,5,stage.pivot_distance,2,0.000102464,0.000101899,0.008936045147679693
32,100,3,BA,A,5,stage.pivot_sort,2,0.00020424,0.000203616,0.017812088742993643
32,100,3,BA,A,5,stage.result_sort,1,0.003349008,0.003348696,0.2920722076821174
32,100,3,BA,A,5,stage.schedule,10,0.000123133,0.000120414,0.010738620853853485
32,100,3,BA,A,5,stage.threshold,2,1.9811e-05,1.9237e-05,0.0017277481888339553
32,100,3,BA,A,6,stage.aggregate,1,6.2153e-05,6.1873e-05,0.0053537028952874875
32,100,3,BA,A,6,stage.alloc_init,1,0.001990261,0.001989778,0.1714360703116144
32,100,3,BA,A,6,stage.candidates,1,9.4304e-05,9.4022e-05,0.00812310906693468
32,100,3,BA,A,6,stage.cleanup,1,0.00145363,0.00145331,0.12521202741101395
32,100,3,BA,A,6,stage.delivery,1,3.9525e-05,3.9235e-05,0.0034045839611320117
32,100,3,BA,A,6,stage.leaf_distance,1,0.003784116,0.003783847,0.32595422240766664
32,100,3,BA,A,6,stage.node_plan,4,9.772e-05,9.6575e-05,0.008417354704157375
32,100,3,BA,A,6,stage.node_prune,4,5.2789e-05,5.1693e-05,0.004547111517373758
32,100,3,BA,A,6,stage.output_alloc,1,5.969e-06,5.669e-06,0.0005141546278051102
32,100,3,BA,A,6,stage.pivot_distance,2,0.000103211,0.000102614,0.008890335615746895
32,100,3,BA,A,6,stage.pivot_sort,2,0.000209856,0.000209244,0.01807646734338569
32,100,3,BA,A,6,stage.result_sort,1,0.003552723,0.00355244,0.3060226121225757
32,100,3,BA,A,6,stage.schedule,10,0.000132021,0.000129383,0.011371956461293088
32,100,3,BA,A,6,stage.threshold,2,2.0985e-05,2.0438e-05,0.0018075950518495955
32,100,3,BA,A,7,stage.aggregate,1,6.1054e-05,6.0771e-05,0.005137448672003934
32,100,3,BA,A,7,stage.alloc_init,1,0.001997877,0.001997392,0.1681133183817146
32,100,3,BA,A,7,stage.candidates,1,9.6302e-05,9.6002e-05,0.008103426180288316
32,100,3,BA,A,7,stage.cleanup,1,0.001825666,0.001825355,0.15362245499431215
32,100,3,BA,A,7,stage.delivery,1,4.5207e-05,4.4912e-05,0.0038039873245861344
32,100,3,BA,A,7,stage.leaf_distance,1,0.003778899,0.003778633,0.3179791602382644
32,100,3,BA,A,7,stage.node_plan,4,9.553e-05,9.4339e-05,0.008038465483613455
32,100,3,BA,A,7,stage.node_prune,4,5.3485e-05,5.2354e-05,0.004500547748257778
32,100,3,BA,A,7,stage.output_alloc,1,5.357e-06,5.058e-06,0.00045077001565704247
32,100,3,BA,A,7,stage.pivot_distance,2,0.000102537,0.000101942,0.008628076366515991
32,100,3,BA,A,7,stage.pivot_sort,2,0.000203256,0.000202675,0.01710317534112149
32,100,3,BA,A,7,stage.result_sort,1,0.003465193,0.003464779,0.29158206138970955
32,100,3,BA,A,7,stage.schedule,10,0.000124599,0.000121935,0.010484504980558492
32,100,3,BA,A,7,stage.threshold,2,1.949e-05,1.8939e-05,0.0016400051530998244
32,100,4,AB,A,0,stage.aggregate,1,0.000301287,0.000301013,0.016304083134172864
32,100,4,AB,A,0,stage.alloc_init,1,0.005151133,0.005150918,0.27875248738638325
32,100,4,AB,A,0,stage.candidates,1,0.000152676,0.000152395,0.008262029880456098
32,100,4,AB,A,0,stage.cleanup,1,0.001390445,0.001389942,0.0752436410249861
32,100,4,AB,A,0,stage.delivery,1,4.586e-05,4.5574e-05,0.002481704330200664
32,100,4,AB,A,0,stage.leaf_distance,1,0.003750486,0.003750277,0.2029567672602915
32,100,4,AB,A,0,stage.node_plan,4,0.000103525,0.000102364,0.005602233772002262
32,100,4,AB,A,0,stage.node_prune,4,0.000104957,0.000103776,0.005679726153180792
32,100,4,AB,A,0,stage.output_alloc,1,6.737e-06,6.431e-06,0.00036457134916183763
32,100,4,AB,A,0,stage.pivot_distance,2,0.000197644,0.000196983,0.010695463816794157
32,100,4,AB,A,0,stage.pivot_sort,2,0.000209833,0.000209248,0.011355069008264196
32,100,4,AB,A,0,stage.result_sort,1,0.002137089,0.002136803,0.11564812527963819
32,100,4,AB,A,0,stage.schedule,10,0.004484158,0.003172532,0.24265927444186547
32,100,4,AB,A,0,stage.threshold,2,0.000430716,0.00043013,0.02330810646067835
32,100,4,AB,A,1,stage.aggregate,1,0.000287127,0.000286843,0.016713712127879834
32,100,4,AB,A,1,stage.alloc_init,1,0.005159805,0.005159622,0.3003531378309772
32,100,4,AB,A,1,stage.candidates,1,0.000119181,0.000118877,0.006937546539032715
32,100,4,AB,A,1,stage.cleanup,1,0.00151232,0.001512059,0.08803240769845827
32,100,4,AB,A,1,stage.delivery,1,4.514e-05,4.4854e-05,0.002627607175404945
32,100,4,AB,A,1,stage.leaf_distance,1,0.003759284,0.003759072,0.21882856917999566
32,100,4,AB,A,1,stage.node_plan,4,0.000103386,0.000102238,0.006018116868329988
32,100,4,AB,A,1,stage.node_prune,4,0.000106765,0.000105627,0.006214809040365728
32,100,4,AB,A,1,stage.output_alloc,1,6.399e-06,6.11e-06,0.0003724868922334126
32,100,4,AB,A,1,stage.pivot_distance,2,0.000715401,0.000714824,0.041643615438455316
32,100,4,AB,A,1,stage.pivot_sort,2,0.000213854,0.000213293,0.012448478176540743
32,100,4,AB,A,1,stage.result_sort,1,0.001944572,0.001944304,0.11319387107424779
32,100,4,AB,A,1,stage.schedule,10,0.00315118,0.003148387,0.18343073059354353
32,100,4,AB,A,1,stage.threshold,2,4.3895e-05,4.3347e-05,0.002555135510952593
32,100,4,AB,A,2,stage.aggregate,1,0.000297993,0.000297731,0.017606075254859833
32,100,4,AB,A,2,stage.alloc_init,1,0.003050997,0.003050731,0.1802595456415137
32,100,4,AB,A,2,stage.candidates,1,0.000512019,0.000511707,0.03025119732986371
32,100,4,AB,A,2,stage.cleanup,1,0.001563531,0.001563283,0.09237681572824277
32,100,4,AB,A,2,stage.delivery,1,4.547e-05,4.5186e-05,0.0026864666010224286
32,100,4,AB,A,2,stage.leaf_distance,1,0.003765138,0.003764923,0.22245255080801377
32,100,4,AB,A,2,stage.node_plan,4,0.00010238,0.000101264,0.006048833310153426
32,100,4,AB,A,2,stage.node_prune,4,5.371e-05,5.2611e-05,0.003173303741827901
32,100,4,AB,A,2,stage.output_alloc,1,7.06e-06,6.744e-06,0.0004171201716124554
32,100,4,AB,A,2,stage.pivot_distance,2,0.000101471,0.000100919,0.00599512761100389
32,100,4,AB,A,2,stage.pivot_sort,2,0.000202611,0.000201987,0.011970699021327367
32,100,4,AB,A,2,stage.result_sort,1,0.002175463,0.002175166,0.12853109063690468
32,100,4,AB,A,2,stage.schedule,10,0.005017911,0.005015414,0.2964691072883892
32,100,4,AB,A,2,stage.threshold,2,2.005e-05,1.9502e-05,0.0011845976545084606
32,100,4,AB,A,3,stage.aggregate,1,0.000275206,0.000274801,0.0162056909589114
32,100,4,AB,A,3,stage.alloc_init,1,0.003050217,0.003049953,0.17961408566534834
32,100,4,AB,A,3,stage.candidates,1,0.000514592,0.000514273,0.030302097054308905
32,100,4,AB,A,3,stage.cleanup,1,0.001604592,0.001604114,0.09448748234828297
32,100,4,AB,A,3,stage.delivery,1,4.9326e-05,4.9018e-05,0.0029045947844133623
32,100,4,AB,A,3,stage.leaf_distance,1,0.003760775,0.003760583,0.22145577282472048
32,100,4,AB,A,3,stage.node_plan,4,0.000102953,0.00010175,0.006062456855202305
32,100,4,AB,A,3,stage.node_prune,4,5.3387e-05,5.2296e-05,0.003143729508889352
32,100,4,AB,A,3,stage.output_alloc,1,6.061e-06,5.766e-06,0.0003569060736392448
32,100,4,AB,A,3,stage.pivot_distance,2,0.000103527,0.000102971,0.006096257232412159
32,100,4,AB,A,3,stage.pivot_sort,2,0.00020608,0.000205496,0.012135159817781812
32,100,4,AB,A,3,stage.result_sort,1,0.002205546,0.002205259,0.1298750640308104
32,100,4,AB,A,3,stage.schedule,10,0.00502058,0.005018116,0.29564024009102785
32,100,4,AB,A,3,stage.threshold,2,1.9508e-05,1.8969e-05,0.001148741739738391
32,100,4,AB,A,4,stage.aggregate,1,0.000277456,0.000277206,0.01678343336434476
32,100,4,AB,A,4,stage.alloc_init,1,0.003041469,0.002977316,0.18397977441908014
32,100,4,AB,A,4,stage.candidates,1,0.000512633,0.000512313,0.03100939174450777
32,100,4,AB,A,4,stage.cleanup,1,0.001453564,0.001453314,0.08792671463154673
32,100,4,AB,A,4,stage.delivery,1,4.5587e-05,4.5307e-05,0.0027575773339930825
32,100,4,AB,A,4,stage.leaf_distance,1,0.003754247,0.003754004,0.2270960237219279
32,100,4,AB,A,4,stage.node_plan,4,9.8634e-05,9.7514e-05,0.0059664132924095396
32,100,4,AB,A,4,stage.node_prune,4,5.04e-05,4.9303e-05,0.003048717784308056
32,100,4,AB,A,4,stage.output_alloc,1,6.598e-06,6.286e-06,0.00039911587184255064
32,100,4,AB,A,4,stage.pivot_distance,2,0.000102801,0.000102252,0.006218476923505008
32,100,4,AB,A,4,stage.pivot_sort,2,0.000203391,0.000202793,0.012303209501353171
32,100,4,AB,A,4,stage.result_sort,1,0.001915215,0.001914944,0.11585218316018955
32,100,4,AB,A,4,stage.schedule,10,0.005036673,0.005034191,0.30467052676278195
32,100,4,AB,A,4,stage.threshold,2,2.1483e-05,2.0926e-05,0.001299515955561309
32,100,4,AB,A,5,stage.aggregate,1,0.000258143,0.00025788,0.014202851266008214
32,100,4,AB,A,5,stage.alloc_init,1,0.003064936,0.003064694,0.168630682016689
32,100,4,AB,A,5,stage.candidates,1,0.000507664,0.00050729,0.027931325990272034
32,100,4,AB,A,5,stage.cleanup,1,0.001589454,0.00158913,0.08745067174458272
32,100,4,AB,A,5,stage.delivery,1,4.6845e-05,4.6563e-05,0.002577379853632114
32,100,4,AB,A,5,stage.leaf_distance,1,0.003754371,0.00375418,0.20656292407857088
32,100,4,AB,A,5,stage.node_plan,4,0.000102695,0.000101529,0.005650208647000746
32,100,4,AB,A,5,stage.node_prune,4,5.3901e-05,5.2793e-05,0.002965596146667191
32,100,4,AB,A,5,stage.output_alloc,1,6.289e-06,5.983e-06,0.0003460164777349208
32,100,4,AB,A,5,stage.pivot_distance,2,0.000101009,0.000100448,0.00555744608038267
32,100,4,AB,A,5,stage.pivot_sort,2,0.000204968,0.000204374,0.01127719914268902
32,100,4,AB,A,5,stage.result_sort,1,0.002216749,0.002216495,0.12196401351604515
32,100,4,AB,A,5,stage.schedule,10,0.006237896,0.005524298,0.3432047706148436
32,100,4,AB,A,5,stage.threshold,2,1.9963e-05,1.9409e-05,0.001098350603438102
32,100,4,AB,A,6,stage.aggregate,1,5.708e-05,5.6792e-05,0.0049626820740498595
32,100,4,AB,A,6,stage.alloc_init,1,0.001964965,0.001964691,0.17083911320314263
32,100,4,AB,A,6,stage.candidates,1,9.6229e-05,9.594e-05,0.008366396869371828
32,100,4,AB,A,6,stage.cleanup,1,0.00194374,0.001943277,0.16899375708853667
32,100,4,AB,A,6,stage.delivery,1,4.5652e-05,4.5371e-05,0.0039691023483623715
32,100,4,AB,A,6,stage.leaf_distance,1,0.003783773,0.003783571,0.3289709607458629
32,100,4,AB,A,6,stage.node_plan,4,9.7399e-05,9.6252e-05,0.00846811967992961
32,100,4,AB,A,6,stage.node_prune,4,5.2018e-05,5.0911e-05,0.00452257876888447
32,100,4,AB,A,6,stage.output_alloc,1,6.824e-06,6.532e-06,0.0005932961190139495
32,100,4,AB,A,6,stage.pivot_distance,2,0.00010174,0.000101194,0.00884553738987093
32,100,4,AB,A,6,stage.pivot_sort,2,0.000202137,0.000201527,0.017574310904033223
32,100,4,AB,A,6,stage.result_sort,1,0.002987212,0.002986942,0.25971589775379517
32,100,4,AB,A,6,stage.schedule,10,0.000131758,0.000129064,0.011455379549976547
32,100,4,AB,A,6,stage.threshold,2,2.1213e-05,2.0676e-05,0.0018443128037284452
32,100,4,AB,A,7,stage.aggregate,1,5.7781e-05,5.7512e-05,0.005218725670302913
32,100,4,AB,A,7,stage.alloc_init,1,0.001991486,0.001991236,0.1798691457442562
32,100,4,AB,A,7,stage.candidates,1,9.7085e-05,9.6801e-05,0.008768626048378502
32,100,4,AB,A,7,stage.cleanup,1,0.001642098,0.001641843,0.14831274961930516
32,100,4,AB,A,7,stage.delivery,1,4.6207e-05,4.592e-05,0.004173372856954478
32,100,4,AB,A,7,stage.leaf_distance,1,0.003783051,0.003782863,0.34168161447128126
32,100,4,AB,A,7,stage.node_plan,4,9.9685e-05,9.8555e-05,0.009003455607278272
32,100,4,AB,A,7,stage.node_prune,4,5.323e-05,5.2117e-05,0.0048076836231672
32,100,4,AB,A,7,stage.output_alloc,1,5.889e-06,5.582e-06,0.0005318889509079776
32,100,4,AB,A,7,stage.pivot_distance,2,0.000102015,0.000101384,0.009213899019676912
32,100,4,AB,A,7,stage.pivot_sort,2,0.000198215,0.000197623,0.017902592698968378
32,100,4,AB,A,7,stage.result_sort,1,0.002839273,0.00283905,0.2564404716100095
32,100,4,AB,A,7,stage.schedule,10,0.000127629,0.000124905,0.0115273314510841
32,100,4,AB,A,7,stage.threshold,2,1.9729e-05,1.9182e-05,0.0017819047567436729
32,100,4,AB,B,0,stage.aggregate,1,0.000277156,0.00027661,0.017109849398927304
32,100,4,AB,B,0,stage.alloc_init,1,0.005160195,0.005159946,0.31855763295435674
32,100,4,AB,B,0,stage.candidates,1,0.000152691,0.000152419,0.009426171594955943
32,100,4,AB,B,0,stage.cleanup,1,0.001537037,0.001536691,0.09488689254636028
32,100,4,AB,B,0,stage.delivery,1,4.5574e-05,4.5307e-05,0.0028134490197098856
32,100,4,AB,B,0,stage.leaf_distance,1,0.001380461,0.00138014,0.08522088575059744
32,100,4,AB,B,0,stage.node_plan,4,9.975e-05,9.8607e-05,0.0061579308315280875
32,100,4,AB,B,0,stage.node_prune,4,9.6891e-05,9.5749e-05,0.005981434347845494
32,100,4,AB,B,0,stage.output_alloc,1,7.148e-06,6.846e-06,0.000441272076027697
32,100,4,AB,B,0,stage.pivot_distance,2,0.000198111,0.000197455,0.012230113633732942
32,100,4,AB,B,0,stage.pivot_sort,2,0.0002138,0.00021321,0.013198652749681255
32,100,4,AB,B,0,stage.result_sort,1,0.001960098,0.001959727,0.12100398904277235
32,100,4,AB,B,0,stage.schedule,10,0.004631314,0.003171002,0.28590788241691906
32,100,4,AB,B,0,stage.threshold,2,0.000425697,0.000425064,0.02627982637783471
32,100,4,AB,B,1,stage.aggregate,1,0.000276057,0.00027577,0.01805892037019423
32,100,4,AB,B,1,stage.alloc_init,1,0.005143408,0.005143152,0.33646817687441344
32,100,4,AB,B,1,stage.candidates,1,0.000120354,0.000120076,0.007873241041648486
32,100,4,AB,B,1,stage.cleanup,1,0.001322656,0.001322304,0.08652466476546371
32,100,4,AB,B,1,stage.delivery,1,4.6153e-05,4.5872e-05,0.0030192074529737487
32,100,4,AB,B,1,stage.leaf_distance,1,0.00138236,0.001382044,0.09043034287462985
32,100,4,AB,B,1,stage.node_plan,4,0.00010433,0.000103189,0.006824993252199233
32,100,4,AB,B,1,stage.node_prune,4,0.000111247,0.000110089,0.00727748513684854
32,100,4,AB,B,1,stage.output_alloc,1,7.175e-06,6.892e-06,0.00046936956373554585
32,100,4,AB,B,1,stage.pivot_distance,2,0.001324045,0.000665404,0.08661552947961405
32,100,4,AB,B,1,stage.pivot_sort,2,0.000210135,0.000209501,0.013746477111577551
32,100,4,AB,B,1,stage.result_sort,1,0.002074755,0.002074469,0.13572499640531602
32,100,4,AB,B,1,stage.schedule,10,0.003130835,0.003128185,0.20481096279832442
32,100,4,AB,B,1,stage.threshold,2,2.0696e-05,2.0124e-05,0.001353877699103952
32,100,4,AB,B,2,stage.aggregate,1,0.000285463,0.000285183,0.019488953212666856
32,100,4,AB,B,2,stage.alloc_init,1,0.003053096,0.003052722,0.20843908001310263
32,100,4,AB,B,2,stage.candidates,1,0.000516502,0.000516192,0.03526230478993374
32,100,4,AB,B,2,stage.cleanup,1,0.001630908,0.001630557,0.11134434131976498
32,100,4,AB,B,2,stage.delivery,1,4.6618e-05,4.6332e-05,0.003182675235908343
32,100,4,AB,B,2,stage.leaf_distance,1,0.0013848,0.001384504,0.09454220830335651
32,100,4,AB,B,2,stage.node_plan,4,0.000104432,0.000103321,0.0071297168526401845
32,100,4,AB,B,2,stage.node_prune,4,5.3413e-05,5.2302e-05,0.003646579269285948
32,100,4,AB,B,2,stage.output_alloc,1,6.581e-06,6.27e-06,0.00044929395785989976
32,100,4,AB,B,2,stage.pivot_distance,2,0.000101673,0.00010108,0.006941356112671264
32,100,4,AB,B,2,stage.pivot_sort,2,0.000207982,0.000207386,0.014199218347305528
32,100,4,AB,B,2,stage.result_sort,1,0.002205471,0.002205215,0.15057055075751877
32,100,4,AB,B,2,stage.schedule,10,0.005018848,0.005016045,0.3426436836069355
32,100,4,AB,B,2,stage.threshold,2,2.0701e-05,2.0152e-05,0.0014132858565047539
32,100,4,AB,B,3,stage.aggregate,1,0.000287741,0.000287401,0.020172923997472468
32,100,4,AB,B,3,stage.alloc_init,1,0.003038295,0.003037962,0.21300855323676712
32,100,4,AB,B,3,stage.candidates,1,0.000516177,0.000515797,0.036188097595557626
32,100,4,AB,B,3,stage.cleanup,1,0.001358986,0.001358627,0.09527568643894724
32,100,4,AB,B,3,stage.delivery,1,4.7289e-05,4.7005e-05,0.00331533359137723
32,100,4,AB,B,3,stage.leaf_distance,1,0.001381529,0.001381227,0.09685612935697083
32,100,4,AB,B,3,stage.node_plan,4,0.000102201,0.000100206,0.007165099883109059
32,100,4,AB,B,3,stage.node_prune,4,5.3276e-05,5.2161e-05,0.00373506972899011
32,100,4,AB,B,3,stage.output_alloc,1,6.532e-06,6.236e-06,0.0004579449558856408
32,100,4,AB,B,3,stage.pivot_distance,2,0.0001024,0.000101856,0.007179051359872874
32,100,4,AB,B,3,stage.pivot_sort,2,0.000205739,0.000205152,0.014423934059852395
32,100,4,AB,B,3,stage.result_sort,1,0.0021156,0.00211532,0.14832032282174856
32,100,4,AB,B,3,stage.schedule,10,0.005016891,0.005014174,0.3517238101160545
32,100,4,AB,B,3,stage.threshold,2,2.0967e-05,2.0413e-05,0.0014699528306880327
32,100,4,AB,B,4,stage.aggregate,1,0.000275103,0.000274831,0.01931515837239093
32,100,4,AB,B,4,stage.alloc_init,1,0.003052815,0.00305248,0.21434010245839052
32,100,4,AB,B,4,stage.candidates,1,0.000515914,0.000515588,0.036222653393578746
32,100,4,AB,B,4,stage.cleanup,1,0.001515134,0.001514829,0.10637853155143404
32,100,4,AB,B,4,stage.delivery,1,4.7528e-05,4.7256e-05,0.0033369714147900827
32,100,4,AB,B,4,stage.leaf_distance,1,0.0013815,0.001381183,0.0969960025570716
32,100,4,AB,B,4,stage.node_plan,4,0.000100525,9.9409e-05,0.00705792483318829
32,100,4,AB,B,4,stage.node_prune,4,5.3878e-05,5.2764e-05,0.003782808994404563
32,100,4,AB,B,4,stage.output_alloc,1,6.4e-06,6.106e-06,0.000449348111737429
32,100,4,AB,B,4,stage.pivot_distance,2,0.000102161,0.000101556,0.00717278944425117
32,100,4,AB,B,4,stage.pivot_sort,2,0.000206773,0.000206206,0.014517665173169284
32,100,4,AB,B,4,stage.result_sort,1,0.001933571,0.001933243,0.13575726215003944
32,100,4,AB,B,4,stage.schedule,10,0.00502098,0.005018184,0.3525262315736557
32,100,4,AB,B,4,stage.threshold,2,2.0189e-05,1.9625e-05,0.0014174826606042116
32,100,4,AB,B,5,stage.aggregate,1,0.000274962,0.000274571,0.01927016666862899
32,100,4,AB,B,5,stage.alloc_init,1,0.003052309,0.003051789,0.21391502518222985
32,100,4,AB,B,5,stage.candidates,1,0.000116632,0.000116353,0.008173922501638542
32,100,4,AB,B,5,stage.cleanup,1,0.00131466,0.001314269,0.09213533983815869
32,100,4,AB,B,5,stage.delivery,1,4.7315e-05,4.703e-05,0.0033159779748699117
32,100,4,AB,B,5,stage.leaf_distance,1,0.001381902,0.001381601,0.09684786210353336
32,100,4,AB,B,5,stage.node_plan,4,0.000104112,0.000102996,0.007296483122047052
32,100,4,AB,B,5,stage.node_prune,4,5.2159e-05,5.1002e-05,0.003655460111830069
32,100,4,AB,B,5,stage.output_alloc,1,5.835e-06,5.534e-06,0.0004089344073415605
32,100,4,AB,B,5,stage.pivot_distance,2,0.000100283,9.9728e-05,0.007028135247889239
32,100,4,AB,B,5,stage.pivot_sort,2,0.00020273,0.000202132,0.01420793014573343
32,100,4,AB,B,5,stage.result_sort,1,0.002069469,0.002068997,0.1450346322239472
32,100,4,AB,B,5,stage.schedule,10,0.005515419,0.00551252,0.3865372065133474
32,100,4,AB,B,5,stage.threshold,2,2.0909e-05,2.035e-05,0.00146536581372831
32,100,4,AB,B,6,stage.aggregate,1,0.000258911,0.000258518,0.01717184955048011
32,100,4,AB,B,6,stage.alloc_init,1,0.00303949,0.003039162,0.20158921401635616
32,100,4,AB,B,6,stage.candidates,1,0.000102364,0.000101868,0.006789125249160313
32,100,4,AB,B,6,stage.cleanup,1,0.001771641,0.00177132,0.11750119813164418
32,100,4,AB,B,6,stage.delivery,1,4.5561e-05,4.5273e-05,0.003021758972656334
32,100,4,AB,B,6,stage.leaf_distance,1,0.001386528,0.001386161,0.09195920688394113
32,100,4,AB,B,6,stage.node_plan,4,0.000101883,0.000100751,0.006757223709118442
32,100,4,AB,B,6,stage.node_prune,4,5.326e-05,5.2153e-05,0.003532382583430486
32,100,4,AB,B,6,stage.output_alloc,1,6.187e-06,5.902e-06,0.0004103426782516789
32,100,4,AB,B,6,stage.pivot_distance,2,9.9881e-05,9.9326e-05,0.006624444326241464
32,100,4,AB,B,6,stage.pivot_sort,2,0.000200979,0.000200402,0.013329604191424626
32,100,4,AB,B,6,stage.result_sort,1,0.001997442,0.001997144,0.13247708096531274
32,100,4,AB,B,6,stage.schedule,10,0.005983617,0.005268531,0.39685363268341295
32,100,4,AB,B,6,stage.threshold,2,2.0059e-05,1.9522e-05,0.0013303804401245233
32,100,4,AB,B,7,stage.aggregate,1,5.5618e-05,5.5304e-05,0.005271215795336787
32,100,4,AB,B,7,stage.alloc_init,1,0.001989127,0.001988774,0.18852022117535466
32,100,4,AB,B,7,stage.candidates,1,9.0111e-05,8.9822e-05,0.008540302177956654
32,100,4,AB,B,7,stage.cleanup,1,0.003129065,0.003128774,0.29655825187233453
32,100,4,AB,B,7,stage.delivery,1,4.6039e-05,4.5734e-05,0.004363362652405882
32,100,4,AB,B,7,stage.leaf_distance,1,0.001387674,0.001387144,0.13151729849290122
32,100,4,AB,B,7,stage.node_plan,4,9.3373e-05,9.2248e-05,0.008849459391887192
32,100,4,AB,B,7,stage.node_prune,4,5.1133e-05,4.9969e-05,0.004846148320021503
32,100,4,AB,B,7,stage.output_alloc,1,6.538e-06,6.238e-06,0.0006196412828564838
32,100,4,AB,B,7,stage.pivot_distance,2,0.000100671,0.000100113,0.009541129945923077
32,100,4,AB,B,7,stage.pivot_sort,2,0.000200833,0.000200224,0.01903401923522732
32,100,4,AB,B,7,stage.result_sort,1,0.003252001,0.003251751,0.3082095551377437
32,100,4,AB,B,7,stage.schedule,10,0.000121972,0.00011933,0.011559939821439437
32,100,4,AB,B,7,stage.threshold,2,1.7505e-05,1.6941e-05,0.0016590426210466118
32,100,5,BA,B,0,stage.aggregate,1,0.000285926,0.000285646,0.01747145366630077
32,100,5,BA,B,0,stage.alloc_init,1,0.005176442,0.005176118,0.31630550058159557
32,100,5,BA,B,0,stage.candidates,1,0.000160561,0.000160292,0.009811049264896924
32,100,5,BA,B,0,stage.cleanup,1,0.001696594,0.001696197,0.10367005260635231
32,100,5,BA,B,0,stage.delivery,1,4.5956e-05,4.5663e-05,0.0028081326101456958
32,100,5,BA,B,0,stage.leaf_distance,1,0.001383984,0.001383659,0.08456807821220037
32,100,5,BA,B,0,stage.node_plan,4,0.000107877,0.000106554,0.006591803498665837
32,100,5,BA,B,0,stage.node_prune,4,0.000102515,0.000101341,0.006264159511904561
32,100,5,BA,B,0,stage.output_alloc,1,5.763e-06,5.463e-06,0.00035214701523782844
32,100,5,BA,B,0,stage.pivot_distance,2,0.000194224,0.000193591,0.011868020455934755
32,100,5,BA,B,0,stage.pivot_sort,2,0.000208176,0.000207618,0.012720554753453094
32,100,5,BA,B,0,stage.result_sort,1,0.001960715,0.001960444,0.11980911590873483
32,100,5,BA,B,0,stage.schedule,10,0.004592813,0.003133802,0.2806429619114171
32,100,5,BA,B,0,stage.threshold,2,0.000431932,0.000431387,0.026393122433750776
32,100,5,BA,B,1,stage.aggregate,1,0.000275339,0.000274942,0.01807067092679435
32,100,5,BA,B,1,stage.alloc_init,1,0.005143092,0.005142737,0.33754434743435774
32,100,5,BA,B,1,stage.candidates,1,0.000121128,0.000120844,0.007949706463743772
32,100,5,BA,B,1,stage.cleanup,1,0.001425497,0.001425127,0.09355626044306316
32,100,5,BA,B,1,stage.delivery,1,4.478e-05,4.4433e-05,0.0029389394313985707
32,100,5,BA,B,1,stage.leaf_distance,1,0.001387652,0.001387384,0.0910724694028381
32,100,5,BA,B,1,stage.node_plan,4,0.000103287,0.000102169,0.006778790465628946
32,100,5,BA,B,1,stage.node_prune,4,0.000114494,0.000113328,0.007514312890990352
32,100,5,BA,B,1,stage.output_alloc,1,6.37e-06,6.07e-06,0.0004180670874946158
32,100,5,BA,B,1,stage.pivot_distance,2,0.001333097,0.000671183,0.08749199060248193
32,100,5,BA,B,1,stage.pivot_sort,2,0.000207081,0.000206484,0.013590855658629912
32,100,5,BA,B,1,stage.result_sort,1,0.001944482,0.001944186,0.1276175708674577
32,100,5,BA,B,1,stage.schedule,10,0.003099114,0.00309635,0.20339679180436246
32,100,5,BA,B,1,stage.threshold,2,2.0451e-05,1.9876e-05,0.0013422119319234519
32,100,5,BA,B,2,stage.aggregate,1,0.000275284,0.000275007,0.018387557292459507
32,100,5,BA,B,2,stage.alloc_init,1,0.00305226,0.003051909,0.20387529105026977
32,100,5,BA,B,2,stage.candidates,1,0.000122678,0.000122374,0.008194260303992777
32,100,5,BA,B,2,stage.cleanup,1,0.00187807,0.001877705,0.125445429898757
32,100,5,BA,B,2,stage.delivery,1,4.4382e-05,4.4109e-05,0.0029644896461615564
32,100,5,BA,B,2,stage.leaf_distance,1,0.001389146,0.001388765,0.0927878178993002
32,100,5,BA,B,2,stage.node_plan,4,0.000102366,0.000101208,0.0068375230300341105
32,100,5,BA,B,2,stage.node_prune,4,5.4522e-05,5.328e-05,0.0036417895653197323
32,100,5,BA,B,2,stage.output_alloc,1,6.302e-06,5.987e-06,0.00042094123180816834
32,100,5,BA,B,2,stage.pivot_distance,2,0.000103534,0.000102996,0.006915539430978563
32,100,5,BA,B,2,stage.pivot_sort,2,0.000205951,0.000205323,0.01375646899906761
32,100,5,BA,B,2,stage.result_sort,1,0.002056705,0.002056421,0.13737733039765454
32,100,5,BA,B,2,stage.schedule,10,0.005649194,0.004996986,0.3773371439357845
32,100,5,BA,B,2,stage.threshold,2,2.0546e-05,1.9988e-05,0.001372367272093086
32,100,5,BA,B,3,stage.aggregate,1,0.00027472,0.000274346,0.01866024444159463
32,100,5,BA,B,3,stage.alloc_init,1,0.003063969,0.003063579,0.20811885010726652
32,100,5,BA,B,3,stage.candidates,1,0.000119059,0.000118725,0.008087034227474574
32,100,5,BA,B,3,stage.cleanup,1,0.001821631,0.001821324,0.12373354594636891
32,100,5,BA,B,3,stage.delivery,1,4.5456e-05,4.5176e-05,0.003087580341209688
32,100,5,BA,B,3,stage.leaf_distance,1,0.001384705,0.00138439,0.09405552482345039
32,100,5,BA,B,3,stage.node_plan,4,0.000100608,9.9436e-05,0.006833757545063892
32,100,5,BA,B,3,stage.node_prune,4,5.2423e-05,5.1299e-05,0.003560810987047595
32,100,5,BA,B,3,stage.output_alloc,1,6.304e-06,6.009e-06,0.000428196640069207
32,100,5,BA,B,3,stage.pivot_distance,2,0.000101747,0.000101165,0.006911123657538326
32,100,5,BA,B,3,stage.pivot_sort,2,0.000206764,0.000206188,0.014044360737193767
32,100,5,BA,B,3,stage.result_sort,1,0.002025818,0.002025557,0.13760286500503185
32,100,5,BA,B,3,stage.schedule,10,0.005487847,0.005485133,0.3727597789679374
32,100,5,BA,B,3,stage.threshold,2,2.0444e-05,1.9892e-05,0.00138865039809246
32,100,5,BA,B,4,stage.aggregate,1,0.00029645,0.000296127,0.019747933894482417
32,100,5,BA,B,4,stage.alloc_init,1,0.003064638,0.003064348,0.2041500038270157
32,100,5,BA,B,4,stage.candidates,1,0.000124377,0.000124053,0.00828533909257561
32,100,5,BA,B,4,stage.cleanup,1,0.0014962,0.001495795,0.09966894482349331
32,100,5,BA,B,4,stage.delivery,1,4.5937e-05,4.5654e-05,0.0030600804159583023
32,100,5,BA,B,4,stage.leaf_distance,1,0.001390272,0.001389953,0.09261258070956269
32,100,5,BA,B,4,stage.node_plan,4,0.000102304,0.000101115,0.006814952366811028
32,100,5,BA,B,4,stage.node_prune,4,5.6933e-05,5.5728e-05,0.003792575882660035
32,100,5,BA,B,4,stage.output_alloc,1,6.032e-06,5.735e-06,0.00040181999410193264
32,100,5,BA,B,4,stage.pivot_distance,2,0.000101986,0.000101452,0.006793768885689606
32,100,5,BA,B,4,stage.pivot_sort,2,0.000203198,0.000202635,0.013535977977706318
32,100,5,BA,B,4,stage.result_sort,1,0.002146533,0.002146235,0.142990695855372
32,100,5,BA,B,4,stage.schedule,10,0.005946281,0.005228855,0.39610984687474043
32,100,5,BA,B,4,stage.threshold,2,2.0157e-05,1.9618e-05,0.0013427529212719923
32,100,5,BA,B,5,stage.aggregate,1,0.000275333,0.000275041,0.018667016142559046
32,100,5,BA,B,5,stage.alloc_init,1,0.003067658,0.003067396,0.2079809590780996
32,100,5,BA,B,5,stage.candidates,1,0.000122277,0.000121857,0.00829013134227896
32,100,5,BA,B,5,stage.cleanup,1,0.00183346,0.001833116,0.12430485055091947
32,100,5,BA,B,5,stage.delivery,1,4.4741e-05,4.4434e-05,0.0030333485969144063
32,100,5,BA,B,5,stage.leaf_distance,1,0.001388466,0.001388057,0.09413516445683731
32,100,5,BA,B,5,stage.node_plan,4,0.000102324,0.000101165,0.00693735861582597
32,100,5,BA,B,5,stage.node_prune,4,5.3145e-05,5.1955e-05,0.003603122665631437
32,100,5,BA,B,5,stage.output_alloc,1,6.32e-06,6.024e-06,0.00042848311688382126
32,100,5,BA,B,5,stage.pivot_distance,2,0.000102245,0.000101623,0.006932002576864922
32,100,5,BA,B,5,stage.pivot_sort,2,0.000203902,0.000203296,0.013824139952348881
32,100,5,BA,B,5,stage.result_sort,1,0.002035349,0.002035084,0.13799251320670392
32,100,5,BA,B,5,stage.schedule,10,0.005482131,0.005479345,0.3716773066527564
32,100,5,BA,B,5,stage.threshold,2,2.1204e-05,2.0671e-05,0.0014375879763298333
32,100,5,BA,B,6,stage.aggregate,1,0.000265406,0.000265082,0.01785484954400189
32,100,5,BA,B,6,stage.alloc_init,1,0.003048117,0.003047828,0.20505817663321257
32,100,5,BA,B,6,stage.candidates,1,9.7215e-05,9.6937e-05,0.006540014914584237
32,100,5,BA,B,6,stage.cleanup,1,0.001429814,0.001429499,0.09618890999415056
32,100,5,BA,B,6,stage.delivery,1,4.6046e-05,4.5751e-05,0.0030976858175893202
32,100,5,BA,B,6,stage.leaf_distance,1,0.001388834,0.001388539,0.09343203285379503
32,100,5,BA,B,6,stage.node_plan,4,0.000103297,0.000102121,0.006949173693687269
32,100,5,BA,B,6,stage.node_prune,4,5.2553e-05,5.135e-05,0.0035354359286750544
32,100,5,BA,B,6,stage.output_alloc,1,6.572e-06,6.276e-06,0.00044212290303602945
32,100,5,BA,B,6,stage.pivot_distance,2,0.000100793,0.000100236,0.006780720293017425
32,100,5,BA,B,6,stage.pivot_sort,2,0.000204499,0.000203887,0.0137574089391304
32,100,5,BA,B,6,stage.result_sort,1,0.002136611,0.002136357,0.1437377751032736
32,100,5,BA,B,6,stage.schedule,10,0.005953854,0.005239557,0.40053792068360866
32,100,5,BA,B,6,stage.threshold,2,2.0452e-05,1.9887e-05,0.0013758821687298957
32,100,5,BA,B,7,stage.aggregate,1,5.7034e-05,5.6759e-05,0.005352143630462044
32,100,5,BA,B,7,stage.alloc_init,1,0.002001681,0.002001359,0.18784030954109643
32,100,5,BA,B,7,stage.candidates,1,9.5882e-05,9.5592e-05,0.008997689721498784
32,100,5,BA,B,7,stage.cleanup,1,0.003225895,0.003225629,0.30272211973190294
32,100,5,BA,B,7,stage.delivery,1,4.14e-05,4.1091e-05,0.0038850290405920782
32,100,5,BA,B,7,stage.leaf_distance,1,0.001388114,0.001387721,0.1302623961751795
32,100,5,BA,B,7,stage.node_plan,4,9.3914e-05,9.2812e-05,0.0088130100801489
32,100,5,BA,B,7,stage.node_prune,4,5.3547e-05,5.2422e-05,0.005024919083009276
32,100,5,BA,B,7,stage.output_alloc,1,5.728e-06,5.416e-06,0.0005375228585630779
32,100,5,BA,B,7,stage.pivot_distance,2,0.00010269,0.000101976,0.009636561163729481
32,100,5,BA,B,7,stage.pivot_sort,2,0.000202712,0.000202109,0.019022753789287472
32,100,5,BA,B,7,stage.result_sort,1,0.00323286,0.003232643,0.303375724255278
32,100,5,BA,B,7,stage.schedule,10,0.000124811,0.000122172,0.01171242414457338
32,100,5,BA,B,7,stage.threshold,2,2.0457e-05,1.9906e-05,0.001919711088970825
32,100,5,BA,A,0,stage.aggregate,1,5.8085e-05,5.7819e-05,0.0052267779121053645
32,100,5,BA,A,0,stage.alloc_init,1,0.002003703,0.002003444,0.18030318641334692
32,100,5,BA,A,0,stage.candidates,1,9.5538e-05,9.5241e-05,0.008596985592953816
32,100,5,BA,A,0,stage.cleanup,1,0.0016447,0.001644341,0.14799830648256337
32,100,5,BA,A,0,stage.delivery,1,4.855e-05,4.8249e-05,0.004368771070546879
32,100,5,BA,A,0,stage.leaf_distance,1,0.003781492,0.003781234,0.34027750469834106
32,100,5,BA,A,0,stage.node_plan,4,9.841e-05,9.7191e-05,0.00885542247276042
32,100,5,BA,A,0,stage.node_prune,4,5.2677e-05,5.1584e-05,0.004740139107789865
32,100,5,BA,A,0,stage.output_alloc,1,6.386e-06,6.089e-06,0.0005746441206284732
32,100,5,BA,A,0,stage.pivot_distance,2,0.000104861,0.000104301,0.009435915617479224
32,100,5,BA,A,0,stage.pivot_sort,2,0.000213765,0.000213188,0.019235640533377008
32,100,5,BA,A,0,stage.result_sort,1,0.00284465,0.002844326,0.2559757904393652
32,100,5,BA,A,0,stage.schedule,10,0.000129557,0.000126811,0.011658184831860804
32,100,5,BA,A,0,stage.threshold,2,1.9272e-05,1.8734e-05,0.0017341906502899992
32,100,5,BA,A,1,stage.aggregate,1,5.6074e-05,5.579e-05,0.004949586142782947
32,100,5,BA,A,1,stage.alloc_init,1,0.001994928,0.001994569,0.17608995228893423
32,100,5,BA,A,1,stage.candidates,1,9.5969e-05,9.5686e-05,0.008471070951541475
32,100,5,BA,A,1,stage.cleanup,1,0.001816048,0.001815742,0.16030042471428263
32,100,5,BA,A,1,stage.delivery,1,4.5523e-05,4.5243e-05,0.0040182617608500925
32,100,5,BA,A,1,stage.leaf_distance,1,0.00378148,0.003781176,0.33378679971485636
32,100,5,BA,A,1,stage.node_plan,4,9.6263e-05,9.5128e-05,0.008497021986352228
32,100,5,BA,A,1,stage.node_prune,4,5.3091e-05,5.1976e-05,0.004686280235162275
32,100,5,BA,A,1,stage.output_alloc,1,5.862e-06,5.557e-06,0.0005174318573491035
32,100,5,BA,A,1,stage.pivot_distance,2,0.000104429,0.00010387,0.009217825218544785
32,100,5,BA,A,1,stage.pivot_sort,2,0.000202009,0.000201435,0.017831097248590083
32,100,5,BA,A,1,stage.result_sort,1,0.002918451,0.002918163,0.25760824317849684
32,100,5,BA,A,1,stage.schedule,10,0.000127654,0.000124932,0.011267868699768417
32,100,5,BA,A,1,stage.threshold,2,2.09e-05,2.0352e-05,0.0018448184610365514
32,100,5,BA,A,2,stage.aggregate,1,5.8142e-05,5.7871e-05,0.0053478877213999024
32,100,5,BA,A,2,stage.alloc_init,1,0.001991291,0.001990974,0.18315848592470388
32,100,5,BA,A,2,stage.candidates,1,9.4714e-05,9.4445e-05,0.008711771828362807
32,100,5,BA,A,2,stage.cleanup,1,0.001455191,0.001454858,0.13384813183570646
32,100,5,BA,A,2,stage.delivery,1,4.6603e-05,4.6136e-05,0.004286533168456531
32,100,5,BA,A,2,stage.leaf_distance,1,0.003785945,0.003785679,0.34823034603892805
32,100,5,BA,A,2,stage.node_plan,4,9.4853e-05,9.3675e-05,0.008724557016235165
32,100,5,BA,A,2,stage.node_prune,4,5.4143e-05,5.3046e-05,0.004980060625705255
32,100,5,BA,A,2,stage.output_alloc,1,6.252e-06,5.965e-06,0.0005750575149494718
32,100,5,BA,A,2,stage.pivot_distance,2,0.000100613,0.000100077,0.009254360484902625
32,100,5,BA,A,2,stage.pivot_sort,2,0.000204905,0.00020423,0.018847114539462816
32,100,5,BA,A,2,stage.result_sort,1,0.002825076,0.002824839,0.25984983750854035
32,100,5,BA,A,2,stage.schedule,10,0.000124541,0.00012188,0.011455252394325365
32,100,5,BA,A,2,stage.threshold,2,2.0464e-05,1.9884e-05,0.0018822739900713357
32,100,5,BA,A,3,stage.aggregate,1,5.7948e-05,5.7682e-05,0.005355033410739878
32,100,5,BA,A,3,stage.alloc_init,1,0.00198862,0.001988281,0.18377038968153409
32,100,5,BA,A,3,stage.candidates,1,9.5078e-05,9.4789e-05,0.00878625434227801
32,100,5,BA,A,3,stage.cleanup,1,0.001426691,0.001426362,0.13184196127220763
32,100,5,BA,A,3,stage.delivery,1,4.7826e-05,4.7516e-05,0.004419649132015694
32,100,5,BA,A,3,stage.leaf_distance,1,0.003783025,0.00378277,0.3495931743746847
32,100,5,BA,A,3,stage.node_plan,4,9.6907e-05,9.5798e-05,0.008955274085983457
32,100,5,BA,A,3,stage.node_prune,4,5.4653e-05,5.3501e-05,0.005050539121232252
32,100,5,BA,A,3,stage.output_alloc,1,6.365e-06,6.066e-06,0.0005881961009760358
32,100,5,BA,A,3,stage.pivot_distance,2,0.000105269,0.000104682,0.009728014980934221
32,100,5,BA,A,3,stage.pivot_sort,2,0.000204097,0.000203482,0.01886081062386583
32,100,5,BA,A,3,stage.result_sort,1,0.002793985,0.00279375,0.25819498557510284
32,100,5,BA,A,3,stage.schedule,10,0.000130444,0.000127831,0.012054462245988693
32,100,5,BA,A,3,stage.threshold,2,1.9993e-05,1.9426e-05,0.0018475733930579552
32,100,5,BA,A,4,stage.aggregate,1,5.9086e-05,5.8811e-05,0.005383800088493834
32,100,5,BA,A,4,stage.alloc_init,1,0.001995687,0.00199539,0.1818430736080627
32,100,5,BA,A,4,stage.candidates,1,9.7639e-05,9.735e-05,0.008896673608645862
32,100,5,BA,A,4,stage.cleanup,1,0.001510368,0.001510035,0.13762176102728657
32,100,5,BA,A,4,stage.delivery,1,4.5719e-05,4.5443e-05,0.00416582534349676
32,100,5,BA,A,4,stage.leaf_distance,1,0.003787875,0.003787597,0.3451437186508408
32,100,5,BA,A,4,stage.node_plan,4,9.4665e-05,9.3541e-05,0.008625688578974186
32,100,5,BA,A,4,stage.node_prune,4,5.3031e-05,5.1922e-05,0.004832080399636403
32,100,5,BA,A,4,stage.output_alloc,1,5.792e-06,5.481e-06,0.000527755646220023
32,100,5,BA,A,4,stage.pivot_distance,2,0.000103621,0.00010307,0.009441741681105838
32,100,5,BA,A,4,stage.pivot_sort,2,0.00020196,0.000201319,0.018402197912740996
32,100,5,BA,A,4,stage.result_sort,1,0.002862423,0.002820838,0.2608183529212805
32,100,5,BA,A,4,stage.schedule,10,0.000126237,0.000123572,0.011502467111857225
32,100,5,BA,A,4,stage.threshold,2,2.1097e-05,2.0534e-05,0.001922317138864611
32,100,5,BA,A,5,stage.aggregate,1,5.7988e-05,5.7708e-05,0.005334080504436159
32,100,5,BA,A,5,stage.alloc_init,1,0.002003825,0.002003524,0.18432371985241405
32,100,5,BA,A,5,stage.candidates,1,9.5275e-05,9.5002e-05,0.008763960130719374
32,100,5,BA,A,5,stage.cleanup,1,0.001445064,0.001444728,0.13292556580779705
32,100,5,BA,A,5,stage.delivery,1,5.0508e-05,5.024e-05,0.004646025697007338
32,100,5,BA,A,5,stage.leaf_distance,1,0.003781535,0.003781267,0.34784803960031374
32,100,5,BA,A,5,stage.node_plan,4,0.000102759,0.000101552,0.009452382881895484
32,100,5,BA,A,5,stage.node_prune,4,5.4241e-05,5.3175e-05,0.0049894091991639945
32,100,5,BA,A,5,stage.output_alloc,1,5.768e-06,5.477e-06,0.0005305748835894973
32,100,5,BA,A,5,stage.pivot_distance,2,0.000101793,0.000101236,0.0093635244669254
32,100,5,BA,A,5,stage.pivot_sort,2,0.000202049,0.00020146,0.018585666548955326
32,100,5,BA,A,5,stage.result_sort,1,0.00281797,0.002817735,0.2592136103863897
32,100,5,BA,A,5,stage.schedule,10,0.000123877,0.000121186,0.011394941895703215
32,100,5,BA,A,5,stage.threshold,2,1.9641e-05,1.9106e-05,0.0018066957851215874
32,100,5,BA,A,6,stage.aggregate,1,5.754e-05,5.7253e-05,0.005282905851621592
32,100,5,BA,A,6,stage.alloc_init,1,0.001979162,0.001978741,0.1817123133664771
32,100,5,BA,A,6,stage.candidates,1,9.498e-05,9.4705e-05,0.008720375352572451
32,100,5,BA,A,6,stage.cleanup,1,0.001484621,0.001484307,0.13630714230692212
32,100,5,BA,A,6,stage.delivery,1,4.5481e-05,4.5202e-05,0.0041757358539729166
32,100,5,BA,A,6,stage.leaf_distance,1,0.003784378,0.003784124,0.34745416546659746
32,100,5,BA,A,6,stage.node_plan,4,9.4445e-05,9.3306e-05,0.008671255529308329
32,100,5,BA,A,6,stage.node_prune,4,5.2752e-05,5.1638e-05,0.004843306386596145
32,100,5,BA,A,6,stage.output_alloc,1,6.023e-06,5.736e-06,0.000552988215924867
32,100,5,BA,A,6,stage.pivot_distance,2,0.000103204,0.000102487,0.009475443439533451
32,100,5,BA,A,6,stage.pivot_sort,2,0.00020733,0.000206768,0.01903553823803797
32,100,5,BA,A,6,stage.result_sort,1,0.002827541,0.002501791,0.25960432559263064
32,100,5,BA,A,6,stage.schedule,10,0.000124224,0.000121565,0.011405347523667722
32,100,5,BA,A,6,stage.threshold,2,2.0945e-05,2.0382e-05,0.0019230181276019159
32,100,5,BA,A,7,stage.aggregate,1,5.7345e-05,5.7018e-05,0.005250772095614321
32,100,5,BA,A,7,stage.alloc_init,1,0.001996678,0.001996338,0.1828250261806088
32,100,5,BA,A,7,stage.candidates,1,9.5468e-05,9.5185e-05,0.008741489413621205
32,100,5,BA,A,7,stage.cleanup,1,0.001508243,0.00150794,0.1381016698544883
32,100,5,BA,A,7,stage.delivery,1,4.526e-05,4.4984e-05,0.004144213881724722
32,100,5,BA,A,7,stage.leaf_distance,1,0.003781203,0.003780951,0.3462243473755891
32,100,5,BA,A,7,stage.node_plan,4,9.4294e-05,9.3163e-05,0.00863399257099759
32,100,5,BA,A,7,stage.node_prune,4,5.4104e-05,5.3002e-05,0.004954011220875704
32,100,5,BA,A,7,stage.output_alloc,1,6.039e-06,5.756e-06,0.0005529586308381705
32,100,5,BA,A,7,stage.pivot_distance,2,0.000101908,0.000101371,0.00933116544981889
32,100,5,BA,A,7,stage.pivot_sort,2,0.000203433,0.000202856,0.018627261657112357
32,100,5,BA,A,7,stage.result_sort,1,0.002820212,0.00281993,0.2582315890368237
32,100,5,BA,A,7,stage.schedule,10,0.000127851,0.000125135,0.01170662591675624
32,100,5,BA,A,7,stage.threshold,2,1.9426e-05,1.8873e-05,0.0017787339563938233
128,10,0,AB,A,0,stage.aggregate,1,1.8354e-05,1.8054e-05,0.0007075162674966588
128,10,0,AB,A,0,stage.alloc_init,1,0.002089706,0.002089301,0.08055470138854598
128,10,0,AB,A,0,stage.candidates,1,0.000216907,0.000216636,0.008361405199623938
128,10,0,AB,A,0,stage.cleanup,1,0.002363709,0.002363247,0.09111706271811375
128,10,0,AB,A,0,stage.delivery,1,4.8332e-05,4.803e-05,0.0018631184614061518
128,10,0,AB,A,0,stage.leaf_distance,1,0.013717268,0.01371708,0.5287779369952793
128,10,0,AB,A,0,stage.node_plan,4,9.9023e-05,9.7825e-05,0.0038171724613883426
128,10,0,AB,A,0,stage.node_prune,4,0.000101931,0.000100849,0.00392927103967538
128,10,0,AB,A,0,stage.output_alloc,1,5.766e-06,5.458e-06,0.00022226973947835538
128,10,0,AB,A,0,stage.pivot_distance,2,0.000162492,0.000161941,0.00626379717435257
128,10,0,AB,A,0,stage.pivot_sort,2,0.001712608,0.001712002,0.06601819874931447
128,10,0,AB,A,0,stage.result_sort,1,0.005245041,0.005244833,0.20218763382297822
128,10,0,AB,A,0,stage.schedule,10,0.0001279,0.000125175,0.004930332930850095
128,10,0,AB,A,0,stage.threshold,2,2.1568e-05,2.1022e-05,0.0008314106384094985
128,10,0,AB,A,1,stage.aggregate,1,1.8909e-05,1.8628e-05,0.0007298492760311269
128,10,0,AB,A,1,stage.alloc_init,1,0.002079884,0.002079475,0.08027932897713916
128,10,0,AB,A,1,stage.candidates,1,0.000217838,0.00021756,0.008408107599136317
128,10,0,AB,A,1,stage.cleanup,1,0.00234492,0.002344524,0.09050918421655878
128,10,0,AB,A,1,stage.delivery,1,4.3931e-05,4.3647e-05,0.0016956480271470428
128,10,0,AB,A,1,stage.leaf_distance,1,0.013713868,0.0137137,0.5293276551582018
128,10,0,AB,A,1,stage.node_plan,4,9.0649e-05,8.9502e-05,0.0034988686351972932
128,10,0,AB,A,1,stage.node_prune,4,9.8491e-05,9.7383e-05,0.003801554024304919
128,10,0,AB,A,1,stage.output_alloc,1,5.691e-06,5.379e-06,0.0002196611259132235
128,10,0,AB,A,1,stage.pivot_distance,2,0.000158529,0.000157944,0.006118899776822598
128,10,0,AB,A,1,stage.pivot_sort,2,0.001738473,0.001737929,0.06710155272355287
128,10,0,AB,A,1,stage.result_sort,1,0.005242321,0.005242081,0.20234302113135402
128,10,0,AB,A,1,stage.schedule,10,0.00012192,0.000119165,0.004705866187197366
128,10,0,AB,A,1,stage.threshold,2,2.2612e-05,2.2062e-05,0.0008727776101124248
128,10,0,AB,A,2,stage.aggregate,1,1.8746e-05,1.8464e-05,0.0007240016831320469
128,10,0,AB,A,2,stage.alloc_init,1,0.00207994,0.002079538,0.08033074046802889
128,10,0,AB,A,2,stage.candidates,1,0.000219049,0.000218774,0.00846003652450612
128,10,0,AB,A,2,stage.cleanup,1,0.00233954,0.002339123,0.09035692402404508
128,10,0,AB,A,2,stage.delivery,1,4.5357e-05,4.5062e-05,0.0017517627409484823
128,10,0,AB,A,2,stage.leaf_distance,1,0.013719781,0.013719284,0.5298807498241266
128,10,0,AB,A,2,stage.node_plan,4,8.7242e-05,8.6109e-05,0.0033694310700846065
128,10,0,AB,A,2,stage.node_prune,4,9.7152e-05,9.6075e-05,0.0037521717443531745
128,10,0,AB,A,2,stage.output_alloc,1,5.283e-06,4.995e-06,0.00020403824239766368
128,10,0,AB,A,2,stage.pivot_distance,2,0.000159268,0.000158732,0.006151194925268048
128,10,0,AB,A,2,stage.pivot_sort,2,0.001756755,0.001756189,0.06784879850904935
128,10,0,AB,A,2,stage.result_sort,1,0.005222658,0.005222416,0.20170773404582573
128,10,0,AB,A,2,stage.schedule,10,0.000112597,0.000109846,0.004348683319941272
128,10,0,AB,A,2,stage.threshold,2,2.0023e-05,1.9457e-05,0.0007733215460019725
128,10,0,AB,A,3,stage.aggregate,1,1.8356e-05,1.8084e-05,0.0006837452237755155
128,10,0,AB,A,3,stage.alloc_init,1,0.002093365,0.00209296,0.0779760470891715
128,10,0,AB,A,3,stage.candidates,1,0.000222344,0.000222072,0.008282122904507694
128,10,0,AB,A,3,stage.cleanup,1,0.002299374,0.002278873,0.08564970528293758
128,10,0,AB,A,3,stage.delivery,1,0.001041788,0.001041362,0.03880570762620652
128,10,0,AB,A,3,stage.leaf_distance,1,0.01372709,0.013726904,0.5113223046326347
128,10,0,AB,A,3,stage.node_plan,4,9.8502e-05,9.7341e-05,0.0036691148415959815
128,10,0,AB,A,3,stage.node_prune,4,0.000102927,0.000101826,0.0038339422884910925
128,10,0,AB,A,3,stage.output_alloc,1,5.032e-06,4.732e-06,0.00018743767520366063
128,10,0,AB,A,3,stage.pivot_distance,2,0.000162055,0.000161508,0.006036409470415187
128,10,0,AB,A,3,stage.pivot_sort,2,0.001715594,0.001715022,0.06390440201775614
128,10,0,AB,A,3,stage.result_sort,1,0.005203265,0.005203056,0.19381714925846089
128,10,0,AB,A,3,stage.schedule,10,0.000127129,0.000124454,0.00473544598787086
128,10,0,AB,A,3,stage.threshold,2,2.1122e-05,2.0528e-05,0.0007867763465126628
128,10,0,AB,A,4,stage.aggregate,1,0.000706213,0.000705804,0.019279760500751305
128,10,0,AB,A,4,stage.alloc_init,1,0.004252854,0.004252445,0.11610379101582977
128,10,0,AB,A,4,stage.candidates,1,0.000531443,0.000531031,0.014508503468218194
128,10,0,AB,A,4,stage.cleanup,1,0.001515831,0.001515431,0.041382498820631095
128,10,0,AB,A,4,stage.delivery,1,4.5239e-05,4.4954e-05,0.0012350340269769717
128,10,0,AB,A,4,stage.leaf_distance,1,0.013663751,0.013663586,0.37302321937135274
128,10,0,AB,A,4,stage.node_plan,4,0.000100808,9.9603e-05,0.0027520791837019956
128,10,0,AB,A,4,stage.node_prune,4,0.00011869,0.000117252,0.0032402614704546253
128,10,0,AB,A,4,stage.output_alloc,1,5.501e-06,5.196e-06,0.0001501784341475347
128,10,0,AB,A,4,stage.pivot_distance,2,0.001531282,0.00025943,0.04180431430618164
128,10,0,AB,A,4,stage.pivot_sort,2,0.001148771,0.001148128,0.03136168514344621
128,10,0,AB,A,4,stage.result_sort,1,0.004439274,0.004439059,0.12119309545025685
128,10,0,AB,A,4,stage.schedule,10,0.008124878,0.003275612,0.22181084451549782
128,10,0,AB,A,4,stage.threshold,2,0.000433581,0.000432624,0.011836850691896427
128,10,0,AB,A,5,stage.aggregate,1,1.9667e-05,1.939e-05,0.0005264326639971451
128,10,0,AB,A,5,stage.alloc_init,1,0.005245874,0.005245548,0.14041792977136114
128,10,0,AB,A,5,stage.candidates,1,0.000580095,0.000579823,0.015527582052241007
128,10,0,AB,A,5,stage.cleanup,1,0.002305529,0.002305195,0.06171280690459521
128,10,0,AB,A,5,stage.delivery,1,5.6836e-05,5.645e-05,0.0015213467682382539
128,10,0,AB,A,5,stage.leaf_distance,1,0.013688007,0.013687843,0.3663911114975121
128,10,0,AB,A,5,stage.node_plan,4,0.000108443,0.000107314,0.002902727278275406
128,10,0,AB,A,5,stage.node_prune,4,0.000142451,0.000141372,0.0038130299191059805
128,10,0,AB,A,5,stage.output_alloc,1,5.508e-06,5.213e-06,0.00014743433738222784
128,10,0,AB,A,5,stage.pivot_distance,2,0.000877953,0.000216546,0.023500439144469698
128,10,0,AB,A,5,stage.pivot_sort,2,0.001400751,0.001400175,0.03749433469907281
128,10,0,AB,A,5,stage.result_sort,1,0.004437545,0.004437268,0.11878113774125242
128,10,0,AB,A,5,stage.schedule,10,0.008075628,0.003276925,0.21616282918034965
128,10,0,AB,A,5,stage.threshold,2,0.000403798,0.00040276,0.010808585796345107
128,10,0,AB,A,6,stage.aggregate,1,1.8786e-05,1.8492e-05,0.0007312027358643575
128,10,0,AB,A,6,stage.alloc_init,1,0.002046451,0.002046015,0.07965349568893593
128,10,0,AB,A,6,stage.candidates,1,0.000221325,0.000221041,0.008614577106099166
128,10,0,AB,A,6,stage.cleanup,1,0.002229903,0.002229497,0.0867939515762876
128,10,0,AB,A,6,stage.delivery,1,4.6306e-05,4.6017e-05,0.001802356749011761
128,10,0,AB,A,6,stage.leaf_distance,1,0.013714233,0.013714074,0.5337956291856306
128,10,0,AB,A,6,stage.node_plan,4,0.000101127,9.9977e-05,0.0039361406935885706
128,10,0,AB,A,6,stage.node_prune,4,0.000102014,0.00010092,0.003970665170683838
128,10,0,AB,A,6,stage.output_alloc,1,7.713e-06,7.422e-06,0.00030021115201329663
128,10,0,AB,A,6,stage.pivot_distance,2,0.000159884,0.000159339,0.006223124572603904
128,10,0,AB,A,6,stage.pivot_sort,2,0.001702292,0.001701722,0.06625788180772964
128,10,0,AB,A,6,stage.result_sort,1,0.005172116,0.005171502,0.2013129654747055
128,10,0,AB,A,6,stage.schedule,10,0.000136118,0.000133323,0.005298086553837146
128,10,0,AB,A,6,stage.threshold,2,2.3068e-05,2.252e-05,0.0008978699409623657
128,10,0,AB,A,7,stage.aggregate,1,1.8514e-05,1.824e-05,0.0007263715235370032
128,10,0,AB,A,7,stage.alloc_init,1,0.00208781,0.0020874,0.08191237606977371
128,10,0,AB,A,7,stage.candidates,1,0.000220773,0.0002205,0.00866172736123122
128,10,0,AB,A,7,stage.cleanup,1,0.002050778,0.002050333,0.08045947608815861
128,10,0,AB,A,7,stage.delivery,1,4.6801e-05,4.6515e-05,0.0018361733646459592
128,10,0,AB,A,7,stage.leaf_distance,1,0.013714357,0.01371421,0.5380640806103686
128,10,0,AB,A,7,stage.node_plan,4,9.8539e-05,9.7418e-05,0.003866043186659434
128,10,0,AB,A,7,stage.node_prune,4,0.000101687,0.000100577,0.003989550670514597
128,10,0,AB,A,7,stage.output_alloc,1,5.873e-06,5.564e-06,0.0002304191399877293
128,10,0,AB,A,7,stage.pivot_distance,2,0.000160299,0.000159766,0.006289112501429085
128,10,0,AB,A,7,stage.pivot_sort,2,0.001713162,0.001712567,0.06721357308013932
128,10,0,AB,A,7,stage.result_sort,1,0.005111426,0.005111196,0.20053982343451712
128,10,0,AB,A,7,stage.schedule,10,0.000128392,0.000125646,0.005037284900613748
128,10,0,AB,A,7,stage.threshold,2,2.1323e-05,2.076e-05,0.000836578805032922
128,10,0,AB,B,0,stage.aggregate,1,2.4842e-05,2.4566e-05,0.0010894376472146364
128,10,0,AB,B,0,stage.alloc_init,1,0.003161463,0.003161198,0.1386449083196251
128,10,0,AB,B,0,stage.candidates,1,0.000123285,0.000123011,0.0054066226687407
128,10,0,AB,B,0,stage.cleanup,1,0.002331428,0.002331189,0.10224399947549817
128,10,0,AB,B,0,stage.delivery,1,4.2705e-05,4.2419e-05,0.0018728135707391132
128,10,0,AB,B,0,stage.leaf_distance,1,0.005057548,0.005057359,0.22179708533109616
128,10,0,AB,B,0,stage.node_plan,4,9.8605e-05,9.7414e-05,0.0043242894776426705
128,10,0,AB,B,0,stage.node_prune,4,5.953e-05,5.8375e-05,0.0026106683495164366
128,10,0,AB,B,0,stage.output_alloc,1,6.172e-06,5.887e-06,0.0002706710071092801
128,10,0,AB,B,0,stage.pivot_distance,2,0.000137754,0.000137193,0.006041155851155504
128,10,0,AB,B,0,stage.pivot_sort,2,0.001368986,0.00136841,0.0600364256867312
128,10,0,AB,B,0,stage.result_sort,1,0.004400259,0.004399999,0.19297189485931204
128,10,0,AB,B,0,stage.schedule,10,0.005956697,0.005241866,0.2612289656569714
128,10,0,AB,B,0,stage.threshold,2,2.1882e-05,2.1328e-05,0.0009596278317506915
128,10,0,AB,B,1,stage.aggregate,1,2.4793e-05,2.4518e-05,0.0014233878824698298
128,10,0,AB,B,1,stage.alloc_init,1,0.002089267,0.002088967,0.11994665151631888
128,10,0,AB,B,1,stage.candidates,1,0.000122936,0.000122657,0.007057863619542249
128,10,0,AB,B,1,stage.cleanup,1,0.002524612,0.00252428,0.1449401899220716
128,10,0,AB,B,1,stage.delivery,1,4.0266e-05,3.9972e-05,0.002311706387913127
128,10,0,AB,B,1,stage.leaf_distance,1,0.005056098,0.00505587,0.290275022215139
128,10,0,AB,B,1,stage.node_plan,4,9.1477e-05,9.032e-05,0.00525177482856825
128,10,0,AB,B,1,stage.node_prune,4,6.0876e-05,5.9771e-05,0.003494944570372014
128,10,0,AB,B,1,stage.output_alloc,1,5.638e-06,5.347e-06,0.000323682526574634
128,10,0,AB,B,1,stage.pivot_distance,2,0.000137238,0.000136679,0.00787895398759305
128,10,0,AB,B,1,stage.pivot_sort,2,0.001765384,0.001764756,0.10135224432324115
128,10,0,AB,B,1,stage.result_sort,1,0.005346111,0.005345867,0.30692492299191965
128,10,0,AB,B,1,stage.schedule,10,0.000124194,0.000121408,0.007130086503265358
128,10,0,AB,B,1,stage.threshold,2,2.0368e-05,1.9782e-05,0.0011693447501369535
128,10,0,AB,B,2,stage.aggregate,1,2.5346e-05,2.5081e-05,0.001521349370746227
128,10,0,AB,B,2,stage.alloc_init,1,0.002094826,0.002094461,0.12573827100618779
128,10,0,AB,B,2,stage.candidates,1,0.000122141,0.000121653,0.007331300145676435
128,10,0,AB,B,2,stage.cleanup,1,0.001984833,0.001984537,0.11913613333805516
128,10,0,AB,B,2,stage.delivery,1,4.3637e-05,4.3348e-05,0.0026192346915194947
128,10,0,AB,B,2,stage.leaf_distance,1,0.005057617,0.005057379,0.30357462480965125
128,10,0,AB,B,2,stage.node_plan,4,9.2534e-05,9.1376e-05,0.005554191693862202
128,10,0,AB,B,2,stage.node_prune,4,6.1995e-05,6.0835e-05,0.0037211415702443126
128,10,0,AB,B,2,stage.output_alloc,1,4.88e-06,4.59e-06,0.00029291347468009103
128,10,0,AB,B,2,stage.pivot_distance,2,0.00013944,0.000138834,0.008369642399465553
128,10,0,AB,B,2,stage.pivot_sort,2,0.001766234,0.001765423,0.10601511025371228
128,10,0,AB,B,2,stage.result_sort,1,0.005117167,0.005116958,0.30714900952629043
128,10,0,AB,B,2,stage.schedule,10,0.00012049,0.000117685,0.00723220175495987
128,10,0,AB,B,2,stage.threshold,2,2.0594e-05,2.001e-05,0.0012361188724511875
128,10,0,AB,B,3,stage.aggregate,1,2.5502e-05,2.5229e-05,0.0015110349635549174
128,10,0,AB,B,3,stage.alloc_init,1,0.002088259,0.002087952,0.12373274103828044
128,10,0,AB,B,3,stage.candidates,1,0.000125837,0.000125548,0.007456046847653523
128,10,0,AB,B,3,stage.cleanup,1,0.001954287,0.001953975,0.11579468221397728
128,10,0,AB,B,3,stage.delivery,1,3.6349e-05,3.6066e-05,0.0021537373496297424
128,10,0,AB,B,3,stage.leaf_distance,1,0.005061542,0.005061159,0.299904593031985
128,10,0,AB,B,3,stage.node_plan,4,9.612e-05,9.4928e-05,0.005695266280954381
128,10,0,AB,B,3,stage.node_prune,4,6.1034e-05,5.9913e-05,0.0036163637348290653
128,10,0,AB,B,3,stage.output_alloc,1,5.349e-06,5.046e-06,0.0003169369469082916
128,10,0,AB,B,3,stage.pivot_distance,2,0.000137773,0.000137169,0.008163274254327176
128,10,0,AB,B,3,stage.pivot_sort,2,0.001759453,0.001758848,0.10425045093449886
128,10,0,AB,B,3,stage.result_sort,1,0.005371706,0.005371528,0.31828231432584625
128,10,0,AB,B,3,stage.schedule,10,0.000123711,0.00012099,0.007330077891002368
128,10,0,AB,B,3,stage.threshold,2,2.1116e-05,2.0561e-05,0.001251157332382779
128,10,0,AB,B,4,stage.aggregate,1,2.5134e-05,2.4872e-05,0.001438998767398565
128,10,0,AB,B,4,stage.alloc_init,1,0.002100435,0.002099958,0.12025636094536503
128,10,0,AB,B,4,stage.candidates,1,0.000122763,0.000122481,0.007028559150240711
128,10,0,AB,B,4,stage.cleanup,1,0.002565536,0.002565254,0.1468848230172931
128,10,0,AB,B,4,stage.delivery,1,4.0141e-05,3.9825e-05,0.002298195652190093
128,10,0,AB,B,4,stage.leaf_distance,1,0.005065091,0.005064705,0.2899920309445995
128,10,0,AB,B,4,stage.node_plan,4,9.2722e-05,9.1545e-05,0.005308619547653766
128,10,0,AB,B,4,stage.node_prune,4,6.084e-05,5.9745e-05,0.0034832770354312364
128,10,0,AB,B,4,stage.output_alloc,1,5.023e-06,4.727e-06,0.0002875821917976841
128,10,0,AB,B,4,stage.pivot_distance,2,0.000138345,0.000137779,0.007920676552707666
128,10,0,AB,B,4,stage.pivot_sort,2,0.00176541,0.001764836,0.1010751497554349
128,10,0,AB,B,4,stage.result_sort,1,0.00533535,0.005335168,0.3054651895297181
128,10,0,AB,B,4,stage.schedule,10,0.000120782,0.000118026,0.006915140810214589
128,10,0,AB,B,4,stage.threshold,2,2.0055e-05,1.9515e-05,0.0011482104034446655
128,10,0,AB,B,5,stage.aggregate,1,2.5061e-05,2.4789e-05,0.0014867520314623566
128,10,0,AB,B,5,stage.alloc_init,1,0.00209797,0.002097665,0.12446275725019276
128,10,0,AB,B,5,stage.candidates,1,0.000122595,0.000122303,0.007272988519896557
128,10,0,AB,B,5,stage.cleanup,1,0.002116402,0.002116101,0.12555624168592613
128,10,0,AB,B,5,stage.delivery,1,4.0923e-05,4.0636e-05,0.0024277703756248365
128,10,0,AB,B,5,stage.leaf_distance,1,0.005052895,0.00505268,0.2997646504934354
128,10,0,AB,B,5,stage.node_plan,4,8.0168e-05,7.9007e-05,0.004755992851772643
128,10,0,AB,B,5,stage.node_prune,4,5.6271e-05,5.5098e-05,0.0033382955014731363
128,10,0,AB,B,5,stage.output_alloc,1,4.697e-06,4.4e-06,0.0002786510630772391
128,10,0,AB,B,5,stage.pivot_distance,2,0.000134164,0.000133598,0.007959323233275434
128,10,0,AB,B,5,stage.pivot_sort,2,0.001813918,0.001796523,0.10761127933466882
128,10,0,AB,B,5,stage.result_sort,1,0.005174831,0.005174655,0.3069985436225362
128,10,0,AB,B,5,stage.schedule,10,0.000108375,0.000105628,0.0064293823634225655
128,10,0,AB,B,5,stage.threshold,2,1.9351e-05,1.8784e-05,0.0011480044116686512
128,10,0,AB,B,6,stage.aggregate,1,0.000708319,0.00070798,0.04203459051941563
128,10,0,AB,B,6,stage.alloc_init,1,0.002078587,0.002078246,0.1233519832222213
128,10,0,AB,B,6,stage.candidates,1,0.000123378,0.000123097,0.007321762806171317
128,10,0,AB,B,6,stage.cleanup,1,0.001487557,0.001487196,0.08827780896642665
128,10,0,AB,B,6,stage.delivery,1,4.0645e-05,4.0369e-05,0.0024120430648643457
128,10,0,AB,B,6,stage.leaf_distance,1,0.005056417,0.005056189,0.3000687798723626
128,10,0,AB,B,6,stage.node_plan,4,9.7476e-05,9.6219e-05,0.00578463057671834
128,10,0,AB,B,6,stage.node_prune,4,6.1201e-05,6.0087e-05,0.003631921456827723
128,10,0,AB,B,6,stage.output_alloc,1,5.961e-06,5.663e-06,0.00035375049107285925
128,10,0,AB,B,6,stage.pivot_distance,2,0.000137942,0.000137385,0.008186051038344631
128,10,0,AB,B,6,stage.pivot_sort,2,0.001758792,0.00175816,0.10437402007968732
128,10,0,AB,B,6,stage.result_sort,1,0.005139636,0.005126829,0.30500734087162323
128,10,0,AB,B,6,stage.schedule,10,0.000125216,0.000122393,0.007430837357855919
128,10,0,AB,B,6,stage.threshold,2,2.0489e-05,1.9949e-05,0.0012159023337681282
128,10,0,AB,B,7,stage.aggregate,1,0.000708161,0.000707851,0.027243579632652302
128,10,0,AB,B,7,stage.alloc_init,1,0.004194125,0.004193826,0.16135169605047134
128,10,0,AB,B,7,stage.candidates,1,0.000579617,0.000579274,0.02229837832913565
128,10,0,AB,B,7,stage.cleanup,1,0.001463001,0.001462689,0.05628294165613462
128,10,0,AB,B,7,stage.delivery,1,3.8813e-05,3.853e-05,0.0014931704178599695
128,10,0,AB,B,7,stage.leaf_distance,1,0.00505785,0.005057624,0.19457996027034877
128,10,0,AB,B,7,stage.node_plan,4,9.3456e-05,9.2306e-05,0.0035953349282848864
128,10,0,AB,B,7,stage.node_prune,4,0.001720077,0.001718953,0.06617288261256081
128,10,0,AB,B,7,stage.output_alloc,1,5.384e-06,5.092e-06,0.00020712723906315088
128,10,0,AB,B,7,stage.pivot_distance,2,0.002358258,0.001068382,0.09072426978799926
128,10,0,AB,B,7,stage.pivot_sort,2,0.00120567,0.001204983,0.04638319062430705
128,10,0,AB,B,7,stage.result_sort,1,0.004418915,0.004418686,0.1699995660484293
128,10,0,AB,B,7,stage.schedule,10,0.003714182,0.002298839,0.14288786460587888
128,10,0,AB,B,7,stage.threshold,2,0.000426517,0.000425883,0.016408485999906748
128,10,1,BA,B,0,stage.aggregate,1,1.8535e-05,1.8259e-05,0.00081647338911254
128,10,1,BA,B,0,stage.alloc_init,1,0.003158133,0.003157714,0.13911688987203416
128,10,1,BA,B,0,stage.candidates,1,0.000123991,0.000123706,0.005461847962743617
128,10,1,BA,B,0,stage.cleanup,1,0.002274674,0.002274272,0.10020020447295266
128,10,1,BA,B,0,stage.delivery,1,4.3707e-05,4.3426e-05,0.0019253090055539133
128,10,1,BA,B,0,stage.leaf_distance,1,0.005055614,0.005055285,0.22270160758698704
128,10,1,BA,B,0,stage.node_plan,4,9.858e-05,9.7419e-05,0.004342484310694048
128,10,1,BA,B,0,stage.node_prune,4,5.9824e-05,5.8708e-05,0.00263526862855509
128,10,1,BA,B,0,stage.output_alloc,1,5.453e-06,5.175e-06,0.00024020660322798384
128,10,1,BA,B,0,stage.pivot_distance,2,0.000137841,0.000137276,0.006071945423720616
128,10,1,BA,B,0,stage.pivot_sort,2,0.001350997,0.00135037,0.05951190176805364
128,10,1,BA,B,0,stage.result_sort,1,0.004378922,0.004378729,0.19289308260045654
128,10,1,BA,B,0,stage.schedule,10,0.005961646,0.005246357,0.26261264172156557
128,10,1,BA,B,0,stage.threshold,2,2.1465e-05,2.0917e-05,0.0009455409386188654
128,10,1,BA,B,1,stage.aggregate,1,1.8577e-05,1.8142e-05,0.0010847439179277973
128,10,1,BA,B,1,stage.alloc_init,1,0.002095038,0.002094583,0.12233297778584362
128,10,1,BA,B,1,stage.candidates,1,0.00012393,0.000123646,0.007236492100381759
128,10,1,BA,B,1,stage.cleanup,1,0.002364259,0.002363908,0.1380532685932097
128,10,1,BA,B,1,stage.delivery,1,4.3984e-05,4.3704e-05,0.0025683036273960406
128,10,1,BA,B,1,stage.leaf_distance,1,0.00505413,0.005053781,0.2951195983160047
128,10,1,BA,B,1,stage.node_plan,4,9.2671e-05,9.1496e-05,0.005411223750782523
128,10,1,BA,B,1,stage.node_prune,4,6.1657e-05,6.0535e-05,0.0036002613849208274
128,10,1,BA,B,1,stage.output_alloc,1,6.032e-06,5.747e-06,0.00035221915879531004
128,10,1,BA,B,1,stage.pivot_distance,2,0.000137829,0.00013727,0.008048079316578048
128,10,1,BA,B,1,stage.pivot_sort,2,0.001753406,0.001752858,0.10238448049513418
128,10,1,BA,B,1,stage.result_sort,1,0.005220404,0.005220196,0.30482863154039647
128,10,1,BA,B,1,stage.schedule,10,0.000124591,0.000121783,0.007275089060587942
128,10,1,BA,B,1,stage.threshold,2,2.0119e-05,1.9563e-05,0.0011747840278187737
128,10,1,BA,B,2,stage.aggregate,1,1.751e-05,1.7241e-05,0.0010072318209324747
128,10,1,BA,B,2,stage.alloc_init,1,0.002094171,0.002093762,0.12046348770268313
128,10,1,BA,B,2,stage.candidates,1,0.000122038,0.000121763,0.007020020386234001
128,10,1,BA,B,2,stage.cleanup,1,0.002515401,0.002514961,0.14469399940636024
128,10,1,BA,B,2,stage.delivery,1,4.2744e-05,4.2461e-05,0.002458773098454466
128,10,1,BA,B,2,stage.leaf_distance,1,0.005054535,0.005053981,0.2907531977165577
128,10,1,BA,B,2,stage.node_plan,4,9.1064e-05,8.9875e-05,0.005238295747652477
128,10,1,BA,B,2,stage.node_prune,4,6.1253e-05,6.0132e-05,0.003523470629787372
128,10,1,BA,B,2,stage.output_alloc,1,5.678e-06,5.372e-06,0.00032661692057421994
128,10,1,BA,B,2,stage.pivot_distance,2,0.000136795,0.000136244,0.007868890744971895
128,10,1,BA,B,2,stage.pivot_sort,2,0.001769977,0.001769385,0.10181480049792112
128,10,1,BA,B,2,stage.result_sort,1,0.005325188,0.00532483,0.3063220334693183
128,10,1,BA,B,2,stage.schedule,10,0.000119303,0.000116601,0.006862694342244834
128,10,1,BA,B,2,stage.threshold,2,2.038e-05,1.9838e-05,0.0011723235014622407
128,10,1,BA,B,3,stage.aggregate,1,1.6961e-05,1.6695e-05,0.001020654273027696
128,10,1,BA,B,3,stage.alloc_init,1,0.002092545,0.002092127,0.12592211519089322
128,10,1,BA,B,3,stage.candidates,1,0.000124585,0.000124302,0.007497094074945788
128,10,1,BA,B,3,stage.cleanup,1,0.001992387,0.001991934,0.11989495342696964
128,10,1,BA,B,3,stage.delivery,1,4.2519e-05,4.2243e-05,0.0025586462493287308
128,10,1,BA,B,3,stage.leaf_distance,1,0.005056775,0.005056438,0.30429921652553665
128,10,1,BA,B,3,stage.node_plan,4,9.0713e-05,8.9535e-05,0.005458794355825799
128,10,1,BA,B,3,stage.node_prune,4,6.1513e-05,6.0403e-05,0.0037016394255499478
128,10,1,BA,B,3,stage.output_alloc,1,4.944e-06,4.67e-06,0.0002975128073727332
128,10,1,BA,B,3,stage.pivot_distance,2,0.000137158,0.000136458,0.00825369369612244
128,10,1,BA,B,3,stage.pivot_sort,2,0.001768533,0.001767973,0.10642419453101175
128,10,1,BA,B,3,stage.result_sort,1,0.005077646,0.005077465,0.30555516106491293
128,10,1,BA,B,3,stage.schedule,10,0.000122717,0.000119811,0.007384684300639099
128,10,1,BA,B,3,stage.threshold,2,2.106e-05,2.0514e-05,0.0012673179051921042
128,10,1,BA,B,4,stage.aggregate,1,1.7631e-05,1.7358e-05,0.0010091271316458458
128,10,1,BA,B,4,stage.alloc_init,1,0.00209226,0.002091851,0.11975250028117163
128,10,1,BA,B,4,stage.candidates,1,0.000122994,0.000122718,0.007039679112339013
128,10,1,BA,B,4,stage.cleanup,1,0.002586192,0.002585786,0.1480231702595107
128,10,1,BA,B,4,stage.delivery,1,5.0159e-05,4.9876e-05,0.002870898292565593
128,10,1,BA,B,4,stage.leaf_distance,1,0.005056333,0.005055989,0.2894040506458076
128,10,1,BA,B,4,stage.node_plan,4,8.4883e-05,8.3692e-05,0.004858359611791408
128,10,1,BA,B,4,stage.node_prune,4,5.829e-05,5.7157e-05,0.003336283846840017
128,10,1,BA,B,4,stage.output_alloc,1,4.87e-06,4.578e-06,0.0002787391033472445
128,10,1,BA,B,4,stage.pivot_distance,2,0.000135654,0.000135102,0.007764286309130824
128,10,1,BA,B,4,stage.pivot_sort,2,0.00178955,0.00178894,0.10242660418789763
128,10,1,BA,B,4,stage.result_sort,1,0.005329183,0.005328999,0.30502088110747
128,10,1,BA,B,4,stage.schedule,10,0.000115133,0.000112448,0.00658974726605304
128,10,1,BA,B,4,stage.threshold,2,2.0287e-05,1.9738e-05,0.0011611458294877926
128,10,1,BA,B,5,stage.aggregate,1,1.8428e-05,1.8159e-05,0.0010973521941982298
128,10,1,BA,B,5,stage.alloc_init,1,0.002088773,0.002088325,0.12438244165031576
128,10,1,BA,B,5,stage.candidates,1,0.000122774,0.000122489,0.007310957146217357
128,10,1,BA,B,5,stage.cleanup,1,0.002106943,0.002106533,0.12546443043741048
128,10,1,BA,B,5,stage.delivery,1,4.2153e-05,4.1868e-05,0.0025101306187344245
128,10,1,BA,B,5,stage.leaf_distance,1,0.005064159,0.005063813,0.30156099361942224
128,10,1,BA,B,5,stage.node_plan,4,9.4322e-05,9.3012e-05,0.005616694902385794
128,10,1,BA,B,5,stage.node_prune,4,6.0006e-05,5.8871e-05,0.0035732426614423145
128,10,1,BA,B,5,stage.output_alloc,1,5.574e-06,5.291e-06,0.0003319210511428767
128,10,1,BA,B,5,stage.pivot_distance,2,0.000137558,0.000137023,0.008191316102101154
128,10,1,BA,B,5,stage.pivot_sort,2,0.001769034,0.001768483,0.10534259504619443
128,10,1,BA,B,5,stage.result_sort,1,0.005135596,0.00513539,0.3058149304924925
128,10,1,BA,B,5,stage.schedule,10,0.000118988,0.000116251,0.00708550807918705
128,10,1,BA,B,5,stage.threshold,2,2.0826e-05,2.0285e-05,0.0012401485129353337
128,10,1,BA,B,6,stage.aggregate,1,0.000704514,0.000704092,0.04212265250847519
128,10,1,BA,B,6,stage.alloc_init,1,0.002082201,0.002081778,0.12449408979211136
128,10,1,BA,B,6,stage.candidates,1,0.000123752,0.000123463,0.007399090001375163
128,10,1,BA,B,6,stage.cleanup,1,0.001379474,0.001379028,0.08247828140601365
128,10,1,BA,B,6,stage.delivery,1,4.4418e-05,4.4134e-05,0.002655737116823017
128,10,1,BA,B,6,stage.leaf_distance,1,0.005060641,0.005060318,0.3025740046516356
128,10,1,BA,B,6,stage.node_plan,4,9.0956e-05,8.9812e-05,0.005438228312795586
128,10,1,BA,B,6,stage.node_prune,4,6.112e-05,5.9922e-05,0.0036543440177455714
128,10,1,BA,B,6,stage.output_alloc,1,5.674e-06,5.373e-06,0.00033924653070497993
128,10,1,BA,B,6,stage.pivot_distance,2,0.000138291,0.000137576,0.008268371867769188
128,10,1,BA,B,6,stage.pivot_sort,2,0.001765858,0.001765288,0.10558004938625914
128,10,1,BA,B,6,stage.result_sort,1,0.005113337,0.005099375,0.3057246805737416
128,10,1,BA,B,6,stage.schedule,10,0.000126472,0.000123573,0.007561717876510437
128,10,1,BA,B,6,stage.threshold,2,2.0459e-05,1.9903e-05,0.0012232366534531518
128,10,1,BA,B,7,stage.aggregate,1,0.00070395,0.000703679,0.024569578641935257
128,10,1,BA,B,7,stage.alloc_init,1,0.004182987,0.004182616,0.14599648846465352
128,10,1,BA,B,7,stage.candidates,1,0.000581358,0.000581042,0.020290817671877546
128,10,1,BA,B,7,stage.cleanup,1,0.003124778,0.001705837,0.10906240330931057
128,10,1,BA,B,7,stage.delivery,1,4.4062e-05,4.3785e-05,0.0015378716870813997
128,10,1,BA,B,7,stage.leaf_distance,1,0.005059069,0.005058736,0.17657389537676932
128,10,1,BA,B,7,stage.node_plan,4,9.3377e-05,9.223e-05,0.0032590859362852313
128,10,1,BA,B,7,stage.node_prune,4,0.001711584,0.001710295,0.059738472462927926
128,10,1,BA,B,7,stage.output_alloc,1,5.836e-06,5.556e-06,0.0002036906896147939
128,10,1,BA,B,7,stage.pivot_distance,2,0.002357215,0.001066687,0.08227257520910494
128,10,1,BA,B,7,stage.pivot_sort,2,0.001172844,0.001147711,0.04093512734245602
128,10,1,BA,B,7,stage.result_sort,1,0.005570171,0.005077057,0.19441260662479884
128,10,1,BA,B,7,stage.schedule,10,0.003607079,0.002300668,0.1258958891372586
128,10,1,BA,B,7,stage.threshold,2,0.000425744,0.000424915,0.01485950804649774
128,10,1,BA,A,0,stage.aggregate,1,2.7408e-05,2.7137e-05,0.0010513256588248006
128,10,1,BA,A,0,stage.alloc_init,1,0.0020956,0.002095132,0.0803837584148151
128,10,1,BA,A,0,stage.candidates,1,0.000129035,0.000128737,0.004949569701782623
128,10,1,BA,A,0,stage.cleanup,1,0.002515914,0.00251556,0.09650630996776632
128,10,1,BA,A,0,stage.delivery,1,4.2445e-05,4.2158e-05,0.0016281201688856778
128,10,1,BA,A,0,stage.leaf_distance,1,0.013699151,0.013699154,0.525476829772892
128,10,1,BA,A,0,stage.node_plan,4,9.1572e-05,9.0434e-05,0.003512550832964997
128,10,1,BA,A,0,stage.node_prune,4,6.1828e-05,6.0712e-05,0.0023716200683676215
128,10,1,BA,A,0,stage.output_alloc,1,5.8e-06,5.498e-06,0.00022247843042848235
128,10,1,BA,A,0,stage.pivot_distance,2,0.000139937,0.000139397,0.005367752434288022
128,10,1,BA,A,0,stage.pivot_sort,2,0.001765398,0.001764626,0.067717754503721
128,10,1,BA,A,0,stage.result_sort,1,0.00534193,0.005341554,0.20490762101014182
128,10,1,BA,A,0,stage.schedule,10,0.000121719,0.000119051,0.004668940012642145
128,10,1,BA,A,0,stage.threshold,2,2.0356e-05,1.9758e-05,0.0007808225741038252
128,10,1,BA,A,1,stage.aggregate,1,2.4843e-05,2.4579e-05,0.000952974873156294
128,10,1,BA,A,1,stage.alloc_init,1,0.00208982,0.002089497,0.08016527590949106
128,10,1,BA,A,1,stage.candidates,1,0.000118194,0.000117926,0.004533909437581412
128,10,1,BA,A,1,stage.cleanup,1,0.002560533,0.002560137,0.09822177719629291
128,10,1,BA,A,1,stage.delivery,1,4.0517e-05,4.0239e-05,0.0015542278684407503
128,10,1,BA,A,1,stage.leaf_distance,1,0.013683234,0.013683059,0.5248874204209593
128,10,1,BA,A,1,stage.node_plan,4,9.2962e-05,9.1832e-05,0.003566012565243948
128,10,1,BA,A,1,stage.node_prune,4,6.2239e-05,6.1149e-05,0.0023874815090920813
128,10,1,BA,A,1,stage.output_alloc,1,5.65e-06,5.344e-06,0.00021673340713009948
128,10,1,BA,A,1,stage.pivot_distance,2,0.000137501,0.000136807,0.005274523931645275
128,10,1,BA,A,1,stage.pivot_sort,2,0.001760616,0.001760072,0.0675370450137641
128,10,1,BA,A,1,stage.result_sort,1,0.005338199,0.005338007,0.2047727534882283
128,10,1,BA,A,1,stage.schedule,10,0.000124419,0.000121572,0.004772699784375193
128,10,1,BA,A,1,stage.threshold,2,1.9643e-05,1.9096e-05,0.000753503418806468
128,10,1,BA,A,2,stage.aggregate,1,2.6288e-05,2.6015e-05,0.0010246107702930852
128,10,1,BA,A,2,stage.alloc_init,1,0.002096907,0.002096625,0.08172981955656429
128,10,1,BA,A,2,stage.candidates,1,0.000126805,0.000126526,0.004942398384320399
128,10,1,BA,A,2,stage.cleanup,1,0.002063668,0.002063235,0.08043428405010615
128,10,1,BA,A,2,stage.delivery,1,3.9646e-05,3.9361e-05,0.0015452570982592687
128,10,1,BA,A,2,stage.leaf_distance,1,0.013694679,0.013694565,0.5337688526744726
128,10,1,BA,A,2,stage.node_plan,4,9.1613e-05,9.0471e-05,0.003570742030540947
128,10,1,BA,A,2,stage.node_prune,4,6.2002e-05,6.084e-05,0.002416612788333531
128,10,1,BA,A,2,stage.output_alloc,1,5.557e-06,5.266e-06,0.0002165916787324511
128,10,1,BA,A,2,stage.pivot_distance,2,0.000138371,0.000137835,0.00539319906026417
128,10,1,BA,A,2,stage.pivot_sort,2,0.001766066,0.001765424,0.06883483888650441
128,10,1,BA,A,2,stage.result_sort,1,0.005392481,0.005392304,0.2101793255934581
128,10,1,BA,A,2,stage.schedule,10,0.000122931,0.000120201,0.00479140393346391
128,10,1,BA,A,2,stage.threshold,2,2.0631e-05,2.009e-05,0.0008041214547290261
128,10,1,BA,A,3,stage.aggregate,1,2.674e-05,2.6471e-05,0.0010334432117157987
128,10,1,BA,A,3,stage.alloc_init,1,0.00210073,0.002100179,0.08118867457545735
128,10,1,BA,A,3,stage.candidates,1,0.000125034,0.000124746,0.004832293886823978
128,10,1,BA,A,3,stage.cleanup,1,0.002406298,0.00239379,0.09299821740707938
128,10,1,BA,A,3,stage.delivery,1,4.1064e-05,4.0763e-05,0.0015870348558675227
128,10,1,BA,A,3,stage.leaf_distance,1,0.013701462,0.013701476,0.5295318958295426
128,10,1,BA,A,3,stage.node_plan,4,9.3326e-05,9.218e-05,0.003606848211540337
128,10,1,BA,A,3,stage.node_prune,4,6.0452e-05,5.9346e-05,0.0023363391561198005
128,10,1,BA,A,3,stage.output_alloc,1,4.983e-06,4.693e-06,0.00019258218115107798
128,10,1,BA,A,3,stage.pivot_distance,2,0.000139775,0.000139235,0.005402001679789669
128,10,1,BA,A,3,stage.pivot_sort,2,0.001759921,0.001759304,0.06801714325378011
128,10,1,BA,A,3,stage.result_sort,1,0.005265643,0.00526546,0.20350572227632063
128,10,1,BA,A,3,stage.schedule,10,0.00012232,0.000119636,0.004727403652097102
128,10,1,BA,A,3,stage.threshold,2,1.8203e-05,1.7661e-05,0.0007035066111766149
128,10,1,BA,A,4,stage.aggregate,1,0.000710014,0.00070974,0.02061197009883361
128,10,1,BA,A,4,stage.alloc_init,1,0.003120717,0.003120465,0.09059557345477938
128,10,1,BA,A,4,stage.candidates,1,0.000581195,0.000580928,0.016872306689152045
128,10,1,BA,A,4,stage.cleanup,1,0.001551028,0.00155076,0.045026918847309624
128,10,1,BA,A,4,stage.delivery,1,4.1417e-05,4.1135e-05,0.0012023508910857978
128,10,1,BA,A,4,stage.leaf_distance,1,0.013659697,0.013651571,0.39654607672965203
128,10,1,BA,A,4,stage.node_plan,4,9.6707e-05,9.5546e-05,0.002807440124205863
128,10,1,BA,A,4,stage.node_prune,4,0.002069133,0.002068048,0.06006769940664534
128,10,1,BA,A,4,stage.output_alloc,1,5.85e-06,5.547e-06,0.000169827672522199
128,10,1,BA,A,4,stage.pivot_distance,2,0.001944392,0.000660015,0.056446421851416004
128,10,1,BA,A,4,stage.pivot_sort,2,0.001348453,0.001347855,0.03914609136676527
128,10,1,BA,A,4,stage.result_sort,1,0.004441115,0.004440846,0.12892721775272237
128,10,1,BA,A,4,stage.schedule,10,0.00443367,0.00302394,0.12871108663786293
128,10,1,BA,A,4,stage.threshold,2,0.00043245,0.000431858,0.012554184099525635
128,10,1,BA,A,5,stage.aggregate,1,0.000706893,0.000706637,0.019697004189465267
128,10,1,BA,A,5,stage.alloc_init,1,0.005260385,0.005222185,0.14657639187713029
128,10,1,BA,A,5,stage.candidates,1,0.000533626,0.000533262,0.01486905876505722
128,10,1,BA,A,5,stage.cleanup,1,0.001526566,0.001526024,0.04253653225805778
128,10,1,BA,A,5,stage.delivery,1,4.3011e-05,4.2682e-05,0.0011984668785701522
128,10,1,BA,A,5,stage.leaf_distance,1,0.01367673,0.01367673,0.38109106768377293
128,10,1,BA,A,5,stage.node_plan,4,0.000100973,9.9881e-05,0.0028135313322141774
128,10,1,BA,A,5,stage.node_prune,4,0.000112487,0.000111362,0.0031343596700779035
128,10,1,BA,A,5,stage.output_alloc,1,5.812e-06,5.506e-06,0.00016194669964078316
128,10,1,BA,A,5,stage.pivot_distance,2,0.000856353,0.000195987,0.023861586730468613
128,10,1,BA,A,5,stage.pivot_sort,2,0.001357207,0.00135657,0.03781748010656717
128,10,1,BA,A,5,stage.result_sort,1,0.004421308,0.004421097,0.12319618697443079
128,10,1,BA,A,5,stage.schedule,10,0.007257207,0.003176289,0.20221622888162236
128,10,1,BA,A,5,stage.threshold,2,1.8838e-05,1.8291e-05,0.0005249056999024559
128,10,1,BA,A,6,stage.aggregate,1,0.000707814,0.000707542,0.022070114600186486
128,10,1,BA,A,6,stage.alloc_init,1,0.003126691,0.003126413,0.0974923195774196
128,10,1,BA,A,6,stage.candidates,1,0.000533109,0.000532627,0.016622695686141865
128,10,1,BA,A,6,stage.cleanup,1,0.001600203,0.001599928,0.04989540132515352
128,10,1,BA,A,6,stage.delivery,1,4.2279e-05,4.2004e-05,0.001318287537660013
128,10,1,BA,A,6,stage.leaf_distance,1,0.013668396,0.013668392,0.4261897421084219
128,10,1,BA,A,6,stage.node_plan,4,0.000107311,0.000106207,0.0033460288548412607
128,10,1,BA,A,6,stage.node_prune,4,6.065e-05,5.9531e-05,0.0018911076222020338
128,10,1,BA,A,6,stage.output_alloc,1,6.683e-06,6.371e-06,0.00020838041614470228
128,10,1,BA,A,6,stage.pivot_distance,2,0.000138249,0.000137699,0.004310696416517873
128,10,1,BA,A,6,stage.pivot_sort,2,0.001112644,0.001112084,0.03469298514752448
128,10,1,BA,A,6,stage.result_sort,1,0.004423167,0.004422991,0.13791730961207757
128,10,1,BA,A,6,stage.schedule,10,0.006512006,0.005298564,0.20304870869621397
128,10,1,BA,A,6,stage.threshold,2,2.1739e-05,2.1168e-05,0.0006778365803635616
128,10,1,BA,A,7,stage.aggregate,1,2.4076e-05,2.3813e-05,0.0007689605171543734
128,10,1,BA,A,7,stage.alloc_init,1,0.003144412,0.003144104,0.10042900305974488
128,10,1,BA,A,7,stage.candidates,1,0.000126898,0.00012661,0.00405298021705664
128,10,1,BA,A,7,stage.cleanup,1,0.002361231,0.002360986,0.07541507770729931
128,10,1,BA,A,7,stage.delivery,1,4.2965e-05,4.2669e-05,0.001372254054641039
128,10,1,BA,A,7,stage.leaf_distance,1,0.013677741,0.013677739,0.436851752486442
128,10,1,BA,A,7,stage.node_plan,4,9.9893e-05,9.8786e-05,0.0031904707152393182
128,10,1,BA,A,7,stage.node_prune,4,6.2093e-05,6.098e-05,0.001983180984867358
128,10,1,BA,A,7,stage.output_alloc,1,8.009e-06,7.709e-06,0.0002557985039827786
128,10,1,BA,A,7,stage.pivot_distance,2,0.000136537,0.000135967,0.00436083909830149
128,10,1,BA,A,7,stage.pivot_sort,2,0.001205995,0.001205431,0.038518131703172816
128,10,1,BA,A,7,stage.result_sort,1,0.004396443,0.004396251,0.140417473123431
128,10,1,BA,A,7,stage.schedule,10,0.005989299,0.005275827,0.1912915125615622
128,10,1,BA,A,7,stage.threshold,2,2.4321e-05,2.3749e-05,0.000776785543184562
128,10,2,AB,A,0,stage.aggregate,1,2.5781e-05,2.5428e-05,0.0009792972511873327
128,10,2,AB,A,0,stage.alloc_init,1,0.002089695,0.002089093,0.07937754816802736
128,10,2,AB,A,0,stage.candidates,1,0.000130188,0.000129833,0.0049452213078459515
128,10,2,AB,A,0,stage.cleanup,1,0.002687808,0.002687294,0.10209700888713868
128,10,2,AB,A,0,stage.delivery,1,5.1367e-05,5.1e-05,0.0019511873822481566
128,10,2,AB,A,0,stage.leaf_distance,1,0.013703983,0.013703754,0.5205489656032714
128,10,2,AB,A,0,stage.node_plan,4,0.000101391,9.9924e-05,0.003851360598701946
128,10,2,AB,A,0,stage.node_prune,4,6.4802e-05,6.3364e-05,0.0024615189663489212
128,10,2,AB,A,0,stage.output_alloc,1,6.717e-06,6.344e-06,0.0002551467994346734
128,10,2,AB,A,0,stage.pivot_distance,2,0.000137203,0.000136507,0.005211687706243188
128,10,2,AB,A,0,stage.pivot_sort,2,0.001747864,0.001747051,0.06639301852718267
128,10,2,AB,A,0,stage.result_sort,1,0.005410343,0.005410094,0.2055131309057301
128,10,2,AB,A,0,stage.schedule,10,0.000134482,0.000130931,0.005108329891554823
128,10,2,AB,A,0,stage.threshold,2,2.1562e-05,2.0853e-05,0.0008190375598348113
128,10,2,AB,A,1,stage.aggregate,1,2.6258e-05,2.5903e-05,0.0009769110361741698
128,10,2,AB,A,1,stage.alloc_init,1,0.002069384,0.002068875,0.07699002466609216
128,10,2,AB,A,1,stage.candidates,1,0.00013527,0.000134895,0.005032628374715513
128,10,2,AB,A,1,stage.cleanup,1,0.003068341,0.003067864,0.11415554062174149
128,10,2,AB,A,1,stage.delivery,1,4.7236e-05,4.6876e-05,0.0017573832624237595
128,10,2,AB,A,1,stage.leaf_distance,1,0.013705773,0.01370554,0.509913965381901
128,10,2,AB,A,1,stage.node_plan,4,0.00010363,0.000102198,0.003855483687970493
128,10,2,AB,A,1,stage.node_prune,4,6.3916e-05,6.2527e-05,0.0023779513210491366
128,10,2,AB,A,1,stage.output_alloc,1,7.328e-06,6.923e-06,0.00027263325741047736
128,10,2,AB,A,1,stage.pivot_distance,2,0.000140949,0.000140247,0.00524391170834462
128,10,2,AB,A,1,stage.pivot_sort,2,0.001738831,0.001738012,0.06469202505681193
128,10,2,AB,A,1,stage.result_sort,1,0.005596468,0.005596057,0.20821278668579415
128,10,2,AB,A,1,stage.schedule,10,0.000140179,0.000136629,0.005215264381897285
128,10,2,AB,A,1,stage.threshold,2,2.2989e-05,2.2273e-05,0.000855290113893213
128,10,2,AB,A,2,stage.aggregate,1,2.8357e-05,2.7841e-05,0.00106210674530484
128,10,2,AB,A,2,stage.alloc_init,1,0.002080974,0.002080482,0.07794253701745579
128,10,2,AB,A,2,stage.candidates,1,0.000129562,0.000129211,0.00485272328297019
128,10,2,AB,A,2,stage.cleanup,1,0.002957519,0.002957045,0.11077338502899547
128,10,2,AB,A,2,stage.delivery,1,5.3101e-05,5.2549e-05,0.001988889173129467
128,10,2,AB,A,2,stage.leaf_distance,1,0.013709369,0.013709131,0.5134821486325446
128,10,2,AB,A,2,stage.node_plan,4,0.000101692,0.000100195,0.0038088570421250406
128,10,2,AB,A,2,stage.node_prune,4,6.4848e-05,6.3422e-05,0.0024288711154046004
128,10,2,AB,A,2,stage.output_alloc,1,6.839e-06,6.422e-06,0.00025615361396268295
128,10,2,AB,A,2,stage.pivot_distance,2,0.000139625,0.000138907,0.005229631283746103
128,10,2,AB,A,2,stage.pivot_sort,2,0.001745499,0.001744692,0.06537737637348283
128,10,2,AB,A,2,stage.result_sort,1,0.005514072,0.005513783,0.20652865483995306
128,10,2,AB,A,2,stage.schedule,10,0.000134616,0.000131131,0.005042020017137085
128,10,2,AB,A,2,stage.threshold,2,2.2215e-05,2.1511e-05,0.0008320591510719406
128,10,2,AB,A,3,stage.aggregate,1,0.00070883,0.000708329,0.026719568771649597
128,10,2,AB,A,3,stage.alloc_init,1,0.002075637,0.002075152,0.07824178655880881
128,10,2,AB,A,3,stage.candidates,1,0.00013038,0.000130003,0.004914714919582516
128,10,2,AB,A,3,stage.cleanup,1,0.002183218,0.00218278,0.0822970860354433
128,10,2,AB,A,3,stage.delivery,1,4.9523e-05,4.9145e-05,0.0018667849897414089
128,10,2,AB,A,3,stage.leaf_distance,1,0.013698443,0.013698184,0.5163670976158204
128,10,2,AB,A,3,stage.node_plan,4,0.000101148,9.9676e-05,0.0038128055275803976
128,10,2,AB,A,3,stage.node_prune,4,6.5513e-05,6.4119e-05,0.002469533045916623
128,10,2,AB,A,3,stage.output_alloc,1,6.173e-06,5.789e-06,0.00023269316765288286
128,10,2,AB,A,3,stage.pivot_distance,2,0.000140708,0.000140013,0.005304032113089558
128,10,2,AB,A,3,stage.pivot_sort,2,0.001745211,0.001744426,0.06578627503849917
128,10,2,AB,A,3,stage.result_sort,1,0.005458724,0.005431814,0.2057683102061907
128,10,2,AB,A,3,stage.schedule,10,0.000133361,0.000129888,0.0050270846478788446
128,10,2,AB,A,3,stage.threshold,2,2.1267e-05,2.0555e-05,0.0008016662233069593
128,10,2,AB,A,4,stage.aggregate,1,0.000707694,0.00070734,0.017851063358039748
128,10,2,AB,A,4,stage.alloc_init,1,0.005237205,0.005236566,0.1321046642673847
128,10,2,AB,A,4,stage.candidates,1,0.000531479,0.000531049,0.01340616891264813
128,10,2,AB,A,4,stage.cleanup,1,0.002444669,0.002444266,0.06166498685651661
128,10,2,AB,A,4,stage.delivery,1,5.0363e-05,4.9985e-05,0.001270369826366983
128,10,2,AB,A,4,stage.leaf_distance,1,0.013666106,0.013665945,0.3447175248959114
128,10,2,AB,A,4,stage.node_plan,4,0.000108277,0.000106769,0.002731208102963243
128,10,2,AB,A,4,stage.node_prune,4,0.000102634,0.000101203,0.002588867556725154
128,10,2,AB,A,4,stage.output_alloc,1,7.497e-06,7.117e-06,0.0001891063397389606
128,10,2,AB,A,4,stage.pivot_distance,2,0.001527842,0.000253671,0.03853869658789556
128,10,2,AB,A,4,stage.pivot_sort,2,0.00149586,0.001495092,0.03773197403787136
128,10,2,AB,A,4,stage.result_sort,1,0.004528688,0.004528285,0.1142328413365018
128,10,2,AB,A,4,stage.schedule,10,0.008791304,0.003235828,0.22175421114745675
128,10,2,AB,A,4,stage.threshold,2,0.00043106,0.000430124,0.010873173110294298
128,10,2,AB,A,5,stage.aggregate,1,2.6966e-05,2.6625e-05,0.0007426636148588245
128,10,2,AB,A,5,stage.alloc_init,1,0.005231434,0.005231091,0.14407756750483422
128,10,2,AB,A,5,stage.candidates,1,0.000540759,0.000540388,0.014892903423104766
128,10,2,AB,A,5,stage.cleanup,1,0.002828253,0.002827864,0.07789218262683806
128,10,2,AB,A,5,stage.delivery,1,5.0663e-05,5.0286e-05,0.0013952965482308323
128,10,2,AB,A,5,stage.leaf_distance,1,0.013675521,0.013675335,0.3766339783778746
128,10,2,AB,A,5,stage.node_plan,4,0.00010854,0.000107033,0.002989272000177142
128,10,2,AB,A,5,stage.node_prune,4,0.000116407,0.000114994,0.0032059350075973885
128,10,2,AB,A,5,stage.output_alloc,1,7.055e-06,6.654e-06,0.00019429992593744
128,10,2,AB,A,5,stage.pivot_distance,2,0.000688537,0.000196183,0.01896281900853113
128,10,2,AB,A,5,stage.pivot_sort,2,0.001381087,0.001380352,0.038036159009661404
128,10,2,AB,A,5,stage.result_sort,1,0.004493636,0.004493276,0.12375806406659305
128,10,2,AB,A,5,stage.schedule,10,0.007126001,0.003205199,0.1962553460708892
128,10,2,AB,A,5,stage.threshold,2,2.2093e-05,2.1383e-05,0.0006084575852212419
128,10,2,AB,A,6,stage.aggregate,1,2.6588e-05,2.6242e-05,0.001001018035492693
128,10,2,AB,A,6,stage.alloc_init,1,0.002040607,0.002040118,0.07682730594074912
128,10,2,AB,A,6,stage.candidates,1,0.000133546,0.00013316,0.005027905617869234
128,10,2,AB,A,6,stage.cleanup,1,0.002700861,0.002700464,0.10168536829994096
128,10,2,AB,A,6,stage.delivery,1,4.9083e-05,4.8692e-05,0.0018479377251424645
128,10,2,AB,A,6,stage.leaf_distance,1,0.013699802,0.013699552,0.5157871552835439
128,10,2,AB,A,6,stage.node_plan,4,0.000104235,0.000102768,0.003924368697516957
128,10,2,AB,A,6,stage.node_prune,4,6.3538e-05,6.2107e-05,0.0023921575123790704
128,10,2,AB,A,6,stage.output_alloc,1,8.727e-06,8.337e-06,0.0003285649313880221
128,10,2,AB,A,6,stage.pivot_distance,2,0.000139678,0.00013888,0.005258770767321663
128,10,2,AB,A,6,stage.pivot_sort,2,0.001737333,0.001736598,0.06540926984566822
128,10,2,AB,A,6,stage.result_sort,1,0.005684387,0.005684112,0.2140128594749587
128,10,2,AB,A,6,stage.schedule,10,0.000137994,0.000134481,0.00519536944447791
128,10,2,AB,A,6,stage.threshold,2,2.3355e-05,2.2655e-05,0.0008792980374203341
128,10,2,AB,A,7,stage.aggregate,1,2.4255e-05,2.3905e-05,0.0009039784780446158
128,10,2,AB,A,7,stage.alloc_init,1,0.002073054,0.002072639,0.07726226344359113
128,10,2,AB,A,7,stage.candidates,1,0.00013065,0.000130285,0.0048692965638643185
128,10,2,AB,A,7,stage.cleanup,1,0.003048855,0.003048386,0.11363015059487598
128,10,2,AB,A,7,stage.delivery,1,4.875e-05,4.8375e-05,0.001816901702934447
128,10,2,AB,A,7,stage.leaf_distance,1,0.01371188,0.013711323,0.51103873071657
128,10,2,AB,A,7,stage.node_plan,4,0.000100613,9.918e-05,0.003749824226407047
128,10,2,AB,A,7,stage.node_prune,4,6.5051e-05,6.3644e-05,0.0024244363626172044
128,10,2,AB,A,7,stage.output_alloc,1,6.817e-06,6.446e-06,0.00025406808018264875
128,10,2,AB,A,7,stage.pivot_distance,2,0.00013958,0.000138889,0.005202115686063387
128,10,2,AB,A,7,stage.pivot_sort,2,0.001746588,0.001745794,0.06509494792871529
128,10,2,AB,A,7,stage.result_sort,1,0.005569227,0.005568795,0.20756385682725134
128,10,2,AB,A,7,stage.schedule,10,0.000134613,0.00013111,0.005016996696145944
128,10,2,AB,A,7,stage.threshold,2,2.1472e-05,2.076e-05,0.0008002566844186349
128,10,2,AB,B,0,stage.aggregate,1,2.4729e-05,2.4459e-05,0.0010980284197941723
128,10,2,AB,B,0,stage.alloc_init,1,0.003154995,0.003154679,0.14008953755948542
128,10,2,AB,B,0,stage.candidates,1,0.000124289,0.000124003,0.005518737282858097
128,10,2,AB,B,0,stage.cleanup,1,0.002350051,0.002349617,0.10434804423817036
128,10,2,AB,B,0,stage.delivery,1,4.0417e-05,4.0144e-05,0.001794614203680742
128,10,2,AB,B,0,stage.leaf_distance,1,0.005065087,0.005064733,0.22490232013951253
128,10,2,AB,B,0,stage.node_plan,4,9.9163e-05,9.8009e-05,0.00440308108666139
128,10,2,AB,B,0,stage.node_prune,4,6.4026e-05,6.2774e-05,0.002842911868888418
128,10,2,AB,B,0,stage.output_alloc,1,5.805e-06,5.497e-06,0.0002577562771201897
128,10,2,AB,B,0,stage.pivot_distance,2,0.000138118,0.000137545,0.006132778894622973
128,10,2,AB,B,0,stage.pivot_sort,2,0.001115112,0.001114416,0.049513715364694046
128,10,2,AB,B,0,stage.result_sort,1,0.004396134,0.004395926,0.19519916168156556
128,10,2,AB,B,0,stage.schedule,10,0.005909387,0.005240511,0.2623913166550295
128,10,2,AB,B,0,stage.threshold,2,2.1493e-05,2.0934e-05,0.0009543420610067591
128,10,2,AB,B,1,stage.aggregate,1,2.3373e-05,2.3098e-05,0.0013437168174153702
128,10,2,AB,B,1,stage.alloc_init,1,0.002091019,0.002090555,0.12021295494096051
128,10,2,AB,B,1,stage.candidates,1,0.000125631,0.000125346,0.007222542570004294
128,10,2,AB,B,1,stage.cleanup,1,0.002503568,0.002503172,0.14393045073986924
128,10,2,AB,B,1,stage.delivery,1,4.0914e-05,4.0632e-05,0.002352151194443694
128,10,2,AB,B,1,stage.leaf_distance,1,0.005055744,0.005055408,0.29065538173734023
128,10,2,AB,B,1,stage.node_plan,4,9.1026e-05,8.9882e-05,0.005233096608139798
128,10,2,AB,B,1,stage.node_prune,4,6.2622e-05,6.1527e-05,0.003600146944773256
128,10,2,AB,B,1,stage.output_alloc,1,5.502e-06,5.197e-06,0.00031631069736103056
128,10,2,AB,B,1,stage.pivot_distance,2,0.000137967,0.000137399,0.007931740818395
128,10,2,AB,B,1,stage.pivot_sort,2,0.001770925,0.001770367,0.10181070914650728
128,10,2,AB,B,1,stage.result_sort,1,0.005335603,0.005335264,0.3067445121358791
128,10,2,AB,B,1,stage.schedule,10,0.000120399,0.00011773,0.006921754207846368
128,10,2,AB,B,1,stage.threshold,2,2.0128e-05,1.9579e-05,0.0011571613443262128
128,10,2,AB,B,2,stage.aggregate,1,2.3275e-05,2.2995e-05,0.001392277195420745
128,10,2,AB,B,2,stage.alloc_init,1,0.002093776,0.002093346,0.12524668430157962
128,10,2,AB,B,2,stage.candidates,1,0.000125325,0.000125039,0.0074967621704019275
128,10,2,AB,B,2,stage.cleanup,1,0.00204273,0.002042285,0.12219318562413828
128,10,2,AB,B,2,stage.delivery,1,3.6617e-05,3.6315e-05,0.0021903765441341106
128,10,2,AB,B,2,stage.leaf_distance,1,0.00505682,0.005056476,0.3024917365133204
128,10,2,AB,B,2,stage.node_plan,4,9.2431e-05,9.1308e-05,0.0055290901589660525
128,10,2,AB,B,2,stage.node_prune,4,6.368e-05,6.259e-05,0.003809246479243525
128,10,2,AB,B,2,stage.output_alloc,1,5.868e-06,5.555e-06,0.00035101536338255347
128,10,2,AB,B,2,stage.pivot_distance,2,0.000138408,0.000137696,0.008279368509722641
128,10,2,AB,B,2,stage.pivot_sort,2,0.00176476,0.001764172,0.10556541797597052
128,10,2,AB,B,2,stage.result_sort,1,0.00512089,0.005120705,0.3063243122345065
128,10,2,AB,B,2,stage.schedule,10,0.000122727,0.000119889,0.0073413535279227395
128,10,2,AB,B,2,stage.threshold,2,2.0306e-05,1.9763e-05,0.0012146758638115422
128,10,2,AB,B,3,stage.aggregate,1,2.4615e-05,2.4343e-05,0.0014523332029390055
128,10,2,AB,B,3,stage.alloc_init,1,0.002101715,0.002101305,0.12400530073593144
128,10,2,AB,B,3,stage.candidates,1,0.000126861,0.000126591,0.00748504742872416
128,10,2,AB,B,3,stage.cleanup,1,0.002004711,0.00200431,0.1182818747754238
128,10,2,AB,B,3,stage.delivery,1,3.9686e-05,3.9412e-05,0.0023415517161014575
128,10,2,AB,B,3,stage.leaf_distance,1,0.00505333,0.005052971,0.2981563658097812
128,10,2,AB,B,3,stage.node_plan,4,9.1363e-05,9.0207e-05,0.005390595913878382
128,10,2,AB,B,3,stage.node_prune,4,6.3127e-05,6.2036e-05,0.0037246166200256186
128,10,2,AB,B,3,stage.output_alloc,1,5.335e-06,5.039e-06,0.0003147754473970991
128,10,2,AB,B,3,stage.pivot_distance,2,0.00013928,0.000138397,0.008217792748541324
128,10,2,AB,B,3,stage.pivot_sort,2,0.001764408,0.001763815,0.10410352719606765
128,10,2,AB,B,3,stage.result_sort,1,0.005384237,0.005384034,0.31768052681668507
128,10,2,AB,B,3,stage.schedule,10,0.000120347,0.000117671,0.007100708672520842
128,10,2,AB,B,3,stage.threshold,2,2.0868e-05,2.0305e-05,0.0012312528652825988
128,10,2,AB,B,4,stage.aggregate,1,2.387e-05,2.3591e-05,0.0014023624666938913
128,10,2,AB,B,4,stage.alloc_init,1,0.002096627,0.00209622,0.1231768333245502
128,10,2,AB,B,4,stage.candidates,1,0.000125986,0.000125698,0.007401677324210163
128,10,2,AB,B,4,stage.cleanup,1,0.002075043,0.002074641,0.12190877335466661
128,10,2,AB,B,4,stage.delivery,1,4.2391e-05,4.2104e-05,0.002490471190851309
128,10,2,AB,B,4,stage.leaf_distance,1,0.005052474,0.005052126,0.29683284045022
128,10,2,AB,B,4,stage.node_plan,4,8.4711e-05,8.3575e-05,0.004976771131801685
128,10,2,AB,B,4,stage.node_prune,4,6.0032e-05,5.8914e-05,0.0035268799162366015
128,10,2,AB,B,4,stage.output_alloc,1,5.022e-06,4.723e-06,0.0002950424929927408
128,10,2,AB,B,4,stage.pivot_distance,2,0.000138418,0.000137706,0.008132057306863638
128,10,2,AB,B,4,stage.pivot_sort,2,0.001791382,0.001790809,0.10524369000046235
128,10,2,AB,B,4,stage.result_sort,1,0.005384369,0.005384193,0.3163316712371228
128,10,2,AB,B,4,stage.schedule,10,0.000111978,0.000109366,0.006578707343755701
128,10,2,AB,B,4,stage.threshold,2,2.008e-05,1.9526e-05,0.0011796999719821256
128,10,2,AB,B,5,stage.aggregate,1,2.4261e-05,2.3982e-05,0.0014103550791705014
128,10,2,AB,B,5,stage.alloc_init,1,0.002092476,0.002092066,0.12164107640420319
128,10,2,AB,B,5,stage.candidates,1,0.000122294,0.000122027,0.007109268540129314
128,10,2,AB,B,5,stage.cleanup,1,0.002524294,0.002523856,0.14674378072707725
128,10,2,AB,B,5,stage.delivery,1,3.9805e-05,3.9489e-05,0.0023139682587849557
128,10,2,AB,B,5,stage.leaf_distance,1,0.005064239,0.005063875,0.2943973948222802
128,10,2,AB,B,5,stage.node_plan,4,9.7047e-05,9.5429e-05,0.005641594714490731
128,10,2,AB,B,5,stage.node_prune,4,6.2333e-05,6.1257e-05,0.0036235795371144987
128,10,2,AB,B,5,stage.output_alloc,1,5.807e-06,5.511e-06,0.00033757602509142657
128,10,2,AB,B,5,stage.pivot_distance,2,0.000139088,0.000138549,0.008085547473379773
128,10,2,AB,B,5,stage.pivot_sort,2,0.00176333,0.001762772,0.1025069626871819
128,10,2,AB,B,5,stage.result_sort,1,0.005118094,0.00511773,0.29752812615193386
128,10,2,AB,B,5,stage.schedule,10,0.000119709,0.000117036,0.0069589957616100545
128,10,2,AB,B,5,stage.threshold,2,2.0743e-05,2.0175e-05,0.001205844582137328
128,10,2,AB,B,6,stage.aggregate,1,0.000706949,0.000706522,0.04196093374858067
128,10,2,AB,B,6,stage.alloc_init,1,0.002083689,0.002083298,0.1236772894249038
128,10,2,AB,B,6,stage.candidates,1,0.00012677,0.000126492,0.00752442902006732
128,10,2,AB,B,6,stage.cleanup,1,0.001442518,0.001442098,0.08562060661962191
128,10,2,AB,B,6,stage.delivery,1,4.2769e-05,4.2443e-05,0.0025385525341899444
128,10,2,AB,B,6,stage.leaf_distance,1,0.005081044,0.005068469,0.30158519307280063
128,10,2,AB,B,6,stage.node_plan,4,9.6012e-05,9.4738e-05,0.005698788980631881
128,10,2,AB,B,6,stage.node_prune,4,6.3279e-05,6.2167e-05,0.0037559228836541764
128,10,2,AB,B,6,stage.output_alloc,1,5.655e-06,5.355e-06,0.00033565233184886564
128,10,2,AB,B,6,stage.pivot_distance,2,0.000137422,0.000136874,0.008156678116239578
128,10,2,AB,B,6,stage.pivot_sort,2,0.001765919,0.00176517,0.10481606192859715
128,10,2,AB,B,6,stage.result_sort,1,0.005143549,0.005143345,0.3052951752128914
128,10,2,AB,B,6,stage.schedule,10,0.00012166,0.000119016,0.007221125144603535
128,10,2,AB,B,6,stage.threshold,2,2.0568e-05,2.0028e-05,0.001220812937483195
128,10,2,AB,B,7,stage.aggregate,1,0.000705679,0.000705423,0.027534753467074718
128,10,2,AB,B,7,stage.alloc_init,1,0.004191098,0.004190741,0.16353164850640292
128,10,2,AB,B,7,stage.candidates,1,0.000577497,0.000577123,0.022533244609766263
128,10,2,AB,B,7,stage.cleanup,1,0.00135512,0.001354701,0.05287516720534732
128,10,2,AB,B,7,stage.delivery,1,4.7974e-05,4.7687e-05,0.0018718882988291313
128,10,2,AB,B,7,stage.leaf_distance,1,0.005059898,0.005059603,0.19743118896629266
128,10,2,AB,B,7,stage.node_plan,4,8.6944e-05,8.5544e-05,0.0033924512497060908
128,10,2,AB,B,7,stage.node_prune,4,0.001720994,0.001719652,0.06715113459280322
128,10,2,AB,B,7,stage.output_alloc,1,5.338e-06,5.037e-06,0.00020828239753095226
128,10,2,AB,B,7,stage.pivot_distance,2,0.002372136,0.001088668,0.09255791932361988
128,10,2,AB,B,7,stage.pivot_sort,2,0.00110577,0.001105154,0.043145827410603424
128,10,2,AB,B,7,stage.result_sort,1,0.004483258,0.004482887,0.17493138347505094
128,10,2,AB,B,7,stage.schedule,10,0.003477924,0.00229381,0.13570444907276874
128,10,2,AB,B,7,stage.threshold,2,0.000428268,0.000427631,0.0167105068987984
128,10,3,BA,B,0,stage.aggregate,1,0.000706261,0.000705757,0.02718795536709982
128,10,3,BA,B,0,stage.alloc_init,1,0.005258345,0.005257979,0.20242325311012854
128,10,3,BA,B,0,stage.candidates,1,0.000523895,0.000523367,0.0201676630552257
128,10,3,BA,B,0,stage.cleanup,1,0.001574626,0.001574147,0.06061620478530588
128,10,3,BA,B,0,stage.delivery,1,4.1388e-05,4.1104e-05,0.0015932567375708515
128,10,3,BA,B,0,stage.leaf_distance,1,0.005053149,0.005052804,0.19452410578427107
128,10,3,BA,B,0,stage.node_plan,4,9.8679e-05,9.7336e-05,0.0037987093265379837
128,10,3,BA,B,0,stage.node_prune,4,0.00011871,0.000117523,0.004569815098990911
128,10,3,BA,B,0,stage.output_alloc,1,6.23e-06,5.905e-06,0.00023982771516058775
128,10,3,BA,B,0,stage.pivot_distance,2,0.001070979,0.000561743,0.041228001052162296
128,10,3,BA,B,0,stage.pivot_sort,2,0.001239064,0.001238491,0.04769853740894679
128,10,3,BA,B,0,stage.result_sort,1,0.004420216,0.004420025,0.17015895727066976
128,10,3,BA,B,0,stage.schedule,10,0.005830672,0.003686173,0.22445533605310025
128,10,3,BA,B,0,stage.threshold,2,2.1959e-05,2.141e-05,0.0008453253286053526
128,10,3,BA,B,1,stage.aggregate,1,2.4286e-05,2.3987e-05,0.0010588581423078137
128,10,3,BA,B,1,stage.alloc_init,1,0.003134471,0.003134075,0.1366614568137081
128,10,3,BA,B,1,stage.candidates,1,0.000128153,0.000127663,0.005587410339750195
128,10,3,BA,B,1,stage.cleanup,1,0.00222433,0.002223899,0.09697973860164454
128,10,3,BA,B,1,stage.delivery,1,4.1445e-05,4.113e-05,0.0018069824470043374
128,10,3,BA,B,1,stage.leaf_distance,1,0.005059448,0.005059087,0.22058954584464233
128,10,3,BA,B,1,stage.node_plan,4,9.7991e-05,9.679e-05,0.004272361369632091
128,10,3,BA,B,1,stage.node_prune,4,6.0856e-05,5.9676e-05,0.002653292889248304
128,10,3,BA,B,1,stage.output_alloc,1,6.04e-06,5.731e-06,0.0002633411504380793
128,10,3,BA,B,1,stage.pivot_distance,2,0.00013655,0.000135952,0.005953515578198632
128,10,3,BA,B,1,stage.pivot_sort,2,0.001087268,0.001086714,0.04740437184677312
128,10,3,BA,B,1,stage.result_sort,1,0.00440399,0.00440377,0.19201188627778096
128,10,3,BA,B,1,stage.schedule,10,0.006502087,0.005305675,0.2834879256338543
128,10,3,BA,B,1,stage.threshold,2,1.8283e-05,1.7698e-05,0.0007971301744138088
128,10,3,BA,B,2,stage.aggregate,1,2.4702e-05,2.4392e-05,0.001464212158188972
128,10,3,BA,B,2,stage.alloc_init,1,0.002085166,0.002084883,0.12359830819537955
128,10,3,BA,B,2,stage.candidates,1,0.000121789,0.000121487,0.00721904843873681
128,10,3,BA,B,2,stage.cleanup,1,0.0021781,0.002177735,0.1291069752146142
128,10,3,BA,B,2,stage.delivery,1,3.9685e-05,3.9378e-05,0.002352330155361078
128,10,3,BA,B,2,stage.leaf_distance,1,0.00505213,0.005051752,0.2994652324002611
128,10,3,BA,B,2,stage.node_plan,4,9.1432e-05,9.0254e-05,0.005419635901851432
128,10,3,BA,B,2,stage.node_prune,4,6.179e-05,6.0583e-05,0.003662605022042611
128,10,3,BA,B,2,stage.output_alloc,1,6.35e-06,6.028e-06,0.0003763965348757174
128,10,3,BA,B,2,stage.pivot_distance,2,0.000137802,0.000137197,0.008168219732117104
128,10,3,BA,B,2,stage.pivot_sort,2,0.001760769,0.001760218,0.10436966146717827
128,10,3,BA,B,2,stage.result_sort,1,0.005152885,0.005152699,0.305437489545364
128,10,3,BA,B,2,stage.schedule,10,0.000127408,0.00012452,0.007552114915818173
128,10,3,BA,B,2,stage.threshold,2,2.056e-05,1.9987e-05,0.001218694922369252
128,10,3,BA,B,3,stage.aggregate,1,2.5108e-05,2.4792e-05,0.0015012722965812811
128,10,3,BA,B,3,stage.alloc_init,1,0.002095952,0.002095496,0.12532239415979485
128,10,3,BA,B,3,stage.candidates,1,0.000123039,0.000122723,0.007356820220609537
128,10,3,BA,B,3,stage.cleanup,1,0.002078926,0.002078505,0.12430436555848878
128,10,3,BA,B,3,stage.delivery,1,4.0319e-05,4.0034e-05,0.002410777350878631
128,10,3,BA,B,3,stage.leaf_distance,1,0.00505364,0.005053005,0.30217021383204656
128,10,3,BA,B,3,stage.node_plan,4,9.108e-05,8.993e-05,0.005445908904437752
128,10,3,BA,B,3,stage.node_prune,4,6.7171e-05,6.5838e-05,0.0040163279207289
128,10,3,BA,B,3,stage.output_alloc,1,5.727e-06,5.411e-06,0.0003424321508093435
128,10,3,BA,B,3,stage.pivot_distance,2,0.000139084,0.00013848,0.008316192293201805
128,10,3,BA,B,3,stage.pivot_sort,2,0.001765417,0.001764861,0.10555885112369108
128,10,3,BA,B,3,stage.result_sort,1,0.005089667,0.00508945,0.3043243613957288
128,10,3,BA,B,3,stage.schedule,10,0.000119362,0.000116626,0.007136962874961561
128,10,3,BA,B,3,stage.threshold,2,2.1299e-05,2.0711e-05,0.0012735223293326712
128,10,3,BA,B,4,stage.aggregate,1,2.4033e-05,2.3725e-05,0.0014014325482811384
128,10,3,BA,B,4,stage.alloc_init,1,0.00209244,0.002092023,0.12201612455063394
128,10,3,BA,B,4,stage.candidates,1,0.000114295,0.000113997,0.006664866354836796
128,10,3,BA,B,4,stage.cleanup,1,0.002524308,0.002523906,0.14719957529590413
128,10,3,BA,B,4,stage.delivery,1,4.0211e-05,3.9903e-05,0.0023448177172609684
128,10,3,BA,B,4,stage.leaf_distance,1,0.005054807,0.005054417,0.29476016540087946
128,10,3,BA,B,4,stage.node_plan,4,9.2276e-05,9.1109e-05,0.005380875871725974
128,10,3,BA,B,4,stage.node_prune,4,6.1265e-05,6.007e-05,0.0035725363071794597
128,10,3,BA,B,4,stage.output_alloc,1,5.318e-06,5.015e-06,0.000310107697406029
128,10,3,BA,B,4,stage.pivot_distance,2,0.000138205,0.000137626,0.008059126423467513
128,10,3,BA,B,4,stage.pivot_sort,2,0.001767861,0.001767302,0.10308900038433993
128,10,3,BA,B,4,stage.result_sort,1,0.005085941,0.005085577,0.2965756774450764
128,10,3,BA,B,4,stage.schedule,10,0.000119493,0.00011667,0.006967976511120463
128,10,3,BA,B,4,stage.threshold,2,2.0282e-05,1.97e-05,0.0011827010753646258
128,10,3,BA,B,5,stage.aggregate,1,2.4683e-05,2.4381e-05,0.0014831218949782898
128,10,3,BA,B,5,stage.alloc_init,1,0.002102027,0.002101627,0.1263040257479046
128,10,3,BA,B,5,stage.candidates,1,0.000121627,0.000121282,0.007308174319188287
128,10,3,BA,B,5,stage.cleanup,1,0.001993432,0.001993002,0.11977890229511656
128,10,3,BA,B,5,stage.delivery,1,3.9337e-05,3.9051e-05,0.002363633512245715
128,10,3,BA,B,5,stage.leaf_distance,1,0.005056294,0.005055908,0.30381640557660566
128,10,3,BA,B,5,stage.node_plan,4,9.6525e-05,9.5006e-05,0.005799876065015575
128,10,3,BA,B,5,stage.node_prune,4,6.036e-05,5.9183e-05,0.00362683780662357
128,10,3,BA,B,5,stage.output_alloc,1,5.201e-06,4.878e-06,0.0003125113226018752
128,10,3,BA,B,5,stage.pivot_distance,2,0.000137905,0.000137275,0.008286266860875139
128,10,3,BA,B,5,stage.pivot_sort,2,0.001766444,0.001765829,0.10613992515711342
128,10,3,BA,B,5,stage.result_sort,1,0.005089806,0.005089622,0.30583003361795036
128,10,3,BA,B,5,stage.schedule,10,0.000119557,0.000116904,0.007183794692619187
128,10,3,BA,B,5,stage.threshold,2,2.1556e-05,2.0804e-05,0.0012952305460499948
128,10,3,BA,B,6,stage.aggregate,1,2.3603e-05,2.3301e-05,0.001400624967251201
128,10,3,BA,B,6,stage.alloc_init,1,0.002085736,0.002085323,0.12376960202917642
128,10,3,BA,B,6,stage.candidates,1,0.000123544,0.000123258,0.007331221071646926
128,10,3,BA,B,6,stage.cleanup,1,0.001943889,0.001943456,0.1153522631430314
128,10,3,BA,B,6,stage.delivery,1,3.9623e-05,3.9335e-05,0.0023512673421766024
128,10,3,BA,B,6,stage.leaf_distance,1,0.005059028,0.005058654,0.3002076399958865
128,10,3,BA,B,6,stage.node_plan,4,9.6903e-05,9.5779e-05,0.00575031823079876
128,10,3,BA,B,6,stage.node_prune,4,6.1366e-05,6.0164e-05,0.003641518101103131
128,10,3,BA,B,6,stage.output_alloc,1,5.577e-06,5.276e-06,0.0003309446020573634
128,10,3,BA,B,6,stage.pivot_distance,2,0.000137818,0.000137064,0.008178254109080458
128,10,3,BA,B,6,stage.pivot_sort,2,0.001761325,0.001760767,0.10451873789110375
128,10,3,BA,B,6,stage.result_sort,1,0.005363277,0.005363094,0.3182620714521086
128,10,3,BA,B,6,stage.schedule,10,0.000120904,0.000118195,0.007174560904992553
128,10,3,BA,B,6,stage.threshold,2,2.0297e-05,1.972e-05,0.001204443713099929
128,10,3,BA,B,7,stage.aggregate,1,2.4346e-05,2.4035e-05,0.0013970416297862634
128,10,3,BA,B,7,stage.alloc_init,1,0.002101272,0.002100832,0.12057686928054881
128,10,3,BA,B,7,stage.candidates,1,0.000120347,0.000120042,0.006905847737611413
128,10,3,BA,B,7,stage.cleanup,1,0.00254581,0.002545395,0.14608570407977356
128,10,3,BA,B,7,stage.delivery,1,3.9238e-05,3.8947e-05,0.0022515862757559106
128,10,3,BA,B,7,stage.leaf_distance,1,0.005054699,0.005054336,0.2900527778295817
128,10,3,BA,B,7,stage.node_plan,4,9.2287e-05,9.1146e-05,0.0052956863915257085
128,10,3,BA,B,7,stage.node_prune,4,6.036e-05,5.9168e-05,0.0034636257608600535
128,10,3,BA,B,7,stage.output_alloc,1,5.057e-06,4.754e-06,0.00029018481565058464
128,10,3,BA,B,7,stage.pivot_distance,2,0.000138143,0.000137534,0.007927032032513093
128,10,3,BA,B,7,stage.pivot_sort,2,0.001768979,0.001768401,0.10150896677966297
128,10,3,BA,B,7,stage.result_sort,1,0.005328881,0.005328705,0.30578610848505106
128,10,3,BA,B,7,stage.schedule,10,0.000119014,0.000116367,0.0068293564662524585
128,10,3,BA,B,7,stage.threshold,2,2.0784e-05,2.0207e-05,0.0011926440989681137
128,10,3,BA,A,0,stage.aggregate,1,1.7953e-05,1.7681e-05,0.0007039151333911925
128,10,3,BA,A,0,stage.alloc_init,1,0.002100537,0.002100124,0.08235948212266113
128,10,3,BA,A,0,stage.candidates,1,0.000124234,0.000123934,0.004871062924398229
128,10,3,BA,A,0,stage.cleanup,1,0.002134749,0.002134348,0.08370089272498829
128,10,3,BA,A,0,stage.delivery,1,4.7147e-05,4.686e-05,0.001848576103937757
128,10,3,BA,A,0,stage.leaf_distance,1,0.013708956,0.013708779,0.537511368094134
128,10,3,BA,A,0,stage.node_plan,4,9.1195e-05,9.0034e-05,0.003575644214872712
128,10,3,BA,A,0,stage.node_prune,4,6.0528e-05,5.9416e-05,0.002373228719094419
128,10,3,BA,A,0,stage.output_alloc,1,6.27e-06,5.973e-06,0.0002458390177888251
128,10,3,BA,A,0,stage.pivot_distance,2,0.000135596,0.000135067,0.005316553023300403
128,10,3,BA,A,0,stage.pivot_sort,2,0.001769811,0.00176923,0.06939212087908427
128,10,3,BA,A,0,stage.result_sort,1,0.005155621,0.005155434,0.20214558257279747
128,10,3,BA,A,0,stage.schedule,10,0.000120701,0.000117976,0.004732538323146567
128,10,3,BA,A,0,stage.threshold,2,2.0399e-05,1.9853e-05,0.000799819796471171
128,10,3,BA,A,1,stage.aggregate,1,1.8271e-05,1.8014e-05,0.000714886814608967
128,10,3,BA,A,1,stage.alloc_init,1,0.002082115,0.002081693,0.08146661704337745
128,10,3,BA,A,1,stage.candidates,1,0.000122652,0.00012234,0.004798987334323191
128,10,3,BA,A,1,stage.cleanup,1,0.002018588,0.002018155,0.0789810051627106
128,10,3,BA,A,1,stage.delivery,1,4.2074e-05,4.18e-05,0.0016462234052792774
128,10,3,BA,A,1,stage.leaf_distance,1,0.013707088,0.013706933,0.5363152798360679
128,10,3,BA,A,1,stage.node_plan,4,9.1375e-05,9.0197e-05,0.0035752166101961774
128,10,3,BA,A,1,stage.node_prune,4,5.8788e-05,5.7692e-05,0.0023001897026562286
128,10,3,BA,A,1,stage.output_alloc,1,6.093e-06,5.778e-06,0.00023839994315650134
128,10,3,BA,A,1,stage.pivot_distance,2,0.000137212,0.000136669,0.005368674380500552
128,10,3,BA,A,1,stage.pivot_sort,2,0.001770131,0.001769374,0.06925966351215508
128,10,3,BA,A,1,stage.result_sort,1,0.005350294,0.005350074,0.20934019128025114
128,10,3,BA,A,1,stage.schedule,10,0.000121879,0.000119037,0.004768742273423802
128,10,3,BA,A,1,stage.threshold,2,2.1198e-05,2.0664e-05,0.0008294111267079461
128,10,3,BA,A,2,stage.aggregate,1,0.000705007,0.000704595,0.027379864271010582
128,10,3,BA,A,2,stage.alloc_init,1,0.00209089,0.002090429,0.08120243402634772
128,10,3,BA,A,2,stage.candidates,1,0.000124343,0.00012403,0.00482902221261671
128,10,3,BA,A,2,stage.cleanup,1,0.001648922,0.001648459,0.06403803161313762
128,10,3,BA,A,2,stage.delivery,1,4.4478e-05,4.4193e-05,0.001727361009246729
128,10,3,BA,A,2,stage.leaf_distance,1,0.013699931,0.013687407,0.5320546481130121
128,10,3,BA,A,2,stage.node_plan,4,9.1423e-05,9.0235e-05,0.003550531173801963
128,10,3,BA,A,2,stage.node_prune,4,6.0916e-05,5.9802e-05,0.00236575213002549
128,10,3,BA,A,2,stage.output_alloc,1,5.533e-06,5.238e-06,0.0002148812550960509
128,10,3,BA,A,2,stage.pivot_distance,2,0.000135579,0.000135038,0.0052653868940299095
128,10,3,BA,A,2,stage.pivot_sort,2,0.001769389,0.001768829,0.06871652432191332
128,10,3,BA,A,2,stage.result_sort,1,0.005222881,0.005222649,0.2028373801730196
128,10,3,BA,A,2,stage.schedule,10,0.000119757,0.000117028,0.004650918934852298
128,10,3,BA,A,2,stage.threshold,2,2.0711e-05,2.0163e-05,0.0008043386362360943
128,10,3,BA,A,3,stage.aggregate,1,0.000703324,0.000702907,0.02035075718842167
128,10,3,BA,A,3,stage.alloc_init,1,0.004189253,0.004188836,0.12121649567463512
128,10,3,BA,A,3,stage.candidates,1,0.000611032,0.000610558,0.017680278031683365
128,10,3,BA,A,3,stage.cleanup,1,0.001485634,0.0014852,0.04298698296213928
128,10,3,BA,A,3,stage.delivery,1,4.3206e-05,4.2928e-05,0.0012501703554591438
128,10,3,BA,A,3,stage.leaf_distance,1,0.013674207,0.013674035,0.39566468142878103
128,10,3,BA,A,3,stage.node_plan,4,9.4379e-05,9.3258e-05,0.0027308667309604807
128,10,3,BA,A,3,stage.node_prune,4,0.001713271,0.001711682,0.04957368455927053
128,10,3,BA,A,3,stage.output_alloc,1,6.006e-06,5.703e-06,0.00017378426965901998
128,10,3,BA,A,3,stage.pivot_distance,2,0.00236328,0.001080995,0.06838176636692786
128,10,3,BA,A,3,stage.pivot_sort,2,0.001108525,0.001107808,0.03207529262799952
128,10,3,BA,A,3,stage.result_sort,1,0.004395983,0.004395762,0.1271982509304808
128,10,3,BA,A,3,stage.schedule,10,0.00371408,0.00230521,0.10746731272979901
128,10,3,BA,A,3,stage.threshold,2,0.000446312,0.000445429,0.01291408673993615
128,10,3,BA,A,4,stage.aggregate,1,0.00070465,0.000704213,0.02267577344693156
128,10,3,BA,A,4,stage.alloc_init,1,0.004184987,0.004184632,0.13467369203200708
128,10,3,BA,A,4,stage.candidates,1,0.000125096,0.000124821,0.004025613503324133
128,10,3,BA,A,4,stage.cleanup,1,0.001536203,0.00153572,0.04943531000709091
128,10,3,BA,A,4,stage.delivery,1,4.3796e-05,4.3517e-05,0.0014093637605645563
128,10,3,BA,A,4,stage.leaf_distance,1,0.013681483,0.013681265,0.4402727721933521
128,10,3,BA,A,4,stage.node_plan,4,9.2749e-05,9.1566e-05,0.002984680779719656
128,10,3,BA,A,4,stage.node_prune,4,0.00172847,0.001727181,0.05562249929726502
128,10,3,BA,A,4,stage.output_alloc,1,5.647e-06,5.368e-06,0.00018172155347310372
128,10,3,BA,A,4,stage.pivot_distance,2,0.001186655,0.00061927,0.03818678768135751
128,10,3,BA,A,4,stage.pivot_sort,2,0.001120072,0.001119409,0.036044133848366605
128,10,3,BA,A,4,stage.result_sort,1,0.004374622,0.004364977,0.14077618305252626
128,10,3,BA,A,4,stage.schedule,10,0.002259123,0.002255988,0.07269901559178651
128,10,3,BA,A,4,stage.threshold,2,2.1813e-05,2.1248e-05,0.0007019465638230584
128,10,3,BA,A,5,stage.aggregate,1,0.000706188,0.000705756,0.021732375496407188
128,10,3,BA,A,5,stage.alloc_init,1,0.003146094,0.00314577,0.09681854712200388
128,10,3,BA,A,5,stage.candidates,1,0.000533906,0.00053362,0.016430533613973584
128,10,3,BA,A,5,stage.cleanup,1,0.001759629,0.001759193,0.05415118659955633
128,10,3,BA,A,5,stage.delivery,1,4.3004e-05,4.2722e-05,0.0013234139858614062
128,10,3,BA,A,5,stage.leaf_distance,1,0.013681109,0.013680933,0.421025276548562
128,10,3,BA,A,5,stage.node_plan,4,9.8548e-05,9.7425e-05,0.0030327365240133447
128,10,3,BA,A,5,stage.node_prune,4,5.9183e-05,5.8079e-05,0.0018213098764123246
128,10,3,BA,A,5,stage.output_alloc,1,6.352e-06,6.05e-06,0.00019547776109644807
128,10,3,BA,A,5,stage.pivot_distance,2,0.000133809,0.00013328,0.004117865827228372
128,10,3,BA,A,5,stage.pivot_sort,2,0.001156799,0.001156176,0.03559957156149402
128,10,3,BA,A,5,stage.result_sort,1,0.004396323,0.004396121,0.13529335281750943
128,10,3,BA,A,5,stage.schedule,10,0.006744944,0.005319263,0.20757030098251272
128,10,3,BA,A,5,stage.threshold,2,1.8254e-05,1.7719e-05,0.0005617523694985142
128,10,3,BA,A,6,stage.aggregate,1,0.000704601,0.000704176,0.02168939191077946
128,10,3,BA,A,6,stage.alloc_init,1,0.003128575,0.003128182,0.09630541156947954
128,10,3,BA,A,6,stage.candidates,1,0.00052589,0.000525609,0.016188217603948632
128,10,3,BA,A,6,stage.cleanup,1,0.001570557,0.001570108,0.04834569677195755
128,10,3,BA,A,6,stage.delivery,1,4.337e-05,4.3079e-05,0.0013350377407504463
128,10,3,BA,A,6,stage.leaf_distance,1,0.013680287,0.013680112,0.4211136603481139
128,10,3,BA,A,6,stage.node_plan,4,0.000100308,9.9171e-05,0.0030877326654183946
128,10,3,BA,A,6,stage.node_prune,4,6.0049e-05,5.8961e-05,0.0018484593335098812
128,10,3,BA,A,6,stage.output_alloc,1,6.678e-06,6.379e-06,0.00020556564520939546
128,10,3,BA,A,6,stage.pivot_distance,2,0.000138947,0.000138401,0.004277138320591475
128,10,3,BA,A,6,stage.pivot_sort,2,0.001367882,0.001367319,0.04210685023964035
128,10,3,BA,A,6,stage.result_sort,1,0.004405551,0.004405307,0.135613946363866
128,10,3,BA,A,6,stage.schedule,10,0.006720598,0.005292319,0.2068769188474053
128,10,3,BA,A,6,stage.threshold,2,2.2012e-05,2.1438e-05,0.0006775847532718198
128,10,3,BA,A,7,stage.aggregate,1,1.7763e-05,1.7486e-05,0.0005697481715006466
128,10,3,BA,A,7,stage.alloc_init,1,0.003145749,0.003145281,0.10089988970050036
128,10,3,BA,A,7,stage.candidates,1,0.000126396,0.00012612,0.004054151319315191
128,10,3,BA,A,7,stage.cleanup,1,0.002305647,0.002305241,0.07395362058075503
128,10,3,BA,A,7,stage.delivery,1,4.3484e-05,4.3198e-05,0.001394749169033053
128,10,3,BA,A,7,stage.leaf_distance,1,0.013682189,0.013682021,0.43885617096640556
128,10,3,BA,A,7,stage.node_plan,4,9.9905e-05,9.8753e-05,0.003204452574101903
128,10,3,BA,A,7,stage.node_prune,4,6.0942e-05,5.9836e-05,0.0019547144664523114
128,10,3,BA,A,7,stage.output_alloc,1,6.262e-06,5.965e-06,0.00020085363113984405
128,10,3,BA,A,7,stage.pivot_distance,2,0.000136626,0.000136069,0.004382278538504045
128,10,3,BA,A,7,stage.pivot_sort,2,0.001182271,0.001181696,0.03792133876418629
128,10,3,BA,A,7,stage.result_sort,1,0.004369455,0.004369254,0.14015025596489097
128,10,3,BA,A,7,stage.schedule,10,0.005970452,0.005249887,0.1915022299179406
128,10,3,BA,A,7,stage.threshold,2,2.0146e-05,1.9609e-05,0.0006461828893234267
128,10,4,AB,A,0,stage.aggregate,1,2.214e-05,2.1863e-05,0.0008541334174144226
128,10,4,AB,A,0,stage.alloc_init,1,0.002105805,0.002105388,0.08123931441094752
128,10,4,AB,A,0,stage.candidates,1,0.000122956,0.000122664,0.004743488187516158
128,10,4,AB,A,0,stage.cleanup,1,0.002445876,0.002445498,0.09435882684968012
128,10,4,AB,A,0,stage.delivery,1,4.1474e-05,4.1182e-05,0.0016000148759641264
128,10,4,AB,A,0,stage.leaf_distance,1,0.013685072,0.013684911,0.527952904919712
128,10,4,AB,A,0,stage.node_plan,4,9.1912e-05,9.0791e-05,0.0035458496233692137
128,10,4,AB,A,0,stage.node_prune,4,6.0457e-05,5.9372e-05,0.0023323551949694554
128,10,4,AB,A,0,stage.output_alloc,1,5.34e-06,5.047e-06,0.00020601049905117505
128,10,4,AB,A,0,stage.pivot_distance,2,0.000137995,0.000137453,0.005323673935686686
128,10,4,AB,A,0,stage.pivot_sort,2,0.001765763,0.001765159,0.06812092075582397
128,10,4,AB,A,0,stage.result_sort,1,0.00528067,0.005279457,0.20372162210197917
128,10,4,AB,A,0,stage.schedule,10,0.000123989,0.000121171,0.004783340031246469
128,10,4,AB,A,0,stage.threshold,2,2.0685e-05,2.0136e-05,0.0007980013432347484
128,10,4,AB,A,1,stage.aggregate,1,2.6033e-05,2.5768e-05,0.001009655624551297
128,10,4,AB,A,1,stage.alloc_init,1,0.002081294,0.002081016,0.0807202471265266
128,10,4,AB,A,1,stage.candidates,1,0.000123219,0.000122931,0.004778886659301127
128,10,4,AB,A,1,stage.cleanup,1,0.002354555,0.002354143,0.09131831517940225
128,10,4,AB,A,1,stage.delivery,1,4.0098e-05,3.9814e-05,0.0015551481286543197
128,10,4,AB,A,1,stage.leaf_distance,1,0.013690978,0.013690825,0.530986553347984
128,10,4,AB,A,1,stage.node_plan,4,8.4742e-05,8.3625e-05,0.0032866068811019094
128,10,4,AB,A,1,stage.node_prune,4,5.6128e-05,5.5049e-05,0.002176850570230676
128,10,4,AB,A,1,stage.output_alloc,1,5.231e-06,4.935e-06,0.0002028774467801573
128,10,4,AB,A,1,stage.pivot_distance,2,0.000136766,0.000136058,0.005304289215510417
128,10,4,AB,A,1,stage.pivot_sort,2,0.001795846,0.001795298,0.0696495223265835
128,10,4,AB,A,1,stage.result_sort,1,0.005249606,0.005249374,0.20359905598963762
128,10,4,AB,A,1,stage.schedule,10,0.0001115,0.00010886,0.004324380675967795
128,10,4,AB,A,1,stage.threshold,2,1.9372e-05,1.8818e-05,0.0007513175108058128
128,10,4,AB,A,2,stage.aggregate,1,2.6313e-05,2.6044e-05,0.0010278131399541041
128,10,4,AB,A,2,stage.alloc_init,1,0.002097918,0.002097427,0.08194685847095481
128,10,4,AB,A,2,stage.candidates,1,0.000122891,0.000122605,0.0048002502406453
128,10,4,AB,A,2,stage.cleanup,1,0.002225967,0.002225538,0.08694858555482907
128,10,4,AB,A,2,stage.delivery,1,4.0671e-05,4.0379e-05,0.001588651549237007
128,10,4,AB,A,2,stage.leaf_distance,1,0.013688885,0.013688721,0.5347020816448385
128,10,4,AB,A,2,stage.node_plan,4,9.1193e-05,9.0067e-05,0.003562093401430267
128,10,4,AB,A,2,stage.node_prune,4,6.1165e-05,6.0061e-05,0.0023891684986619838
128,10,4,AB,A,2,stage.output_alloc,1,4.811e-06,4.511e-06,0.00018792266242234618
128,10,4,AB,A,2,stage.pivot_distance,2,0.00013545,0.000134892,0.00529081783934874
128,10,4,AB,A,2,stage.pivot_sort,2,0.001773002,0.001772366,0.06925530166704315
128,10,4,AB,A,2,stage.result_sort,1,0.00518476,0.005184557,0.20252211665368602
128,10,4,AB,A,2,stage.schedule,10,0.000119448,0.000116749,0.004665763080653586
128,10,4,AB,A,2,stage.threshold,2,2.0182e-05,1.9613e-05,0.0007883299050109729
128,10,4,AB,A,3,stage.aggregate,1,2.3586e-05,2.3307e-05,0.0009330839623652179
128,10,4,AB,A,3,stage.alloc_init,1,0.002100349,0.002099881,0.08309174795513538
128,10,4,AB,A,3,stage.candidates,1,0.00012201,0.000121731,0.004826828383285858
128,10,4,AB,A,3,stage.cleanup,1,0.001974994,0.00197458,0.07813258827980712
128,10,4,AB,A,3,stage.delivery,1,3.7689e-05,3.7417e-05,0.0014910116788596072
128,10,4,AB,A,3,stage.leaf_distance,1,0.013680272,0.013680099,0.5412042060541823
128,10,4,AB,A,3,stage.node_plan,4,9.2366e-05,9.1236e-05,0.003654084341042386
128,10,4,AB,A,3,stage.node_prune,4,6.1751e-05,6.0655e-05,0.0024429266412284646
128,10,4,AB,A,3,stage.output_alloc,1,4.771e-06,4.433e-06,0.00018874517020454738
128,10,4,AB,A,3,stage.pivot_distance,2,0.000137614,0.000137068,0.005444137047270715
128,10,4,AB,A,3,stage.pivot_sort,2,0.001771038,0.001770446,0.07006390038749134
128,10,4,AB,A,3,stage.result_sort,1,0.005121541,0.00512134,0.2026128961967235
128,10,4,AB,A,3,stage.schedule,10,0.000120827,0.00011815,0.0047800278097474
128,10,4,AB,A,3,stage.threshold,2,1.9977e-05,1.9413e-05,0.0007903085862872025
128,10,4,AB,A,4,stage.aggregate,1,0.000729689,0.000729258,0.02480421810636639
128,10,4,AB,A,4,stage.alloc_init,1,0.002103864,0.002103454,0.07151636042496518
128,10,4,AB,A,4,stage.candidates,1,0.000190425,0.000190152,0.006473090909832572
128,10,4,AB,A,4,stage.cleanup,1,0.001506399,0.001505956,0.05120681461720297
128,10,4,AB,A,4,stage.delivery,1,4.2879e-05,4.2582e-05,0.0014575799665102315
128,10,4,AB,A,4,stage.leaf_distance,1,0.013647046,0.013646871,0.46390216310183513
128,10,4,AB,A,4,stage.node_plan,4,9.0648e-05,8.9505e-05,0.0030813850323985975
128,10,4,AB,A,4,stage.node_prune,4,5.3169e-05,5.2084e-05,0.0018073665253243428
128,10,4,AB,A,4,stage.output_alloc,1,4.805e-06,4.521e-06,0.00016333570603516086
128,10,4,AB,A,4,stage.pivot_distance,2,0.00013789,0.000137356,0.004687275859560526
128,10,4,AB,A,4,stage.pivot_sort,2,0.001777293,0.001763179,0.06041527720839733
128,10,4,AB,A,4,stage.result_sort,1,0.005157948,0.0051577,0.17533341899534774
128,10,4,AB,A,4,stage.schedule,10,0.002943046,0.002940083,0.10004255906429886
128,10,4,AB,A,4,stage.threshold,2,0.001023898,0.001023359,0.034805224295107004
128,10,4,AB,A,5,stage.aggregate,1,0.000707881,0.000707369,0.018680896936184698
128,10,4,AB,A,5,stage.alloc_init,1,0.005262265,0.005261884,0.13887055891582337
128,10,4,AB,A,5,stage.candidates,1,0.000535387,0.000534854,0.014128800416981268
128,10,4,AB,A,5,stage.cleanup,1,0.001455287,0.001454866,0.038404854007339395
128,10,4,AB,A,5,stage.delivery,1,4.257e-05,4.2281e-05,0.0011234173294287918
128,10,4,AB,A,5,stage.leaf_distance,1,0.013654511,0.013654344,0.36034095095785906
128,10,4,AB,A,5,stage.node_plan,4,9.5309e-05,9.4189e-05,0.002515193381501732
128,10,4,AB,A,5,stage.node_prune,4,0.000105099,0.000103952,0.0027735503383987926
128,10,4,AB,A,5,stage.output_alloc,1,6.106e-06,5.813e-06,0.00016113662704938224
128,10,4,AB,A,5,stage.pivot_distance,2,0.001520269,0.000240539,0.04011972139989147
128,10,4,AB,A,5,stage.pivot_sort,2,0.001165112,0.001164494,0.03074716963884046
128,10,4,AB,A,5,stage.result_sort,1,0.004438722,0.004438479,0.11713735530460008
128,10,4,AB,A,5,stage.schedule,10,0.008462091,0.003197531,0.2233135934367727
128,10,4,AB,A,5,stage.threshold,2,0.000430673,0.000429897,0.011365410183628988
128,10,4,AB,A,6,stage.aggregate,1,2.6326e-05,2.6063e-05,0.000740817177683534
128,10,4,AB,A,6,stage.alloc_init,1,0.00523312,0.005232761,0.1472607000258017
128,10,4,AB,A,6,stage.candidates,1,0.000535045,0.000534522,0.015056238199258774
128,10,4,AB,A,6,stage.cleanup,1,0.00193877,0.001938415,0.05455724833159254
128,10,4,AB,A,6,stage.delivery,1,3.9929e-05,3.9648e-05,0.0011236074256524282
128,10,4,AB,A,6,stage.leaf_distance,1,0.013666067,0.013665891,0.38456496182382743
128,10,4,AB,A,6,stage.node_plan,4,0.000103544,0.000102378,0.0029137420742256265
128,10,4,AB,A,6,stage.node_prune,4,0.000111315,0.000110233,0.0031324190584913238
128,10,4,AB,A,6,stage.output_alloc,1,6.328e-06,6.039e-06,0.00017807077035559535
128,10,4,AB,A,6,stage.pivot_distance,2,0.000863171,0.000201569,0.024289747932776485
128,10,4,AB,A,6,stage.pivot_sort,2,0.001265183,0.001264548,0.03560241963508268
128,10,4,AB,A,6,stage.result_sort,1,0.004421208,0.004421023,0.12441338724120117
128,10,4,AB,A,6,stage.schedule,10,0.00729357,0.003181429,0.20524203990873255
128,10,4,AB,A,6,stage.threshold,2,2.1973e-05,2.1428e-05,0.0006183231727281127
128,10,4,AB,A,7,stage.aggregate,1,2.141e-05,2.1145e-05,0.0008389802858834142
128,10,4,AB,A,7,stage.alloc_init,1,0.002088859,0.002088395,0.08185481181644758
128,10,4,AB,A,7,stage.candidates,1,0.000124292,0.00012401,0.004870552904858538
128,10,4,AB,A,7,stage.cleanup,1,0.002180385,0.002179977,0.08544138396244315
128,10,4,AB,A,7,stage.delivery,1,4.1754e-05,4.1475e-05,0.001636187896159555
128,10,4,AB,A,7,stage.leaf_distance,1,0.013684015,0.013683862,0.5362269414634716
128,10,4,AB,A,7,stage.node_plan,4,9.0584e-05,8.9439e-05,0.0035496585808717043
128,10,4,AB,A,7,stage.node_prune,4,6.1878e-05,6.0811e-05,0.002424774503965152
128,10,4,AB,A,7,stage.output_alloc,1,6.426e-06,6.126e-06,0.00025181164488962256
128,10,4,AB,A,7,stage.pivot_distance,2,0.000136719,0.000136171,0.005357521985319687
128,10,4,AB,A,7,stage.pivot_sort,2,0.001769249,0.001768651,0.06933045454549018
128,10,4,AB,A,7,stage.result_sort,1,0.005162973,0.005162671,0.20231819540160434
128,10,4,AB,A,7,stage.schedule,10,0.000120798,0.000118149,0.0047336357110763505
128,10,4,AB,A,7,stage.threshold,2,2.0317e-05,1.9756e-05,0.0007961495781547559
128,10,4,AB,B,0,stage.aggregate,1,1.7733e-05,1.745e-05,0.0007797726799718028
128,10,4,AB,B,0,stage.alloc_init,1,0.00315654,0.00315618,0.1388024392510119
128,10,4,AB,B,0,stage.candidates,1,0.000114738,0.000114442,0.0050453706510237804
128,10,4,AB,B,0,stage.cleanup,1,0.00233145,0.00233111,0.10252078129590365
128,10,4,AB,B,0,stage.delivery,1,4.3846e-05,4.3549e-05,0.0019280388499432505
128,10,4,AB,B,0,stage.leaf_distance,1,0.005056986,0.005056734,0.2223706945130484
128,10,4,AB,B,0,stage.node_plan,4,9.7522e-05,9.6336e-05,0.004288331996628329
128,10,4,AB,B,0,stage.node_prune,4,5.881e-05,5.7712e-05,0.002586050375522569
128,10,4,AB,B,0,stage.output_alloc,1,5.786e-06,5.481e-06,0.00025442760538638983
128,10,4,AB,B,0,stage.pivot_distance,2,0.00013611,0.000135544,0.005985160969433376
128,10,4,AB,B,0,stage.pivot_sort,2,0.001352458,0.001351856,0.05947159528615036
128,10,4,AB,B,0,stage.result_sort,1,0.004382322,0.004382111,0.19270371456828458
128,10,4,AB,B,0,stage.schedule,10,0.00595664,0.005248607,0.2619311530156905
128,10,4,AB,B,0,stage.threshold,2,1.8988e-05,1.8436e-05,0.0008349587575314154
128,10,4,AB,B,1,stage.aggregate,1,1.758e-05,1.7304e-05,0.0010256635847945782
128,10,4,AB,B,1,stage.alloc_init,1,0.002080128,0.002079799,0.12136015593353677
128,10,4,AB,B,1,stage.candidates,1,0.00012462,0.000124325,0.0072706596096189045
128,10,4,AB,B,1,stage.cleanup,1,0.002361917,0.002361575,0.13780046969324547
128,10,4,AB,B,1,stage.delivery,1,4.3369e-05,4.3083e-05,0.002530261889019116
128,10,4,AB,B,1,stage.leaf_distance,1,0.005052707,0.005052465,0.29478825793723884
128,10,4,AB,B,1,stage.node_plan,4,8.3046e-05,8.1861e-05,0.004845122756703671
128,10,4,AB,B,1,stage.node_prune,4,5.9418e-05,5.8289e-05,0.003466602894273279
128,10,4,AB,B,1,stage.output_alloc,1,6.123e-06,5.837e-06,0.0003572319755231628
128,10,4,AB,B,1,stage.pivot_distance,2,0.000134035,0.000133453,0.007819955551077435
128,10,4,AB,B,1,stage.pivot_sort,2,0.001796783,0.001796168,0.10482906102832518
128,10,4,AB,B,1,stage.result_sort,1,0.005239265,0.005239044,0.3056725438901459
128,10,4,AB,B,1,stage.schedule,10,0.000111874,0.0001091,0.006527024339323586
128,10,4,AB,B,1,stage.threshold,2,2.003e-05,1.9481e-05,0.0011686030491146417
128,10,4,AB,B,2,stage.aggregate,1,1.6725e-05,1.6447e-05,0.0009626134739986446
128,10,4,AB,B,2,stage.alloc_init,1,0.002079439,0.002079108,0.1196828699407036
128,10,4,AB,B,2,stage.candidates,1,0.000122059,0.000121774,0.0070251502554738755
128,10,4,AB,B,2,stage.cleanup,1,0.002528405,0.002528064,0.14552327179225968
128,10,4,AB,B,2,stage.delivery,1,4.2431e-05,4.2157e-05,0.0024421316780410458
128,10,4,AB,B,2,stage.leaf_distance,1,0.005065181,0.005064927,0.2915283395421183
128,10,4,AB,B,2,stage.node_plan,4,9.0689e-05,8.9506e-05,0.005219638465976866
128,10,4,AB,B,2,stage.node_prune,4,6.1739e-05,6.0628e-05,0.003553410658965759
128,10,4,AB,B,2,stage.output_alloc,1,5.62e-06,5.338e-06,0.00032346114940941007
128,10,4,AB,B,2,stage.pivot_distance,2,0.000139932,0.000139398,0.008053837288106328
128,10,4,AB,B,2,stage.pivot_sort,2,0.001768563,0.001768012,0.10179028839554348
128,10,4,AB,B,2,stage.result_sort,1,0.005304149,0.005303876,0.30528222992504855
128,10,4,AB,B,2,stage.schedule,10,0.000120228,0.000117473,0.006919766382774831
128,10,4,AB,B,2,stage.threshold,2,2.0701e-05,2.016e-05,0.0011914536039011026
128,10,4,AB,B,3,stage.aggregate,1,1.7426e-05,1.714e-05,0.0010430848014894576
128,10,4,AB,B,3,stage.alloc_init,1,0.002097269,0.002096948,0.1255382427714331
128,10,4,AB,B,3,stage.candidates,1,0.00012401,0.000123718,0.007422985552204042
128,10,4,AB,B,3,stage.cleanup,1,0.00203948,0.002039072,0.12207911115239982
128,10,4,AB,B,3,stage.delivery,1,4.2137e-05,4.1841e-05,0.0025222348376197218
128,10,4,AB,B,3,stage.leaf_distance,1,0.005062235,0.005061993,0.3030150573894172
128,10,4,AB,B,3,stage.node_plan,4,9.5038e-05,9.3813e-05,0.0056887807508295115
128,10,4,AB,B,3,stage.node_prune,4,6.0917e-05,5.9813e-05,0.0036463673162133187
128,10,4,AB,B,3,stage.output_alloc,1,5.049e-06,4.755e-06,0.0003022228372960101
128,10,4,AB,B,3,stage.pivot_distance,2,0.000144489,0.000143939,0.00864881670391428
128,10,4,AB,B,3,stage.pivot_sort,2,0.001761378,0.001760749,0.10543249291162045
128,10,4,AB,B,3,stage.result_sort,1,0.00510742,0.005107236,0.30571973928746043
128,10,4,AB,B,3,stage.schedule,10,0.000120145,0.000117422,0.007191634538904561
128,10,4,AB,B,3,stage.threshold,2,2.1411e-05,2.0794e-05,0.0012816187699237218
128,10,4,AB,B,4,stage.aggregate,1,1.5815e-05,1.5536e-05,0.0009343706117371365
128,10,4,AB,B,4,stage.alloc_init,1,0.002098661,0.002098284,0.12399160053106992
128,10,4,AB,B,4,stage.candidates,1,0.000123852,0.000123564,0.007317336010424776
128,10,4,AB,B,4,stage.cleanup,1,0.002001098,0.002000756,0.11822745257072151
128,10,4,AB,B,4,stage.delivery,1,4.1161e-05,4.0873e-05,0.00243184500472414
128,10,4,AB,B,4,stage.leaf_distance,1,0.005047931,0.005047656,0.2982382786264215
128,10,4,AB,B,4,stage.node_plan,4,9.0686e-05,8.9544e-05,0.005357845924501674
128,10,4,AB,B,4,stage.node_prune,4,6.158e-05,6.0466e-05,0.003638225878645139
128,10,4,AB,B,4,stage.output_alloc,1,4.957e-06,4.666e-06,0.0002928659577857089
128,10,4,AB,B,4,stage.pivot_distance,2,0.000138543,0.000137917,0.008185299251463682
128,10,4,AB,B,4,stage.pivot_sort,2,0.001776214,0.001775657,0.10494101560265989
128,10,4,AB,B,4,stage.result_sort,1,0.005377109,0.005376908,0.3176865397222423
128,10,4,AB,B,4,stage.schedule,10,0.000119758,0.000117086,0.0070754572064758775
128,10,4,AB,B,4,stage.threshold,2,2.0166e-05,1.9584e-05,0.0011914333073848307
128,10,4,AB,B,5,stage.aggregate,1,1.7845e-05,1.7561e-05,0.0010547642213336865
128,10,4,AB,B,5,stage.alloc_init,1,0.002092468,0.002092136,0.12367948336708638
128,10,4,AB,B,5,stage.candidates,1,0.000121678,0.000121402,0.007192020225465974
128,10,4,AB,B,5,stage.cleanup,1,0.002005476,0.002005162,0.11853764816718389
128,10,4,AB,B,5,stage.delivery,1,4.2408e-05,4.213e-05,0.002506609195758979
128,10,4,AB,B,5,stage.leaf_distance,1,0.005061616,0.005061344,0.2991768819798335
128,10,4,AB,B,5,stage.node_plan,4,8.8904e-05,8.7784e-05,0.005254847763152147
128,10,4,AB,B,5,stage.node_prune,4,5.8167e-05,5.7062e-05,0.003438076237731384
128,10,4,AB,B,5,stage.output_alloc,1,5.62e-06,5.334e-06,0.0003321812790078632
128,10,4,AB,B,5,stage.pivot_distance,2,0.000138098,0.000137468,0.008162556987264749
128,10,4,AB,B,5,stage.pivot_sort,2,0.001784619,0.001784081,0.1054834558650772
128,10,4,AB,B,5,stage.result_sort,1,0.005361793,0.005361588,0.3169194406611046
128,10,4,AB,B,5,stage.schedule,10,0.000111777,0.000109085,0.006606801925918492
128,10,4,AB,B,5,stage.threshold,2,2.0223e-05,1.9676e-05,0.0011953206415259816
128,10,4,AB,B,6,stage.aggregate,1,0.000703893,0.000703595,0.04168593108043084
128,10,4,AB,B,6,stage.alloc_init,1,0.002078722,0.0020784,0.12310601473146536
128,10,4,AB,B,6,stage.candidates,1,0.000124116,0.00012384,0.007350394196246807
128,10,4,AB,B,6,stage.cleanup,1,0.001322636,0.001322256,0.07832911130029241
128,10,4,AB,B,6,stage.delivery,1,4.2316e-05,4.2042e-05,0.00250603693970463
128,10,4,AB,B,6,stage.leaf_distance,1,0.005060458,0.005060236,0.299690298700818
128,10,4,AB,B,6,stage.node_plan,4,8.6944e-05,8.5815e-05,0.005148995077173631
128,10,4,AB,B,6,stage.node_prune,4,5.9969e-05,5.8861e-05,0.0035514823999703887
128,10,4,AB,B,6,stage.output_alloc,1,5.588e-06,5.299e-06,0.0003309323759114631
128,10,4,AB,B,6,stage.pivot_distance,2,0.00013551,0.00013497,0.008025169337824333
128,10,4,AB,B,6,stage.pivot_sort,2,0.001782531,0.001782006,0.10556499981493132
128,10,4,AB,B,6,stage.result_sort,1,0.005339706,0.005327517,0.3162279157567457
128,10,4,AB,B,6,stage.schedule,10,0.000116927,0.000114265,0.0069246474442017985
128,10,4,AB,B,6,stage.threshold,2,1.8428e-05,1.7877e-05,0.0010913424880630714
128,10,4,AB,B,7,stage.aggregate,1,0.000703309,0.000702979,0.02701140713266387
128,10,4,AB,B,7,stage.alloc_init,1,0.004199341,0.00419904,0.16128061696905316
128,10,4,AB,B,7,stage.candidates,1,0.000583331,0.000582962,0.022403511307411035
128,10,4,AB,B,7,stage.cleanup,1,0.001753456,0.001753115,0.06734353449936267
128,10,4,AB,B,7,stage.delivery,1,4.0467e-05,4.0184e-05,0.0015541826031481307
128,10,4,AB,B,7,stage.leaf_distance,1,0.005061665,0.005061414,0.1943991817027154
128,10,4,AB,B,7,stage.node_plan,4,9.252e-05,9.136e-05,0.003553339126776511
128,10,4,AB,B,7,stage.node_prune,4,0.001717845,0.001716601,0.06597585227234538
128,10,4,AB,B,7,stage.output_alloc,1,4.964e-06,4.666e-06,0.0001906482428158085
128,10,4,AB,B,7,stage.pivot_distance,2,0.002218384,0.001077189,0.08519963970400976
128,10,4,AB,B,7,stage.pivot_sort,2,0.001103182,0.001102543,0.042368998752221845
128,10,4,AB,B,7,stage.result_sort,1,0.004408314,0.00440807,0.1693064701612264
128,10,4,AB,B,7,stage.schedule,10,0.003711049,0.002300429,0.14252718993822788
128,10,4,AB,B,7,stage.threshold,2,0.000429978,0.000429232,0.016513809457988658
128,10,5,BA,B,0,stage.aggregate,1,1.7832e-05,1.7539e-05,0.0007828380063988842
128,10,5,BA,B,0,stage.alloc_init,1,0.003148453,0.003148139,0.13821941844776728
128,10,5,BA,B,0,stage.candidates,1,0.000124686,0.000124397,0.0054738077425892364
128,10,5,BA,B,0,stage.cleanup,1,0.00231937,0.002319059,0.10182206072798226
128,10,5,BA,B,0,stage.delivery,1,4.3499e-05,4.32e-05,0.001909638315407417
128,10,5,BA,B,0,stage.leaf_distance,1,0.005060917,0.005060681,0.22217800442071678
128,10,5,BA,B,0,stage.node_plan,4,9.3543e-05,9.2362e-05,0.004106606978049059
128,10,5,BA,B,0,stage.node_prune,4,6.0219e-05,5.9112e-05,0.002643658698257874
128,10,5,BA,B,0,stage.output_alloc,1,5.92e-06,5.625e-06,0.0002598923843585349
128,10,5,BA,B,0,stage.pivot_distance,2,0.000135501,0.000134939,0.005948594252190176
128,10,5,BA,B,0,stage.pivot_sort,2,0.001368449,0.001367875,0.06007592457483999
128,10,5,BA,B,0,stage.result_sort,1,0.004378267,0.004378059,0.19220916384937323
128,10,5,BA,B,0,stage.schedule,10,0.005988965,0.005274266,0.26291999893409
128,10,5,BA,B,0,stage.threshold,2,2.1838e-05,2.1296e-05,0.0009587043732469063
128,10,5,BA,B,1,stage.aggregate,1,1.8401e-05,1.8074e-05,0.0010649182276950384
128,10,5,BA,B,1,stage.alloc_init,1,0.002085204,0.002084746,0.12067668866162735
128,10,5,BA,B,1,stage.candidates,1,0.000122572,0.000122283,0.0070935904029692
128,10,5,BA,B,1,stage.cleanup,1,0.002458281,0.002457886,0.14226771619457568
128,10,5,BA,B,1,stage.delivery,1,4.2143e-05,4.1857e-05,0.0024389353225233415
128,10,5,BA,B,1,stage.leaf_distance,1,0.005062262,0.005062034,0.2929675059598903
128,10,5,BA,B,1,stage.node_plan,4,9.1768e-05,9.0602e-05,0.005310875274121966
128,10,5,BA,B,1,stage.node_prune,4,6.1661e-05,6.0565e-05,0.0035684975184991996
128,10,5,BA,B,1,stage.output_alloc,1,5.847e-06,5.56e-06,0.0003383825268916304
128,10,5,BA,B,1,stage.pivot_distance,2,0.000137112,0.000136519,0.007935061574681926
128,10,5,BA,B,1,stage.pivot_sort,2,0.00176519,0.001764634,0.10215656792266753
128,10,5,BA,B,1,stage.result_sort,1,0.005277629,0.005277413,0.30543140704917876
128,10,5,BA,B,1,stage.schedule,10,0.00012263,0.000119896,0.007096947028000793
128,10,5,BA,B,1,stage.threshold,2,2.0049e-05,1.952e-05,0.0011602926768685305
128,10,5,BA,B,2,stage.aggregate,1,1.7866e-05,1.7598e-05,0.0010401692449562474
128,10,5,BA,B,2,stage.alloc_init,1,0.002091514,0.002091153,0.12176920061543832
128,10,5,BA,B,2,stage.candidates,1,0.000124099,0.000123821,0.007225118276605023
128,10,5,BA,B,2,stage.cleanup,1,0.002538451,0.00253816,0.14779014105163055
128,10,5,BA,B,2,stage.delivery,1,4.4242e-05,4.3951e-05,0.002575795798463803
128,10,5,BA,B,2,stage.leaf_distance,1,0.005049724,0.005049504,0.2939979626283131
128,10,5,BA,B,2,stage.node_plan,4,9.1442e-05,9.0281e-05,0.005323808132614417
128,10,5,BA,B,2,stage.node_prune,4,6.074e-05,5.963e-05,0.003536319262209922
128,10,5,BA,B,2,stage.output_alloc,1,5.373e-06,5.056e-06,0.0003128192854108316
128,10,5,BA,B,2,stage.pivot_distance,2,0.000136707,0.000136143,0.007959163605184916
128,10,5,BA,B,2,stage.pivot_sort,2,0.001767453,0.001766864,0.10290217466168446
128,10,5,BA,B,2,stage.result_sort,1,0.005097027,0.005096847,0.29675197168429457
128,10,5,BA,B,2,stage.schedule,10,0.000122491,0.000119791,0.0071314995513229425
128,10,5,BA,B,2,stage.threshold,2,2.0095e-05,1.9563e-05,0.0011699429630245043
128,10,5,BA,B,3,stage.aggregate,1,1.824e-05,1.7956e-05,0.0010938257196206847
128,10,5,BA,B,3,stage.alloc_init,1,0.002091235,0.002090861,0.12540825815630277
128,10,5,BA,B,3,stage.candidates,1,0.000125497,0.000125218,0.007525868768379225
128,10,5,BA,B,3,stage.cleanup,1,0.002019937,0.002019638,0.12113262295029861
128,10,5,BA,B,3,stage.delivery,1,4.2521e-05,4.2223e-05,0.002549921240350391
128,10,5,BA,B,3,stage.leaf_distance,1,0.005059055,0.005058821,0.3033840173232249
128,10,5,BA,B,3,stage.node_plan,4,9.0953e-05,8.9804e-05,0.005454316374816893
128,10,5,BA,B,3,stage.node_prune,4,6.0807e-05,5.9702e-05,0.0036465055116762595
128,10,5,BA,B,3,stage.output_alloc,1,5.152e-06,4.847e-06,0.0003089577909805793
128,10,5,BA,B,3,stage.pivot_distance,2,0.000137553,0.000136981,0.008248849189198687
128,10,5,BA,B,3,stage.pivot_sort,2,0.001769255,0.001768636,0.10609959559032316
128,10,5,BA,B,3,stage.result_sort,1,0.005103029,0.005102836,0.30602107281634994
128,10,5,BA,B,3,stage.schedule,10,0.000123225,0.000120444,0.00738962030154928
128,10,5,BA,B,3,stage.threshold,2,2.1016e-05,2.0464e-05,0.0012602983181769906
128,10,5,BA,B,4,stage.aggregate,1,1.8031e-05,1.7758e-05,0.0010616315659786855
128,10,5,BA,B,4,stage.alloc_init,1,0.002095366,0.002095067,0.12337123220445313
128,10,5,BA,B,4,stage.candidates,1,0.000123095,0.000122798,0.007247603439307099
128,10,5,BA,B,4,stage.cleanup,1,0.00206383,0.002063527,0.12151445148986692
128,10,5,BA,B,4,stage.delivery,1,4.2534e-05,4.225e-05,0.002504322390734702
128,10,5,BA,B,4,stage.leaf_distance,1,0.005056103,0.005055869,0.29769389083464753
128,10,5,BA,B,4,stage.node_plan,4,9.3261e-05,9.2107e-05,0.005491033302353624
128,10,5,BA,B,4,stage.node_prune,4,6.1745e-05,6.0655e-05,0.0036354301503718008
128,10,5,BA,B,4,stage.output_alloc,1,4.934e-06,4.631e-06,0.00029050469450051766
128,10,5,BA,B,4,stage.pivot_distance,2,0.000139189,0.000138589,0.008195188067051593
128,10,5,BA,B,4,stage.pivot_sort,2,0.001765358,0.001764756,0.10394097820714328
128,10,5,BA,B,4,stage.result_sort,1,0.005374304,0.005374126,0.3164289707484617
128,10,5,BA,B,4,stage.schedule,10,0.000118839,0.000116161,0.006997018117095059
128,10,5,BA,B,4,stage.threshold,2,2.0136e-05,1.9585e-05,0.0011855700300896685
128,10,5,BA,B,5,stage.aggregate,1,1.6597e-05,1.6331e-05,0.0009647252459941844
128,10,5,BA,B,5,stage.alloc_init,1,0.002099542,0.002099234,0.1220389933376587
128,10,5,BA,B,5,stage.candidates,1,0.000122933,0.000122646,0.007145662991251616
128,10,5,BA,B,5,stage.cleanup,1,0.002531748,0.002531433,0.1471616082481945
128,10,5,BA,B,5,stage.delivery,1,4.1844e-05,4.1549e-05,0.0024322445739218324
128,10,5,BA,B,5,stage.leaf_distance,1,0.005059778,0.005059536,0.2941071022308828
128,10,5,BA,B,5,stage.node_plan,4,9.6731e-05,9.553e-05,0.005622632871619175
128,10,5,BA,B,5,stage.node_prune,4,6.0615e-05,5.9505e-05,0.0035233367949591785
128,10,5,BA,B,5,stage.output_alloc,1,5.001e-06,4.697e-06,0.0002906905437860406
128,10,5,BA,B,5,stage.pivot_distance,2,0.000139004,0.000138436,0.008079813706945568
128,10,5,BA,B,5,stage.pivot_sort,2,0.001764322,0.00176375,0.10255383355202453
128,10,5,BA,B,5,stage.result_sort,1,0.005114612,0.005114362,0.29729440982495675
128,10,5,BA,B,5,stage.schedule,10,0.000121396,0.000118691,0.007056322586172802
128,10,5,BA,B,5,stage.threshold,2,2.0984e-05,2.0435e-05,0.0012197261289354682
128,10,5,BA,B,6,stage.aggregate,1,0.00070642,0.00070611,0.042059409496417136
128,10,5,BA,B,6,stage.alloc_init,1,0.002080794,0.002080493,0.12388800844212762
128,10,5,BA,B,6,stage.candidates,1,0.000125329,0.000125028,0.007461940110382581
128,10,5,BA,B,6,stage.cleanup,1,0.001444663,0.001444274,0.08601352269375508
128,10,5,BA,B,6,stage.delivery,1,4.2605e-05,4.2296e-05,0.00253665120126108
128,10,5,BA,B,6,stage.leaf_distance,1,0.005056287,0.005056054,0.30104533487784957
128,10,5,BA,B,6,stage.node_plan,4,9.856e-05,9.7343e-05,0.005868145579070345
128,10,5,BA,B,6,stage.node_prune,4,6.0103e-05,5.8964e-05,0.0035784613812790676
128,10,5,BA,B,6,stage.output_alloc,1,5.532e-06,5.225e-06,0.0003293687230460343
128,10,5,BA,B,6,stage.pivot_distance,2,0.000136678,0.000136116,0.008137646118670622
128,10,5,BA,B,6,stage.pivot_sort,2,0.001761899,0.001761269,0.10490137812112886
128,10,5,BA,B,6,stage.result_sort,1,0.005123939,0.005108841,0.3050732547714704
128,10,5,BA,B,6,stage.schedule,10,0.000124475,0.000121759,0.007411093962609386
128,10,5,BA,B,6,stage.threshold,2,2.0176e-05,1.9631e-05,0.0012012551258454066
128,10,5,BA,B,7,stage.aggregate,1,0.000700022,0.000699571,0.024236721342760798
128,10,5,BA,B,7,stage.alloc_init,1,0.004194046,0.00419378,0.14520961369888455
128,10,5,BA,B,7,stage.candidates,1,0.000581517,0.000581091,0.020133746489507803
128,10,5,BA,B,7,stage.cleanup,1,0.001809901,0.001809588,0.06266383941502426
128,10,5,BA,B,7,stage.delivery,1,4.4901e-05,4.462e-05,0.0015545983197832393
128,10,5,BA,B,7,stage.leaf_distance,1,0.005056755,0.005056516,0.17507901442185014
128,10,5,BA,B,7,stage.node_plan,4,9.2625e-05,9.1479e-05,0.0032069368025193765
128,10,5,BA,B,7,stage.node_prune,4,0.001750873,0.0017496,0.06062012480688268
128,10,5,BA,B,7,stage.output_alloc,1,4.931e-06,4.614e-06,0.00017072502427231359
128,10,5,BA,B,7,stage.pivot_distance,2,0.002354727,0.001071605,0.08152724076854029
128,10,5,BA,B,7,stage.pivot_sort,2,0.002699398,0.001617431,0.09346071569065803
128,10,5,BA,B,7,stage.result_sort,1,0.005642087,0.005014642,0.19534484689140233
128,10,5,BA,B,7,stage.schedule,10,0.003511743,0.002303146,0.12158637374024078
128,10,5,BA,B,7,stage.threshold,2,0.000429018,0.000428469,0.014853804190480517
128,10,5,BA,A,0,stage.aggregate,1,1.7896e-05,1.7618e-05,0.0006953886747079336
128,10,5,BA,A,0,stage.alloc_init,1,0.002095931,0.002095619,0.08144203622984322
128,10,5,BA,A,0,stage.candidates,1,0.000124659,0.000124378,0.0048439012516996146
128,10,5,BA,A,0,stage.cleanup,1,0.002331823,0.002331503,0.09060814179836153
128,10,5,BA,A,0,stage.delivery,1,4.1909e-05,4.1615e-05,0.0016284669182127175
128,10,5,BA,A,0,stage.leaf_distance,1,0.013685952,0.013685872,0.5317979449819175
128,10,5,BA,A,0,stage.node_plan,4,8.8821e-05,8.7618e-05,0.0034513364705092407
128,10,5,BA,A,0,stage.node_prune,4,5.7579e-05,5.6457e-05,0.0022373594379195413
128,10,5,BA,A,0,stage.output_alloc,1,5.869e-06,5.569e-06,0.00022805298009951177
128,10,5,BA,A,0,stage.pivot_distance,2,0.00013524,0.000134625,0.005255049417048556
128,10,5,BA,A,0,stage.pivot_sort,2,0.001777286,0.001776659,0.06906037975620052
128,10,5,BA,A,0,stage.result_sort,1,0.005224005,0.005223818,0.2029902723299966
128,10,5,BA,A,0,stage.schedule,10,0.000117114,0.000114423,0.00455072358346809
128,10,5,BA,A,0,stage.threshold,2,2.053e-05,1.997e-05,0.0007977385724046647
128,10,5,BA,A,1,stage.aggregate,1,1.814e-05,1.7851e-05,0.0007135414912969965
128,10,5,BA,A,1,stage.alloc_init,1,0.002070766,0.002070464,0.08145410472806595
128,10,5,BA,A,1,stage.candidates,1,0.000122622,0.000122337,0.004823367406054041
128,10,5,BA,A,1,stage.cleanup,1,0.002126897,0.002126601,0.08366203182001698
128,10,5,BA,A,1,stage.delivery,1,4.3167e-05,4.2885e-05,0.0016979848707176105
128,10,5,BA,A,1,stage.leaf_distance,1,0.013686419,0.013686344,0.5383587554451791
128,10,5,BA,A,1,stage.node_plan,4,8.2375e-05,8.1225e-05,0.0032402414743985717
128,10,5,BA,A,1,stage.node_prune,4,5.9955e-05,5.8808e-05,0.0023583450998187114
128,10,5,BA,A,1,stage.output_alloc,1,5.407e-06,5.11e-06,0.00021268571353047743
128,10,5,BA,A,1,stage.pivot_distance,2,0.0001356,0.000135058,0.0053338603208309115
128,10,5,BA,A,1,stage.pivot_sort,2,0.001794111,0.001793483,0.07057181028072468
128,10,5,BA,A,1,stage.result_sort,1,0.005133433,0.005133255,0.20192488634471967
128,10,5,BA,A,1,stage.schedule,10,0.00011358,0.00011015,0.0044676980474924405
128,10,5,BA,A,1,stage.threshold,2,2.119e-05,2.0618e-05,0.0008335140132625886
128,10,5,BA,A,2,stage.aggregate,1,1.8023e-05,1.7756e-05,0.0006910660304140372
128,10,5,BA,A,2,stage.alloc_init,1,0.002094457,0.002093981,0.0803089432870717
128,10,5,BA,A,2,stage.candidates,1,0.000124055,0.000123747,0.004756710669867025
128,10,5,BA,A,2,stage.cleanup,1,0.002565539,0.002565223,0.09837190548756582
128,10,5,BA,A,2,stage.delivery,1,4.2966e-05,4.2678e-05,0.0016474695146629042
128,10,5,BA,A,2,stage.leaf_distance,1,0.01369097,0.013690883,0.5249605665215376
128,10,5,BA,A,2,stage.node_plan,4,9.1896e-05,9.0746e-05,0.003523620037226231
128,10,5,BA,A,2,stage.node_prune,4,6.1872e-05,6.0781e-05,0.0023723929109347674
128,10,5,BA,A,2,stage.output_alloc,1,5.717e-06,5.403e-06,0.00021921014791527772
128,10,5,BA,A,2,stage.pivot_distance,2,0.000137092,0.000136472,0.00525659569669429
128,10,5,BA,A,2,stage.pivot_sort,2,0.001765513,0.001764912,0.06769605840062022
128,10,5,BA,A,2,stage.result_sort,1,0.005327247,0.005327044,0.20426562932503406
128,10,5,BA,A,2,stage.schedule,10,0.000124646,0.00012182,0.004779371715418526
128,10,5,BA,A,2,stage.threshold,2,2.0453e-05,1.9885e-05,0.0007842408877577708
128,10,5,BA,A,3,stage.aggregate,1,0.000718014,0.000717699,0.02795714432450276
128,10,5,BA,A,3,stage.alloc_init,1,0.00209694,0.00209663,0.08164806566421103
128,10,5,BA,A,3,stage.candidates,1,0.000120616,0.000120327,0.004696397173097217
128,10,5,BA,A,3,stage.cleanup,1,0.001396623,0.001396345,0.05437998531772364
128,10,5,BA,A,3,stage.delivery,1,4.784e-05,4.7551e-05,0.001862734966844953
128,10,5,BA,A,3,stage.leaf_distance,1,0.013694806,0.013694776,0.5332314799405949
128,10,5,BA,A,3,stage.node_plan,4,9.2237e-05,9.0874e-05,0.003591410642493268
128,10,5,BA,A,3,stage.node_prune,4,6.2108e-05,6.1004e-05,0.0024182847684115034
128,10,5,BA,A,3,stage.output_alloc,1,5.389e-06,5.107e-06,0.00020983024114396847
128,10,5,BA,A,3,stage.pivot_distance,2,0.000138971,0.00013842,0.005411081544260241
128,10,5,BA,A,3,stage.pivot_sort,2,0.00176289,0.001762288,0.0686412384134887
128,10,5,BA,A,3,stage.result_sort,1,0.005389433,0.005371987,0.20984710076438326
128,10,5,BA,A,3,stage.schedule,10,0.000128564,0.00012573,0.0050058666027896015
128,10,5,BA,A,3,stage.threshold,2,2.0221e-05,1.9678e-05,0.0007873403796942263
128,10,5,BA,A,4,stage.aggregate,1,0.000706192,0.000705834,0.020422201260615287
128,10,5,BA,A,4,stage.alloc_init,1,0.004192077,0.004191342,0.12122969418231351
128,10,5,BA,A,4,stage.candidates,1,0.000597352,0.000597082,0.017274682759690088
128,10,5,BA,A,4,stage.cleanup,1,0.001653533,0.00165302,0.04781813404438025
128,10,5,BA,A,4,stage.delivery,1,4.4905e-05,4.4625e-05,0.001298597191143385
128,10,5,BA,A,4,stage.leaf_distance,1,0.013651455,0.013643143,0.39478323389422826
128,10,5,BA,A,4,stage.node_plan,4,9.7042e-05,9.5798e-05,0.002806334898629025
128,10,5,BA,A,4,stage.node_prune,4,0.001713935,0.0017128,0.049564885353576164
128,10,5,BA,A,4,stage.output_alloc,1,5.04e-06,4.739e-06,0.0001457505810792264
128,10,5,BA,A,4,stage.pivot_distance,2,0.002362524,0.001082744,0.06832127893127346
128,10,5,BA,A,4,stage.pivot_sort,2,0.001121462,0.001120726,0.03243129725362527
128,10,5,BA,A,4,stage.result_sort,1,0.004424815,0.004424565,0.12796018996390418
128,10,5,BA,A,4,stage.schedule,10,0.003557848,0.002305148,0.10288857408562767
128,10,5,BA,A,4,stage.threshold,2,0.000442046,0.000441491,0.012783424873759464
128,10,5,BA,A,5,stage.aggregate,1,0.000699402,0.000698934,0.019258390524127963
128,10,5,BA,A,5,stage.alloc_init,1,0.005249619,0.00524934,0.1445509346625862
128,10,5,BA,A,5,stage.candidates,1,0.000457716,0.000456259,0.012603443337510838
128,10,5,BA,A,5,stage.cleanup,1,0.002155194,0.002154815,0.05934436519663576
128,10,5,BA,A,5,stage.delivery,1,5.8086e-05,5.7717e-05,0.0015994276138536878
128,10,5,BA,A,5,stage.leaf_distance,1,0.013679158,0.013678759,0.37666258718912615
128,10,5,BA,A,5,stage.node_plan,4,9.8913e-05,9.7746e-05,0.002723619866561819
128,10,5,BA,A,5,stage.node_prune,4,0.000125303,0.000124196,0.0034502819663724243
128,10,5,BA,A,5,stage.output_alloc,1,6.584e-06,6.289e-06,0.00018129379557230106
128,10,5,BA,A,5,stage.pivot_distance,2,0.000138118,0.000137578,0.0038031495226086088
128,10,5,BA,A,5,stage.pivot_sort,2,0.001303775,0.001303192,0.03590010910119636
128,10,5,BA,A,5,stage.result_sort,1,0.004561012,0.004560667,0.12558978996519016
128,10,5,BA,A,5,stage.schedule,10,0.007742844,0.003516721,0.21320315572360538
128,10,5,BA,A,5,stage.threshold,2,2.0162e-05,1.9603e-05,0.0005551709456756887
128,10,5,BA,A,6,stage.aggregate,1,2.0397e-05,2.0047e-05,0.0006179970858969593
128,10,5,BA,A,6,stage.alloc_init,1,0.003074289,0.003073867,0.09314613145095245
128,10,5,BA,A,6,stage.candidates,1,0.000528289,0.000527865,0.016006327524215262
128,10,5,BA,A,6,stage.cleanup,1,0.002814222,0.002813812,0.08526650953900634
128,10,5,BA,A,6,stage.delivery,1,5.4276e-05,5.3922e-05,0.0016444776111263107
128,10,5,BA,A,6,stage.leaf_distance,1,0.01365783,0.013657663,0.4138108123584874
128,10,5,BA,A,6,stage.node_plan,4,0.00011498,0.000113365,0.00348371353318784
128,10,5,BA,A,6,stage.node_prune,4,5.778e-05,5.6305e-05,0.0017506433114245381
128,10,5,BA,A,6,stage.output_alloc,1,9.758e-06,9.381e-06,0.0002956520843350752
128,10,5,BA,A,6,stage.pivot_distance,2,0.000136956,0.000136144,0.004149551840765993
128,10,5,BA,A,6,stage.pivot_sort,2,0.001380721,0.001379894,0.04183367918991692
128,10,5,BA,A,6,stage.result_sort,1,0.004480251,0.004479873,0.1357445733238681
128,10,5,BA,A,6,stage.schedule,10,0.006634563,0.005284406,0.2010168456243461
128,10,5,BA,A,6,stage.threshold,2,2.3768e-05,2.3035e-05,0.0007201330949452825
128,10,5,BA,A,7,stage.aggregate,1,1.8055e-05,1.7701e-05,0.0006829017366620459
128,10,5,BA,A,7,stage.alloc_init,1,0.002055977,0.002055587,0.07776406889156595
128,10,5,BA,A,7,stage.candidates,1,0.000128016,0.000127554,0.004842002144587564
128,10,5,BA,A,7,stage.cleanup,1,0.002626251,0.002625858,0.09933377838883604
128,10,5,BA,A,7,stage.delivery,1,5.1674e-05,5.1313e-05,0.0019544870861409338
128,10,5,BA,A,7,stage.leaf_distance,1,0.013685856,0.013685698,0.5176457950765262
128,10,5,BA,A,7,stage.node_plan,4,0.000101544,0.00010005,0.0038407407337364046
128,10,5,BA,A,7,stage.node_prune,4,5.7695e-05,5.6282e-05,0.00218222186079849
128,10,5,BA,A,7,stage.output_alloc,1,8.479e-06,8.099e-06,0.0003207047258464407
128,10,5,BA,A,7,stage.pivot_distance,2,0.000133317,0.000132591,0.00504250406128906
128,10,5,BA,A,7,stage.pivot_sort,2,0.001749002,0.001748157,0.06615322643175804
128,10,5,BA,A,7,stage.result_sort,1,0.005645278,0.005645024,0.21352368596732435
128,10,5,BA,A,7,stage.schedule,10,0.000141597,0.000138122,0.005355681927783756
128,10,5,BA,A,7,stage.threshold,2,2.1989e-05,2.1297e-05,0.0008316990466608544
128,100,0,AB,A,0,stage.aggregate,1,0.000823756,0.000823484,0.024991589386459512
128,100,0,AB,A,0,stage.alloc_init,1,0.004748962,0.004748711,0.14407677554506373
128,100,0,AB,A,0,stage.candidates,1,0.000160294,0.000160022,0.004863092747261496
128,100,0,AB,A,0,stage.cleanup,1,0.00129841,0.00129807,0.03939191893627833
128,100,0,AB,A,0,stage.delivery,1,5.5914e-05,5.5623e-05,0.001696351503302552
128,100,0,AB,A,0,stage.leaf_distance,1,0.01487426,0.014874196,0.45126396450822726
128,100,0,AB,A,0,stage.node_plan,4,0.00010548,0.000104332,0.0032001136847364378
128,100,0,AB,A,0,stage.node_prune,4,0.000102392,0.000101298,0.0031064281418992546
128,100,0,AB,A,0,stage.output_alloc,1,8.243e-06,7.934e-06,0.0002500809357535311
128,100,0,AB,A,0,stage.pivot_distance,2,0.000839694,0.000240795,0.025475125714742874
128,100,0,AB,A,0,stage.pivot_sort,2,0.001143542,0.001142938,0.034693443337797454
128,100,0,AB,A,0,stage.result_sort,1,0.004818303,0.004818034,0.1461804831959294
128,100,0,AB,A,0,stage.schedule,10,0.003927642,0.003173898,0.11915909094563513
128,100,0,AB,A,0,stage.threshold,2,4.0997e-05,4.0433e-05,0.0012437908677772065
128,100,0,AB,A,1,stage.aggregate,1,0.000823476,0.000823162,0.025305864939569156
128,100,0,AB,A,1,stage.alloc_init,1,0.002647271,0.002646922,0.08135207630148078
128,100,0,AB,A,1,stage.candidates,1,0.000156479,0.00015621,0.004808684697403255
128,100,0,AB,A,1,stage.cleanup,1,0.001763831,0.001763455,0.054203485058732986
128,100,0,AB,A,1,stage.delivery,1,5.4267e-05,5.399e-05,0.0016676543975484403
128,100,0,AB,A,1,stage.leaf_distance,1,0.014887847,0.01486622,0.45751162805348283
128,100,0,AB,A,1,stage.node_plan,4,0.00010248,0.000101337,0.003149266085480387
128,100,0,AB,A,1,stage.node_prune,4,6.559e-05,6.4491e-05,0.002015616340228909
128,100,0,AB,A,1,stage.output_alloc,1,8.472e-06,8.161e-06,0.0002603491635069266
128,100,0,AB,A,1,stage.pivot_distance,2,0.00013976,0.000139188,0.004294900742649677
128,100,0,AB,A,1,stage.pivot_sort,2,0.001246088,0.001245467,0.038292961338057034
128,100,0,AB,A,1,stage.result_sort,1,0.004817848,0.00481755,0.14805508695745034
128,100,0,AB,A,1,stage.schedule,10,0.005792938,0.00503899,0.17802013250088392
128,100,0,AB,A,1,stage.threshold,2,2.215e-05,2.1572e-05,0.0006806815358449509
128,100,0,AB,A,2,stage.aggregate,1,0.000847513,0.000847214,0.026082009010788124
128,100,0,AB,A,2,stage.alloc_init,1,0.002661474,0.002661089,0.08190622309035768
128,100,0,AB,A,2,stage.candidates,1,0.000155247,0.00015497,0.004777689136211272
128,100,0,AB,A,2,stage.cleanup,1,0.001729992,0.001729637,0.05324008827309005
128,100,0,AB,A,2,stage.delivery,1,5.6878e-05,5.6596e-05,0.0017504067884688574
128,100,0,AB,A,2,stage.leaf_distance,1,0.014875647,0.014875579,0.4577944634422166
128,100,0,AB,A,2,stage.node_plan,4,0.000103594,0.000102452,0.003188080467749267
128,100,0,AB,A,2,stage.node_prune,4,6.5889e-05,6.478e-05,0.0020277181491160827
128,100,0,AB,A,2,stage.output_alloc,1,8.847e-06,8.548e-06,0.00027226430003839764
128,100,0,AB,A,2,stage.pivot_distance,2,0.000139979,0.000139427,0.0043078201034333526
128,100,0,AB,A,2,stage.pivot_sort,2,0.001268878,0.001268235,0.03904941567809675
128,100,0,AB,A,2,stage.result_sort,1,0.004819505,0.004819254,0.14831910877772778
128,100,0,AB,A,2,stage.schedule,10,0.005726835,0.005018297,0.17624197159606614
128,100,0,AB,A,2,stage.threshold,2,2.1022e-05,2.0476e-05,0.0006469470007242224
128,100,0,AB,A,3,stage.aggregate,1,0.000823595,0.000823268,0.025230225675261866
128,100,0,AB,A,3,stage.alloc_init,1,0.002662293,0.002662029,0.08155738342713341
128,100,0,AB,A,3,stage.candidates,1,0.000164343,0.000163992,0.005034526652237521
128,100,0,AB,A,3,stage.cleanup,1,0.00180219,0.001801855,0.05520876208536985
128,100,0,AB,A,3,stage.delivery,1,5.7237e-05,5.6937e-05,0.0017534133001960472
128,100,0,AB,A,3,stage.leaf_distance,1,0.014887152,0.014887096,0.4560569267928121
128,100,0,AB,A,3,stage.node_plan,4,0.000102415,0.000101231,0.0031374080252210665
128,100,0,AB,A,3,stage.node_prune,4,6.7478e-05,6.6329e-05,0.002067138785586751
128,100,0,AB,A,3,stage.output_alloc,1,8.388e-06,8.045e-06,0.0002569601964121887
128,100,0,AB,A,3,stage.pivot_distance,2,0.000142463,0.000141911,0.0043642489820540815
128,100,0,AB,A,3,stage.pivot_sort,2,0.001288879,0.001288159,0.039483858010436974
128,100,0,AB,A,3,stage.result_sort,1,0.004820917,0.00482066,0.14768523834130418
128,100,0,AB,A,3,stage.schedule,10,0.005781846,0.0050282,0.17712258986469093
128,100,0,AB,A,3,stage.threshold,2,2.1114e-05,2.0572e-05,0.0006468118248744579
128,100,0,AB,A,4,stage.aggregate,1,0.000822557,0.00082219,0.025073320281682052
128,100,0,AB,A,4,stage.alloc_init,1,0.002666569,0.002666146,0.08128280300356648
128,100,0,AB,A,4,stage.candidates,1,0.00016018,0.000159808,0.004882633595872178
128,100,0,AB,A,4,stage.cleanup,1,0.00194169,0.001941202,0.059186919882438814
128,100,0,AB,A,4,stage.delivery,1,5.7629e-05,5.7322e-05,0.001756656832916205
128,100,0,AB,A,4,stage.leaf_distance,1,0.014884234,0.014884172,0.4537037144289108
128,100,0,AB,A,4,stage.node_plan,4,0.000102933,0.000101806,0.003137620950954619
128,100,0,AB,A,4,stage.node_prune,4,6.5678e-05,6.4457e-05,0.002002007799411243
128,100,0,AB,A,4,stage.output_alloc,1,8.422e-06,8.138e-06,0.00025672081498586265
128,100,0,AB,A,4,stage.pivot_distance,2,0.000142622,0.000142072,0.004347427698279945
128,100,0,AB,A,4,stage.pivot_sort,2,0.00134384,0.001343198,0.040963156021206565
128,100,0,AB,A,4,stage.result_sort,1,0.004829666,0.004829387,0.14721868815358718
128,100,0,AB,A,4,stage.schedule,10,0.005745111,0.005036447,0.17512343601332753
128,100,0,AB,A,4,stage.threshold,2,2.2595e-05,2.203e-05,0.0006887445754696708
128,100,0,AB,A,5,stage.aggregate,1,0.000822393,0.00082202,0.021627133784473996
128,100,0,AB,A,5,stage.alloc_init,1,0.004732743,0.004479938,0.12446077000720192
128,100,0,AB,A,5,stage.candidates,1,0.000160568,0.00016028,0.004222586546219898
128,100,0,AB,A,5,stage.cleanup,1,0.001748464,0.001748101,0.04598077177862231
128,100,0,AB,A,5,stage.delivery,1,6.0134e-05,5.9857e-05,0.0015813924279457134
128,100,0,AB,A,5,stage.leaf_distance,1,0.014876914,0.014876799,0.39123023831442405
128,100,0,AB,A,5,stage.node_plan,4,0.000102038,0.000100907,0.002683375803417779
128,100,0,AB,A,5,stage.node_prune,4,0.000106878,0.000105746,0.0028106571974919675
128,100,0,AB,A,5,stage.output_alloc,1,8.422e-06,8.128e-06,0.00022148014481256526
128,100,0,AB,A,5,stage.pivot_distance,2,0.001521067,0.000250465,0.04000072897525697
128,100,0,AB,A,5,stage.pivot_sort,2,0.001194273,0.001193609,0.0314067628812321
128,100,0,AB,A,5,stage.result_sort,1,0.004848751,0.004848534,0.1275115261980611
128,100,0,AB,A,5,stage.schedule,10,0.007393656,0.003239141,0.1944369510299563
128,100,0,AB,A,5,stage.threshold,2,0.000436299,0.000435734,0.011473707634953386
128,100,0,AB,A,6,stage.aggregate,1,8.7203e-05,8.6928e-05,0.0025672177977673683
128,100,0,AB,A,6,stage.alloc_init,1,0.003651199,0.003650949,0.10748968562997166
128,100,0,AB,A,6,stage.candidates,1,0.00014866,0.000148388,0.0043764847289209895
128,100,0,AB,A,6,stage.cleanup,1,0.002592487,0.002592099,0.0763216720397295
128,100,0,AB,A,6,stage.delivery,1,5.9998e-05,5.9716e-05,0.0017663146156720133
128,100,0,AB,A,6,stage.leaf_distance,1,0.014892078,0.014891958,0.4384161976920505
128,100,0,AB,A,6,stage.node_plan,4,0.000100188,9.9023e-05,0.0029494904615978475
128,100,0,AB,A,6,stage.node_prune,4,0.001712077,0.001710783,0.050402790563950355
128,100,0,AB,A,6,stage.output_alloc,1,1.0284e-05,9.978e-06,0.00030275641700675
128,100,0,AB,A,6,stage.pivot_distance,2,0.001276301,0.000623546,0.03757373762953443
128,100,0,AB,A,6,stage.pivot_sort,2,0.001173097,0.00117252,0.0345354574602652
128,100,0,AB,A,6,stage.result_sort,1,0.004857387,0.004857047,0.14299932751217098
128,100,0,AB,A,6,stage.schedule,10,0.002983207,0.002298468,0.08782429623779225
128,100,0,AB,A,6,stage.threshold,2,0.00041063,0.000409891,0.012088765802750073
128,100,0,AB,A,7,stage.aggregate,1,8.6846e-05,8.6573e-05,0.003217326782502434
128,100,0,AB,A,7,stage.alloc_init,1,0.001596425,0.001596006,0.05914170956355443
128,100,0,AB,A,7,stage.candidates,1,0.000153606,0.000153322,0.005690540701391761
128,100,0,AB,A,7,stage.cleanup,1,0.002411071,0.002410699,0.08932136543784314
128,100,0,AB,A,7,stage.delivery,1,5.9888e-05,5.9602e-05,0.0022186314435956264
128,100,0,AB,A,7,stage.leaf_distance,1,0.014917679,0.014917567,0.5526454664518127
128,100,0,AB,A,7,stage.node_plan,4,0.000101125,0.00010002,0.0037463115270773397
128,100,0,AB,A,7,stage.node_prune,4,7.4172e-05,7.3073e-05,0.002747801419890041
128,100,0,AB,A,7,stage.output_alloc,1,8.439e-06,8.134e-06,0.0003126340961879423
128,100,0,AB,A,7,stage.pivot_distance,2,0.000144785,0.000144238,0.005363754901833302
128,100,0,AB,A,7,stage.pivot_sort,2,0.001740123,0.001739505,0.0644651950895664
128,100,0,AB,A,7,stage.result_sort,1,0.005526108,0.005525864,0.20472209740691522
128,100,0,AB,A,7,stage.schedule,10,0.00013932,0.000136577,0.0051612966324095415
128,100,0,AB,A,7,stage.threshold,2,2.2048e-05,2.1516e-05,0.0008167977903485901
128,100,0,AB,B,0,stage.aggregate,1,0.00082699,0.000826681,0.03454630915636141
128,100,0,AB,B,0,stage.alloc_init,1,0.004763537,0.00476326,0.1989898570475657
128,100,0,AB,B,0,stage.candidates,1,0.000186154,0.000185859,0.007776313661221178
128,100,0,AB,B,0,stage.cleanup,1,0.001905367,0.00190505,0.07959394604327606
128,100,0,AB,B,0,stage.delivery,1,5.3199e-05,5.2905e-05,0.0022223111534713483
128,100,0,AB,B,0,stage.leaf_distance,1,0.00547392,0.005473626,0.22866507771217287
128,100,0,AB,B,0,stage.node_plan,4,0.000100148,9.8987e-05,0.004183537611568801
128,100,0,AB,B,0,stage.node_prune,4,0.000105337,0.000104235,0.004400300569056024
128,100,0,AB,B,0,stage.output_alloc,1,7.529e-06,7.225e-06,0.0003145130674352109
128,100,0,AB,B,0,stage.pivot_distance,2,0.00127589,0.000607777,0.05329845631689616
128,100,0,AB,B,0,stage.pivot_sort,2,0.001148786,0.00114812,0.047988870857567555
128,100,0,AB,B,0,stage.result_sort,1,0.004814924,0.004814605,0.20113647452615424
128,100,0,AB,B,0,stage.schedule,10,0.003189788,0.003187012,0.13324877252596976
128,100,0,AB,B,0,stage.threshold,2,7.2571e-05,7.1921e-05,0.0030315483884766486
128,100,0,AB,B,1,stage.aggregate,1,0.000826899,0.000826598,0.03439266530709622
128,100,0,AB,B,1,stage.alloc_init,1,0.004735474,0.004735179,0.19695945012928565
128,100,0,AB,B,1,stage.candidates,1,0.000188163,0.00018788,0.007826139688376872
128,100,0,AB,B,1,stage.cleanup,1,0.001754488,0.001754158,0.07297326344489065
128,100,0,AB,B,1,stage.delivery,1,5.4363e-05,5.4077e-05,0.002261084442101964
128,100,0,AB,B,1,stage.leaf_distance,1,0.005475584,0.005475338,0.2277423577400519
128,100,0,AB,B,1,stage.node_plan,4,9.9343e-05,9.8203e-05,0.004131907947165083
128,100,0,AB,B,1,stage.node_prune,4,0.000112569,0.000111492,0.004682008251255008
128,100,0,AB,B,1,stage.output_alloc,1,8.407e-06,8.076e-06,0.00034966681207349135
128,100,0,AB,B,1,stage.pivot_distance,2,0.000827113,0.00023701,0.03440156606810297
128,100,0,AB,B,1,stage.pivot_sort,2,0.001142991,0.001142382,0.047539671606838585
128,100,0,AB,B,1,stage.result_sort,1,0.00482545,0.004825216,0.20070176261687034
128,100,0,AB,B,1,stage.schedule,10,0.003907859,0.003193988,0.16253700470592383
128,100,0,AB,B,1,stage.threshold,2,6.971e-05,6.9098e-05,0.002899402101777457
128,100,0,AB,B,2,stage.aggregate,1,0.000828091,0.000827791,0.03447261549502835
128,100,0,AB,B,2,stage.alloc_init,1,0.004744144,0.004743934,0.1974940579779828
128,100,0,AB,B,2,stage.candidates,1,0.000162573,0.000162247,0.0067677544121035535
128,100,0,AB,B,2,stage.cleanup,1,0.00154423,0.0015439,0.06428477911955043
128,100,0,AB,B,2,stage.delivery,1,5.4607e-05,5.4306e-05,0.0022732358090318734
128,100,0,AB,B,2,stage.leaf_distance,1,0.005487295,0.005487072,0.22843070464815046
128,100,0,AB,B,2,stage.node_plan,4,9.8406e-05,9.7265e-05,0.0040965451869465555
128,100,0,AB,B,2,stage.node_prune,4,0.000119406,0.000118226,0.004970754573832291
128,100,0,AB,B,2,stage.output_alloc,1,7.866e-06,7.555e-06,0.0003274538589163425
128,100,0,AB,B,2,stage.pivot_distance,2,0.000857277,0.000243758,0.03568760002672583
128,100,0,AB,B,2,stage.pivot_sort,2,0.001304121,0.001303524,0.05428927713499104
128,100,0,AB,B,2,stage.result_sort,1,0.004804939,0.004804711,0.20002489415301702
128,100,0,AB,B,2,stage.schedule,10,0.00394958,0.003194894,0.16441713858362678
128,100,0,AB,B,2,stage.threshold,2,4.5091e-05,4.4537e-05,0.001877094069717366
128,100,0,AB,B,3,stage.aggregate,1,0.000841612,0.000841305,0.03665998177481265
128,100,0,AB,B,3,stage.alloc_init,1,0.002653783,0.00265343,0.11559677905532197
128,100,0,AB,B,3,stage.candidates,1,0.000158562,0.000158196,0.006906840717786633
128,100,0,AB,B,3,stage.cleanup,1,0.001751007,0.001750696,0.07627253973038571
128,100,0,AB,B,3,stage.delivery,1,5.4117e-05,5.3831e-05,0.002357295563403963
128,100,0,AB,B,3,stage.leaf_distance,1,0.00547675,0.00547648,0.23856308510953406
128,100,0,AB,B,3,stage.node_plan,4,0.000103374,0.000102229,0.0045028932049323
128,100,0,AB,B,3,stage.node_prune,4,6.3148e-05,6.2047e-05,0.002750679088601243
128,100,0,AB,B,3,stage.output_alloc,1,8.3e-06,7.999e-06,0.0003615417184295673
128,100,0,AB,B,3,stage.pivot_distance,2,0.000138399,0.000137811,0.006028555697461889
128,100,0,AB,B,3,stage.pivot_sort,2,0.001132739,0.001132112,0.04934125356532405
128,100,0,AB,B,3,stage.result_sort,1,0.004805593,0.004805371,0.20932799413169878
128,100,0,AB,B,3,stage.schedule,10,0.005734142,0.005030766,0.24977488583122362
128,100,0,AB,B,3,stage.threshold,2,2.188e-05,2.1325e-05,0.0009530762408721606
128,100,0,AB,B,4,stage.aggregate,1,0.000825113,0.000824793,0.03603567523681477
128,100,0,AB,B,4,stage.alloc_init,1,0.002659041,0.002658647,0.11612995785713616
128,100,0,AB,B,4,stage.candidates,1,0.000161418,0.000161091,0.007049709100906381
128,100,0,AB,B,4,stage.cleanup,1,0.00154001,0.001539593,0.06725781828846124
128,100,0,AB,B,4,stage.delivery,1,5.4843e-05,5.4557e-05,0.002395192582122246
128,100,0,AB,B,4,stage.leaf_distance,1,0.005481103,0.005480796,0.23937963363506715
128,100,0,AB,B,4,stage.node_plan,4,0.000101847,0.000100724,0.004448027622693951
128,100,0,AB,B,4,stage.node_prune,4,6.5302e-05,6.4175e-05,0.002851975019560325
128,100,0,AB,B,4,stage.output_alloc,1,8.253e-06,7.937e-06,0.00036043842204574686
128,100,0,AB,B,4,stage.pivot_distance,2,0.000139899,0.000139324,0.006109896377775104
128,100,0,AB,B,4,stage.pivot_sort,2,0.001282793,0.001282157,0.0560242196451387
128,100,0,AB,B,4,stage.result_sort,1,0.004803071,0.004802828,0.20976751874635735
128,100,0,AB,B,4,stage.schedule,10,0.005739514,0.005025764,0.2506653785859048
128,100,0,AB,B,4,stage.threshold,2,2.0956e-05,2.0413e-05,0.0009152244726027712
128,100,0,AB,B,5,stage.aggregate,1,0.000824465,0.000824057,0.035989772097588676
128,100,0,AB,B,5,stage.alloc_init,1,0.002655804,0.002655444,0.11593188394396899
128,100,0,AB,B,5,stage.candidates,1,0.00015841,0.000158028,0.006914956727064244
128,100,0,AB,B,5,stage.cleanup,1,0.001705833,0.001705484,0.07446348954357794
128,100,0,AB,B,5,stage.delivery,1,5.4475e-05,5.4182e-05,0.00237795762708683
128,100,0,AB,B,5,stage.leaf_distance,1,0.005478669,0.005478322,0.23915636043752503
128,100,0,AB,B,5,stage.node_plan,4,0.000104057,0.00010295,0.004542324677407512
128,100,0,AB,B,5,stage.node_prune,4,6.3666e-05,6.2567e-05,0.002779165677578891
128,100,0,AB,B,5,stage.output_alloc,1,8.214e-06,7.919e-06,0.00035855977877725963
128,100,0,AB,B,5,stage.pivot_distance,2,0.00013828,0.000137558,0.00603623645109806
128,100,0,AB,B,5,stage.pivot_sort,2,0.001351917,0.001351276,0.05901425133250749
128,100,0,AB,B,5,stage.result_sort,1,0.004806124,0.004800629,0.20979824180862897
128,100,0,AB,B,5,stage.schedule,10,0.005522729,0.005519694,0.24107967963072272
128,100,0,AB,B,5,stage.threshold,2,2.1995e-05,2.1444e-05,0.0009601317670082573
128,100,0,AB,B,6,stage.aggregate,1,0.000825077,0.000824792,0.03642292132597433
128,100,0,AB,B,6,stage.alloc_init,1,0.002647939,0.002647613,0.11689293711129888
128,100,0,AB,B,6,stage.candidates,1,0.000160111,0.00015983,0.007068080138487772
128,100,0,AB,B,6,stage.cleanup,1,0.001358465,0.001358157,0.059969268103570596
128,100,0,AB,B,6,stage.delivery,1,5.8516e-05,5.8237e-05,0.0025831815264644557
128,100,0,AB,B,6,stage.leaf_distance,1,0.005479518,0.005479177,0.2418926391333902
128,100,0,AB,B,6,stage.node_plan,4,9.7807e-05,9.6675e-05,0.004317677824166193
128,100,0,AB,B,6,stage.node_prune,4,6.1284e-05,6.0174e-05,0.002705374541456144
128,100,0,AB,B,6,stage.output_alloc,1,8.927e-06,8.618e-06,0.00039408130232326534
128,100,0,AB,B,6,stage.pivot_distance,2,0.000136953,0.000136391,0.006045773114940983
128,100,0,AB,B,6,stage.pivot_sort,2,0.001221504,0.001220855,0.05392314182962674
128,100,0,AB,B,6,stage.result_sort,1,0.004813926,0.004813688,0.21251016325392935
128,100,0,AB,B,6,stage.schedule,10,0.005749433,0.00503227,0.25380800316571733
128,100,0,AB,B,6,stage.threshold,2,1.9886e-05,1.9353e-05,0.0008778649913745328
128,100,0,AB,B,7,stage.aggregate,1,0.00082459,0.000824332,0.03669344855138774
128,100,0,AB,B,7,stage.alloc_init,1,0.002662805,0.002662494,0.11849221827802667
128,100,0,AB,B,7,stage.candidates,1,0.000159664,0.000159383,0.007104891848686949
128,100,0,AB,B,7,stage.cleanup,1,0.001363427,0.001363109,0.06067116806906817
128,100,0,AB,B,7,stage.delivery,1,5.627e-05,5.5969e-05,0.002503959967967824
128,100,0,AB,B,7,stage.leaf_distance,1,0.00548397,0.00548373,0.2440313016800517
128,100,0,AB,B,7,stage.node_plan,4,9.9997e-05,9.8827e-05,0.0044497687029834455
128,100,0,AB,B,7,stage.node_prune,4,6.1592e-05,6.0479e-05,0.0027407837630544557
128,100,0,AB,B,7,stage.output_alloc,1,8.366e-06,8.066e-06,0.0003722788180561367
128,100,0,AB,B,7,stage.pivot_distance,2,0.000139624,0.000139081,0.00621313144779704
128,100,0,AB,B,7,stage.pivot_sort,2,0.001215542,0.001214883,0.05409043020052505
128,100,0,AB,B,7,stage.result_sort,1,0.004809128,0.004808901,0.21400149267519397
128,100,0,AB,B,7,stage.schedule,10,0.005552913,0.005550115,0.24709919775383174
128,100,0,AB,B,7,stage.threshold,2,2.119e-05,2.0634e-05,0.0009429342761904778
128,100,1,BA,B,0,stage.aggregate,1,0.000825136,0.000824808,0.03441568893211621
128,100,1,BA,B,0,stage.alloc_init,1,0.004776636,0.004776305,0.19922924065602257
128,100,1,BA,B,0,stage.candidates,1,0.000157383,0.00015703,0.006564305000876517
128,100,1,BA,B,0,stage.cleanup,1,0.001549256,0.001548978,0.06461809031749266
128,100,1,BA,B,0,stage.delivery,1,5.3152e-05,5.2841e-05,0.002216922662591186
128,100,1,BA,B,0,stage.leaf_distance,1,0.005478675,0.005478448,0.22851066316360183
128,100,1,BA,B,0,stage.node_plan,4,0.000100147,9.8954e-05,0.004177042329367089
128,100,1,BA,B,0,stage.node_prune,4,0.000103023,0.000101879,0.0042969977323173494
128,100,1,BA,B,0,stage.output_alloc,1,7.34e-06,7.008e-06,0.0003061448740107485
128,100,1,BA,B,0,stage.pivot_distance,2,0.000858636,0.00024284,0.03581294414728788
128,100,1,BA,B,0,stage.pivot_sort,2,0.001288765,0.001288121,0.05375324230987225
128,100,1,BA,B,0,stage.result_sort,1,0.004798745,0.004798546,0.200151387388925
128,100,1,BA,B,0,stage.schedule,10,0.003922895,0.003168862,0.16362046260659335
128,100,1,BA,B,0,stage.threshold,2,4.3261e-05,4.2658e-05,0.001804377846672887
128,100,1,BA,B,1,stage.aggregate,1,0.000824273,0.000823911,0.0360132439405503
128,100,1,BA,B,1,stage.alloc_init,1,0.002613072,0.002612754,0.11416751412483685
128,100,1,BA,B,1,stage.candidates,1,0.00015706,0.000156778,0.00686209555972697
128,100,1,BA,B,1,stage.cleanup,1,0.001701011,0.001700677,0.07431873188683774
128,100,1,BA,B,1,stage.delivery,1,5.3183e-05,5.2905e-05,0.002323614084763527
128,100,1,BA,B,1,stage.leaf_distance,1,0.005481603,0.00548107,0.23949626643630484
128,100,1,BA,B,1,stage.node_plan,4,9.7084e-05,9.5842e-05,0.004241689069912983
128,100,1,BA,B,1,stage.node_prune,4,6.2468e-05,6.1358e-05,0.002729284257131188
128,100,1,BA,B,1,stage.output_alloc,1,7.732e-06,7.413e-06,0.000337818176924799
128,100,1,BA,B,1,stage.pivot_distance,2,0.000135086,0.000134468,0.005902031330582437
128,100,1,BA,B,1,stage.pivot_sort,2,0.001121338,0.001120763,0.04899228645583294
128,100,1,BA,B,1,stage.result_sort,1,0.0048043,0.004804073,0.2099042766942333
128,100,1,BA,B,1,stage.schedule,10,0.005798255,0.005044382,0.25333108295979057
128,100,1,BA,B,1,stage.threshold,2,2.0267e-05,1.9695e-05,0.0008854838323506082
128,100,1,BA,B,2,stage.aggregate,1,0.000824494,0.00082416,0.03642128598246041
128,100,1,BA,B,2,stage.alloc_init,1,0.002637901,0.002637531,0.11652692040744782
128,100,1,BA,B,2,stage.candidates,1,0.00015505,0.000154776,0.0068491952537926126
128,100,1,BA,B,2,stage.cleanup,1,0.00136607,0.001365723,0.060344922027400674
128,100,1,BA,B,2,stage.delivery,1,5.3188e-05,5.2891e-05,0.0023495323905754367
128,100,1,BA,B,2,stage.leaf_distance,1,0.005481559,0.005481303,0.2421429725003817
128,100,1,BA,B,2,stage.node_plan,4,9.9877e-05,9.8715e-05,0.004411977261290195
128,100,1,BA,B,2,stage.node_prune,4,6.194e-05,6.0814e-05,0.0027361441729759077
128,100,1,BA,B,2,stage.output_alloc,1,7.969e-06,7.633e-06,0.00035202345680408466
128,100,1,BA,B,2,stage.pivot_distance,2,0.000137655,0.000137094,0.006080786666628972
128,100,1,BA,B,2,stage.pivot_sort,2,0.001222861,0.001222245,0.05401879237180321
128,100,1,BA,B,2,stage.result_sort,1,0.00480135,0.004801155,0.21209534751239703
128,100,1,BA,B,2,stage.schedule,10,0.005754213,0.005041862,0.25418721940607386
128,100,1,BA,B,2,stage.threshold,2,2.1081e-05,2.0491e-05,0.0009312343446965628
128,100,1,BA,B,3,stage.aggregate,1,0.000827751,0.000827283,0.03587383485478948
128,100,1,BA,B,3,stage.alloc_init,1,0.002649718,0.002649391,0.1148359179798793
128,100,1,BA,B,3,stage.candidates,1,0.000158335,0.000158059,0.006862067991138751
128,100,1,BA,B,3,stage.cleanup,1,0.001619867,0.001619416,0.0702032872744621
128,100,1,BA,B,3,stage.delivery,1,5.6664e-05,5.6289e-05,0.0024557565961403744
128,100,1,BA,B,3,stage.leaf_distance,1,0.00548015,0.005479884,0.23750378565471325
128,100,1,BA,B,3,stage.node_plan,4,0.000100264,9.9108e-05,0.0043453335337325025
128,100,1,BA,B,3,stage.node_prune,4,6.0965e-05,5.9732e-05,0.002642157293584956
128,100,1,BA,B,3,stage.output_alloc,1,7.907e-06,7.583e-06,0.0003426808450812146
128,100,1,BA,B,3,stage.pivot_distance,2,0.000139383,0.000138803,0.006040708768174393
128,100,1,BA,B,3,stage.pivot_sort,2,0.0013236,0.001322975,0.05736339528892065
128,100,1,BA,B,3,stage.result_sort,1,0.004803633,0.004803205,0.20818426911597443
128,100,1,BA,B,3,stage.schedule,10,0.005811618,0.005057846,0.25186925098383683
128,100,1,BA,B,3,stage.threshold,2,2.1922e-05,2.1357e-05,0.0009500758171076749
128,100,1,BA,B,4,stage.aggregate,1,0.000823963,0.000823638,0.036116111147589246
128,100,1,BA,B,4,stage.alloc_init,1,0.002672517,0.00267219,0.11714230009821043
128,100,1,BA,B,4,stage.candidates,1,0.00015708,0.000156805,0.006885162002496858
128,100,1,BA,B,4,stage.cleanup,1,0.001758575,0.001758233,0.07708221141164319
128,100,1,BA,B,4,stage.delivery,1,5.2912e-05,5.2635e-05,0.002319249375325399
128,100,1,BA,B,4,stage.leaf_distance,1,0.005482238,0.005482,0.24029855338836498
128,100,1,BA,B,4,stage.node_plan,4,0.000100115,9.8916e-05,0.004388260719887783
128,100,1,BA,B,4,stage.node_prune,4,6.8226e-05,6.7109e-05,0.0029904956887086232
128,100,1,BA,B,4,stage.output_alloc,1,7.446e-06,7.125e-06,0.0003263745624560199
128,100,1,BA,B,4,stage.pivot_distance,2,0.000138196,0.000137639,0.006057434734511431
128,100,1,BA,B,4,stage.pivot_sort,2,0.001122878,0.001122299,0.04921821326101137
128,100,1,BA,B,4,stage.result_sort,1,0.004799212,0.004799015,0.2103600210359495
128,100,1,BA,B,4,stage.schedule,10,0.005598102,0.005032537,0.24537712742870932
128,100,1,BA,B,4,stage.threshold,2,2.0871e-05,2.0315e-05,0.0009148218497206004
128,100,1,BA,B,5,stage.aggregate,1,8.621e-05,8.5934e-05,0.003646029067914936
128,100,1,BA,B,5,stage.alloc_init,1,0.002638685,0.002638351,0.11159636017945856
128,100,1,BA,B,5,stage.candidates,1,0.000122232,0.000121883,0.005169486428829352
128,100,1,BA,B,5,stage.cleanup,1,0.002080194,0.002079883,0.08797642722308598
128,100,1,BA,B,5,stage.delivery,1,5.2102e-05,5.1822e-05,0.0022035193886614543
128,100,1,BA,B,5,stage.leaf_distance,1,0.00547999,0.005479719,0.23176200941750572
128,100,1,BA,B,5,stage.node_plan,4,9.9042e-05,9.7891e-05,0.0041887253328434185
128,100,1,BA,B,5,stage.node_prune,4,5.7993e-05,5.689e-05,0.0024526640034287306
128,100,1,BA,B,5,stage.output_alloc,1,7.75e-06,7.447e-06,0.0003277662136218624
128,100,1,BA,B,5,stage.pivot_distance,2,0.000136485,0.000135932,0.005772280214990952
128,100,1,BA,B,5,stage.pivot_sort,2,0.001347808,0.001347262,0.05700205481925872
128,100,1,BA,B,5,stage.result_sort,1,0.004780348,0.004779935,0.20217245983933452
128,100,1,BA,B,5,stage.schedule,10,0.006725187,0.00530186,0.28442439727599633
128,100,1,BA,B,5,stage.threshold,2,1.998e-05,1.9425e-05,0.0008450024449244915
128,100,1,BA,B,6,stage.aggregate,1,8.679e-05,8.6506e-05,0.004896249604813591
128,100,1,BA,B,6,stage.alloc_init,1,0.001583976,0.001583681,0.08935985555979042
128,100,1,BA,B,6,stage.candidates,1,0.00013049,0.000130152,0.007361580953244906
128,100,1,BA,B,6,stage.cleanup,1,0.002562759,0.002562434,0.14457780551886706
128,100,1,BA,B,6,stage.delivery,1,5.3155e-05,5.2855e-05,0.0029987342751914554
128,100,1,BA,B,6,stage.leaf_distance,1,0.005475736,0.005475488,0.30891312623647366
128,100,1,BA,B,6,stage.node_plan,4,9.3945e-05,9.2774e-05,0.005299898250077344
128,100,1,BA,B,6,stage.node_prune,4,6.1875e-05,6.0729e-05,0.00349067224677775
128,100,1,BA,B,6,stage.output_alloc,1,8.723e-06,8.407e-06,0.0004921072163012898
128,100,1,BA,B,6,stage.pivot_distance,2,0.000135746,0.000135178,0.0076580976939166455
128,100,1,BA,B,6,stage.pivot_sort,2,0.001757229,0.001756624,0.09913390709548311
128,100,1,BA,B,6,stage.result_sort,1,0.005609772,0.005609522,0.316474754442843
128,100,1,BA,B,6,stage.schedule,10,0.000132421,0.000129725,0.007470518134796871
128,100,1,BA,B,6,stage.threshold,2,2.1409e-05,2.0838e-05,0.001207786701111351
128,100,1,BA,B,7,stage.aggregate,1,0.000828047,0.000827714,0.0465408142583968
128,100,1,BA,B,7,stage.alloc_init,1,0.001613277,0.001612978,0.09067507666152236
128,100,1,BA,B,7,stage.candidates,1,0.000130357,0.00013006,0.007326783291626962
128,100,1,BA,B,7,stage.cleanup,1,0.001662393,0.001662069,0.09343566710278406
128,100,1,BA,B,7,stage.delivery,1,5.5227e-05,5.493e-05,0.0031040623890292215
128,100,1,BA,B,7,stage.leaf_distance,1,0.005516938,0.00550408,0.310082382682494
128,100,1,BA,B,7,stage.node_plan,4,9.3537e-05,9.2357e-05,0.005257295954562556
128,100,1,BA,B,7,stage.node_prune,4,6.1678e-05,6.0449e-05,0.0034666442144339602
128,100,1,BA,B,7,stage.output_alloc,1,7.772e-06,7.452e-06,0.00043682932057752743
128,100,1,BA,B,7,stage.pivot_distance,2,0.000140363,0.000139789,0.007889175749385422
128,100,1,BA,B,7,stage.pivot_sort,2,0.001760142,0.001759516,0.09892970071795809
128,100,1,BA,B,7,stage.result_sort,1,0.005761545,0.005761334,0.32383064691544655
128,100,1,BA,B,7,stage.schedule,10,0.000127464,0.000124731,0.007164180715143331
128,100,1,BA,B,7,stage.threshold,2,2.1697e-05,2.1132e-05,0.0012194912208660078
128,100,1,BA,A,0,stage.aggregate,1,7.7954e-05,7.7677e-05,0.002932724752378997
128,100,1,BA,A,0,stage.alloc_init,1,0.001608308,0.00160798,0.060506512572147154
128,100,1,BA,A,0,stage.candidates,1,0.000129431,0.000129154,0.004869352405587474
128,100,1,BA,A,0,stage.cleanup,1,0.001936861,0.001936502,0.07286707797698047
128,100,1,BA,A,0,stage.delivery,1,6.2101e-05,6.1799e-05,0.002336315517452447
128,100,1,BA,A,0,stage.leaf_distance,1,0.014916047,0.014916007,0.5611599179586484
128,100,1,BA,A,0,stage.node_plan,4,9.6533e-05,9.5405e-05,0.0036316894389178452
128,100,1,BA,A,0,stage.node_prune,4,6.0019e-05,5.8956e-05,0.0022579881329121664
128,100,1,BA,A,0,stage.output_alloc,1,6.66e-06,6.331e-06,0.0002505573395957118
128,100,1,BA,A,0,stage.pivot_distance,2,0.000137709,0.000137163,0.005180780882640522
128,100,1,BA,A,0,stage.pivot_sort,2,0.001759269,0.001758661,0.06618584989087212
128,100,1,BA,A,0,stage.result_sort,1,0.005630508,0.00563024,0.21182659235020604
128,100,1,BA,A,0,stage.schedule,10,0.000126476,0.000123824,0.004758181694100187
128,100,1,BA,A,0,stage.threshold,2,2.0832e-05,2.0286e-05,0.000783725300068749
128,100,1,BA,A,1,stage.aggregate,1,7.9153e-05,7.8851e-05,0.0029769575668929737
128,100,1,BA,A,1,stage.alloc_init,1,0.001552547,0.001552276,0.05839155230511775
128,100,1,BA,A,1,stage.candidates,1,0.000129727,0.000129454,0.004879054164470389
128,100,1,BA,A,1,stage.cleanup,1,0.001994218,0.001993944,0.07500287247652232
128,100,1,BA,A,1,stage.delivery,1,5.295e-05,5.2668e-05,0.0019914583549200024
128,100,1,BA,A,1,stage.leaf_distance,1,0.014934661,0.014916941,0.5616950977591675
128,100,1,BA,A,1,stage.node_plan,4,9.2364e-05,9.1232e-05,0.003473825486191333
128,100,1,BA,A,1,stage.node_prune,4,5.7948e-05,5.6855e-05,0.002179433970744179
128,100,1,BA,A,1,stage.output_alloc,1,7.307e-06,7.016e-06,0.0002748174919622371
128,100,1,BA,A,1,stage.pivot_distance,2,0.0001376,0.000137063,0.005175159011085785
128,100,1,BA,A,1,stage.pivot_sort,2,0.001773728,0.001773157,0.0667102067035986
128,100,1,BA,A,1,stage.result_sort,1,0.005626503,0.005626314,0.21161371875981977
128,100,1,BA,A,1,stage.schedule,10,0.000120358,0.000117697,0.004526684507676329
128,100,1,BA,A,1,stage.threshold,2,1.9528e-05,1.8994e-05,0.0007344513457011861
128,100,1,BA,A,2,stage.aggregate,1,0.000819079,0.00081873,0.030244864878497344
128,100,1,BA,A,2,stage.alloc_init,1,0.001574925,0.001574579,0.05815482245151863
128,100,1,BA,A,2,stage.candidates,1,0.00013057,0.000130292,0.004821356678886161
128,100,1,BA,A,2,stage.cleanup,1,0.001631431,0.001631114,0.060241332220203184
128,100,1,BA,A,2,stage.delivery,1,5.8084e-05,5.7748e-05,0.0021447781369106516
128,100,1,BA,A,2,stage.leaf_distance,1,0.01491984,0.014908335,0.5509218827595382
128,100,1,BA,A,2,stage.node_plan,4,9.4843e-05,9.37e-05,0.0035021209427556115
128,100,1,BA,A,2,stage.node_prune,4,6.1165e-05,6.005e-05,0.0022585454642266374
128,100,1,BA,A,2,stage.output_alloc,1,7.412e-06,7.096e-06,0.00027369147356899923
128,100,1,BA,A,2,stage.pivot_distance,2,0.000142897,0.000142272,0.005276536764515554
128,100,1,BA,A,2,stage.pivot_sort,2,0.00175293,0.001752297,0.06472773809542712
128,100,1,BA,A,2,stage.result_sort,1,0.005729261,0.005729061,0.21155557009597925
128,100,1,BA,A,2,stage.schedule,10,0.00012659,0.000123912,0.004674393367390665
128,100,1,BA,A,2,stage.threshold,2,2.067e-05,2.0085e-05,0.0007632491579426894
128,100,1,BA,A,3,stage.aggregate,1,0.000824792,0.000824455,0.022938739066864847
128,100,1,BA,A,3,stage.alloc_init,1,0.003671483,0.00367116,0.10210961130252252
128,100,1,BA,A,3,stage.candidates,1,0.000593688,0.000593317,0.01651137998323075
128,100,1,BA,A,3,stage.cleanup,1,0.001445858,0.001445512,0.040211543503985335
128,100,1,BA,A,3,stage.delivery,1,5.476e-05,5.4477e-05,0.0015229601539558082
128,100,1,BA,A,3,stage.leaf_distance,1,0.014884746,0.014875398,0.4139677695353014
128,100,1,BA,A,3,stage.node_plan,4,9.1511e-05,9.0373e-05,0.002545062210530496
128,100,1,BA,A,3,stage.node_prune,4,0.001709512,0.001708154,0.04754416834750368
128,100,1,BA,A,3,stage.output_alloc,1,7.553e-06,7.248e-06,0.0002100605924548616
128,100,1,BA,A,3,stage.pivot_distance,2,0.002367557,0.001084035,0.06584541587324967
128,100,1,BA,A,3,stage.pivot_sort,2,0.001354832,0.00135424,0.03767996989233484
128,100,1,BA,A,3,stage.result_sort,1,0.004795922,0.0047957,0.1333819961190659
128,100,1,BA,A,3,stage.schedule,10,0.003712597,0.002297857,0.103253055125929
128,100,1,BA,A,3,stage.threshold,2,0.000429257,0.000428652,0.011938299978206874
128,100,1,BA,A,4,stage.aggregate,1,0.000824278,0.000823958,0.02256559576008433
128,100,1,BA,A,4,stage.alloc_init,1,0.004742359,0.00474207,0.12982774760844976
128,100,1,BA,A,4,stage.candidates,1,0.000534057,0.000533797,0.014620448895692176
128,100,1,BA,A,4,stage.cleanup,1,0.001466974,0.001466635,0.040160167170000836
128,100,1,BA,A,4,stage.delivery,1,5.4508e-05,5.4236e-05,0.0014922216699835209
128,100,1,BA,A,4,stage.leaf_distance,1,0.014896656,0.014896466,0.40781376850168843
128,100,1,BA,A,4,stage.node_plan,4,0.000101397,0.000100266,0.0027758641056600695
128,100,1,BA,A,4,stage.node_prune,4,0.000109594,0.000108468,0.003000266781026161
128,100,1,BA,A,4,stage.output_alloc,1,8.456e-06,8.168e-06,0.00023149311002753086
128,100,1,BA,A,4,stage.pivot_distance,2,0.000138251,0.000137707,0.003784786418450351
128,100,1,BA,A,4,stage.pivot_sort,2,0.001397613,0.001396938,0.03826132686671092
128,100,1,BA,A,4,stage.result_sort,1,0.004771207,0.004770997,0.13061749609923434
128,100,1,BA,A,4,stage.schedule,10,0.007449187,0.003420326,0.20393040040286808
128,100,1,BA,A,4,stage.threshold,2,2.1782e-05,2.1236e-05,0.0005963082926466033
128,100,1,BA,A,5,stage.aggregate,1,7.9162e-05,7.8881e-05,0.0023819927821063062
128,100,1,BA,A,5,stage.alloc_init,1,0.002664487,0.002664103,0.08017468990192372
128,100,1,BA,A,5,stage.candidates,1,0.000533901,0.000533508,0.01606513640836941
128,100,1,BA,A,5,stage.cleanup,1,0.002045889,0.002045558,0.061561011987957465
128,100,1,BA,A,5,stage.delivery,1,5.4102e-05,5.3801e-05,0.0016279347855980822
128,100,1,BA,A,5,stage.leaf_distance,1,0.014889431,0.014889349,0.4480245215086769
128,100,1,BA,A,5,stage.node_plan,4,0.000110003,0.000108764,0.0033100016675935424
128,100,1,BA,A,5,stage.node_prune,4,6.487e-05,6.3718e-05,0.0019519450212884474
128,100,1,BA,A,5,stage.output_alloc,1,8.317e-06,8.024e-06,0.00025025939173818433
128,100,1,BA,A,5,stage.pivot_distance,2,0.0001367,0.000136125,0.004113317163714055
128,100,1,BA,A,5,stage.pivot_sort,2,0.001109365,0.001108818,0.033380907793150276
128,100,1,BA,A,5,stage.result_sort,1,0.004798881,0.004798697,0.14439882651003122
128,100,1,BA,A,5,stage.schedule,10,0.006705772,0.005283666,0.20177737427617504
128,100,1,BA,A,5,stage.threshold,2,2.0669e-05,2.0119e-05,0.0006219323515494208
128,100,1,BA,A,6,stage.aggregate,1,7.9119e-05,7.885e-05,0.002961220508358012
128,100,1,BA,A,6,stage.alloc_init,1,0.001588686,0.001588329,0.05946042751477214
128,100,1,BA,A,6,stage.candidates,1,0.000127574,0.00012729,0.004774766429470356
128,100,1,BA,A,6,stage.cleanup,1,0.00207343,0.002073104,0.07760314764651667
128,100,1,BA,A,6,stage.delivery,1,5.5465e-05,5.5177e-05,0.002075912176545168
128,100,1,BA,A,6,stage.leaf_distance,1,0.014914059,0.014913805,0.5581948378222853
128,100,1,BA,A,6,stage.node_plan,4,8.6024e-05,8.4891e-05,0.003219656884073227
128,100,1,BA,A,6,stage.node_prune,4,5.4921e-05,5.3807e-05,0.0020555516568653595
128,100,1,BA,A,6,stage.output_alloc,1,9.327e-06,9.03e-06,0.0003490856012014204
128,100,1,BA,A,6,stage.pivot_distance,2,0.000136162,0.000135608,0.0050961931629449776
128,100,1,BA,A,6,stage.pivot_sort,2,0.001780628,0.001779997,0.06664432249341512
128,100,1,BA,A,6,stage.result_sort,1,0.005657833,0.005657657,0.21175812526023757
128,100,1,BA,A,6,stage.schedule,10,0.000123781,0.000121079,0.0046328042030999265
128,100,1,BA,A,6,stage.threshold,2,2.0185e-05,1.9644e-05,0.0007554725914281839
128,100,1,BA,A,7,stage.aggregate,1,7.8638e-05,7.8361e-05,0.002892749681473086
128,100,1,BA,A,7,stage.alloc_init,1,0.001601605,0.001601316,0.05891607560715814
128,100,1,BA,A,7,stage.candidates,1,0.000134158,0.000133806,0.004935088783629622
128,100,1,BA,A,7,stage.cleanup,1,0.002391502,0.002391202,0.08797294754116645
128,100,1,BA,A,7,stage.delivery,1,5.5597e-05,5.5327e-05,0.0020451715969487926
128,100,1,BA,A,7,stage.leaf_distance,1,0.014932503,0.014932464,0.5493017789980149
128,100,1,BA,A,7,stage.node_plan,4,9.3285e-05,9.2169e-05,0.003431549047994822
128,100,1,BA,A,7,stage.node_prune,4,6.0073e-05,5.8968e-05,0.0022098241513661674
128,100,1,BA,A,7,stage.output_alloc,1,8.088e-06,7.765e-06,0.00029752231012683837
128,100,1,BA,A,7,stage.pivot_distance,2,0.000138744,0.000138179,0.005103787759178791
128,100,1,BA,A,7,stage.pivot_sort,2,0.00176084,0.001760165,0.0647736380518969
128,100,1,BA,A,7,stage.result_sort,1,0.005769825,0.005769636,0.21224674369777266
128,100,1,BA,A,7,stage.schedule,10,0.000128571,0.000125884,0.0047295673757811255
128,100,1,BA,A,7,stage.threshold,2,2.0467e-05,1.9917e-05,0.0007528918300403068
128,100,2,AB,A,0,stage.aggregate,1,0.000823374,0.000822954,0.024677256163312372
128,100,2,AB,A,0,stage.alloc_init,1,0.004767886,0.004767517,0.14289781336242188
128,100,2,AB,A,0,stage.candidates,1,0.000159549,0.000159234,0.004781826416185507
128,100,2,AB,A,0,stage.cleanup,1,0.001322592,0.001322146,0.03963926670449593
128,100,2,AB,A,0,stage.delivery,1,5.7379e-05,5.7103e-05,0.0017197000165109666
128,100,2,AB,A,0,stage.leaf_distance,1,0.01489358,0.014893428,0.44637393073959813
128,100,2,AB,A,0,stage.node_plan,4,9.8317e-05,9.7153e-05,0.002946648539070195
128,100,2,AB,A,0,stage.node_prune,4,9.9954e-05,9.8728e-05,0.002995710895106871
128,100,2,AB,A,0,stage.output_alloc,1,8.26e-06,7.93e-06,0.0002475595973506088
128,100,2,AB,A,0,stage.pivot_distance,2,0.001186319,0.000747786,0.035555042853435456
128,100,2,AB,A,0,stage.pivot_sort,2,0.001153638,0.001153021,0.034575564015540156
128,100,2,AB,A,0,stage.result_sort,1,0.004831011,0.004830596,0.144789726144838
128,100,2,AB,A,0,stage.schedule,10,0.003907927,0.003181058,0.11712407198493617
128,100,2,AB,A,0,stage.threshold,2,4.1267e-05,4.0654e-05,0.0012368089471994643
128,100,2,AB,A,1,stage.aggregate,1,0.000823736,0.000823296,0.025264450061861003
128,100,2,AB,A,1,stage.alloc_init,1,0.002652843,0.002652342,0.0813641985969504
128,100,2,AB,A,1,stage.candidates,1,0.000161312,0.000160871,0.004947530481099432
128,100,2,AB,A,1,stage.cleanup,1,0.001788618,0.001788187,0.054857927953550295
128,100,2,AB,A,1,stage.delivery,1,5.4197e-05,5.3877e-05,0.001662252712037207
128,100,2,AB,A,1,stage.leaf_distance,1,0.014877716,0.014877543,0.4563079832817194
128,100,2,AB,A,1,stage.node_plan,4,0.000102929,0.000101706,0.0031568907761919973
128,100,2,AB,A,1,stage.node_prune,4,6.3316e-05,6.2163e-05,0.0019419376112210602
128,100,2,AB,A,1,stage.output_alloc,1,8.606e-06,8.276e-06,0.00026395089838537563
128,100,2,AB,A,1,stage.pivot_distance,2,0.00013914,0.000138586,0.004267502672709873
128,100,2,AB,A,1,stage.pivot_sort,2,0.001271788,0.001271193,0.0390064588840042
128,100,2,AB,A,1,stage.result_sort,1,0.004816167,0.004815918,0.14771457197583074
128,100,2,AB,A,1,stage.schedule,10,0.005808945,0.005054516,0.17816363600060842
128,100,2,AB,A,1,stage.threshold,2,2.1823e-05,2.1264e-05,0.0006693237805558974
128,100,2,AB,A,2,stage.aggregate,1,0.000823102,0.000822676,0.02523115448697028
128,100,2,AB,A,2,stage.alloc_init,1,0.002665082,0.002664664,0.08169473001212939
128,100,2,AB,A,2,stage.candidates,1,0.000159096,0.000158615,0.004876887377577777
128,100,2,AB,A,2,stage.cleanup,1,0.001823275,0.001822853,0.05589019732333384
128,100,2,AB,A,2,stage.delivery,1,5.5033e-05,5.4738e-05,0.0016869672590777754
128,100,2,AB,A,2,stage.leaf_distance,1,0.01488777,0.014887632,0.45636582687987814
128,100,2,AB,A,2,stage.node_plan,4,0.000101604,0.000100393,0.0031145425724808445
128,100,2,AB,A,2,stage.node_prune,4,6.4659e-05,6.3503e-05,0.001982040157809131
128,100,2,AB,A,2,stage.output_alloc,1,8.915e-06,8.591e-06,0.0002732780897766498
128,100,2,AB,A,2,stage.pivot_distance,2,0.0001397,0.00013914,0.004282327441592595
128,100,2,AB,A,2,stage.pivot_sort,2,0.001303915,0.001303302,0.039969871052284944
128,100,2,AB,A,2,stage.result_sort,1,0.00481169,0.004811217,0.14749629296661898
128,100,2,AB,A,2,stage.schedule,10,0.005744221,0.005033123,0.17608185553953082
128,100,2,AB,A,2,stage.threshold,2,2.1046e-05,2.0483e-05,0.0006451386065551736
128,100,2,AB,A,3,stage.aggregate,1,0.000824643,0.000824206,0.02551199132550901
128,100,2,AB,A,3,stage.alloc_init,1,0.002671443,0.002670923,0.08264646718954961
128,100,2,AB,A,3,stage.candidates,1,0.000156876,0.000156444,0.004853274873103332
128,100,2,AB,A,3,stage.cleanup,1,0.001755075,0.001754648,0.05429677833391871
128,100,2,AB,A,3,stage.delivery,1,5.5399e-05,5.5088e-05,0.0017138795908555261
128,100,2,AB,A,3,stage.leaf_distance,1,0.014898735,0.014898513,0.46092236044089074
128,100,2,AB,A,3,stage.node_plan,4,9.8675e-05,9.7422e-05,0.0030527097714339434
128,100,2,AB,A,3,stage.node_prune,4,6.3081e-05,6.1813e-05,0.0019515377257848959
128,100,2,AB,A,3,stage.output_alloc,1,8.647e-06,8.325e-06,0.00026751235260794845
128,100,2,AB,A,3,stage.pivot_distance,2,0.0001377,0.000137135,0.004260026709160923
128,100,2,AB,A,3,stage.pivot_sort,2,0.001269855,0.001269246,0.03928552081889284
128,100,2,AB,A,3,stage.result_sort,1,0.004817605,0.004817404,0.14904230918073497
128,100,2,AB,A,3,stage.schedule,10,0.005533659,0.005530406,0.1711948811865557
128,100,2,AB,A,3,stage.threshold,2,1.9133e-05,1.8555e-05,0.0005919178723774578
128,100,2,AB,A,4,stage.aggregate,1,0.000825137,0.000824729,0.025293838009474323
128,100,2,AB,A,4,stage.alloc_init,1,0.002655807,0.002655358,0.08141139234142691
128,100,2,AB,A,4,stage.candidates,1,0.000160353,0.000159909,0.004915478043443981
128,100,2,AB,A,4,stage.cleanup,1,0.001820245,0.001819817,0.05579798526493854
128,100,2,AB,A,4,stage.delivery,1,5.3358e-05,5.3071e-05,0.001635641849183264
128,100,2,AB,A,4,stage.leaf_distance,1,0.014881985,0.014881819,0.45619396275942875
128,100,2,AB,A,4,stage.node_plan,4,0.000100711,9.9516e-05,0.0030872057849450074
128,100,2,AB,A,4,stage.node_prune,4,6.4146e-05,6.3009e-05,0.0019663383570919014
128,100,2,AB,A,4,stage.output_alloc,1,8.173e-06,7.857e-06,0.0002505360177175834
128,100,2,AB,A,4,stage.pivot_distance,2,0.000140518,0.000139961,0.004307453828170732
128,100,2,AB,A,4,stage.pivot_sort,2,0.001305307,0.001304666,0.04001302063855202
128,100,2,AB,A,4,stage.result_sort,1,0.004807323,0.004797215,0.14736419433526812
128,100,2,AB,A,4,stage.schedule,10,0.005764433,0.005055656,0.1767035468273367
128,100,2,AB,A,4,stage.threshold,2,2.1995e-05,2.1405e-05,0.0006742370867121311
128,100,2,AB,A,5,stage.aggregate,1,0.000824889,0.000824468,0.02432264697145835
128,100,2,AB,A,5,stage.alloc_init,1,0.004771599,0.004771195,0.14069519410049558
128,100,2,AB,A,5,stage.candidates,1,0.000154359,0.00015407,0.004551423844744371
128,100,2,AB,A,5,stage.cleanup,1,0.001580064,0.001579635,0.04658970948128823
128,100,2,AB,A,5,stage.delivery,1,5.4969e-05,5.467e-05,0.0016208139293578823
128,100,2,AB,A,5,stage.leaf_distance,1,0.014879468,0.014879306,0.4387354508147296
128,100,2,AB,A,5,stage.node_plan,4,0.000102369,0.000101182,0.003018448600746549
128,100,2,AB,A,5,stage.node_prune,4,0.000102435,0.000101306,0.003020394674339622
128,100,2,AB,A,5,stage.output_alloc,1,8.707e-06,8.393e-06,0.00025673428446795613
128,100,2,AB,A,5,stage.pivot_distance,2,0.000226215,0.000225663,0.006670167240257114
128,100,2,AB,A,5,stage.pivot_sort,2,0.001186175,0.001185569,0.03497551279186607
128,100,2,AB,A,5,stage.result_sort,1,0.004820584,0.004820367,0.14213956402408154
128,100,2,AB,A,5,stage.schedule,10,0.005130696,0.003854364,0.15128351514673305
128,100,2,AB,A,5,stage.threshold,2,5.9118e-05,5.8393e-05,0.0017431511920496876
128,100,2,AB,A,6,stage.aggregate,1,0.000833056,0.000832629,0.02362160606142407
128,100,2,AB,A,6,stage.alloc_init,1,0.003688178,0.003687707,0.10457962946117776
128,100,2,AB,A,6,stage.candidates,1,0.000585331,0.000584843,0.01659727352967797
128,100,2,AB,A,6,stage.cleanup,1,0.001514104,0.001513668,0.042932969961234815
128,100,2,AB,A,6,stage.delivery,1,5.6707e-05,5.6436e-05,0.0016079476228791037
128,100,2,AB,A,6,stage.leaf_distance,1,0.014884741,0.014884621,0.42206224819019056
128,100,2,AB,A,6,stage.node_plan,4,9.4979e-05,9.3804e-05,0.0026931641115459184
128,100,2,AB,A,6,stage.node_prune,4,0.001720235,0.001718777,0.04877788948530931
128,100,2,AB,A,6,stage.output_alloc,1,9.403e-06,9.097e-06,0.0002666254871167971
128,100,2,AB,A,6,stage.pivot_distance,2,0.002029298,0.000665139,0.05754148333033523
128,100,2,AB,A,6,stage.pivot_sort,2,0.001144845,0.001143983,0.03246249662854723
128,100,2,AB,A,6,stage.result_sort,1,0.004807408,0.004777898,0.1363158034424319
128,100,2,AB,A,6,stage.schedule,10,0.003459012,0.002309815,0.09808154412877237
128,100,2,AB,A,6,stage.threshold,2,0.000426017,0.000425373,0.012079867079127572
128,100,2,AB,A,7,stage.aggregate,1,8.6442e-05,8.6171e-05,0.0026181461071030803
128,100,2,AB,A,7,stage.alloc_init,1,0.003692624,0.003692162,0.11184180318127074
128,100,2,AB,A,7,stage.candidates,1,0.000134507,0.000134223,0.004073933717731126
128,100,2,AB,A,7,stage.cleanup,1,0.001968293,0.001967862,0.059615449151896566
128,100,2,AB,A,7,stage.delivery,1,5.3266e-05,5.298e-05,0.001613314945754988
128,100,2,AB,A,7,stage.leaf_distance,1,0.014892329,0.014892169,0.45105727767807674
128,100,2,AB,A,7,stage.node_plan,4,9.5653e-05,9.4461e-05,0.002897127895961812
128,100,2,AB,A,7,stage.node_prune,4,0.002172147,0.002170831,0.06578975743395149
128,100,2,AB,A,7,stage.output_alloc,1,8.605e-06,8.299e-06,0.00026062732527731895
128,100,2,AB,A,7,stage.pivot_distance,2,0.001272929,0.000609744,0.0385543382379933
128,100,2,AB,A,7,stage.pivot_sort,2,0.001128099,0.001127318,0.03416774259361049
128,100,2,AB,A,7,stage.result_sort,1,0.00484692,0.004846558,0.14680299772610608
128,100,2,AB,A,7,stage.schedule,10,0.002630555,0.001904605,0.07967397020858545
128,100,2,AB,A,7,stage.threshold,2,2.0761e-05,2.0187e-05,0.0006288069610787239
128,100,2,AB,B,0,stage.aggregate,1,0.000827359,0.000826933,0.03430781791340823
128,100,2,AB,B,0,stage.alloc_init,1,0.004724455,0.004724036,0.19590738951300593
128,100,2,AB,B,0,stage.candidates,1,0.000166773,0.0001665,0.006915520006276394
128,100,2,AB,B,0,stage.cleanup,1,0.001641071,0.001640629,0.06804974025903479
128,100,2,AB,B,0,stage.delivery,1,5.3103e-05,5.2759e-05,0.0022020042746325567
128,100,2,AB,B,0,stage.leaf_distance,1,0.005484487,0.005484144,0.22742338131869547
128,100,2,AB,B,0,stage.node_plan,4,0.000100379,9.9051e-05,0.004162382296355034
128,100,2,AB,B,0,stage.node_prune,4,0.000110195,0.000109081,0.004569419073181074
128,100,2,AB,B,0,stage.output_alloc,1,8.133e-06,7.847e-06,0.0003372483807993255
128,100,2,AB,B,0,stage.pivot_distance,2,0.000860773,0.000245322,0.035693385034523274
128,100,2,AB,B,0,stage.pivot_sort,2,0.001333999,0.001333261,0.05531648871731457
128,100,2,AB,B,0,stage.result_sort,1,0.004802272,0.004802026,0.1991342009292928
128,100,2,AB,B,0,stage.schedule,10,0.003944354,0.003190091,0.16355920322136266
128,100,2,AB,B,0,stage.threshold,2,4.4804e-05,4.424e-05,0.001857872427558463
128,100,2,AB,B,1,stage.aggregate,1,0.000822798,0.000822495,0.03638461622140508
128,100,2,AB,B,1,stage.alloc_init,1,0.002645128,0.002644647,0.11696913110689719
128,100,2,AB,B,1,stage.candidates,1,0.000158637,0.00015836,0.0070150223548368345
128,100,2,AB,B,1,stage.cleanup,1,0.001317586,0.001317123,0.05826443543700427
128,100,2,AB,B,1,stage.delivery,1,5.4012e-05,5.373e-05,0.002388442717836615
128,100,2,AB,B,1,stage.leaf_distance,1,0.005485899,0.005485565,0.24258971186656983
128,100,2,AB,B,1,stage.node_plan,4,0.000100753,9.9606e-05,0.004455357497411548
128,100,2,AB,B,1,stage.node_prune,4,6.2541e-05,6.14e-05,0.002765600163227056
128,100,2,AB,B,1,stage.output_alloc,1,8.487e-06,8.184e-06,0.0003753001804465555
128,100,2,AB,B,1,stage.pivot_distance,2,0.000139331,0.00013875,0.0061612995689641825
128,100,2,AB,B,1,stage.pivot_sort,2,0.001189912,0.00118927,0.05261861533115609
128,100,2,AB,B,1,stage.result_sort,1,0.004820614,0.004820153,0.2131704140524557
128,100,2,AB,B,1,stage.schedule,10,0.005774837,0.005020576,0.25536672182743547
128,100,2,AB,B,1,stage.threshold,2,2.0429e-05,1.986e-05,0.0009033825128246355
128,100,2,AB,B,2,stage.aggregate,1,0.000823945,0.000823507,0.034327078319415706
128,100,2,AB,B,2,stage.alloc_init,1,0.00266727,0.002666777,0.11112341987514691
128,100,2,AB,B,2,stage.candidates,1,0.00015965,0.000159374,0.006651315383544676
128,100,2,AB,B,2,stage.cleanup,1,0.002660202,0.00263579,0.11082895387370066
128,100,2,AB,B,2,stage.delivery,1,5.4426e-05,5.4152e-05,0.002267488199591622
128,100,2,AB,B,2,stage.leaf_distance,1,0.00548681,0.005486445,0.22859069063317733
128,100,2,AB,B,2,stage.node_plan,4,0.000104588,0.00010347,0.004357330243245665
128,100,2,AB,B,2,stage.node_prune,4,6.2681e-05,6.1587e-05,0.002611406824653704
128,100,2,AB,B,2,stage.output_alloc,1,7.728e-06,7.425e-06,0.00032196282670863294
128,100,2,AB,B,2,stage.pivot_distance,2,0.000139501,0.000138966,0.00581187063776928
128,100,2,AB,B,2,stage.pivot_sort,2,0.001233924,0.001233302,0.05140756456827422
128,100,2,AB,B,2,stage.result_sort,1,0.004800966,0.004800592,0.20001715635248948
128,100,2,AB,B,2,stage.schedule,10,0.005767736,0.005055204,0.24029458932054137
128,100,2,AB,B,2,stage.threshold,2,2.0979e-05,2.0421e-05,0.0008740240866356639
128,100,2,AB,B,3,stage.aggregate,1,8.3316e-05,8.3036e-05,0.003331939093292335
128,100,2,AB,B,3,stage.alloc_init,1,0.004733492,0.00274464,0.18929985888168566
128,100,2,AB,B,3,stage.candidates,1,0.000542291,0.000541843,0.021687077906291635
128,100,2,AB,B,3,stage.cleanup,1,0.002375334,0.002374926,0.09499337719317366
128,100,2,AB,B,3,stage.delivery,1,5.3402e-05,5.3095e-05,0.0021356307487157005
128,100,2,AB,B,3,stage.leaf_distance,1,0.005484524,0.005484173,0.21933482072711186
128,100,2,AB,B,3,stage.node_plan,4,9.2872e-05,9.1704e-05,0.003714098702197006
128,100,2,AB,B,3,stage.node_prune,4,5.8581e-05,5.7467e-05,0.002342747179703278
128,100,2,AB,B,3,stage.output_alloc,1,8.35e-06,8.047e-06,0.00033392975453683563
128,100,2,AB,B,3,stage.pivot_distance,2,0.000137529,0.000136968,0.005500003019364847
128,100,2,AB,B,3,stage.pivot_sort,2,0.001129836,0.001129293,0.045183935107410804
128,100,2,AB,B,3,stage.result_sort,1,0.004807365,0.004806919,0.1922541574154461
128,100,2,AB,B,3,stage.schedule,10,0.005465788,0.003294273,0.21858553834615352
128,100,2,AB,B,3,stage.threshold,2,2.0999e-05,2.0448e-05,0.0008397833431759296
128,100,2,AB,B,4,stage.aggregate,1,8.4392e-05,8.4074e-05,0.004852519728598834
128,100,2,AB,B,4,stage.alloc_init,1,0.001583864,0.00158345,0.09107179954755738
128,100,2,AB,B,4,stage.candidates,1,0.000130069,0.000129788,0.007478936256743787
128,100,2,AB,B,4,stage.cleanup,1,0.002334059,0.002333608,0.13420783184678245
128,100,2,AB,B,4,stage.delivery,1,5.3067e-05,5.2785e-05,0.0030513397530281816
128,100,2,AB,B,4,stage.leaf_distance,1,0.005482642,0.005482305,0.3152505980406267
128,100,2,AB,B,4,stage.node_plan,4,9.1489e-05,9.031e-05,0.005260595523862199
128,100,2,AB,B,4,stage.node_prune,4,6.3826e-05,6.268e-05,0.003669979668659934
128,100,2,AB,B,4,stage.output_alloc,1,7.719e-06,7.427e-06,0.00044384064585570196
128,100,2,AB,B,4,stage.pivot_distance,2,0.000136601,0.000136031,0.007854524687723118
128,100,2,AB,B,4,stage.pivot_sort,2,0.001771866,0.001771197,0.10188186938849063
128,100,2,AB,B,4,stage.result_sort,1,0.005505093,0.005504848,0.3165415251477787
128,100,2,AB,B,4,stage.schedule,10,0.0001167,0.000113959,0.0067102219680477285
128,100,2,AB,B,4,stage.threshold,2,1.8686e-05,1.8124e-05,0.0010744405115247632
128,100,2,AB,B,5,stage.aggregate,1,8.4471e-05,8.4191e-05,0.0048527645465022565
128,100,2,AB,B,5,stage.alloc_init,1,0.001616699,0.00161637,0.09287755075192257
128,100,2,AB,B,5,stage.candidates,1,0.000133003,0.000132726,0.00764087370788128
128,100,2,AB,B,5,stage.cleanup,1,0.002324663,0.002324254,0.1335492913421834
128,100,2,AB,B,5,stage.delivery,1,5.3408e-05,5.3067e-05,0.0030682299120359945
128,100,2,AB,B,5,stage.leaf_distance,1,0.005483562,0.005483231,0.3150245085549716
128,100,2,AB,B,5,stage.node_plan,4,9.7262e-05,9.6093e-05,0.005587593201476276
128,100,2,AB,B,5,stage.node_prune,4,6.213e-05,6.1034e-05,0.0035692990644621845
128,100,2,AB,B,5,stage.output_alloc,1,8.222e-06,7.905e-06,0.0004723447112185431
128,100,2,AB,B,5,stage.pivot_distance,2,0.000138967,0.000138406,0.007983498842606091
128,100,2,AB,B,5,stage.pivot_sort,2,0.001757443,0.001756867,0.10096313625858064
128,100,2,AB,B,5,stage.result_sort,1,0.005485101,0.005484821,0.3151129223850087
128,100,2,AB,B,5,stage.schedule,10,0.000128981,0.000126343,0.0074098143028069685
128,100,2,AB,B,5,stage.threshold,2,2.1618e-05,2.1025e-05,0.0012419299400538146
128,100,2,AB,B,6,stage.aggregate,1,8.5511e-05,8.5228e-05,0.004941981092274279
128,100,2,AB,B,6,stage.alloc_init,1,0.001606166,0.001605822,0.09282597564119013
128,100,2,AB,B,6,stage.candidates,1,0.000133117,0.000132835,0.007693299073338813
128,100,2,AB,B,6,stage.cleanup,1,0.002221696,0.002221216,0.12839961671342162
128,100,2,AB,B,6,stage.delivery,1,5.3077e-05,5.2781e-05,0.003067506290823893
128,100,2,AB,B,6,stage.leaf_distance,1,0.00548266,0.005482308,0.31686218212123
128,100,2,AB,B,6,stage.node_plan,4,9.0164e-05,8.8998e-05,0.005210894308379251
128,100,2,AB,B,6,stage.node_prune,4,6.0638e-05,5.9497e-05,0.0035044830428053435
128,100,2,AB,B,6,stage.output_alloc,1,7.926e-06,7.637e-06,0.0004580713842355479
128,100,2,AB,B,6,stage.pivot_distance,2,0.00013612,0.000135575,0.007866852992952658
128,100,2,AB,B,6,stage.pivot_sort,2,0.00177993,0.001779317,0.10286840763845304
128,100,2,AB,B,6,stage.result_sort,1,0.005496921,0.005496723,0.31768637541047845
128,100,2,AB,B,6,stage.schedule,10,0.000117937,0.000115183,0.006815993545620466
128,100,2,AB,B,6,stage.threshold,2,2.0487e-05,1.9928e-05,0.0011840157013416185
128,100,2,AB,B,7,stage.aggregate,1,0.000824472,0.00082406,0.04628262404276761
128,100,2,AB,B,7,stage.alloc_init,1,0.00160894,0.001608457,0.09031958044344807
128,100,2,AB,B,7,stage.candidates,1,0.000131442,0.000131166,0.007378638291451329
128,100,2,AB,B,7,stage.cleanup,1,0.001717215,0.00171672,0.09639771422874419
128,100,2,AB,B,7,stage.delivery,1,5.3186e-05,5.2893e-05,0.002985653414959681
128,100,2,AB,B,7,stage.leaf_distance,1,0.005485177,0.005484844,0.3079163208684296
128,100,2,AB,B,7,stage.node_plan,4,9.3086e-05,9.193e-05,0.005225482904992608
128,100,2,AB,B,7,stage.node_prune,4,6.2644e-05,6.15e-05,0.0035165884354291404
128,100,2,AB,B,7,stage.output_alloc,1,7.429e-06,7.151e-06,0.0004170349193347022
128,100,2,AB,B,7,stage.pivot_distance,2,0.000139275,0.000138713,0.007818352186073583
128,100,2,AB,B,7,stage.pivot_sort,2,0.00176313,0.001762582,0.09897520222460539
128,100,2,AB,B,7,stage.result_sort,1,0.005773019,0.005754054,0.32407464167219047
128,100,2,AB,B,7,stage.schedule,10,0.000123594,0.000120831,0.0069380823556674095
128,100,2,AB,B,7,stage.threshold,2,2.0356e-05,1.9801e-05,0.0011427059924589038
128,100,3,BA,B,0,stage.aggregate,1,0.00082351,0.000823105,0.03462012992964064
128,100,3,BA,B,0,stage.alloc_init,1,0.004775041,0.004774658,0.2007413872804959
128,100,3,BA,B,0,stage.candidates,1,0.000155465,0.000155194,0.006535705091026924
128,100,3,BA,B,0,stage.cleanup,1,0.00172205,0.001721575,0.07239450006112574
128,100,3,BA,B,0,stage.delivery,1,5.3441e-05,5.3139e-05,0.0022466446838167423
128,100,3,BA,B,0,stage.leaf_distance,1,0.005486609,0.005486252,0.23065550685861216
128,100,3,BA,B,0,stage.node_plan,4,0.000101522,0.000100412,0.004267956467701639
128,100,3,BA,B,0,stage.node_prune,4,0.000112547,0.000111441,0.004731444382206974
128,100,3,BA,B,0,stage.output_alloc,1,8.738e-06,8.424e-06,0.0003673430745530715
128,100,3,BA,B,0,stage.pivot_distance,2,0.001238585,0.000568922,0.05206976676531427
128,100,3,BA,B,0,stage.pivot_sort,2,0.001340021,0.001339469,0.056334107817084166
128,100,3,BA,B,0,stage.result_sort,1,0.004801457,0.004801228,0.2018519085276227
128,100,3,BA,B,0,stage.schedule,10,0.00313262,0.003129767,0.13169446809412255
128,100,3,BA,B,0,stage.threshold,2,2.2403e-05,2.1852e-05,0.000941815850218867
128,100,3,BA,B,1,stage.aggregate,1,0.000823121,0.000822701,0.03463804752946042
128,100,3,BA,B,1,stage.alloc_init,1,0.002672383,0.002671898,0.11245749940886215
128,100,3,BA,B,1,stage.candidates,1,0.000148649,0.00014838,0.006255351433394072
128,100,3,BA,B,1,stage.cleanup,1,0.001800427,0.001800056,0.07576440887709564
128,100,3,BA,B,1,stage.delivery,1,5.3782e-05,5.3494e-05,0.002263219468619365
128,100,3,BA,B,1,stage.leaf_distance,1,0.005483998,0.005483677,0.23077407012512852
128,100,3,BA,B,1,stage.node_plan,4,0.000100625,9.9519e-05,0.004234436410505813
128,100,3,BA,B,1,stage.node_prune,4,6.2602e-05,6.1443e-05,0.0026343770252967437
128,100,3,BA,B,1,stage.output_alloc,1,8.52e-06,8.227e-06,0.00035853314998767226
128,100,3,BA,B,1,stage.pivot_distance,2,0.000139692,0.000139125,0.00587842873099506
128,100,3,BA,B,1,stage.pivot_sort,2,0.001399675,0.001399051,0.058900221444717744
128,100,3,BA,B,1,stage.result_sort,1,0.004809831,0.004809602,0.20240420884253
128,100,3,BA,B,1,stage.schedule,10,0.006228168,0.005509826,0.26208975254605876
128,100,3,BA,B,1,stage.threshold,2,1.9327e-05,1.8771e-05,0.0008133063603065425
128,100,3,BA,B,2,stage.aggregate,1,0.000840881,0.000840433,0.0363620898421208
128,100,3,BA,B,2,stage.alloc_init,1,0.002663347,0.002662893,0.11517071130723953
128,100,3,BA,B,2,stage.candidates,1,0.000160815,0.000160536,0.006954098710710142
128,100,3,BA,B,2,stage.cleanup,1,0.0016462,0.001645761,0.07118637749943126
128,100,3,BA,B,2,stage.delivery,1,5.3917e-05,5.3646e-05,0.002331524672358665
128,100,3,BA,B,2,stage.leaf_distance,1,0.005479925,0.00543578,0.23696756756078896
128,100,3,BA,B,2,stage.node_plan,4,0.000100945,9.9828e-05,0.004365149360150703
128,100,3,BA,B,2,stage.node_prune,4,6.3747e-05,6.2661e-05,0.0027566018748974874
128,100,3,BA,B,2,stage.output_alloc,1,8.351e-06,8.005e-06,0.0003611210293389323
128,100,3,BA,B,2,stage.pivot_distance,2,0.000139824,0.000139237,0.006046388074037465
128,100,3,BA,B,2,stage.pivot_sort,2,0.001341288,0.001340513,0.05800111402226773
128,100,3,BA,B,2,stage.result_sort,1,0.004804799,0.004804546,0.20777319610186476
128,100,3,BA,B,2,stage.schedule,10,0.005788186,0.005034241,0.2502976513381867
128,100,3,BA,B,2,stage.threshold,2,2.111e-05,2.0552e-05,0.0009128565356657719
128,100,3,BA,B,3,stage.aggregate,1,0.000826601,0.000826187,0.03401736019102046
128,100,3,BA,B,3,stage.alloc_init,1,0.002665781,0.002665516,0.10970568928343748
128,100,3,BA,B,3,stage.candidates,1,0.000526362,0.000525882,0.021661534095489737
128,100,3,BA,B,3,stage.cleanup,1,0.001592524,0.001592082,0.06553762035231589
128,100,3,BA,B,3,stage.delivery,1,5.3803e-05,5.3525e-05,0.0022141710817643262
128,100,3,BA,B,3,stage.leaf_distance,1,0.005483852,0.005483543,0.22567861485559287
128,100,3,BA,B,3,stage.node_plan,4,0.000102039,0.000100932,0.004199241733958145
128,100,3,BA,B,3,stage.node_prune,4,6.3456e-05,6.2356e-05,0.002611423901351915
128,100,3,BA,B,3,stage.output_alloc,1,8.521e-06,8.219e-06,0.0003506672822651864
128,100,3,BA,B,3,stage.pivot_distance,2,0.000138266,0.00013773,0.005690102388179587
128,100,3,BA,B,3,stage.pivot_sort,2,0.001292309,0.001291734,0.05318278193602168
128,100,3,BA,B,3,stage.result_sort,1,0.00480388,0.004803651,0.19769552211337676
128,100,3,BA,B,3,stage.schedule,10,0.006707444,0.005277614,0.27603346537095774
128,100,3,BA,B,3,stage.threshold,2,2.1818e-05,2.1279e-05,0.0008978827325973285
128,100,3,BA,B,4,stage.aggregate,1,8.4633e-05,8.4363e-05,0.003804114851878736
128,100,3,BA,B,4,stage.alloc_init,1,0.002684834,0.002684399,0.12067889468917556
128,100,3,BA,B,4,stage.candidates,1,0.000133871,0.000133591,0.006017282376092757
128,100,3,BA,B,4,stage.cleanup,1,0.002508713,0.002508266,0.11276254395331915
128,100,3,BA,B,4,stage.delivery,1,5.3705e-05,5.3411e-05,0.002413951864168203
128,100,3,BA,B,4,stage.leaf_distance,1,0.005485601,0.005485203,0.24656878800917897
128,100,3,BA,B,4,stage.node_plan,4,9.5535e-05,9.4398e-05,0.004294141911243074
128,100,3,BA,B,4,stage.node_prune,4,6.4542e-05,6.3477e-05,0.002901057279902135
128,100,3,BA,B,4,stage.output_alloc,1,7.777e-06,7.493e-06,0.00034956342328714486
128,100,3,BA,B,4,stage.pivot_distance,2,0.000139961,0.000139418,0.00629101791007999
128,100,3,BA,B,4,stage.pivot_sort,2,0.001200858,0.001200282,0.05397660194956335
128,100,3,BA,B,4,stage.result_sort,1,0.004779802,0.004779447,0.2148442779676921
128,100,3,BA,B,4,stage.schedule,10,0.004975886,0.004973034,0.22365793288499136
128,100,3,BA,B,4,stage.threshold,2,2.0748e-05,2.0211e-05,0.0009325886468254701
128,100,3,BA,B,5,stage.aggregate,1,8.3262e-05,8.2987e-05,0.004842959778864809
128,100,3,BA,B,5,stage.alloc_init,1,0.001598482,0.001598043,0.09297619602266795
128,100,3,BA,B,5,stage.candidates,1,0.000132823,0.000131639,0.007725690551610106
128,100,3,BA,B,5,stage.cleanup,1,0.001983412,0.001982981,0.1153657675880691
128,100,3,BA,B,5,stage.delivery,1,5.2394e-05,5.2119e-05,0.003047513087048628
128,100,3,BA,B,5,stage.leaf_distance,1,0.005484994,0.00548469,0.319036359075146
128,100,3,BA,B,5,stage.node_plan,4,9.5419e-05,9.4262e-05,0.005550075414228595
128,100,3,BA,B,5,stage.node_prune,4,6.294e-05,6.1868e-05,0.003660924413078609
128,100,3,BA,B,5,stage.output_alloc,1,7.797e-06,7.506e-06,0.00045351489750196876
128,100,3,BA,B,5,stage.pivot_distance,2,0.000141562,0.00014086,0.00823399716816387
128,100,3,BA,B,5,stage.pivot_sort,2,0.001760415,0.001759815,0.10239507865665362
128,100,3,BA,B,5,stage.result_sort,1,0.005630139,0.00562997,0.32747876253775
128,100,3,BA,B,5,stage.schedule,10,0.000126943,0.000124163,0.0073836785473377475
128,100,3,BA,B,5,stage.threshold,2,2.1236e-05,2.0707e-05,0.001235198456246224
128,100,3,BA,B,6,stage.aggregate,1,8.3209e-05,8.2933e-05,0.0047429348032712905
128,100,3,BA,B,6,stage.alloc_init,1,0.001604706,0.001604393,0.09146866248144143
128,100,3,BA,B,6,stage.candidates,1,0.000131881,0.000131588,0.007517251556805407
128,100,3,BA,B,6,stage.cleanup,1,0.002434368,0.002433932,0.13875961387794503
128,100,3,BA,B,6,stage.delivery,1,4.6614e-05,4.6333e-05,0.002657010214275955
128,100,3,BA,B,6,stage.leaf_distance,1,0.005485069,0.005484722,0.3126503702537521
128,100,3,BA,B,6,stage.node_plan,4,9.2908e-05,9.1757e-05,0.005295780344702245
128,100,3,BA,B,6,stage.node_prune,4,6.4052e-05,6.2973e-05,0.0036509807835586622
128,100,3,BA,B,6,stage.output_alloc,1,8.554e-06,8.222e-06,0.00048758024140636977
128,100,3,BA,B,6,stage.pivot_distance,2,0.000139825,0.000139127,0.007970061638373351
128,100,3,BA,B,6,stage.pivot_sort,2,0.001759224,0.001758659,0.10027622896982458
128,100,3,BA,B,6,stage.result_sort,1,0.005534396,0.005534144,0.31546202217891595
128,100,3,BA,B,6,stage.schedule,10,0.000126687,0.000124072,0.007221192195820525
128,100,3,BA,B,6,stage.threshold,2,2.1048e-05,2.0496e-05,0.0011997415152117455
128,100,3,BA,B,7,stage.aggregate,1,0.000825787,0.000825537,0.04497219010607134
128,100,3,BA,B,7,stage.alloc_init,1,0.001635957,0.001635537,0.08909388160549651
128,100,3,BA,B,7,stage.candidates,1,0.000133716,0.000133434,0.007282145846596562
128,100,3,BA,B,7,stage.cleanup,1,0.001313386,0.001312969,0.07152673131770373
128,100,3,BA,B,7,stage.delivery,1,4.8541e-05,4.8255e-05,0.0026435328722041024
128,100,3,BA,B,7,stage.leaf_distance,1,0.006511589,0.006511151,0.3546197971154825
128,100,3,BA,B,7,stage.node_plan,4,9.2002e-05,9.0882e-05,0.005010409989668977
128,100,3,BA,B,7,stage.node_prune,4,6.3255e-05,6.2165e-05,0.0034448542846515417
128,100,3,BA,B,7,stage.output_alloc,1,7.183e-06,6.871e-06,0.0003911847020259588
128,100,3,BA,B,7,stage.pivot_distance,2,0.000141772,0.000141058,0.007720873948994045
128,100,3,BA,B,7,stage.pivot_sort,2,0.00177286,0.001756041,0.09654959081633598
128,100,3,BA,B,7,stage.result_sort,1,0.005661338,0.00566097,0.3083153026031237
128,100,3,BA,B,7,stage.schedule,10,0.000123925,0.000121279,0.006748930001192669
128,100,3,BA,B,7,stage.threshold,2,2.0632e-05,2.01e-05,0.0011236144747597916
128,100,3,BA,A,0,stage.aggregate,1,0.000820595,0.000820182,0.025134732451455994
128,100,3,BA,A,0,stage.alloc_init,1,0.004767483,0.004767243,0.14602746747404602
128,100,3,BA,A,0,stage.candidates,1,0.000160657,0.000160382,0.004920905820110488
128,100,3,BA,A,0,stage.cleanup,1,0.001498074,0.001497614,0.04588583793769459
128,100,3,BA,A,0,stage.delivery,1,5.7496e-05,5.7214e-05,0.0017610960059821397
128,100,3,BA,A,0,stage.leaf_distance,1,0.01488057,0.014880436,0.4557901835560325
128,100,3,BA,A,0,stage.node_plan,4,9.8399e-05,9.724e-05,0.0030139502903269197
128,100,3,BA,A,0,stage.node_prune,4,0.000119381,0.000118267,0.003656626587765302
128,100,3,BA,A,0,stage.output_alloc,1,7.93e-06,7.622e-06,0.00024289500708637763
128,100,3,BA,A,0,stage.pivot_distance,2,0.001093308,0.000573315,0.033487900934122745
128,100,3,BA,A,0,stage.pivot_sort,2,0.001170254,0.001169577,0.03584474825004561
128,100,3,BA,A,0,stage.result_sort,1,0.004788868,0.004762369,0.1466824876161068
128,100,3,BA,A,0,stage.schedule,10,0.003150118,0.003147139,0.09648775963845216
128,100,3,BA,A,0,stage.threshold,2,2.0941e-05,2.039e-05,0.0006414204720549602
128,100,3,BA,A,1,stage.aggregate,1,0.000819869,0.000819453,0.025019048794055476
128,100,3,BA,A,1,stage.alloc_init,1,0.002639764,0.002639269,0.08055480121920827
128,100,3,BA,A,1,stage.candidates,1,0.000159531,0.000159247,0.00486823367289709
128,100,3,BA,A,1,stage.cleanup,1,0.001617928,0.001617489,0.049372545586268766
128,100,3,BA,A,1,stage.delivery,1,6.4036e-05,6.3581e-05,0.0019541168266834536
128,100,3,BA,A,1,stage.leaf_distance,1,0.014878586,0.014878401,0.4540335945383356
128,100,3,BA,A,1,stage.node_plan,4,0.000100201,9.9016e-05,0.0030577247196968698
128,100,3,BA,A,1,stage.node_prune,4,6.1124e-05,6.0025e-05,0.0018652544961302929
128,100,3,BA,A,1,stage.output_alloc,1,7.871e-06,7.561e-06,0.00024019072932140458
128,100,3,BA,A,1,stage.pivot_distance,2,0.00013931,0.000138748,0.004251171452390404
128,100,3,BA,A,1,stage.pivot_sort,2,0.00122373,0.001222887,0.03734323481037764
128,100,3,BA,A,1,stage.result_sort,1,0.004783306,0.004783094,0.14596693643850217
128,100,3,BA,A,1,stage.schedule,10,0.006240096,0.00552468,0.1904222092841544
128,100,3,BA,A,1,stage.threshold,2,2.1704e-05,2.1143e-05,0.0006623173153591367
128,100,3,BA,A,2,stage.aggregate,1,0.000820314,0.000819873,0.024875332076073488
128,100,3,BA,A,2,stage.alloc_init,1,0.002658197,0.002657709,0.08060758819015929
128,100,3,BA,A,2,stage.candidates,1,0.000532431,0.000531897,0.016145522242209547
128,100,3,BA,A,2,stage.cleanup,1,0.001449628,0.001449242,0.04395874980406802
128,100,3,BA,A,2,stage.delivery,1,6.232e-05,6.2033e-05,0.0018898015820538229
128,100,3,BA,A,2,stage.leaf_distance,1,0.01488656,0.014886414,0.4514224107724512
128,100,3,BA,A,2,stage.node_plan,4,0.000101033,9.9873e-05,0.0030637407451804223
128,100,3,BA,A,2,stage.node_prune,4,6.0141e-05,5.9034e-05,0.0018237252398314982
128,100,3,BA,A,2,stage.output_alloc,1,7.2e-06,6.909e-06,0.0002183339440113531
128,100,3,BA,A,2,stage.pivot_distance,2,0.000137194,0.000136643,0.004160292654818552
128,100,3,BA,A,2,stage.pivot_sort,2,0.00112546,0.001124851,0.03412862786486354
128,100,3,BA,A,2,stage.result_sort,1,0.004790174,0.004789947,0.1452579974889777
128,100,3,BA,A,2,stage.schedule,10,0.006313846,0.005032332,0.19146206931393134
128,100,3,BA,A,2,stage.threshold,2,2.0894e-05,2.0322e-05,0.0006335929758573905
128,100,3,BA,A,3,stage.aggregate,1,7.8373e-05,7.8104e-05,0.002369827174034389
128,100,3,BA,A,3,stage.alloc_init,1,0.002630726,0.002630382,0.07954736914803302
128,100,3,BA,A,3,stage.candidates,1,0.00013557,0.000135129,0.004099338675102933
128,100,3,BA,A,3,stage.cleanup,1,0.002333707,0.002333257,0.07056616774698266
128,100,3,BA,A,3,stage.delivery,1,5.514e-05,5.4816e-05,0.001667312344509668
128,100,3,BA,A,3,stage.leaf_distance,1,0.014893105,0.014892934,0.4503347445516623
128,100,3,BA,A,3,stage.node_plan,4,0.000101266,0.000100135,0.003062061151235329
128,100,3,BA,A,3,stage.node_prune,4,6.3006e-05,6.1901e-05,0.0019051628868004377
128,100,3,BA,A,3,stage.output_alloc,1,8.003e-06,7.673e-06,0.00024199312102123454
128,100,3,BA,A,3,stage.pivot_distance,2,0.000140892,0.00014018,0.004260264251771058
128,100,3,BA,A,3,stage.pivot_sort,2,0.001116827,0.001116248,0.03377039252415123
128,100,3,BA,A,3,stage.result_sort,1,0.004771564,0.004771367,0.14428160246314706
128,100,3,BA,A,3,stage.schedule,10,0.006709903,0.005281256,0.20289271132322187
128,100,3,BA,A,3,stage.threshold,2,2.0474e-05,1.9922e-05,0.0006190887366973331
128,100,3,BA,A,4,stage.aggregate,1,7.9705e-05,7.9429e-05,0.002995277641624998
128,100,3,BA,A,4,stage.alloc_init,1,0.001581802,0.001581361,0.059443399586948185
128,100,3,BA,A,4,stage.candidates,1,0.000134489,0.000134199,0.005054035439991273
128,100,3,BA,A,4,stage.cleanup,1,0.001976311,0.001975868,0.07426886834198033
128,100,3,BA,A,4,stage.delivery,1,5.67e-05,5.6412e-05,0.0021307602067641603
128,100,3,BA,A,4,stage.leaf_distance,1,0.014909536,0.014909384,0.560293580425356
128,100,3,BA,A,4,stage.node_plan,4,9.2801e-05,9.1666e-05,0.003487419364160861
128,100,3,BA,A,4,stage.node_prune,4,6.1783e-05,6.0687e-05,0.002321777034471078
128,100,3,BA,A,4,stage.output_alloc,1,7.509e-06,7.192e-06,0.0002821848041021531
128,100,3,BA,A,4,stage.pivot_distance,2,0.000139094,0.000138544,0.005227089245143811
128,100,3,BA,A,4,stage.pivot_sort,2,0.001757473,0.001756911,0.06604503585295289
128,100,3,BA,A,4,stage.result_sort,1,0.005650698,0.005650403,0.21235066029703398
128,100,3,BA,A,4,stage.schedule,10,0.000128702,0.000126025,0.0048365626125389935
128,100,3,BA,A,4,stage.threshold,2,2.1996e-05,2.1426e-05,0.00082659967386216
128,100,3,BA,A,5,stage.aggregate,1,0.000819849,0.000819425,0.029800122842737087
128,100,3,BA,A,5,stage.alloc_init,1,0.001616607,0.001616137,0.0587609269370685
128,100,3,BA,A,5,stage.candidates,1,0.000134025,0.000133749,0.004871581796157387
128,100,3,BA,A,5,stage.cleanup,1,0.001720418,0.001720008,0.06253428099669092
128,100,3,BA,A,5,stage.delivery,1,5.5925e-05,5.5643e-05,0.0020327790483126423
128,100,3,BA,A,5,stage.leaf_distance,1,0.015425094,0.015412483,0.5606760465168181
128,100,3,BA,A,5,stage.node_plan,4,9.391e-05,9.2785e-05,0.003413469475673496
128,100,3,BA,A,5,stage.node_prune,4,6.3083e-05,6.1988e-05,0.0022929602271740085
128,100,3,BA,A,5,stage.output_alloc,1,6.855e-06,6.548e-06,0.00024916764195231407
128,100,3,BA,A,5,stage.pivot_distance,2,0.000138824,0.000138283,0.005046017319677323
128,100,3,BA,A,5,stage.pivot_sort,2,0.001762779,0.00176218,0.06407403161386699
128,100,3,BA,A,5,stage.result_sort,1,0.005518708,0.005518527,0.20059569058838383
128,100,3,BA,A,5,stage.schedule,10,0.00012417,0.000121462,0.00451336923431347
128,100,3,BA,A,5,stage.threshold,2,2.0318e-05,1.9762e-05,0.0007385248941192002
128,100,3,BA,A,6,stage.aggregate,1,8.0096e-05,7.984e-05,0.002193986768092536
128,100,3,BA,A,6,stage.alloc_init,1,0.00367278,0.003672369,0.10060465843631274
128,100,3,BA,A,6,stage.candidates,1,0.000131668,0.000131386,0.003606645148087395
128,100,3,BA,A,6,stage.cleanup,1,0.002380643,0.00238023,0.06521048793388083
128,100,3,BA,A,6,stage.delivery,1,5.4607e-05,5.4325e-05,0.0014957929914755932
128,100,3,BA,A,6,stage.leaf_distance,1,0.014884668,0.014884523,0.407720293640761
128,100,3,BA,A,6,stage.node_plan,4,9.8612e-05,9.7402e-05,0.002701176378035622
128,100,3,BA,A,6,stage.node_prune,4,0.002161556,0.002160278,0.059209264663541615
128,100,3,BA,A,6,stage.output_alloc,1,8.529e-06,8.216e-06,0.0002336260630376204
128,100,3,BA,A,6,stage.pivot_distance,2,0.0023515,0.001066989,0.06441220391991608
128,100,3,BA,A,6,stage.pivot_sort,2,0.001404313,0.001403658,0.038466891483474
128,100,3,BA,A,6,stage.result_sort,1,0.004756257,0.004756036,0.13028322167957826
128,100,3,BA,A,6,stage.schedule,10,0.004068358,0.001212669,0.11144031686805102
128,100,3,BA,A,6,stage.threshold,2,0.000441274,0.000440503,0.01208736162983502
128,100,3,BA,A,7,stage.aggregate,1,7.9595e-05,7.9332e-05,0.0029603082157097877
128,100,3,BA,A,7,stage.alloc_init,1,0.001603843,0.001603363,0.05965035001706933
128,100,3,BA,A,7,stage.candidates,1,0.000131964,0.000131685,0.004908023285104925
128,100,3,BA,A,7,stage.cleanup,1,0.002219707,0.00221927,0.08255564882930494
128,100,3,BA,A,7,stage.delivery,1,5.3884e-05,5.3599e-05,0.002004061158305248
128,100,3,BA,A,7,stage.leaf_distance,1,0.014905556,0.014905385,0.5543694941456414
128,100,3,BA,A,7,stage.node_plan,4,9.1776e-05,9.064e-05,0.0034133456474022424
128,100,3,BA,A,7,stage.node_prune,4,6.2324e-05,6.1241e-05,0.002317962802134516
128,100,3,BA,A,7,stage.output_alloc,1,7.819e-06,7.517e-06,0.0002908053261968067
128,100,3,BA,A,7,stage.pivot_distance,2,0.00013717,0.00013662,0.0051016455549834985
128,100,3,BA,A,7,stage.pivot_sort,2,0.001766206,0.00176565,0.06568897710202803
128,100,3,BA,A,7,stage.result_sort,1,0.005669261,0.005669093,0.2108519368717016
128,100,3,BA,A,7,stage.schedule,10,0.000126756,0.000124003,0.0047143266309505605
128,100,3,BA,A,7,stage.threshold,2,2.026e-05,1.9714e-05,0.0007535127137418217
128,100,4,AB,A,0,stage.aggregate,1,0.000822035,0.000821751,0.024699147446971055
128,100,4,AB,A,0,stage.alloc_init,1,0.004718945,0.004718589,0.14178705085446097
128,100,4,AB,A,0,stage.candidates,1,0.00016191,0.000161636,0.004864803765215695
128,100,4,AB,A,0,stage.cleanup,1,0.001366193,0.001365764,0.041049106604973906
128,100,4,AB,A,0,stage.delivery,1,5.7194e-05,5.6918e-05,0.0017184706722731544
128,100,4,AB,A,0,stage.leaf_distance,1,0.014888392,0.014888204,0.44734176678158993
128,100,4,AB,A,0,stage.node_plan,4,0.000100166,9.8803e-05,0.0030096222218923803
128,100,4,AB,A,0,stage.node_prune,4,0.000103208,0.000102006,0.00310102320425163
128,100,4,AB,A,0,stage.output_alloc,1,7.99e-06,7.663e-06,0.00024007029883313816
128,100,4,AB,A,0,stage.pivot_distance,2,0.000859335,0.00024283,0.02581987612612951
128,100,4,AB,A,0,stage.pivot_sort,2,0.00136126,0.00136068,0.0409008879836793
128,100,4,AB,A,0,stage.result_sort,1,0.00479759,0.004797197,0.14415004567945874
128,100,4,AB,A,0,stage.schedule,10,0.003980495,0.003225951,0.11959932717819928
128,100,4,AB,A,0,stage.threshold,2,4.291e-05,4.2333e-05,0.0012892886762115093
128,100,4,AB,A,1,stage.aggregate,1,0.000820069,0.000819358,0.025309877947519384
128,100,4,AB,A,1,stage.alloc_init,1,0.002611998,0.002611546,0.08061437583808768
128,100,4,AB,A,1,stage.candidates,1,0.000147991,0.000147718,0.004567462185903066
128,100,4,AB,A,1,stage.cleanup,1,0.001708315,0.001707904,0.05272390999527671
128,100,4,AB,A,1,stage.delivery,1,4.8937e-05,4.8668e-05,0.001510347906234422
128,100,4,AB,A,1,stage.leaf_distance,1,0.014890161,0.014890008,0.4595566440493583
128,100,4,AB,A,1,stage.node_plan,4,9.7484e-05,9.6389e-05,0.003008659200428232
128,100,4,AB,A,1,stage.node_prune,4,5.8353e-05,5.7212e-05,0.0018009549292457082
128,100,4,AB,A,1,stage.output_alloc,1,8.296e-06,7.962e-06,0.0002560403422792726
128,100,4,AB,A,1,stage.pivot_distance,2,0.000138987,0.000138429,0.0042895707633039135
128,100,4,AB,A,1,stage.pivot_sort,2,0.00125761,0.001256982,0.03881375299588187
128,100,4,AB,A,1,stage.result_sort,1,0.004800185,0.004799921,0.14814862709785803
128,100,4,AB,A,1,stage.schedule,10,0.005779272,0.005026193,0.17836629472095183
128,100,4,AB,A,1,stage.threshold,2,2.0057e-05,1.9499e-05,0.0006190213530732125
128,100,4,AB,A,2,stage.aggregate,1,0.000820803,0.000820375,0.02544415748573956
128,100,4,AB,A,2,stage.alloc_init,1,0.002625963,0.002625477,0.08140249989793545
128,100,4,AB,A,2,stage.candidates,1,0.000158268,0.000157993,0.004906166177454309
128,100,4,AB,A,2,stage.cleanup,1,0.001628875,0.001628425,0.050493665379614874
128,100,4,AB,A,2,stage.delivery,1,5.6304e-05,5.602e-05,0.001745373546486892
128,100,4,AB,A,2,stage.leaf_distance,1,0.014884624,0.014884451,0.461410006020956
128,100,4,AB,A,2,stage.node_plan,4,0.000100577,9.9404e-05,0.003117796873845768
128,100,4,AB,A,2,stage.node_prune,4,6.1524e-05,6.0411e-05,0.0019071888688913673
128,100,4,AB,A,2,stage.output_alloc,1,7.25e-06,6.945e-06,0.00022474350333954898
128,100,4,AB,A,2,stage.pivot_distance,2,0.000137305,0.00013677,0.0042563319622119684
128,100,4,AB,A,2,stage.pivot_sort,2,0.001222857,0.001222192,0.03790747120872977
128,100,4,AB,A,2,stage.result_sort,1,0.004782728,0.004782518,0.1482602822400213
128,100,4,AB,A,2,stage.schedule,10,0.005738404,0.005025997,0.17788538186726638
128,100,4,AB,A,2,stage.threshold,2,2.1133e-05,2.0582e-05,0.0006551040629068535
128,100,4,AB,A,3,stage.aggregate,1,0.000818343,0.000817947,0.0249541324576742
128,100,4,AB,A,3,stage.alloc_init,1,0.002613908,0.002613434,0.07970717225438996
128,100,4,AB,A,3,stage.candidates,1,0.000157204,0.000156834,0.00479369828895245
128,100,4,AB,A,3,stage.cleanup,1,0.0020742,0.001823845,0.06324959282807799
128,100,4,AB,A,3,stage.delivery,1,5.8579e-05,5.8303e-05,0.0017862780340738504
128,100,4,AB,A,3,stage.leaf_distance,1,0.014897296,0.014897159,0.45427051694116044
128,100,4,AB,A,3,stage.node_plan,4,9.9268e-05,9.8127e-05,0.003027027567668328
128,100,4,AB,A,3,stage.node_prune,4,6.1482e-05,6.0341e-05,0.001874800629763712
128,100,4,AB,A,3,stage.output_alloc,1,8.163e-06,7.839e-06,0.00024891834261672
128,100,4,AB,A,3,stage.pivot_distance,2,0.000138112,0.000137549,0.004211516615886369
128,100,4,AB,A,3,stage.pivot_sort,2,0.001193545,0.001192957,0.036395350145592684
128,100,4,AB,A,3,stage.result_sort,1,0.004812489,0.004812261,0.146749575614504
128,100,4,AB,A,3,stage.schedule,10,0.005827591,0.005072745,0.17770357627932304
128,100,4,AB,A,3,stage.threshold,2,2.0523e-05,1.9971e-05,0.0006258178544068289
128,100,4,AB,A,4,stage.aggregate,1,0.00082269,0.000822257,0.025325413353048835
128,100,4,AB,A,4,stage.alloc_init,1,0.002623818,0.002623302,0.08077073431446825
128,100,4,AB,A,4,stage.candidates,1,0.000159302,0.000158854,0.004903899400706688
128,100,4,AB,A,4,stage.cleanup,1,0.0017898,0.001789364,0.0550966036043793
128,100,4,AB,A,4,stage.delivery,1,5.6932e-05,5.6655e-05,0.0017525756153785462
128,100,4,AB,A,4,stage.leaf_distance,1,0.01489672,0.014896558,0.4585756379737564
128,100,4,AB,A,4,stage.node_plan,4,9.5698e-05,9.4529e-05,0.0029459351724951894
128,100,4,AB,A,4,stage.node_prune,4,5.9319e-05,5.8178e-05,0.0018260562237167144
128,100,4,AB,A,4,stage.output_alloc,1,8.526e-06,8.213e-06,0.00026246152772987924
128,100,4,AB,A,4,stage.pivot_distance,2,0.000134849,0.000134308,0.004151146440634117
128,100,4,AB,A,4,stage.pivot_sort,2,0.001285294,0.001284654,0.0395660599134468
128,100,4,AB,A,4,stage.result_sort,1,0.004784924,0.004784664,0.1472974974327193
128,100,4,AB,A,4,stage.schedule,10,0.005731293,0.005020201,0.17643020368843101
128,100,4,AB,A,4,stage.threshold,2,2.2363e-05,2.1823e-05,0.0006884151002373082
128,100,4,AB,A,5,stage.aggregate,1,0.000845119,0.000844696,0.022303063769309326
128,100,4,AB,A,5,stage.alloc_init,1,0.003655881,0.003655452,0.09648031469651772
128,100,4,AB,A,5,stage.candidates,1,0.000167206,0.000166893,0.004412640208788509
128,100,4,AB,A,5,stage.cleanup,1,0.00156501,0.001564587,0.04130130529500199
128,100,4,AB,A,5,stage.delivery,1,5.6433e-05,5.6152e-05,0.00148929180114686
128,100,4,AB,A,5,stage.leaf_distance,1,0.014877669,0.014877454,0.3926282576130421
128,100,4,AB,A,5,stage.node_plan,4,0.000101077,9.9967e-05,0.002667466684112508
128,100,4,AB,A,5,stage.node_prune,4,0.000736026,0.000734719,0.01942405130386332
128,100,4,AB,A,5,stage.output_alloc,1,8.395e-06,8.08e-06,0.0002215477587692997
128,100,4,AB,A,5,stage.pivot_distance,2,0.001457247,0.000241838,0.03845739211712754
128,100,4,AB,A,5,stage.pivot_sort,2,0.001350199,0.001349672,0.03563234810512802
128,100,4,AB,A,5,stage.result_sort,1,0.004792733,0.004792505,0.12648234121854224
128,100,4,AB,A,5,stage.schedule,10,0.007835903,0.003567703,0.20679294193968217
128,100,4,AB,A,5,stage.threshold,2,0.000429939,0.000429336,0.011346280149793204
128,100,4,AB,A,6,stage.aggregate,1,8.1127e-05,8.0821e-05,0.002403686401099817
128,100,4,AB,A,6,stage.alloc_init,1,0.003645528,0.003645101,0.10801220405572268
128,100,4,AB,A,6,stage.candidates,1,0.000133881,0.000133432,0.003966718097127277
128,100,4,AB,A,6,stage.cleanup,1,0.002336215,0.002335793,0.06921898043247511
128,100,4,AB,A,6,stage.delivery,1,5.6688e-05,5.6399e-05,0.0016795909463624492
128,100,4,AB,A,6,stage.leaf_distance,1,0.014894084,0.014893994,0.4412921366208336
128,100,4,AB,A,6,stage.node_plan,4,9.4728e-05,9.3586e-05,0.002806666158040892
128,100,4,AB,A,6,stage.node_prune,4,0.001726926,0.001725504,0.051166548028470205
128,100,4,AB,A,6,stage.output_alloc,1,8.717e-06,8.417e-06,0.0002582732550000259
128,100,4,AB,A,6,stage.pivot_distance,2,0.001277301,0.000609938,0.03784475013018104
128,100,4,AB,A,6,stage.pivot_sort,2,0.001307679,0.001307063,0.03874481035048513
128,100,4,AB,A,6,stage.result_sort,1,0.004771583,0.004771382,0.14137573395810357
128,100,4,AB,A,6,stage.schedule,10,0.002994048,0.002282807,0.0887097077648638
128,100,4,AB,A,6,stage.threshold,2,0.000409317,0.000408743,0.012127524826986993
128,100,4,AB,A,7,stage.aggregate,1,7.834e-05,7.8078e-05,0.0029444327950879615
128,100,4,AB,A,7,stage.alloc_init,1,0.001587867,0.001587438,0.05968046552256748
128,100,4,AB,A,7,stage.candidates,1,0.000131258,0.000130971,0.004933371966015518
128,100,4,AB,A,7,stage.cleanup,1,0.001996918,0.001996469,0.07505477212536969
128,100,4,AB,A,7,stage.delivery,1,5.9007e-05,5.8729e-05,0.0022177960931804358
128,100,4,AB,A,7,stage.leaf_distance,1,0.01491311,0.014844168,0.5605137881127679
128,100,4,AB,A,7,stage.node_plan,4,8.8577e-05,8.7437e-05,0.0033291935625543324
128,100,4,AB,A,7,stage.node_prune,4,5.8693e-05,5.7559e-05,0.002205994307404873
128,100,4,AB,A,7,stage.output_alloc,1,8.088e-06,7.739e-06,0.0003039899469832963
128,100,4,AB,A,7,stage.pivot_distance,2,0.000135428,0.000134894,0.005090102687939398
128,100,4,AB,A,7,stage.pivot_sort,2,0.001772593,0.001772011,0.0666234485772703
128,100,4,AB,A,7,stage.result_sort,1,0.005617819,0.005617558,0.21114744064932672
128,100,4,AB,A,7,stage.schedule,10,0.000128375,0.000125688,0.004825013531649439
128,100,4,AB,A,7,stage.threshold,2,1.8194e-05,1.7635e-05,0.0006838270394923458
128,100,4,AB,B,0,stage.aggregate,1,0.000824142,0.000823747,0.03406436617777982
128,100,4,AB,B,0,stage.alloc_init,1,0.004740251,0.00473991,0.19592939789330835
128,100,4,AB,B,0,stage.candidates,1,0.000148784,0.00014843,0.006149708008322342
128,100,4,AB,B,0,stage.cleanup,1,0.00170437,0.001703959,0.07044694213184449
128,100,4,AB,B,0,stage.delivery,1,5.317e-05,5.2889e-05,0.0021976823771541225
128,100,4,AB,B,0,stage.leaf_distance,1,0.005483848,0.005483475,0.22666458733481062
128,100,4,AB,B,0,stage.node_plan,4,9.8567e-05,9.739e-05,0.004074082356008094
128,100,4,AB,B,0,stage.node_prune,4,0.000100724,9.9586e-05,0.004163237911537932
128,100,4,AB,B,0,stage.output_alloc,1,7.904e-06,7.606e-06,0.00032669703797303333
128,100,4,AB,B,0,stage.pivot_distance,2,0.000857912,0.000241614,0.03546018588581996
128,100,4,AB,B,0,stage.pivot_sort,2,0.001358325,0.001357777,0.05614382010434217
128,100,4,AB,B,0,stage.result_sort,1,0.004805513,0.004805248,0.19862688044545868
128,100,4,AB,B,0,stage.schedule,10,0.003954089,0.003200071,0.16343486388939188
128,100,4,AB,B,0,stage.threshold,2,4.2913e-05,4.2355e-05,0.0017737284907055643
128,100,4,AB,B,1,stage.aggregate,1,0.000822816,0.000822384,0.036183540916311444
128,100,4,AB,B,1,stage.alloc_init,1,0.002630906,0.002630446,0.11569475423177147
128,100,4,AB,B,1,stage.candidates,1,0.000157004,0.00015672,0.006904290458650005
128,100,4,AB,B,1,stage.cleanup,1,0.001416495,0.001416047,0.06229072452437796
128,100,4,AB,B,1,stage.delivery,1,4.6749e-05,4.644e-05,0.002055799053854864
128,100,4,AB,B,1,stage.leaf_distance,1,0.005485364,0.005485019,0.24122026398959406
128,100,4,AB,B,1,stage.node_plan,4,9.8103e-05,9.6846e-05,0.004314104142983245
128,100,4,AB,B,1,stage.node_prune,4,6.3075e-05,6.1955e-05,0.00277373901734573
128,100,4,AB,B,1,stage.output_alloc,1,7.956e-06,7.654e-06,0.0003498671045898158
128,100,4,AB,B,1,stage.pivot_distance,2,0.000136494,0.000135944,0.006002358040960572
128,100,4,AB,B,1,stage.pivot_sort,2,0.00122931,0.001228703,0.05405921698633816
128,100,4,AB,B,1,stage.result_sort,1,0.004807974,0.004807714,0.21143186806474543
128,100,4,AB,B,1,stage.schedule,10,0.005805557,0.005051098,0.2553008318402636
128,100,4,AB,B,1,stage.threshold,2,2.0567e-05,1.9978e-05,0.0009044390070511238
128,100,4,AB,B,2,stage.aggregate,1,0.000823198,0.000822683,0.03574362242693707
128,100,4,AB,B,2,stage.alloc_init,1,0.002654464,0.002654059,0.11525800471077079
128,100,4,AB,B,2,stage.candidates,1,0.000157556,0.00015727,0.006841151430273759
128,100,4,AB,B,2,stage.cleanup,1,0.001639057,0.001638624,0.07116858221743518
128,100,4,AB,B,2,stage.delivery,1,4.7886e-05,4.76e-05,0.0020792313678316865
128,100,4,AB,B,2,stage.leaf_distance,1,0.005484209,0.005483867,0.23812678821669897
128,100,4,AB,B,2,stage.node_plan,4,0.000100652,9.9452e-05,0.004370354501002274
128,100,4,AB,B,2,stage.node_prune,4,6.2368e-05,6.1214e-05,0.0027080462337411063
128,100,4,AB,B,2,stage.output_alloc,1,8.028e-06,7.713e-06,0.00034857932215997953
128,100,4,AB,B,2,stage.pivot_distance,2,0.00013857,0.000138014,0.006016770885863025
128,100,4,AB,B,2,stage.pivot_sort,2,0.001329825,0.00132912,0.057741591565943544
128,100,4,AB,B,2,stage.result_sort,1,0.004812526,0.004812297,0.2089620143195413
128,100,4,AB,B,2,stage.schedule,10,0.005738356,0.00502592,0.2491619637260403
128,100,4,AB,B,2,stage.threshold,2,2.0896e-05,2.0337e-05,0.0009073135919101809
128,100,4,AB,B,3,stage.aggregate,1,0.000824027,0.000823593,0.03631051594759366
128,100,4,AB,B,3,stage.alloc_init,1,0.00268428,0.002683792,0.1182820365689555
128,100,4,AB,B,3,stage.candidates,1,0.000156479,0.000156135,0.006895202736031111
128,100,4,AB,B,3,stage.cleanup,1,0.00171456,0.001714135,0.07555159991493747
128,100,4,AB,B,3,stage.delivery,1,5.4043e-05,5.3766e-05,0.002381389460971308
128,100,4,AB,B,3,stage.leaf_distance,1,0.005481841,0.005481495,0.24155576826083705
128,100,4,AB,B,3,stage.node_plan,4,9.9749e-05,9.8589e-05,0.004395411382462613
128,100,4,AB,B,3,stage.node_prune,4,6.1446e-05,6.027e-05,0.002707600555462187
128,100,4,AB,B,3,stage.output_alloc,1,7.448e-06,7.134e-06,0.0003281940067226894
128,100,4,AB,B,3,stage.pivot_distance,2,0.000137737,0.000137174,0.006069341823840369
128,100,4,AB,B,3,stage.pivot_sort,2,0.001093198,0.001092594,0.04817145968867221
128,100,4,AB,B,3,stage.result_sort,1,0.004801842,0.004801582,0.2115918052670908
128,100,4,AB,B,3,stage.schedule,10,0.005544436,0.005032749,0.24431399917528476
128,100,4,AB,B,3,stage.threshold,2,2.1648e-05,2.1099e-05,0.0009539129776494065
128,100,4,AB,B,4,stage.aggregate,1,0.000823634,0.000823212,0.03635374779485397
128,100,4,AB,B,4,stage.alloc_init,1,0.002654123,0.002653674,0.11714829421626745
128,100,4,AB,B,4,stage.candidates,1,0.000158446,0.00015816,0.006993526157375039
128,100,4,AB,B,4,stage.cleanup,1,0.001378626,0.001378191,0.06085011292325032
128,100,4,AB,B,4,stage.delivery,1,5.3658e-05,5.3374e-05,0.002368369201825416
128,100,4,AB,B,4,stage.leaf_distance,1,0.005482436,0.005482097,0.24198502689960355
128,100,4,AB,B,4,stage.node_plan,4,0.000101474,0.000100307,0.004478882857840998
128,100,4,AB,B,4,stage.node_prune,4,6.2861e-05,6.1732e-05,0.002774573342203352
128,100,4,AB,B,4,stage.output_alloc,1,7.499e-06,7.19e-06,0.00033099259466414687
128,100,4,AB,B,4,stage.pivot_distance,2,0.000138455,0.000137867,0.006111158780400648
128,100,4,AB,B,4,stage.pivot_sort,2,0.001230736,0.001230132,0.05432250993286752
128,100,4,AB,B,4,stage.result_sort,1,0.004801388,0.004801156,0.21192477291762887
128,100,4,AB,B,4,stage.schedule,10,0.005729445,0.004934006,0.2528875672136982
128,100,4,AB,B,4,stage.threshold,2,2.0861e-05,2.0318e-05,0.0009207676379902344
128,100,4,AB,B,5,stage.aggregate,1,8.6483e-05,8.6201e-05,0.003645258359050804
128,100,4,AB,B,5,stage.alloc_init,1,0.002678701,0.002678263,0.11290724433296424
128,100,4,AB,B,5,stage.candidates,1,0.000132584,0.000132305,0.005588415460569034
128,100,4,AB,B,5,stage.cleanup,1,0.002110899,0.002110545,0.08897439063008894
128,100,4,AB,B,5,stage.delivery,1,5.2131e-05,5.1848e-05,0.002197321595176826
128,100,4,AB,B,5,stage.leaf_distance,1,0.005484987,0.00548463,0.2311921962817547
128,100,4,AB,B,5,stage.node_plan,4,0.000100438,9.9251e-05,0.004233461594375133
128,100,4,AB,B,5,stage.node_prune,4,6.1382e-05,6.0234e-05,0.0025872512354480817
128,100,4,AB,B,5,stage.output_alloc,1,7.82e-06,7.497e-06,0.00032961299177615584
128,100,4,AB,B,5,stage.pivot_distance,2,0.000139172,0.000138617,0.005866099653640813
128,100,4,AB,B,5,stage.pivot_sort,2,0.00141249,0.001411902,0.05953645201456552
128,100,4,AB,B,5,stage.result_sort,1,0.004790355,0.004790181,0.2019134582122592
128,100,4,AB,B,5,stage.schedule,10,0.0066328,0.005276568,0.2795725130246658
128,100,4,AB,B,5,stage.threshold,2,2.2003e-05,2.1459e-05,0.0009274264268607106
128,100,4,AB,B,6,stage.aggregate,1,8.5664e-05,8.54e-05,0.004936105882421409
128,100,4,AB,B,6,stage.alloc_init,1,0.001614432,0.00161415,0.09302632718492437
128,100,4,AB,B,6,stage.candidates,1,0.00013732,0.000137033,0.00791261276351919
128,100,4,AB,B,6,stage.cleanup,1,0.002091202,0.002090777,0.12049862828646124
128,100,4,AB,B,6,stage.delivery,1,5.3164e-05,5.2875e-05,0.003063400414795618
128,100,4,AB,B,6,stage.leaf_distance,1,0.005487712,0.005487363,0.31621133129709744
128,100,4,AB,B,6,stage.node_plan,4,0.000100015,9.8712e-05,0.005763034995218263
128,100,4,AB,B,6,stage.node_prune,4,6.2909e-05,6.1635e-05,0.003624923946549875
128,100,4,AB,B,6,stage.output_alloc,1,8.035e-06,7.722e-06,0.0004629904133037919
128,100,4,AB,B,6,stage.pivot_distance,2,0.000137515,0.000136975,0.007923848996324945
128,100,4,AB,B,6,stage.pivot_sort,2,0.001753946,0.001753355,0.10106536197293498
128,100,4,AB,B,6,stage.result_sort,1,0.005663291,0.005663109,0.32632849293710575
128,100,4,AB,B,6,stage.schedule,10,0.00012709,0.000124405,0.007323142704017288
128,100,4,AB,B,6,stage.threshold,2,2.103e-05,2.0476e-05,0.0012117844918206277
128,100,4,AB,B,7,stage.aggregate,1,0.000823895,0.000823471,0.04477371691329133
128,100,4,AB,B,7,stage.alloc_init,1,0.001613499,0.001613072,0.08768392509467668
128,100,4,AB,B,7,stage.candidates,1,0.000147888,0.000107034,0.008036819554521908
128,100,4,AB,B,7,stage.cleanup,1,0.001383103,0.001382636,0.0751632940895672
128,100,4,AB,B,7,stage.delivery,1,5.2745e-05,5.2458e-05,0.002866372169501637
128,100,4,AB,B,7,stage.leaf_distance,1,0.00651567,0.006515347,0.35408730976693015
128,100,4,AB,B,7,stage.node_plan,4,9.1024e-05,8.9891e-05,0.004946604613834809
128,100,4,AB,B,7,stage.node_prune,4,6.2071e-05,6.0987e-05,0.003373183940338157
128,100,4,AB,B,7,stage.output_alloc,1,6.425e-06,6.091e-06,0.0003491599429149307
128,100,4,AB,B,7,stage.pivot_distance,2,0.000138743,0.000138189,0.007539844040442992
128,100,4,AB,B,7,stage.pivot_sort,2,0.001766509,0.001765804,0.09599909441225078
128,100,4,AB,B,7,stage.result_sort,1,0.005644534,0.005644369,0.3067463298399043
128,100,4,AB,B,7,stage.schedule,10,0.000123681,0.000120882,0.006721315315122418
128,100,4,AB,B,7,stage.threshold,2,2.1081e-05,2.0526e-05,0.00114562502048088
128,100,5,BA,B,0,stage.aggregate,1,0.000820928,0.000820515,0.0334523283904983
128,100,5,BA,B,0,stage.alloc_init,1,0.00264174,0.002641245,0.10764933587636794
128,100,5,BA,B,0,stage.candidates,1,0.000535037,0.00053473,0.021802439952184647
128,100,5,BA,B,0,stage.cleanup,1,0.001789289,0.00178884,0.07291246395969721
128,100,5,BA,B,0,stage.delivery,1,5.5679e-05,5.5396e-05,0.0022688861781478458
128,100,5,BA,B,0,stage.leaf_distance,1,0.005488908,0.005488082,0.2236697407339416
128,100,5,BA,B,0,stage.node_plan,4,0.000100319,9.9177e-05,0.004087939663169484
128,100,5,BA,B,0,stage.node_prune,4,6.0776e-05,5.9611e-05,0.0024765859006647653
128,100,5,BA,B,0,stage.output_alloc,1,8.945e-06,8.61e-06,0.00036450343690677775
128,100,5,BA,B,0,stage.pivot_distance,2,0.000136775,0.000136225,0.00557350000927049
128,100,5,BA,B,0,stage.pivot_sort,2,0.001363027,0.001362446,0.05554254064804188
128,100,5,BA,B,0,stage.result_sort,1,0.004788273,0.004788015,0.19511928064258552
128,100,5,BA,B,0,stage.schedule,10,0.00671382,0.005287673,0.27358417716863753
128,100,5,BA,B,0,stage.threshold,2,2.2478e-05,2.1943e-05,0.0009159651486630018
128,100,5,BA,B,1,stage.aggregate,1,7.9929e-05,7.9645e-05,0.0034581033616793485
128,100,5,BA,B,1,stage.alloc_init,1,0.002628503,0.002628036,0.11372136596835006
128,100,5,BA,B,1,stage.candidates,1,0.000123103,0.000122824,0.005326013063253798
128,100,5,BA,B,1,stage.cleanup,1,0.002294243,0.002293879,0.0992597108785211
128,100,5,BA,B,1,stage.delivery,1,5.7033e-05,5.6587e-05,0.0024675150324245053
128,100,5,BA,B,1,stage.leaf_distance,1,0.005487239,0.005486912,0.23740369117889656
128,100,5,BA,B,1,stage.node_plan,4,9.4886e-05,9.3778e-05,0.004105213321526688
128,100,5,BA,B,1,stage.node_prune,4,5.6178e-05,5.5037e-05,0.002430523722959407
128,100,5,BA,B,1,stage.output_alloc,1,8.651e-06,8.304e-06,0.00037428282828370235
128,100,5,BA,B,1,stage.pivot_distance,2,0.000137162,0.000136625,0.005934271331990426
128,100,5,BA,B,1,stage.pivot_sort,2,0.001389196,0.001388592,0.06010313350137628
128,100,5,BA,B,1,stage.result_sort,1,0.00476395,0.004763713,0.20611081722369018
128,100,5,BA,B,1,stage.schedule,10,0.005960954,0.005240438,0.25789882353358556
128,100,5,BA,B,1,stage.threshold,2,1.8983e-05,1.8427e-05,0.0008212935995040483
128,100,5,BA,B,2,stage.aggregate,1,7.8319e-05,7.8049e-05,0.004549936569054214
128,100,5,BA,B,2,stage.alloc_init,1,0.001590339,0.0015899,0.09239062773136929
128,100,5,BA,B,2,stage.candidates,1,0.00013223,0.000131947,0.007681892165707412
128,100,5,BA,B,2,stage.cleanup,1,0.002164644,0.00216422,0.12575483464528137
128,100,5,BA,B,2,stage.delivery,1,5.4696e-05,5.4408e-05,0.0031775601141611786
128,100,5,BA,B,2,stage.leaf_distance,1,0.005488222,0.005487878,0.3188378551422753
128,100,5,BA,B,2,stage.node_plan,4,9.3407e-05,9.2292e-05,0.0054264728240356365
128,100,5,BA,B,2,stage.node_prune,4,6.2355e-05,6.1212e-05,0.0036225091582294915
128,100,5,BA,B,2,stage.output_alloc,1,8.135e-06,7.827e-06,0.00047260222920691064
128,100,5,BA,B,2,stage.pivot_distance,2,0.000140561,0.00014001,0.008165881000559629
128,100,5,BA,B,2,stage.pivot_sort,2,0.001758213,0.001757589,0.10214325546657284
128,100,5,BA,B,2,stage.result_sort,1,0.005480988,0.005480755,0.3184175964420808
128,100,5,BA,B,2,stage.schedule,10,0.000128012,0.000125353,0.007436847764626312
128,100,5,BA,B,2,stage.threshold,2,2.1122e-05,2.0564e-05,0.0012270810430618766
128,100,5,BA,B,3,stage.aggregate,1,7.8902e-05,7.8626e-05,0.00454123181445354
128,100,5,BA,B,3,stage.alloc_init,1,0.001594297,0.001593959,0.0917603135292874
128,100,5,BA,B,3,stage.candidates,1,0.000132429,0.000132112,0.007621996754914549
128,100,5,BA,B,3,stage.cleanup,1,0.002133458,0.002133024,0.12279191078046717
128,100,5,BA,B,3,stage.delivery,1,5.8279e-05,5.7999e-05,0.00335426793889303
128,100,5,BA,B,3,stage.leaf_distance,1,0.005487691,0.005487338,0.31584594759436213
128,100,5,BA,B,3,stage.node_plan,4,9.1724e-05,9.0586e-05,0.005279206445323775
128,100,5,BA,B,3,stage.node_prune,4,6.1856e-05,6.0553e-05,0.0035601434071992873
128,100,5,BA,B,3,stage.output_alloc,1,7.183e-06,6.867e-06,0.00041342004161136313
128,100,5,BA,B,3,stage.pivot_distance,2,0.000140026,0.00013949,0.008059244709268096
128,100,5,BA,B,3,stage.pivot_sort,2,0.001761463,0.001760935,0.10138161029609866
128,100,5,BA,B,3,stage.result_sort,1,0.005669574,0.005669384,0.32631428637041665
128,100,5,BA,B,3,stage.schedule,10,0.000125218,0.000122173,0.007206965163649126
128,100,5,BA,B,3,stage.threshold,2,2.1204e-05,2.0674e-05,0.00122040353088227
128,100,5,BA,B,4,stage.aggregate,1,7.863e-05,7.8363e-05,0.004578739914237866
128,100,5,BA,B,4,stage.alloc_init,1,0.001585491,0.001585049,0.09232546007077336
128,100,5,BA,B,4,stage.candidates,1,0.000132187,0.00013191,0.007697442363517243
128,100,5,BA,B,4,stage.cleanup,1,0.001996805,0.001996392,0.1162768759309391
128,100,5,BA,B,4,stage.delivery,1,5.4649e-05,5.4379e-05,0.003182291206577453
128,100,5,BA,B,4,stage.leaf_distance,1,0.005486471,0.005486135,0.3194852315402332
128,100,5,BA,B,4,stage.node_plan,4,9.2099e-05,9.0947e-05,0.005363059485710202
128,100,5,BA,B,4,stage.node_prune,4,6.303e-05,6.1784e-05,0.0036703290956939167
128,100,5,BA,B,4,stage.output_alloc,1,8.364e-06,8.077e-06,0.00048704795425010184
128,100,5,BA,B,4,stage.pivot_distance,2,0.000140561,0.00013984,0.008185072632394617
128,100,5,BA,B,4,stage.pivot_sort,2,0.001758172,0.001757653,0.10238092728596486
128,100,5,BA,B,4,stage.result_sort,1,0.005614944,0.00561473,0.32696640225118173
128,100,5,BA,B,4,stage.schedule,10,0.000128673,0.000125995,0.007492817003493945
128,100,5,BA,B,4,stage.threshold,2,2.095e-05,2.0406e-05,0.0012199491441343417
128,100,5,BA,B,5,stage.aggregate,1,7.9729e-05,7.9464e-05,0.004559204381694539
128,100,5,BA,B,5,stage.alloc_init,1,0.001612771,0.001612299,0.09222431749890107
128,100,5,BA,B,5,stage.candidates,1,0.000130796,0.000130521,0.00747940769742652
128,100,5,BA,B,5,stage.cleanup,1,0.002406079,0.002405652,0.137588655564515
128,100,5,BA,B,5,stage.delivery,1,5.4497e-05,5.4226e-05,0.003116343628908017
128,100,5,BA,B,5,stage.leaf_distance,1,0.005488281,0.005487959,0.31384056971956115
128,100,5,BA,B,5,stage.node_plan,4,9.3468e-05,9.233e-05,0.0053448521259294
128,100,5,BA,B,5,stage.node_prune,4,6.1238e-05,6.0126e-05,0.0035018193872519434
128,100,5,BA,B,5,stage.output_alloc,1,8.272e-06,7.963e-06,0.00047302410221346344
128,100,5,BA,B,5,stage.pivot_distance,2,0.000140181,0.000139472,0.008016077329833839
128,100,5,BA,B,5,stage.pivot_sort,2,0.001758111,0.001757521,0.10053540587120581
128,100,5,BA,B,5,stage.result_sort,1,0.005492327,0.005492089,0.31407193523183813
128,100,5,BA,B,5,stage.schedule,10,0.000128806,0.000126135,0.007365612005525553
128,100,5,BA,B,5,stage.threshold,2,2.1441e-05,2.089e-05,0.0012260771005269428
128,100,5,BA,B,6,stage.aggregate,1,7.7676e-05,7.7398e-05,0.004449544448128403
128,100,5,BA,B,6,stage.alloc_init,1,0.001597539,0.001597047,0.09151244641998302
128,100,5,BA,B,6,stage.candidates,1,0.000132656,0.000132376,0.007598985121671063
128,100,5,BA,B,6,stage.cleanup,1,0.002396147,0.002395736,0.1372594183628087
128,100,5,BA,B,6,stage.delivery,1,5.0835e-05,5.0552e-05,0.00291200103018445
128,100,5,BA,B,6,stage.leaf_distance,1,0.005491249,0.005490916,0.31455734720171796
128,100,5,BA,B,6,stage.node_plan,4,9.7794e-05,9.6607e-05,0.005601971648389065
128,100,5,BA,B,6,stage.node_prune,4,6.3447e-05,6.2337e-05,0.003634459119939271
128,100,5,BA,B,6,stage.output_alloc,1,9.013e-06,8.707e-06,0.000516295176257548
128,100,5,BA,B,6,stage.pivot_distance,2,0.000139466,0.000138773,0.007989084994112414
128,100,5,BA,B,6,stage.pivot_sort,2,0.001752587,0.001752033,0.10039412116628062
128,100,5,BA,B,6,stage.result_sort,1,0.005487326,0.005487078,0.31433262447050103
128,100,5,BA,B,6,stage.schedule,10,0.000128298,0.000125631,0.007349344116663806
128,100,5,BA,B,6,stage.threshold,2,2.1045e-05,2.05e-05,0.001205528900958626
128,100,5,BA,B,7,stage.aggregate,1,0.000820647,0.000820209,0.030964136520401635
128,100,5,BA,B,7,stage.alloc_init,1,0.002646723,0.002646326,0.09986448778060114
128,100,5,BA,B,7,stage.candidates,1,0.000581,0.000580566,0.021921926624179886
128,100,5,BA,B,7,stage.cleanup,1,0.001777047,0.001776614,0.06705041986526504
128,100,5,BA,B,7,stage.delivery,1,5.611e-05,5.5814e-05,0.002117107233877338
128,100,5,BA,B,7,stage.leaf_distance,1,0.005483983,0.005483352,0.20691819782142837
128,100,5,BA,B,7,stage.node_plan,4,9.4078e-05,9.2932e-05,0.0035496919327875995
128,100,5,BA,B,7,stage.node_prune,4,0.002070545,0.002069226,0.0781245018279906
128,100,5,BA,B,7,stage.output_alloc,1,8.017e-06,7.723e-06,0.00030249240231678163
128,100,5,BA,B,7,stage.pivot_distance,2,0.001941727,0.000650978,0.07326402206228733
128,100,5,BA,B,7,stage.pivot_sort,2,0.001347543,0.001346972,0.05084464504118286
128,100,5,BA,B,7,stage.result_sort,1,0.004794812,0.004794574,0.1809148310511828
128,100,5,BA,B,7,stage.schedule,10,0.004427434,0.003013055,0.1670531553896717
128,100,5,BA,B,7,stage.threshold,2,0.000440117,0.000439456,0.01660621786584196
128,100,5,BA,A,0,stage.aggregate,1,0.000825144,0.000824713,0.023659120389857197
128,100,5,BA,A,0,stage.alloc_init,1,0.00475832,0.004757898,0.13643396271858646
128,100,5,BA,A,0,stage.candidates,1,0.000655278,0.000654988,0.018788600645250824
128,100,5,BA,A,0,stage.cleanup,1,0.001539343,0.00153892,0.044137146193008674
128,100,5,BA,A,0,stage.delivery,1,5.1088e-05,5.0775e-05,0.0014648317657003195
128,100,5,BA,A,0,stage.leaf_distance,1,0.01488883,0.01488867,0.4269032089357949
128,100,5,BA,A,0,stage.node_plan,4,9.7939e-05,9.6777e-05,0.0028081772295044547
128,100,5,BA,A,0,stage.node_prune,4,0.000608079,0.000606772,0.01743527707593338
128,100,5,BA,A,0,stage.output_alloc,1,8.235e-06,7.911e-06,0.0002361198244312193
128,100,5,BA,A,0,stage.pivot_distance,2,0.001374386,0.000758055,0.03940738081611728
128,100,5,BA,A,0,stage.pivot_sort,2,0.001315442,0.001314854,0.0377172961857258
128,100,5,BA,A,0,stage.result_sort,1,0.004808384,0.004808165,0.1378694336220867
128,100,5,BA,A,0,stage.schedule,10,0.003891598,0.003164202,0.11158268810162528
128,100,5,BA,A,0,stage.threshold,2,4.0154e-05,3.9605e-05,0.0011513242781070042
128,100,5,BA,A,1,stage.aggregate,1,0.000823295,0.000822899,0.026134176336259533
128,100,5,BA,A,1,stage.alloc_init,1,0.002645169,0.002644706,0.0839666378214459
128,100,5,BA,A,1,stage.candidates,1,0.000156987,0.0001567,0.004983299959917618
128,100,5,BA,A,1,stage.cleanup,1,0.001551633,0.001551177,0.04925409534997709
128,100,5,BA,A,1,stage.delivery,1,5.5202e-05,5.4923e-05,0.0017522987533195255
128,100,5,BA,A,1,stage.leaf_distance,1,0.014887153,0.014886973,0.472568741030706
128,100,5,BA,A,1,stage.node_plan,4,9.8856e-05,9.7493e-05,0.0031380248099372307
128,100,5,BA,A,1,stage.node_prune,4,6.1429e-05,6.0336e-05,0.001949964858477322
128,100,5,BA,A,1,stage.output_alloc,1,8.68e-06,8.376e-06,0.0002755326469840491
128,100,5,BA,A,1,stage.pivot_distance,2,0.000142541,0.000141985,0.004524734911722735
128,100,5,BA,A,1,stage.pivot_sort,2,0.001180086,0.001179461,0.037459933093181866
128,100,5,BA,A,1,stage.result_sort,1,0.004796509,0.004796345,0.1522574678632275
128,100,5,BA,A,1,stage.schedule,10,0.005060353,0.005057443,0.1606327715165523
128,100,5,BA,A,1,stage.threshold,2,2.1875e-05,2.1316e-05,0.0006943867111493173
128,100,5,BA,A,2,stage.aggregate,1,0.000822792,0.000822357,0.02616863508472687
128,100,5,BA,A,2,stage.alloc_init,1,0.002645296,0.002644804,0.08413278898565815
128,100,5,BA,A,2,stage.candidates,1,0.000150061,0.000149761,0.004772641869936993
128,100,5,BA,A,2,stage.cleanup,1,0.001548062,0.001547643,0.04923561430657134
128,100,5,BA,A,2,stage.delivery,1,5.5485e-05,5.5177e-05,0.001764682590103052
128,100,5,BA,A,2,stage.leaf_distance,1,0.014895134,0.014894987,0.4737349490322075
128,100,5,BA,A,2,stage.node_plan,4,9.3932e-05,9.249e-05,0.002987477066838963
128,100,5,BA,A,2,stage.node_prune,4,6.1368e-05,6.0256e-05,0.0019517895140928915
128,100,5,BA,A,2,stage.output_alloc,1,8.469e-06,8.159e-06,0.0002693538227553888
128,100,5,BA,A,2,stage.pivot_distance,2,0.000137208,0.000136675,0.004363856336358647
128,100,5,BA,A,2,stage.pivot_sort,2,0.00116711,0.001166448,0.03711955839839908
128,100,5,BA,A,2,stage.result_sort,1,0.004805114,0.004804905,0.15282510623160198
128,100,5,BA,A,2,stage.schedule,10,0.005019215,0.005015993,0.15963451971675388
128,100,5,BA,A,2,stage.threshold,2,2.0624e-05,2.0065e-05,0.0006559396906963205
128,100,5,BA,A,3,stage.aggregate,1,0.000823993,0.000823737,0.025705615788872746
128,100,5,BA,A,3,stage.alloc_init,1,0.002655988,0.002655248,0.08285726586009413
128,100,5,BA,A,3,stage.candidates,1,0.00015639,0.000156086,0.004878805102982439
128,100,5,BA,A,3,stage.cleanup,1,0.001371496,0.001371037,0.04278573875260568
128,100,5,BA,A,3,stage.delivery,1,5.577e-05,5.5488e-05,0.0017398232661508448
128,100,5,BA,A,3,stage.leaf_distance,1,0.014879287,0.014879124,0.4641801991453434
128,100,5,BA,A,3,stage.node_plan,4,9.9731e-05,9.8588e-05,0.003111248236623452
128,100,5,BA,A,3,stage.node_prune,4,6.2624e-05,6.1461e-05,0.0019536433964394925
128,100,5,BA,A,3,stage.output_alloc,1,8.382e-06,8.091e-06,0.00026148823053391394
128,100,5,BA,A,3,stage.pivot_distance,2,0.0001396,0.000138906,0.004355017535496825
128,100,5,BA,A,3,stage.pivot_sort,2,0.001131814,0.001131248,0.0353085230438453
128,100,5,BA,A,3,stage.result_sort,1,0.004855369,0.004855008,0.15147003679303497
128,100,5,BA,A,3,stage.schedule,10,0.005781719,0.005027324,0.18036882256672757
128,100,5,BA,A,3,stage.threshold,2,2.0543e-05,1.9947e-05,0.0006408676592529461
128,100,5,BA,A,4,stage.aggregate,1,0.000864576,0.000854517,0.026363372739223147
128,100,5,BA,A,4,stage.alloc_init,1,0.002661301,0.002660818,0.08115061051228267
128,100,5,BA,A,4,stage.candidates,1,0.000158087,0.000157808,0.004820520701737696
128,100,5,BA,A,4,stage.cleanup,1,0.001893995,0.001893574,0.05775327576896068
128,100,5,BA,A,4,stage.delivery,1,5.5112e-05,5.48e-05,0.0016805210859474078
128,100,5,BA,A,4,stage.leaf_distance,1,0.014888075,0.014887905,0.4539796045628258
128,100,5,BA,A,4,stage.node_plan,4,9.6827e-05,9.5363e-05,0.0029525296702901304
128,100,5,BA,A,4,stage.node_prune,4,5.9787e-05,5.8669e-05,0.001823075086470055
128,100,5,BA,A,4,stage.output_alloc,1,8.222e-06,7.903e-06,0.00025071208391384066
128,100,5,BA,A,4,stage.pivot_distance,2,0.000137701,0.000137152,0.004198893780955944
128,100,5,BA,A,4,stage.pivot_sort,2,0.001312772,0.001312141,0.0400301391174581
128,100,5,BA,A,4,stage.result_sort,1,0.004801783,0.00480156,0.14641997353831834
128,100,5,BA,A,4,stage.schedule,10,0.005821902,0.005067395,0.17752629320872743
128,100,5,BA,A,4,stage.threshold,2,2.206e-05,2.1519e-05,0.0006726719254608763
128,100,5,BA,A,5,stage.aggregate,1,0.000820392,0.000819967,0.01969819166003951
128,100,5,BA,A,5,stage.alloc_init,1,0.004775478,0.004775088,0.11466260142992882
128,100,5,BA,A,5,stage.candidates,1,0.000559836,0.000559408,0.013442057974955728
128,100,5,BA,A,5,stage.cleanup,1,0.003678088,0.0036777,0.08831349204586515
128,100,5,BA,A,5,stage.delivery,1,5.4182e-05,5.3894e-05,0.0013009481083729006
128,100,5,BA,A,5,stage.leaf_distance,1,0.014878986,0.014878834,0.35725496827741454
128,100,5,BA,A,5,stage.node_plan,4,9.5492e-05,9.4175e-05,0.0022928304005895876
128,100,5,BA,A,5,stage.node_prune,4,0.000111396,0.0001103,0.0026746966793456802
128,100,5,BA,A,5,stage.output_alloc,1,7.759e-06,7.455e-06,0.0001862990729922361
128,100,5,BA,A,5,stage.pivot_distance,2,0.001519828,0.000239144,0.03649214428504243
128,100,5,BA,A,5,stage.pivot_sort,2,0.002003835,0.001189307,0.04811349438450798
128,100,5,BA,A,5,stage.result_sort,1,0.005167262,0.005166896,0.12406961212888361
128,100,5,BA,A,5,stage.schedule,10,0.007520949,0.003199,0.1805833002605858
128,100,5,BA,A,5,stage.threshold,2,0.000442858,0.000442322,0.010633333531021485
128,100,5,BA,A,6,stage.aggregate,1,8.7157e-05,8.6891e-05,0.002606313422488708
128,100,5,BA,A,6,stage.alloc_init,1,0.00576,0.003494237,0.17224509005054048
128,100,5,BA,A,6,stage.candidates,1,0.000127682,0.000127401,0.003818159303443248
128,100,5,BA,A,6,stage.cleanup,1,0.002195043,0.002194605,0.06563982277774454
128,100,5,BA,A,6,stage.delivery,1,5.4189e-05,5.3897e-05,0.0016204495112411004
128,100,5,BA,A,6,stage.leaf_distance,1,0.014887416,0.014887262,0.445188248184003
128,100,5,BA,A,6,stage.node_plan,4,9.3884e-05,9.2762e-05,0.002807475353177941
128,100,5,BA,A,6,stage.node_prune,4,0.001207678,0.00120658,0.03611399407327372
128,100,5,BA,A,6,stage.output_alloc,1,9.105e-06,8.793e-06,0.0002722728376580158
128,100,5,BA,A,6,stage.pivot_distance,2,0.001266468,0.000596619,0.03787203033092498
128,100,5,BA,A,6,stage.pivot_sort,2,0.001234068,0.001233371,0.03690315169939069
128,100,5,BA,A,6,stage.result_sort,1,0.004782917,0.004782722,0.14302673079327446
128,100,5,BA,A,6,stage.schedule,10,0.001700104,0.001222575,0.05083933447487571
128,100,5,BA,A,6,stage.threshold,2,2.2205e-05,2.1607e-05,0.0006640108028771269
128,100,5,BA,A,7,stage.aggregate,1,8.5548e-05,8.5242e-05,0.003191964017534534
128,100,5,BA,A,7,stage.alloc_init,1,0.00160504,0.00160467,0.05988719697367126
128,100,5,BA,A,7,stage.candidates,1,0.000129829,0.000129546,0.004844175158185943
128,100,5,BA,A,7,stage.cleanup,1,0.002309868,0.002309447,0.08618571493494248
128,100,5,BA,A,7,stage.delivery,1,5.4497e-05,5.4201e-05,0.0020333901793563786
128,100,5,BA,A,7,stage.leaf_distance,1,0.014909255,0.014909099,0.556293606960383
128,100,5,BA,A,7,stage.node_plan,4,9.165e-05,9.0486e-05,0.003419641630511994
128,100,5,BA,A,7,stage.node_prune,4,6.3089e-05,6.1997e-05,0.002353974586223363
128,100,5,BA,A,7,stage.output_alloc,1,8.299e-06,7.989e-06,0.00030965200099966215
128,100,5,BA,A,7,stage.pivot_distance,2,0.000136955,0.000136419,0.005110060223750901
128,100,5,BA,A,7,stage.pivot_sort,2,0.001758364,0.001757785,0.06560801675934089
128,100,5,BA,A,7,stage.result_sort,1,0.005482008,0.005481771,0.20454449291434582
128,100,5,BA,A,7,stage.schedule,10,0.000133922,0.000131136,0.004996893032639686
128,100,5,BA,A,7,stage.threshold,2,2.0536e-05,1.9989e-05,0.0007662385218133585
