case,process,order,variant,batch,sample,wall_us,thread_cpu_us,event_us
n65536_q32_r300,0,OSTD,O,1,0,145132.544,1844.171,145149.125
n65536_q32_r300,0,OSTD,O,1,1,149814.364,2223.891,149821.0
n65536_q32_r300,0,OSTD,O,1,2,145658.351,1908.088,145664.5
n65536_q32_r300,0,OSTD,O,1,3,150205.574,2164.45,150211.28125
n65536_q32_r300,0,OSTD,O,1,4,143864.238,1721.063,143870.140625
n65536_q32_r300,0,OSTD,O,1,5,150047.269,2200.84,150053.4375
n65536_q32_r300,0,OSTD,O,1,6,145604.063,1804.474,145610.390625
n65536_q32_r300,0,OSTD,O,1,7,150090.902,2311.594,150097.21875
n65536_q32_r300,0,OSTD,O,1,8,145406.659,1846.252,145412.265625
n65536_q32_r300,0,OSTD,O,1,9,149897.369,2137.376,149902.875
n65536_q32_r300,0,OSTD,O,1,10,144980.755,1739.869,144986.265625
n65536_q32_r300,0,OSTD,O,1,11,149913.905,2215.583,149919.203125
n65536_q32_r300,0,OSTD,O,1,12,145648.894,1881.366,145654.84375
n65536_q32_r300,0,OSTD,O,1,13,150298.415,1891.971,150304.125
n65536_q32_r300,0,OSTD,O,1,14,143828.523,1767.336,143833.984375
n65536_q32_r300,0,OSTD,O,1,15,150018.245,2147.948,150023.96875
n65536_q32_r300,0,OSTD,O,1,16,145604.347,1872.738,145609.609375
n65536_q32_r300,0,OSTD,O,1,17,150053.37,2221.818,150059.140625
n65536_q32_r300,0,OSTD,O,1,18,145322.541,1871.871,145328.328125
n65536_q32_r300,0,OSTD,O,1,19,149995.898,2106.844,150002.15625
n65536_q32_r300,0,OSTD,O,16,0,147609.51675,2032.349937,147615.233398
n65536_q32_r300,0,OSTD,O,16,1,147668.808937,2144.585625,147676.165039
n65536_q32_r300,0,OSTD,O,16,2,147606.563687,1991.192875,147612.132812
n65536_q32_r300,0,OSTD,O,16,3,147588.966875,2063.111,147595.136719
n65536_q32_r300,0,OSTD,O,16,4,147360.567563,2068.032063,147366.061523
n65536_q32_r300,0,OSTD,S,1,0,175991.23,2318.14,175999.671875
n65536_q32_r300,0,OSTD,S,1,1,175956.764,2256.143,175962.625
n65536_q32_r300,0,OSTD,S,1,2,176048.704,2258.839,176059.328125
n65536_q32_r300,0,OSTD,S,1,3,176001.652,2554.265,176008.78125
n65536_q32_r300,0,OSTD,S,1,4,175885.031,2225.521,175891.390625
n65536_q32_r300,0,OSTD,S,1,5,175989.404,2156.408,175995.484375
n65536_q32_r300,0,OSTD,S,1,6,175845.157,2185.201,175850.53125
n65536_q32_r300,0,OSTD,S,1,7,174447.372,2139.435,174453.3125
n65536_q32_r300,0,OSTD,S,1,8,169455.707,1998.793,169462.078125
n65536_q32_r300,0,OSTD,S,1,9,174988.815,2183.041,174995.515625
n65536_q32_r300,0,OSTD,S,1,10,168895.208,2182.829,168901.21875
n65536_q32_r300,0,OSTD,S,1,11,174816.003,2222.769,174821.984375
n65536_q32_r300,0,OSTD,S,1,12,169165.534,2125.291,169170.6875
n65536_q32_r300,0,OSTD,S,1,13,175300.57,2273.062,175307.625
n65536_q32_r300,0,OSTD,S,1,14,168514.525,1984.465,168520.5
n65536_q32_r300,0,OSTD,S,1,15,176177.365,2194.562,176183.078125
n65536_q32_r300,0,OSTD,S,1,16,175991.016,2136.653,175996.703125
n65536_q32_r300,0,OSTD,S,1,17,176018.903,2219.381,176024.703125
n65536_q32_r300,0,OSTD,S,1,18,175919.696,2190.204,175925.3125
n65536_q32_r300,0,OSTD,S,1,19,176116.182,2229.527,176126.8125
n65536_q32_r300,0,OSTD,S,16,0,173465.807375,2270.681062,173471.632812
n65536_q32_r300,0,OSTD,S,16,1,171972.291875,2198.7205,171978.013672
n65536_q32_r300,0,OSTD,S,16,2,171982.589625,2220.080313,171988.233398
n65536_q32_r300,0,OSTD,S,16,3,171991.2455,2195.914188,171997.043945
n65536_q32_r300,0,OSTD,S,16,4,172894.264125,2357.488687,172900.19043
n65536_q32_r300,0,OSTD,T,1,0,169376.817,2077.362,169385.3125
n65536_q32_r300,0,OSTD,T,1,1,174906.681,2267.374,174912.265625
n65536_q32_r300,0,OSTD,T,1,2,169077.435,2123.386,169084.0625
n65536_q32_r300,0,OSTD,T,1,3,173904.5,2225.697,173910.78125
n65536_q32_r300,0,OSTD,T,1,4,170202.839,2331.024,170208.984375
n65536_q32_r300,0,OSTD,T,1,5,174398.487,2298.082,174404.953125
n65536_q32_r300,0,OSTD,T,1,6,169327.189,1983.023,169333.21875
n65536_q32_r300,0,OSTD,T,1,7,173938.321,2277.402,173944.265625
n65536_q32_r300,0,OSTD,T,1,8,170326.572,2278.477,170331.453125
n65536_q32_r300,0,OSTD,T,1,9,174195.846,2154.986,174203.109375
n65536_q32_r300,0,OSTD,T,1,10,169380.613,2073.542,169386.25
n65536_q32_r300,0,OSTD,T,1,11,173946.215,2248.83,173951.640625
n65536_q32_r300,0,OSTD,T,1,12,170330.614,2299.009,170344.09375
n65536_q32_r300,0,OSTD,T,1,13,174626.237,2707.4,174633.640625
n65536_q32_r300,0,OSTD,T,1,14,169102.838,2285.344,169109.953125
n65536_q32_r300,0,OSTD,T,1,15,174423.181,2286.938,174430.203125
n65536_q32_r300,0,OSTD,T,1,16,169426.48,2056.124,169432.03125
n65536_q32_r300,0,OSTD,T,1,17,173917.111,2268.028,173924.109375
n65536_q32_r300,0,OSTD,T,1,18,170236.44,2367.168,170242.28125
n65536_q32_r300,0,OSTD,T,1,19,173738.712,2175.992,173744.5
n65536_q32_r300,0,OSTD,T,16,0,171993.130875,2265.797312,171999.09375
n65536_q32_r300,0,OSTD,T,16,1,171963.768438,2192.203875,171969.825195
n65536_q32_r300,0,OSTD,T,16,2,172016.215563,2224.725688,172022.477539
n65536_q32_r300,0,OSTD,T,16,3,172071.593938,2203.373875,172078.910156
n65536_q32_r300,0,OSTD,T,16,4,161353.359438,2239.173562,161359.828247
n65536_q32_r300,0,OSTD,D,1,0,157.503,33.785,165.664001
n65536_q32_r300,0,OSTD,D,1,1,155.812,33.96,161.695999
n65536_q32_r300,0,OSTD,D,1,2,153.737,30.818,157.951996
n65536_q32_r300,0,OSTD,D,1,3,153.469,20.01,156.736008
n65536_q32_r300,0,OSTD,D,1,4,152.621,18.772,155.552002
n65536_q32_r300,0,OSTD,D,1,5,151.232,18.395,153.983994
n65536_q32_r300,0,OSTD,D,1,6,150.799,18.086,154.304001
n65536_q32_r300,0,OSTD,D,1,7,150.586,18.315,153.408005
n65536_q32_r300,0,OSTD,D,1,8,149.994,18.061,152.768005
n65536_q32_r300,0,OSTD,D,1,9,150.61,17.466,153.408005
n65536_q32_r300,0,OSTD,D,1,10,153.194,18.607,156.0
n65536_q32_r300,0,OSTD,D,1,11,151.18,17.527,153.888
n65536_q32_r300,0,OSTD,D,1,12,152.384,17.843,155.104004
n65536_q32_r300,0,OSTD,D,1,13,149.35,17.97,152.127991
n65536_q32_r300,0,OSTD,D,1,14,142.58,17.756,145.855988
n65536_q32_r300,0,OSTD,D,1,15,150.149,17.528,153.119995
n65536_q32_r300,0,OSTD,D,1,16,153.587,18.805,156.608002
n65536_q32_r300,0,OSTD,D,1,17,152.328,17.394,155.104004
n65536_q32_r300,0,OSTD,D,1,18,151.695,17.924,154.400009
n65536_q32_r300,0,OSTD,D,1,19,142.176,17.813,144.927994
n65536_q32_r300,0,OSTD,D,16,0,147.877375,18.13625,151.114002
n65536_q32_r300,0,OSTD,D,16,1,146.921125,17.606813,149.954
n65536_q32_r300,0,OSTD,D,16,2,146.935,18.036875,150.054004
n65536_q32_r300,0,OSTD,D,16,3,145.928313,17.58025,148.740003
n65536_q32_r300,0,OSTD,D,16,4,145.67325,17.493187,148.734003
n65536_q32_r300,1,TDOS,T,1,0,175926.825,2241.163,175940.734375
n65536_q32_r300,1,TDOS,T,1,1,176024.347,2267.635,176030.828125
n65536_q32_r300,1,TDOS,T,1,2,175925.456,2216.401,175931.109375
n65536_q32_r300,1,TDOS,T,1,3,175970.446,2253.389,175976.4375
n65536_q32_r300,1,TDOS,T,1,4,175945.794,2238.043,175951.5
n65536_q32_r300,1,TDOS,T,1,5,175961.521,2114.467,175967.109375
n65536_q32_r300,1,TDOS,T,1,6,175960.1,2258.932,175965.5625
n65536_q32_r300,1,TDOS,T,1,7,175938.616,2222.864,175944.703125
n65536_q32_r300,1,TDOS,T,1,8,176090.434,2283.139,176095.96875
n65536_q32_r300,1,TDOS,T,1,9,175872.355,2268.225,175878.5
n65536_q32_r300,1,TDOS,T,1,10,176798.0,2248.586,176803.59375
n65536_q32_r300,1,TDOS,T,1,11,175473.016,2230.41,175478.71875
n65536_q32_r300,1,TDOS,T,1,12,175923.862,2152.057,175929.09375
n65536_q32_r300,1,TDOS,T,1,13,175905.785,2105.981,175911.796875
n65536_q32_r300,1,TDOS,T,1,14,175970.204,2256.077,175975.59375
n65536_q32_r300,1,TDOS,T,1,15,175920.556,2197.259,175926.296875
n65536_q32_r300,1,TDOS,T,1,16,175962.114,2254.961,175967.421875
n65536_q32_r300,1,TDOS,T,1,17,175878.18,2215.453,175883.1875
n65536_q32_r300,1,TDOS,T,1,18,175912.987,2243.118,175919.609375
n65536_q32_r300,1,TDOS,T,1,19,175974.519,2251.178,175980.671875
n65536_q32_r300,1,TDOS,T,16,0,175984.536438,2242.051938,175990.078125
n65536_q32_r300,1,TDOS,T,16,1,175989.038625,2308.316312,175996.496094
n65536_q32_r300,1,TDOS,T,16,2,176027.602562,2307.1725,176034.230469
n65536_q32_r300,1,TDOS,T,16,3,175928.790375,2336.9185,175936.260742
n65536_q32_r300,1,TDOS,T,16,4,175989.095812,2330.759375,175996.366211
n65536_q32_r300,1,TDOS,D,1,0,158.163,34.918,166.367996
n65536_q32_r300,1,TDOS,D,1,1,157.173,33.794,162.655991
n65536_q32_r300,1,TDOS,D,1,2,155.258,33.332,161.119995
n65536_q32_r300,1,TDOS,D,1,3,154.609,33.198,160.160004
n65536_q32_r300,1,TDOS,D,1,4,155.542,35.306,161.152008
n65536_q32_r300,1,TDOS,D,1,5,150.857,29.654,154.911987
n65536_q32_r300,1,TDOS,D,1,6,154.087,21.768,157.279999
n65536_q32_r300,1,TDOS,D,1,7,151.162,19.507,154.080002
n65536_q32_r300,1,TDOS,D,1,8,149.899,18.468,152.735992
n65536_q32_r300,1,TDOS,D,1,9,151.675,18.809,154.304001
n65536_q32_r300,1,TDOS,D,1,10,151.809,19.236,154.688004
n65536_q32_r300,1,TDOS,D,1,11,150.35,18.037,153.087997
n65536_q32_r300,1,TDOS,D,1,12,151.899,18.568,154.847992
n65536_q32_r300,1,TDOS,D,1,13,151.291,18.411,154.047989
n65536_q32_r300,1,TDOS,D,1,14,149.792,18.117,152.639999
n65536_q32_r300,1,TDOS,D,1,15,151.039,18.65,153.727997
n65536_q32_r300,1,TDOS,D,1,16,149.773,18.579,152.608002
n65536_q32_r300,1,TDOS,D,1,17,150.945,18.066,153.727997
n65536_q32_r300,1,TDOS,D,1,18,155.621,20.204,158.559998
n65536_q32_r300,1,TDOS,D,1,19,151.388,17.683,154.23999
n65536_q32_r300,1,TDOS,D,16,0,147.851375,18.148437,150.838
n65536_q32_r300,1,TDOS,D,16,1,146.904562,18.148375,149.838
n65536_q32_r300,1,TDOS,D,16,2,147.125625,18.036688,150.048002
n65536_q32_r300,1,TDOS,D,16,3,146.6315,18.117438,149.502003
n65536_q32_r300,1,TDOS,D,16,4,146.110313,17.635687,148.972
n65536_q32_r300,1,TDOS,O,1,0,152174.716,2083.401,152184.734375
n65536_q32_r300,1,TDOS,O,1,1,156329.534,2078.214,156335.53125
n65536_q32_r300,1,TDOS,O,1,2,150517.505,1948.775,150527.484375
n65536_q32_r300,1,TDOS,O,1,3,156583.979,2491.183,156590.328125
n65536_q32_r300,1,TDOS,O,1,4,151993.33,1981.328,151999.234375
n65536_q32_r300,1,TDOS,O,1,5,156561.709,2363.742,156567.171875
n65536_q32_r300,1,TDOS,O,1,6,151878.68,1850.432,151884.53125
n65536_q32_r300,1,TDOS,O,1,7,155779.089,2100.926,155784.609375
n65536_q32_r300,1,TDOS,O,1,8,151367.985,1876.435,151373.625
n65536_q32_r300,1,TDOS,O,1,9,155964.305,2141.386,155969.578125
n65536_q32_r300,1,TDOS,O,1,10,152710.816,2119.063,152720.96875
n65536_q32_r300,1,TDOS,O,1,11,155125.885,2307.596,155134.078125
n65536_q32_r300,1,TDOS,O,1,12,150318.935,1940.239,150326.34375
n65536_q32_r300,1,TDOS,O,1,13,156143.763,2298.925,156151.0
n65536_q32_r300,1,TDOS,O,1,14,152007.376,2036.125,152012.28125
n65536_q32_r300,1,TDOS,O,1,15,156085.194,2313.78,156092.3125
n65536_q32_r300,1,TDOS,O,1,16,151391.738,1949.38,151397.765625
n65536_q32_r300,1,TDOS,O,1,17,155821.469,2119.655,155827.625
n65536_q32_r300,1,TDOS,O,1,18,151638.591,2101.389,151644.609375
n65536_q32_r300,1,TDOS,O,1,19,156181.287,2333.768,156188.890625
n65536_q32_r300,1,TDOS,O,16,0,153870.041187,2113.128875,153876.035156
n65536_q32_r300,1,TDOS,O,16,1,153877.21275,2139.600062,153884.467773
n65536_q32_r300,1,TDOS,O,16,2,153893.49775,2158.086375,153900.390625
n65536_q32_r300,1,TDOS,O,16,3,153770.4615,2047.46575,153776.120117
n65536_q32_r300,1,TDOS,O,16,4,153632.86075,2058.044,153638.824219
n65536_q32_r300,1,TDOS,S,1,0,175839.804,2192.091,175851.625
n65536_q32_r300,1,TDOS,S,1,1,176030.738,2326.48,176037.734375
n65536_q32_r300,1,TDOS,S,1,2,176964.031,2362.005,176972.296875
n65536_q32_r300,1,TDOS,S,1,3,175918.789,2433.222,175925.015625
n65536_q32_r300,1,TDOS,S,1,4,176115.448,2513.03,176124.1875
n65536_q32_r300,1,TDOS,S,1,5,174903.499,2434.996,174910.65625
n65536_q32_r300,1,TDOS,S,1,6,175940.718,2311.182,175947.84375
n65536_q32_r300,1,TDOS,S,1,7,176912.632,2318.364,176919.875
n65536_q32_r300,1,TDOS,S,1,8,176011.609,2303.675,176018.65625
n65536_q32_r300,1,TDOS,S,1,9,174932.375,2282.25,174939.109375
n65536_q32_r300,1,TDOS,S,1,10,175971.686,2320.031,175978.125
n65536_q32_r300,1,TDOS,S,1,11,175957.378,1928.641,175963.9375
n65536_q32_r300,1,TDOS,S,1,12,175980.215,2281.572,175987.171875
n65536_q32_r300,1,TDOS,S,1,13,176922.74,2332.093,176929.09375
n65536_q32_r300,1,TDOS,S,1,14,175024.407,2274.474,175031.8125
n65536_q32_r300,1,TDOS,S,1,15,176917.456,2369.52,176923.9375
n65536_q32_r300,1,TDOS,S,1,16,175078.575,2371.499,175084.84375
n65536_q32_r300,1,TDOS,S,1,17,175846.168,2310.766,175851.890625
n65536_q32_r300,1,TDOS,S,1,18,176046.488,2344.232,176053.171875
n65536_q32_r300,1,TDOS,S,1,19,175921.007,2287.214,175926.75
n65536_q32_r300,1,TDOS,S,16,0,175983.154875,2300.331875,175990.118164
n65536_q32_r300,1,TDOS,S,16,1,175979.4255,2212.529125,175984.845703
n65536_q32_r300,1,TDOS,S,16,2,175978.558375,2302.304063,175985.386719
n65536_q32_r300,1,TDOS,S,16,3,175982.752062,2295.894438,175989.847656
n65536_q32_r300,1,TDOS,S,16,4,175984.583437,2293.944312,175991.048828
n65536_q32_r300,2,SODT,S,1,0,175250.154,2198.189,175265.828125
n65536_q32_r300,2,SODT,S,1,1,175318.294,2148.215,175325.90625
n65536_q32_r300,2,SODT,S,1,2,176319.294,3394.342,176326.84375
n65536_q32_r300,2,SODT,S,1,3,175440.31,2251.797,175447.390625
n65536_q32_r300,2,SODT,S,1,4,169332.858,2275.318,169339.265625
n65536_q32_r300,2,SODT,S,1,5,174062.993,2262.425,174069.5625
n65536_q32_r300,2,SODT,S,1,6,170004.833,2208.9,170010.84375
n65536_q32_r300,2,SODT,S,1,7,174431.466,2148.168,174438.203125
n65536_q32_r300,2,SODT,S,1,8,169429.565,2225.649,169435.515625
n65536_q32_r300,2,SODT,S,1,9,174461.498,2020.65,174473.609375
n65536_q32_r300,2,SODT,S,1,10,169533.826,2285.411,169539.875
n65536_q32_r300,2,SODT,S,1,11,174457.39,2287.534,174463.515625
n65536_q32_r300,2,SODT,S,1,12,169519.738,2236.715,169525.34375
n65536_q32_r300,2,SODT,S,1,13,174587.586,2220.634,174594.0625
n65536_q32_r300,2,SODT,S,1,14,169307.784,2224.677,169313.53125
n65536_q32_r300,2,SODT,S,1,15,174583.121,2148.126,174590.53125
n65536_q32_r300,2,SODT,S,1,16,169372.906,2344.858,169378.65625
n65536_q32_r300,2,SODT,S,1,17,174461.945,2255.858,174468.796875
n65536_q32_r300,2,SODT,S,1,18,169525.437,2245.118,169531.171875
n65536_q32_r300,2,SODT,S,1,19,174716.356,2255.578,174721.859375
n65536_q32_r300,2,SODT,S,16,0,161557.934625,2167.573437,161564.145996
n65536_q32_r300,2,SODT,S,16,1,172487.850437,2164.585563,172493.750977
n65536_q32_r300,2,SODT,S,16,2,172355.098,2196.743937,172360.999023
n65536_q32_r300,2,SODT,S,16,3,172598.112813,2205.997562,172604.456055
n65536_q32_r300,2,SODT,S,16,4,172479.512,2183.88975,172485.382812
n65536_q32_r300,2,SODT,O,1,0,151682.441,1976.279,151691.359375
n65536_q32_r300,2,SODT,O,1,1,155951.079,2210.861,155959.8125
n65536_q32_r300,2,SODT,O,1,2,151488.111,1949.607,151494.8125
n65536_q32_r300,2,SODT,O,1,3,156040.559,2174.558,156047.203125
n65536_q32_r300,2,SODT,O,1,4,151957.087,1944.762,151963.8125
n65536_q32_r300,2,SODT,O,1,5,156021.125,2206.026,156027.15625
n65536_q32_r300,2,SODT,O,1,6,150409.181,1874.703,150415.15625
n65536_q32_r300,2,SODT,O,1,7,155972.733,2316.949,155978.15625
n65536_q32_r300,2,SODT,O,1,8,152764.643,2061.608,152770.34375
n65536_q32_r300,2,SODT,O,1,9,155144.455,2185.492,155150.015625
n65536_q32_r300,2,SODT,O,1,10,151814.062,1916.154,151820.0
n65536_q32_r300,2,SODT,O,1,11,155775.874,2160.985,155781.515625
n65536_q32_r300,2,SODT,O,1,12,152603.843,1944.876,152609.40625
n65536_q32_r300,2,SODT,O,1,13,154946.525,2054.752,154952.25
n65536_q32_r300,2,SODT,O,1,14,152003.204,1781.887,152009.015625
n65536_q32_r300,2,SODT,O,1,15,155760.45,2145.454,155765.796875
n65536_q32_r300,2,SODT,O,1,16,152041.309,2016.693,152046.90625
n65536_q32_r300,2,SODT,O,1,17,156158.646,2200.676,156164.546875
n65536_q32_r300,2,SODT,O,1,18,152200.309,1824.842,152206.015625
n65536_q32_r300,2,SODT,O,1,19,156060.145,2162.638,156065.921875
n65536_q32_r300,2,SODT,O,16,0,153962.552187,1990.827688,153968.428711
n65536_q32_r300,2,SODT,O,16,1,153961.743625,2060.203063,153968.505859
n65536_q32_r300,2,SODT,O,16,2,154069.722625,2033.459375,154077.912109
n65536_q32_r300,2,SODT,O,16,3,153911.166063,2082.185812,153918.925781
n65536_q32_r300,2,SODT,O,16,4,153976.406875,2006.813312,153982.439453
n65536_q32_r300,2,SODT,D,1,0,157.907,34.802,165.567993
n65536_q32_r300,2,SODT,D,1,1,156.078,33.269,162.016006
n65536_q32_r300,2,SODT,D,1,2,158.164,33.862,164.064011
n65536_q32_r300,2,SODT,D,1,3,156.424,33.151,162.400009
n65536_q32_r300,2,SODT,D,1,4,155.199,33.155,162.559998
n65536_q32_r300,2,SODT,D,1,5,156.123,34.422,161.824005
n65536_q32_r300,2,SODT,D,1,6,155.024,33.28,160.576004
n65536_q32_r300,2,SODT,D,1,7,169.838,34.36,175.679993
n65536_q32_r300,2,SODT,D,1,8,159.886,36.912,165.919998
n65536_q32_r300,2,SODT,D,1,9,146.834,28.669,151.071991
n65536_q32_r300,2,SODT,D,1,10,149.247,18.039,152.28801
n65536_q32_r300,2,SODT,D,1,11,149.885,18.209,152.991989
n65536_q32_r300,2,SODT,D,1,12,148.717,17.849,152.160004
n65536_q32_r300,2,SODT,D,1,13,155.123,23.889,158.240005
n65536_q32_r300,2,SODT,D,1,14,150.164,17.801,153.18399
n65536_q32_r300,2,SODT,D,1,15,148.91,17.801,151.807999
n65536_q32_r300,2,SODT,D,1,16,148.972,17.691,151.871994
n65536_q32_r300,2,SODT,D,1,17,148.841,18.374,151.712006
n65536_q32_r300,2,SODT,D,1,18,149.178,17.396,152.096008
n65536_q32_r300,2,SODT,D,1,19,143.92,21.592,147.072006
n65536_q32_r300,2,SODT,D,16,0,148.01825,17.762875,151.460001
n65536_q32_r300,2,SODT,D,16,1,146.420875,17.566,149.851998
n65536_q32_r300,2,SODT,D,16,2,146.396375,17.703187,149.850002
n65536_q32_r300,2,SODT,D,16,3,147.124,17.819875,150.634003
n65536_q32_r300,2,SODT,D,16,4,146.023812,18.005188,149.194003
n65536_q32_r300,2,SODT,T,1,0,169824.651,2370.556,169834.359375
n65536_q32_r300,2,SODT,T,1,1,173836.374,2264.164,173848.578125
n65536_q32_r300,2,SODT,T,1,2,171000.068,2526.399,171009.3125
n65536_q32_r300,2,SODT,T,1,3,174069.897,2536.682,174078.203125
n65536_q32_r300,2,SODT,T,1,4,169964.267,2399.256,169971.625
n65536_q32_r300,2,SODT,T,1,5,173657.421,2225.557,173664.828125
n65536_q32_r300,2,SODT,T,1,6,169406.807,2300.496,169414.453125
n65536_q32_r300,2,SODT,T,1,7,174112.869,2208.32,174118.203125
n65536_q32_r300,2,SODT,T,1,8,169583.894,1983.72,169590.328125
n65536_q32_r300,2,SODT,T,1,9,173774.511,2246.35,173782.328125
n65536_q32_r300,2,SODT,T,1,10,170253.334,2196.632,170260.25
n65536_q32_r300,2,SODT,T,1,11,174201.96,2296.308,174210.296875
n65536_q32_r300,2,SODT,T,1,12,170477.764,2165.156,170484.640625
n65536_q32_r300,2,SODT,T,1,13,173891.15,2263.51,173898.140625
n65536_q32_r300,2,SODT,T,1,14,170354.01,2281.701,170361.0
n65536_q32_r300,2,SODT,T,1,15,173637.734,2169.45,173645.046875
n65536_q32_r300,2,SODT,T,1,16,169452.462,2265.9,169459.546875
n65536_q32_r300,2,SODT,T,1,17,173598.893,2236.804,173606.71875
n65536_q32_r300,2,SODT,T,1,18,171053.397,2264.486,171060.984375
n65536_q32_r300,2,SODT,T,1,19,173678.713,2119.655,173684.390625
n65536_q32_r300,2,SODT,T,16,0,171954.7095,2321.967938,171962.654297
n65536_q32_r300,2,SODT,T,16,1,161406.43925,2241.827625,161413.762817
n65536_q32_r300,2,SODT,T,16,2,172087.260125,2268.362875,172094.610352
n65536_q32_r300,2,SODT,T,16,3,172051.7875,2342.739688,172059.869141
n65536_q32_r300,2,SODT,T,16,4,151927.80725,2145.48075,151933.745361
n65536_q32_r300,3,DTSO,D,1,0,159.799,37.964,173.951996
n65536_q32_r300,3,DTSO,D,1,1,163.254,37.438,168.896011
n65536_q32_r300,3,DTSO,D,1,2,163.951,34.573,169.40799
n65536_q32_r300,3,DTSO,D,1,3,164.975,34.686,170.559998
n65536_q32_r300,3,DTSO,D,1,4,158.05,32.693,163.584
n65536_q32_r300,3,DTSO,D,1,5,155.948,35.401,161.503998
n65536_q32_r300,3,DTSO,D,1,6,157.383,34.317,163.872009
n65536_q32_r300,3,DTSO,D,1,7,160.996,36.05,166.207993
n65536_q32_r300,3,DTSO,D,1,8,157.644,34.605,163.104004
n65536_q32_r300,3,DTSO,D,1,9,161.025,34.861,166.591995
n65536_q32_r300,3,DTSO,D,1,10,158.695,37.973,164.160004
n65536_q32_r300,3,DTSO,D,1,11,156.503,31.705,160.384003
n65536_q32_r300,3,DTSO,D,1,12,151.679,20.565,154.367996
n65536_q32_r300,3,DTSO,D,1,13,148.845,17.307,151.296005
n65536_q32_r300,3,DTSO,D,1,14,148.098,16.311,150.720001
n65536_q32_r300,3,DTSO,D,1,15,147.728,16.642,150.240005
n65536_q32_r300,3,DTSO,D,1,16,147.658,16.756,150.17601
n65536_q32_r300,3,DTSO,D,1,17,146.87,17.346,149.376007
n65536_q32_r300,3,DTSO,D,1,18,148.841,16.176,151.23201
n65536_q32_r300,3,DTSO,D,1,19,148.131,16.5,150.687988
n65536_q32_r300,3,DTSO,D,16,0,147.926312,17.143312,150.891999
n65536_q32_r300,3,DTSO,D,16,1,146.229688,17.145625,148.814
n65536_q32_r300,3,DTSO,D,16,2,147.151812,16.900625,149.940001
n65536_q32_r300,3,DTSO,D,16,3,146.948688,17.014562,149.604
n65536_q32_r300,3,DTSO,D,16,4,149.311438,16.852,152.006
n65536_q32_r300,3,DTSO,T,1,0,176831.964,2226.824,176842.53125
n65536_q32_r300,3,DTSO,T,1,1,177811.641,2414.985,177818.84375
n65536_q32_r300,3,DTSO,T,1,2,174177.984,2296.656,174184.25
n65536_q32_r300,3,DTSO,T,1,3,175071.451,2263.149,175085.828125
n65536_q32_r300,3,DTSO,T,1,4,175879.005,2406.143,175886.78125
n65536_q32_r300,3,DTSO,T,1,5,175881.085,2196.028,175887.296875
n65536_q32_r300,3,DTSO,T,1,6,176372.209,2205.866,176379.453125
n65536_q32_r300,3,DTSO,T,1,7,175524.858,2509.257,175531.140625
n65536_q32_r300,3,DTSO,T,1,8,176133.084,2000.463,176139.765625
n65536_q32_r300,3,DTSO,T,1,9,175911.864,2306.69,175917.78125
n65536_q32_r300,3,DTSO,T,1,10,175926.937,2181.378,175932.703125
n65536_q32_r300,3,DTSO,T,1,11,175961.663,2302.383,175967.421875
n65536_q32_r300,3,DTSO,T,1,12,175978.727,2147.618,175985.34375
n65536_q32_r300,3,DTSO,T,1,13,176022.666,2270.77,176028.375
n65536_q32_r300,3,DTSO,T,1,14,175988.926,2238.897,175994.84375
n65536_q32_r300,3,DTSO,T,1,15,175951.101,2281.976,175957.09375
n65536_q32_r300,3,DTSO,T,1,16,175974.293,2187.74,175980.28125
n65536_q32_r300,3,DTSO,T,1,17,175908.665,2216.925,175913.03125
n65536_q32_r300,3,DTSO,T,1,18,176054.679,2186.841,176061.53125
n65536_q32_r300,3,DTSO,T,1,19,175994.387,1978.607,176000.34375
n65536_q32_r300,3,DTSO,T,16,0,175980.272,2213.592187,175986.321289
n65536_q32_r300,3,DTSO,T,16,1,175979.36625,2228.060375,175985.388672
n65536_q32_r300,3,DTSO,T,16,2,175980.114437,2226.199812,175986.697266
n65536_q32_r300,3,DTSO,T,16,3,175988.2685,2255.97775,175995.345703
n65536_q32_r300,3,DTSO,T,16,4,175973.5665,2319.134125,175980.56543
n65536_q32_r300,3,DTSO,S,1,0,175010.174,2136.491,175019.109375
n65536_q32_r300,3,DTSO,S,1,1,175965.393,2197.455,175971.765625
n65536_q32_r300,3,DTSO,S,1,2,175893.874,2163.711,175899.640625
n65536_q32_r300,3,DTSO,S,1,3,177021.284,2144.425,177027.296875
n65536_q32_r300,3,DTSO,S,1,4,176013.181,2122.874,176019.359375
n65536_q32_r300,3,DTSO,S,1,5,176021.667,2227.02,176027.53125
n65536_q32_r300,3,DTSO,S,1,6,174890.192,2185.616,174895.96875
n65536_q32_r300,3,DTSO,S,1,7,175975.088,2158.92,175980.890625
n65536_q32_r300,3,DTSO,S,1,8,175914.084,2208.933,175920.671875
n65536_q32_r300,3,DTSO,S,1,9,176063.754,2122.237,176069.796875
n65536_q32_r300,3,DTSO,S,1,10,176007.499,2277.434,176016.421875
n65536_q32_r300,3,DTSO,S,1,11,176949.034,2236.768,176956.1875
n65536_q32_r300,3,DTSO,S,1,12,175050.561,2314.056,175060.609375
n65536_q32_r300,3,DTSO,S,1,13,176887.96,2344.522,176895.734375
n65536_q32_r300,3,DTSO,S,1,14,175935.462,2217.228,175942.75
n65536_q32_r300,3,DTSO,S,1,15,175108.891,3699.976,175116.203125
n65536_q32_r300,3,DTSO,S,1,16,175915.21,2248.853,175924.0625
n65536_q32_r300,3,DTSO,S,1,17,175958.981,2277.683,175965.921875
n65536_q32_r300,3,DTSO,S,1,18,175905.145,2171.105,175912.15625
n65536_q32_r300,3,DTSO,S,1,19,176919.129,2117.935,176925.59375
n65536_q32_r300,3,DTSO,S,16,0,175921.714938,2227.173125,175928.595703
n65536_q32_r300,3,DTSO,S,16,1,175980.142,2310.86075,175987.098633
n65536_q32_r300,3,DTSO,S,16,2,175977.884812,2333.571187,175984.799805
n65536_q32_r300,3,DTSO,S,16,3,175978.171688,2316.761562,175985.568359
n65536_q32_r300,3,DTSO,S,16,4,175978.179563,2278.889875,175985.579102
n65536_q32_r300,3,DTSO,O,1,0,151846.569,2004.612,151856.703125
n65536_q32_r300,3,DTSO,O,1,1,156123.971,2238.542,156130.578125
n65536_q32_r300,3,DTSO,O,1,2,151002.644,1884.108,151009.984375
n65536_q32_r300,3,DTSO,O,1,3,156660.221,2271.375,156667.171875
n65536_q32_r300,3,DTSO,O,1,4,151905.61,1885.26,151910.984375
n65536_q32_r300,3,DTSO,O,1,5,155918.357,2291.781,155925.125
n65536_q32_r300,3,DTSO,O,1,6,150349.14,1788.107,150355.109375
n65536_q32_r300,3,DTSO,O,1,7,155732.708,2119.672,155739.25
n65536_q32_r300,3,DTSO,O,1,8,152111.271,1949.894,152116.984375
n65536_q32_r300,3,DTSO,O,1,9,156264.323,2161.364,156270.875
n65536_q32_r300,3,DTSO,O,1,10,151913.918,2024.214,151920.375
n65536_q32_r300,3,DTSO,O,1,11,155749.582,2121.211,155755.234375
n65536_q32_r300,3,DTSO,O,1,12,151308.701,1877.118,151314.4375
n65536_q32_r300,3,DTSO,O,1,13,156467.154,2319.859,156472.96875
n65536_q32_r300,3,DTSO,O,1,14,151942.757,1869.985,151948.375
n65536_q32_r300,3,DTSO,O,1,15,156337.108,2162.661,156342.46875
n65536_q32_r300,3,DTSO,O,1,16,151095.113,1952.644,151113.921875
n65536_q32_r300,3,DTSO,O,1,17,156551.87,2643.889,156561.484375
n65536_q32_r300,3,DTSO,O,1,18,151908.456,2025.068,151915.828125
n65536_q32_r300,3,DTSO,O,1,19,156271.463,2302.364,156277.75
n65536_q32_r300,3,DTSO,O,16,0,153802.568125,2149.661875,153809.236328
n65536_q32_r300,3,DTSO,O,16,1,153782.042562,2148.863625,153788.329102
n65536_q32_r300,3,DTSO,O,16,2,153648.1705,2121.419125,153654.269531
n65536_q32_r300,3,DTSO,O,16,3,153631.085875,2055.08525,153638.148438
n65536_q32_r300,3,DTSO,O,16,4,153666.601125,2088.949187,153673.115234
n65536_q32_r300,4,DSOT,D,1,0,159.072,29.563,171.104004
n65536_q32_r300,4,DSOT,D,1,1,157.149,29.483,161.311996
n65536_q32_r300,4,DSOT,D,1,2,153.153,26.085,157.727997
n65536_q32_r300,4,DSOT,D,1,3,164.321,28.727,168.70401
n65536_q32_r300,4,DSOT,D,1,4,155.027,27.161,159.904007
n65536_q32_r300,4,DSOT,D,1,5,157.034,27.247,161.727997
n65536_q32_r300,4,DSOT,D,1,6,154.79,30.69,159.455994
n65536_q32_r300,4,DSOT,D,1,7,155.617,27.401,160.479996
n65536_q32_r300,4,DSOT,D,1,8,153.977,27.374,158.623993
n65536_q32_r300,4,DSOT,D,1,9,156.329,27.983,160.576004
n65536_q32_r300,4,DSOT,D,1,10,159.315,26.464,163.807999
n65536_q32_r300,4,DSOT,D,1,11,158.85,34.14,162.944
n65536_q32_r300,4,DSOT,D,1,12,163.154,27.436,168.096008
n65536_q32_r300,4,DSOT,D,1,13,164.32,29.398,169.535995
n65536_q32_r300,4,DSOT,D,1,14,156.178,28.626,161.983994
n65536_q32_r300,4,DSOT,D,1,15,156.774,28.415,161.248001
n65536_q32_r300,4,DSOT,D,1,16,155.141,27.959,159.584
n65536_q32_r300,4,DSOT,D,1,17,156.82,27.159,162.016006
n65536_q32_r300,4,DSOT,D,1,18,154.627,26.133,159.296005
n65536_q32_r300,4,DSOT,D,1,19,164.607,27.637,169.376007
n65536_q32_r300,4,DSOT,D,16,0,153.890187,28.183875,158.533999
n65536_q32_r300,4,DSOT,D,16,1,154.5135,27.746375,159.334001
n65536_q32_r300,4,DSOT,D,16,2,151.480125,27.148375,156.087999
n65536_q32_r300,4,DSOT,D,16,3,151.820563,28.052,156.391999
n65536_q32_r300,4,DSOT,D,16,4,151.410625,26.748313,155.921997
n65536_q32_r300,4,DSOT,S,1,0,177032.149,2222.338,177044.59375
n65536_q32_r300,4,DSOT,S,1,1,174634.596,2050.022,174641.71875
n65536_q32_r300,4,DSOT,S,1,2,175972.905,1963.641,175979.875
n65536_q32_r300,4,DSOT,S,1,3,175951.15,1915.645,175956.765625
n65536_q32_r300,4,DSOT,S,1,4,176267.236,2252.047,176274.421875
n65536_q32_r300,4,DSOT,S,1,5,176089.821,2465.579,176098.203125
n65536_q32_r300,4,DSOT,S,1,6,175897.285,2440.021,175905.53125
n65536_q32_r300,4,DSOT,S,1,7,175915.248,2462.144,175923.90625
n65536_q32_r300,4,DSOT,S,1,8,175947.944,2327.114,175955.40625
n65536_q32_r300,4,DSOT,S,1,9,176006.378,2370.302,176014.109375
n65536_q32_r300,4,DSOT,S,1,10,175937.305,2437.399,175944.90625
n65536_q32_r300,4,DSOT,S,1,11,176054.587,2441.243,176062.15625
n65536_q32_r300,4,DSOT,S,1,12,175914.6,2419.185,175921.25
n65536_q32_r300,4,DSOT,S,1,13,175953.256,2398.399,175962.34375
n65536_q32_r300,4,DSOT,S,1,14,175984.561,2367.47,175992.421875
n65536_q32_r300,4,DSOT,S,1,15,176140.815,2678.982,176151.375
n65536_q32_r300,4,DSOT,S,1,16,176993.65,2622.512,177001.515625
n65536_q32_r300,4,DSOT,S,1,17,175817.408,2280.703,175825.03125
n65536_q32_r300,4,DSOT,S,1,18,176066.409,2206.503,176074.234375
n65536_q32_r300,4,DSOT,S,1,19,175949.59,2225.132,175956.578125
n65536_q32_r300,4,DSOT,S,16,0,176039.55075,2279.967687,176047.762695
n65536_q32_r300,4,DSOT,S,16,1,175877.26625,2294.3055,175885.141602
n65536_q32_r300,4,DSOT,S,16,2,175950.208062,2273.283125,175957.844727
n65536_q32_r300,4,DSOT,S,16,3,175979.75175,2280.806187,175987.828125
n65536_q32_r300,4,DSOT,S,16,4,176039.7245,2393.891875,176047.373047
n65536_q32_r300,4,DSOT,O,1,0,151968.641,1899.778,151999.5625
n65536_q32_r300,4,DSOT,O,1,1,155911.213,2073.332,155919.03125
n65536_q32_r300,4,DSOT,O,1,2,151536.431,1929.79,151542.9375
n65536_q32_r300,4,DSOT,O,1,3,156110.024,2486.631,156119.9375
n65536_q32_r300,4,DSOT,O,1,4,151490.774,2049.948,151497.953125
n65536_q32_r300,4,DSOT,O,1,5,156263.485,2407.963,156271.1875
n65536_q32_r300,4,DSOT,O,1,6,151971.808,1927.845,151977.984375
n65536_q32_r300,4,DSOT,O,1,7,155982.081,2225.52,155988.453125
n65536_q32_r300,4,DSOT,O,1,8,150288.144,1776.63,150294.203125
n65536_q32_r300,4,DSOT,O,1,9,156008.492,2235.716,156015.328125
n65536_q32_r300,4,DSOT,O,1,10,152901.186,2179.698,152910.046875
n65536_q32_r300,4,DSOT,O,1,11,155079.167,2251.926,155087.421875
n65536_q32_r300,4,DSOT,O,1,12,151608.049,2228.942,151615.328125
n65536_q32_r300,4,DSOT,O,1,13,156174.21,2242.245,156181.125
n65536_q32_r300,4,DSOT,O,1,14,152729.031,2249.938,152736.828125
n65536_q32_r300,4,DSOT,O,1,15,154980.381,2224.639,154987.453125
n65536_q32_r300,4,DSOT,O,1,16,152100.003,2195.012,152114.9375
n65536_q32_r300,4,DSOT,O,1,17,155784.061,2332.537,155791.6875
n65536_q32_r300,4,DSOT,O,1,18,151440.541,1894.016,151446.59375
n65536_q32_r300,4,DSOT,O,1,19,156650.752,2271.614,156658.046875
n65536_q32_r300,4,DSOT,O,16,0,153868.033438,2047.76875,153875.228516
n65536_q32_r300,4,DSOT,O,16,1,153737.084938,2087.869937,153744.337891
n65536_q32_r300,4,DSOT,O,16,2,153770.222375,2060.4635,153779.114258
n65536_q32_r300,4,DSOT,O,16,3,153742.991,2083.253,153750.130859
n65536_q32_r300,4,DSOT,O,16,4,153781.489563,2046.76325,153787.911133
n65536_q32_r300,4,DSOT,T,1,0,176016.687,2258.523,176026.921875
n65536_q32_r300,4,DSOT,T,1,1,175929.319,2288.299,175935.8125
n65536_q32_r300,4,DSOT,T,1,2,175065.569,2270.735,175071.546875
n65536_q32_r300,4,DSOT,T,1,3,176870.762,2156.805,176878.78125
n65536_q32_r300,4,DSOT,T,1,4,175058.452,2322.231,175069.65625
n65536_q32_r300,4,DSOT,T,1,5,175986.44,2512.069,175993.171875
n65536_q32_r300,4,DSOT,T,1,6,175906.575,2282.614,175912.828125
n65536_q32_r300,4,DSOT,T,1,7,175958.913,2258.988,175965.46875
n65536_q32_r300,4,DSOT,T,1,8,176004.897,2296.954,176010.875
n65536_q32_r300,4,DSOT,T,1,9,176883.823,2147.04,176889.984375
n65536_q32_r300,4,DSOT,T,1,10,175964.601,2218.105,175970.53125
n65536_q32_r300,4,DSOT,T,1,11,175086.919,2146.282,175092.828125
n65536_q32_r300,4,DSOT,T,1,12,175897.682,2238.389,175903.9375
n65536_q32_r300,4,DSOT,T,1,13,176562.111,2324.587,176568.21875
n65536_q32_r300,4,DSOT,T,1,14,175262.824,2188.688,175269.15625
n65536_q32_r300,4,DSOT,T,1,15,176066.1,2187.845,176072.421875
n65536_q32_r300,4,DSOT,T,1,16,175990.365,2221.435,175996.5
n65536_q32_r300,4,DSOT,T,1,17,176985.135,2260.862,176997.953125
n65536_q32_r300,4,DSOT,T,1,18,174964.377,2321.659,174970.109375
n65536_q32_r300,4,DSOT,T,1,19,176035.126,2317.61,176042.34375
n65536_q32_r300,4,DSOT,T,16,0,175982.382437,2267.44075,175989.179688
n65536_q32_r300,4,DSOT,T,16,1,176037.02325,2240.67675,176043.84375
n65536_q32_r300,4,DSOT,T,16,2,175918.57375,2248.947562,175925.688477
n65536_q32_r300,4,DSOT,T,16,3,176045.166625,2254.713687,176051.775391
n65536_q32_r300,4,DSOT,T,16,4,175976.121125,2228.410875,175982.376953
n65536_q32_r300,5,TOSD,T,1,0,176875.931,2324.65,176892.171875
n65536_q32_r300,5,TOSD,T,1,1,174997.815,2231.835,175004.234375
n65536_q32_r300,5,TOSD,T,1,2,175876.264,2341.386,175882.984375
n65536_q32_r300,5,TOSD,T,1,3,176014.036,2242.104,176020.703125
n65536_q32_r300,5,TOSD,T,1,4,175897.862,2224.979,175903.875
n65536_q32_r300,5,TOSD,T,1,5,176114.986,2208.383,176121.125
n65536_q32_r300,5,TOSD,T,1,6,175958.52,2405.431,175964.734375
n65536_q32_r300,5,TOSD,T,1,7,175878.179,2231.527,175883.90625
n65536_q32_r300,5,TOSD,T,1,8,175949.846,2108.882,175955.546875
n65536_q32_r300,5,TOSD,T,1,9,176045.841,2216.063,176051.5625
n65536_q32_r300,5,TOSD,T,1,10,176880.063,2289.652,176886.28125
n65536_q32_r300,5,TOSD,T,1,11,176089.598,2390.561,176095.78125
n65536_q32_r300,5,TOSD,T,1,12,175057.577,2181.673,175064.1875
n65536_q32_r300,5,TOSD,T,1,13,175955.975,2436.443,175962.625
n65536_q32_r300,5,TOSD,T,1,14,175947.304,2386.623,175952.671875
n65536_q32_r300,5,TOSD,T,1,15,175851.726,2186.492,175858.78125
n65536_q32_r300,5,TOSD,T,1,16,177079.962,2344.244,177085.75
n65536_q32_r300,5,TOSD,T,1,17,175871.977,2234.718,175877.890625
n65536_q32_r300,5,TOSD,T,1,18,174982.666,2196.141,174988.703125
n65536_q32_r300,5,TOSD,T,1,19,176084.894,2391.495,176099.328125
n65536_q32_r300,5,TOSD,T,16,0,176041.531,2330.551188,176048.142578
n65536_q32_r300,5,TOSD,T,16,1,175915.123562,2288.336938,175921.853516
n65536_q32_r300,5,TOSD,T,16,2,175982.92725,2300.499437,175989.811523
n65536_q32_r300,5,TOSD,T,16,3,175980.417062,2322.516312,175988.03418
n65536_q32_r300,5,TOSD,T,16,4,176045.86075,2278.391375,176052.098633
n65536_q32_r300,5,TOSD,O,1,0,151969.06,1895.039,151982.296875
n65536_q32_r300,5,TOSD,O,1,1,156427.414,2384.484,156435.390625
n65536_q32_r300,5,TOSD,O,1,2,150398.036,1883.395,150404.953125
n65536_q32_r300,5,TOSD,O,1,3,156368.755,2188.991,156375.390625
n65536_q32_r300,5,TOSD,O,1,4,151947.32,1851.25,151953.828125
n65536_q32_r300,5,TOSD,O,1,5,156624.303,2203.873,156630.84375
n65536_q32_r300,5,TOSD,O,1,6,151799.936,2001.557,151806.328125
n65536_q32_r300,5,TOSD,O,1,7,156219.651,2081.405,156226.1875
n65536_q32_r300,5,TOSD,O,1,8,151363.497,1812.587,151369.421875
n65536_q32_r300,5,TOSD,O,1,9,156532.599,2264.434,156538.84375
n65536_q32_r300,5,TOSD,O,1,10,151899.241,1837.339,151904.515625
n65536_q32_r300,5,TOSD,O,1,11,156168.676,2154.668,156174.84375
n65536_q32_r300,5,TOSD,O,1,12,150174.873,1725.81,150180.921875
n65536_q32_r300,5,TOSD,O,1,13,155828.995,2104.594,155835.09375
n65536_q32_r300,5,TOSD,O,1,14,152710.812,2058.158,152718.078125
n65536_q32_r300,5,TOSD,O,1,15,155017.804,1937.149,155024.03125
n65536_q32_r300,5,TOSD,O,1,16,150984.593,1430.328,150988.421875
n65536_q32_r300,5,TOSD,O,1,17,155576.218,1987.582,155581.109375
n65536_q32_r300,5,TOSD,O,1,18,151474.619,1827.957,151481.09375
n65536_q32_r300,5,TOSD,O,1,19,155906.344,2186.741,155912.609375
n65536_q32_r300,5,TOSD,O,16,0,153736.355125,2019.1305,153742.71582
n65536_q32_r300,5,TOSD,O,16,1,153970.445437,2045.763125,153976.564453
n65536_q32_r300,5,TOSD,O,16,2,153709.548313,2071.643062,153717.077148
n65536_q32_r300,5,TOSD,O,16,3,153961.332813,2061.65975,153967.738281
n65536_q32_r300,5,TOSD,O,16,4,153896.094562,2033.47275,153902.170898
n65536_q32_r300,5,TOSD,S,1,0,175939.688,2223.013,175947.5625
n65536_q32_r300,5,TOSD,S,1,1,175971.112,2202.008,175977.375
n65536_q32_r300,5,TOSD,S,1,2,176125.35,2248.517,176138.390625
n65536_q32_r300,5,TOSD,S,1,3,175768.441,2611.288,175776.734375
n65536_q32_r300,5,TOSD,S,1,4,176062.581,2210.785,176069.0625
n65536_q32_r300,5,TOSD,S,1,5,175936.606,2170.025,175944.296875
n65536_q32_r300,5,TOSD,S,1,6,176018.574,2203.828,176025.578125
n65536_q32_r300,5,TOSD,S,1,7,175956.371,2277.912,175962.84375
n65536_q32_r300,5,TOSD,S,1,8,175996.991,2179.764,176003.359375
n65536_q32_r300,5,TOSD,S,1,9,175903.827,2227.272,175910.6875
n65536_q32_r300,5,TOSD,S,1,10,176033.946,2153.237,176039.609375
n65536_q32_r300,5,TOSD,S,1,11,175956.777,2237.723,175962.9375
n65536_q32_r300,5,TOSD,S,1,12,176238.388,2138.565,176244.53125
n65536_q32_r300,5,TOSD,S,1,13,175815.056,2275.468,175823.359375
n65536_q32_r300,5,TOSD,S,1,14,175876.524,2317.495,175883.78125
n65536_q32_r300,5,TOSD,S,1,15,175995.575,2251.938,176002.296875
n65536_q32_r300,5,TOSD,S,1,16,175898.035,2190.592,175904.734375
n65536_q32_r300,5,TOSD,S,1,17,175937.845,2121.391,175944.203125
n65536_q32_r300,5,TOSD,S,1,18,176045.559,2222.058,176051.625
n65536_q32_r300,5,TOSD,S,1,19,175944.598,2216.28,175957.4375
n65536_q32_r300,5,TOSD,S,16,0,175973.424562,2253.8555,175979.975586
n65536_q32_r300,5,TOSD,S,16,1,176006.305938,2262.951062,176013.454102
n65536_q32_r300,5,TOSD,S,16,2,176014.291375,2280.448687,176021.818359
n65536_q32_r300,5,TOSD,S,16,3,175926.892375,2274.955062,175933.369141
n65536_q32_r300,5,TOSD,S,16,4,176000.787687,2224.622937,176007.477539
n65536_q32_r300,5,TOSD,D,1,0,167.618,37.34,175.936005
n65536_q32_r300,5,TOSD,D,1,1,166.209,37.973,172.352005
n65536_q32_r300,5,TOSD,D,1,2,165.176,36.026,171.263992
n65536_q32_r300,5,TOSD,D,1,3,165.688,37.126,171.776001
n65536_q32_r300,5,TOSD,D,1,4,163.68,36.558,169.664001
n65536_q32_r300,5,TOSD,D,1,5,165.466,37.194,171.647995
n65536_q32_r300,5,TOSD,D,1,6,164.794,39.065,171.039993
n65536_q32_r300,5,TOSD,D,1,7,163.273,36.483,169.311996
n65536_q32_r300,5,TOSD,D,1,8,165.094,36.924,171.327988
n65536_q32_r300,5,TOSD,D,1,9,164.086,37.149,170.048004
n65536_q32_r300,5,TOSD,D,1,10,163.574,37.207,169.76001
n65536_q32_r300,5,TOSD,D,1,11,164.202,36.526,170.528
n65536_q32_r300,5,TOSD,D,1,12,166.394,36.084,172.479996
n65536_q32_r300,5,TOSD,D,1,13,163.262,37.324,169.472
n65536_q32_r300,5,TOSD,D,1,14,163.072,36.945,169.152008
n65536_q32_r300,5,TOSD,D,1,15,152.958,30.834,157.631989
n65536_q32_r300,5,TOSD,D,1,16,147.658,22.373,151.328003
n65536_q32_r300,5,TOSD,D,1,17,145.932,19.902,149.12001
n65536_q32_r300,5,TOSD,D,1,18,153.197,19.481,156.608002
n65536_q32_r300,5,TOSD,D,1,19,153.095,19.704,156.287994
n65536_q32_r300,5,TOSD,D,16,0,151.481688,21.159313,154.938002
n65536_q32_r300,5,TOSD,D,16,1,151.671125,20.8015,155.5
n65536_q32_r300,5,TOSD,D,16,2,152.294312,20.942062,155.738001
n65536_q32_r300,5,TOSD,D,16,3,150.69725,21.147312,154.112
n65536_q32_r300,5,TOSD,D,16,4,149.317125,21.0085,152.48
n65536_q32_r500,0,OSTD,O,1,0,181260.141,2260.817,181278.140625
n65536_q32_r500,0,OSTD,O,1,1,181046.846,2327.475,181054.390625
n65536_q32_r500,0,OSTD,O,1,2,181206.985,2258.704,181213.796875
n65536_q32_r500,0,OSTD,O,1,3,181386.176,2340.213,181393.40625
n65536_q32_r500,0,OSTD,O,1,4,181247.347,2367.049,181254.828125
n65536_q32_r500,0,OSTD,O,1,5,180958.115,2328.972,180966.140625
n65536_q32_r500,0,OSTD,O,1,6,181470.573,2523.211,181476.671875
n65536_q32_r500,0,OSTD,O,1,7,181289.698,2521.214,181298.234375
n65536_q32_r500,0,OSTD,O,1,8,181206.105,2278.916,181212.796875
n65536_q32_r500,0,OSTD,O,1,9,181292.26,2373.503,181299.21875
n65536_q32_r500,0,OSTD,O,1,10,181436.634,2531.805,181443.6875
n65536_q32_r500,0,OSTD,O,1,11,181145.651,2371.921,181152.578125
n65536_q32_r500,0,OSTD,O,1,12,181363.971,2484.942,181372.734375
n65536_q32_r500,0,OSTD,O,1,13,181374.258,2557.682,181381.703125
n65536_q32_r500,0,OSTD,O,1,14,181237.172,2507.809,181244.328125
n65536_q32_r500,0,OSTD,O,1,15,181220.337,2409.838,181229.046875
n65536_q32_r500,0,OSTD,O,1,16,181444.555,2332.944,181451.640625
n65536_q32_r500,0,OSTD,O,1,17,181254.434,2491.496,181263.484375
n65536_q32_r500,0,OSTD,O,1,18,181170.971,2450.727,181178.328125
n65536_q32_r500,0,OSTD,O,1,19,181386.343,2413.332,181393.25
n65536_q32_r500,0,OSTD,O,16,0,181196.077375,2299.351937,181202.685547
n65536_q32_r500,0,OSTD,O,16,1,181281.206625,2344.971125,181288.793945
n65536_q32_r500,0,OSTD,O,16,2,181289.2015,2410.190312,181297.301758
n65536_q32_r500,0,OSTD,O,16,3,181278.100562,2380.57425,181286.663086
n65536_q32_r500,0,OSTD,O,16,4,181327.065437,2390.670125,181334.592773
n65536_q32_r500,0,OSTD,S,1,0,175963.4,2263.373,175974.1875
n65536_q32_r500,0,OSTD,S,1,1,177038.646,2294.778,177046.140625
n65536_q32_r500,0,OSTD,S,1,2,174964.745,2225.665,174972.96875
n65536_q32_r500,0,OSTD,S,1,3,175985.217,2245.07,175992.96875
n65536_q32_r500,0,OSTD,S,1,4,175970.089,2263.245,175977.015625
n65536_q32_r500,0,OSTD,S,1,5,175923.62,2242.962,175930.46875
n65536_q32_r500,0,OSTD,S,1,6,175932.731,2435.711,175943.59375
n65536_q32_r500,0,OSTD,S,1,7,176099.246,2635.18,176107.9375
n65536_q32_r500,0,OSTD,S,1,8,176113.006,2284.574,176122.5625
n65536_q32_r500,0,OSTD,S,1,9,176869.437,2302.88,176877.5
n65536_q32_r500,0,OSTD,S,1,10,175009.279,2240.285,175016.484375
n65536_q32_r500,0,OSTD,S,1,11,175970.683,2205.53,175978.390625
n65536_q32_r500,0,OSTD,S,1,12,175917.639,2276.183,175924.828125
n65536_q32_r500,0,OSTD,S,1,13,176034.562,2394.572,176042.8125
n65536_q32_r500,0,OSTD,S,1,14,176012.333,2213.999,176051.265625
n65536_q32_r500,0,OSTD,S,1,15,176031.808,2334.921,176038.875
n65536_q32_r500,0,OSTD,S,1,16,175827.875,2304.168,175834.5625
n65536_q32_r500,0,OSTD,S,1,17,176943.195,2268.892,176949.515625
n65536_q32_r500,0,OSTD,S,1,18,175025.495,2286.366,175032.0
n65536_q32_r500,0,OSTD,S,1,19,176020.296,2413.158,176028.703125
n65536_q32_r500,0,OSTD,S,16,0,175961.959625,2298.745438,175969.506836
n65536_q32_r500,0,OSTD,S,16,1,175974.17825,2294.96825,175982.59082
n65536_q32_r500,0,OSTD,S,16,2,175980.968,2326.873937,175990.935547
n65536_q32_r500,0,OSTD,S,16,3,175973.865688,2299.302625,175981.172852
n65536_q32_r500,0,OSTD,S,16,4,175978.599625,2406.201188,175987.594727
n65536_q32_r500,0,OSTD,T,1,0,174959.507,2225.781,174969.640625
n65536_q32_r500,0,OSTD,T,1,1,175999.132,2120.731,176005.515625
n65536_q32_r500,0,OSTD,T,1,2,175908.663,2200.613,175915.15625
n65536_q32_r500,0,OSTD,T,1,3,176112.483,2731.01,176121.3125
n65536_q32_r500,0,OSTD,T,1,4,175897.161,2306.377,175904.390625
n65536_q32_r500,0,OSTD,T,1,5,178938.839,2295.25,178946.015625
n65536_q32_r500,0,OSTD,T,1,6,174027.585,2451.937,174037.5625
n65536_q32_r500,0,OSTD,T,1,7,174908.277,2520.436,174916.9375
n65536_q32_r500,0,OSTD,T,1,8,177003.439,2361.77,177010.5625
n65536_q32_r500,0,OSTD,T,1,9,176015.114,2415.05,176024.671875
n65536_q32_r500,0,OSTD,T,1,10,175904.572,2399.242,175913.0625
n65536_q32_r500,0,OSTD,T,1,11,174966.648,2299.155,174974.109375
n65536_q32_r500,0,OSTD,T,1,12,176125.346,2491.751,176181.21875
n65536_q32_r500,0,OSTD,T,1,13,175550.146,2596.046,175559.53125
n65536_q32_r500,0,OSTD,T,1,14,176146.48,2344.042,176155.328125
n65536_q32_r500,0,OSTD,T,1,15,175977.691,2337.395,175987.9375
n65536_q32_r500,0,OSTD,T,1,16,176018.487,2452.526,176025.703125
n65536_q32_r500,0,OSTD,T,1,17,175875.603,2336.281,175882.3125
n65536_q32_r500,0,OSTD,T,1,18,175908.762,2196.628,175914.375
n65536_q32_r500,0,OSTD,T,1,19,176026.823,2186.876,176035.203125
n65536_q32_r500,0,OSTD,T,16,0,176041.919813,2286.626687,176049.289062
n65536_q32_r500,0,OSTD,T,16,1,175976.580813,2339.367812,175984.662109
n65536_q32_r500,0,OSTD,T,16,2,175921.976875,2377.29525,175930.678711
n65536_q32_r500,0,OSTD,T,16,3,176038.294375,2378.658688,176046.391602
n65536_q32_r500,0,OSTD,T,16,4,175903.299062,2339.969625,175912.069336
n65536_q32_r500,0,OSTD,D,1,0,157.151,34.494,164.256012
n65536_q32_r500,0,OSTD,D,1,1,157.535,35.692,163.231995
n65536_q32_r500,0,OSTD,D,1,2,157.109,34.848,162.783997
n65536_q32_r500,0,OSTD,D,1,3,154.528,30.376,158.399994
n65536_q32_r500,0,OSTD,D,1,4,155.215,20.101,157.951996
n65536_q32_r500,0,OSTD,D,1,5,154.021,18.877,156.544006
n65536_q32_r500,0,OSTD,D,1,6,154.326,18.456,157.056
n65536_q32_r500,0,OSTD,D,1,7,152.663,18.503,155.296005
n65536_q32_r500,0,OSTD,D,1,8,146.361,18.714,148.992004
n65536_q32_r500,0,OSTD,D,1,9,153.884,18.279,156.544006
n65536_q32_r500,0,OSTD,D,1,10,153.25,19.245,156.031998
n65536_q32_r500,0,OSTD,D,1,11,153.627,18.143,156.287994
n65536_q32_r500,0,OSTD,D,1,12,154.805,18.886,157.408005
n65536_q32_r500,0,OSTD,D,1,13,153.315,18.189,155.968002
n65536_q32_r500,0,OSTD,D,1,14,155.22,18.874,157.951996
n65536_q32_r500,0,OSTD,D,1,15,155.316,18.395,157.984009
n65536_q32_r500,0,OSTD,D,1,16,154.13,19.139,156.992004
n65536_q32_r500,0,OSTD,D,1,17,153.225,17.892,155.872009
n65536_q32_r500,0,OSTD,D,1,18,153.319,18.331,155.872009
n65536_q32_r500,0,OSTD,D,1,19,153.064,18.574,155.807999
n65536_q32_r500,0,OSTD,D,16,0,151.38675,18.137562,154.063998
n65536_q32_r500,0,OSTD,D,16,1,150.068562,17.577188,153.121996
n65536_q32_r500,0,OSTD,D,16,2,150.005688,18.17325,152.826001
n65536_q32_r500,0,OSTD,D,16,3,149.66575,17.817687,152.714
n65536_q32_r500,0,OSTD,D,16,4,149.131875,17.797812,152.007999
n65536_q32_r500,1,TDOS,T,1,0,175939.943,2132.998,175956.640625
n65536_q32_r500,1,TDOS,T,1,1,175106.511,2164.843,175113.046875
n65536_q32_r500,1,TDOS,T,1,2,175883.039,2124.121,175890.5625
n65536_q32_r500,1,TDOS,T,1,3,176066.623,2730.059,176076.734375
n65536_q32_r500,1,TDOS,T,1,4,175784.966,2226.557,175793.40625
n65536_q32_r500,1,TDOS,T,1,5,176071.25,2554.194,176080.0625
n65536_q32_r500,1,TDOS,T,1,6,175851.04,2174.583,175858.40625
n65536_q32_r500,1,TDOS,T,1,7,176036.171,2122.983,176043.90625
n65536_q32_r500,1,TDOS,T,1,8,175871.045,2073.626,175878.015625
n65536_q32_r500,1,TDOS,T,1,9,175965.867,2176.729,175973.046875
n65536_q32_r500,1,TDOS,T,1,10,176278.294,3532.937,176284.21875
n65536_q32_r500,1,TDOS,T,1,11,176784.039,2171.875,176790.75
n65536_q32_r500,1,TDOS,T,1,12,175852.348,2117.32,175859.484375
n65536_q32_r500,1,TDOS,T,1,13,176042.715,2169.712,176049.40625
n65536_q32_r500,1,TDOS,T,1,14,174840.722,2079.332,174846.96875
n65536_q32_r500,1,TDOS,T,1,15,175990.874,2145.413,175997.5
n65536_q32_r500,1,TDOS,T,1,16,176131.054,2184.517,176139.125
n65536_q32_r500,1,TDOS,T,1,17,175965.777,2207.138,175974.359375
n65536_q32_r500,1,TDOS,T,1,18,175847.839,2138.889,175854.015625
n65536_q32_r500,1,TDOS,T,1,19,175980.378,2078.631,175986.9375
n65536_q32_r500,1,TDOS,T,16,0,175975.11275,2193.253,175982.036133
n65536_q32_r500,1,TDOS,T,16,1,175978.239062,2134.099063,175984.676758
n65536_q32_r500,1,TDOS,T,16,2,175980.886625,2237.484687,175987.811523
n65536_q32_r500,1,TDOS,T,16,3,175973.355875,2283.331937,175983.974609
n65536_q32_r500,1,TDOS,T,16,4,176048.202312,2164.409438,176056.325195
n65536_q32_r500,1,TDOS,D,1,0,161.79,34.3,169.472
n65536_q32_r500,1,TDOS,D,1,1,161.238,33.77,167.487991
n65536_q32_r500,1,TDOS,D,1,2,162.056,34.017,169.824005
n65536_q32_r500,1,TDOS,D,1,3,160.044,34.356,165.919998
n65536_q32_r500,1,TDOS,D,1,4,159.75,35.25,165.695999
n65536_q32_r500,1,TDOS,D,1,5,161.03,35.873,167.007996
n65536_q32_r500,1,TDOS,D,1,6,161.35,34.652,167.487991
n65536_q32_r500,1,TDOS,D,1,7,159.045,34.085,164.992004
n65536_q32_r500,1,TDOS,D,1,8,160.963,34.188,166.783997
n65536_q32_r500,1,TDOS,D,1,9,152.527,30.206,156.832001
n65536_q32_r500,1,TDOS,D,1,10,155.023,21.266,158.432007
n65536_q32_r500,1,TDOS,D,1,11,152.422,16.271,155.231995
n65536_q32_r500,1,TDOS,D,1,12,154.541,16.247,157.472
n65536_q32_r500,1,TDOS,D,1,13,152.263,15.857,155.104004
n65536_q32_r500,1,TDOS,D,1,14,152.063,16.444,154.688004
n65536_q32_r500,1,TDOS,D,1,15,152.327,16.455,155.039993
n65536_q32_r500,1,TDOS,D,1,16,151.773,16.66,154.688004
n65536_q32_r500,1,TDOS,D,1,17,151.677,16.209,154.400009
n65536_q32_r500,1,TDOS,D,1,18,152.087,16.232,155.456009
n65536_q32_r500,1,TDOS,D,1,19,151.211,16.291,154.272003
n65536_q32_r500,1,TDOS,D,16,0,151.436063,15.93975,154.504003
n65536_q32_r500,1,TDOS,D,16,1,148.159063,16.032,151.312001
n65536_q32_r500,1,TDOS,D,16,2,148.481437,16.122437,151.501997
n65536_q32_r500,1,TDOS,D,16,3,148.439937,16.187375,151.393999
n65536_q32_r500,1,TDOS,D,16,4,147.463938,15.906813,150.426003
n65536_q32_r500,1,TDOS,O,1,0,181051.14,2232.494,181060.40625
n65536_q32_r500,1,TDOS,O,1,1,181417.665,2249.825,181424.578125
n65536_q32_r500,1,TDOS,O,1,2,181155.117,2271.583,181163.296875
n65536_q32_r500,1,TDOS,O,1,3,181266.53,2181.112,181273.109375
n65536_q32_r500,1,TDOS,O,1,4,180848.796,2117.204,180855.390625
n65536_q32_r500,1,TDOS,O,1,5,181168.948,2305.308,181177.6875
n65536_q32_r500,1,TDOS,O,1,6,181440.811,2261.491,181447.5625
n65536_q32_r500,1,TDOS,O,1,7,181320.537,2256.746,181328.765625
n65536_q32_r500,1,TDOS,O,1,8,180991.68,2185.89,180998.6875
n65536_q32_r500,1,TDOS,O,1,9,181000.989,2156.976,181008.03125
n65536_q32_r500,1,TDOS,O,1,10,180909.863,2189.657,180916.328125
n65536_q32_r500,1,TDOS,O,1,11,181033.658,2125.782,181040.0
n65536_q32_r500,1,TDOS,O,1,12,180957.995,2130.955,180964.21875
n65536_q32_r500,1,TDOS,O,1,13,180998.323,2210.471,181005.078125
n65536_q32_r500,1,TDOS,O,1,14,180968.501,2118.462,180974.859375
n65536_q32_r500,1,TDOS,O,1,15,180917.855,2140.84,180922.828125
n65536_q32_r500,1,TDOS,O,1,16,180975.376,2138.532,180982.78125
n65536_q32_r500,1,TDOS,O,1,17,181066.423,2195.863,181073.125
n65536_q32_r500,1,TDOS,O,1,18,180869.602,2156.327,180875.609375
n65536_q32_r500,1,TDOS,O,1,19,181017.581,2150.948,181024.265625
n65536_q32_r500,1,TDOS,O,16,0,181104.69275,2200.934813,181110.988281
n65536_q32_r500,1,TDOS,O,16,1,181042.378188,2195.046062,181048.760742
n65536_q32_r500,1,TDOS,O,16,2,181012.667375,2177.703625,181018.977539
n65536_q32_r500,1,TDOS,O,16,3,181080.511687,2290.444625,181087.674805
n65536_q32_r500,1,TDOS,O,16,4,181036.546313,2274.364375,181045.376953
n65536_q32_r500,1,TDOS,S,1,0,175043.104,2317.916,175052.703125
n65536_q32_r500,1,TDOS,S,1,1,175865.818,2263.514,175871.90625
n65536_q32_r500,1,TDOS,S,1,2,179024.099,2217.987,179031.265625
n65536_q32_r500,1,TDOS,S,1,3,172986.62,2170.16,172993.796875
n65536_q32_r500,1,TDOS,S,1,4,176014.546,2246.422,176021.765625
n65536_q32_r500,1,TDOS,S,1,5,176932.282,2265.995,176939.109375
n65536_q32_r500,1,TDOS,S,1,6,174928.831,2220.227,174934.234375
n65536_q32_r500,1,TDOS,S,1,7,175924.333,2164.689,175931.265625
n65536_q32_r500,1,TDOS,S,1,8,175976.091,2158.961,175982.625
n65536_q32_r500,1,TDOS,S,1,9,175987.656,2196.465,175993.671875
n65536_q32_r500,1,TDOS,S,1,10,178035.252,2256.208,178041.703125
n65536_q32_r500,1,TDOS,S,1,11,173816.039,2167.107,173820.953125
n65536_q32_r500,1,TDOS,S,1,12,176035.93,2204.157,176042.9375
n65536_q32_r500,1,TDOS,S,1,13,176028.664,2140.487,176034.5
n65536_q32_r500,1,TDOS,S,1,14,176986.317,2162.676,176992.359375
n65536_q32_r500,1,TDOS,S,1,15,174942.747,2187.818,174950.328125
n65536_q32_r500,1,TDOS,S,1,16,176024.784,2144.531,176031.234375
n65536_q32_r500,1,TDOS,S,1,17,176989.819,2290.947,176997.609375
n65536_q32_r500,1,TDOS,S,1,18,174920.489,2252.115,174927.109375
n65536_q32_r500,1,TDOS,S,1,19,178931.969,2230.42,178938.203125
n65536_q32_r500,1,TDOS,S,16,0,175797.874688,2220.798812,175804.535156
n65536_q32_r500,1,TDOS,S,16,1,176045.646625,2242.845813,176052.928711
n65536_q32_r500,1,TDOS,S,16,2,175921.918188,2210.319562,175928.580078
n65536_q32_r500,1,TDOS,S,16,3,175979.196438,1920.271125,175984.458984
n65536_q32_r500,1,TDOS,S,16,4,175978.320938,2262.101938,175985.786133
n65536_q32_r500,2,SODT,S,1,0,175890.04,2186.129,175908.421875
n65536_q32_r500,2,SODT,S,1,1,175936.543,2272.642,175942.171875
n65536_q32_r500,2,SODT,S,1,2,175990.508,2371.63,175998.59375
n65536_q32_r500,2,SODT,S,1,3,176974.327,2288.316,176981.21875
n65536_q32_r500,2,SODT,S,1,4,175947.381,2276.73,175953.46875
n65536_q32_r500,2,SODT,S,1,5,175078.06,2320.596,175086.78125
n65536_q32_r500,2,SODT,S,1,6,176886.96,2326.993,176893.953125
n65536_q32_r500,2,SODT,S,1,7,174914.841,2316.712,174921.21875
n65536_q32_r500,2,SODT,S,1,8,177007.642,2235.467,177014.96875
n65536_q32_r500,2,SODT,S,1,9,174931.841,2337.949,174938.015625
n65536_q32_r500,2,SODT,S,1,10,177008.323,2219.523,177014.8125
n65536_q32_r500,2,SODT,S,1,11,176097.257,2472.38,176118.390625
n65536_q32_r500,2,SODT,S,1,12,175770.322,2804.176,175777.6875
n65536_q32_r500,2,SODT,S,1,13,176019.434,2300.766,176027.796875
n65536_q32_r500,2,SODT,S,1,14,174949.276,2289.633,174956.3125
n65536_q32_r500,2,SODT,S,1,15,175986.323,2232.383,175992.421875
n65536_q32_r500,2,SODT,S,1,16,177018.417,2276.744,177024.671875
n65536_q32_r500,2,SODT,S,1,17,175971.897,2207.331,175979.109375
n65536_q32_r500,2,SODT,S,1,18,174940.73,2289.918,174947.0625
n65536_q32_r500,2,SODT,S,1,19,175968.535,2311.77,175975.671875
n65536_q32_r500,2,SODT,S,16,0,175979.475375,2276.3005,175985.915039
n65536_q32_r500,2,SODT,S,16,1,176053.257562,2283.052438,176059.94043
n65536_q32_r500,2,SODT,S,16,2,175909.157688,2368.869062,175916.856445
n65536_q32_r500,2,SODT,S,16,3,176048.493063,2415.437062,176055.875977
n65536_q32_r500,2,SODT,S,16,4,175910.058562,2383.313562,175916.951172
n65536_q32_r500,2,SODT,O,1,0,173986.204,2224.503,173995.9375
n65536_q32_r500,2,SODT,O,1,1,173908.752,2251.724,173915.796875
n65536_q32_r500,2,SODT,O,1,2,173978.894,2330.516,173986.59375
n65536_q32_r500,2,SODT,O,1,3,174006.118,2286.069,174012.609375
n65536_q32_r500,2,SODT,O,1,4,174378.549,2312.231,174384.328125
n65536_q32_r500,2,SODT,O,1,5,173722.288,2023.241,173727.203125
n65536_q32_r500,2,SODT,O,1,6,174313.561,2401.482,174320.453125
n65536_q32_r500,2,SODT,O,1,7,174164.933,2390.12,174171.328125
n65536_q32_r500,2,SODT,O,1,8,174008.637,2225.588,174015.65625
n65536_q32_r500,2,SODT,O,1,9,174319.887,2422.614,174326.953125
n65536_q32_r500,2,SODT,O,1,10,173861.048,2278.044,173867.5
n65536_q32_r500,2,SODT,O,1,11,174045.916,2364.258,174052.4375
n65536_q32_r500,2,SODT,O,1,12,173943.321,2370.4,173948.8125
n65536_q32_r500,2,SODT,O,1,13,173891.405,2269.106,173898.734375
n65536_q32_r500,2,SODT,O,1,14,173989.274,2280.312,173995.546875
n65536_q32_r500,2,SODT,O,1,15,174034.093,2438.949,174043.71875
n65536_q32_r500,2,SODT,O,1,16,173967.913,2319.898,173974.890625
n65536_q32_r500,2,SODT,O,1,17,173859.878,2287.379,173866.21875
n65536_q32_r500,2,SODT,O,1,18,174021.168,2334.6,174027.796875
n65536_q32_r500,2,SODT,O,1,19,173273.906,2263.743,173280.8125
n65536_q32_r500,2,SODT,O,16,0,173011.731812,2352.326375,173018.886719
n65536_q32_r500,2,SODT,O,16,1,173682.588562,2346.401875,173689.102539
n65536_q32_r500,2,SODT,O,16,2,173705.742625,2347.423,173712.496094
n65536_q32_r500,2,SODT,O,16,3,173648.538687,2310.578437,173655.400391
n65536_q32_r500,2,SODT,O,16,4,173673.597125,2364.903812,173681.984375
n65536_q32_r500,2,SODT,D,1,0,152.279,22.78,157.087997
n65536_q32_r500,2,SODT,D,1,1,152.249,23.431,156.095993
n65536_q32_r500,2,SODT,D,1,2,151.595,22.024,155.423996
n65536_q32_r500,2,SODT,D,1,3,151.533,23.244,156.416
n65536_q32_r500,2,SODT,D,1,4,151.561,22.754,154.304001
n65536_q32_r500,2,SODT,D,1,5,149.24,21.917,152.927994
n65536_q32_r500,2,SODT,D,1,6,151.074,22.492,154.655991
n65536_q32_r500,2,SODT,D,1,7,150.909,21.635,154.400009
n65536_q32_r500,2,SODT,D,1,8,159.815,24.929,164.736008
n65536_q32_r500,2,SODT,D,1,9,152.825,22.081,156.959991
n65536_q32_r500,2,SODT,D,1,10,151.467,22.847,155.007996
n65536_q32_r500,2,SODT,D,1,11,150.765,22.877,154.559998
n65536_q32_r500,2,SODT,D,1,12,150.841,22.608,154.304001
n65536_q32_r500,2,SODT,D,1,13,152.293,23.013,155.936005
n65536_q32_r500,2,SODT,D,1,14,157.349,22.561,161.152008
n65536_q32_r500,2,SODT,D,1,15,152.338,22.113,155.903992
n65536_q32_r500,2,SODT,D,1,16,150.956,22.386,154.59201
n65536_q32_r500,2,SODT,D,1,17,149.233,22.112,152.960007
n65536_q32_r500,2,SODT,D,1,18,149.878,22.255,153.503998
n65536_q32_r500,2,SODT,D,1,19,154.823,25.994,158.240005
n65536_q32_r500,2,SODT,D,16,0,143.480687,19.314688,146.662
n65536_q32_r500,2,SODT,D,16,1,142.34275,18.975625,145.343997
n65536_q32_r500,2,SODT,D,16,2,141.577,19.0605,144.584001
n65536_q32_r500,2,SODT,D,16,3,141.595188,19.286312,144.598
n65536_q32_r500,2,SODT,D,16,4,142.532563,19.32825,145.556003
n65536_q32_r500,2,SODT,T,1,0,176060.642,2353.952,176072.359375
n65536_q32_r500,2,SODT,T,1,1,175947.18,2430.567,175953.5625
n65536_q32_r500,2,SODT,T,1,2,176068.077,2432.613,176075.78125
n65536_q32_r500,2,SODT,T,1,3,175923.577,2261.728,175930.203125
n65536_q32_r500,2,SODT,T,1,4,176037.501,2434.932,176051.5625
n65536_q32_r500,2,SODT,T,1,5,175952.211,2662.157,175959.171875
n65536_q32_r500,2,SODT,T,1,6,175906.199,2315.024,175912.0625
n65536_q32_r500,2,SODT,T,1,7,175958.865,2407.067,175966.28125
n65536_q32_r500,2,SODT,T,1,8,175973.884,2374.019,175980.3125
n65536_q32_r500,2,SODT,T,1,9,176030.291,2300.904,176036.796875
n65536_q32_r500,2,SODT,T,1,10,175908.459,2366.753,175914.390625
n65536_q32_r500,2,SODT,T,1,11,175919.69,2320.889,175925.25
n65536_q32_r500,2,SODT,T,1,12,176000.621,2329.286,176007.75
n65536_q32_r500,2,SODT,T,1,13,175943.718,2234.452,175949.4375
n65536_q32_r500,2,SODT,T,1,14,176046.138,2340.409,176052.4375
n65536_q32_r500,2,SODT,T,1,15,177227.069,2437.322,177233.4375
n65536_q32_r500,2,SODT,T,1,16,174572.183,2240.23,174578.984375
n65536_q32_r500,2,SODT,T,1,17,176163.57,2321.367,176170.53125
n65536_q32_r500,2,SODT,T,1,18,175864.48,2363.127,175870.734375
n65536_q32_r500,2,SODT,T,1,19,175942.503,2258.077,175948.84375
n65536_q32_r500,2,SODT,T,16,0,175990.933125,2434.989,175998.216797
n65536_q32_r500,2,SODT,T,16,1,175973.361687,2397.316875,175980.12207
n65536_q32_r500,2,SODT,T,16,2,175976.143125,2417.10075,175983.246094
n65536_q32_r500,2,SODT,T,16,3,175985.874313,2379.908937,175992.576172
n65536_q32_r500,2,SODT,T,16,4,175973.675375,2384.339313,175980.512695
n65536_q32_r500,3,DTSO,D,1,0,165.385,37.876,179.680008
n65536_q32_r500,3,DTSO,D,1,1,167.114,37.807,172.895996
n65536_q32_r500,3,DTSO,D,1,2,161.18,35.836,167.263992
n65536_q32_r500,3,DTSO,D,1,3,163.281,36.445,169.056
n65536_q32_r500,3,DTSO,D,1,4,161.4,34.754,167.423996
n65536_q32_r500,3,DTSO,D,1,5,165.583,36.438,171.71199
n65536_q32_r500,3,DTSO,D,1,6,162.186,35.88,168.032013
n65536_q32_r500,3,DTSO,D,1,7,170.549,42.183,176.576004
n65536_q32_r500,3,DTSO,D,1,8,162.542,36.096,168.863998
n65536_q32_r500,3,DTSO,D,1,9,164.277,35.874,170.304001
n65536_q32_r500,3,DTSO,D,1,10,162.33,34.314,168.35199
n65536_q32_r500,3,DTSO,D,1,11,161.218,36.226,167.328003
n65536_q32_r500,3,DTSO,D,1,12,154.655,30.462,159.040009
n65536_q32_r500,3,DTSO,D,1,13,149.772,22.653,153.024002
n65536_q32_r500,3,DTSO,D,1,14,147.443,18.599,150.399994
n65536_q32_r500,3,DTSO,D,1,15,146.676,16.845,149.279999
n65536_q32_r500,3,DTSO,D,1,16,144.571,16.91,147.391998
n65536_q32_r500,3,DTSO,D,1,17,146.041,17.508,148.671997
n65536_q32_r500,3,DTSO,D,1,18,147.341,16.07,149.82399
n65536_q32_r500,3,DTSO,D,1,19,146.352,16.997,148.928009
n65536_q32_r500,3,DTSO,D,16,0,144.733563,17.044813,147.81
n65536_q32_r500,3,DTSO,D,16,1,143.852438,16.866375,147.015998
n65536_q32_r500,3,DTSO,D,16,2,144.441875,16.978438,147.43
n65536_q32_r500,3,DTSO,D,16,3,143.791938,17.28625,146.834002
n65536_q32_r500,3,DTSO,D,16,4,143.905625,17.318188,146.977999
n65536_q32_r500,3,DTSO,T,1,0,175943.866,2281.349,175983.203125
n65536_q32_r500,3,DTSO,T,1,1,175783.604,2198.937,175791.359375
n65536_q32_r500,3,DTSO,T,1,2,176013.497,2275.221,176021.640625
n65536_q32_r500,3,DTSO,T,1,3,175922.107,2271.477,175928.890625
n65536_q32_r500,3,DTSO,T,1,4,175974.233,2190.118,175979.84375
n65536_q32_r500,3,DTSO,T,1,5,176010.496,2240.196,176018.578125
n65536_q32_r500,3,DTSO,T,1,6,175876.428,2276.43,175883.90625
n65536_q32_r500,3,DTSO,T,1,7,176076.773,2324.907,176085.015625
n65536_q32_r500,3,DTSO,T,1,8,176995.376,2347.217,177002.421875
n65536_q32_r500,3,DTSO,T,1,9,174966.644,2287.996,174973.828125
n65536_q32_r500,3,DTSO,T,1,10,175924.461,2228.797,175932.546875
n65536_q32_r500,3,DTSO,T,1,11,175914.162,2275.805,175921.28125
n65536_q32_r500,3,DTSO,T,1,12,175993.725,2170.563,176000.578125
n65536_q32_r500,3,DTSO,T,1,13,176033.892,2333.112,176041.3125
n65536_q32_r500,3,DTSO,T,1,14,177023.986,2292.629,177031.359375
n65536_q32_r500,3,DTSO,T,1,15,174983.853,2301.149,174991.21875
n65536_q32_r500,3,DTSO,T,1,16,176195.732,2351.724,176205.6875
n65536_q32_r500,3,DTSO,T,1,17,176194.828,2459.597,176203.203125
n65536_q32_r500,3,DTSO,T,1,18,175889.84,2518.879,175897.453125
n65536_q32_r500,3,DTSO,T,1,19,176118.362,2549.296,176124.890625
n65536_q32_r500,3,DTSO,T,16,0,175938.562438,2269.572125,175945.521484
n65536_q32_r500,3,DTSO,T,16,1,176015.453625,2409.478313,176023.037109
n65536_q32_r500,3,DTSO,T,16,2,175964.402187,2425.696562,175971.981445
n65536_q32_r500,3,DTSO,T,16,3,175969.769813,2281.732875,175977.160156
n65536_q32_r500,3,DTSO,T,16,4,175976.105937,2447.624562,175983.901367
n65536_q32_r500,3,DTSO,S,1,0,176009.305,2411.066,176021.03125
n65536_q32_r500,3,DTSO,S,1,1,175930.411,2410.374,175940.4375
n65536_q32_r500,3,DTSO,S,1,2,175902.531,2297.871,175911.1875
n65536_q32_r500,3,DTSO,S,1,3,176143.652,2440.69,176150.5
n65536_q32_r500,3,DTSO,S,1,4,176091.278,2591.719,176114.390625
n65536_q32_r500,3,DTSO,S,1,5,175733.961,3035.695,175744.296875
n65536_q32_r500,3,DTSO,S,1,6,176081.132,2652.458,176088.765625
n65536_q32_r500,3,DTSO,S,1,7,175985.809,2585.974,175994.34375
n65536_q32_r500,3,DTSO,S,1,8,175898.539,2452.169,175904.890625
n65536_q32_r500,3,DTSO,S,1,9,176935.008,2426.932,176945.578125
n65536_q32_r500,3,DTSO,S,1,10,173820.5,3139.429,173831.359375
n65536_q32_r500,3,DTSO,S,1,11,176812.824,2695.845,176821.625
n65536_q32_r500,3,DTSO,S,1,12,175928.668,2386.657,175936.515625
n65536_q32_r500,3,DTSO,S,1,13,177062.903,2484.763,177073.734375
n65536_q32_r500,3,DTSO,S,1,14,175075.388,2542.282,175086.96875
n65536_q32_r500,3,DTSO,S,1,15,175824.969,2488.515,175835.875
n65536_q32_r500,3,DTSO,S,1,16,175895.806,2454.619,175904.359375
n65536_q32_r500,3,DTSO,S,1,17,175938.732,2362.012,175946.859375
n65536_q32_r500,3,DTSO,S,1,18,175970.885,2377.157,175977.796875
n65536_q32_r500,3,DTSO,S,1,19,175939.101,2333.529,175947.390625
n65536_q32_r500,3,DTSO,S,16,0,175981.593813,2409.430875,175989.31543
n65536_q32_r500,3,DTSO,S,16,1,175994.554,2326.516563,176001.777344
n65536_q32_r500,3,DTSO,S,16,2,175965.1645,2347.706812,175972.27832
n65536_q32_r500,3,DTSO,S,16,3,175992.71575,2481.865563,176002.292969
n65536_q32_r500,3,DTSO,S,16,4,175962.638312,2362.48225,175970.213867
n65536_q32_r500,3,DTSO,O,1,0,181280.424,2442.175,181291.421875
n65536_q32_r500,3,DTSO,O,1,1,181418.778,2464.982,181426.140625
n65536_q32_r500,3,DTSO,O,1,2,181152.791,2348.291,181159.859375
n65536_q32_r500,3,DTSO,O,1,3,181450.797,2433.234,181459.8125
n65536_q32_r500,3,DTSO,O,1,4,181474.295,2368.267,181480.984375
n65536_q32_r500,3,DTSO,O,1,5,181233.704,2431.437,181240.734375
n65536_q32_r500,3,DTSO,O,1,6,181627.106,2594.908,181636.90625
n65536_q32_r500,3,DTSO,O,1,7,181589.221,2519.746,181606.953125
n65536_q32_r500,3,DTSO,O,1,8,181694.249,2936.013,181703.875
n65536_q32_r500,3,DTSO,O,1,9,181591.542,2556.927,181599.28125
n65536_q32_r500,3,DTSO,O,1,10,181320.27,2486.852,181328.703125
n65536_q32_r500,3,DTSO,O,1,11,181374.112,2549.521,181380.796875
n65536_q32_r500,3,DTSO,O,1,12,181399.074,2484.702,181406.265625
n65536_q32_r500,3,DTSO,O,1,13,181652.235,2405.402,181659.265625
n65536_q32_r500,3,DTSO,O,1,14,181237.006,2244.396,181243.421875
n65536_q32_r500,3,DTSO,O,1,15,181424.0,2442.593,181431.359375
n65536_q32_r500,3,DTSO,O,1,16,181208.855,2288.91,181215.859375
n65536_q32_r500,3,DTSO,O,1,17,181503.459,2889.08,181512.859375
n65536_q32_r500,3,DTSO,O,1,18,181753.67,2796.444,181763.140625
n65536_q32_r500,3,DTSO,O,1,19,181688.923,2625.913,181696.515625
n65536_q32_r500,3,DTSO,O,16,0,181532.021938,2615.468188,181544.294922
n65536_q32_r500,3,DTSO,O,16,1,181371.731563,2459.032,181378.900391
n65536_q32_r500,3,DTSO,O,16,2,181296.950813,2402.034438,181303.623047
n65536_q32_r500,3,DTSO,O,16,3,181455.907562,2465.081437,181463.663086
n65536_q32_r500,3,DTSO,O,16,4,181350.064625,2428.297625,181359.941406
n65536_q32_r500,4,DSOT,D,1,0,162.194,29.519,175.615997
n65536_q32_r500,4,DSOT,D,1,1,171.281,29.625,176.287994
n65536_q32_r500,4,DSOT,D,1,2,167.945,27.787,172.736008
n65536_q32_r500,4,DSOT,D,1,3,161.976,27.875,166.367996
n65536_q32_r500,4,DSOT,D,1,4,160.669,26.728,165.12001
n65536_q32_r500,4,DSOT,D,1,5,154.279,27.239,158.432007
n65536_q32_r500,4,DSOT,D,1,6,155.1,26.634,159.776001
n65536_q32_r500,4,DSOT,D,1,7,154.571,27.003,159.360001
n65536_q32_r500,4,DSOT,D,1,8,154.525,27.735,158.783997
n65536_q32_r500,4,DSOT,D,1,9,154.891,26.742,159.647995
n65536_q32_r500,4,DSOT,D,1,10,161.881,26.239,167.136002
n65536_q32_r500,4,DSOT,D,1,11,154.394,26.327,159.104004
n65536_q32_r500,4,DSOT,D,1,12,154.186,27.194,159.23201
n65536_q32_r500,4,DSOT,D,1,13,160.63,26.565,164.959991
n65536_q32_r500,4,DSOT,D,1,14,150.245,26.215,154.880005
n65536_q32_r500,4,DSOT,D,1,15,151.947,25.937,156.575989
n65536_q32_r500,4,DSOT,D,1,16,151.449,27.698,156.128006
n65536_q32_r500,4,DSOT,D,1,17,159.433,33.338,164.352005
n65536_q32_r500,4,DSOT,D,1,18,156.667,26.097,160.991989
n65536_q32_r500,4,DSOT,D,1,19,162.48,33.071,167.455994
n65536_q32_r500,4,DSOT,D,16,0,157.7285,27.49575,162.403999
n65536_q32_r500,4,DSOT,D,16,1,157.812,27.160125,162.909999
n65536_q32_r500,4,DSOT,D,16,2,157.369875,26.730187,162.153999
n65536_q32_r500,4,DSOT,D,16,3,158.103625,28.125938,162.893999
n65536_q32_r500,4,DSOT,D,16,4,156.217812,27.017188,160.978001
n65536_q32_r500,4,DSOT,S,1,0,175760.536,2511.824,175772.46875
n65536_q32_r500,4,DSOT,S,1,1,176041.608,2509.977,176050.875
n65536_q32_r500,4,DSOT,S,1,2,175990.967,2364.783,175999.765625
n65536_q32_r500,4,DSOT,S,1,3,175989.609,2442.959,176000.296875
n65536_q32_r500,4,DSOT,S,1,4,176240.174,2553.321,176250.53125
n65536_q32_r500,4,DSOT,S,1,5,175586.385,2267.653,175595.640625
n65536_q32_r500,4,DSOT,S,1,6,176001.111,2284.24,176009.890625
n65536_q32_r500,4,DSOT,S,1,7,175893.31,2450.696,175902.140625
n65536_q32_r500,4,DSOT,S,1,8,176004.155,2540.917,176013.65625
n65536_q32_r500,4,DSOT,S,1,9,176043.755,2403.674,176055.90625
n65536_q32_r500,4,DSOT,S,1,10,176020.931,2605.124,176031.03125
n65536_q32_r500,4,DSOT,S,1,11,175915.33,2473.258,175924.0
n65536_q32_r500,4,DSOT,S,1,12,175968.848,2529.812,175976.890625
n65536_q32_r500,4,DSOT,S,1,13,175980.804,2374.944,175991.171875
n65536_q32_r500,4,DSOT,S,1,14,175847.381,2454.126,175856.734375
n65536_q32_r500,4,DSOT,S,1,15,176070.149,2590.437,176080.0
n65536_q32_r500,4,DSOT,S,1,16,176059.808,2576.416,176083.96875
n65536_q32_r500,4,DSOT,S,1,17,175618.635,2901.584,175628.359375
n65536_q32_r500,4,DSOT,S,1,18,176146.208,2512.95,176155.484375
n65536_q32_r500,4,DSOT,S,1,19,175973.479,2428.291,175981.015625
n65536_q32_r500,4,DSOT,S,16,0,175975.895813,2493.58025,175984.499023
n65536_q32_r500,4,DSOT,S,16,1,175974.4125,2361.680187,175981.678711
n65536_q32_r500,4,DSOT,S,16,2,175982.542875,2335.297312,175990.135742
n65536_q32_r500,4,DSOT,S,16,3,175979.179938,2300.154375,175986.095703
n65536_q32_r500,4,DSOT,S,16,4,175953.330875,2495.412875,175964.357422
n65536_q32_r500,4,DSOT,O,1,0,181790.182,2320.388,181801.46875
n65536_q32_r500,4,DSOT,O,1,1,181428.137,2429.768,181435.578125
n65536_q32_r500,4,DSOT,O,1,2,181531.562,2430.497,181537.59375
n65536_q32_r500,4,DSOT,O,1,3,181579.414,2589.083,181586.859375
n65536_q32_r500,4,DSOT,O,1,4,181344.934,2449.745,181352.53125
n65536_q32_r500,4,DSOT,O,1,5,181566.89,2513.366,181573.671875
n65536_q32_r500,4,DSOT,O,1,6,181460.418,2512.691,181523.96875
n65536_q32_r500,4,DSOT,O,1,7,181856.809,2807.285,181867.0625
n65536_q32_r500,4,DSOT,O,1,8,181686.013,2628.143,181695.96875
n65536_q32_r500,4,DSOT,O,1,9,181094.641,2098.075,181101.0
n65536_q32_r500,4,DSOT,O,1,10,181550.699,2528.957,181558.15625
n65536_q32_r500,4,DSOT,O,1,11,181647.332,2467.269,181657.671875
n65536_q32_r500,4,DSOT,O,1,12,181589.174,2627.044,181596.890625
n65536_q32_r500,4,DSOT,O,1,13,181754.908,2621.179,181763.640625
n65536_q32_r500,4,DSOT,O,1,14,181627.466,2567.338,181636.796875
n65536_q32_r500,4,DSOT,O,1,15,181646.815,2619.033,181654.53125
n65536_q32_r500,4,DSOT,O,1,16,181401.571,2527.245,181408.703125
n65536_q32_r500,4,DSOT,O,1,17,181540.856,2564.839,181551.109375
n65536_q32_r500,4,DSOT,O,1,18,181702.097,2572.582,181710.65625
n65536_q32_r500,4,DSOT,O,1,19,181292.608,2486.488,181301.140625
n65536_q32_r500,4,DSOT,O,16,0,181476.69625,2545.70725,181484.820312
n65536_q32_r500,4,DSOT,O,16,1,181339.47525,2405.9915,181347.033203
n65536_q32_r500,4,DSOT,O,16,2,181398.905875,2540.804875,181407.241211
n65536_q32_r500,4,DSOT,O,16,3,181333.446625,2432.51925,181340.996094
n65536_q32_r500,4,DSOT,O,16,4,181365.3235,2378.692375,181372.851562
n65536_q32_r500,4,DSOT,T,1,0,175950.087,2249.386,175962.8125
n65536_q32_r500,4,DSOT,T,1,1,175785.81,2312.805,175793.375
n65536_q32_r500,4,DSOT,T,1,2,176040.948,2346.943,176050.40625
n65536_q32_r500,4,DSOT,T,1,3,177109.227,2313.639,177116.984375
n65536_q32_r500,4,DSOT,T,1,4,175327.886,2516.152,175335.765625
n65536_q32_r500,4,DSOT,T,1,5,176173.525,2780.781,176183.328125
n65536_q32_r500,4,DSOT,T,1,6,175591.614,2637.185,175601.984375
n65536_q32_r500,4,DSOT,T,1,7,175895.859,2499.024,175904.515625
n65536_q32_r500,4,DSOT,T,1,8,175987.292,2502.495,175996.796875
n65536_q32_r500,4,DSOT,T,1,9,176866.644,2300.594,176873.984375
n65536_q32_r500,4,DSOT,T,1,10,175004.577,2481.223,175014.078125
n65536_q32_r500,4,DSOT,T,1,11,175892.159,2540.118,175900.390625
n65536_q32_r500,4,DSOT,T,1,12,176161.701,2475.24,176169.859375
n65536_q32_r500,4,DSOT,T,1,13,176002.951,2507.597,176011.390625
n65536_q32_r500,4,DSOT,T,1,14,175825.745,2490.557,175831.65625
n65536_q32_r500,4,DSOT,T,1,15,176175.525,2497.416,176184.0625
n65536_q32_r500,4,DSOT,T,1,16,176173.445,2562.5,176180.734375
n65536_q32_r500,4,DSOT,T,1,17,175607.555,2430.999,175616.171875
n65536_q32_r500,4,DSOT,T,1,18,175817.96,2347.771,175825.46875
n65536_q32_r500,4,DSOT,T,1,19,175777.834,2305.284,175784.34375
n65536_q32_r500,4,DSOT,T,16,0,176000.322687,2386.050562,176007.549805
n65536_q32_r500,4,DSOT,T,16,1,175959.053938,2374.451563,175966.797852
n65536_q32_r500,4,DSOT,T,16,2,176000.97525,2412.165062,176008.734375
n65536_q32_r500,4,DSOT,T,16,3,175972.159125,2494.17975,175980.350586
n65536_q32_r500,4,DSOT,T,16,4,176042.517312,2561.162375,176051.185547
n65536_q32_r500,5,TOSD,T,1,0,176141.905,2504.141,176159.859375
n65536_q32_r500,5,TOSD,T,1,1,175868.761,2491.931,175877.921875
n65536_q32_r500,5,TOSD,T,1,2,175926.02,2384.0,175932.15625
n65536_q32_r500,5,TOSD,T,1,3,176128.529,2429.244,176138.65625
n65536_q32_r500,5,TOSD,T,1,4,176147.025,2408.003,176155.390625
n65536_q32_r500,5,TOSD,T,1,5,175845.1,2485.37,175852.53125
n65536_q32_r500,5,TOSD,T,1,6,176187.461,2386.073,176196.0
n65536_q32_r500,5,TOSD,T,1,7,175873.189,2445.48,175880.296875
n65536_q32_r500,5,TOSD,T,1,8,176228.395,2368.034,176239.234375
n65536_q32_r500,5,TOSD,T,1,9,175393.723,2413.827,175402.234375
n65536_q32_r500,5,TOSD,T,1,10,176050.437,2519.44,176057.65625
n65536_q32_r500,5,TOSD,T,1,11,175771.617,2222.178,175779.796875
n65536_q32_r500,5,TOSD,T,1,12,176052.614,2316.015,176058.828125
n65536_q32_r500,5,TOSD,T,1,13,175944.538,2375.358,175953.453125
n65536_q32_r500,5,TOSD,T,1,14,175958.347,2414.647,175967.6875
n65536_q32_r500,5,TOSD,T,1,15,175914.677,2382.805,175921.921875
n65536_q32_r500,5,TOSD,T,1,16,175946.777,2323.162,175954.109375
n65536_q32_r500,5,TOSD,T,1,17,176419.581,2485.08,176428.15625
n65536_q32_r500,5,TOSD,T,1,18,175552.145,2315.889,175560.09375
n65536_q32_r500,5,TOSD,T,1,19,176307.415,2474.737,176314.9375
n65536_q32_r500,5,TOSD,T,16,0,175972.050188,2394.220563,175979.819336
n65536_q32_r500,5,TOSD,T,16,1,175956.627625,2414.247813,175965.163086
n65536_q32_r500,5,TOSD,T,16,2,176029.530438,2374.429313,176036.942383
n65536_q32_r500,5,TOSD,T,16,3,175917.566437,2300.233563,175924.503906
n65536_q32_r500,5,TOSD,T,16,4,175973.729375,2313.406563,175980.922852
n65536_q32_r500,5,TOSD,O,1,0,181279.72,2379.397,181290.328125
n65536_q32_r500,5,TOSD,O,1,1,181433.605,2412.242,181439.328125
n65536_q32_r500,5,TOSD,O,1,2,180730.769,1925.886,180735.84375
n65536_q32_r500,5,TOSD,O,1,3,181664.835,2331.36,181671.09375
n65536_q32_r500,5,TOSD,O,1,4,181012.841,2365.464,181020.421875
n65536_q32_r500,5,TOSD,O,1,5,180893.706,2359.728,180900.671875
n65536_q32_r500,5,TOSD,O,1,6,181205.849,2362.703,181212.515625
n65536_q32_r500,5,TOSD,O,1,7,181313.094,2339.41,181320.359375
n65536_q32_r500,5,TOSD,O,1,8,181153.532,2352.403,181160.125
n65536_q32_r500,5,TOSD,O,1,9,181094.531,2244.309,181100.765625
n65536_q32_r500,5,TOSD,O,1,10,181020.225,2392.465,181027.671875
n65536_q32_r500,5,TOSD,O,1,11,180978.339,2336.861,180985.125
n65536_q32_r500,5,TOSD,O,1,12,181093.506,2322.496,181099.609375
n65536_q32_r500,5,TOSD,O,1,13,180916.996,2253.041,180923.109375
n65536_q32_r500,5,TOSD,O,1,14,181293.17,2355.966,181300.21875
n65536_q32_r500,5,TOSD,O,1,15,181391.322,2360.947,181397.859375
n65536_q32_r500,5,TOSD,O,1,16,181251.741,2334.648,181257.890625
n65536_q32_r500,5,TOSD,O,1,17,181232.439,2353.166,181240.15625
n65536_q32_r500,5,TOSD,O,1,18,181363.475,2358.927,181370.40625
n65536_q32_r500,5,TOSD,O,1,19,181301.874,2242.837,181308.375
n65536_q32_r500,5,TOSD,O,16,0,181267.13825,2361.614125,181274.291992
n65536_q32_r500,5,TOSD,O,16,1,181236.7205,2320.809812,181243.318359
n65536_q32_r500,5,TOSD,O,16,2,181171.270312,2328.565313,181177.969727
n65536_q32_r500,5,TOSD,O,16,3,181290.632563,2352.44975,181297.484375
n65536_q32_r500,5,TOSD,O,16,4,181255.564563,2337.349125,181261.817383
n65536_q32_r500,5,TOSD,S,1,0,176025.533,2157.978,176034.390625
n65536_q32_r500,5,TOSD,S,1,1,176052.298,2297.63,176060.375
n65536_q32_r500,5,TOSD,S,1,2,175911.442,2311.109,175917.953125
n65536_q32_r500,5,TOSD,S,1,3,176010.277,2240.357,176016.15625
n65536_q32_r500,5,TOSD,S,1,4,175917.536,2226.99,175925.46875
n65536_q32_r500,5,TOSD,S,1,5,175965.597,2232.457,175972.375
n65536_q32_r500,5,TOSD,S,1,6,175923.205,2278.227,175929.53125
n65536_q32_r500,5,TOSD,S,1,7,176017.036,2289.017,176023.421875
n65536_q32_r500,5,TOSD,S,1,8,176008.652,2337.251,176016.09375
n65536_q32_r500,5,TOSD,S,1,9,175993.135,2223.127,176000.734375
n65536_q32_r500,5,TOSD,S,1,10,175918.559,2302.085,175925.453125
n65536_q32_r500,5,TOSD,S,1,11,176015.1,2225.159,176021.5625
n65536_q32_r500,5,TOSD,S,1,12,175905.765,2274.046,175912.1875
n65536_q32_r500,5,TOSD,S,1,13,176003.681,2301.584,176010.109375
n65536_q32_r500,5,TOSD,S,1,14,175977.953,2241.243,175984.578125
n65536_q32_r500,5,TOSD,S,1,15,176032.057,2323.838,176039.90625
n65536_q32_r500,5,TOSD,S,1,16,175933.006,2317.808,175939.828125
n65536_q32_r500,5,TOSD,S,1,17,175951.85,2276.71,175958.265625
n65536_q32_r500,5,TOSD,S,1,18,175948.608,2336.179,175955.515625
n65536_q32_r500,5,TOSD,S,1,19,175997.622,2251.499,176004.171875
n65536_q32_r500,5,TOSD,S,16,0,175976.177375,2278.58675,175982.96875
n65536_q32_r500,5,TOSD,S,16,1,176046.425562,2278.8195,176053.371094
n65536_q32_r500,5,TOSD,S,16,2,175935.265125,2312.42425,175942.782227
n65536_q32_r500,5,TOSD,S,16,3,175962.692375,2322.180625,175969.921875
n65536_q32_r500,5,TOSD,S,16,4,175974.223687,2293.646312,175981.677734
n65536_q32_r500,5,TOSD,D,1,0,161.922,28.556,168.512009
n65536_q32_r500,5,TOSD,D,1,1,163.061,29.56,168.160004
n65536_q32_r500,5,TOSD,D,1,2,160.447,27.34,165.375992
n65536_q32_r500,5,TOSD,D,1,3,160.076,27.059,164.832001
n65536_q32_r500,5,TOSD,D,1,4,167.647,28.471,172.447998
n65536_q32_r500,5,TOSD,D,1,5,160.076,28.328,164.800003
n65536_q32_r500,5,TOSD,D,1,6,159.314,27.524,164.447998
n65536_q32_r500,5,TOSD,D,1,7,162.87,45.767,168.384003
n65536_q32_r500,5,TOSD,D,1,8,161.016,27.683,165.792007
n65536_q32_r500,5,TOSD,D,1,9,160.144,27.481,164.959991
n65536_q32_r500,5,TOSD,D,1,10,158.852,28.506,163.776001
n65536_q32_r500,5,TOSD,D,1,11,159.11,28.124,163.872009
n65536_q32_r500,5,TOSD,D,1,12,160.724,28.335,165.759995
n65536_q32_r500,5,TOSD,D,1,13,160.245,27.929,165.216003
n65536_q32_r500,5,TOSD,D,1,14,159.575,27.209,164.383987
n65536_q32_r500,5,TOSD,D,1,15,158.685,27.02,163.584
n65536_q32_r500,5,TOSD,D,1,16,157.273,26.951,161.248001
n65536_q32_r500,5,TOSD,D,1,17,156.309,19.686,158.912003
n65536_q32_r500,5,TOSD,D,1,18,159.24,20.581,163.039993
n65536_q32_r500,5,TOSD,D,1,19,154.49,17.034,157.695999
n65536_q32_r500,5,TOSD,D,16,0,153.4075,18.553812,156.714002
n65536_q32_r500,5,TOSD,D,16,1,151.754313,18.69825,155.028
n65536_q32_r500,5,TOSD,D,16,2,153.218313,18.451875,156.524
n65536_q32_r500,5,TOSD,D,16,3,153.480625,18.59825,156.715999
n65536_q32_r500,5,TOSD,D,16,4,151.900875,18.6635,155.119999
n65536_q128_r300,0,OSTD,O,1,0,560647.304,2477.783,560671.6875
n65536_q128_r300,0,OSTD,O,1,1,558215.217,2495.902,558223.6875
n65536_q128_r300,0,OSTD,O,1,2,560025.279,2512.293,560033.0625
n65536_q128_r300,0,OSTD,O,1,3,557566.384,2356.968,557574.6875
n65536_q128_r300,0,OSTD,O,1,4,559183.153,2516.835,559191.3125
n65536_q128_r300,0,OSTD,O,1,5,558942.08,2541.586,558951.5625
n65536_q128_r300,0,OSTD,O,1,6,558439.994,2421.721,558448.375
n65536_q128_r300,0,OSTD,O,1,7,557765.874,2500.762,557774.125
n65536_q128_r300,0,OSTD,O,1,8,558936.676,2494.933,558944.9375
n65536_q128_r300,0,OSTD,O,1,9,557808.311,2548.461,557816.3125
n65536_q128_r300,0,OSTD,O,1,10,567021.14,2433.8,567030.0625
n65536_q128_r300,0,OSTD,O,1,11,557991.034,2554.321,557999.25
n65536_q128_r300,0,OSTD,O,1,12,559996.558,2652.914,560014.3125
n65536_q128_r300,0,OSTD,O,1,13,557372.366,2773.203,557381.625
n65536_q128_r300,0,OSTD,O,1,14,559925.466,3184.98,559936.4375
n65536_q128_r300,0,OSTD,O,1,15,558588.663,2426.968,558617.4375
n65536_q128_r300,0,OSTD,O,1,16,559524.93,2762.681,559533.8125
n65536_q128_r300,0,OSTD,O,1,17,557753.045,2384.177,557761.25
n65536_q128_r300,0,OSTD,O,1,18,558842.059,2385.718,558849.1875
n65536_q128_r300,0,OSTD,O,1,19,557785.266,2474.691,557793.1875
n65536_q128_r300,0,OSTD,O,16,0,559065.71375,2357.478313,559073.640625
n65536_q128_r300,0,OSTD,O,16,1,559324.2815,2377.691938,559334.234375
n65536_q128_r300,0,OSTD,O,16,2,546569.839625,2507.295187,546578.273438
n65536_q128_r300,0,OSTD,O,16,3,535486.79975,2282.692437,535492.796875
n65536_q128_r300,0,OSTD,O,16,4,535459.38325,2298.477438,535465.945312
n65536_q128_r300,0,OSTD,S,1,0,191896.846,2155.725,191906.3125
n65536_q128_r300,0,OSTD,S,1,1,191940.047,2155.592,191947.140625
n65536_q128_r300,0,OSTD,S,1,2,191973.525,2167.598,191981.125
n65536_q128_r300,0,OSTD,S,1,3,191985.66,2193.636,191992.296875
n65536_q128_r300,0,OSTD,S,1,4,191916.717,2108.305,191923.4375
n65536_q128_r300,0,OSTD,S,1,5,192037.237,2182.023,192044.09375
n65536_q128_r300,0,OSTD,S,1,6,192027.351,2303.733,192046.234375
n65536_q128_r300,0,OSTD,S,1,7,191997.728,2668.887,192007.90625
n65536_q128_r300,0,OSTD,S,1,8,191830.426,2251.338,191838.96875
n65536_q128_r300,0,OSTD,S,1,9,191979.068,2269.412,191986.90625
n65536_q128_r300,0,OSTD,S,1,10,192616.24,2383.031,192623.9375
n65536_q128_r300,0,OSTD,S,1,11,192261.983,2028.967,192270.59375
n65536_q128_r300,0,OSTD,S,1,12,191884.653,2440.629,191892.671875
n65536_q128_r300,0,OSTD,S,1,13,191891.082,2388.238,191899.171875
n65536_q128_r300,0,OSTD,S,1,14,191813.884,2423.34,191820.734375
n65536_q128_r300,0,OSTD,S,1,15,192075.549,2344.553,192083.09375
n65536_q128_r300,0,OSTD,S,1,16,192121.902,2395.681,192129.875
n65536_q128_r300,0,OSTD,S,1,17,191971.811,2392.432,191987.015625
n65536_q128_r300,0,OSTD,S,1,18,191961.793,2385.698,191969.953125
n65536_q128_r300,0,OSTD,S,1,19,191810.045,2376.962,191816.71875
n65536_q128_r300,0,OSTD,S,16,0,192015.724188,2365.539125,192023.65918
n65536_q128_r300,0,OSTD,S,16,1,191883.91275,2336.191875,191891.261719
n65536_q128_r300,0,OSTD,S,16,2,192044.655812,2251.131,192051.880859
n65536_q128_r300,0,OSTD,S,16,3,192480.87875,2856.335625,192488.837891
n65536_q128_r300,0,OSTD,S,16,4,191975.058125,2435.02775,191983.679688
n65536_q128_r300,0,OSTD,T,1,0,192452.388,2297.472,192461.984375
n65536_q128_r300,0,OSTD,T,1,1,191937.438,2345.811,191945.25
n65536_q128_r300,0,OSTD,T,1,2,193219.047,2431.84,193227.0
n65536_q128_r300,0,OSTD,T,1,3,190843.042,2460.154,190850.71875
n65536_q128_r300,0,OSTD,T,1,4,192887.274,2364.87,192895.328125
n65536_q128_r300,0,OSTD,T,1,5,190847.429,2324.992,190855.1875
n65536_q128_r300,0,OSTD,T,1,6,191992.549,2196.139,191999.765625
n65536_q128_r300,0,OSTD,T,1,7,192064.669,2371.493,192072.453125
n65536_q128_r300,0,OSTD,T,1,8,192061.94,2485.576,192070.65625
n65536_q128_r300,0,OSTD,T,1,9,192102.822,2425.479,192109.984375
n65536_q128_r300,0,OSTD,T,1,10,191640.084,2199.923,191647.0
n65536_q128_r300,0,OSTD,T,1,11,191193.144,2298.427,191200.640625
n65536_q128_r300,0,OSTD,T,1,12,192157.547,2394.97,192164.46875
n65536_q128_r300,0,OSTD,T,1,13,191925.582,2191.055,191932.609375
n65536_q128_r300,0,OSTD,T,1,14,191951.065,2232.983,191958.046875
n65536_q128_r300,0,OSTD,T,1,15,191994.817,2286.559,192001.546875
n65536_q128_r300,0,OSTD,T,1,16,191985.094,2255.926,191991.75
n65536_q128_r300,0,OSTD,T,1,17,192005.999,2269.273,192012.578125
n65536_q128_r300,0,OSTD,T,1,18,191851.961,2350.991,191858.6875
n65536_q128_r300,0,OSTD,T,1,19,192086.107,2402.272,192101.4375
n65536_q128_r300,0,OSTD,T,16,0,192029.68525,2430.247125,192038.269531
n65536_q128_r300,0,OSTD,T,16,1,191989.013375,2402.052938,191996.920898
n65536_q128_r300,0,OSTD,T,16,2,192041.92025,2596.133438,192050.005859
n65536_q128_r300,0,OSTD,T,16,3,191841.613563,2493.59625,191850.527344
n65536_q128_r300,0,OSTD,T,16,4,191980.875875,2538.416562,191989.826172
n65536_q128_r300,0,OSTD,D,1,0,406.384,30.897,412.319977
n65536_q128_r300,0,OSTD,D,1,1,397.693,22.634,400.575989
n65536_q128_r300,0,OSTD,D,1,2,398.62,20.735,401.664001
n65536_q128_r300,0,OSTD,D,1,3,404.776,25.469,407.456024
n65536_q128_r300,0,OSTD,D,1,4,398.147,20.729,401.088013
n65536_q128_r300,0,OSTD,D,1,5,402.353,20.951,405.343994
n65536_q128_r300,0,OSTD,D,1,6,396.608,20.937,399.807983
n65536_q128_r300,0,OSTD,D,1,7,401.642,20.161,418.976013
n65536_q128_r300,0,OSTD,D,1,8,401.264,20.653,404.127991
n65536_q128_r300,0,OSTD,D,1,9,397.663,20.602,400.864014
n65536_q128_r300,0,OSTD,D,1,10,399.058,22.875,402.399994
n65536_q128_r300,0,OSTD,D,1,11,399.771,25.572,403.135986
n65536_q128_r300,0,OSTD,D,1,12,400.259,22.075,403.744019
n65536_q128_r300,0,OSTD,D,1,13,398.234,22.92,401.440002
n65536_q128_r300,0,OSTD,D,1,14,397.52,23.845,400.959991
n65536_q128_r300,0,OSTD,D,1,15,396.456,22.637,398.976013
n65536_q128_r300,0,OSTD,D,1,16,399.092,22.589,402.399994
n65536_q128_r300,0,OSTD,D,1,17,397.684,24.214,401.984009
n65536_q128_r300,0,OSTD,D,1,18,397.947,23.301,401.311981
n65536_q128_r300,0,OSTD,D,1,19,401.133,24.255,404.864014
n65536_q128_r300,0,OSTD,D,16,0,400.539562,26.145875,404.507998
n65536_q128_r300,0,OSTD,D,16,1,400.978813,27.27625,405.022001
n65536_q128_r300,0,OSTD,D,16,2,400.349125,26.289625,404.519999
n65536_q128_r300,0,OSTD,D,16,3,400.773938,26.625313,404.987995
n65536_q128_r300,0,OSTD,D,16,4,400.453375,25.673688,404.776001
n65536_q128_r300,1,TDOS,T,1,0,31449.144,2252.21,31467.712891
n65536_q128_r300,1,TDOS,T,1,1,32175.836,2266.312,32183.712891
n65536_q128_r300,1,TDOS,T,1,2,32159.28,2392.371,32166.111328
n65536_q128_r300,1,TDOS,T,1,3,31569.617,2052.899,31576.638672
n65536_q128_r300,1,TDOS,T,1,4,31469.652,2239.546,31478.464844
n65536_q128_r300,1,TDOS,T,1,5,161235.497,2242.113,161242.8125
n65536_q128_r300,1,TDOS,T,1,6,31488.099,2210.923,31494.720703
n65536_q128_r300,1,TDOS,T,1,7,32240.619,2084.605,32245.662109
n65536_q128_r300,1,TDOS,T,1,8,31375.923,2299.824,31382.783203
n65536_q128_r300,1,TDOS,T,1,9,32084.111,2340.047,32092.033203
n65536_q128_r300,1,TDOS,T,1,10,31359.981,2313.396,31368.353516
n65536_q128_r300,1,TDOS,T,1,11,161414.135,2087.096,161424.421875
n65536_q128_r300,1,TDOS,T,1,12,31693.188,2716.202,31699.136719
n65536_q128_r300,1,TDOS,T,1,13,32044.082,2104.327,32049.248047
n65536_q128_r300,1,TDOS,T,1,14,31280.05,2310.261,31286.720703
n65536_q128_r300,1,TDOS,T,1,15,31486.174,2217.458,31493.121094
n65536_q128_r300,1,TDOS,T,1,16,31346.099,2179.732,31353.632812
n65536_q128_r300,1,TDOS,T,1,17,169826.312,2201.498,169833.859375
n65536_q128_r300,1,TDOS,T,1,18,31775.11,2517.88,31780.607422
n65536_q128_r300,1,TDOS,T,1,19,32553.057,2300.85,32559.105469
n65536_q128_r300,1,TDOS,T,16,0,47343.089625,2233.663312,47350.420166
n65536_q128_r300,1,TDOS,T,16,1,56565.913125,2354.877875,56573.809326
n65536_q128_r300,1,TDOS,T,16,2,48390.405563,2323.66775,48398.356079
n65536_q128_r300,1,TDOS,T,16,3,64044.506813,2247.6825,64053.144531
n65536_q128_r300,1,TDOS,T,16,4,191896.456375,2277.133375,191904.006836
n65536_q128_r300,1,TDOS,D,1,0,409.419,36.963,420.031982
n65536_q128_r300,1,TDOS,D,1,1,410.669,37.365,417.311981
n65536_q128_r300,1,TDOS,D,1,2,408.841,36.323,414.752014
n65536_q128_r300,1,TDOS,D,1,3,415.842,39.477,422.719971
n65536_q128_r300,1,TDOS,D,1,4,409.458,37.134,415.744019
n65536_q128_r300,1,TDOS,D,1,5,413.375,37.52,419.232025
n65536_q128_r300,1,TDOS,D,1,6,410.166,35.992,416.159973
n65536_q128_r300,1,TDOS,D,1,7,418.463,39.736,426.399994
n65536_q128_r300,1,TDOS,D,1,8,404.996,32.956,409.312012
n65536_q128_r300,1,TDOS,D,1,9,399.279,24.435,403.29599
n65536_q128_r300,1,TDOS,D,1,10,401.843,24.977,405.856018
n65536_q128_r300,1,TDOS,D,1,11,398.48,24.032,402.624023
n65536_q128_r300,1,TDOS,D,1,12,400.769,27.343,404.639984
n65536_q128_r300,1,TDOS,D,1,13,405.751,27.115,409.727997
n65536_q128_r300,1,TDOS,D,1,14,400.8,25.654,404.575989
n65536_q128_r300,1,TDOS,D,1,15,400.218,24.763,404.223999
n65536_q128_r300,1,TDOS,D,1,16,398.789,25.605,402.752014
n65536_q128_r300,1,TDOS,D,1,17,405.883,25.759,410.015991
n65536_q128_r300,1,TDOS,D,1,18,401.607,26.122,405.856018
n65536_q128_r300,1,TDOS,D,1,19,401.176,25.788,405.247986
n65536_q128_r300,1,TDOS,D,16,0,401.552437,25.981,405.873997
n65536_q128_r300,1,TDOS,D,16,1,402.53075,27.253062,406.990002
n65536_q128_r300,1,TDOS,D,16,2,402.383938,27.396313,407.306002
n65536_q128_r300,1,TDOS,D,16,3,399.719437,26.175813,403.949995
n65536_q128_r300,1,TDOS,D,16,4,401.507875,26.838063,406.104002
n65536_q128_r300,1,TDOS,O,1,0,558703.609,2545.927,558714.375
n65536_q128_r300,1,TDOS,O,1,1,557101.811,2561.07,557109.4375
n65536_q128_r300,1,TDOS,O,1,2,558696.498,2313.781,558703.375
n65536_q128_r300,1,TDOS,O,1,3,557554.937,2712.18,557577.3125
n65536_q128_r300,1,TDOS,O,1,4,566986.88,3022.201,566996.5
n65536_q128_r300,1,TDOS,O,1,5,557462.499,2501.648,557469.6875
n65536_q128_r300,1,TDOS,O,1,6,558327.86,2328.998,558334.4375
n65536_q128_r300,1,TDOS,O,1,7,556361.924,2384.268,556368.5
n65536_q128_r300,1,TDOS,O,1,8,558750.693,2388.964,558757.1875
n65536_q128_r300,1,TDOS,O,1,9,556765.772,2515.716,556777.0625
n65536_q128_r300,1,TDOS,O,1,10,559381.744,2512.883,559390.1875
n65536_q128_r300,1,TDOS,O,1,11,557525.154,2401.047,557531.375
n65536_q128_r300,1,TDOS,O,1,12,558300.251,2325.866,558307.5
n65536_q128_r300,1,TDOS,O,1,13,556847.94,2411.062,556854.625
n65536_q128_r300,1,TDOS,O,1,14,559799.066,2367.006,559805.625
n65536_q128_r300,1,TDOS,O,1,15,557081.285,2415.407,557089.1875
n65536_q128_r300,1,TDOS,O,1,16,559095.475,2321.974,559101.75
n65536_q128_r300,1,TDOS,O,1,17,564301.532,2237.182,564308.8125
n65536_q128_r300,1,TDOS,O,1,18,558350.205,2312.032,558356.5
n65536_q128_r300,1,TDOS,O,1,19,556774.365,2415.741,556781.375
n65536_q128_r300,1,TDOS,O,16,0,542609.394125,2414.338813,542616.148438
n65536_q128_r300,1,TDOS,O,16,1,536108.289625,2416.763,536115.09375
n65536_q128_r300,1,TDOS,O,16,2,537670.233125,2735.881,537680.164062
n65536_q128_r300,1,TDOS,O,16,3,536547.581187,2492.895125,536554.800781
n65536_q128_r300,1,TDOS,O,16,4,535486.219437,2435.325063,535495.230469
n65536_q128_r300,1,TDOS,S,1,0,192073.448,2605.993,192088.84375
n65536_q128_r300,1,TDOS,S,1,1,191867.855,2741.504,191876.0
n65536_q128_r300,1,TDOS,S,1,2,192004.635,2595.235,192012.953125
n65536_q128_r300,1,TDOS,S,1,3,191895.167,2452.458,191904.0625
n65536_q128_r300,1,TDOS,S,1,4,192051.556,2540.16,192059.609375
n65536_q128_r300,1,TDOS,S,1,5,191957.473,2560.597,191967.15625
n65536_q128_r300,1,TDOS,S,1,6,191569.672,2077.518,191576.671875
n65536_q128_r300,1,TDOS,S,1,7,192402.678,2548.185,192410.234375
n65536_q128_r300,1,TDOS,S,1,8,191922.15,2453.753,191930.53125
n65536_q128_r300,1,TDOS,S,1,9,192021.494,2461.131,192029.625
n65536_q128_r300,1,TDOS,S,1,10,191926.783,2602.022,191937.0
n65536_q128_r300,1,TDOS,S,1,11,192264.112,2537.564,192272.453125
n65536_q128_r300,1,TDOS,S,1,12,191691.005,2316.0,191697.3125
n65536_q128_r300,1,TDOS,S,1,13,192963.089,2505.658,192970.8125
n65536_q128_r300,1,TDOS,S,1,14,190980.536,2422.483,190987.90625
n65536_q128_r300,1,TDOS,S,1,15,191938.626,2503.393,191948.09375
n65536_q128_r300,1,TDOS,S,1,16,191943.483,2519.83,191952.28125
n65536_q128_r300,1,TDOS,S,1,17,191933.612,2542.55,191941.578125
n65536_q128_r300,1,TDOS,S,1,18,192445.946,2731.677,192467.15625
n65536_q128_r300,1,TDOS,S,1,19,191469.904,3041.903,191479.5
n65536_q128_r300,1,TDOS,S,16,0,191979.749938,2486.972375,191988.135742
n65536_q128_r300,1,TDOS,S,16,1,191978.584937,2384.8095,191986.109375
n65536_q128_r300,1,TDOS,S,16,2,191996.758875,2465.722813,192005.417969
n65536_q128_r300,1,TDOS,S,16,3,191963.859625,2492.299,191972.286133
n65536_q128_r300,1,TDOS,S,16,4,191989.030687,2461.16175,191997.25293
n65536_q128_r300,2,SODT,S,1,0,192025.504,2333.464,192043.875
n65536_q128_r300,2,SODT,S,1,1,191896.502,2397.653,191903.484375
n65536_q128_r300,2,SODT,S,1,2,192085.156,2302.254,192091.671875
n65536_q128_r300,2,SODT,S,1,3,191906.992,2044.586,191914.53125
n65536_q128_r300,2,SODT,S,1,4,191886.683,2292.898,191893.375
n65536_q128_r300,2,SODT,S,1,5,192022.478,2261.194,192029.109375
n65536_q128_r300,2,SODT,S,1,6,191873.78,2221.466,191880.515625
n65536_q128_r300,2,SODT,S,1,7,192108.528,2467.623,192114.96875
n65536_q128_r300,2,SODT,S,1,8,191892.637,1949.278,191897.984375
n65536_q128_r300,2,SODT,S,1,9,192027.12,2332.265,192034.46875
n65536_q128_r300,2,SODT,S,1,10,191873.36,2231.993,191879.515625
n65536_q128_r300,2,SODT,S,1,11,192058.629,2326.668,192064.515625
n65536_q128_r300,2,SODT,S,1,12,191996.49,2417.228,192002.5
n65536_q128_r300,2,SODT,S,1,13,191999.403,2145.645,192004.578125
n65536_q128_r300,2,SODT,S,1,14,192017.202,2224.303,192024.265625
n65536_q128_r300,2,SODT,S,1,15,191831.737,2245.324,191837.890625
n65536_q128_r300,2,SODT,S,1,16,192066.508,2372.976,192073.0625
n65536_q128_r300,2,SODT,S,1,17,191886.223,2315.201,191891.875
n65536_q128_r300,2,SODT,S,1,18,192087.065,2326.999,192092.921875
n65536_q128_r300,2,SODT,S,1,19,191841.911,2227.127,191849.375
n65536_q128_r300,2,SODT,S,16,0,191990.118125,2326.833625,191997.707031
n65536_q128_r300,2,SODT,S,16,1,192096.730125,2428.812312,192105.493164
n65536_q128_r300,2,SODT,S,16,2,191854.420938,2344.37475,191861.200195
n65536_q128_r300,2,SODT,S,16,3,191994.607437,2358.824375,192001.626953
n65536_q128_r300,2,SODT,S,16,4,191966.085063,2361.789187,191972.765625
n65536_q128_r300,2,SODT,O,1,0,567201.762,2576.908,567214.8125
n65536_q128_r300,2,SODT,O,1,1,560316.458,2688.095,560329.0625
n65536_q128_r300,2,SODT,O,1,2,557422.243,2617.593,557435.6875
n65536_q128_r300,2,SODT,O,1,3,559671.078,2820.623,559680.0625
n65536_q128_r300,2,SODT,O,1,4,557927.566,2522.674,557933.75
n65536_q128_r300,2,SODT,O,1,5,558534.229,2634.719,558540.5625
n65536_q128_r300,2,SODT,O,1,6,559723.355,2537.591,559730.75
n65536_q128_r300,2,SODT,O,1,7,558809.418,2350.479,558815.5
n65536_q128_r300,2,SODT,O,1,8,557965.534,2329.279,557972.75
n65536_q128_r300,2,SODT,O,1,9,558446.055,2585.724,558453.5625
n65536_q128_r300,2,SODT,O,1,10,558294.732,2586.224,558302.5
n65536_q128_r300,2,SODT,O,1,11,559961.89,2590.424,559969.4375
n65536_q128_r300,2,SODT,O,1,12,556850.648,2588.801,556859.0625
n65536_q128_r300,2,SODT,O,1,13,563451.987,2698.264,563459.3125
n65536_q128_r300,2,SODT,O,1,14,556598.578,2614.454,556605.3125
n65536_q128_r300,2,SODT,O,1,15,559595.802,2763.751,559610.8125
n65536_q128_r300,2,SODT,O,1,16,558457.819,2971.101,558468.125
n65536_q128_r300,2,SODT,O,1,17,559764.288,2666.322,559773.0625
n65536_q128_r300,2,SODT,O,1,18,558685.996,2631.065,558694.625
n65536_q128_r300,2,SODT,O,1,19,559108.581,2694.828,559116.5
n65536_q128_r300,2,SODT,O,16,0,539076.858688,2638.7135,539086.296875
n65536_q128_r300,2,SODT,O,16,1,535870.686813,2735.333312,535878.296875
n65536_q128_r300,2,SODT,O,16,2,536423.916625,2613.940688,536432.820312
n65536_q128_r300,2,SODT,O,16,3,535721.60375,2578.93975,535732.644531
n65536_q128_r300,2,SODT,O,16,4,535636.224375,2609.275312,535645.058594
n65536_q128_r300,2,SODT,D,1,0,411.125,28.065,416.959991
n65536_q128_r300,2,SODT,D,1,1,395.193,20.707,397.823975
n65536_q128_r300,2,SODT,D,1,2,395.795,19.943,399.007996
n65536_q128_r300,2,SODT,D,1,3,395.676,19.523,398.880005
n65536_q128_r300,2,SODT,D,1,4,404.265,20.005,408.384003
n65536_q128_r300,2,SODT,D,1,5,395.577,19.075,398.815979
n65536_q128_r300,2,SODT,D,1,6,398.135,19.183,401.567993
n65536_q128_r300,2,SODT,D,1,7,395.427,18.53,398.783997
n65536_q128_r300,2,SODT,D,1,8,395.194,21.539,398.752014
n65536_q128_r300,2,SODT,D,1,9,399.256,23.958,403.391998
n65536_q128_r300,2,SODT,D,1,10,396.527,23.808,400.320007
n65536_q128_r300,2,SODT,D,1,11,398.587,24.149,402.752014
n65536_q128_r300,2,SODT,D,1,12,397.011,22.35,401.632019
n65536_q128_r300,2,SODT,D,1,13,398.206,22.626,402.175995
n65536_q128_r300,2,SODT,D,1,14,406.03,25.348,410.048004
n65536_q128_r300,2,SODT,D,1,15,398.25,24.08,402.208008
n65536_q128_r300,2,SODT,D,1,16,400.393,23.223,404.447998
n65536_q128_r300,2,SODT,D,1,17,398.439,23.627,402.559998
n65536_q128_r300,2,SODT,D,1,18,399.881,24.372,403.936005
n65536_q128_r300,2,SODT,D,1,19,397.844,24.235,402.144012
n65536_q128_r300,2,SODT,D,16,0,397.910937,24.516,402.746004
n65536_q128_r300,2,SODT,D,16,1,399.385437,25.708125,404.174
n65536_q128_r300,2,SODT,D,16,2,400.314437,26.4295,405.086004
n65536_q128_r300,2,SODT,D,16,3,401.06725,27.021063,405.897997
n65536_q128_r300,2,SODT,D,16,4,399.147312,25.729625,404.222
n65536_q128_r300,2,SODT,T,1,0,192011.603,2512.202,192022.28125
n65536_q128_r300,2,SODT,T,1,1,191976.963,2618.889,191985.734375
n65536_q128_r300,2,SODT,T,1,2,192841.979,2484.431,192849.375
n65536_q128_r300,2,SODT,T,1,3,191014.144,2474.53,191020.296875
n65536_q128_r300,2,SODT,T,1,4,192987.814,2560.052,193002.328125
n65536_q128_r300,2,SODT,T,1,5,191131.082,2816.093,191140.609375
n65536_q128_r300,2,SODT,T,1,6,191916.163,2623.042,191922.96875
n65536_q128_r300,2,SODT,T,1,7,191930.751,2519.869,191938.078125
n65536_q128_r300,2,SODT,T,1,8,191963.973,2418.786,191973.21875
n65536_q128_r300,2,SODT,T,1,9,192956.16,2552.33,192964.1875
n65536_q128_r300,2,SODT,T,1,10,190913.225,2416.63,190920.515625
n65536_q128_r300,2,SODT,T,1,11,192110.739,2597.396,192118.171875
n65536_q128_r300,2,SODT,T,1,12,191842.77,2466.222,191848.609375
n65536_q128_r300,2,SODT,T,1,13,192015.353,2670.501,192025.75
n65536_q128_r300,2,SODT,T,1,14,192054.01,2482.457,192062.53125
n65536_q128_r300,2,SODT,T,1,15,192735.191,2451.785,192741.875
n65536_q128_r300,2,SODT,T,1,16,191108.167,2512.19,191115.296875
n65536_q128_r300,2,SODT,T,1,17,191931.371,2426.664,191938.3125
n65536_q128_r300,2,SODT,T,1,18,191979.666,2472.989,191987.84375
n65536_q128_r300,2,SODT,T,1,19,192032.353,2451.339,192046.5
n65536_q128_r300,2,SODT,T,16,0,191992.607187,2579.394687,192000.776367
n65536_q128_r300,2,SODT,T,16,1,191992.78425,2596.840188,192001.176758
n65536_q128_r300,2,SODT,T,16,2,191948.090375,2565.339312,191956.486328
n65536_q128_r300,2,SODT,T,16,3,191995.623688,2541.05275,192003.336914
n65536_q128_r300,2,SODT,T,16,4,191952.683313,2661.122937,191961.667969
n65536_q128_r300,3,DTSO,D,1,0,400.32,20.933,415.839996
n65536_q128_r300,3,DTSO,D,1,1,400.968,21.313,403.776001
n65536_q128_r300,3,DTSO,D,1,2,401.061,20.666,404.383972
n65536_q128_r300,3,DTSO,D,1,3,399.74,20.33,402.720001
n65536_q128_r300,3,DTSO,D,1,4,399.854,20.521,403.231995
n65536_q128_r300,3,DTSO,D,1,5,401.282,21.037,404.223999
n65536_q128_r300,3,DTSO,D,1,6,398.888,19.374,401.919983
n65536_q128_r300,3,DTSO,D,1,7,396.111,20.935,399.423981
n65536_q128_r300,3,DTSO,D,1,8,395.912,21.779,399.29599
n65536_q128_r300,3,DTSO,D,1,9,399.256,24.079,402.976013
n65536_q128_r300,3,DTSO,D,1,10,395.342,20.978,398.623993
n65536_q128_r300,3,DTSO,D,1,11,401.578,27.399,406.623993
n65536_q128_r300,3,DTSO,D,1,12,395.631,21.164,398.976013
n65536_q128_r300,3,DTSO,D,1,13,396.142,22.045,399.552002
n65536_q128_r300,3,DTSO,D,1,14,397.007,21.588,400.480011
n65536_q128_r300,3,DTSO,D,1,15,396.394,21.551,399.904022
n65536_q128_r300,3,DTSO,D,1,16,397.245,22.257,401.664001
n65536_q128_r300,3,DTSO,D,1,17,398.078,23.221,401.856018
n65536_q128_r300,3,DTSO,D,1,18,392.436,21.365,395.040009
n65536_q128_r300,3,DTSO,D,1,19,395.777,23.023,400.768005
n65536_q128_r300,3,DTSO,D,16,0,399.060437,24.7355,403.114004
n65536_q128_r300,3,DTSO,D,16,1,398.776625,24.272813,402.811998
n65536_q128_r300,3,DTSO,D,16,2,396.5565,26.035875,400.962002
n65536_q128_r300,3,DTSO,D,16,3,399.892375,27.302812,404.503994
n65536_q128_r300,3,DTSO,D,16,4,399.803625,26.668375,404.384001
n65536_q128_r300,3,DTSO,T,1,0,191984.526,2236.919,191996.0625
n65536_q128_r300,3,DTSO,T,1,1,192406.955,2240.488,192414.78125
n65536_q128_r300,3,DTSO,T,1,2,191374.408,2271.362,191381.09375
n65536_q128_r300,3,DTSO,T,1,3,193200.121,2243.239,193207.109375
n65536_q128_r300,3,DTSO,T,1,4,190943.334,2443.551,190953.859375
n65536_q128_r300,3,DTSO,T,1,5,191843.453,2416.311,191851.71875
n65536_q128_r300,3,DTSO,T,1,6,191994.95,2285.956,192001.984375
n65536_q128_r300,3,DTSO,T,1,7,191946.999,2197.668,191953.765625
n65536_q128_r300,3,DTSO,T,1,8,191966.178,2106.335,191973.046875
n65536_q128_r300,3,DTSO,T,1,9,192547.303,2391.014,192553.984375
n65536_q128_r300,3,DTSO,T,1,10,191348.565,2597.176,191357.75
n65536_q128_r300,3,DTSO,T,1,11,192222.863,2127.716,192230.96875
n65536_q128_r300,3,DTSO,T,1,12,192894.743,2217.589,192902.59375
n65536_q128_r300,3,DTSO,T,1,13,190790.098,2233.04,190797.234375
n65536_q128_r300,3,DTSO,T,1,14,192007.726,2285.538,192013.4375
n65536_q128_r300,3,DTSO,T,1,15,192152.727,2343.211,192163.421875
n65536_q128_r300,3,DTSO,T,1,16,191917.374,2575.319,191926.59375
n65536_q128_r300,3,DTSO,T,1,17,191900.066,2507.759,191909.125
n65536_q128_r300,3,DTSO,T,1,18,191903.434,2262.05,191910.4375
n65536_q128_r300,3,DTSO,T,1,19,191973.295,2416.743,191988.640625
n65536_q128_r300,3,DTSO,T,16,0,192026.545625,2435.630875,192036.161133
n65536_q128_r300,3,DTSO,T,16,1,192278.823688,2507.2875,192289.251953
n65536_q128_r300,3,DTSO,T,16,2,191646.137187,2317.763,191653.963867
n65536_q128_r300,3,DTSO,T,16,3,192018.736688,2456.580313,192029.275391
n65536_q128_r300,3,DTSO,T,16,4,191918.065188,2341.297125,191925.576172
n65536_q128_r300,3,DTSO,S,1,0,192248.525,2249.895,192256.28125
n65536_q128_r300,3,DTSO,S,1,1,191348.504,2118.805,191354.546875
n65536_q128_r300,3,DTSO,S,1,2,191746.992,2218.8,191753.546875
n65536_q128_r300,3,DTSO,S,1,3,192262.235,2067.954,192268.59375
n65536_q128_r300,3,DTSO,S,1,4,191701.264,2406.329,191720.359375
n65536_q128_r300,3,DTSO,S,1,5,194832.479,2825.026,194841.046875
n65536_q128_r300,3,DTSO,S,1,6,189925.661,2369.276,189932.484375
n65536_q128_r300,3,DTSO,S,1,7,191354.549,2630.077,191361.75
n65536_q128_r300,3,DTSO,S,1,8,192354.856,2319.927,192361.65625
n65536_q128_r300,3,DTSO,S,1,9,193379.076,2554.173,193387.703125
n65536_q128_r300,3,DTSO,S,1,10,191245.228,2169.222,191251.296875
n65536_q128_r300,3,DTSO,S,1,11,192469.742,2279.295,192476.921875
n65536_q128_r300,3,DTSO,S,1,12,190347.902,2071.63,190354.28125
n65536_q128_r300,3,DTSO,S,1,13,192670.747,2305.94,192677.0625
n65536_q128_r300,3,DTSO,S,1,14,190861.739,2278.637,190867.9375
n65536_q128_r300,3,DTSO,S,1,15,193103.673,2231.935,193110.390625
n65536_q128_r300,3,DTSO,S,1,16,192839.955,2222.993,192846.03125
n65536_q128_r300,3,DTSO,S,1,17,190758.351,2217.271,190764.828125
n65536_q128_r300,3,DTSO,S,1,18,191882.23,1993.985,191889.6875
n65536_q128_r300,3,DTSO,S,1,19,192467.282,2698.045,192478.265625
n65536_q128_r300,3,DTSO,S,16,0,191981.86325,2329.442437,191991.126953
n65536_q128_r300,3,DTSO,S,16,1,192043.536062,2334.0385,192051.9375
n65536_q128_r300,3,DTSO,S,16,2,191911.29625,2275.195812,191918.537109
n65536_q128_r300,3,DTSO,S,16,3,191955.43475,2322.784062,191963.299805
n65536_q128_r300,3,DTSO,S,16,4,191995.333,2340.46125,192004.71582
n65536_q128_r300,3,DTSO,O,1,0,535068.147,2174.742,535080.125
n65536_q128_r300,3,DTSO,O,1,1,534117.922,2409.775,534126.5625
n65536_q128_r300,3,DTSO,O,1,2,535749.263,2457.247,535755.9375
n65536_q128_r300,3,DTSO,O,1,3,533400.221,2461.661,533420.8125
n65536_q128_r300,3,DTSO,O,1,4,535125.375,2555.794,535134.6875
n65536_q128_r300,3,DTSO,O,1,5,534499.278,2507.427,534513.25
n65536_q128_r300,3,DTSO,O,1,6,578485.975,11683.504,578494.4375
n65536_q128_r300,3,DTSO,O,1,7,536542.257,2868.222,536549.375
n65536_q128_r300,3,DTSO,O,1,8,535617.839,2463.049,535627.1875
n65536_q128_r300,3,DTSO,O,1,9,533298.6,2195.438,533305.3125
n65536_q128_r300,3,DTSO,O,1,10,535905.835,2391.337,535912.0
n65536_q128_r300,3,DTSO,O,1,11,532839.224,2233.256,532845.3125
n65536_q128_r300,3,DTSO,O,1,12,535006.766,2308.342,535011.75
n65536_q128_r300,3,DTSO,O,1,13,534249.132,2052.289,534256.6875
n65536_q128_r300,3,DTSO,O,1,14,536206.758,2314.483,536214.5625
n65536_q128_r300,3,DTSO,O,1,15,533836.25,2261.033,533842.75
n65536_q128_r300,3,DTSO,O,1,16,535681.359,2410.204,535686.3125
n65536_q128_r300,3,DTSO,O,1,17,534854.813,2324.284,534861.9375
n65536_q128_r300,3,DTSO,O,1,18,535227.444,2165.461,535233.4375
n65536_q128_r300,3,DTSO,O,1,19,533093.937,2155.597,533099.9375
n65536_q128_r300,3,DTSO,O,16,0,535052.76375,2203.05625,535058.820312
n65536_q128_r300,3,DTSO,O,16,1,535349.026187,2421.308313,535358.40625
n65536_q128_r300,3,DTSO,O,16,2,548728.321063,5662.782875,548738.902344
n65536_q128_r300,3,DTSO,O,16,3,535002.456063,2374.745375,535010.914062
n65536_q128_r300,3,DTSO,O,16,4,534871.843625,2297.483625,534878.453125
n65536_q128_r300,4,DSOT,D,1,0,370.792,24.268,378.367981
n65536_q128_r300,4,DSOT,D,1,1,373.014,24.624,376.160004
n65536_q128_r300,4,DSOT,D,1,2,370.209,24.574,373.632019
n65536_q128_r300,4,DSOT,D,1,3,370.666,25.139,373.951996
n65536_q128_r300,4,DSOT,D,1,4,369.539,23.91,372.768005
n65536_q128_r300,4,DSOT,D,1,5,378.041,28.637,381.664001
n65536_q128_r300,4,DSOT,D,1,6,366.479,21.925,369.343994
n65536_q128_r300,4,DSOT,D,1,7,368.696,18.79,371.552002
n65536_q128_r300,4,DSOT,D,1,8,362.349,21.425,364.960022
n65536_q128_r300,4,DSOT,D,1,9,367.038,24.101,369.792023
n65536_q128_r300,4,DSOT,D,1,10,367.48,19.997,370.112
n65536_q128_r300,4,DSOT,D,1,11,363.608,20.452,366.304016
n65536_q128_r300,4,DSOT,D,1,12,369.125,25.053,371.807983
n65536_q128_r300,4,DSOT,D,1,13,367.099,19.898,369.824005
n65536_q128_r300,4,DSOT,D,1,14,358.905,17.353,361.567993
n65536_q128_r300,4,DSOT,D,1,15,367.582,19.51,370.496002
n65536_q128_r300,4,DSOT,D,1,16,361.305,17.982,363.903992
n65536_q128_r300,4,DSOT,D,1,17,360.705,18.514,362.911987
n65536_q128_r300,4,DSOT,D,1,18,364.955,16.694,367.231995
n65536_q128_r300,4,DSOT,D,1,19,362.324,18.318,365.664001
n65536_q128_r300,4,DSOT,D,16,0,363.5485,19.603187,366.540001
n65536_q128_r300,4,DSOT,D,16,1,363.025375,18.88975,366.330006
n65536_q128_r300,4,DSOT,D,16,2,362.994188,18.678438,365.609999
n65536_q128_r300,4,DSOT,D,16,3,363.288187,19.13825,366.157999
n65536_q128_r300,4,DSOT,D,16,4,362.2555,19.038875,365.056004
n65536_q128_r300,4,DSOT,S,1,0,192713.789,2469.186,192722.453125
n65536_q128_r300,4,DSOT,S,1,1,191982.332,2443.292,191989.125
n65536_q128_r300,4,DSOT,S,1,2,192089.194,2512.621,192096.890625
n65536_q128_r300,4,DSOT,S,1,3,192065.658,2433.803,192072.796875
n65536_q128_r300,4,DSOT,S,1,4,191980.682,2586.148,191987.578125
n65536_q128_r300,4,DSOT,S,1,5,191930.035,2473.59,191937.671875
n65536_q128_r300,4,DSOT,S,1,6,191877.324,2552.599,191885.140625
n65536_q128_r300,4,DSOT,S,1,7,192087.807,2140.725,192095.265625
n65536_q128_r300,4,DSOT,S,1,8,191965.058,2517.205,191972.09375
n65536_q128_r300,4,DSOT,S,1,9,191953.629,2467.606,191960.828125
n65536_q128_r300,4,DSOT,S,1,10,192992.362,2519.079,192998.890625
n65536_q128_r300,4,DSOT,S,1,11,190938.615,2422.425,190946.109375
n65536_q128_r300,4,DSOT,S,1,12,192189.589,2996.837,192198.015625
n65536_q128_r300,4,DSOT,S,1,13,191790.29,2412.204,191797.609375
n65536_q128_r300,4,DSOT,S,1,14,191952.632,2526.332,191959.90625
n65536_q128_r300,4,DSOT,S,1,15,192051.495,2641.895,192059.265625
n65536_q128_r300,4,DSOT,S,1,16,191929.464,2547.541,191936.890625
n65536_q128_r300,4,DSOT,S,1,17,191951.113,2264.56,191958.46875
n65536_q128_r300,4,DSOT,S,1,18,192101.731,2874.182,192112.265625
n65536_q128_r300,4,DSOT,S,1,19,191871.181,2705.75,191881.5625
n65536_q128_r300,4,DSOT,S,16,0,191956.022437,2313.854937,191965.080078
n65536_q128_r300,4,DSOT,S,16,1,191942.918687,2262.226375,191949.813477
n65536_q128_r300,4,DSOT,S,16,2,192028.18325,2396.403188,192036.310547
n65536_q128_r300,4,DSOT,S,16,3,191985.396562,2387.181688,191993.295898
n65536_q128_r300,4,DSOT,S,16,4,191970.128312,2451.68325,191978.514648
n65536_q128_r300,4,DSOT,O,1,0,535201.424,2392.591,535212.1875
n65536_q128_r300,4,DSOT,O,1,1,534517.302,2615.755,534527.75
n65536_q128_r300,4,DSOT,O,1,2,535422.359,2493.32,535430.4375
n65536_q128_r300,4,DSOT,O,1,3,534581.633,2432.875,534591.125
n65536_q128_r300,4,DSOT,O,1,4,535337.224,2324.843,535344.75
n65536_q128_r300,4,DSOT,O,1,5,533267.685,2385.455,533274.375
n65536_q128_r300,4,DSOT,O,1,6,542988.685,2359.447,542996.375
n65536_q128_r300,4,DSOT,O,1,7,534444.146,2306.57,534450.125
n65536_q128_r300,4,DSOT,O,1,8,534789.487,2349.839,534796.875
n65536_q128_r300,4,DSOT,O,1,9,533988.257,2304.261,533995.25
n65536_q128_r300,4,DSOT,O,1,10,535824.005,2430.098,535831.875
n65536_q128_r300,4,DSOT,O,1,11,534057.987,2107.898,534064.3125
n65536_q128_r300,4,DSOT,O,1,12,535026.111,2265.0,535033.4375
n65536_q128_r300,4,DSOT,O,1,13,533932.332,2424.411,533938.9375
n65536_q128_r300,4,DSOT,O,1,14,535195.409,2265.238,535202.125
n65536_q128_r300,4,DSOT,O,1,15,534708.355,2329.227,534714.3125
n65536_q128_r300,4,DSOT,O,1,16,535109.669,2252.462,535117.3125
n65536_q128_r300,4,DSOT,O,1,17,533005.215,2340.899,533013.0625
n65536_q128_r300,4,DSOT,O,1,18,535460.403,2350.777,535467.0
n65536_q128_r300,4,DSOT,O,1,19,533457.271,2324.749,533466.1875
n65536_q128_r300,4,DSOT,O,16,0,535497.154875,2374.854937,535506.546875
n65536_q128_r300,4,DSOT,O,16,1,534950.514875,2371.680813,534959.042969
n65536_q128_r300,4,DSOT,O,16,2,534986.12875,2322.283125,534993.351562
n65536_q128_r300,4,DSOT,O,16,3,534858.181875,2425.33675,534867.316406
n65536_q128_r300,4,DSOT,O,16,4,534643.431937,2403.29875,534651.058594
n65536_q128_r300,4,DSOT,T,1,0,192069.048,2359.841,192078.6875
n65536_q128_r300,4,DSOT,T,1,1,192056.031,2506.915,192079.65625
n65536_q128_r300,4,DSOT,T,1,2,191413.75,2701.778,191422.234375
n65536_q128_r300,4,DSOT,T,1,3,192050.664,2225.898,192057.984375
n65536_q128_r300,4,DSOT,T,1,4,192086.323,2227.793,192093.890625
n65536_q128_r300,4,DSOT,T,1,5,191865.599,2278.116,191872.515625
n65536_q128_r300,4,DSOT,T,1,6,193101.162,2302.735,193107.1875
n65536_q128_r300,4,DSOT,T,1,7,190036.308,2299.01,190043.359375
n65536_q128_r300,4,DSOT,T,1,8,192117.614,2179.923,192124.453125
n65536_q128_r300,4,DSOT,T,1,9,192062.79,2208.021,192069.21875
n65536_q128_r300,4,DSOT,T,1,10,191957.561,2160.987,191964.09375
n65536_q128_r300,4,DSOT,T,1,11,191970.59,2193.719,191977.484375
n65536_q128_r300,4,DSOT,T,1,12,191966.237,2192.263,191973.109375
n65536_q128_r300,4,DSOT,T,1,13,191941.355,2169.917,191947.90625
n65536_q128_r300,4,DSOT,T,1,14,192179.289,2151.211,192185.796875
n65536_q128_r300,4,DSOT,T,1,15,191788.63,2065.885,191795.109375
n65536_q128_r300,4,DSOT,T,1,16,191938.184,2060.812,191944.765625
n65536_q128_r300,4,DSOT,T,1,17,192122.048,2366.244,192133.3125
n65536_q128_r300,4,DSOT,T,1,18,191835.972,2294.514,191843.328125
n65536_q128_r300,4,DSOT,T,1,19,192042.243,2175.791,192048.734375
n65536_q128_r300,4,DSOT,T,16,0,192021.63525,2314.168187,192028.977539
n65536_q128_r300,4,DSOT,T,16,1,191935.475375,2310.625625,191942.862305
n65536_q128_r300,4,DSOT,T,16,2,191986.628312,2189.470625,191993.291016
n65536_q128_r300,4,DSOT,T,16,3,191990.319875,2264.264563,191996.966797
n65536_q128_r300,4,DSOT,T,16,4,191961.51125,2284.02425,191968.688477
n65536_q128_r300,5,TOSD,T,1,0,192156.015,2584.356,192175.078125
n65536_q128_r300,5,TOSD,T,1,1,191587.175,2236.263,191594.015625
n65536_q128_r300,5,TOSD,T,1,2,192454.159,2723.348,192463.140625
n65536_q128_r300,5,TOSD,T,1,3,191667.743,2554.866,191675.703125
n65536_q128_r300,5,TOSD,T,1,4,192066.808,2666.444,192073.953125
n65536_q128_r300,5,TOSD,T,1,5,191779.519,2593.621,191786.71875
n65536_q128_r300,5,TOSD,T,1,6,192169.165,2687.919,192178.90625
n65536_q128_r300,5,TOSD,T,1,7,194300.433,3852.208,194309.3125
n65536_q128_r300,5,TOSD,T,1,8,191603.941,2587.861,191611.359375
n65536_q128_r300,5,TOSD,T,1,9,192106.777,2750.339,192116.3125
n65536_q128_r300,5,TOSD,T,1,10,190735.553,2655.91,190743.21875
n65536_q128_r300,5,TOSD,T,1,11,192113.039,2750.605,192122.0625
n65536_q128_r300,5,TOSD,T,1,12,191933.633,2763.529,191941.0
n65536_q128_r300,5,TOSD,T,1,13,192004.479,2548.126,192011.84375
n65536_q128_r300,5,TOSD,T,1,14,191919.9,2709.678,191927.171875
n65536_q128_r300,5,TOSD,T,1,15,191908.812,2548.094,191915.796875
n65536_q128_r300,5,TOSD,T,1,16,192136.796,2653.067,192146.203125
n65536_q128_r300,5,TOSD,T,1,17,191748.041,2708.163,191756.515625
n65536_q128_r300,5,TOSD,T,1,18,192093.66,2781.841,192101.0
n65536_q128_r300,5,TOSD,T,1,19,192060.159,2364.78,192067.421875
n65536_q128_r300,5,TOSD,T,16,0,191907.13425,2518.240125,191914.145508
n65536_q128_r300,5,TOSD,T,16,1,191976.896375,2545.439875,191984.025391
n65536_q128_r300,5,TOSD,T,16,2,191995.783687,2566.991125,192002.941406
n65536_q128_r300,5,TOSD,T,16,3,191970.046625,2500.410438,191977.744141
n65536_q128_r300,5,TOSD,T,16,4,191992.1695,2552.632125,191999.234375
n65536_q128_r300,5,TOSD,O,1,0,557290.888,2646.906,557301.1875
n65536_q128_r300,5,TOSD,O,1,1,559747.992,2542.902,559755.625
n65536_q128_r300,5,TOSD,O,1,2,556681.319,2489.824,556687.625
n65536_q128_r300,5,TOSD,O,1,3,567184.515,2587.623,567191.3125
n65536_q128_r300,5,TOSD,O,1,4,558550.547,2705.037,558557.75
n65536_q128_r300,5,TOSD,O,1,5,559178.183,2506.081,559186.3125
n65536_q128_r300,5,TOSD,O,1,6,557390.121,2632.167,557397.3125
n65536_q128_r300,5,TOSD,O,1,7,559291.959,2748.881,559298.875
n65536_q128_r300,5,TOSD,O,1,8,557980.098,2783.383,557987.25
n65536_q128_r300,5,TOSD,O,1,9,559331.942,2510.493,559339.625
n65536_q128_r300,5,TOSD,O,1,10,557887.482,3007.267,557898.125
n65536_q128_r300,5,TOSD,O,1,11,559438.311,2574.149,559447.0
n65536_q128_r300,5,TOSD,O,1,12,557332.705,2638.726,557342.625
n65536_q128_r300,5,TOSD,O,1,13,559319.146,2528.931,559340.5625
n65536_q128_r300,5,TOSD,O,1,14,557638.519,2866.822,557648.0
n65536_q128_r300,5,TOSD,O,1,15,560324.703,2361.956,560333.5625
n65536_q128_r300,5,TOSD,O,1,16,566855.089,2278.537,566862.125
n65536_q128_r300,5,TOSD,O,1,17,558212.62,2289.837,558219.9375
n65536_q128_r300,5,TOSD,O,1,18,557617.787,2203.137,557624.125
n65536_q128_r300,5,TOSD,O,1,19,558635.095,2382.829,558640.625
n65536_q128_r300,5,TOSD,O,16,0,558438.027313,2215.6845,558444.667969
n65536_q128_r300,5,TOSD,O,16,1,558843.857813,2389.425875,558852.433594
n65536_q128_r300,5,TOSD,O,16,2,542659.83475,2384.179062,542668.582031
n65536_q128_r300,5,TOSD,O,16,3,536061.895312,2307.6285,536070.246094
n65536_q128_r300,5,TOSD,O,16,4,535383.639125,2355.317,535391.582031
n65536_q128_r300,5,TOSD,S,1,0,191799.519,2372.535,191809.484375
n65536_q128_r300,5,TOSD,S,1,1,191965.719,2142.286,191973.078125
n65536_q128_r300,5,TOSD,S,1,2,192048.079,2394.207,192055.53125
n65536_q128_r300,5,TOSD,S,1,3,192042.694,2117.367,192050.203125
n65536_q128_r300,5,TOSD,S,1,4,192681.352,2314.438,192688.265625
n65536_q128_r300,5,TOSD,S,1,5,190922.345,2249.131,190929.46875
n65536_q128_r300,5,TOSD,S,1,6,191394.11,2173.618,191400.984375
n65536_q128_r300,5,TOSD,S,1,7,191683.852,2303.315,191690.5625
n65536_q128_r300,5,TOSD,S,1,8,192479.384,2115.453,192486.34375
n65536_q128_r300,5,TOSD,S,1,9,191663.428,2216.785,191670.59375
n65536_q128_r300,5,TOSD,S,1,10,191772.053,2254.329,191779.09375
n65536_q128_r300,5,TOSD,S,1,11,192389.668,2161.867,192396.515625
n65536_q128_r300,5,TOSD,S,1,12,191626.324,2152.646,191632.734375
n65536_q128_r300,5,TOSD,S,1,13,193854.508,2252.219,193861.21875
n65536_q128_r300,5,TOSD,S,1,14,190904.124,2229.629,190910.6875
n65536_q128_r300,5,TOSD,S,1,15,192003.514,2217.285,192010.359375
n65536_q128_r300,5,TOSD,S,1,16,192207.385,2365.431,192214.34375
n65536_q128_r300,5,TOSD,S,1,17,191927.283,2259.47,191934.71875
n65536_q128_r300,5,TOSD,S,1,18,191892.617,2221.78,191899.84375
n65536_q128_r300,5,TOSD,S,1,19,191968.651,2224.129,191975.640625
n65536_q128_r300,5,TOSD,S,16,0,191927.240125,2261.003875,191935.661133
n65536_q128_r300,5,TOSD,S,16,1,191988.927875,2181.885125,191996.380859
n65536_q128_r300,5,TOSD,S,16,2,192025.914688,2308.734812,192033.75
n65536_q128_r300,5,TOSD,S,16,3,191937.492188,2253.625437,191944.936523
n65536_q128_r300,5,TOSD,S,16,4,191967.58025,2183.484063,191975.545898
n65536_q128_r300,5,TOSD,D,1,0,397.401,21.942,401.695984
n65536_q128_r300,5,TOSD,D,1,1,399.763,26.571,404.383972
n65536_q128_r300,5,TOSD,D,1,2,394.832,20.057,398.144012
n65536_q128_r300,5,TOSD,D,1,3,398.471,20.274,401.664001
n65536_q128_r300,5,TOSD,D,1,4,397.081,22.084,400.640015
n65536_q128_r300,5,TOSD,D,1,5,396.93,20.615,400.896027
n65536_q128_r300,5,TOSD,D,1,6,397.112,20.28,400.35199
n65536_q128_r300,5,TOSD,D,1,7,395.314,19.802,398.752014
n65536_q128_r300,5,TOSD,D,1,8,395.729,19.587,398.976013
n65536_q128_r300,5,TOSD,D,1,9,395.78,21.136,399.199982
n65536_q128_r300,5,TOSD,D,1,10,398.613,23.568,402.463989
n65536_q128_r300,5,TOSD,D,1,11,397.251,22.949,400.927979
n65536_q128_r300,5,TOSD,D,1,12,394.449,23.998,398.015991
n65536_q128_r300,5,TOSD,D,1,13,395.176,23.673,399.807983
n65536_q128_r300,5,TOSD,D,1,14,397.227,23.689,400.864014
n65536_q128_r300,5,TOSD,D,1,15,396.414,23.54,400.096008
n65536_q128_r300,5,TOSD,D,1,16,396.923,23.118,400.575989
n65536_q128_r300,5,TOSD,D,1,17,396.868,22.311,400.447998
n65536_q128_r300,5,TOSD,D,1,18,397.232,23.915,401.376007
n65536_q128_r300,5,TOSD,D,1,19,398.405,23.978,401.472015
n65536_q128_r300,5,TOSD,D,16,0,396.51325,25.336625,400.892004
n65536_q128_r300,5,TOSD,D,16,1,398.62075,27.02125,403.141996
n65536_q128_r300,5,TOSD,D,16,2,397.973125,27.011312,402.665998
n65536_q128_r300,5,TOSD,D,16,3,398.854375,27.222688,403.270002
n65536_q128_r300,5,TOSD,D,16,4,398.922875,26.91225,403.343996
n65536_q128_r500,0,OSTD,O,1,0,668120.831,2535.091,668148.125
n65536_q128_r500,0,OSTD,O,1,1,667602.542,2086.497,667608.1875
n65536_q128_r500,0,OSTD,O,1,2,668116.444,2396.132,668121.75
n65536_q128_r500,0,OSTD,O,1,3,667701.316,2285.737,667708.5
n65536_q128_r500,0,OSTD,O,1,4,667886.413,2361.776,667893.5625
n65536_q128_r500,0,OSTD,O,1,5,668381.011,2236.491,668387.75
n65536_q128_r500,0,OSTD,O,1,6,668215.072,2433.34,668229.0
n65536_q128_r500,0,OSTD,O,1,7,667984.782,2474.708,667992.375
n65536_q128_r500,0,OSTD,O,1,8,667996.368,2305.532,668003.1875
n65536_q128_r500,0,OSTD,O,1,9,667842.371,2274.585,667849.25
n65536_q128_r500,0,OSTD,O,1,10,668476.722,2417.218,668483.3125
n65536_q128_r500,0,OSTD,O,1,11,667710.559,2330.409,667716.75
n65536_q128_r500,0,OSTD,O,1,12,668330.023,2412.707,668341.625
n65536_q128_r500,0,OSTD,O,1,13,667742.616,2590.53,667751.6875
n65536_q128_r500,0,OSTD,O,1,14,668073.073,2395.072,668080.0
n65536_q128_r500,0,OSTD,O,1,15,667468.586,2230.678,667474.75
n65536_q128_r500,0,OSTD,O,1,16,668655.457,2385.506,668661.6875
n65536_q128_r500,0,OSTD,O,1,17,668006.018,2438.783,668014.375
n65536_q128_r500,0,OSTD,O,1,18,667959.415,2478.505,667972.625
n65536_q128_r500,0,OSTD,O,1,19,668422.423,2611.397,668432.25
n65536_q128_r500,0,OSTD,O,16,0,666818.559813,2492.756563,666826.359375
n65536_q128_r500,0,OSTD,O,16,1,640603.91775,2498.644562,640613.183594
n65536_q128_r500,0,OSTD,O,16,2,640114.045688,2392.370312,640122.542969
n65536_q128_r500,0,OSTD,O,16,3,639979.939062,2258.570563,639988.539062
n65536_q128_r500,0,OSTD,O,16,4,639971.994,2420.553062,639991.828125
n65536_q128_r500,0,OSTD,S,1,0,190970.197,2416.463,190983.171875
n65536_q128_r500,0,OSTD,S,1,1,190957.507,2171.866,190968.0625
n65536_q128_r500,0,OSTD,S,1,2,192258.594,2162.866,192268.515625
n65536_q128_r500,0,OSTD,S,1,3,192478.894,2304.181,192488.671875
n65536_q128_r500,0,OSTD,S,1,4,191081.159,2264.806,191092.421875
n65536_q128_r500,0,OSTD,S,1,5,194101.399,2280.633,194111.59375
n65536_q128_r500,0,OSTD,S,1,6,189950.766,2270.758,189960.546875
n65536_q128_r500,0,OSTD,S,1,7,192846.21,2194.278,192856.328125
n65536_q128_r500,0,OSTD,S,1,8,192629.858,2254.225,192639.703125
n65536_q128_r500,0,OSTD,S,1,9,191337.305,2159.803,191346.8125
n65536_q128_r500,0,OSTD,S,1,10,192000.529,2354.631,192010.171875
n65536_q128_r500,0,OSTD,S,1,11,190936.758,2312.469,190946.625
n65536_q128_r500,0,OSTD,S,1,12,195095.929,2374.376,195105.671875
n65536_q128_r500,0,OSTD,S,1,13,188954.468,2230.704,188964.21875
n65536_q128_r500,0,OSTD,S,1,14,192968.72,2366.436,192978.078125
n65536_q128_r500,0,OSTD,S,1,15,190855.631,2096.075,190864.578125
n65536_q128_r500,0,OSTD,S,1,16,192023.983,2362.227,192033.21875
n65536_q128_r500,0,OSTD,S,1,17,191943.012,2214.223,191952.515625
n65536_q128_r500,0,OSTD,S,1,18,193090.148,2386.201,193097.5625
n65536_q128_r500,0,OSTD,S,1,19,190963.555,2352.568,190974.21875
n65536_q128_r500,0,OSTD,S,16,0,191981.926687,2292.730125,191992.535156
n65536_q128_r500,0,OSTD,S,16,1,191979.249812,2295.548625,191989.731445
n65536_q128_r500,0,OSTD,S,16,2,192011.948,2435.298125,192023.571289
n65536_q128_r500,0,OSTD,S,16,3,191944.42875,2339.95775,191955.447266
n65536_q128_r500,0,OSTD,S,16,4,191973.113313,2278.543563,191982.602539
n65536_q128_r500,0,OSTD,T,1,0,192101.537,2225.838,192112.984375
n65536_q128_r500,0,OSTD,T,1,1,192085.682,2322.595,192109.75
n65536_q128_r500,0,OSTD,T,1,2,192094.723,2638.884,192106.453125
n65536_q128_r500,0,OSTD,T,1,3,192884.695,2469.723,192897.25
n65536_q128_r500,0,OSTD,T,1,4,191318.95,2383.429,191330.8125
n65536_q128_r500,0,OSTD,T,1,5,192872.587,2227.913,192883.453125
n65536_q128_r500,0,OSTD,T,1,6,192579.562,2287.791,192590.328125
n65536_q128_r500,0,OSTD,T,1,7,191148.117,2357.563,191158.078125
n65536_q128_r500,0,OSTD,T,1,8,191150.693,2331.684,191161.34375
n65536_q128_r500,0,OSTD,T,1,9,191977.233,2331.587,191997.140625
n65536_q128_r500,0,OSTD,T,1,10,191607.725,2200.409,191619.46875
n65536_q128_r500,0,OSTD,T,1,11,193019.317,2367.712,193029.515625
n65536_q128_r500,0,OSTD,T,1,12,193039.206,3006.907,193053.0625
n65536_q128_r500,0,OSTD,T,1,13,190844.57,2229.867,190855.9375
n65536_q128_r500,0,OSTD,T,1,14,191299.605,2426.174,191312.546875
n65536_q128_r500,0,OSTD,T,1,15,191730.132,2462.035,191742.109375
n65536_q128_r500,0,OSTD,T,1,16,192074.663,2449.547,192084.984375
n65536_q128_r500,0,OSTD,T,1,17,192626.088,2730.616,192636.0
n65536_q128_r500,0,OSTD,T,1,18,190871.932,2120.854,190883.296875
n65536_q128_r500,0,OSTD,T,1,19,192370.741,2521.775,192384.0
n65536_q128_r500,0,OSTD,T,16,0,191938.827813,2297.619938,191949.150391
n65536_q128_r500,0,OSTD,T,16,1,192002.671125,1977.768937,192010.84082
n65536_q128_r500,0,OSTD,T,16,2,191990.422562,2244.14425,192000.144531
n65536_q128_r500,0,OSTD,T,16,3,191988.354437,2163.271,191997.640625
n65536_q128_r500,0,OSTD,T,16,4,191978.578313,2206.594625,191988.170898
n65536_q128_r500,0,OSTD,D,1,0,413.062,20.484,417.311981
n65536_q128_r500,0,OSTD,D,1,1,407.852,19.575,410.463989
n65536_q128_r500,0,OSTD,D,1,2,406.627,19.398,409.376007
n65536_q128_r500,0,OSTD,D,1,3,409.199,19.83,412.063995
n65536_q128_r500,0,OSTD,D,1,4,403.309,18.287,405.119995
n65536_q128_r500,0,OSTD,D,1,5,400.966,20.118,403.968018
n65536_q128_r500,0,OSTD,D,1,6,402.269,22.206,406.367981
n65536_q128_r500,0,OSTD,D,1,7,398.191,21.048,401.567993
n65536_q128_r500,0,OSTD,D,1,8,401.72,22.695,405.088013
n65536_q128_r500,0,OSTD,D,1,9,399.486,21.72,402.752014
n65536_q128_r500,0,OSTD,D,1,10,399.341,21.611,402.527985
n65536_q128_r500,0,OSTD,D,1,11,400.587,22.043,403.776001
n65536_q128_r500,0,OSTD,D,1,12,399.881,22.102,403.584015
n65536_q128_r500,0,OSTD,D,1,13,401.946,23.177,405.152008
n65536_q128_r500,0,OSTD,D,1,14,398.004,21.965,401.600006
n65536_q128_r500,0,OSTD,D,1,15,400.885,23.823,404.864014
n65536_q128_r500,0,OSTD,D,1,16,399.896,23.822,403.712006
n65536_q128_r500,0,OSTD,D,1,17,401.343,24.389,405.119995
n65536_q128_r500,0,OSTD,D,1,18,400.285,23.659,403.807983
n65536_q128_r500,0,OSTD,D,1,19,399.063,23.425,402.624023
n65536_q128_r500,0,OSTD,D,16,0,399.991938,24.928813,403.930002
n65536_q128_r500,0,OSTD,D,16,1,400.112125,26.741875,404.440004
n65536_q128_r500,0,OSTD,D,16,2,400.193,26.852438,404.717999
n65536_q128_r500,0,OSTD,D,16,3,399.2955,27.483875,403.670004
n65536_q128_r500,0,OSTD,D,16,4,396.138875,26.49725,400.394001
n65536_q128_r500,1,TDOS,T,1,0,191812.565,2721.003,191834.109375
n65536_q128_r500,1,TDOS,T,1,1,192213.345,2565.872,192224.734375
n65536_q128_r500,1,TDOS,T,1,2,191754.532,2668.034,191765.859375
n65536_q128_r500,1,TDOS,T,1,3,192024.138,2585.844,192032.8125
n65536_q128_r500,1,TDOS,T,1,4,191888.011,2285.933,191898.5
n65536_q128_r500,1,TDOS,T,1,5,191853.119,2571.832,191863.203125
n65536_q128_r500,1,TDOS,T,1,6,192242.768,2549.939,192253.34375
n65536_q128_r500,1,TDOS,T,1,7,192316.561,2683.047,192327.265625
n65536_q128_r500,1,TDOS,T,1,8,192381.7,2880.225,192392.484375
n65536_q128_r500,1,TDOS,T,1,9,191992.61,2987.859,192003.875
n65536_q128_r500,1,TDOS,T,1,10,191932.634,2861.322,191943.03125
n65536_q128_r500,1,TDOS,T,1,11,191843.681,2933.935,191854.34375
n65536_q128_r500,1,TDOS,T,1,12,191896.647,2942.212,191907.296875
n65536_q128_r500,1,TDOS,T,1,13,191525.649,3011.318,191534.15625
n65536_q128_r500,1,TDOS,T,1,14,191741.977,2673.065,191752.171875
n65536_q128_r500,1,TDOS,T,1,15,191889.259,2461.375,191898.46875
n65536_q128_r500,1,TDOS,T,1,16,191952.45,2457.421,191962.203125
n65536_q128_r500,1,TDOS,T,1,17,192003.004,2436.786,192012.515625
n65536_q128_r500,1,TDOS,T,1,18,191957.533,2657.983,191966.71875
n65536_q128_r500,1,TDOS,T,1,19,192005.893,2595.428,192017.15625
n65536_q128_r500,1,TDOS,T,16,0,192043.240312,2564.528437,192052.736328
n65536_q128_r500,1,TDOS,T,16,1,191922.954625,2878.713625,191933.548828
n65536_q128_r500,1,TDOS,T,16,2,191982.994937,2811.856563,191993.258789
n65536_q128_r500,1,TDOS,T,16,3,191982.959188,2609.431313,191992.580078
n65536_q128_r500,1,TDOS,T,16,4,192031.82725,2604.425563,192041.478516
n65536_q128_r500,1,TDOS,D,1,0,397.369,26.59,402.271973
n65536_q128_r500,1,TDOS,D,1,1,400.414,26.089,403.807983
n65536_q128_r500,1,TDOS,D,1,2,397.572,25.61,402.175995
n65536_q128_r500,1,TDOS,D,1,3,396.227,24.902,399.904022
n65536_q128_r500,1,TDOS,D,1,4,399.564,26.597,403.167999
n65536_q128_r500,1,TDOS,D,1,5,391.882,23.376,395.200012
n65536_q128_r500,1,TDOS,D,1,6,393.862,23.636,397.152008
n65536_q128_r500,1,TDOS,D,1,7,394.461,22.309,397.567993
n65536_q128_r500,1,TDOS,D,1,8,392.173,19.357,395.615997
n65536_q128_r500,1,TDOS,D,1,9,395.062,19.886,398.335999
n65536_q128_r500,1,TDOS,D,1,10,393.606,23.112,397.439972
n65536_q128_r500,1,TDOS,D,1,11,394.054,22.462,397.311981
n65536_q128_r500,1,TDOS,D,1,12,395.635,26.576,399.007996
n65536_q128_r500,1,TDOS,D,1,13,392.879,22.766,396.256012
n65536_q128_r500,1,TDOS,D,1,14,394.768,19.315,398.112
n65536_q128_r500,1,TDOS,D,1,15,394.396,21.481,397.184021
n65536_q128_r500,1,TDOS,D,1,16,397.844,19.094,400.799988
n65536_q128_r500,1,TDOS,D,1,17,392.094,19.696,395.072021
n65536_q128_r500,1,TDOS,D,1,18,393.828,21.315,397.471985
n65536_q128_r500,1,TDOS,D,1,19,393.784,18.864,396.832001
n65536_q128_r500,1,TDOS,D,16,0,390.95125,20.830813,394.398003
n65536_q128_r500,1,TDOS,D,16,1,391.682563,20.55375,395.031998
n65536_q128_r500,1,TDOS,D,16,2,391.305438,20.937875,394.588003
n65536_q128_r500,1,TDOS,D,16,3,387.535562,20.344938,390.68601
n65536_q128_r500,1,TDOS,D,16,4,365.384813,20.55825,368.626005
n65536_q128_r500,1,TDOS,O,1,0,640002.544,2839.514,640024.125
n65536_q128_r500,1,TDOS,O,1,1,639672.117,2814.495,639688.875
n65536_q128_r500,1,TDOS,O,1,2,639839.152,2624.512,639855.0625
n65536_q128_r500,1,TDOS,O,1,3,639428.256,2648.741,639443.75
n65536_q128_r500,1,TDOS,O,1,4,639705.094,2524.12,639720.0625
n65536_q128_r500,1,TDOS,O,1,5,639677.273,2584.694,639692.625
n65536_q128_r500,1,TDOS,O,1,6,639520.745,2623.129,639535.9375
n65536_q128_r500,1,TDOS,O,1,7,640354.545,2685.618,640369.625
n65536_q128_r500,1,TDOS,O,1,8,639565.946,2403.954,639580.6875
n65536_q128_r500,1,TDOS,O,1,9,639513.734,2473.978,639528.3125
n65536_q128_r500,1,TDOS,O,1,10,639749.985,2789.64,639767.4375
n65536_q128_r500,1,TDOS,O,1,11,639543.239,2530.45,639559.125
n65536_q128_r500,1,TDOS,O,1,12,639745.381,2518.298,639761.0
n65536_q128_r500,1,TDOS,O,1,13,639713.83,2640.238,639729.1875
n65536_q128_r500,1,TDOS,O,1,14,639282.953,2402.831,639298.1875
n65536_q128_r500,1,TDOS,O,1,15,639647.673,2703.488,639662.4375
n65536_q128_r500,1,TDOS,O,1,16,639564.968,2495.672,639580.3125
n65536_q128_r500,1,TDOS,O,1,17,639583.503,2401.165,639599.0
n65536_q128_r500,1,TDOS,O,1,18,639783.739,2543.19,639797.9375
n65536_q128_r500,1,TDOS,O,1,19,639432.956,2410.211,639447.4375
n65536_q128_r500,1,TDOS,O,16,0,639607.017187,2568.994312,639622.25
n65536_q128_r500,1,TDOS,O,16,1,639695.052312,2565.074375,639710.515625
n65536_q128_r500,1,TDOS,O,16,2,639839.041375,2777.976375,639856.304688
n65536_q128_r500,1,TDOS,O,16,3,639619.76775,2599.898875,639634.527344
n65536_q128_r500,1,TDOS,O,16,4,639781.39875,2569.245875,639796.753906
n65536_q128_r500,1,TDOS,S,1,0,191056.494,2538.695,191068.671875
n65536_q128_r500,1,TDOS,S,1,1,192028.735,2560.384,192038.140625
n65536_q128_r500,1,TDOS,S,1,2,191933.149,2516.488,191942.3125
n65536_q128_r500,1,TDOS,S,1,3,192026.94,2558.353,192036.0
n65536_q128_r500,1,TDOS,S,1,4,192049.932,2616.241,192058.890625
n65536_q128_r500,1,TDOS,S,1,5,191947.375,2617.105,191956.734375
n65536_q128_r500,1,TDOS,S,1,6,191912.787,2517.735,191922.328125
n65536_q128_r500,1,TDOS,S,1,7,194128.018,2829.598,194139.9375
n65536_q128_r500,1,TDOS,S,1,8,189741.019,2583.955,189750.96875
n65536_q128_r500,1,TDOS,S,1,9,191985.418,2637.994,191995.328125
n65536_q128_r500,1,TDOS,S,1,10,191979.278,2680.223,191988.21875
n65536_q128_r500,1,TDOS,S,1,11,191959.006,2475.769,191969.171875
n65536_q128_r500,1,TDOS,S,1,12,191920.312,2554.832,191936.21875
n65536_q128_r500,1,TDOS,S,1,13,192028.6,2508.995,192037.421875
n65536_q128_r500,1,TDOS,S,1,14,191864.727,2451.617,191873.625
n65536_q128_r500,1,TDOS,S,1,15,192078.227,2551.507,192086.96875
n65536_q128_r500,1,TDOS,S,1,16,191961.513,2542.685,191970.3125
n65536_q128_r500,1,TDOS,S,1,17,191831.863,2469.07,191840.734375
n65536_q128_r500,1,TDOS,S,1,18,192057.774,2518.682,192066.8125
n65536_q128_r500,1,TDOS,S,1,19,192465.321,2419.342,192475.03125
n65536_q128_r500,1,TDOS,S,16,0,191947.758938,2536.130625,191956.535156
n65536_q128_r500,1,TDOS,S,16,1,191989.2675,2503.98275,191997.952148
n65536_q128_r500,1,TDOS,S,16,2,191974.620875,2565.293,191983.901367
n65536_q128_r500,1,TDOS,S,16,3,191987.1275,2505.059563,191996.001953
n65536_q128_r500,1,TDOS,S,16,4,191980.776062,2583.561625,191989.776367
n65536_q128_r500,2,SODT,S,1,0,192109.166,2279.079,192130.34375
n65536_q128_r500,2,SODT,S,1,1,192185.871,3504.528,192196.40625
n65536_q128_r500,2,SODT,S,1,2,191672.085,2479.424,191681.765625
n65536_q128_r500,2,SODT,S,1,3,191936.334,2207.252,191945.515625
n65536_q128_r500,2,SODT,S,1,4,192082.851,2358.115,192092.28125
n65536_q128_r500,2,SODT,S,1,5,191804.26,2274.69,191813.46875
n65536_q128_r500,2,SODT,S,1,6,192061.655,2313.24,192070.625
n65536_q128_r500,2,SODT,S,1,7,192001.007,2284.864,192010.65625
n65536_q128_r500,2,SODT,S,1,8,193004.431,2250.158,193013.734375
n65536_q128_r500,2,SODT,S,1,9,190988.391,2581.071,191000.0625
n65536_q128_r500,2,SODT,S,1,10,191841.344,2432.132,191850.875
n65536_q128_r500,2,SODT,S,1,11,191989.631,2260.265,191998.59375
n65536_q128_r500,2,SODT,S,1,12,191965.623,2109.773,191974.390625
n65536_q128_r500,2,SODT,S,1,13,191964.872,2215.035,191973.578125
n65536_q128_r500,2,SODT,S,1,14,192135.077,2235.886,192144.34375
n65536_q128_r500,2,SODT,S,1,15,191836.471,2266.662,191846.6875
n65536_q128_r500,2,SODT,S,1,16,192070.352,2299.332,192079.15625
n65536_q128_r500,2,SODT,S,1,17,191835.967,2241.984,191845.703125
n65536_q128_r500,2,SODT,S,1,18,192075.962,2229.292,192086.015625
n65536_q128_r500,2,SODT,S,1,19,192025.139,2231.308,192034.265625
n65536_q128_r500,2,SODT,S,16,0,191981.417188,2230.305125,191990.535156
n65536_q128_r500,2,SODT,S,16,1,191972.921125,2171.515438,191983.042969
n65536_q128_r500,2,SODT,S,16,2,191950.972063,2156.343937,191960.973633
n65536_q128_r500,2,SODT,S,16,3,192019.371187,2092.021063,192028.693359
n65536_q128_r500,2,SODT,S,16,4,191976.092813,2238.165313,191985.423828
n65536_q128_r500,2,SODT,O,1,0,639621.423,2316.945,639639.9375
n65536_q128_r500,2,SODT,O,1,1,639657.104,2347.373,639671.625
n65536_q128_r500,2,SODT,O,1,2,639360.556,2218.335,639374.625
n65536_q128_r500,2,SODT,O,1,3,639440.249,2162.381,639454.25
n65536_q128_r500,2,SODT,O,1,4,639398.008,2241.576,639411.625
n65536_q128_r500,2,SODT,O,1,5,639626.876,2259.559,639640.75
n65536_q128_r500,2,SODT,O,1,6,639445.152,2241.06,639460.1875
n65536_q128_r500,2,SODT,O,1,7,639763.364,2301.431,639777.8125
n65536_q128_r500,2,SODT,O,1,8,639298.981,2197.948,639313.5625
n65536_q128_r500,2,SODT,O,1,9,639612.437,1944.536,639627.0625
n65536_q128_r500,2,SODT,O,1,10,640113.092,2335.946,640129.0
n65536_q128_r500,2,SODT,O,1,11,639897.113,2128.574,639911.875
n65536_q128_r500,2,SODT,O,1,12,639420.441,2277.322,639434.25
n65536_q128_r500,2,SODT,O,1,13,639891.431,2441.761,639908.25
n65536_q128_r500,2,SODT,O,1,14,643533.659,2556.517,643548.1875
n65536_q128_r500,2,SODT,O,1,15,639584.545,2317.23,639598.625
n65536_q128_r500,2,SODT,O,1,16,639562.652,2279.962,639577.375
n65536_q128_r500,2,SODT,O,1,17,639800.51,2006.241,639814.875
n65536_q128_r500,2,SODT,O,1,18,639444.872,2277.405,639458.1875
n65536_q128_r500,2,SODT,O,1,19,639538.51,2179.678,639552.5
n65536_q128_r500,2,SODT,O,16,0,639776.748625,2550.564812,639790.996094
n65536_q128_r500,2,SODT,O,16,1,639745.950312,2597.341,639763.542969
n65536_q128_r500,2,SODT,O,16,2,639727.3505,2410.622438,639742.851562
n65536_q128_r500,2,SODT,O,16,3,639748.102562,2432.484062,639763.90625
n65536_q128_r500,2,SODT,O,16,4,639719.717688,2449.7625,639735.316406
n65536_q128_r500,2,SODT,D,1,0,370.272,20.643,375.936005
n65536_q128_r500,2,SODT,D,1,1,371.626,20.118,374.879974
n65536_q128_r500,2,SODT,D,1,2,369.873,20.499,373.151978
n65536_q128_r500,2,SODT,D,1,3,368.931,20.51,372.287994
n65536_q128_r500,2,SODT,D,1,4,366.549,19.886,369.727997
n65536_q128_r500,2,SODT,D,1,5,365.794,24.148,368.672028
n65536_q128_r500,2,SODT,D,1,6,367.536,19.124,370.752014
n65536_q128_r500,2,SODT,D,1,7,364.877,21.514,367.935974
n65536_q128_r500,2,SODT,D,1,8,366.815,22.015,369.76001
n65536_q128_r500,2,SODT,D,1,9,363.816,18.14,367.007996
n65536_q128_r500,2,SODT,D,1,10,364.447,23.036,367.455994
n65536_q128_r500,2,SODT,D,1,11,367.066,21.621,369.984009
n65536_q128_r500,2,SODT,D,1,12,370.095,26.082,373.18399
n65536_q128_r500,2,SODT,D,1,13,363.872,20.469,366.688019
n65536_q128_r500,2,SODT,D,1,14,368.053,18.985,371.199982
n65536_q128_r500,2,SODT,D,1,15,359.396,17.943,362.335999
n65536_q128_r500,2,SODT,D,1,16,364.472,20.763,367.455994
n65536_q128_r500,2,SODT,D,1,17,366.905,20.65,370.112
n65536_q128_r500,2,SODT,D,1,18,363.285,20.001,366.23999
n65536_q128_r500,2,SODT,D,1,19,368.08,18.899,371.007996
n65536_q128_r500,2,SODT,D,16,0,365.216375,20.113062,368.546
n65536_q128_r500,2,SODT,D,16,1,364.820063,20.055062,367.977997
n65536_q128_r500,2,SODT,D,16,2,366.0505,20.247812,369.312006
n65536_q128_r500,2,SODT,D,16,3,364.79125,19.825187,367.899998
n65536_q128_r500,2,SODT,D,16,4,364.808125,20.263125,368.066002
n65536_q128_r500,2,SODT,T,1,0,194609.163,2587.252,194621.734375
n65536_q128_r500,2,SODT,T,1,1,189086.5,2672.936,189097.125
n65536_q128_r500,2,SODT,T,1,2,192976.542,2536.592,192985.796875
n65536_q128_r500,2,SODT,T,1,3,191928.723,2509.195,191938.484375
n65536_q128_r500,2,SODT,T,1,4,190863.561,2465.034,190872.3125
n65536_q128_r500,2,SODT,T,1,5,193200.235,2511.42,193210.296875
n65536_q128_r500,2,SODT,T,1,6,191969.748,2590.364,191978.875
n65536_q128_r500,2,SODT,T,1,7,191941.699,2554.101,191950.5625
n65536_q128_r500,2,SODT,T,1,8,192039.162,2644.119,192048.390625
n65536_q128_r500,2,SODT,T,1,9,192009.145,2705.423,192018.40625
n65536_q128_r500,2,SODT,T,1,10,190933.02,2651.907,190941.640625
n65536_q128_r500,2,SODT,T,1,11,191811.847,2577.128,191822.34375
n65536_q128_r500,2,SODT,T,1,12,192152.214,2670.273,192162.484375
n65536_q128_r500,2,SODT,T,1,13,191932.285,2508.741,191942.5625
n65536_q128_r500,2,SODT,T,1,14,193004.283,2692.474,193013.59375
n65536_q128_r500,2,SODT,T,1,15,190941.195,2650.61,190951.328125
n65536_q128_r500,2,SODT,T,1,16,191822.901,2611.307,191832.40625
n65536_q128_r500,2,SODT,T,1,17,192920.847,2543.387,192929.5625
n65536_q128_r500,2,SODT,T,1,18,192231.182,2665.622,192239.171875
n65536_q128_r500,2,SODT,T,1,19,191837.763,2519.177,191846.375
n65536_q128_r500,2,SODT,T,16,0,191917.606875,2614.395812,191927.427734
n65536_q128_r500,2,SODT,T,16,1,191983.899375,2475.528313,191993.732422
n65536_q128_r500,2,SODT,T,16,2,191986.569438,2540.576062,191997.197266
n65536_q128_r500,2,SODT,T,16,3,192082.422187,2290.409562,192091.391602
n65536_q128_r500,2,SODT,T,16,4,191862.653,2330.64475,191871.352539
n65536_q128_r500,3,DTSO,D,1,0,391.523,42.245,408.768005
n65536_q128_r500,3,DTSO,D,1,1,382.778,34.835,388.864014
n65536_q128_r500,3,DTSO,D,1,2,388.818,33.962,392.287994
n65536_q128_r500,3,DTSO,D,1,3,370.855,19.129,373.824005
n65536_q128_r500,3,DTSO,D,1,4,372.502,19.584,376.544006
n65536_q128_r500,3,DTSO,D,1,5,375.616,20.151,379.007996
n65536_q128_r500,3,DTSO,D,1,6,373.522,18.819,376.192017
n65536_q128_r500,3,DTSO,D,1,7,374.104,18.797,377.023987
n65536_q128_r500,3,DTSO,D,1,8,374.947,19.68,376.511993
n65536_q128_r500,3,DTSO,D,1,9,372.519,18.387,375.519989
n65536_q128_r500,3,DTSO,D,1,10,378.915,21.379,382.079987
n65536_q128_r500,3,DTSO,D,1,11,373.115,19.192,376.287994
n65536_q128_r500,3,DTSO,D,1,12,375.503,21.057,378.59201
n65536_q128_r500,3,DTSO,D,1,13,375.902,23.229,379.231995
n65536_q128_r500,3,DTSO,D,1,14,371.531,21.024,374.911987
n65536_q128_r500,3,DTSO,D,1,15,372.981,20.374,376.384003
n65536_q128_r500,3,DTSO,D,1,16,374.055,22.823,377.503998
n65536_q128_r500,3,DTSO,D,1,17,370.714,20.319,373.888
n65536_q128_r500,3,DTSO,D,1,18,373.46,21.496,376.895996
n65536_q128_r500,3,DTSO,D,1,19,368.317,19.843,371.488007
n65536_q128_r500,3,DTSO,D,16,0,374.828187,24.136,378.652
n65536_q128_r500,3,DTSO,D,16,1,374.90825,25.2945,378.983999
n65536_q128_r500,3,DTSO,D,16,2,374.66975,24.679562,378.901997
n65536_q128_r500,3,DTSO,D,16,3,374.517375,25.30175,378.697998
n65536_q128_r500,3,DTSO,D,16,4,374.382562,25.409625,378.911999
n65536_q128_r500,3,DTSO,T,1,0,42442.183,14083.426,42449.628906
n65536_q128_r500,3,DTSO,T,1,1,40930.412,13246.42,40936.066406
n65536_q128_r500,3,DTSO,T,1,2,45716.816,16555.937,45722.015625
n65536_q128_r500,3,DTSO,T,1,3,40122.342,12370.431,40127.390625
n65536_q128_r500,3,DTSO,T,1,4,39861.967,11457.644,39866.6875
n65536_q128_r500,3,DTSO,T,1,5,38801.432,11128.672,38806.210938
n65536_q128_r500,3,DTSO,T,1,6,164495.624,6875.777,164504.0625
n65536_q128_r500,3,DTSO,T,1,7,40596.127,12238.0,40601.921875
n65536_q128_r500,3,DTSO,T,1,8,38833.404,11153.157,38837.503906
n65536_q128_r500,3,DTSO,T,1,9,40614.826,11365.619,40619.136719
n65536_q128_r500,3,DTSO,T,1,10,38775.263,11098.764,38779.582031
n65536_q128_r500,3,DTSO,T,1,11,39549.511,11082.187,39553.984375
n65536_q128_r500,3,DTSO,T,1,12,38908.892,11192.523,38913.34375
n65536_q128_r500,3,DTSO,T,1,13,40452.567,11313.46,40457.054688
n65536_q128_r500,3,DTSO,T,1,14,40193.073,12437.084,40196.671875
n65536_q128_r500,3,DTSO,T,1,15,39842.617,11404.098,39847.074219
n65536_q128_r500,3,DTSO,T,1,16,39020.048,11257.014,39025.632812
n65536_q128_r500,3,DTSO,T,1,17,40398.603,11242.072,40404.0
n65536_q128_r500,3,DTSO,T,1,18,39706.241,12036.137,39711.839844
n65536_q128_r500,3,DTSO,T,1,19,170902.919,8576.032,170912.328125
n65536_q128_r500,3,DTSO,T,16,0,48005.266563,11503.190813,48010.148193
n65536_q128_r500,3,DTSO,T,16,1,48021.472,11462.617875,48026.140137
n65536_q128_r500,3,DTSO,T,16,2,47932.054187,11403.45725,47936.75415
n65536_q128_r500,3,DTSO,T,16,3,47940.550062,11425.729813,47945.252686
n65536_q128_r500,3,DTSO,T,16,4,56507.486875,11470.521312,56512.602051
n65536_q128_r500,3,DTSO,S,1,0,39793.256,11830.956,39800.925781
n65536_q128_r500,3,DTSO,S,1,1,41289.824,11825.442,41298.304688
n65536_q128_r500,3,DTSO,S,1,2,39146.318,11221.564,39150.914062
n65536_q128_r500,3,DTSO,S,1,3,41271.122,12538.871,41279.519531
n65536_q128_r500,3,DTSO,S,1,4,39325.397,11272.752,39329.953125
n65536_q128_r500,3,DTSO,S,1,5,41296.043,11819.98,41300.703125
n65536_q128_r500,3,DTSO,S,1,6,194638.715,11707.697,194647.8125
n65536_q128_r500,3,DTSO,S,1,7,41977.28,13344.19,41982.367188
n65536_q128_r500,3,DTSO,S,1,8,38984.202,11042.524,38989.824219
n65536_q128_r500,3,DTSO,S,1,9,40849.358,11392.705,40852.992188
n65536_q128_r500,3,DTSO,S,1,10,40394.211,12410.946,40399.648438
n65536_q128_r500,3,DTSO,S,1,11,40143.201,11407.429,40147.617188
n65536_q128_r500,3,DTSO,S,1,12,40194.124,12216.084,40198.6875
n65536_q128_r500,3,DTSO,S,1,13,41237.197,11728.052,41241.375
n65536_q128_r500,3,DTSO,S,1,14,39193.894,11216.811,39198.175781
n65536_q128_r500,3,DTSO,S,1,15,40926.852,11658.823,40931.457031
n65536_q128_r500,3,DTSO,S,1,16,39444.102,11434.383,39447.328125
n65536_q128_r500,3,DTSO,S,1,17,40858.193,11850.663,40863.136719
n65536_q128_r500,3,DTSO,S,1,18,40021.743,11230.159,40026.59375
n65536_q128_r500,3,DTSO,S,1,19,164559.594,5280.864,164568.3125
n65536_q128_r500,3,DTSO,S,16,0,48563.484125,11766.515562,48568.433838
n65536_q128_r500,3,DTSO,S,16,1,55643.342625,2529.433312,55649.43689
n65536_q128_r500,3,DTSO,S,16,2,168306.881938,2226.348563,168316.799683
n65536_q128_r500,3,DTSO,S,16,3,191856.82675,2236.593625,191865.8125
n65536_q128_r500,3,DTSO,S,16,4,191977.331625,2469.47225,191988.6875
n65536_q128_r500,3,DTSO,O,1,0,640170.406,2222.074,640186.3125
n65536_q128_r500,3,DTSO,O,1,1,641191.489,2234.39,641205.0625
n65536_q128_r500,3,DTSO,O,1,2,640119.602,2367.868,640132.125
n65536_q128_r500,3,DTSO,O,1,3,641479.91,2347.321,641492.5
n65536_q128_r500,3,DTSO,O,1,4,641225.356,2213.193,641237.9375
n65536_q128_r500,3,DTSO,O,1,5,642439.789,2472.324,642452.6875
n65536_q128_r500,3,DTSO,O,1,6,640078.269,2082.484,640091.4375
n65536_q128_r500,3,DTSO,O,1,7,639944.075,2566.025,639957.4375
n65536_q128_r500,3,DTSO,O,1,8,639608.947,2367.701,639621.8125
n65536_q128_r500,3,DTSO,O,1,9,639721.374,2285.058,639734.6875
n65536_q128_r500,3,DTSO,O,1,10,639630.247,2377.487,639643.6875
n65536_q128_r500,3,DTSO,O,1,11,639620.288,2206.982,639633.6875
n65536_q128_r500,3,DTSO,O,1,12,641914.624,2257.059,641927.375
n65536_q128_r500,3,DTSO,O,1,13,639784.069,2410.492,639797.4375
n65536_q128_r500,3,DTSO,O,1,14,639671.552,2417.703,639685.3125
n65536_q128_r500,3,DTSO,O,1,15,639978.341,2564.872,640000.6875
n65536_q128_r500,3,DTSO,O,1,16,639883.412,2745.81,639897.0
n65536_q128_r500,3,DTSO,O,1,17,642692.783,2495.312,642708.5
n65536_q128_r500,3,DTSO,O,1,18,639819.433,2578.871,639833.125
n65536_q128_r500,3,DTSO,O,1,19,639722.3,2395.126,639735.375
n65536_q128_r500,3,DTSO,O,16,0,641173.502063,2522.124687,641188.917969
n65536_q128_r500,3,DTSO,O,16,1,642618.752188,2659.649313,642636.464844
n65536_q128_r500,3,DTSO,O,16,2,642010.49875,2436.99725,642023.917969
n65536_q128_r500,3,DTSO,O,16,3,640329.503875,2424.170188,640343.679688
n65536_q128_r500,3,DTSO,O,16,4,645896.073563,2425.407562,645909.695312
n65536_q128_r500,4,DSOT,D,1,0,396.922,24.245,406.143982
n65536_q128_r500,4,DSOT,D,1,1,398.828,25.302,401.951996
n65536_q128_r500,4,DSOT,D,1,2,398.225,24.344,402.079987
n65536_q128_r500,4,DSOT,D,1,3,397.888,26.266,402.783997
n65536_q128_r500,4,DSOT,D,1,4,397.341,23.768,400.70401
n65536_q128_r500,4,DSOT,D,1,5,398.287,24.143,403.039978
n65536_q128_r500,4,DSOT,D,1,6,393.58,22.642,396.416016
n65536_q128_r500,4,DSOT,D,1,7,395.07,22.655,398.687988
n65536_q128_r500,4,DSOT,D,1,8,397.352,25.344,401.76001
n65536_q128_r500,4,DSOT,D,1,9,397.097,24.051,400.735992
n65536_q128_r500,4,DSOT,D,1,10,400.185,26.831,403.839996
n65536_q128_r500,4,DSOT,D,1,11,396.491,24.243,399.904022
n65536_q128_r500,4,DSOT,D,1,12,396.078,23.346,399.64801
n65536_q128_r500,4,DSOT,D,1,13,397.124,25.524,400.575989
n65536_q128_r500,4,DSOT,D,1,14,395.566,25.078,399.679993
n65536_q128_r500,4,DSOT,D,1,15,398.875,25.879,402.655975
n65536_q128_r500,4,DSOT,D,1,16,396.106,25.384,399.872009
n65536_q128_r500,4,DSOT,D,1,17,396.627,24.651,400.447998
n65536_q128_r500,4,DSOT,D,1,18,402.088,29.297,405.856018
n65536_q128_r500,4,DSOT,D,1,19,395.929,25.06,399.744019
n65536_q128_r500,4,DSOT,D,16,0,397.9355,25.713375,402.018002
n65536_q128_r500,4,DSOT,D,16,1,397.596063,26.232375,402.295998
n65536_q128_r500,4,DSOT,D,16,2,396.990563,25.509875,401.150003
n65536_q128_r500,4,DSOT,D,16,3,398.125313,27.857125,402.429995
n65536_q128_r500,4,DSOT,D,16,4,397.48525,26.071938,401.694
n65536_q128_r500,4,DSOT,S,1,0,191845.413,2154.439,191856.328125
n65536_q128_r500,4,DSOT,S,1,1,192017.38,2131.23,192026.375
n65536_q128_r500,4,DSOT,S,1,2,191975.76,2177.169,191984.3125
n65536_q128_r500,4,DSOT,S,1,3,192113.894,2309.263,192138.359375
n65536_q128_r500,4,DSOT,S,1,4,192059.191,2805.96,192070.59375
n65536_q128_r500,4,DSOT,S,1,5,191764.036,2370.81,191773.84375
n65536_q128_r500,4,DSOT,S,1,6,192013.038,2230.289,192021.734375
n65536_q128_r500,4,DSOT,S,1,7,191830.752,2293.818,191839.578125
n65536_q128_r500,4,DSOT,S,1,8,192203.441,2110.596,192212.765625
n65536_q128_r500,4,DSOT,S,1,9,191879.36,2247.308,191888.34375
n65536_q128_r500,4,DSOT,S,1,10,191920.939,2147.216,191929.796875
n65536_q128_r500,4,DSOT,S,1,11,191939.591,2319.806,191947.734375
n65536_q128_r500,4,DSOT,S,1,12,191919.425,2252.161,191927.234375
n65536_q128_r500,4,DSOT,S,1,13,192094.659,1846.68,192104.0
n65536_q128_r500,4,DSOT,S,1,14,191856.261,2270.609,191864.34375
n65536_q128_r500,4,DSOT,S,1,15,192106.434,2245.305,192115.296875
n65536_q128_r500,4,DSOT,S,1,16,192917.471,2276.541,192925.953125
n65536_q128_r500,4,DSOT,S,1,17,190975.539,2227.069,190984.09375
n65536_q128_r500,4,DSOT,S,1,18,192675.799,2399.108,192686.84375
n65536_q128_r500,4,DSOT,S,1,19,191252.217,2519.765,191261.125
n65536_q128_r500,4,DSOT,S,16,0,191977.156062,2224.69375,191985.583008
n65536_q128_r500,4,DSOT,S,16,1,191984.107625,2225.213125,191992.953125
n65536_q128_r500,4,DSOT,S,16,2,191981.693375,2275.194875,191989.938477
n65536_q128_r500,4,DSOT,S,16,3,191974.211062,2247.969312,191982.982422
n65536_q128_r500,4,DSOT,S,16,4,192546.188063,2256.720187,192554.780273
n65536_q128_r500,4,DSOT,O,1,0,667657.861,2435.531,667675.0
n65536_q128_r500,4,DSOT,O,1,1,668167.376,2387.472,668180.0625
n65536_q128_r500,4,DSOT,O,1,2,667798.075,2390.578,667811.1875
n65536_q128_r500,4,DSOT,O,1,3,668264.943,2477.471,668278.875
n65536_q128_r500,4,DSOT,O,1,4,667786.954,2406.59,667800.4375
n65536_q128_r500,4,DSOT,O,1,5,668041.647,2398.289,668054.5
n65536_q128_r500,4,DSOT,O,1,6,668238.554,2427.171,668252.0
n65536_q128_r500,4,DSOT,O,1,7,667626.541,2436.107,667639.25
n65536_q128_r500,4,DSOT,O,1,8,667920.069,2473.597,667932.6875
n65536_q128_r500,4,DSOT,O,1,9,667929.447,2427.155,667943.8125
n65536_q128_r500,4,DSOT,O,1,10,667928.339,2335.242,667941.375
n65536_q128_r500,4,DSOT,O,1,11,668253.612,2469.666,668266.3125
n65536_q128_r500,4,DSOT,O,1,12,667582.509,2437.742,667595.375
n65536_q128_r500,4,DSOT,O,1,13,668023.089,2370.785,668034.6875
n65536_q128_r500,4,DSOT,O,1,14,667907.148,2420.748,667921.125
n65536_q128_r500,4,DSOT,O,1,15,668073.347,2402.351,668085.9375
n65536_q128_r500,4,DSOT,O,1,16,668850.61,2644.039,668866.3125
n65536_q128_r500,4,DSOT,O,1,17,668138.191,2485.132,668151.125
n65536_q128_r500,4,DSOT,O,1,18,667808.491,2442.395,667821.25
n65536_q128_r500,4,DSOT,O,1,19,668009.701,2300.117,668022.125
n65536_q128_r500,4,DSOT,O,16,0,667994.254375,2388.2585,668006.933594
n65536_q128_r500,4,DSOT,O,16,1,667576.86625,2367.306,667589.535156
n65536_q128_r500,4,DSOT,O,16,2,667868.743375,2474.4555,667885.445312
n65536_q128_r500,4,DSOT,O,16,3,668299.365938,2983.1835,668314.691406
n65536_q128_r500,4,DSOT,O,16,4,664877.24725,2568.041687,664892.128906
n65536_q128_r500,4,DSOT,T,1,0,192991.702,2466.839,193003.421875
n65536_q128_r500,4,DSOT,T,1,1,191167.26,2285.051,191175.703125
n65536_q128_r500,4,DSOT,T,1,2,191877.236,2040.179,191887.234375
n65536_q128_r500,4,DSOT,T,1,3,192979.065,2468.124,192987.546875
n65536_q128_r500,4,DSOT,T,1,4,190999.481,2351.065,191008.484375
n65536_q128_r500,4,DSOT,T,1,5,193086.62,2339.662,193095.90625
n65536_q128_r500,4,DSOT,T,1,6,190839.348,2372.453,190847.140625
n65536_q128_r500,4,DSOT,T,1,7,191976.643,2482.972,191992.21875
n65536_q128_r500,4,DSOT,T,1,8,191917.657,2651.055,191927.421875
n65536_q128_r500,4,DSOT,T,1,9,192057.255,2542.089,192066.734375
n65536_q128_r500,4,DSOT,T,1,10,191861.116,2532.765,191870.125
n65536_q128_r500,4,DSOT,T,1,11,193247.749,2404.105,193256.8125
n65536_q128_r500,4,DSOT,T,1,12,191830.067,2540.871,191844.3125
n65536_q128_r500,4,DSOT,T,1,13,190908.733,2568.445,190917.34375
n65536_q128_r500,4,DSOT,T,1,14,192784.258,2465.769,192793.0
n65536_q128_r500,4,DSOT,T,1,15,191106.46,2458.751,191115.671875
n65536_q128_r500,4,DSOT,T,1,16,191920.95,2427.603,191929.703125
n65536_q128_r500,4,DSOT,T,1,17,193010.358,2379.34,193018.90625
n65536_q128_r500,4,DSOT,T,1,18,192100.838,2423.356,192115.9375
n65536_q128_r500,4,DSOT,T,1,19,190853.383,2548.393,190862.140625
n65536_q128_r500,4,DSOT,T,16,0,191985.406062,2462.712437,191995.106445
n65536_q128_r500,4,DSOT,T,16,1,191975.662937,2441.736375,191985.205078
n65536_q128_r500,4,DSOT,T,16,2,191981.041375,2447.278813,191990.15918
n65536_q128_r500,4,DSOT,T,16,3,191979.462813,2335.995187,191988.541992
n65536_q128_r500,4,DSOT,T,16,4,191974.645813,2320.586187,191983.401367
n65536_q128_r500,5,TOSD,T,1,0,43222.204,14661.558,43253.3125
n65536_q128_r500,5,TOSD,T,1,1,43680.146,14408.59,43684.511719
n65536_q128_r500,5,TOSD,T,1,2,43760.586,14460.113,43764.867188
n65536_q128_r500,5,TOSD,T,1,3,43414.405,14876.428,43419.039062
n65536_q128_r500,5,TOSD,T,1,4,44633.164,14772.252,44638.082031
n65536_q128_r500,5,TOSD,T,1,5,44401.986,15132.841,44406.238281
n65536_q128_r500,5,TOSD,T,1,6,43629.256,15090.094,43632.960938
n65536_q128_r500,5,TOSD,T,1,7,161806.765,7730.77,161814.328125
n65536_q128_r500,5,TOSD,T,1,8,44987.558,15926.619,44992.832031
n65536_q128_r500,5,TOSD,T,1,9,43441.274,14965.176,43445.664062
n65536_q128_r500,5,TOSD,T,1,10,43226.579,13429.234,43230.6875
n65536_q128_r500,5,TOSD,T,1,11,43179.578,13947.589,43184.160156
n65536_q128_r500,5,TOSD,T,1,12,43457.461,14901.914,43461.535156
n65536_q128_r500,5,TOSD,T,1,13,44264.81,14971.144,44268.796875
n65536_q128_r500,5,TOSD,T,1,14,43566.398,14597.918,43570.464844
n65536_q128_r500,5,TOSD,T,1,15,42100.322,13583.748,42104.191406
n65536_q128_r500,5,TOSD,T,1,16,44704.759,14789.821,44708.738281
n65536_q128_r500,5,TOSD,T,1,17,43619.203,14358.771,43622.914062
n65536_q128_r500,5,TOSD,T,1,18,44315.406,15803.082,44320.707031
n65536_q128_r500,5,TOSD,T,1,19,198979.027,15484.118,198987.359375
n65536_q128_r500,5,TOSD,T,16,0,53445.259625,14654.216563,53449.761719
n65536_q128_r500,5,TOSD,T,16,1,81440.996562,14585.253875,81446.586182
n65536_q128_r500,5,TOSD,T,16,2,124063.303563,14904.46375,124070.133301
n65536_q128_r500,5,TOSD,T,16,3,123907.936687,14825.753563,123914.721436
n65536_q128_r500,5,TOSD,T,16,4,124002.426937,14647.963313,124008.977295
n65536_q128_r500,5,TOSD,O,1,0,674104.526,12538.972,674120.125
n65536_q128_r500,5,TOSD,O,1,1,677173.718,14180.854,677186.5
n65536_q128_r500,5,TOSD,O,1,2,678957.233,15766.577,678969.8125
n65536_q128_r500,5,TOSD,O,1,3,671830.544,10160.569,671844.125
n65536_q128_r500,5,TOSD,O,1,4,678814.747,15372.235,678827.125
n65536_q128_r500,5,TOSD,O,1,5,678406.638,14924.823,678420.0
n65536_q128_r500,5,TOSD,O,1,6,672527.444,10963.634,672540.6875
n65536_q128_r500,5,TOSD,O,1,7,678456.664,14758.196,678469.375
n65536_q128_r500,5,TOSD,O,1,8,680047.543,16626.818,680059.4375
n65536_q128_r500,5,TOSD,O,1,9,679324.957,15845.929,679338.5625
n65536_q128_r500,5,TOSD,O,1,10,669163.196,9237.708,669177.3125
n65536_q128_r500,5,TOSD,O,1,11,652868.331,12058.305,652881.25
n65536_q128_r500,5,TOSD,O,1,12,652147.059,12203.646,652160.0
n65536_q128_r500,5,TOSD,O,1,13,648656.561,10524.21,648668.9375
n65536_q128_r500,5,TOSD,O,1,14,645399.711,8143.798,645411.875
n65536_q128_r500,5,TOSD,O,1,15,646125.873,8459.82,646140.625
n65536_q128_r500,5,TOSD,O,1,16,645782.496,8352.834,645796.6875
n65536_q128_r500,5,TOSD,O,1,17,645426.584,7677.43,645438.875
n65536_q128_r500,5,TOSD,O,1,18,643371.867,5787.56,643384.375
n65536_q128_r500,5,TOSD,O,1,19,646367.748,8491.912,646380.0
n65536_q128_r500,5,TOSD,O,16,0,640817.20725,3089.308312,640829.800781
n65536_q128_r500,5,TOSD,O,16,1,640084.1185,2353.379688,640097.015625
n65536_q128_r500,5,TOSD,O,16,2,639813.0235,2483.73525,639827.84375
n65536_q128_r500,5,TOSD,O,16,3,639804.68025,2520.039125,639819.640625
n65536_q128_r500,5,TOSD,O,16,4,639767.847813,2461.508312,639781.21875
n65536_q128_r500,5,TOSD,S,1,0,191577.613,2690.882,191596.484375
n65536_q128_r500,5,TOSD,S,1,1,191768.963,2323.396,191779.5625
n65536_q128_r500,5,TOSD,S,1,2,191880.542,2318.282,191890.109375
n65536_q128_r500,5,TOSD,S,1,3,192083.388,2322.332,192094.171875
n65536_q128_r500,5,TOSD,S,1,4,191996.74,2312.282,192006.46875
n65536_q128_r500,5,TOSD,S,1,5,192032.499,2518.237,192044.390625
n65536_q128_r500,5,TOSD,S,1,6,191625.786,2509.134,191635.046875
n65536_q128_r500,5,TOSD,S,1,7,191861.391,2261.62,191870.171875
n65536_q128_r500,5,TOSD,S,1,8,193195.68,2434.661,193206.40625
n65536_q128_r500,5,TOSD,S,1,9,190841.941,2370.886,190851.296875
n65536_q128_r500,5,TOSD,S,1,10,192616.888,2254.055,192628.484375
n65536_q128_r500,5,TOSD,S,1,11,191186.096,2666.276,191195.125
n65536_q128_r500,5,TOSD,S,1,12,191984.418,2127.623,191992.609375
n65536_q128_r500,5,TOSD,S,1,13,192191.551,2352.862,192201.921875
n65536_q128_r500,5,TOSD,S,1,14,191757.835,2383.963,191767.484375
n65536_q128_r500,5,TOSD,S,1,15,192018.738,2288.41,192027.59375
n65536_q128_r500,5,TOSD,S,1,16,192091.67,2119.677,192101.640625
n65536_q128_r500,5,TOSD,S,1,17,191874.358,2295.58,191884.96875
n65536_q128_r500,5,TOSD,S,1,18,191941.835,2395.253,191952.28125
n65536_q128_r500,5,TOSD,S,1,19,192005.392,2458.961,192015.578125
n65536_q128_r500,5,TOSD,S,16,0,191972.576188,2359.18175,191982.856445
n65536_q128_r500,5,TOSD,S,16,1,191978.150563,2242.247875,191987.114258
n65536_q128_r500,5,TOSD,S,16,2,191983.774812,2207.670687,191991.901367
n65536_q128_r500,5,TOSD,S,16,3,191975.470687,2319.741375,191986.213867
n65536_q128_r500,5,TOSD,S,16,4,191997.69325,2232.276563,192007.49707
n65536_q128_r500,5,TOSD,D,1,0,390.81,29.861,395.776001
n65536_q128_r500,5,TOSD,D,1,1,394.935,23.273,398.112
n65536_q128_r500,5,TOSD,D,1,2,393.319,22.028,396.608002
n65536_q128_r500,5,TOSD,D,1,3,393.888,22.178,397.184021
n65536_q128_r500,5,TOSD,D,1,4,396.306,22.959,399.679993
n65536_q128_r500,5,TOSD,D,1,5,395.583,22.078,398.880005
n65536_q128_r500,5,TOSD,D,1,6,395.236,22.528,398.463989
n65536_q128_r500,5,TOSD,D,1,7,395.251,22.224,398.880005
n65536_q128_r500,5,TOSD,D,1,8,395.44,23.177,399.040009
n65536_q128_r500,5,TOSD,D,1,9,396.679,24.081,400.320007
n65536_q128_r500,5,TOSD,D,1,10,393.956,24.226,397.664001
n65536_q128_r500,5,TOSD,D,1,11,394.691,23.932,398.335999
n65536_q128_r500,5,TOSD,D,1,12,395.901,24.062,399.583984
n65536_q128_r500,5,TOSD,D,1,13,395.29,23.962,399.040009
n65536_q128_r500,5,TOSD,D,1,14,404.456,24.555,407.072021
n65536_q128_r500,5,TOSD,D,1,15,395.441,23.445,399.040009
n65536_q128_r500,5,TOSD,D,1,16,397.246,24.816,400.959991
n65536_q128_r500,5,TOSD,D,1,17,399.208,24.441,403.167999
n65536_q128_r500,5,TOSD,D,1,18,395.722,23.979,399.488007
n65536_q128_r500,5,TOSD,D,1,19,396.778,24.11,400.575989
n65536_q128_r500,5,TOSD,D,16,0,395.879688,24.852562,399.775991
n65536_q128_r500,5,TOSD,D,16,1,397.718062,25.86725,402.276003
n65536_q128_r500,5,TOSD,D,16,2,397.241625,26.20675,401.518005
n65536_q128_r500,5,TOSD,D,16,3,398.256625,26.969125,402.542004
n65536_q128_r500,5,TOSD,D,16,4,398.74425,27.864813,403.168001
