dataset,mode,round,query_id,host_ready_us,result_count,ordered_hash,radius_bits
GIST,FR,1,584510,11544.849,1,7111464684906674828,0x3fb4a3d8
GIST,FR,1,860467,12801.836,110513,14831659072279641336,0x3fb4a3d8
GIST,FR,1,923923,11594.574,1,9650181218042224611,0x3fb4a3d8
GIST,FR,1,533409,12780.266,120801,1158368764979798433,0x3fb4a3d8
GIST,FR,1,220435,13004.636,302764,15329822199843692600,0x3fb4a3d8
GIST,FR,1,395173,12932.571,262241,16292672578093830578,0x3fb4a3d8
GIST,FR,1,125555,12521.642,75155,13669275240459382784,0x3fb4a3d8
GIST,FR,1,37317,11745.46,482,9065587736478984682,0x3fb4a3d8
GIST,FR,1,326694,11496.664,2,17855805870912985590,0x3fb4a3d8
GIST,FR,1,408325,11962.024,1772,2815813216534820304,0x3fb4a3d8
GIST,FR,1,928005,11985.049,1001,17371819348064928502,0x3fb4a3d8
GIST,FR,1,636852,12901.784,324005,16982769923046401650,0x3fb4a3d8
GIST,FR,1,565201,12141.602,6396,11264234127150399790,0x3fb4a3d8
GIST,FR,1,416400,12216.287,5024,368749101627721021,0x3fb4a3d8
GIST,FR,1,671950,11549.415,1,5927922487194769596,0x3fb4a3d8
GIST,FR,1,100598,12852.918,274260,15670590569913710840,0x3fb4a3d8
GIST,FR,1,130060,12697.355,136432,5969732168017826336,0x3fb4a3d8
GIST,FR,1,763603,13055.513,301541,147904619539737232,0x3fb4a3d8
GIST,FR,1,229656,11594.569,16,5218843424058757563,0x3fb4a3d8
GIST,FR,1,854752,11762.936,794,12398274414676620556,0x3fb4a3d8
GIST,FR,1,717147,11701.774,476,17483727490360448166,0x3fb4a3d8
GIST,FR,1,253796,11617.391,3,3494645160661919934,0x3fb4a3d8
GIST,FR,1,594298,11554.605,4,13409741501217839975,0x3fb4a3d8
GIST,FR,1,802333,12705.278,146327,10595701386717585823,0x3fb4a3d8
GIST,FR,1,907497,12902.115,252358,11185946559242699135,0x3fb4a3d8
GIST,FR,1,970136,12529.461,43571,1768546914362820738,0x3fb4a3d8
GIST,FR,1,472710,11723.816,1,1071764945648967332,0x3fb4a3d8
GIST,FR,1,311434,11583.289,1,13312524340719727440,0x3fb4a3d8
GIST,FR,1,152112,11546.01,1,16322557560223705822,0x3fb4a3d8
GIST,FR,1,262882,11678.896,350,15552938297066695674,0x3fb4a3d8
GIST,FR,1,706522,12781.512,217682,12361096037655865303,0x3fb4a3d8
GIST,FR,1,832912,12500.862,32198,18328276085626311192,0x3fb4a3d8
GIST,FR,1,303769,12371.978,17440,16329138951931766161,0x3fb4a3d8
GIST,FR,1,223701,11981.053,5223,12110691255955863336,0x3fb4a3d8
GIST,FR,1,809314,12144.494,2575,13833537680890479799,0x3fb4a3d8
GIST,FR,1,831243,11467.25,1,17493799186480836747,0x3fb4a3d8
GIST,FR,1,831746,12892.637,232210,3986705561301011554,0x3fb4a3d8
GIST,FR,1,314373,12942.881,245446,17684901665160681817,0x3fb4a3d8
GIST,FR,1,810800,12279.495,8735,181497579686815711,0x3fb4a3d8
GIST,FR,1,211855,11552.62,2,15098965436855431700,0x3fb4a3d8
GIST,FR,1,533614,12542.285,65593,5177147739743711313,0x3fb4a3d8
GIST,FR,1,335471,12903.914,221008,9663218791444078051,0x3fb4a3d8
GIST,FR,1,566134,12722.656,123319,11275262358537811118,0x3fb4a3d8
GIST,FR,1,738848,13052.93,350706,12714018293197981387,0x3fb4a3d8
GIST,FR,1,359342,11557.965,1,14883231301748386396,0x3fb4a3d8
GIST,FR,1,965210,11774.976,464,8065290031319401403,0x3fb4a3d8
GIST,FR,1,928413,12853.775,101193,7571004148797661265,0x3fb4a3d8
GIST,FR,1,998782,12961.314,312168,5618084397353648138,0x3fb4a3d8
GIST,FR,1,248373,11732.42,424,17920615215818596529,0x3fb4a3d8
GIST,FR,1,113110,12920.075,298393,11087762445465402799,0x3fb4a3d8
GIST,FR,1,421120,11524.066,1,9920652127043963342,0x3fb4a3d8
GIST,FR,1,579626,12196.716,21074,8674792675435185845,0x3fb4a3d8
GIST,FR,1,997466,12697.647,171628,6463969713763470983,0x3fb4a3d8
GIST,FR,1,522760,12820.357,150559,3458506985099854542,0x3fb4a3d8
GIST,FR,1,134930,11629.383,269,11022067387796225111,0x3fb4a3d8
GIST,FR,1,786964,12206.71,4537,10631416977948792920,0x3fb4a3d8
GIST,FR,1,884325,13055.588,349201,543682768752225887,0x3fb4a3d8
GIST,FR,1,552447,12818.784,174588,2772483950073372472,0x3fb4a3d8
GIST,FR,1,504571,11808.477,1573,15794713272219230736,0x3fb4a3d8
GIST,FR,1,951244,12031.092,5415,13484686832383344511,0x3fb4a3d8
GIST,FR,1,220807,12613.827,147226,16046319097409406499,0x3fb4a3d8
GIST,FR,1,681257,11559.518,1,11792367510721151297,0x3fb4a3d8
GIST,FR,1,417658,11599.862,18,10725949708782130545,0x3fb4a3d8
GIST,FR,1,266352,12422.757,12132,13375739972415901329,0x3fb4a3d8
GIST,FR,2,584510,11496.063,1,7111464684906674828,0x3fb4a3d8
GIST,FR,2,860467,12802.251,110513,14831659072279641336,0x3fb4a3d8
GIST,FR,2,923923,11530.967,1,9650181218042224611,0x3fb4a3d8
GIST,FR,2,533409,12762.26,120801,1158368764979798433,0x3fb4a3d8
GIST,FR,2,220435,12940.703,302764,15329822199843692600,0x3fb4a3d8
GIST,FR,2,395173,13031.898,262241,16292672578093830578,0x3fb4a3d8
GIST,FR,2,125555,12580.988,75155,13669275240459382784,0x3fb4a3d8
GIST,FR,2,37317,11684.839,482,9065587736478984682,0x3fb4a3d8
GIST,FR,2,326694,11564.485,2,17855805870912985590,0x3fb4a3d8
GIST,FR,2,408325,11916.251,1772,2815813216534820304,0x3fb4a3d8
GIST,FR,2,928005,11969.362,1001,17371819348064928502,0x3fb4a3d8
GIST,FR,2,636852,12973.32,324005,16982769923046401650,0x3fb4a3d8
GIST,FR,2,565201,12068.231,6396,11264234127150399790,0x3fb4a3d8
GIST,FR,2,416400,12190.295,5024,368749101627721021,0x3fb4a3d8
GIST,FR,2,671950,11502.429,1,5927922487194769596,0x3fb4a3d8
GIST,FR,2,100598,12859.726,274260,15670590569913710840,0x3fb4a3d8
GIST,FR,2,130060,12628.945,136432,5969732168017826336,0x3fb4a3d8
GIST,FR,2,763603,12996.638,301541,147904619539737232,0x3fb4a3d8
GIST,FR,2,229656,11558.82,16,5218843424058757563,0x3fb4a3d8
GIST,FR,2,854752,11805.182,794,12398274414676620556,0x3fb4a3d8
GIST,FR,2,717147,11776.692,476,17483727490360448166,0x3fb4a3d8
GIST,FR,2,253796,11550.008,3,3494645160661919934,0x3fb4a3d8
GIST,FR,2,594298,11604.137,4,13409741501217839975,0x3fb4a3d8
GIST,FR,2,802333,12689.436,146327,10595701386717585823,0x3fb4a3d8
GIST,FR,2,907497,12901.13,252358,11185946559242699135,0x3fb4a3d8
GIST,FR,2,970136,12511.132,43571,1768546914362820738,0x3fb4a3d8
GIST,FR,2,472710,11525.1,1,1071764945648967332,0x3fb4a3d8
GIST,FR,2,311434,11574.531,1,13312524340719727440,0x3fb4a3d8
GIST,FR,2,152112,11580.849,1,16322557560223705822,0x3fb4a3d8
GIST,FR,2,262882,11714.316,350,15552938297066695674,0x3fb4a3d8
GIST,FR,2,706522,12820.023,217682,12361096037655865303,0x3fb4a3d8
GIST,FR,2,832912,12471.77,32198,18328276085626311192,0x3fb4a3d8
GIST,FR,2,303769,12374.086,17440,16329138951931766161,0x3fb4a3d8
GIST,FR,2,223701,12039.261,5223,12110691255955863336,0x3fb4a3d8
GIST,FR,2,809314,12335.078,2575,13833537680890479799,0x3fb4a3d8
GIST,FR,2,831243,11563.464,1,17493799186480836747,0x3fb4a3d8
GIST,FR,2,831746,12838.8,232210,3986705561301011554,0x3fb4a3d8
GIST,FR,2,314373,12921.092,245446,17684901665160681817,0x3fb4a3d8
GIST,FR,2,810800,12233.849,8735,181497579686815711,0x3fb4a3d8
GIST,FR,2,211855,11463.789,2,15098965436855431700,0x3fb4a3d8
GIST,FR,2,533614,12596.208,65593,5177147739743711313,0x3fb4a3d8
GIST,FR,2,335471,12947.744,221008,9663218791444078051,0x3fb4a3d8
GIST,FR,2,566134,12711.556,123319,11275262358537811118,0x3fb4a3d8
GIST,FR,2,738848,13006.066,350706,12714018293197981387,0x3fb4a3d8
GIST,FR,2,359342,11505.444,1,14883231301748386396,0x3fb4a3d8
GIST,FR,2,965210,11770.769,464,8065290031319401403,0x3fb4a3d8
GIST,FR,2,928413,12889.179,101193,7571004148797661265,0x3fb4a3d8
GIST,FR,2,998782,12933.587,312168,5618084397353648138,0x3fb4a3d8
GIST,FR,2,248373,11715.566,424,17920615215818596529,0x3fb4a3d8
GIST,FR,2,113110,12923.43,298393,11087762445465402799,0x3fb4a3d8
GIST,FR,2,421120,11540.048,1,9920652127043963342,0x3fb4a3d8
GIST,FR,2,579626,12249.575,21074,8674792675435185845,0x3fb4a3d8
GIST,FR,2,997466,12588.542,171628,6463969713763470983,0x3fb4a3d8
GIST,FR,2,522760,12842.182,150559,3458506985099854542,0x3fb4a3d8
GIST,FR,2,134930,11598.521,269,11022067387796225111,0x3fb4a3d8
GIST,FR,2,786964,12244.813,4537,10631416977948792920,0x3fb4a3d8
GIST,FR,2,884325,13034.727,349201,543682768752225887,0x3fb4a3d8
GIST,FR,2,552447,12828.205,174588,2772483950073372472,0x3fb4a3d8
GIST,FR,2,504571,11809.537,1573,15794713272219230736,0x3fb4a3d8
GIST,FR,2,951244,12060.742,5415,13484686832383344511,0x3fb4a3d8
GIST,FR,2,220807,12600.996,147226,16046319097409406499,0x3fb4a3d8
GIST,FR,2,681257,11492.284,1,11792367510721151297,0x3fb4a3d8
GIST,FR,2,417658,11524.983,18,10725949708782130545,0x3fb4a3d8
GIST,FR,2,266352,12411.971,12132,13375739972415901329,0x3fb4a3d8
GIST,FR,3,584510,11532.854,1,7111464684906674828,0x3fb4a3d8
GIST,FR,3,860467,12727.101,110513,14831659072279641336,0x3fb4a3d8
GIST,FR,3,923923,11592.255,1,9650181218042224611,0x3fb4a3d8
GIST,FR,3,533409,12794.787,120801,1158368764979798433,0x3fb4a3d8
GIST,FR,3,220435,12945.895,302764,15329822199843692600,0x3fb4a3d8
GIST,FR,3,395173,12919.678,262241,16292672578093830578,0x3fb4a3d8
GIST,FR,3,125555,12535.788,75155,13669275240459382784,0x3fb4a3d8
GIST,FR,3,37317,11765.43,482,9065587736478984682,0x3fb4a3d8
GIST,FR,3,326694,11515.755,2,17855805870912985590,0x3fb4a3d8
GIST,FR,3,408325,11942.555,1772,2815813216534820304,0x3fb4a3d8
GIST,FR,3,928005,11871.523,1001,17371819348064928502,0x3fb4a3d8
GIST,FR,3,636852,12964.297,324005,16982769923046401650,0x3fb4a3d8
GIST,FR,3,565201,12099.64,6396,11264234127150399790,0x3fb4a3d8
GIST,FR,3,416400,12154.125,5024,368749101627721021,0x3fb4a3d8
GIST,FR,3,671950,11571.112,1,5927922487194769596,0x3fb4a3d8
GIST,FR,3,100598,12910.713,274260,15670590569913710840,0x3fb4a3d8
GIST,FR,3,130060,12721.217,136432,5969732168017826336,0x3fb4a3d8
GIST,FR,3,763603,12997.937,301541,147904619539737232,0x3fb4a3d8
GIST,FR,3,229656,11571.525,16,5218843424058757563,0x3fb4a3d8
GIST,FR,3,854752,11783.194,794,12398274414676620556,0x3fb4a3d8
GIST,FR,3,717147,11727.256,476,17483727490360448166,0x3fb4a3d8
GIST,FR,3,253796,11544.611,3,3494645160661919934,0x3fb4a3d8
GIST,FR,3,594298,11534.063,4,13409741501217839975,0x3fb4a3d8
GIST,FR,3,802333,12642.301,146327,10595701386717585823,0x3fb4a3d8
GIST,FR,3,907497,12894.46,252358,11185946559242699135,0x3fb4a3d8
GIST,FR,3,970136,12478.494,43571,1768546914362820738,0x3fb4a3d8
GIST,FR,3,472710,11470.394,1,1071764945648967332,0x3fb4a3d8
GIST,FR,3,311434,11532.261,1,13312524340719727440,0x3fb4a3d8
GIST,FR,3,152112,11525.154,1,16322557560223705822,0x3fb4a3d8
GIST,FR,3,262882,11684.936,350,15552938297066695674,0x3fb4a3d8
GIST,FR,3,706522,12874.54,217682,12361096037655865303,0x3fb4a3d8
GIST,FR,3,832912,12480.729,32198,18328276085626311192,0x3fb4a3d8
GIST,FR,3,303769,12393.343,17440,16329138951931766161,0x3fb4a3d8
GIST,FR,3,223701,11968.242,5223,12110691255955863336,0x3fb4a3d8
GIST,FR,3,809314,12098.948,2575,13833537680890479799,0x3fb4a3d8
GIST,FR,3,831243,11604.313,1,17493799186480836747,0x3fb4a3d8
GIST,FR,3,831746,12849.978,232210,3986705561301011554,0x3fb4a3d8
GIST,FR,3,314373,12897.635,245446,17684901665160681817,0x3fb4a3d8
GIST,FR,3,810800,12225.175,8735,181497579686815711,0x3fb4a3d8
GIST,FR,3,211855,11574.156,2,15098965436855431700,0x3fb4a3d8
GIST,FR,3,533614,12575.049,65593,5177147739743711313,0x3fb4a3d8
GIST,FR,3,335471,12904.359,221008,9663218791444078051,0x3fb4a3d8
GIST,FR,3,566134,12730.632,123319,11275262358537811118,0x3fb4a3d8
GIST,FR,3,738848,12934.952,350706,12714018293197981387,0x3fb4a3d8
GIST,FR,3,359342,11573.226,1,14883231301748386396,0x3fb4a3d8
GIST,FR,3,965210,11700.584,464,8065290031319401403,0x3fb4a3d8
GIST,FR,3,928413,12797.961,101193,7571004148797661265,0x3fb4a3d8
GIST,FR,3,998782,12909.793,312168,5618084397353648138,0x3fb4a3d8
GIST,FR,3,248373,11752.482,424,17920615215818596529,0x3fb4a3d8
GIST,FR,3,113110,12956.038,298393,11087762445465402799,0x3fb4a3d8
GIST,FR,3,421120,11547.731,1,9920652127043963342,0x3fb4a3d8
GIST,FR,3,579626,12154.093,21074,8674792675435185845,0x3fb4a3d8
GIST,FR,3,997466,12662.983,171628,6463969713763470983,0x3fb4a3d8
GIST,FR,3,522760,12808.067,150559,3458506985099854542,0x3fb4a3d8
GIST,FR,3,134930,11605.36,269,11022067387796225111,0x3fb4a3d8
GIST,FR,3,786964,12198.977,4537,10631416977948792920,0x3fb4a3d8
GIST,FR,3,884325,12994.468,349201,543682768752225887,0x3fb4a3d8
GIST,FR,3,552447,12730.19,174588,2772483950073372472,0x3fb4a3d8
GIST,FR,3,504571,11882.347,1573,15794713272219230736,0x3fb4a3d8
GIST,FR,3,951244,11989.914,5415,13484686832383344511,0x3fb4a3d8
GIST,FR,3,220807,12526.666,147226,16046319097409406499,0x3fb4a3d8
GIST,FR,3,681257,11555.502,1,11792367510721151297,0x3fb4a3d8
GIST,FR,3,417658,11500.172,18,10725949708782130545,0x3fb4a3d8
GIST,FR,3,266352,12356.909,12132,13375739972415901329,0x3fb4a3d8
GIST,FR,4,584510,11513.406,1,7111464684906674828,0x3fb4a3d8
GIST,FR,4,860467,12764.863,110513,14831659072279641336,0x3fb4a3d8
GIST,FR,4,923923,11591.651,1,9650181218042224611,0x3fb4a3d8
GIST,FR,4,533409,12776.542,120801,1158368764979798433,0x3fb4a3d8
GIST,FR,4,220435,12947.28,302764,15329822199843692600,0x3fb4a3d8
GIST,FR,4,395173,12944.382,262241,16292672578093830578,0x3fb4a3d8
GIST,FR,4,125555,12564.084,75155,13669275240459382784,0x3fb4a3d8
GIST,FR,4,37317,11768.626,482,9065587736478984682,0x3fb4a3d8
GIST,FR,4,326694,11564.449,2,17855805870912985590,0x3fb4a3d8
GIST,FR,4,408325,12009.546,1772,2815813216534820304,0x3fb4a3d8
GIST,FR,4,928005,11918.788,1001,17371819348064928502,0x3fb4a3d8
GIST,FR,4,636852,12933.418,324005,16982769923046401650,0x3fb4a3d8
GIST,FR,4,565201,12121.641,6396,11264234127150399790,0x3fb4a3d8
GIST,FR,4,416400,12182.821,5024,368749101627721021,0x3fb4a3d8
GIST,FR,4,671950,11556.971,1,5927922487194769596,0x3fb4a3d8
GIST,FR,4,100598,12934.061,274260,15670590569913710840,0x3fb4a3d8
GIST,FR,4,130060,12692.131,136432,5969732168017826336,0x3fb4a3d8
GIST,FR,4,763603,12979.13,301541,147904619539737232,0x3fb4a3d8
GIST,FR,4,229656,11477.341,16,5218843424058757563,0x3fb4a3d8
GIST,FR,4,854752,11733.134,794,12398274414676620556,0x3fb4a3d8
GIST,FR,4,717147,11738.292,476,17483727490360448166,0x3fb4a3d8
GIST,FR,4,253796,11488.591,3,3494645160661919934,0x3fb4a3d8
GIST,FR,4,594298,11542.474,4,13409741501217839975,0x3fb4a3d8
GIST,FR,4,802333,12583.048,146327,10595701386717585823,0x3fb4a3d8
GIST,FR,4,907497,12855.701,252358,11185946559242699135,0x3fb4a3d8
GIST,FR,4,970136,12593.044,43571,1768546914362820738,0x3fb4a3d8
GIST,FR,4,472710,11517.447,1,1071764945648967332,0x3fb4a3d8
GIST,FR,4,311434,11545.824,1,13312524340719727440,0x3fb4a3d8
GIST,FR,4,152112,11507.687,1,16322557560223705822,0x3fb4a3d8
GIST,FR,4,262882,11687.42,350,15552938297066695674,0x3fb4a3d8
GIST,FR,4,706522,12798.034,217682,12361096037655865303,0x3fb4a3d8
GIST,FR,4,832912,12496.951,32198,18328276085626311192,0x3fb4a3d8
GIST,FR,4,303769,12310.419,17440,16329138951931766161,0x3fb4a3d8
GIST,FR,4,223701,11998.205,5223,12110691255955863336,0x3fb4a3d8
GIST,FR,4,809314,12153.747,2575,13833537680890479799,0x3fb4a3d8
GIST,FR,4,831243,11529.774,1,17493799186480836747,0x3fb4a3d8
GIST,FR,4,831746,12918.402,232210,3986705561301011554,0x3fb4a3d8
GIST,FR,4,314373,12880.645,245446,17684901665160681817,0x3fb4a3d8
GIST,FR,4,810800,12213.882,8735,181497579686815711,0x3fb4a3d8
GIST,FR,4,211855,11638.745,2,15098965436855431700,0x3fb4a3d8
GIST,FR,4,533614,12564.089,65593,5177147739743711313,0x3fb4a3d8
GIST,FR,4,335471,12946.647,221008,9663218791444078051,0x3fb4a3d8
GIST,FR,4,566134,12698.934,123319,11275262358537811118,0x3fb4a3d8
GIST,FR,4,738848,13027.16,350706,12714018293197981387,0x3fb4a3d8
GIST,FR,4,359342,11549.457,1,14883231301748386396,0x3fb4a3d8
GIST,FR,4,965210,11725.813,464,8065290031319401403,0x3fb4a3d8
GIST,FR,4,928413,12812.527,101193,7571004148797661265,0x3fb4a3d8
GIST,FR,4,998782,12955.071,312168,5618084397353648138,0x3fb4a3d8
GIST,FR,4,248373,11667.434,424,17920615215818596529,0x3fb4a3d8
GIST,FR,4,113110,12923.674,298393,11087762445465402799,0x3fb4a3d8
GIST,FR,4,421120,11532.006,1,9920652127043963342,0x3fb4a3d8
GIST,FR,4,579626,12203.349,21074,8674792675435185845,0x3fb4a3d8
GIST,FR,4,997466,12710.806,171628,6463969713763470983,0x3fb4a3d8
GIST,FR,4,522760,12753.79,150559,3458506985099854542,0x3fb4a3d8
GIST,FR,4,134930,11581.267,269,11022067387796225111,0x3fb4a3d8
GIST,FR,4,786964,12119.751,4537,10631416977948792920,0x3fb4a3d8
GIST,FR,4,884325,12999.802,349201,543682768752225887,0x3fb4a3d8
GIST,FR,4,552447,12788.855,174588,2772483950073372472,0x3fb4a3d8
GIST,FR,4,504571,11903.573,1573,15794713272219230736,0x3fb4a3d8
GIST,FR,4,951244,12105.778,5415,13484686832383344511,0x3fb4a3d8
GIST,FR,4,220807,12514.925,147226,16046319097409406499,0x3fb4a3d8
GIST,FR,4,681257,11482.781,1,11792367510721151297,0x3fb4a3d8
GIST,FR,4,417658,11538.808,18,10725949708782130545,0x3fb4a3d8
GIST,FR,4,266352,12284.828,12132,13375739972415901329,0x3fb4a3d8
GIST,FR,5,584510,11585.929,1,7111464684906674828,0x3fb4a3d8
GIST,FR,5,860467,12735.775,110513,14831659072279641336,0x3fb4a3d8
GIST,FR,5,923923,11554.177,1,9650181218042224611,0x3fb4a3d8
GIST,FR,5,533409,12746.942,120801,1158368764979798433,0x3fb4a3d8
GIST,FR,5,220435,12974.668,302764,15329822199843692600,0x3fb4a3d8
GIST,FR,5,395173,12980.444,262241,16292672578093830578,0x3fb4a3d8
GIST,FR,5,125555,12542.934,75155,13669275240459382784,0x3fb4a3d8
GIST,FR,5,37317,11756.043,482,9065587736478984682,0x3fb4a3d8
GIST,FR,5,326694,11526.024,2,17855805870912985590,0x3fb4a3d8
GIST,FR,5,408325,11950.518,1772,2815813216534820304,0x3fb4a3d8
GIST,FR,5,928005,11948.121,1001,17371819348064928502,0x3fb4a3d8
GIST,FR,5,636852,12917.345,324005,16982769923046401650,0x3fb4a3d8
GIST,FR,5,565201,12125.443,6396,11264234127150399790,0x3fb4a3d8
GIST,FR,5,416400,12238.373,5024,368749101627721021,0x3fb4a3d8
GIST,FR,5,671950,11576.413,1,5927922487194769596,0x3fb4a3d8
GIST,FR,5,100598,12905.051,274260,15670590569913710840,0x3fb4a3d8
GIST,FR,5,130060,12709.299,136432,5969732168017826336,0x3fb4a3d8
GIST,FR,5,763603,13046.54,301541,147904619539737232,0x3fb4a3d8
GIST,FR,5,229656,11544.728,16,5218843424058757563,0x3fb4a3d8
GIST,FR,5,854752,11812.241,794,12398274414676620556,0x3fb4a3d8
GIST,FR,5,717147,11795.19,476,17483727490360448166,0x3fb4a3d8
GIST,FR,5,253796,11576.805,3,3494645160661919934,0x3fb4a3d8
GIST,FR,5,594298,11560.739,4,13409741501217839975,0x3fb4a3d8
GIST,FR,5,802333,12690.556,146327,10595701386717585823,0x3fb4a3d8
GIST,FR,5,907497,12909.64,252358,11185946559242699135,0x3fb4a3d8
GIST,FR,5,970136,12597.91,43571,1768546914362820738,0x3fb4a3d8
GIST,FR,5,472710,11544.258,1,1071764945648967332,0x3fb4a3d8
GIST,FR,5,311434,11552.397,1,13312524340719727440,0x3fb4a3d8
GIST,FR,5,152112,11487.439,1,16322557560223705822,0x3fb4a3d8
GIST,FR,5,262882,11631.851,350,15552938297066695674,0x3fb4a3d8
GIST,FR,5,706522,12849.317,217682,12361096037655865303,0x3fb4a3d8
GIST,FR,5,832912,12505.927,32198,18328276085626311192,0x3fb4a3d8
GIST,FR,5,303769,12362.608,17440,16329138951931766161,0x3fb4a3d8
GIST,FR,5,223701,11959.517,5223,12110691255955863336,0x3fb4a3d8
GIST,FR,5,809314,12093.458,2575,13833537680890479799,0x3fb4a3d8
GIST,FR,5,831243,11522.034,1,17493799186480836747,0x3fb4a3d8
GIST,FR,5,831746,12879.16,232210,3986705561301011554,0x3fb4a3d8
GIST,FR,5,314373,12895.728,245446,17684901665160681817,0x3fb4a3d8
GIST,FR,5,810800,12246.156,8735,181497579686815711,0x3fb4a3d8
GIST,FR,5,211855,11561.132,2,15098965436855431700,0x3fb4a3d8
GIST,FR,5,533614,12590.937,65593,5177147739743711313,0x3fb4a3d8
GIST,FR,5,335471,12990.88,221008,9663218791444078051,0x3fb4a3d8
GIST,FR,5,566134,12713.253,123319,11275262358537811118,0x3fb4a3d8
GIST,FR,5,738848,13009.544,350706,12714018293197981387,0x3fb4a3d8
GIST,FR,5,359342,11594.127,1,14883231301748386396,0x3fb4a3d8
GIST,FR,5,965210,11652.344,464,8065290031319401403,0x3fb4a3d8
GIST,FR,5,928413,12852.438,101193,7571004148797661265,0x3fb4a3d8
GIST,FR,5,998782,12989.807,312168,5618084397353648138,0x3fb4a3d8
GIST,FR,5,248373,11719.451,424,17920615215818596529,0x3fb4a3d8
GIST,FR,5,113110,12945.495,298393,11087762445465402799,0x3fb4a3d8
GIST,FR,5,421120,11501.175,1,9920652127043963342,0x3fb4a3d8
GIST,FR,5,579626,12314.905,21074,8674792675435185845,0x3fb4a3d8
GIST,FR,5,997466,12666.598,171628,6463969713763470983,0x3fb4a3d8
GIST,FR,5,522760,12797.195,150559,3458506985099854542,0x3fb4a3d8
GIST,FR,5,134930,11602.619,269,11022067387796225111,0x3fb4a3d8
GIST,FR,5,786964,12212.723,4537,10631416977948792920,0x3fb4a3d8
GIST,FR,5,884325,13043.607,349201,543682768752225887,0x3fb4a3d8
GIST,FR,5,552447,12864.801,174588,2772483950073372472,0x3fb4a3d8
GIST,FR,5,504571,11918.722,1573,15794713272219230736,0x3fb4a3d8
GIST,FR,5,951244,12037.178,5415,13484686832383344511,0x3fb4a3d8
GIST,FR,5,220807,12575.787,147226,16046319097409406499,0x3fb4a3d8
GIST,FR,5,681257,11530.005,1,11792367510721151297,0x3fb4a3d8
GIST,FR,5,417658,11590.537,18,10725949708782130545,0x3fb4a3d8
GIST,FR,5,266352,12401.014,12132,13375739972415901329,0x3fb4a3d8
GIST,FR,6,584510,11523.77,1,7111464684906674828,0x3fb4a3d8
GIST,FR,6,860467,12795.943,110513,14831659072279641336,0x3fb4a3d8
GIST,FR,6,923923,11511.891,1,9650181218042224611,0x3fb4a3d8
GIST,FR,6,533409,12788.551,120801,1158368764979798433,0x3fb4a3d8
GIST,FR,6,220435,12890.619,302764,15329822199843692600,0x3fb4a3d8
GIST,FR,6,395173,12948.546,262241,16292672578093830578,0x3fb4a3d8
GIST,FR,6,125555,12567.018,75155,13669275240459382784,0x3fb4a3d8
GIST,FR,6,37317,11699.37,482,9065587736478984682,0x3fb4a3d8
GIST,FR,6,326694,11635.795,2,17855805870912985590,0x3fb4a3d8
GIST,FR,6,408325,11957.228,1772,2815813216534820304,0x3fb4a3d8
GIST,FR,6,928005,11894.387,1001,17371819348064928502,0x3fb4a3d8
GIST,FR,6,636852,13001.792,324005,16982769923046401650,0x3fb4a3d8
GIST,FR,6,565201,12071.768,6396,11264234127150399790,0x3fb4a3d8
GIST,FR,6,416400,12150.671,5024,368749101627721021,0x3fb4a3d8
GIST,FR,6,671950,11520.123,1,5927922487194769596,0x3fb4a3d8
GIST,FR,6,100598,12864.306,274260,15670590569913710840,0x3fb4a3d8
GIST,FR,6,130060,12668.852,136432,5969732168017826336,0x3fb4a3d8
GIST,FR,6,763603,12994.608,301541,147904619539737232,0x3fb4a3d8
GIST,FR,6,229656,11559.956,16,5218843424058757563,0x3fb4a3d8
GIST,FR,6,854752,11802.942,794,12398274414676620556,0x3fb4a3d8
GIST,FR,6,717147,11686.563,476,17483727490360448166,0x3fb4a3d8
GIST,FR,6,253796,11551.613,3,3494645160661919934,0x3fb4a3d8
GIST,FR,6,594298,11468.914,4,13409741501217839975,0x3fb4a3d8
GIST,FR,6,802333,12728.601,146327,10595701386717585823,0x3fb4a3d8
GIST,FR,6,907497,12889.167,252358,11185946559242699135,0x3fb4a3d8
GIST,FR,6,970136,12530.267,43571,1768546914362820738,0x3fb4a3d8
GIST,FR,6,472710,11476.542,1,1071764945648967332,0x3fb4a3d8
GIST,FR,6,311434,11580.312,1,13312524340719727440,0x3fb4a3d8
GIST,FR,6,152112,11576.032,1,16322557560223705822,0x3fb4a3d8
GIST,FR,6,262882,11731.512,350,15552938297066695674,0x3fb4a3d8
GIST,FR,6,706522,12824.703,217682,12361096037655865303,0x3fb4a3d8
GIST,FR,6,832912,12522.426,32198,18328276085626311192,0x3fb4a3d8
GIST,FR,6,303769,12308.889,17440,16329138951931766161,0x3fb4a3d8
GIST,FR,6,223701,11985.314,5223,12110691255955863336,0x3fb4a3d8
GIST,FR,6,809314,12138.145,2575,13833537680890479799,0x3fb4a3d8
GIST,FR,6,831243,11588.165,1,17493799186480836747,0x3fb4a3d8
GIST,FR,6,831746,12928.371,232210,3986705561301011554,0x3fb4a3d8
GIST,FR,6,314373,12926.266,245446,17684901665160681817,0x3fb4a3d8
GIST,FR,6,810800,12165.783,8735,181497579686815711,0x3fb4a3d8
GIST,FR,6,211855,11522.952,2,15098965436855431700,0x3fb4a3d8
GIST,FR,6,533614,12558.345,65593,5177147739743711313,0x3fb4a3d8
GIST,FR,6,335471,12956.652,221008,9663218791444078051,0x3fb4a3d8
GIST,FR,6,566134,12662.737,123319,11275262358537811118,0x3fb4a3d8
GIST,FR,6,738848,12953.108,350706,12714018293197981387,0x3fb4a3d8
GIST,FR,6,359342,11548.123,1,14883231301748386396,0x3fb4a3d8
GIST,FR,6,965210,11679.921,464,8065290031319401403,0x3fb4a3d8
GIST,FR,6,928413,13135.457,101193,7571004148797661265,0x3fb4a3d8
GIST,FR,6,998782,13002.321,312168,5618084397353648138,0x3fb4a3d8
GIST,FR,6,248373,11759.236,424,17920615215818596529,0x3fb4a3d8
GIST,FR,6,113110,12950.476,298393,11087762445465402799,0x3fb4a3d8
GIST,FR,6,421120,11581.321,1,9920652127043963342,0x3fb4a3d8
GIST,FR,6,579626,12308.591,21074,8674792675435185845,0x3fb4a3d8
GIST,FR,6,997466,12624.019,171628,6463969713763470983,0x3fb4a3d8
GIST,FR,6,522760,12796.432,150559,3458506985099854542,0x3fb4a3d8
GIST,FR,6,134930,11545.482,269,11022067387796225111,0x3fb4a3d8
GIST,FR,6,786964,12196.318,4537,10631416977948792920,0x3fb4a3d8
GIST,FR,6,884325,12992.728,349201,543682768752225887,0x3fb4a3d8
GIST,FR,6,552447,12807.737,174588,2772483950073372472,0x3fb4a3d8
GIST,FR,6,504571,11947.349,1573,15794713272219230736,0x3fb4a3d8
GIST,FR,6,951244,12012.788,5415,13484686832383344511,0x3fb4a3d8
GIST,FR,6,220807,12594.257,147226,16046319097409406499,0x3fb4a3d8
GIST,FR,6,681257,11507.265,1,11792367510721151297,0x3fb4a3d8
GIST,FR,6,417658,11499.818,18,10725949708782130545,0x3fb4a3d8
GIST,FR,6,266352,12317.432,12132,13375739972415901329,0x3fb4a3d8
GIST,FF,1,584510,20459.533,1,7111464684906674828,0x3fb4a3d8
GIST,FF,1,860467,19663.185,110513,14831659072279641336,0x3fb4a3d8
GIST,FF,1,923923,20447.64,1,9650181218042224611,0x3fb4a3d8
GIST,FF,1,533409,19791.886,120801,1158368764979798433,0x3fb4a3d8
GIST,FF,1,220435,22056.089,302764,15329822199843692600,0x3fb4a3d8
GIST,FF,1,395173,21813.648,262241,16292672578093830578,0x3fb4a3d8
GIST,FF,1,125555,19335.452,75155,13669275240459382784,0x3fb4a3d8
GIST,FF,1,37317,19762.627,482,9065587736478984682,0x3fb4a3d8
GIST,FF,1,326694,20483.892,2,17855805870912985590,0x3fb4a3d8
GIST,FF,1,408325,19483.958,1772,2815813216534820304,0x3fb4a3d8
GIST,FF,1,928005,19615.131,1001,17371819348064928502,0x3fb4a3d8
GIST,FF,1,636852,21707.18,324005,16982769923046401650,0x3fb4a3d8
GIST,FF,1,565201,19363.547,6396,11264234127150399790,0x3fb4a3d8
GIST,FF,1,416400,19227.374,5024,368749101627721021,0x3fb4a3d8
GIST,FF,1,671950,20473.971,1,5927922487194769596,0x3fb4a3d8
GIST,FF,1,100598,22176.227,274260,15670590569913710840,0x3fb4a3d8
GIST,FF,1,130060,19934.898,136432,5969732168017826336,0x3fb4a3d8
GIST,FF,1,763603,21437.308,301541,147904619539737232,0x3fb4a3d8
GIST,FF,1,229656,20449.769,16,5218843424058757563,0x3fb4a3d8
GIST,FF,1,854752,19696.352,794,12398274414676620556,0x3fb4a3d8
GIST,FF,1,717147,19997.978,476,17483727490360448166,0x3fb4a3d8
GIST,FF,1,253796,20478.305,3,3494645160661919934,0x3fb4a3d8
GIST,FF,1,594298,20437.938,4,13409741501217839975,0x3fb4a3d8
GIST,FF,1,802333,19987.491,146327,10595701386717585823,0x3fb4a3d8
GIST,FF,1,907497,20964.687,252358,11185946559242699135,0x3fb4a3d8
GIST,FF,1,970136,19338.86,43571,1768546914362820738,0x3fb4a3d8
GIST,FF,1,472710,20491.045,1,1071764945648967332,0x3fb4a3d8
GIST,FF,1,311434,20466.723,1,13312524340719727440,0x3fb4a3d8
GIST,FF,1,152112,20439.495,1,16322557560223705822,0x3fb4a3d8
GIST,FF,1,262882,19924.936,350,15552938297066695674,0x3fb4a3d8
GIST,FF,1,706522,21409.385,217682,12361096037655865303,0x3fb4a3d8
GIST,FF,1,832912,19350.96,32198,18328276085626311192,0x3fb4a3d8
GIST,FF,1,303769,19197.071,17440,16329138951931766161,0x3fb4a3d8
GIST,FF,1,223701,19453.537,5223,12110691255955863336,0x3fb4a3d8
GIST,FF,1,809314,19453.99,2575,13833537680890479799,0x3fb4a3d8
GIST,FF,1,831243,20480.283,1,17493799186480836747,0x3fb4a3d8
GIST,FF,1,831746,20749.797,232210,3986705561301011554,0x3fb4a3d8
GIST,FF,1,314373,21670.074,245446,17684901665160681817,0x3fb4a3d8
GIST,FF,1,810800,19280.506,8735,181497579686815711,0x3fb4a3d8
GIST,FF,1,211855,20424.319,2,15098965436855431700,0x3fb4a3d8
GIST,FF,1,533614,19238.036,65593,5177147739743711313,0x3fb4a3d8
GIST,FF,1,335471,20444.164,221008,9663218791444078051,0x3fb4a3d8
GIST,FF,1,566134,19924.775,123319,11275262358537811118,0x3fb4a3d8
GIST,FF,1,738848,22359.841,350706,12714018293197981387,0x3fb4a3d8
GIST,FF,1,359342,20464.81,1,14883231301748386396,0x3fb4a3d8
GIST,FF,1,965210,19808.728,464,8065290031319401403,0x3fb4a3d8
GIST,FF,1,928413,19542.106,101193,7571004148797661265,0x3fb4a3d8
GIST,FF,1,998782,22289.196,312168,5618084397353648138,0x3fb4a3d8
GIST,FF,1,248373,19743.97,424,17920615215818596529,0x3fb4a3d8
GIST,FF,1,113110,22245.59,298393,11087762445465402799,0x3fb4a3d8
GIST,FF,1,421120,20455.357,1,9920652127043963342,0x3fb4a3d8
GIST,FF,1,579626,19422.131,21074,8674792675435185845,0x3fb4a3d8
GIST,FF,1,997466,21029.262,171628,6463969713763470983,0x3fb4a3d8
GIST,FF,1,522760,19871.289,150559,3458506985099854542,0x3fb4a3d8
GIST,FF,1,134930,20181.06,269,11022067387796225111,0x3fb4a3d8
GIST,FF,1,786964,19344.942,4537,10631416977948792920,0x3fb4a3d8
GIST,FF,1,884325,22475.05,349201,543682768752225887,0x3fb4a3d8
GIST,FF,1,552447,20321.525,174588,2772483950073372472,0x3fb4a3d8
GIST,FF,1,504571,19668.538,1573,15794713272219230736,0x3fb4a3d8
GIST,FF,1,951244,19446.662,5415,13484686832383344511,0x3fb4a3d8
GIST,FF,1,220807,19953.309,147226,16046319097409406499,0x3fb4a3d8
GIST,FF,1,681257,20475.937,1,11792367510721151297,0x3fb4a3d8
GIST,FF,1,417658,20453.167,18,10725949708782130545,0x3fb4a3d8
GIST,FF,1,266352,19316.249,12132,13375739972415901329,0x3fb4a3d8
GIST,FF,2,584510,20427.115,1,7111464684906674828,0x3fb4a3d8
GIST,FF,2,860467,19697.702,110513,14831659072279641336,0x3fb4a3d8
GIST,FF,2,923923,20442.074,1,9650181218042224611,0x3fb4a3d8
GIST,FF,2,533409,19607.436,120801,1158368764979798433,0x3fb4a3d8
GIST,FF,2,220435,22129.961,302764,15329822199843692600,0x3fb4a3d8
GIST,FF,2,395173,21802.807,262241,16292672578093830578,0x3fb4a3d8
GIST,FF,2,125555,19593.21,75155,13669275240459382784,0x3fb4a3d8
GIST,FF,2,37317,19829.219,482,9065587736478984682,0x3fb4a3d8
GIST,FF,2,326694,20402.787,2,17855805870912985590,0x3fb4a3d8
GIST,FF,2,408325,19454.47,1772,2815813216534820304,0x3fb4a3d8
GIST,FF,2,928005,19634.955,1001,17371819348064928502,0x3fb4a3d8
GIST,FF,2,636852,21717.751,324005,16982769923046401650,0x3fb4a3d8
GIST,FF,2,565201,19327.568,6396,11264234127150399790,0x3fb4a3d8
GIST,FF,2,416400,19304.169,5024,368749101627721021,0x3fb4a3d8
GIST,FF,2,671950,20417.013,1,5927922487194769596,0x3fb4a3d8
GIST,FF,2,100598,22016.205,274260,15670590569913710840,0x3fb4a3d8
GIST,FF,2,130060,19982.866,136432,5969732168017826336,0x3fb4a3d8
GIST,FF,2,763603,21330.177,301541,147904619539737232,0x3fb4a3d8
GIST,FF,2,229656,20405.02,16,5218843424058757563,0x3fb4a3d8
GIST,FF,2,854752,19929.698,794,12398274414676620556,0x3fb4a3d8
GIST,FF,2,717147,19877.666,476,17483727490360448166,0x3fb4a3d8
GIST,FF,2,253796,20408.049,3,3494645160661919934,0x3fb4a3d8
GIST,FF,2,594298,20451.861,4,13409741501217839975,0x3fb4a3d8
GIST,FF,2,802333,19994.246,146327,10595701386717585823,0x3fb4a3d8
GIST,FF,2,907497,21066.367,252358,11185946559242699135,0x3fb4a3d8
GIST,FF,2,970136,19406.06,43571,1768546914362820738,0x3fb4a3d8
GIST,FF,2,472710,20558.761,1,1071764945648967332,0x3fb4a3d8
GIST,FF,2,311434,20445.14,1,13312524340719727440,0x3fb4a3d8
GIST,FF,2,152112,20414.845,1,16322557560223705822,0x3fb4a3d8
GIST,FF,2,262882,19882.653,350,15552938297066695674,0x3fb4a3d8
GIST,FF,2,706522,22005.716,217682,12361096037655865303,0x3fb4a3d8
GIST,FF,2,832912,19388.717,32198,18328276085626311192,0x3fb4a3d8
GIST,FF,2,303769,19120.177,17440,16329138951931766161,0x3fb4a3d8
GIST,FF,2,223701,19457.34,5223,12110691255955863336,0x3fb4a3d8
GIST,FF,2,809314,19413.758,2575,13833537680890479799,0x3fb4a3d8
GIST,FF,2,831243,20419.572,1,17493799186480836747,0x3fb4a3d8
GIST,FF,2,831746,20673.877,232210,3986705561301011554,0x3fb4a3d8
GIST,FF,2,314373,21466.475,245446,17684901665160681817,0x3fb4a3d8
GIST,FF,2,810800,19272.419,8735,181497579686815711,0x3fb4a3d8
GIST,FF,2,211855,20444.041,2,15098965436855431700,0x3fb4a3d8
GIST,FF,2,533614,19279.034,65593,5177147739743711313,0x3fb4a3d8
GIST,FF,2,335471,20577.505,221008,9663218791444078051,0x3fb4a3d8
GIST,FF,2,566134,19744.975,123319,11275262358537811118,0x3fb4a3d8
GIST,FF,2,738848,22238.436,350706,12714018293197981387,0x3fb4a3d8
GIST,FF,2,359342,20382.109,1,14883231301748386396,0x3fb4a3d8
GIST,FF,2,965210,19771.237,464,8065290031319401403,0x3fb4a3d8
GIST,FF,2,928413,19752.45,101193,7571004148797661265,0x3fb4a3d8
GIST,FF,2,998782,22129.779,312168,5618084397353648138,0x3fb4a3d8
GIST,FF,2,248373,19801.2,424,17920615215818596529,0x3fb4a3d8
GIST,FF,2,113110,22029.927,298393,11087762445465402799,0x3fb4a3d8
GIST,FF,2,421120,20377.441,1,9920652127043963342,0x3fb4a3d8
GIST,FF,2,579626,19550.097,21074,8674792675435185845,0x3fb4a3d8
GIST,FF,2,997466,21083.413,171628,6463969713763470983,0x3fb4a3d8
GIST,FF,2,522760,19993.164,150559,3458506985099854542,0x3fb4a3d8
GIST,FF,2,134930,20075.576,269,11022067387796225111,0x3fb4a3d8
GIST,FF,2,786964,19348.77,4537,10631416977948792920,0x3fb4a3d8
GIST,FF,2,884325,22557.835,349201,543682768752225887,0x3fb4a3d8
GIST,FF,2,552447,20422.564,174588,2772483950073372472,0x3fb4a3d8
GIST,FF,2,504571,19789.354,1573,15794713272219230736,0x3fb4a3d8
GIST,FF,2,951244,19385.895,5415,13484686832383344511,0x3fb4a3d8
GIST,FF,2,220807,20117.763,147226,16046319097409406499,0x3fb4a3d8
GIST,FF,2,681257,20417.113,1,11792367510721151297,0x3fb4a3d8
GIST,FF,2,417658,20402.92,18,10725949708782130545,0x3fb4a3d8
GIST,FF,2,266352,19107.416,12132,13375739972415901329,0x3fb4a3d8
GIST,FF,3,584510,20394.308,1,7111464684906674828,0x3fb4a3d8
GIST,FF,3,860467,19637.339,110513,14831659072279641336,0x3fb4a3d8
GIST,FF,3,923923,20414.901,1,9650181218042224611,0x3fb4a3d8
GIST,FF,3,533409,19631.774,120801,1158368764979798433,0x3fb4a3d8
GIST,FF,3,220435,22139.219,302764,15329822199843692600,0x3fb4a3d8
GIST,FF,3,395173,21814.809,262241,16292672578093830578,0x3fb4a3d8
GIST,FF,3,125555,19448.265,75155,13669275240459382784,0x3fb4a3d8
GIST,FF,3,37317,19696.194,482,9065587736478984682,0x3fb4a3d8
GIST,FF,3,326694,20412.075,2,17855805870912985590,0x3fb4a3d8
GIST,FF,3,408325,19653.31,1772,2815813216534820304,0x3fb4a3d8
GIST,FF,3,928005,19736.929,1001,17371819348064928502,0x3fb4a3d8
GIST,FF,3,636852,21700.606,324005,16982769923046401650,0x3fb4a3d8
GIST,FF,3,565201,19489.842,6396,11264234127150399790,0x3fb4a3d8
GIST,FF,3,416400,19402.663,5024,368749101627721021,0x3fb4a3d8
GIST,FF,3,671950,20409.956,1,5927922487194769596,0x3fb4a3d8
GIST,FF,3,100598,21878.191,274260,15670590569913710840,0x3fb4a3d8
GIST,FF,3,130060,19861.169,136432,5969732168017826336,0x3fb4a3d8
GIST,FF,3,763603,21425.724,301541,147904619539737232,0x3fb4a3d8
GIST,FF,3,229656,20418.478,16,5218843424058757563,0x3fb4a3d8
GIST,FF,3,854752,19818.112,794,12398274414676620556,0x3fb4a3d8
GIST,FF,3,717147,19926.267,476,17483727490360448166,0x3fb4a3d8
GIST,FF,3,253796,20488.585,3,3494645160661919934,0x3fb4a3d8
GIST,FF,3,594298,20406.534,4,13409741501217839975,0x3fb4a3d8
GIST,FF,3,802333,20014.331,146327,10595701386717585823,0x3fb4a3d8
GIST,FF,3,907497,20953.047,252358,11185946559242699135,0x3fb4a3d8
GIST,FF,3,970136,19301.089,43571,1768546914362820738,0x3fb4a3d8
GIST,FF,3,472710,20510.289,1,1071764945648967332,0x3fb4a3d8
GIST,FF,3,311434,20413.18,1,13312524340719727440,0x3fb4a3d8
GIST,FF,3,152112,20420.041,1,16322557560223705822,0x3fb4a3d8
GIST,FF,3,262882,19917.872,350,15552938297066695674,0x3fb4a3d8
GIST,FF,3,706522,21469.72,217682,12361096037655865303,0x3fb4a3d8
GIST,FF,3,832912,19274.927,32198,18328276085626311192,0x3fb4a3d8
GIST,FF,3,303769,19087.161,17440,16329138951931766161,0x3fb4a3d8
GIST,FF,3,223701,19519.435,5223,12110691255955863336,0x3fb4a3d8
GIST,FF,3,809314,19426.488,2575,13833537680890479799,0x3fb4a3d8
GIST,FF,3,831243,20447.115,1,17493799186480836747,0x3fb4a3d8
GIST,FF,3,831746,20676.354,232210,3986705561301011554,0x3fb4a3d8
GIST,FF,3,314373,21442.669,245446,17684901665160681817,0x3fb4a3d8
GIST,FF,3,810800,19395.119,8735,181497579686815711,0x3fb4a3d8
GIST,FF,3,211855,20436.745,2,15098965436855431700,0x3fb4a3d8
GIST,FF,3,533614,19091.838,65593,5177147739743711313,0x3fb4a3d8
GIST,FF,3,335471,20443.782,221008,9663218791444078051,0x3fb4a3d8
GIST,FF,3,566134,19754.315,123319,11275262358537811118,0x3fb4a3d8
GIST,FF,3,738848,22112.706,350706,12714018293197981387,0x3fb4a3d8
GIST,FF,3,359342,20422.927,1,14883231301748386396,0x3fb4a3d8
GIST,FF,3,965210,19872.933,464,8065290031319401403,0x3fb4a3d8
GIST,FF,3,928413,19597.514,101193,7571004148797661265,0x3fb4a3d8
GIST,FF,3,998782,22333.486,312168,5618084397353648138,0x3fb4a3d8
GIST,FF,3,248373,19870.495,424,17920615215818596529,0x3fb4a3d8
GIST,FF,3,113110,22446.422,298393,11087762445465402799,0x3fb4a3d8
GIST,FF,3,421120,20398.505,1,9920652127043963342,0x3fb4a3d8
GIST,FF,3,579626,19330.685,21074,8674792675435185845,0x3fb4a3d8
GIST,FF,3,997466,21362.722,171628,6463969713763470983,0x3fb4a3d8
GIST,FF,3,522760,19976.724,150559,3458506985099854542,0x3fb4a3d8
GIST,FF,3,134930,20192.367,269,11022067387796225111,0x3fb4a3d8
GIST,FF,3,786964,19303.748,4537,10631416977948792920,0x3fb4a3d8
GIST,FF,3,884325,22338.904,349201,543682768752225887,0x3fb4a3d8
GIST,FF,3,552447,20365.662,174588,2772483950073372472,0x3fb4a3d8
GIST,FF,3,504571,19696.759,1573,15794713272219230736,0x3fb4a3d8
GIST,FF,3,951244,19581.292,5415,13484686832383344511,0x3fb4a3d8
GIST,FF,3,220807,20014.232,147226,16046319097409406499,0x3fb4a3d8
GIST,FF,3,681257,20451.237,1,11792367510721151297,0x3fb4a3d8
GIST,FF,3,417658,20419.655,18,10725949708782130545,0x3fb4a3d8
GIST,FF,3,266352,19216.158,12132,13375739972415901329,0x3fb4a3d8
GIST,FF,4,584510,20486.844,1,7111464684906674828,0x3fb4a3d8
GIST,FF,4,860467,19667.356,110513,14831659072279641336,0x3fb4a3d8
GIST,FF,4,923923,20398.189,1,9650181218042224611,0x3fb4a3d8
GIST,FF,4,533409,19910.465,120801,1158368764979798433,0x3fb4a3d8
GIST,FF,4,220435,22077.102,302764,15329822199843692600,0x3fb4a3d8
GIST,FF,4,395173,21855.699,262241,16292672578093830578,0x3fb4a3d8
GIST,FF,4,125555,19309.982,75155,13669275240459382784,0x3fb4a3d8
GIST,FF,4,37317,19670.828,482,9065587736478984682,0x3fb4a3d8
GIST,FF,4,326694,20438.013,2,17855805870912985590,0x3fb4a3d8
GIST,FF,4,408325,19447.377,1772,2815813216534820304,0x3fb4a3d8
GIST,FF,4,928005,19621.082,1001,17371819348064928502,0x3fb4a3d8
GIST,FF,4,636852,21608.367,324005,16982769923046401650,0x3fb4a3d8
GIST,FF,4,565201,19326.858,6396,11264234127150399790,0x3fb4a3d8
GIST,FF,4,416400,19318.317,5024,368749101627721021,0x3fb4a3d8
GIST,FF,4,671950,20464.237,1,5927922487194769596,0x3fb4a3d8
GIST,FF,4,100598,22118.861,274260,15670590569913710840,0x3fb4a3d8
GIST,FF,4,130060,20134.936,136432,5969732168017826336,0x3fb4a3d8
GIST,FF,4,763603,21511.952,301541,147904619539737232,0x3fb4a3d8
GIST,FF,4,229656,20452.079,16,5218843424058757563,0x3fb4a3d8
GIST,FF,4,854752,19766.856,794,12398274414676620556,0x3fb4a3d8
GIST,FF,4,717147,19842.858,476,17483727490360448166,0x3fb4a3d8
GIST,FF,4,253796,20392.584,3,3494645160661919934,0x3fb4a3d8
GIST,FF,4,594298,20473.2,4,13409741501217839975,0x3fb4a3d8
GIST,FF,4,802333,19807.661,146327,10595701386717585823,0x3fb4a3d8
GIST,FF,4,907497,21005.218,252358,11185946559242699135,0x3fb4a3d8
GIST,FF,4,970136,19153.789,43571,1768546914362820738,0x3fb4a3d8
GIST,FF,4,472710,20532.85,1,1071764945648967332,0x3fb4a3d8
GIST,FF,4,311434,20437.543,1,13312524340719727440,0x3fb4a3d8
GIST,FF,4,152112,20400.719,1,16322557560223705822,0x3fb4a3d8
GIST,FF,4,262882,19847.545,350,15552938297066695674,0x3fb4a3d8
GIST,FF,4,706522,21302.267,217682,12361096037655865303,0x3fb4a3d8
GIST,FF,4,832912,19321.437,32198,18328276085626311192,0x3fb4a3d8
GIST,FF,4,303769,19182.5,17440,16329138951931766161,0x3fb4a3d8
GIST,FF,4,223701,19527.952,5223,12110691255955863336,0x3fb4a3d8
GIST,FF,4,809314,19339.731,2575,13833537680890479799,0x3fb4a3d8
GIST,FF,4,831243,20382.788,1,17493799186480836747,0x3fb4a3d8
GIST,FF,4,831746,20822.636,232210,3986705561301011554,0x3fb4a3d8
GIST,FF,4,314373,21356.927,245446,17684901665160681817,0x3fb4a3d8
GIST,FF,4,810800,19296.394,8735,181497579686815711,0x3fb4a3d8
GIST,FF,4,211855,20465.233,2,15098965436855431700,0x3fb4a3d8
GIST,FF,4,533614,19143.792,65593,5177147739743711313,0x3fb4a3d8
GIST,FF,4,335471,20462.898,221008,9663218791444078051,0x3fb4a3d8
GIST,FF,4,566134,19697.3,123319,11275262358537811118,0x3fb4a3d8
GIST,FF,4,738848,22313.686,350706,12714018293197981387,0x3fb4a3d8
GIST,FF,4,359342,20397.773,1,14883231301748386396,0x3fb4a3d8
GIST,FF,4,965210,19726.703,464,8065290031319401403,0x3fb4a3d8
GIST,FF,4,928413,19578.322,101193,7571004148797661265,0x3fb4a3d8
GIST,FF,4,998782,22056.247,312168,5618084397353648138,0x3fb4a3d8
GIST,FF,4,248373,19902.349,424,17920615215818596529,0x3fb4a3d8
GIST,FF,4,113110,21891.005,298393,11087762445465402799,0x3fb4a3d8
GIST,FF,4,421120,20489.415,1,9920652127043963342,0x3fb4a3d8
GIST,FF,4,579626,19271.054,21074,8674792675435185845,0x3fb4a3d8
GIST,FF,4,997466,21337.369,171628,6463969713763470983,0x3fb4a3d8
GIST,FF,4,522760,19989.073,150559,3458506985099854542,0x3fb4a3d8
GIST,FF,4,134930,20287.781,269,11022067387796225111,0x3fb4a3d8
GIST,FF,4,786964,19313.823,4537,10631416977948792920,0x3fb4a3d8
GIST,FF,4,884325,22521.805,349201,543682768752225887,0x3fb4a3d8
GIST,FF,4,552447,20431.572,174588,2772483950073372472,0x3fb4a3d8
GIST,FF,4,504571,19889.877,1573,15794713272219230736,0x3fb4a3d8
GIST,FF,4,951244,19591.523,5415,13484686832383344511,0x3fb4a3d8
GIST,FF,4,220807,19977.888,147226,16046319097409406499,0x3fb4a3d8
GIST,FF,4,681257,20427.714,1,11792367510721151297,0x3fb4a3d8
GIST,FF,4,417658,20410.549,18,10725949708782130545,0x3fb4a3d8
GIST,FF,4,266352,19226.299,12132,13375739972415901329,0x3fb4a3d8
GIST,FF,5,584510,20476.489,1,7111464684906674828,0x3fb4a3d8
GIST,FF,5,860467,19741.545,110513,14831659072279641336,0x3fb4a3d8
GIST,FF,5,923923,20458.591,1,9650181218042224611,0x3fb4a3d8
GIST,FF,5,533409,19769.235,120801,1158368764979798433,0x3fb4a3d8
GIST,FF,5,220435,22814.78,302764,15329822199843692600,0x3fb4a3d8
GIST,FF,5,395173,21840.89,262241,16292672578093830578,0x3fb4a3d8
GIST,FF,5,125555,19301.064,75155,13669275240459382784,0x3fb4a3d8
GIST,FF,5,37317,19840.818,482,9065587736478984682,0x3fb4a3d8
GIST,FF,5,326694,20458.661,2,17855805870912985590,0x3fb4a3d8
GIST,FF,5,408325,19569.356,1772,2815813216534820304,0x3fb4a3d8
GIST,FF,5,928005,19594.021,1001,17371819348064928502,0x3fb4a3d8
GIST,FF,5,636852,21756.909,324005,16982769923046401650,0x3fb4a3d8
GIST,FF,5,565201,19337.842,6396,11264234127150399790,0x3fb4a3d8
GIST,FF,5,416400,19353.564,5024,368749101627721021,0x3fb4a3d8
GIST,FF,5,671950,20439.582,1,5927922487194769596,0x3fb4a3d8
GIST,FF,5,100598,21848.338,274260,15670590569913710840,0x3fb4a3d8
GIST,FF,5,130060,19921.518,136432,5969732168017826336,0x3fb4a3d8
GIST,FF,5,763603,21334.426,301541,147904619539737232,0x3fb4a3d8
GIST,FF,5,229656,20430.466,16,5218843424058757563,0x3fb4a3d8
GIST,FF,5,854752,19872.358,794,12398274414676620556,0x3fb4a3d8
GIST,FF,5,717147,19905.351,476,17483727490360448166,0x3fb4a3d8
GIST,FF,5,253796,20444.477,3,3494645160661919934,0x3fb4a3d8
GIST,FF,5,594298,20424.168,4,13409741501217839975,0x3fb4a3d8
GIST,FF,5,802333,19760.606,146327,10595701386717585823,0x3fb4a3d8
GIST,FF,5,907497,20863.863,252358,11185946559242699135,0x3fb4a3d8
GIST,FF,5,970136,19247.065,43571,1768546914362820738,0x3fb4a3d8
GIST,FF,5,472710,20529.207,1,1071764945648967332,0x3fb4a3d8
GIST,FF,5,311434,20464.53,1,13312524340719727440,0x3fb4a3d8
GIST,FF,5,152112,20455.084,1,16322557560223705822,0x3fb4a3d8
GIST,FF,5,262882,19861.827,350,15552938297066695674,0x3fb4a3d8
GIST,FF,5,706522,21736.267,217682,12361096037655865303,0x3fb4a3d8
GIST,FF,5,832912,19269.423,32198,18328276085626311192,0x3fb4a3d8
GIST,FF,5,303769,19175.426,17440,16329138951931766161,0x3fb4a3d8
GIST,FF,5,223701,19471.716,5223,12110691255955863336,0x3fb4a3d8
GIST,FF,5,809314,19561.935,2575,13833537680890479799,0x3fb4a3d8
GIST,FF,5,831243,20460.342,1,17493799186480836747,0x3fb4a3d8
GIST,FF,5,831746,20954.128,232210,3986705561301011554,0x3fb4a3d8
GIST,FF,5,314373,21527.041,245446,17684901665160681817,0x3fb4a3d8
GIST,FF,5,810800,19324.338,8735,181497579686815711,0x3fb4a3d8
GIST,FF,5,211855,20445.03,2,15098965436855431700,0x3fb4a3d8
GIST,FF,5,533614,19270.379,65593,5177147739743711313,0x3fb4a3d8
GIST,FF,5,335471,20694.781,221008,9663218791444078051,0x3fb4a3d8
GIST,FF,5,566134,19639.244,123319,11275262358537811118,0x3fb4a3d8
GIST,FF,5,738848,22486.32,350706,12714018293197981387,0x3fb4a3d8
GIST,FF,5,359342,20443.562,1,14883231301748386396,0x3fb4a3d8
GIST,FF,5,965210,19797.73,464,8065290031319401403,0x3fb4a3d8
GIST,FF,5,928413,19642.42,101193,7571004148797661265,0x3fb4a3d8
GIST,FF,5,998782,22380.249,312168,5618084397353648138,0x3fb4a3d8
GIST,FF,5,248373,19746.138,424,17920615215818596529,0x3fb4a3d8
GIST,FF,5,113110,22328.489,298393,11087762445465402799,0x3fb4a3d8
GIST,FF,5,421120,20483.864,1,9920652127043963342,0x3fb4a3d8
GIST,FF,5,579626,19345.415,21074,8674792675435185845,0x3fb4a3d8
GIST,FF,5,997466,21206.692,171628,6463969713763470983,0x3fb4a3d8
GIST,FF,5,522760,19953.976,150559,3458506985099854542,0x3fb4a3d8
GIST,FF,5,134930,20139.544,269,11022067387796225111,0x3fb4a3d8
GIST,FF,5,786964,19262.344,4537,10631416977948792920,0x3fb4a3d8
GIST,FF,5,884325,22462.321,349201,543682768752225887,0x3fb4a3d8
GIST,FF,5,552447,20329.448,174588,2772483950073372472,0x3fb4a3d8
GIST,FF,5,504571,19687.58,1573,15794713272219230736,0x3fb4a3d8
GIST,FF,5,951244,19495.903,5415,13484686832383344511,0x3fb4a3d8
GIST,FF,5,220807,20015.019,147226,16046319097409406499,0x3fb4a3d8
GIST,FF,5,681257,20419.05,1,11792367510721151297,0x3fb4a3d8
GIST,FF,5,417658,20428.225,18,10725949708782130545,0x3fb4a3d8
GIST,FF,5,266352,19169.653,12132,13375739972415901329,0x3fb4a3d8
GIST,FF,6,584510,20444.276,1,7111464684906674828,0x3fb4a3d8
GIST,FF,6,860467,19848.887,110513,14831659072279641336,0x3fb4a3d8
GIST,FF,6,923923,20438.221,1,9650181218042224611,0x3fb4a3d8
GIST,FF,6,533409,19646.311,120801,1158368764979798433,0x3fb4a3d8
GIST,FF,6,220435,22588.199,302764,15329822199843692600,0x3fb4a3d8
GIST,FF,6,395173,21931.979,262241,16292672578093830578,0x3fb4a3d8
GIST,FF,6,125555,19527.393,75155,13669275240459382784,0x3fb4a3d8
GIST,FF,6,37317,19711.619,482,9065587736478984682,0x3fb4a3d8
GIST,FF,6,326694,20438.808,2,17855805870912985590,0x3fb4a3d8
GIST,FF,6,408325,19677.779,1772,2815813216534820304,0x3fb4a3d8
GIST,FF,6,928005,19706.148,1001,17371819348064928502,0x3fb4a3d8
GIST,FF,6,636852,21872.686,324005,16982769923046401650,0x3fb4a3d8
GIST,FF,6,565201,19373.411,6396,11264234127150399790,0x3fb4a3d8
GIST,FF,6,416400,19375.189,5024,368749101627721021,0x3fb4a3d8
GIST,FF,6,671950,20424.35,1,5927922487194769596,0x3fb4a3d8
GIST,FF,6,100598,22267.864,274260,15670590569913710840,0x3fb4a3d8
GIST,FF,6,130060,19822.012,136432,5969732168017826336,0x3fb4a3d8
GIST,FF,6,763603,21418.438,301541,147904619539737232,0x3fb4a3d8
GIST,FF,6,229656,20417.658,16,5218843424058757563,0x3fb4a3d8
GIST,FF,6,854752,19832.134,794,12398274414676620556,0x3fb4a3d8
GIST,FF,6,717147,19992.771,476,17483727490360448166,0x3fb4a3d8
GIST,FF,6,253796,20414.801,3,3494645160661919934,0x3fb4a3d8
GIST,FF,6,594298,20458.226,4,13409741501217839975,0x3fb4a3d8
GIST,FF,6,802333,19970.725,146327,10595701386717585823,0x3fb4a3d8
GIST,FF,6,907497,21006.452,252358,11185946559242699135,0x3fb4a3d8
GIST,FF,6,970136,19439.096,43571,1768546914362820738,0x3fb4a3d8
GIST,FF,6,472710,20533.827,1,1071764945648967332,0x3fb4a3d8
GIST,FF,6,311434,20452.712,1,13312524340719727440,0x3fb4a3d8
GIST,FF,6,152112,20415.426,1,16322557560223705822,0x3fb4a3d8
GIST,FF,6,262882,20016.731,350,15552938297066695674,0x3fb4a3d8
GIST,FF,6,706522,21899.787,217682,12361096037655865303,0x3fb4a3d8
GIST,FF,6,832912,19193.027,32198,18328276085626311192,0x3fb4a3d8
GIST,FF,6,303769,19067.637,17440,16329138951931766161,0x3fb4a3d8
GIST,FF,6,223701,19466.86,5223,12110691255955863336,0x3fb4a3d8
GIST,FF,6,809314,19408.1,2575,13833537680890479799,0x3fb4a3d8
GIST,FF,6,831243,20421.916,1,17493799186480836747,0x3fb4a3d8
GIST,FF,6,831746,20644.303,232210,3986705561301011554,0x3fb4a3d8
GIST,FF,6,314373,21489.007,245446,17684901665160681817,0x3fb4a3d8
GIST,FF,6,810800,19279.821,8735,181497579686815711,0x3fb4a3d8
GIST,FF,6,211855,20455.514,2,15098965436855431700,0x3fb4a3d8
GIST,FF,6,533614,19183.893,65593,5177147739743711313,0x3fb4a3d8
GIST,FF,6,335471,20545.559,221008,9663218791444078051,0x3fb4a3d8
GIST,FF,6,566134,19738.932,123319,11275262358537811118,0x3fb4a3d8
GIST,FF,6,738848,22402.193,350706,12714018293197981387,0x3fb4a3d8
GIST,FF,6,359342,20382.7,1,14883231301748386396,0x3fb4a3d8
GIST,FF,6,965210,19806.487,464,8065290031319401403,0x3fb4a3d8
GIST,FF,6,928413,19728.674,101193,7571004148797661265,0x3fb4a3d8
GIST,FF,6,998782,22138.075,312168,5618084397353648138,0x3fb4a3d8
GIST,FF,6,248373,19806.775,424,17920615215818596529,0x3fb4a3d8
GIST,FF,6,113110,22247.068,298393,11087762445465402799,0x3fb4a3d8
GIST,FF,6,421120,20427.005,1,9920652127043963342,0x3fb4a3d8
GIST,FF,6,579626,19360.822,21074,8674792675435185845,0x3fb4a3d8
GIST,FF,6,997466,21330.264,171628,6463969713763470983,0x3fb4a3d8
GIST,FF,6,522760,19948.82,150559,3458506985099854542,0x3fb4a3d8
GIST,FF,6,134930,20119.409,269,11022067387796225111,0x3fb4a3d8
GIST,FF,6,786964,19310.761,4537,10631416977948792920,0x3fb4a3d8
GIST,FF,6,884325,22610.674,349201,543682768752225887,0x3fb4a3d8
GIST,FF,6,552447,20403.123,174588,2772483950073372472,0x3fb4a3d8
GIST,FF,6,504571,19692.353,1573,15794713272219230736,0x3fb4a3d8
GIST,FF,6,951244,19442.791,5415,13484686832383344511,0x3fb4a3d8
GIST,FF,6,220807,20032.201,147226,16046319097409406499,0x3fb4a3d8
GIST,FF,6,681257,20442.292,1,11792367510721151297,0x3fb4a3d8
GIST,FF,6,417658,20455.717,18,10725949708782130545,0x3fb4a3d8
GIST,FF,6,266352,19178.701,12132,13375739972415901329,0x3fb4a3d8
GIST,CR4,1,584510,11611.623,1,7111464684906674828,0x3fb4a3d8
GIST,CR4,1,860467,13941.454,110513,14831659072279641336,0x3fb4a3d8
GIST,CR4,1,923923,10592.248,1,9650181218042224611,0x3fb4a3d8
GIST,CR4,1,533409,13930.075,120801,1158368764979798433,0x3fb4a3d8
GIST,CR4,1,220435,14125.623,302764,15329822199843692600,0x3fb4a3d8
GIST,CR4,1,395173,13891.54,262241,16292672578093830578,0x3fb4a3d8
GIST,CR4,1,125555,13686.939,75155,13669275240459382784,0x3fb4a3d8
GIST,CR4,1,37317,12720.704,482,9065587736478984682,0x3fb4a3d8
GIST,CR4,1,326694,12493.428,2,17855805870912985590,0x3fb4a3d8
GIST,CR4,1,408325,13000.157,1772,2815813216534820304,0x3fb4a3d8
GIST,CR4,1,928005,12987.405,1001,17371819348064928502,0x3fb4a3d8
GIST,CR4,1,636852,14130.007,324005,16982769923046401650,0x3fb4a3d8
GIST,CR4,1,565201,13202.103,6396,11264234127150399790,0x3fb4a3d8
GIST,CR4,1,416400,13215.88,5024,368749101627721021,0x3fb4a3d8
GIST,CR4,1,671950,10856.11,1,5927922487194769596,0x3fb4a3d8
GIST,CR4,1,100598,13845.427,274260,15670590569913710840,0x3fb4a3d8
GIST,CR4,1,130060,13837.703,136432,5969732168017826336,0x3fb4a3d8
GIST,CR4,1,763603,14051.731,301541,147904619539737232,0x3fb4a3d8
GIST,CR4,1,229656,12499.238,16,5218843424058757563,0x3fb4a3d8
GIST,CR4,1,854752,12782.084,794,12398274414676620556,0x3fb4a3d8
GIST,CR4,1,717147,12764.7,476,17483727490360448166,0x3fb4a3d8
GIST,CR4,1,253796,10616.294,3,3494645160661919934,0x3fb4a3d8
GIST,CR4,1,594298,12560.187,4,13409741501217839975,0x3fb4a3d8
GIST,CR4,1,802333,13845.789,146327,10595701386717585823,0x3fb4a3d8
GIST,CR4,1,907497,14068.417,252358,11185946559242699135,0x3fb4a3d8
GIST,CR4,1,970136,13650.773,43571,1768546914362820738,0x3fb4a3d8
GIST,CR4,1,472710,7670.082,1,1071764945648967332,0x3fb4a3d8
GIST,CR4,1,311434,11829.893,1,13312524340719727440,0x3fb4a3d8
GIST,CR4,1,152112,6584.328,1,16322557560223705822,0x3fb4a3d8
GIST,CR4,1,262882,12666.862,350,15552938297066695674,0x3fb4a3d8
GIST,CR4,1,706522,13746.781,217682,12361096037655865303,0x3fb4a3d8
GIST,CR4,1,832912,13595.071,32198,18328276085626311192,0x3fb4a3d8
GIST,CR4,1,303769,13505.782,17440,16329138951931766161,0x3fb4a3d8
GIST,CR4,1,223701,13145.157,5223,12110691255955863336,0x3fb4a3d8
GIST,CR4,1,809314,13249.698,2575,13833537680890479799,0x3fb4a3d8
GIST,CR4,1,831243,11644.672,1,17493799186480836747,0x3fb4a3d8
GIST,CR4,1,831746,14119.651,232210,3986705561301011554,0x3fb4a3d8
GIST,CR4,1,314373,14017.003,245446,17684901665160681817,0x3fb4a3d8
GIST,CR4,1,810800,13346.749,8735,181497579686815711,0x3fb4a3d8
GIST,CR4,1,211855,11590.117,2,15098965436855431700,0x3fb4a3d8
GIST,CR4,1,533614,13701.486,65593,5177147739743711313,0x3fb4a3d8
GIST,CR4,1,335471,14135.564,221008,9663218791444078051,0x3fb4a3d8
GIST,CR4,1,566134,13877.043,123319,11275262358537811118,0x3fb4a3d8
GIST,CR4,1,738848,14190.079,350706,12714018293197981387,0x3fb4a3d8
GIST,CR4,1,359342,12445.81,1,14883231301748386396,0x3fb4a3d8
GIST,CR4,1,965210,12695.533,464,8065290031319401403,0x3fb4a3d8
GIST,CR4,1,928413,14018.8,101193,7571004148797661265,0x3fb4a3d8
GIST,CR4,1,998782,14103.489,312168,5618084397353648138,0x3fb4a3d8
GIST,CR4,1,248373,12699.098,424,17920615215818596529,0x3fb4a3d8
GIST,CR4,1,113110,14013.222,298393,11087762445465402799,0x3fb4a3d8
GIST,CR4,1,421120,12391.965,1,9920652127043963342,0x3fb4a3d8
GIST,CR4,1,579626,13417.603,21074,8674792675435185845,0x3fb4a3d8
GIST,CR4,1,997466,13857.101,171628,6463969713763470983,0x3fb4a3d8
GIST,CR4,1,522760,13952.492,150559,3458506985099854542,0x3fb4a3d8
GIST,CR4,1,134930,12722.107,269,11022067387796225111,0x3fb4a3d8
GIST,CR4,1,786964,13341.267,4537,10631416977948792920,0x3fb4a3d8
GIST,CR4,1,884325,14035.077,349201,543682768752225887,0x3fb4a3d8
GIST,CR4,1,552447,13969.032,174588,2772483950073372472,0x3fb4a3d8
GIST,CR4,1,504571,12967.676,1573,15794713272219230736,0x3fb4a3d8
GIST,CR4,1,951244,13096.046,5415,13484686832383344511,0x3fb4a3d8
GIST,CR4,1,220807,13781.345,147226,16046319097409406499,0x3fb4a3d8
GIST,CR4,1,681257,12249.733,1,11792367510721151297,0x3fb4a3d8
GIST,CR4,1,417658,12451.368,18,10725949708782130545,0x3fb4a3d8
GIST,CR4,1,266352,13354.666,12132,13375739972415901329,0x3fb4a3d8
GIST,CR4,2,584510,11629.394,1,7111464684906674828,0x3fb4a3d8
GIST,CR4,2,860467,13932.536,110513,14831659072279641336,0x3fb4a3d8
GIST,CR4,2,923923,10599.279,1,9650181218042224611,0x3fb4a3d8
GIST,CR4,2,533409,13932.948,120801,1158368764979798433,0x3fb4a3d8
GIST,CR4,2,220435,14173.328,302764,15329822199843692600,0x3fb4a3d8
GIST,CR4,2,395173,13936.588,262241,16292672578093830578,0x3fb4a3d8
GIST,CR4,2,125555,13750.546,75155,13669275240459382784,0x3fb4a3d8
GIST,CR4,2,37317,12763.77,482,9065587736478984682,0x3fb4a3d8
GIST,CR4,2,326694,12508.879,2,17855805870912985590,0x3fb4a3d8
GIST,CR4,2,408325,12993.435,1772,2815813216534820304,0x3fb4a3d8
GIST,CR4,2,928005,13026.595,1001,17371819348064928502,0x3fb4a3d8
GIST,CR4,2,636852,14122.266,324005,16982769923046401650,0x3fb4a3d8
GIST,CR4,2,565201,13260.913,6396,11264234127150399790,0x3fb4a3d8
GIST,CR4,2,416400,13217.944,5024,368749101627721021,0x3fb4a3d8
GIST,CR4,2,671950,10855.529,1,5927922487194769596,0x3fb4a3d8
GIST,CR4,2,100598,13849.782,274260,15670590569913710840,0x3fb4a3d8
GIST,CR4,2,130060,13869.156,136432,5969732168017826336,0x3fb4a3d8
GIST,CR4,2,763603,14192.154,301541,147904619539737232,0x3fb4a3d8
GIST,CR4,2,229656,12517.417,16,5218843424058757563,0x3fb4a3d8
GIST,CR4,2,854752,12768.816,794,12398274414676620556,0x3fb4a3d8
GIST,CR4,2,717147,12773.002,476,17483727490360448166,0x3fb4a3d8
GIST,CR4,2,253796,10549.646,3,3494645160661919934,0x3fb4a3d8
GIST,CR4,2,594298,12560.29,4,13409741501217839975,0x3fb4a3d8
GIST,CR4,2,802333,13853.386,146327,10595701386717585823,0x3fb4a3d8
GIST,CR4,2,907497,14102.699,252358,11185946559242699135,0x3fb4a3d8
GIST,CR4,2,970136,13613.607,43571,1768546914362820738,0x3fb4a3d8
GIST,CR4,2,472710,7706.749,1,1071764945648967332,0x3fb4a3d8
GIST,CR4,2,311434,11794.279,1,13312524340719727440,0x3fb4a3d8
GIST,CR4,2,152112,6592.392,1,16322557560223705822,0x3fb4a3d8
GIST,CR4,2,262882,12665.536,350,15552938297066695674,0x3fb4a3d8
GIST,CR4,2,706522,13713.089,217682,12361096037655865303,0x3fb4a3d8
GIST,CR4,2,832912,13614.64,32198,18328276085626311192,0x3fb4a3d8
GIST,CR4,2,303769,13559.311,17440,16329138951931766161,0x3fb4a3d8
GIST,CR4,2,223701,13104.81,5223,12110691255955863336,0x3fb4a3d8
GIST,CR4,2,809314,13206.625,2575,13833537680890479799,0x3fb4a3d8
GIST,CR4,2,831243,11606.178,1,17493799186480836747,0x3fb4a3d8
GIST,CR4,2,831746,14079.626,232210,3986705561301011554,0x3fb4a3d8
GIST,CR4,2,314373,14003.279,245446,17684901665160681817,0x3fb4a3d8
GIST,CR4,2,810800,13353.746,8735,181497579686815711,0x3fb4a3d8
GIST,CR4,2,211855,11599.068,2,15098965436855431700,0x3fb4a3d8
GIST,CR4,2,533614,13711.921,65593,5177147739743711313,0x3fb4a3d8
GIST,CR4,2,335471,14180.37,221008,9663218791444078051,0x3fb4a3d8
GIST,CR4,2,566134,13919.177,123319,11275262358537811118,0x3fb4a3d8
GIST,CR4,2,738848,14201.902,350706,12714018293197981387,0x3fb4a3d8
GIST,CR4,2,359342,12496.219,1,14883231301748386396,0x3fb4a3d8
GIST,CR4,2,965210,12714.463,464,8065290031319401403,0x3fb4a3d8
GIST,CR4,2,928413,13980.668,101193,7571004148797661265,0x3fb4a3d8
GIST,CR4,2,998782,14111.614,312168,5618084397353648138,0x3fb4a3d8
GIST,CR4,2,248373,12717.002,424,17920615215818596529,0x3fb4a3d8
GIST,CR4,2,113110,14001.958,298393,11087762445465402799,0x3fb4a3d8
GIST,CR4,2,421120,12441.673,1,9920652127043963342,0x3fb4a3d8
GIST,CR4,2,579626,13439.418,21074,8674792675435185845,0x3fb4a3d8
GIST,CR4,2,997466,13861.752,171628,6463969713763470983,0x3fb4a3d8
GIST,CR4,2,522760,13981.525,150559,3458506985099854542,0x3fb4a3d8
GIST,CR4,2,134930,12812.477,269,11022067387796225111,0x3fb4a3d8
GIST,CR4,2,786964,13299.371,4537,10631416977948792920,0x3fb4a3d8
GIST,CR4,2,884325,14002.702,349201,543682768752225887,0x3fb4a3d8
GIST,CR4,2,552447,14089.912,174588,2772483950073372472,0x3fb4a3d8
GIST,CR4,2,504571,12983.347,1573,15794713272219230736,0x3fb4a3d8
GIST,CR4,2,951244,13165.088,5415,13484686832383344511,0x3fb4a3d8
GIST,CR4,2,220807,13764.26,147226,16046319097409406499,0x3fb4a3d8
GIST,CR4,2,681257,12233.691,1,11792367510721151297,0x3fb4a3d8
GIST,CR4,2,417658,12463.842,18,10725949708782130545,0x3fb4a3d8
GIST,CR4,2,266352,13394.76,12132,13375739972415901329,0x3fb4a3d8
GIST,CR4,3,584510,11644.93,1,7111464684906674828,0x3fb4a3d8
GIST,CR4,3,860467,13957.78,110513,14831659072279641336,0x3fb4a3d8
GIST,CR4,3,923923,10611.923,1,9650181218042224611,0x3fb4a3d8
GIST,CR4,3,533409,13965.647,120801,1158368764979798433,0x3fb4a3d8
GIST,CR4,3,220435,14116.324,302764,15329822199843692600,0x3fb4a3d8
GIST,CR4,3,395173,13928.984,262241,16292672578093830578,0x3fb4a3d8
GIST,CR4,3,125555,13727.261,75155,13669275240459382784,0x3fb4a3d8
GIST,CR4,3,37317,12727.868,482,9065587736478984682,0x3fb4a3d8
GIST,CR4,3,326694,12492.825,2,17855805870912985590,0x3fb4a3d8
GIST,CR4,3,408325,13005.554,1772,2815813216534820304,0x3fb4a3d8
GIST,CR4,3,928005,12982.603,1001,17371819348064928502,0x3fb4a3d8
GIST,CR4,3,636852,14142.099,324005,16982769923046401650,0x3fb4a3d8
GIST,CR4,3,565201,13250.663,6396,11264234127150399790,0x3fb4a3d8
GIST,CR4,3,416400,13235.898,5024,368749101627721021,0x3fb4a3d8
GIST,CR4,3,671950,10943.49,1,5927922487194769596,0x3fb4a3d8
GIST,CR4,3,100598,13897.478,274260,15670590569913710840,0x3fb4a3d8
GIST,CR4,3,130060,13836.367,136432,5969732168017826336,0x3fb4a3d8
GIST,CR4,3,763603,14125.561,301541,147904619539737232,0x3fb4a3d8
GIST,CR4,3,229656,12504.568,16,5218843424058757563,0x3fb4a3d8
GIST,CR4,3,854752,12789.809,794,12398274414676620556,0x3fb4a3d8
GIST,CR4,3,717147,12767.005,476,17483727490360448166,0x3fb4a3d8
GIST,CR4,3,253796,10643.328,3,3494645160661919934,0x3fb4a3d8
GIST,CR4,3,594298,12556.113,4,13409741501217839975,0x3fb4a3d8
GIST,CR4,3,802333,13898.538,146327,10595701386717585823,0x3fb4a3d8
GIST,CR4,3,907497,14052.534,252358,11185946559242699135,0x3fb4a3d8
GIST,CR4,3,970136,13610.093,43571,1768546914362820738,0x3fb4a3d8
GIST,CR4,3,472710,7720.005,1,1071764945648967332,0x3fb4a3d8
GIST,CR4,3,311434,11800.297,1,13312524340719727440,0x3fb4a3d8
GIST,CR4,3,152112,6607.121,1,16322557560223705822,0x3fb4a3d8
GIST,CR4,3,262882,12637.873,350,15552938297066695674,0x3fb4a3d8
GIST,CR4,3,706522,13753.434,217682,12361096037655865303,0x3fb4a3d8
GIST,CR4,3,832912,13612.794,32198,18328276085626311192,0x3fb4a3d8
GIST,CR4,3,303769,13583.397,17440,16329138951931766161,0x3fb4a3d8
GIST,CR4,3,223701,13152.784,5223,12110691255955863336,0x3fb4a3d8
GIST,CR4,3,809314,13240.782,2575,13833537680890479799,0x3fb4a3d8
GIST,CR4,3,831243,11641.271,1,17493799186480836747,0x3fb4a3d8
GIST,CR4,3,831746,14111.95,232210,3986705561301011554,0x3fb4a3d8
GIST,CR4,3,314373,13985.136,245446,17684901665160681817,0x3fb4a3d8
GIST,CR4,3,810800,13351.945,8735,181497579686815711,0x3fb4a3d8
GIST,CR4,3,211855,11618.978,2,15098965436855431700,0x3fb4a3d8
GIST,CR4,3,533614,13736.504,65593,5177147739743711313,0x3fb4a3d8
GIST,CR4,3,335471,14172.862,221008,9663218791444078051,0x3fb4a3d8
GIST,CR4,3,566134,13860.113,123319,11275262358537811118,0x3fb4a3d8
GIST,CR4,3,738848,14187.02,350706,12714018293197981387,0x3fb4a3d8
GIST,CR4,3,359342,12486.829,1,14883231301748386396,0x3fb4a3d8
GIST,CR4,3,965210,12716.238,464,8065290031319401403,0x3fb4a3d8
GIST,CR4,3,928413,13956.031,101193,7571004148797661265,0x3fb4a3d8
GIST,CR4,3,998782,14100.778,312168,5618084397353648138,0x3fb4a3d8
GIST,CR4,3,248373,12714.059,424,17920615215818596529,0x3fb4a3d8
GIST,CR4,3,113110,13980,298393,11087762445465402799,0x3fb4a3d8
GIST,CR4,3,421120,12454.505,1,9920652127043963342,0x3fb4a3d8
GIST,CR4,3,579626,13450.935,21074,8674792675435185845,0x3fb4a3d8
GIST,CR4,3,997466,13840.135,171628,6463969713763470983,0x3fb4a3d8
GIST,CR4,3,522760,14003.904,150559,3458506985099854542,0x3fb4a3d8
GIST,CR4,3,134930,12748.498,269,11022067387796225111,0x3fb4a3d8
GIST,CR4,3,786964,13299.224,4537,10631416977948792920,0x3fb4a3d8
GIST,CR4,3,884325,14005.398,349201,543682768752225887,0x3fb4a3d8
GIST,CR4,3,552447,14002.754,174588,2772483950073372472,0x3fb4a3d8
GIST,CR4,3,504571,12975.219,1573,15794713272219230736,0x3fb4a3d8
GIST,CR4,3,951244,13120.7,5415,13484686832383344511,0x3fb4a3d8
GIST,CR4,3,220807,13773.788,147226,16046319097409406499,0x3fb4a3d8
GIST,CR4,3,681257,12224.251,1,11792367510721151297,0x3fb4a3d8
GIST,CR4,3,417658,12571.388,18,10725949708782130545,0x3fb4a3d8
GIST,CR4,3,266352,13410.508,12132,13375739972415901329,0x3fb4a3d8
GIST,CR4,4,584510,11648.028,1,7111464684906674828,0x3fb4a3d8
GIST,CR4,4,860467,13946.454,110513,14831659072279641336,0x3fb4a3d8
GIST,CR4,4,923923,10627.1,1,9650181218042224611,0x3fb4a3d8
GIST,CR4,4,533409,13951.241,120801,1158368764979798433,0x3fb4a3d8
GIST,CR4,4,220435,14157.816,302764,15329822199843692600,0x3fb4a3d8
GIST,CR4,4,395173,13899.3,262241,16292672578093830578,0x3fb4a3d8
GIST,CR4,4,125555,13698.198,75155,13669275240459382784,0x3fb4a3d8
GIST,CR4,4,37317,12728.413,482,9065587736478984682,0x3fb4a3d8
GIST,CR4,4,326694,12525.617,2,17855805870912985590,0x3fb4a3d8
GIST,CR4,4,408325,12980.876,1772,2815813216534820304,0x3fb4a3d8
GIST,CR4,4,928005,12979.334,1001,17371819348064928502,0x3fb4a3d8
GIST,CR4,4,636852,14118.852,324005,16982769923046401650,0x3fb4a3d8
GIST,CR4,4,565201,13260.223,6396,11264234127150399790,0x3fb4a3d8
GIST,CR4,4,416400,13236.023,5024,368749101627721021,0x3fb4a3d8
GIST,CR4,4,671950,10905.134,1,5927922487194769596,0x3fb4a3d8
GIST,CR4,4,100598,13846.539,274260,15670590569913710840,0x3fb4a3d8
GIST,CR4,4,130060,13850.302,136432,5969732168017826336,0x3fb4a3d8
GIST,CR4,4,763603,14128.659,301541,147904619539737232,0x3fb4a3d8
GIST,CR4,4,229656,12527.282,16,5218843424058757563,0x3fb4a3d8
GIST,CR4,4,854752,12801.213,794,12398274414676620556,0x3fb4a3d8
GIST,CR4,4,717147,12797.597,476,17483727490360448166,0x3fb4a3d8
GIST,CR4,4,253796,10568.473,3,3494645160661919934,0x3fb4a3d8
GIST,CR4,4,594298,12534.809,4,13409741501217839975,0x3fb4a3d8
GIST,CR4,4,802333,13891.443,146327,10595701386717585823,0x3fb4a3d8
GIST,CR4,4,907497,14050.067,252358,11185946559242699135,0x3fb4a3d8
GIST,CR4,4,970136,13605.273,43571,1768546914362820738,0x3fb4a3d8
GIST,CR4,4,472710,7701.495,1,1071764945648967332,0x3fb4a3d8
GIST,CR4,4,311434,11812.114,1,13312524340719727440,0x3fb4a3d8
GIST,CR4,4,152112,6585.038,1,16322557560223705822,0x3fb4a3d8
GIST,CR4,4,262882,12658.68,350,15552938297066695674,0x3fb4a3d8
GIST,CR4,4,706522,13736.053,217682,12361096037655865303,0x3fb4a3d8
GIST,CR4,4,832912,13597.05,32198,18328276085626311192,0x3fb4a3d8
GIST,CR4,4,303769,13544.895,17440,16329138951931766161,0x3fb4a3d8
GIST,CR4,4,223701,13175.954,5223,12110691255955863336,0x3fb4a3d8
GIST,CR4,4,809314,13231.169,2575,13833537680890479799,0x3fb4a3d8
GIST,CR4,4,831243,11627.774,1,17493799186480836747,0x3fb4a3d8
GIST,CR4,4,831746,14100.517,232210,3986705561301011554,0x3fb4a3d8
GIST,CR4,4,314373,14026.582,245446,17684901665160681817,0x3fb4a3d8
GIST,CR4,4,810800,13350.527,8735,181497579686815711,0x3fb4a3d8
GIST,CR4,4,211855,11595.166,2,15098965436855431700,0x3fb4a3d8
GIST,CR4,4,533614,13687.092,65593,5177147739743711313,0x3fb4a3d8
GIST,CR4,4,335471,14168.802,221008,9663218791444078051,0x3fb4a3d8
GIST,CR4,4,566134,13935.047,123319,11275262358537811118,0x3fb4a3d8
GIST,CR4,4,738848,14149.332,350706,12714018293197981387,0x3fb4a3d8
GIST,CR4,4,359342,12472.753,1,14883231301748386396,0x3fb4a3d8
GIST,CR4,4,965210,12704.196,464,8065290031319401403,0x3fb4a3d8
GIST,CR4,4,928413,13954.244,101193,7571004148797661265,0x3fb4a3d8
GIST,CR4,4,998782,14120.387,312168,5618084397353648138,0x3fb4a3d8
GIST,CR4,4,248373,12746.855,424,17920615215818596529,0x3fb4a3d8
GIST,CR4,4,113110,13995.955,298393,11087762445465402799,0x3fb4a3d8
GIST,CR4,4,421120,12395.168,1,9920652127043963342,0x3fb4a3d8
GIST,CR4,4,579626,13420.455,21074,8674792675435185845,0x3fb4a3d8
GIST,CR4,4,997466,13834.513,171628,6463969713763470983,0x3fb4a3d8
GIST,CR4,4,522760,13965.639,150559,3458506985099854542,0x3fb4a3d8
GIST,CR4,4,134930,12712.429,269,11022067387796225111,0x3fb4a3d8
GIST,CR4,4,786964,13292.099,4537,10631416977948792920,0x3fb4a3d8
GIST,CR4,4,884325,13999.243,349201,543682768752225887,0x3fb4a3d8
GIST,CR4,4,552447,14022.788,174588,2772483950073372472,0x3fb4a3d8
GIST,CR4,4,504571,12941.349,1573,15794713272219230736,0x3fb4a3d8
GIST,CR4,4,951244,13123.364,5415,13484686832383344511,0x3fb4a3d8
GIST,CR4,4,220807,13726.846,147226,16046319097409406499,0x3fb4a3d8
GIST,CR4,4,681257,12219.546,1,11792367510721151297,0x3fb4a3d8
GIST,CR4,4,417658,12447.243,18,10725949708782130545,0x3fb4a3d8
GIST,CR4,4,266352,13384.747,12132,13375739972415901329,0x3fb4a3d8
GIST,CR4,5,584510,11668.22,1,7111464684906674828,0x3fb4a3d8
GIST,CR4,5,860467,13994.208,110513,14831659072279641336,0x3fb4a3d8
GIST,CR4,5,923923,10612.291,1,9650181218042224611,0x3fb4a3d8
GIST,CR4,5,533409,13971.463,120801,1158368764979798433,0x3fb4a3d8
GIST,CR4,5,220435,14158.316,302764,15329822199843692600,0x3fb4a3d8
GIST,CR4,5,395173,13935.84,262241,16292672578093830578,0x3fb4a3d8
GIST,CR4,5,125555,13676.951,75155,13669275240459382784,0x3fb4a3d8
GIST,CR4,5,37317,12731.542,482,9065587736478984682,0x3fb4a3d8
GIST,CR4,5,326694,12512.619,2,17855805870912985590,0x3fb4a3d8
GIST,CR4,5,408325,12987.084,1772,2815813216534820304,0x3fb4a3d8
GIST,CR4,5,928005,12997.218,1001,17371819348064928502,0x3fb4a3d8
GIST,CR4,5,636852,14125.025,324005,16982769923046401650,0x3fb4a3d8
GIST,CR4,5,565201,13245.844,6396,11264234127150399790,0x3fb4a3d8
GIST,CR4,5,416400,13228.782,5024,368749101627721021,0x3fb4a3d8
GIST,CR4,5,671950,10883.402,1,5927922487194769596,0x3fb4a3d8
GIST,CR4,5,100598,13855.592,274260,15670590569913710840,0x3fb4a3d8
GIST,CR4,5,130060,13852.161,136432,5969732168017826336,0x3fb4a3d8
GIST,CR4,5,763603,14051.904,301541,147904619539737232,0x3fb4a3d8
GIST,CR4,5,229656,12525.605,16,5218843424058757563,0x3fb4a3d8
GIST,CR4,5,854752,12795.686,794,12398274414676620556,0x3fb4a3d8
GIST,CR4,5,717147,12765.742,476,17483727490360448166,0x3fb4a3d8
GIST,CR4,5,253796,10603.839,3,3494645160661919934,0x3fb4a3d8
GIST,CR4,5,594298,12551.492,4,13409741501217839975,0x3fb4a3d8
GIST,CR4,5,802333,13884.443,146327,10595701386717585823,0x3fb4a3d8
GIST,CR4,5,907497,14056.039,252358,11185946559242699135,0x3fb4a3d8
GIST,CR4,5,970136,13630.86,43571,1768546914362820738,0x3fb4a3d8
GIST,CR4,5,472710,7714.414,1,1071764945648967332,0x3fb4a3d8
GIST,CR4,5,311434,11771.5,1,13312524340719727440,0x3fb4a3d8
GIST,CR4,5,152112,6570.075,1,16322557560223705822,0x3fb4a3d8
GIST,CR4,5,262882,12658.477,350,15552938297066695674,0x3fb4a3d8
GIST,CR4,5,706522,13716.168,217682,12361096037655865303,0x3fb4a3d8
GIST,CR4,5,832912,13600.886,32198,18328276085626311192,0x3fb4a3d8
GIST,CR4,5,303769,13580.185,17440,16329138951931766161,0x3fb4a3d8
GIST,CR4,5,223701,13144.547,5223,12110691255955863336,0x3fb4a3d8
GIST,CR4,5,809314,13257.608,2575,13833537680890479799,0x3fb4a3d8
GIST,CR4,5,831243,11651.043,1,17493799186480836747,0x3fb4a3d8
GIST,CR4,5,831746,14087.967,232210,3986705561301011554,0x3fb4a3d8
GIST,CR4,5,314373,14013.431,245446,17684901665160681817,0x3fb4a3d8
GIST,CR4,5,810800,13356.751,8735,181497579686815711,0x3fb4a3d8
GIST,CR4,5,211855,11584.588,2,15098965436855431700,0x3fb4a3d8
GIST,CR4,5,533614,13710.026,65593,5177147739743711313,0x3fb4a3d8
GIST,CR4,5,335471,14175.726,221008,9663218791444078051,0x3fb4a3d8
GIST,CR4,5,566134,13918.113,123319,11275262358537811118,0x3fb4a3d8
GIST,CR4,5,738848,14175.272,350706,12714018293197981387,0x3fb4a3d8
GIST,CR4,5,359342,12453.496,1,14883231301748386396,0x3fb4a3d8
GIST,CR4,5,965210,12733.617,464,8065290031319401403,0x3fb4a3d8
GIST,CR4,5,928413,13986.369,101193,7571004148797661265,0x3fb4a3d8
GIST,CR4,5,998782,14150.429,312168,5618084397353648138,0x3fb4a3d8
GIST,CR4,5,248373,12742.734,424,17920615215818596529,0x3fb4a3d8
GIST,CR4,5,113110,13968.723,298393,11087762445465402799,0x3fb4a3d8
GIST,CR4,5,421120,12381.667,1,9920652127043963342,0x3fb4a3d8
GIST,CR4,5,579626,13442.869,21074,8674792675435185845,0x3fb4a3d8
GIST,CR4,5,997466,13862.882,171628,6463969713763470983,0x3fb4a3d8
GIST,CR4,5,522760,13986.216,150559,3458506985099854542,0x3fb4a3d8
GIST,CR4,5,134930,12705.363,269,11022067387796225111,0x3fb4a3d8
GIST,CR4,5,786964,13396.157,4537,10631416977948792920,0x3fb4a3d8
GIST,CR4,5,884325,14026.281,349201,543682768752225887,0x3fb4a3d8
GIST,CR4,5,552447,14053.085,174588,2772483950073372472,0x3fb4a3d8
GIST,CR4,5,504571,12974.887,1573,15794713272219230736,0x3fb4a3d8
GIST,CR4,5,951244,13121.444,5415,13484686832383344511,0x3fb4a3d8
GIST,CR4,5,220807,13753.828,147226,16046319097409406499,0x3fb4a3d8
GIST,CR4,5,681257,12258.661,1,11792367510721151297,0x3fb4a3d8
GIST,CR4,5,417658,12512.131,18,10725949708782130545,0x3fb4a3d8
GIST,CR4,5,266352,13369.675,12132,13375739972415901329,0x3fb4a3d8
GIST,CR4,6,584510,11602.66,1,7111464684906674828,0x3fb4a3d8
GIST,CR4,6,860467,13988.531,110513,14831659072279641336,0x3fb4a3d8
GIST,CR4,6,923923,10607.186,1,9650181218042224611,0x3fb4a3d8
GIST,CR4,6,533409,13987.536,120801,1158368764979798433,0x3fb4a3d8
GIST,CR4,6,220435,14117.715,302764,15329822199843692600,0x3fb4a3d8
GIST,CR4,6,395173,13897.152,262241,16292672578093830578,0x3fb4a3d8
GIST,CR4,6,125555,13685.896,75155,13669275240459382784,0x3fb4a3d8
GIST,CR4,6,37317,12724.021,482,9065587736478984682,0x3fb4a3d8
GIST,CR4,6,326694,12527.989,2,17855805870912985590,0x3fb4a3d8
GIST,CR4,6,408325,12963.45,1772,2815813216534820304,0x3fb4a3d8
GIST,CR4,6,928005,13011.434,1001,17371819348064928502,0x3fb4a3d8
GIST,CR4,6,636852,14163.284,324005,16982769923046401650,0x3fb4a3d8
GIST,CR4,6,565201,13219.845,6396,11264234127150399790,0x3fb4a3d8
GIST,CR4,6,416400,13210.854,5024,368749101627721021,0x3fb4a3d8
GIST,CR4,6,671950,10843.485,1,5927922487194769596,0x3fb4a3d8
GIST,CR4,6,100598,13833.99,274260,15670590569913710840,0x3fb4a3d8
GIST,CR4,6,130060,13910.983,136432,5969732168017826336,0x3fb4a3d8
GIST,CR4,6,763603,14094.022,301541,147904619539737232,0x3fb4a3d8
GIST,CR4,6,229656,12518.787,16,5218843424058757563,0x3fb4a3d8
GIST,CR4,6,854752,12809.896,794,12398274414676620556,0x3fb4a3d8
GIST,CR4,6,717147,12765.865,476,17483727490360448166,0x3fb4a3d8
GIST,CR4,6,253796,10618.497,3,3494645160661919934,0x3fb4a3d8
GIST,CR4,6,594298,12540.428,4,13409741501217839975,0x3fb4a3d8
GIST,CR4,6,802333,13886.187,146327,10595701386717585823,0x3fb4a3d8
GIST,CR4,6,907497,14061.99,252358,11185946559242699135,0x3fb4a3d8
GIST,CR4,6,970136,13685.433,43571,1768546914362820738,0x3fb4a3d8
GIST,CR4,6,472710,7707.41,1,1071764945648967332,0x3fb4a3d8
GIST,CR4,6,311434,11801.604,1,13312524340719727440,0x3fb4a3d8
GIST,CR4,6,152112,6640.019,1,16322557560223705822,0x3fb4a3d8
GIST,CR4,6,262882,12662.868,350,15552938297066695674,0x3fb4a3d8
GIST,CR4,6,706522,13733.348,217682,12361096037655865303,0x3fb4a3d8
GIST,CR4,6,832912,13592.603,32198,18328276085626311192,0x3fb4a3d8
GIST,CR4,6,303769,13558.457,17440,16329138951931766161,0x3fb4a3d8
GIST,CR4,6,223701,13179.497,5223,12110691255955863336,0x3fb4a3d8
GIST,CR4,6,809314,13242.081,2575,13833537680890479799,0x3fb4a3d8
GIST,CR4,6,831243,11572.141,1,17493799186480836747,0x3fb4a3d8
GIST,CR4,6,831746,14103.711,232210,3986705561301011554,0x3fb4a3d8
GIST,CR4,6,314373,13980.065,245446,17684901665160681817,0x3fb4a3d8
GIST,CR4,6,810800,13323.584,8735,181497579686815711,0x3fb4a3d8
GIST,CR4,6,211855,11616.478,2,15098965436855431700,0x3fb4a3d8
GIST,CR4,6,533614,13741.568,65593,5177147739743711313,0x3fb4a3d8
GIST,CR4,6,335471,14157.479,221008,9663218791444078051,0x3fb4a3d8
GIST,CR4,6,566134,13896.523,123319,11275262358537811118,0x3fb4a3d8
GIST,CR4,6,738848,14217.111,350706,12714018293197981387,0x3fb4a3d8
GIST,CR4,6,359342,12463.211,1,14883231301748386396,0x3fb4a3d8
GIST,CR4,6,965210,12731.669,464,8065290031319401403,0x3fb4a3d8
GIST,CR4,6,928413,13998.666,101193,7571004148797661265,0x3fb4a3d8
GIST,CR4,6,998782,14097.994,312168,5618084397353648138,0x3fb4a3d8
GIST,CR4,6,248373,12732.148,424,17920615215818596529,0x3fb4a3d8
GIST,CR4,6,113110,14061.242,298393,11087762445465402799,0x3fb4a3d8
GIST,CR4,6,421120,12415.055,1,9920652127043963342,0x3fb4a3d8
GIST,CR4,6,579626,13406.758,21074,8674792675435185845,0x3fb4a3d8
GIST,CR4,6,997466,13862.159,171628,6463969713763470983,0x3fb4a3d8
GIST,CR4,6,522760,14003.833,150559,3458506985099854542,0x3fb4a3d8
GIST,CR4,6,134930,12730.82,269,11022067387796225111,0x3fb4a3d8
GIST,CR4,6,786964,13335.312,4537,10631416977948792920,0x3fb4a3d8
GIST,CR4,6,884325,13986.475,349201,543682768752225887,0x3fb4a3d8
GIST,CR4,6,552447,13991.462,174588,2772483950073372472,0x3fb4a3d8
GIST,CR4,6,504571,12926.096,1573,15794713272219230736,0x3fb4a3d8
GIST,CR4,6,951244,13146.607,5415,13484686832383344511,0x3fb4a3d8
GIST,CR4,6,220807,13738.02,147226,16046319097409406499,0x3fb4a3d8
GIST,CR4,6,681257,12252.929,1,11792367510721151297,0x3fb4a3d8
GIST,CR4,6,417658,12478.462,18,10725949708782130545,0x3fb4a3d8
GIST,CR4,6,266352,13376.889,12132,13375739972415901329,0x3fb4a3d8
GIST,CF4,1,584510,17909.126,1,7111464684906674828,0x3fb4a3d8
GIST,CF4,1,860467,20091.506,110513,14831659072279641336,0x3fb4a3d8
GIST,CF4,1,923923,16239.817,1,9650181218042224611,0x3fb4a3d8
GIST,CF4,1,533409,20299.584,120801,1158368764979798433,0x3fb4a3d8
GIST,CF4,1,220435,22453.632,302764,15329822199843692600,0x3fb4a3d8
GIST,CF4,1,395173,22259.459,262241,16292672578093830578,0x3fb4a3d8
GIST,CF4,1,125555,19685.713,75155,13669275240459382784,0x3fb4a3d8
GIST,CF4,1,37317,19509.914,482,9065587736478984682,0x3fb4a3d8
GIST,CF4,1,326694,19593.53,2,17855805870912985590,0x3fb4a3d8
GIST,CF4,1,408325,19605.138,1772,2815813216534820304,0x3fb4a3d8
GIST,CF4,1,928005,19630.208,1001,17371819348064928502,0x3fb4a3d8
GIST,CF4,1,636852,22208.923,324005,16982769923046401650,0x3fb4a3d8
GIST,CF4,1,565201,19721.305,6396,11264234127150399790,0x3fb4a3d8
GIST,CF4,1,416400,19472.438,5024,368749101627721021,0x3fb4a3d8
GIST,CF4,1,671950,17107.131,1,5927922487194769596,0x3fb4a3d8
GIST,CF4,1,100598,22142.006,274260,15670590569913710840,0x3fb4a3d8
GIST,CF4,1,130060,20385.46,136432,5969732168017826336,0x3fb4a3d8
GIST,CF4,1,763603,21794.277,301541,147904619539737232,0x3fb4a3d8
GIST,CF4,1,229656,19659.642,16,5218843424058757563,0x3fb4a3d8
GIST,CF4,1,854752,19726.495,794,12398274414676620556,0x3fb4a3d8
GIST,CF4,1,717147,19841.644,476,17483727490360448166,0x3fb4a3d8
GIST,CF4,1,253796,16091.617,3,3494645160661919934,0x3fb4a3d8
GIST,CF4,1,594298,19779.052,4,13409741501217839975,0x3fb4a3d8
GIST,CF4,1,802333,20517.805,146327,10595701386717585823,0x3fb4a3d8
GIST,CF4,1,907497,21246.136,252358,11185946559242699135,0x3fb4a3d8
GIST,CF4,1,970136,19314.655,43571,1768546914362820738,0x3fb4a3d8
GIST,CF4,1,472710,10034.851,1,1071764945648967332,0x3fb4a3d8
GIST,CF4,1,311434,18543.518,1,13312524340719727440,0x3fb4a3d8
GIST,CF4,1,152112,8265.653,1,16322557560223705822,0x3fb4a3d8
GIST,CF4,1,262882,19515.284,350,15552938297066695674,0x3fb4a3d8
GIST,CF4,1,706522,21427.354,217682,12361096037655865303,0x3fb4a3d8
GIST,CF4,1,832912,19439.518,32198,18328276085626311192,0x3fb4a3d8
GIST,CF4,1,303769,19355.731,17440,16329138951931766161,0x3fb4a3d8
GIST,CF4,1,223701,19776.734,5223,12110691255955863336,0x3fb4a3d8
GIST,CF4,1,809314,19576.361,2575,13833537680890479799,0x3fb4a3d8
GIST,CF4,1,831243,17909.197,1,17493799186480836747,0x3fb4a3d8
GIST,CF4,1,831746,21236.805,232210,3986705561301011554,0x3fb4a3d8
GIST,CF4,1,314373,21628.085,245446,17684901665160681817,0x3fb4a3d8
GIST,CF4,1,810800,19571.287,8735,181497579686815711,0x3fb4a3d8
GIST,CF4,1,211855,17963.102,2,15098965436855431700,0x3fb4a3d8
GIST,CF4,1,533614,19283.28,65593,5177147739743711313,0x3fb4a3d8
GIST,CF4,1,335471,20872.491,221008,9663218791444078051,0x3fb4a3d8
GIST,CF4,1,566134,20230.236,123319,11275262358537811118,0x3fb4a3d8
GIST,CF4,1,738848,22895.718,350706,12714018293197981387,0x3fb4a3d8
GIST,CF4,1,359342,19265.593,1,14883231301748386396,0x3fb4a3d8
GIST,CF4,1,965210,19466.026,464,8065290031319401403,0x3fb4a3d8
GIST,CF4,1,928413,19963.751,101193,7571004148797661265,0x3fb4a3d8
GIST,CF4,1,998782,22647.23,312168,5618084397353648138,0x3fb4a3d8
GIST,CF4,1,248373,19568.216,424,17920615215818596529,0x3fb4a3d8
GIST,CF4,1,113110,22415.588,298393,11087762445465402799,0x3fb4a3d8
GIST,CF4,1,421120,19043.685,1,9920652127043963342,0x3fb4a3d8
GIST,CF4,1,579626,19637.437,21074,8674792675435185845,0x3fb4a3d8
GIST,CF4,1,997466,21353.108,171628,6463969713763470983,0x3fb4a3d8
GIST,CF4,1,522760,20316.992,150559,3458506985099854542,0x3fb4a3d8
GIST,CF4,1,134930,20021.524,269,11022067387796225111,0x3fb4a3d8
GIST,CF4,1,786964,19523.063,4537,10631416977948792920,0x3fb4a3d8
GIST,CF4,1,884325,22752.866,349201,543682768752225887,0x3fb4a3d8
GIST,CF4,1,552447,20597.384,174588,2772483950073372472,0x3fb4a3d8
GIST,CF4,1,504571,19861.959,1573,15794713272219230736,0x3fb4a3d8
GIST,CF4,1,951244,19528.227,5415,13484686832383344511,0x3fb4a3d8
GIST,CF4,1,220807,20151.526,147226,16046319097409406499,0x3fb4a3d8
GIST,CF4,1,681257,18788.884,1,11792367510721151297,0x3fb4a3d8
GIST,CF4,1,417658,19401.707,18,10725949708782130545,0x3fb4a3d8
GIST,CF4,1,266352,19274.84,12132,13375739972415901329,0x3fb4a3d8
GIST,CF4,2,584510,17777.305,1,7111464684906674828,0x3fb4a3d8
GIST,CF4,2,860467,20045.137,110513,14831659072279641336,0x3fb4a3d8
GIST,CF4,2,923923,16157.236,1,9650181218042224611,0x3fb4a3d8
GIST,CF4,2,533409,20007.278,120801,1158368764979798433,0x3fb4a3d8
GIST,CF4,2,220435,22551.346,302764,15329822199843692600,0x3fb4a3d8
GIST,CF4,2,395173,21932.594,262241,16292672578093830578,0x3fb4a3d8
GIST,CF4,2,125555,19586.26,75155,13669275240459382784,0x3fb4a3d8
GIST,CF4,2,37317,19475.374,482,9065587736478984682,0x3fb4a3d8
GIST,CF4,2,326694,19503.951,2,17855805870912985590,0x3fb4a3d8
GIST,CF4,2,408325,19480.031,1772,2815813216534820304,0x3fb4a3d8
GIST,CF4,2,928005,19656.88,1001,17371819348064928502,0x3fb4a3d8
GIST,CF4,2,636852,22110.738,324005,16982769923046401650,0x3fb4a3d8
GIST,CF4,2,565201,19594.896,6396,11264234127150399790,0x3fb4a3d8
GIST,CF4,2,416400,19311.36,5024,368749101627721021,0x3fb4a3d8
GIST,CF4,2,671950,17027.041,1,5927922487194769596,0x3fb4a3d8
GIST,CF4,2,100598,21708.185,274260,15670590569913710840,0x3fb4a3d8
GIST,CF4,2,130060,20455.953,136432,5969732168017826336,0x3fb4a3d8
GIST,CF4,2,763603,21676.252,301541,147904619539737232,0x3fb4a3d8
GIST,CF4,2,229656,19625.127,16,5218843424058757563,0x3fb4a3d8
GIST,CF4,2,854752,19661.759,794,12398274414676620556,0x3fb4a3d8
GIST,CF4,2,717147,19818.039,476,17483727490360448166,0x3fb4a3d8
GIST,CF4,2,253796,16132.709,3,3494645160661919934,0x3fb4a3d8
GIST,CF4,2,594298,19846.711,4,13409741501217839975,0x3fb4a3d8
GIST,CF4,2,802333,20128.565,146327,10595701386717585823,0x3fb4a3d8
GIST,CF4,2,907497,21337.94,252358,11185946559242699135,0x3fb4a3d8
GIST,CF4,2,970136,19364.767,43571,1768546914362820738,0x3fb4a3d8
GIST,CF4,2,472710,10172.993,1,1071764945648967332,0x3fb4a3d8
GIST,CF4,2,311434,18652.395,1,13312524340719727440,0x3fb4a3d8
GIST,CF4,2,152112,8237.733,1,16322557560223705822,0x3fb4a3d8
GIST,CF4,2,262882,19742.076,350,15552938297066695674,0x3fb4a3d8
GIST,CF4,2,706522,21287.97,217682,12361096037655865303,0x3fb4a3d8
GIST,CF4,2,832912,19315.211,32198,18328276085626311192,0x3fb4a3d8
GIST,CF4,2,303769,19497.361,17440,16329138951931766161,0x3fb4a3d8
GIST,CF4,2,223701,19750.901,5223,12110691255955863336,0x3fb4a3d8
GIST,CF4,2,809314,19416.732,2575,13833537680890479799,0x3fb4a3d8
GIST,CF4,2,831243,17923.426,1,17493799186480836747,0x3fb4a3d8
GIST,CF4,2,831746,21099.722,232210,3986705561301011554,0x3fb4a3d8
GIST,CF4,2,314373,21786.052,245446,17684901665160681817,0x3fb4a3d8
GIST,CF4,2,810800,19602.689,8735,181497579686815711,0x3fb4a3d8
GIST,CF4,2,211855,17899.34,2,15098965436855431700,0x3fb4a3d8
GIST,CF4,2,533614,19340.317,65593,5177147739743711313,0x3fb4a3d8
GIST,CF4,2,335471,20789.657,221008,9663218791444078051,0x3fb4a3d8
GIST,CF4,2,566134,19967.278,123319,11275262358537811118,0x3fb4a3d8
GIST,CF4,2,738848,22562.724,350706,12714018293197981387,0x3fb4a3d8
GIST,CF4,2,359342,19211.935,1,14883231301748386396,0x3fb4a3d8
GIST,CF4,2,965210,19326.07,464,8065290031319401403,0x3fb4a3d8
GIST,CF4,2,928413,19920.406,101193,7571004148797661265,0x3fb4a3d8
GIST,CF4,2,998782,22564.615,312168,5618084397353648138,0x3fb4a3d8
GIST,CF4,2,248373,19627.532,424,17920615215818596529,0x3fb4a3d8
GIST,CF4,2,113110,22090.681,298393,11087762445465402799,0x3fb4a3d8
GIST,CF4,2,421120,18853.231,1,9920652127043963342,0x3fb4a3d8
GIST,CF4,2,579626,19491.134,21074,8674792675435185845,0x3fb4a3d8
GIST,CF4,2,997466,21716.03,171628,6463969713763470983,0x3fb4a3d8
GIST,CF4,2,522760,20131.329,150559,3458506985099854542,0x3fb4a3d8
GIST,CF4,2,134930,19997.653,269,11022067387796225111,0x3fb4a3d8
GIST,CF4,2,786964,19380.35,4537,10631416977948792920,0x3fb4a3d8
GIST,CF4,2,884325,22335.859,349201,543682768752225887,0x3fb4a3d8
GIST,CF4,2,552447,20752.076,174588,2772483950073372472,0x3fb4a3d8
GIST,CF4,2,504571,19829.022,1573,15794713272219230736,0x3fb4a3d8
GIST,CF4,2,951244,19501.977,5415,13484686832383344511,0x3fb4a3d8
GIST,CF4,2,220807,20238.237,147226,16046319097409406499,0x3fb4a3d8
GIST,CF4,2,681257,18772.344,1,11792367510721151297,0x3fb4a3d8
GIST,CF4,2,417658,19428.63,18,10725949708782130545,0x3fb4a3d8
GIST,CF4,2,266352,19133.974,12132,13375739972415901329,0x3fb4a3d8
GIST,CF4,3,584510,17986.475,1,7111464684906674828,0x3fb4a3d8
GIST,CF4,3,860467,19994.158,110513,14831659072279641336,0x3fb4a3d8
GIST,CF4,3,923923,16201.179,1,9650181218042224611,0x3fb4a3d8
GIST,CF4,3,533409,20018.13,120801,1158368764979798433,0x3fb4a3d8
GIST,CF4,3,220435,22528.335,302764,15329822199843692600,0x3fb4a3d8
GIST,CF4,3,395173,22029.131,262241,16292672578093830578,0x3fb4a3d8
GIST,CF4,3,125555,19595.627,75155,13669275240459382784,0x3fb4a3d8
GIST,CF4,3,37317,19509.202,482,9065587736478984682,0x3fb4a3d8
GIST,CF4,3,326694,19678.276,2,17855805870912985590,0x3fb4a3d8
GIST,CF4,3,408325,19614.591,1772,2815813216534820304,0x3fb4a3d8
GIST,CF4,3,928005,19697.758,1001,17371819348064928502,0x3fb4a3d8
GIST,CF4,3,636852,22122.59,324005,16982769923046401650,0x3fb4a3d8
GIST,CF4,3,565201,19766.18,6396,11264234127150399790,0x3fb4a3d8
GIST,CF4,3,416400,19358.347,5024,368749101627721021,0x3fb4a3d8
GIST,CF4,3,671950,17247.172,1,5927922487194769596,0x3fb4a3d8
GIST,CF4,3,100598,21835.527,274260,15670590569913710840,0x3fb4a3d8
GIST,CF4,3,130060,20321.642,136432,5969732168017826336,0x3fb4a3d8
GIST,CF4,3,763603,21708.165,301541,147904619539737232,0x3fb4a3d8
GIST,CF4,3,229656,19692.363,16,5218843424058757563,0x3fb4a3d8
GIST,CF4,3,854752,19629.012,794,12398274414676620556,0x3fb4a3d8
GIST,CF4,3,717147,19887.218,476,17483727490360448166,0x3fb4a3d8
GIST,CF4,3,253796,16038.651,3,3494645160661919934,0x3fb4a3d8
GIST,CF4,3,594298,19703.618,4,13409741501217839975,0x3fb4a3d8
GIST,CF4,3,802333,20229.465,146327,10595701386717585823,0x3fb4a3d8
GIST,CF4,3,907497,21524.061,252358,11185946559242699135,0x3fb4a3d8
GIST,CF4,3,970136,19506.552,43571,1768546914362820738,0x3fb4a3d8
GIST,CF4,3,472710,10024.727,1,1071764945648967332,0x3fb4a3d8
GIST,CF4,3,311434,18722.558,1,13312524340719727440,0x3fb4a3d8
GIST,CF4,3,152112,8244.772,1,16322557560223705822,0x3fb4a3d8
GIST,CF4,3,262882,19561.57,350,15552938297066695674,0x3fb4a3d8
GIST,CF4,3,706522,21594.587,217682,12361096037655865303,0x3fb4a3d8
GIST,CF4,3,832912,19515.926,32198,18328276085626311192,0x3fb4a3d8
GIST,CF4,3,303769,19576.677,17440,16329138951931766161,0x3fb4a3d8
GIST,CF4,3,223701,19795.525,5223,12110691255955863336,0x3fb4a3d8
GIST,CF4,3,809314,19487.507,2575,13833537680890479799,0x3fb4a3d8
GIST,CF4,3,831243,17980.094,1,17493799186480836747,0x3fb4a3d8
GIST,CF4,3,831746,21277.047,232210,3986705561301011554,0x3fb4a3d8
GIST,CF4,3,314373,21735.849,245446,17684901665160681817,0x3fb4a3d8
GIST,CF4,3,810800,19484.969,8735,181497579686815711,0x3fb4a3d8
GIST,CF4,3,211855,17904.249,2,15098965436855431700,0x3fb4a3d8
GIST,CF4,3,533614,19582.163,65593,5177147739743711313,0x3fb4a3d8
GIST,CF4,3,335471,20867.402,221008,9663218791444078051,0x3fb4a3d8
GIST,CF4,3,566134,20197.88,123319,11275262358537811118,0x3fb4a3d8
GIST,CF4,3,738848,22675.995,350706,12714018293197981387,0x3fb4a3d8
GIST,CF4,3,359342,19456.037,1,14883231301748386396,0x3fb4a3d8
GIST,CF4,3,965210,19470.404,464,8065290031319401403,0x3fb4a3d8
GIST,CF4,3,928413,20111.351,101193,7571004148797661265,0x3fb4a3d8
GIST,CF4,3,998782,22705.602,312168,5618084397353648138,0x3fb4a3d8
GIST,CF4,3,248373,19693.116,424,17920615215818596529,0x3fb4a3d8
GIST,CF4,3,113110,22131.111,298393,11087762445465402799,0x3fb4a3d8
GIST,CF4,3,421120,18915.883,1,9920652127043963342,0x3fb4a3d8
GIST,CF4,3,579626,19955.33,21074,8674792675435185845,0x3fb4a3d8
GIST,CF4,3,997466,21396.829,171628,6463969713763470983,0x3fb4a3d8
GIST,CF4,3,522760,20264.875,150559,3458506985099854542,0x3fb4a3d8
GIST,CF4,3,134930,20011.851,269,11022067387796225111,0x3fb4a3d8
GIST,CF4,3,786964,19497.533,4537,10631416977948792920,0x3fb4a3d8
GIST,CF4,3,884325,22670.574,349201,543682768752225887,0x3fb4a3d8
GIST,CF4,3,552447,20703.731,174588,2772483950073372472,0x3fb4a3d8
GIST,CF4,3,504571,19893.494,1573,15794713272219230736,0x3fb4a3d8
GIST,CF4,3,951244,19543.374,5415,13484686832383344511,0x3fb4a3d8
GIST,CF4,3,220807,20486.838,147226,16046319097409406499,0x3fb4a3d8
GIST,CF4,3,681257,19096.45,1,11792367510721151297,0x3fb4a3d8
GIST,CF4,3,417658,19426.479,18,10725949708782130545,0x3fb4a3d8
GIST,CF4,3,266352,19237.12,12132,13375739972415901329,0x3fb4a3d8
GIST,CF4,4,584510,17864.339,1,7111464684906674828,0x3fb4a3d8
GIST,CF4,4,860467,20145.046,110513,14831659072279641336,0x3fb4a3d8
GIST,CF4,4,923923,16182.966,1,9650181218042224611,0x3fb4a3d8
GIST,CF4,4,533409,20266.812,120801,1158368764979798433,0x3fb4a3d8
GIST,CF4,4,220435,22455.635,302764,15329822199843692600,0x3fb4a3d8
GIST,CF4,4,395173,21680.163,262241,16292672578093830578,0x3fb4a3d8
GIST,CF4,4,125555,19632.702,75155,13669275240459382784,0x3fb4a3d8
GIST,CF4,4,37317,19557.145,482,9065587736478984682,0x3fb4a3d8
GIST,CF4,4,326694,19601.333,2,17855805870912985590,0x3fb4a3d8
GIST,CF4,4,408325,19547.544,1772,2815813216534820304,0x3fb4a3d8
GIST,CF4,4,928005,19638.228,1001,17371819348064928502,0x3fb4a3d8
GIST,CF4,4,636852,22144.219,324005,16982769923046401650,0x3fb4a3d8
GIST,CF4,4,565201,19698.104,6396,11264234127150399790,0x3fb4a3d8
GIST,CF4,4,416400,19434.716,5024,368749101627721021,0x3fb4a3d8
GIST,CF4,4,671950,17175.848,1,5927922487194769596,0x3fb4a3d8
GIST,CF4,4,100598,22204.365,274260,15670590569913710840,0x3fb4a3d8
GIST,CF4,4,130060,20478.72,136432,5969732168017826336,0x3fb4a3d8
GIST,CF4,4,763603,21860.812,301541,147904619539737232,0x3fb4a3d8
GIST,CF4,4,229656,19511.402,16,5218843424058757563,0x3fb4a3d8
GIST,CF4,4,854752,19712.588,794,12398274414676620556,0x3fb4a3d8
GIST,CF4,4,717147,19729.32,476,17483727490360448166,0x3fb4a3d8
GIST,CF4,4,253796,16149.782,3,3494645160661919934,0x3fb4a3d8
GIST,CF4,4,594298,19872.582,4,13409741501217839975,0x3fb4a3d8
GIST,CF4,4,802333,20365,146327,10595701386717585823,0x3fb4a3d8
GIST,CF4,4,907497,21462.411,252358,11185946559242699135,0x3fb4a3d8
GIST,CF4,4,970136,19501.769,43571,1768546914362820738,0x3fb4a3d8
GIST,CF4,4,472710,10129.524,1,1071764945648967332,0x3fb4a3d8
GIST,CF4,4,311434,18881.106,1,13312524340719727440,0x3fb4a3d8
GIST,CF4,4,152112,8238.869,1,16322557560223705822,0x3fb4a3d8
GIST,CF4,4,262882,19658.042,350,15552938297066695674,0x3fb4a3d8
GIST,CF4,4,706522,21459.73,217682,12361096037655865303,0x3fb4a3d8
GIST,CF4,4,832912,19461.755,32198,18328276085626311192,0x3fb4a3d8
GIST,CF4,4,303769,19434.735,17440,16329138951931766161,0x3fb4a3d8
GIST,CF4,4,223701,19779.483,5223,12110691255955863336,0x3fb4a3d8
GIST,CF4,4,809314,19580.577,2575,13833537680890479799,0x3fb4a3d8
GIST,CF4,4,831243,17907.383,1,17493799186480836747,0x3fb4a3d8
GIST,CF4,4,831746,21115.565,232210,3986705561301011554,0x3fb4a3d8
GIST,CF4,4,314373,22207.727,245446,17684901665160681817,0x3fb4a3d8
GIST,CF4,4,810800,19517.017,8735,181497579686815711,0x3fb4a3d8
GIST,CF4,4,211855,17768.537,2,15098965436855431700,0x3fb4a3d8
GIST,CF4,4,533614,19493.436,65593,5177147739743711313,0x3fb4a3d8
GIST,CF4,4,335471,20816.549,221008,9663218791444078051,0x3fb4a3d8
GIST,CF4,4,566134,20102.689,123319,11275262358537811118,0x3fb4a3d8
GIST,CF4,4,738848,22836.936,350706,12714018293197981387,0x3fb4a3d8
GIST,CF4,4,359342,19182.36,1,14883231301748386396,0x3fb4a3d8
GIST,CF4,4,965210,19416.34,464,8065290031319401403,0x3fb4a3d8
GIST,CF4,4,928413,19900.6,101193,7571004148797661265,0x3fb4a3d8
GIST,CF4,4,998782,22538.227,312168,5618084397353648138,0x3fb4a3d8
GIST,CF4,4,248373,19589.059,424,17920615215818596529,0x3fb4a3d8
GIST,CF4,4,113110,22039.223,298393,11087762445465402799,0x3fb4a3d8
GIST,CF4,4,421120,19177.224,1,9920652127043963342,0x3fb4a3d8
GIST,CF4,4,579626,19634.185,21074,8674792675435185845,0x3fb4a3d8
GIST,CF4,4,997466,21781.242,171628,6463969713763470983,0x3fb4a3d8
GIST,CF4,4,522760,20375.348,150559,3458506985099854542,0x3fb4a3d8
GIST,CF4,4,134930,20044.363,269,11022067387796225111,0x3fb4a3d8
GIST,CF4,4,786964,19461.114,4537,10631416977948792920,0x3fb4a3d8
GIST,CF4,4,884325,22974.864,349201,543682768752225887,0x3fb4a3d8
GIST,CF4,4,552447,20866.171,174588,2772483950073372472,0x3fb4a3d8
GIST,CF4,4,504571,19851.889,1573,15794713272219230736,0x3fb4a3d8
GIST,CF4,4,951244,19629.955,5415,13484686832383344511,0x3fb4a3d8
GIST,CF4,4,220807,20294.621,147226,16046319097409406499,0x3fb4a3d8
GIST,CF4,4,681257,18844.452,1,11792367510721151297,0x3fb4a3d8
GIST,CF4,4,417658,19455.023,18,10725949708782130545,0x3fb4a3d8
GIST,CF4,4,266352,19193.535,12132,13375739972415901329,0x3fb4a3d8
GIST,CF4,5,584510,17936.831,1,7111464684906674828,0x3fb4a3d8
GIST,CF4,5,860467,20128.541,110513,14831659072279641336,0x3fb4a3d8
GIST,CF4,5,923923,16222.953,1,9650181218042224611,0x3fb4a3d8
GIST,CF4,5,533409,19971.245,120801,1158368764979798433,0x3fb4a3d8
GIST,CF4,5,220435,22402.571,302764,15329822199843692600,0x3fb4a3d8
GIST,CF4,5,395173,22124.456,262241,16292672578093830578,0x3fb4a3d8
GIST,CF4,5,125555,19593.089,75155,13669275240459382784,0x3fb4a3d8
GIST,CF4,5,37317,19575.117,482,9065587736478984682,0x3fb4a3d8
GIST,CF4,5,326694,19556.475,2,17855805870912985590,0x3fb4a3d8
GIST,CF4,5,408325,19512.744,1772,2815813216534820304,0x3fb4a3d8
GIST,CF4,5,928005,19603.022,1001,17371819348064928502,0x3fb4a3d8
GIST,CF4,5,636852,22103.412,324005,16982769923046401650,0x3fb4a3d8
GIST,CF4,5,565201,19695.351,6396,11264234127150399790,0x3fb4a3d8
GIST,CF4,5,416400,19518.317,5024,368749101627721021,0x3fb4a3d8
GIST,CF4,5,671950,17248.401,1,5927922487194769596,0x3fb4a3d8
GIST,CF4,5,100598,21892.739,274260,15670590569913710840,0x3fb4a3d8
GIST,CF4,5,130060,20299.734,136432,5969732168017826336,0x3fb4a3d8
GIST,CF4,5,763603,21778.654,301541,147904619539737232,0x3fb4a3d8
GIST,CF4,5,229656,19494.149,16,5218843424058757563,0x3fb4a3d8
GIST,CF4,5,854752,19678.838,794,12398274414676620556,0x3fb4a3d8
GIST,CF4,5,717147,19785.165,476,17483727490360448166,0x3fb4a3d8
GIST,CF4,5,253796,15919.38,3,3494645160661919934,0x3fb4a3d8
GIST,CF4,5,594298,19813.228,4,13409741501217839975,0x3fb4a3d8
GIST,CF4,5,802333,20463.034,146327,10595701386717585823,0x3fb4a3d8
GIST,CF4,5,907497,21534.518,252358,11185946559242699135,0x3fb4a3d8
GIST,CF4,5,970136,19700.558,43571,1768546914362820738,0x3fb4a3d8
GIST,CF4,5,472710,9991.703,1,1071764945648967332,0x3fb4a3d8
GIST,CF4,5,311434,18556.343,1,13312524340719727440,0x3fb4a3d8
GIST,CF4,5,152112,8246.536,1,16322557560223705822,0x3fb4a3d8
GIST,CF4,5,262882,19659.298,350,15552938297066695674,0x3fb4a3d8
GIST,CF4,5,706522,21077.486,217682,12361096037655865303,0x3fb4a3d8
GIST,CF4,5,832912,19536.544,32198,18328276085626311192,0x3fb4a3d8
GIST,CF4,5,303769,19401.434,17440,16329138951931766161,0x3fb4a3d8
GIST,CF4,5,223701,19752.026,5223,12110691255955863336,0x3fb4a3d8
GIST,CF4,5,809314,19502.926,2575,13833537680890479799,0x3fb4a3d8
GIST,CF4,5,831243,17955.314,1,17493799186480836747,0x3fb4a3d8
GIST,CF4,5,831746,21215.764,232210,3986705561301011554,0x3fb4a3d8
GIST,CF4,5,314373,21646.632,245446,17684901665160681817,0x3fb4a3d8
GIST,CF4,5,810800,19485.054,8735,181497579686815711,0x3fb4a3d8
GIST,CF4,5,211855,17814.248,2,15098965436855431700,0x3fb4a3d8
GIST,CF4,5,533614,19323.793,65593,5177147739743711313,0x3fb4a3d8
GIST,CF4,5,335471,20978.302,221008,9663218791444078051,0x3fb4a3d8
GIST,CF4,5,566134,19961.578,123319,11275262358537811118,0x3fb4a3d8
GIST,CF4,5,738848,22585.808,350706,12714018293197981387,0x3fb4a3d8
GIST,CF4,5,359342,19233.645,1,14883231301748386396,0x3fb4a3d8
GIST,CF4,5,965210,19425.246,464,8065290031319401403,0x3fb4a3d8
GIST,CF4,5,928413,20084.647,101193,7571004148797661265,0x3fb4a3d8
GIST,CF4,5,998782,22356.417,312168,5618084397353648138,0x3fb4a3d8
GIST,CF4,5,248373,19521.012,424,17920615215818596529,0x3fb4a3d8
GIST,CF4,5,113110,22616.887,298393,11087762445465402799,0x3fb4a3d8
GIST,CF4,5,421120,19192.54,1,9920652127043963342,0x3fb4a3d8
GIST,CF4,5,579626,19643.445,21074,8674792675435185845,0x3fb4a3d8
GIST,CF4,5,997466,21298.514,171628,6463969713763470983,0x3fb4a3d8
GIST,CF4,5,522760,20334.151,150559,3458506985099854542,0x3fb4a3d8
GIST,CF4,5,134930,20004.169,269,11022067387796225111,0x3fb4a3d8
GIST,CF4,5,786964,19457.148,4537,10631416977948792920,0x3fb4a3d8
GIST,CF4,5,884325,22476.204,349201,543682768752225887,0x3fb4a3d8
GIST,CF4,5,552447,20805.981,174588,2772483950073372472,0x3fb4a3d8
GIST,CF4,5,504571,20017.218,1573,15794713272219230736,0x3fb4a3d8
GIST,CF4,5,951244,19450.816,5415,13484686832383344511,0x3fb4a3d8
GIST,CF4,5,220807,20177.301,147226,16046319097409406499,0x3fb4a3d8
GIST,CF4,5,681257,18780.859,1,11792367510721151297,0x3fb4a3d8
GIST,CF4,5,417658,19309.132,18,10725949708782130545,0x3fb4a3d8
GIST,CF4,5,266352,19166.845,12132,13375739972415901329,0x3fb4a3d8
GIST,CF4,6,584510,17904.993,1,7111464684906674828,0x3fb4a3d8
GIST,CF4,6,860467,20123.876,110513,14831659072279641336,0x3fb4a3d8
GIST,CF4,6,923923,16168.847,1,9650181218042224611,0x3fb4a3d8
GIST,CF4,6,533409,19957.876,120801,1158368764979798433,0x3fb4a3d8
GIST,CF4,6,220435,22616.425,302764,15329822199843692600,0x3fb4a3d8
GIST,CF4,6,395173,22315.855,262241,16292672578093830578,0x3fb4a3d8
GIST,CF4,6,125555,19745.858,75155,13669275240459382784,0x3fb4a3d8
GIST,CF4,6,37317,19553.854,482,9065587736478984682,0x3fb4a3d8
GIST,CF4,6,326694,19619.193,2,17855805870912985590,0x3fb4a3d8
GIST,CF4,6,408325,19552.807,1772,2815813216534820304,0x3fb4a3d8
GIST,CF4,6,928005,19597.186,1001,17371819348064928502,0x3fb4a3d8
GIST,CF4,6,636852,22083.952,324005,16982769923046401650,0x3fb4a3d8
GIST,CF4,6,565201,19614.796,6396,11264234127150399790,0x3fb4a3d8
GIST,CF4,6,416400,19435.446,5024,368749101627721021,0x3fb4a3d8
GIST,CF4,6,671950,17193.599,1,5927922487194769596,0x3fb4a3d8
GIST,CF4,6,100598,22043.611,274260,15670590569913710840,0x3fb4a3d8
GIST,CF4,6,130060,20322.589,136432,5969732168017826336,0x3fb4a3d8
GIST,CF4,6,763603,21573.037,301541,147904619539737232,0x3fb4a3d8
GIST,CF4,6,229656,19476.062,16,5218843424058757563,0x3fb4a3d8
GIST,CF4,6,854752,19662.5,794,12398274414676620556,0x3fb4a3d8
GIST,CF4,6,717147,19720.512,476,17483727490360448166,0x3fb4a3d8
GIST,CF4,6,253796,16190.043,3,3494645160661919934,0x3fb4a3d8
GIST,CF4,6,594298,19773.877,4,13409741501217839975,0x3fb4a3d8
GIST,CF4,6,802333,20414.68,146327,10595701386717585823,0x3fb4a3d8
GIST,CF4,6,907497,21368.486,252358,11185946559242699135,0x3fb4a3d8
GIST,CF4,6,970136,19505.995,43571,1768546914362820738,0x3fb4a3d8
GIST,CF4,6,472710,10054.09,1,1071764945648967332,0x3fb4a3d8
GIST,CF4,6,311434,18693.841,1,13312524340719727440,0x3fb4a3d8
GIST,CF4,6,152112,8278.854,1,16322557560223705822,0x3fb4a3d8
GIST,CF4,6,262882,19643.96,350,15552938297066695674,0x3fb4a3d8
GIST,CF4,6,706522,21775.618,217682,12361096037655865303,0x3fb4a3d8
GIST,CF4,6,832912,19497.386,32198,18328276085626311192,0x3fb4a3d8
GIST,CF4,6,303769,19481.002,17440,16329138951931766161,0x3fb4a3d8
GIST,CF4,6,223701,19742.778,5223,12110691255955863336,0x3fb4a3d8
GIST,CF4,6,809314,19550.356,2575,13833537680890479799,0x3fb4a3d8
GIST,CF4,6,831243,17991.848,1,17493799186480836747,0x3fb4a3d8
GIST,CF4,6,831746,21165.964,232210,3986705561301011554,0x3fb4a3d8
GIST,CF4,6,314373,21656.379,245446,17684901665160681817,0x3fb4a3d8
GIST,CF4,6,810800,19454.605,8735,181497579686815711,0x3fb4a3d8
GIST,CF4,6,211855,17876.835,2,15098965436855431700,0x3fb4a3d8
GIST,CF4,6,533614,19442.142,65593,5177147739743711313,0x3fb4a3d8
GIST,CF4,6,335471,20740.535,221008,9663218791444078051,0x3fb4a3d8
GIST,CF4,6,566134,20118.845,123319,11275262358537811118,0x3fb4a3d8
GIST,CF4,6,738848,22657.325,350706,12714018293197981387,0x3fb4a3d8
GIST,CF4,6,359342,19250.793,1,14883231301748386396,0x3fb4a3d8
GIST,CF4,6,965210,19579.723,464,8065290031319401403,0x3fb4a3d8
GIST,CF4,6,928413,20077.55,101193,7571004148797661265,0x3fb4a3d8
GIST,CF4,6,998782,22466.127,312168,5618084397353648138,0x3fb4a3d8
GIST,CF4,6,248373,19542.769,424,17920615215818596529,0x3fb4a3d8
GIST,CF4,6,113110,22068.847,298393,11087762445465402799,0x3fb4a3d8
GIST,CF4,6,421120,19082.643,1,9920652127043963342,0x3fb4a3d8
GIST,CF4,6,579626,19787.452,21074,8674792675435185845,0x3fb4a3d8
GIST,CF4,6,997466,21333.302,171628,6463969713763470983,0x3fb4a3d8
GIST,CF4,6,522760,20230.018,150559,3458506985099854542,0x3fb4a3d8
GIST,CF4,6,134930,20016.643,269,11022067387796225111,0x3fb4a3d8
GIST,CF4,6,786964,19440.535,4537,10631416977948792920,0x3fb4a3d8
GIST,CF4,6,884325,22674.569,349201,543682768752225887,0x3fb4a3d8
GIST,CF4,6,552447,20676.929,174588,2772483950073372472,0x3fb4a3d8
GIST,CF4,6,504571,19902.682,1573,15794713272219230736,0x3fb4a3d8
GIST,CF4,6,951244,19571.566,5415,13484686832383344511,0x3fb4a3d8
GIST,CF4,6,220807,20406.543,147226,16046319097409406499,0x3fb4a3d8
GIST,CF4,6,681257,18857.822,1,11792367510721151297,0x3fb4a3d8
GIST,CF4,6,417658,19658.491,18,10725949708782130545,0x3fb4a3d8
GIST,CF4,6,266352,19251.934,12132,13375739972415901329,0x3fb4a3d8
GIST,TR,1,584510,24075.865,1,7111464684906674828,0x3fb4a3d8
GIST,TR,1,860467,30068.828,110513,14831659072279641336,0x3fb4a3d8
GIST,TR,1,923923,20827.851,1,9650181218042224611,0x3fb4a3d8
GIST,TR,1,533409,30034.087,120801,1158368764979798433,0x3fb4a3d8
GIST,TR,1,220435,30400.715,302764,15329822199843692600,0x3fb4a3d8
GIST,TR,1,395173,29873.223,262241,16292672578093830578,0x3fb4a3d8
GIST,TR,1,125555,29523.192,75155,13669275240459382784,0x3fb4a3d8
GIST,TR,1,37317,27156.173,482,9065587736478984682,0x3fb4a3d8
GIST,TR,1,326694,26483.538,2,17855805870912985590,0x3fb4a3d8
GIST,TR,1,408325,27887.028,1772,2815813216534820304,0x3fb4a3d8
GIST,TR,1,928005,27920.945,1001,17371819348064928502,0x3fb4a3d8
GIST,TR,1,636852,30449.073,324005,16982769923046401650,0x3fb4a3d8
GIST,TR,1,565201,28623.09,6396,11264234127150399790,0x3fb4a3d8
GIST,TR,1,416400,28265.069,5024,368749101627721021,0x3fb4a3d8
GIST,TR,1,671950,21870.664,1,5927922487194769596,0x3fb4a3d8
GIST,TR,1,100598,29618.176,274260,15670590569913710840,0x3fb4a3d8
GIST,TR,1,130060,29931.078,136432,5969732168017826336,0x3fb4a3d8
GIST,TR,1,763603,30218.416,301541,147904619539737232,0x3fb4a3d8
GIST,TR,1,229656,26519.485,16,5218843424058757563,0x3fb4a3d8
GIST,TR,1,854752,27569.147,794,12398274414676620556,0x3fb4a3d8
GIST,TR,1,717147,27568.317,476,17483727490360448166,0x3fb4a3d8
GIST,TR,1,253796,20639.389,3,3494645160661919934,0x3fb4a3d8
GIST,TR,1,594298,26877.446,4,13409741501217839975,0x3fb4a3d8
GIST,TR,1,802333,29929.524,146327,10595701386717585823,0x3fb4a3d8
GIST,TR,1,907497,30331.447,252358,11185946559242699135,0x3fb4a3d8
GIST,TR,1,970136,29258.246,43571,1768546914362820738,0x3fb4a3d8
GIST,TR,1,472710,12675.244,1,1071764945648967332,0x3fb4a3d8
GIST,TR,1,311434,24940.658,1,13312524340719727440,0x3fb4a3d8
GIST,TR,1,152112,10574.876,1,16322557560223705822,0x3fb4a3d8
GIST,TR,1,262882,27057.451,350,15552938297066695674,0x3fb4a3d8
GIST,TR,1,706522,29014.496,217682,12361096037655865303,0x3fb4a3d8
GIST,TR,1,832912,29179.232,32198,18328276085626311192,0x3fb4a3d8
GIST,TR,1,303769,29233.159,17440,16329138951931766161,0x3fb4a3d8
GIST,TR,1,223701,28468.287,5223,12110691255955863336,0x3fb4a3d8
GIST,TR,1,809314,28379.439,2575,13833537680890479799,0x3fb4a3d8
GIST,TR,1,831243,24006.783,1,17493799186480836747,0x3fb4a3d8
GIST,TR,1,831746,30375.84,232210,3986705561301011554,0x3fb4a3d8
GIST,TR,1,314373,30005.459,245446,17684901665160681817,0x3fb4a3d8
GIST,TR,1,810800,28710.484,8735,181497579686815711,0x3fb4a3d8
GIST,TR,1,211855,23902.66,2,15098965436855431700,0x3fb4a3d8
GIST,TR,1,533614,29563.101,65593,5177147739743711313,0x3fb4a3d8
GIST,TR,1,335471,30472.758,221008,9663218791444078051,0x3fb4a3d8
GIST,TR,1,566134,29961.921,123319,11275262358537811118,0x3fb4a3d8
GIST,TR,1,738848,30532.788,350706,12714018293197981387,0x3fb4a3d8
GIST,TR,1,359342,25821.082,1,14883231301748386396,0x3fb4a3d8
GIST,TR,1,965210,27006.233,464,8065290031319401403,0x3fb4a3d8
GIST,TR,1,928413,30090.78,101193,7571004148797661265,0x3fb4a3d8
GIST,TR,1,998782,30398.135,312168,5618084397353648138,0x3fb4a3d8
GIST,TR,1,248373,27176.891,424,17920615215818596529,0x3fb4a3d8
GIST,TR,1,113110,30064.141,298393,11087762445465402799,0x3fb4a3d8
GIST,TR,1,421120,25373.876,1,9920652127043963342,0x3fb4a3d8
GIST,TR,1,579626,28945.557,21074,8674792675435185845,0x3fb4a3d8
GIST,TR,1,997466,29742.603,171628,6463969713763470983,0x3fb4a3d8
GIST,TR,1,522760,30185.152,150559,3458506985099854542,0x3fb4a3d8
GIST,TR,1,134930,27631.612,269,11022067387796225111,0x3fb4a3d8
GIST,TR,1,786964,28599.305,4537,10631416977948792920,0x3fb4a3d8
GIST,TR,1,884325,30046.331,349201,543682768752225887,0x3fb4a3d8
GIST,TR,1,552447,30197.647,174588,2772483950073372472,0x3fb4a3d8
GIST,TR,1,504571,27935.909,1573,15794713272219230736,0x3fb4a3d8
GIST,TR,1,951244,28271.122,5415,13484686832383344511,0x3fb4a3d8
GIST,TR,1,220807,29725.554,147226,16046319097409406499,0x3fb4a3d8
GIST,TR,1,681257,25019.386,1,11792367510721151297,0x3fb4a3d8
GIST,TR,1,417658,26140.889,18,10725949708782130545,0x3fb4a3d8
GIST,TR,1,266352,28625.25,12132,13375739972415901329,0x3fb4a3d8
GIST,TR,2,584510,24109.26,1,7111464684906674828,0x3fb4a3d8
GIST,TR,2,860467,30083.145,110513,14831659072279641336,0x3fb4a3d8
GIST,TR,2,923923,20816.432,1,9650181218042224611,0x3fb4a3d8
GIST,TR,2,533409,30038.739,120801,1158368764979798433,0x3fb4a3d8
GIST,TR,2,220435,30423.8,302764,15329822199843692600,0x3fb4a3d8
GIST,TR,2,395173,29881.073,262241,16292672578093830578,0x3fb4a3d8
GIST,TR,2,125555,29517.657,75155,13669275240459382784,0x3fb4a3d8
GIST,TR,2,37317,27175.463,482,9065587736478984682,0x3fb4a3d8
GIST,TR,2,326694,26471.5,2,17855805870912985590,0x3fb4a3d8
GIST,TR,2,408325,27906.471,1772,2815813216534820304,0x3fb4a3d8
GIST,TR,2,928005,27938.393,1001,17371819348064928502,0x3fb4a3d8
GIST,TR,2,636852,30436.909,324005,16982769923046401650,0x3fb4a3d8
GIST,TR,2,565201,28611.797,6396,11264234127150399790,0x3fb4a3d8
GIST,TR,2,416400,28226.917,5024,368749101627721021,0x3fb4a3d8
GIST,TR,2,671950,21879.335,1,5927922487194769596,0x3fb4a3d8
GIST,TR,2,100598,29619.985,274260,15670590569913710840,0x3fb4a3d8
GIST,TR,2,130060,29939.239,136432,5969732168017826336,0x3fb4a3d8
GIST,TR,2,763603,30229.434,301541,147904619539737232,0x3fb4a3d8
GIST,TR,2,229656,26526.394,16,5218843424058757563,0x3fb4a3d8
GIST,TR,2,854752,27569.631,794,12398274414676620556,0x3fb4a3d8
GIST,TR,2,717147,27580.724,476,17483727490360448166,0x3fb4a3d8
GIST,TR,2,253796,20665.731,3,3494645160661919934,0x3fb4a3d8
GIST,TR,2,594298,26876.245,4,13409741501217839975,0x3fb4a3d8
GIST,TR,2,802333,29918.878,146327,10595701386717585823,0x3fb4a3d8
GIST,TR,2,907497,30340.855,252358,11185946559242699135,0x3fb4a3d8
GIST,TR,2,970136,29240.43,43571,1768546914362820738,0x3fb4a3d8
GIST,TR,2,472710,12690.93,1,1071764945648967332,0x3fb4a3d8
GIST,TR,2,311434,24940.907,1,13312524340719727440,0x3fb4a3d8
GIST,TR,2,152112,10609.239,1,16322557560223705822,0x3fb4a3d8
GIST,TR,2,262882,27054.684,350,15552938297066695674,0x3fb4a3d8
GIST,TR,2,706522,29017.288,217682,12361096037655865303,0x3fb4a3d8
GIST,TR,2,832912,29185.559,32198,18328276085626311192,0x3fb4a3d8
GIST,TR,2,303769,29222.642,17440,16329138951931766161,0x3fb4a3d8
GIST,TR,2,223701,28441.613,5223,12110691255955863336,0x3fb4a3d8
GIST,TR,2,809314,28364.159,2575,13833537680890479799,0x3fb4a3d8
GIST,TR,2,831243,24005.097,1,17493799186480836747,0x3fb4a3d8
GIST,TR,2,831746,30410.187,232210,3986705561301011554,0x3fb4a3d8
GIST,TR,2,314373,30031.193,245446,17684901665160681817,0x3fb4a3d8
GIST,TR,2,810800,28699.626,8735,181497579686815711,0x3fb4a3d8
GIST,TR,2,211855,23898.983,2,15098965436855431700,0x3fb4a3d8
GIST,TR,2,533614,29576.511,65593,5177147739743711313,0x3fb4a3d8
GIST,TR,2,335471,30472.78,221008,9663218791444078051,0x3fb4a3d8
GIST,TR,2,566134,29968.425,123319,11275262358537811118,0x3fb4a3d8
GIST,TR,2,738848,30566.506,350706,12714018293197981387,0x3fb4a3d8
GIST,TR,2,359342,25815.58,1,14883231301748386396,0x3fb4a3d8
GIST,TR,2,965210,27026.771,464,8065290031319401403,0x3fb4a3d8
GIST,TR,2,928413,30098.63,101193,7571004148797661265,0x3fb4a3d8
GIST,TR,2,998782,30405.552,312168,5618084397353648138,0x3fb4a3d8
GIST,TR,2,248373,27160.197,424,17920615215818596529,0x3fb4a3d8
GIST,TR,2,113110,30062.734,298393,11087762445465402799,0x3fb4a3d8
GIST,TR,2,421120,25391.42,1,9920652127043963342,0x3fb4a3d8
GIST,TR,2,579626,28955.098,21074,8674792675435185845,0x3fb4a3d8
GIST,TR,2,997466,29754.497,171628,6463969713763470983,0x3fb4a3d8
GIST,TR,2,522760,30182.966,150559,3458506985099854542,0x3fb4a3d8
GIST,TR,2,134930,27648.393,269,11022067387796225111,0x3fb4a3d8
GIST,TR,2,786964,28620.462,4537,10631416977948792920,0x3fb4a3d8
GIST,TR,2,884325,30041.423,349201,543682768752225887,0x3fb4a3d8
GIST,TR,2,552447,30216.923,174588,2772483950073372472,0x3fb4a3d8
GIST,TR,2,504571,27952.787,1573,15794713272219230736,0x3fb4a3d8
GIST,TR,2,951244,28285.639,5415,13484686832383344511,0x3fb4a3d8
GIST,TR,2,220807,29695.815,147226,16046319097409406499,0x3fb4a3d8
GIST,TR,2,681257,25033.738,1,11792367510721151297,0x3fb4a3d8
GIST,TR,2,417658,26170.751,18,10725949708782130545,0x3fb4a3d8
GIST,TR,2,266352,28630.783,12132,13375739972415901329,0x3fb4a3d8
GIST,TR,3,584510,24073.381,1,7111464684906674828,0x3fb4a3d8
GIST,TR,3,860467,30191.978,110513,14831659072279641336,0x3fb4a3d8
GIST,TR,3,923923,20788.535,1,9650181218042224611,0x3fb4a3d8
GIST,TR,3,533409,30016.119,120801,1158368764979798433,0x3fb4a3d8
GIST,TR,3,220435,30385.243,302764,15329822199843692600,0x3fb4a3d8
GIST,TR,3,395173,29883.923,262241,16292672578093830578,0x3fb4a3d8
GIST,TR,3,125555,29520.623,75155,13669275240459382784,0x3fb4a3d8
GIST,TR,3,37317,27150.731,482,9065587736478984682,0x3fb4a3d8
GIST,TR,3,326694,26463.849,2,17855805870912985590,0x3fb4a3d8
GIST,TR,3,408325,27877.98,1772,2815813216534820304,0x3fb4a3d8
GIST,TR,3,928005,27904.567,1001,17371819348064928502,0x3fb4a3d8
GIST,TR,3,636852,30432.698,324005,16982769923046401650,0x3fb4a3d8
GIST,TR,3,565201,28579.98,6396,11264234127150399790,0x3fb4a3d8
GIST,TR,3,416400,28246.511,5024,368749101627721021,0x3fb4a3d8
GIST,TR,3,671950,21867.964,1,5927922487194769596,0x3fb4a3d8
GIST,TR,3,100598,29599.53,274260,15670590569913710840,0x3fb4a3d8
GIST,TR,3,130060,29926.472,136432,5969732168017826336,0x3fb4a3d8
GIST,TR,3,763603,30225.607,301541,147904619539737232,0x3fb4a3d8
GIST,TR,3,229656,26521.924,16,5218843424058757563,0x3fb4a3d8
GIST,TR,3,854752,27564.261,794,12398274414676620556,0x3fb4a3d8
GIST,TR,3,717147,27623.297,476,17483727490360448166,0x3fb4a3d8
GIST,TR,3,253796,20613.05,3,3494645160661919934,0x3fb4a3d8
GIST,TR,3,594298,26900.487,4,13409741501217839975,0x3fb4a3d8
GIST,TR,3,802333,29909.606,146327,10595701386717585823,0x3fb4a3d8
GIST,TR,3,907497,30309.805,252358,11185946559242699135,0x3fb4a3d8
GIST,TR,3,970136,29249.295,43571,1768546914362820738,0x3fb4a3d8
GIST,TR,3,472710,12654.395,1,1071764945648967332,0x3fb4a3d8
GIST,TR,3,311434,24924.276,1,13312524340719727440,0x3fb4a3d8
GIST,TR,3,152112,10547.446,1,16322557560223705822,0x3fb4a3d8
GIST,TR,3,262882,27035.4,350,15552938297066695674,0x3fb4a3d8
GIST,TR,3,706522,28991.873,217682,12361096037655865303,0x3fb4a3d8
GIST,TR,3,832912,29137.675,32198,18328276085626311192,0x3fb4a3d8
GIST,TR,3,303769,29210.97,17440,16329138951931766161,0x3fb4a3d8
GIST,TR,3,223701,28420.499,5223,12110691255955863336,0x3fb4a3d8
GIST,TR,3,809314,28349.002,2575,13833537680890479799,0x3fb4a3d8
GIST,TR,3,831243,23965.666,1,17493799186480836747,0x3fb4a3d8
GIST,TR,3,831746,30333.843,232210,3986705561301011554,0x3fb4a3d8
GIST,TR,3,314373,29978.306,245446,17684901665160681817,0x3fb4a3d8
GIST,TR,3,810800,28672.422,8735,181497579686815711,0x3fb4a3d8
GIST,TR,3,211855,23876.771,2,15098965436855431700,0x3fb4a3d8
GIST,TR,3,533614,29553.026,65593,5177147739743711313,0x3fb4a3d8
GIST,TR,3,335471,30432.283,221008,9663218791444078051,0x3fb4a3d8
GIST,TR,3,566134,29909.524,123319,11275262358537811118,0x3fb4a3d8
GIST,TR,3,738848,30498.152,350706,12714018293197981387,0x3fb4a3d8
GIST,TR,3,359342,25750.938,1,14883231301748386396,0x3fb4a3d8
GIST,TR,3,965210,26947.142,464,8065290031319401403,0x3fb4a3d8
GIST,TR,3,928413,30041.107,101193,7571004148797661265,0x3fb4a3d8
GIST,TR,3,998782,30339,312168,5618084397353648138,0x3fb4a3d8
GIST,TR,3,248373,27141.734,424,17920615215818596529,0x3fb4a3d8
GIST,TR,3,113110,30013.202,298393,11087762445465402799,0x3fb4a3d8
GIST,TR,3,421120,25305.516,1,9920652127043963342,0x3fb4a3d8
GIST,TR,3,579626,28845.823,21074,8674792675435185845,0x3fb4a3d8
GIST,TR,3,997466,29664.186,171628,6463969713763470983,0x3fb4a3d8
GIST,TR,3,522760,30086.987,150559,3458506985099854542,0x3fb4a3d8
GIST,TR,3,134930,27541.543,269,11022067387796225111,0x3fb4a3d8
GIST,TR,3,786964,28505.314,4537,10631416977948792920,0x3fb4a3d8
GIST,TR,3,884325,29962.195,349201,543682768752225887,0x3fb4a3d8
GIST,TR,3,552447,30120.296,174588,2772483950073372472,0x3fb4a3d8
GIST,TR,3,504571,27859.415,1573,15794713272219230736,0x3fb4a3d8
GIST,TR,3,951244,28190.209,5415,13484686832383344511,0x3fb4a3d8
GIST,TR,3,220807,29619.771,147226,16046319097409406499,0x3fb4a3d8
GIST,TR,3,681257,24945.41,1,11792367510721151297,0x3fb4a3d8
GIST,TR,3,417658,26060.782,18,10725949708782130545,0x3fb4a3d8
GIST,TR,3,266352,28517.283,12132,13375739972415901329,0x3fb4a3d8
GIST,TR,4,584510,24102.511,1,7111464684906674828,0x3fb4a3d8
GIST,TR,4,860467,30098.969,110513,14831659072279641336,0x3fb4a3d8
GIST,TR,4,923923,20828.566,1,9650181218042224611,0x3fb4a3d8
GIST,TR,4,533409,30053.658,120801,1158368764979798433,0x3fb4a3d8
GIST,TR,4,220435,30418.565,302764,15329822199843692600,0x3fb4a3d8
GIST,TR,4,395173,29867.931,262241,16292672578093830578,0x3fb4a3d8
GIST,TR,4,125555,29509.592,75155,13669275240459382784,0x3fb4a3d8
GIST,TR,4,37317,27172.695,482,9065587736478984682,0x3fb4a3d8
GIST,TR,4,326694,26506.521,2,17855805870912985590,0x3fb4a3d8
GIST,TR,4,408325,27849.768,1772,2815813216534820304,0x3fb4a3d8
GIST,TR,4,928005,27935.902,1001,17371819348064928502,0x3fb4a3d8
GIST,TR,4,636852,30482.134,324005,16982769923046401650,0x3fb4a3d8
GIST,TR,4,565201,28689.638,6396,11264234127150399790,0x3fb4a3d8
GIST,TR,4,416400,28268.264,5024,368749101627721021,0x3fb4a3d8
GIST,TR,4,671950,21870.002,1,5927922487194769596,0x3fb4a3d8
GIST,TR,4,100598,29627.422,274260,15670590569913710840,0x3fb4a3d8
GIST,TR,4,130060,29964.595,136432,5969732168017826336,0x3fb4a3d8
GIST,TR,4,763603,30215.098,301541,147904619539737232,0x3fb4a3d8
GIST,TR,4,229656,26520.909,16,5218843424058757563,0x3fb4a3d8
GIST,TR,4,854752,27551.108,794,12398274414676620556,0x3fb4a3d8
GIST,TR,4,717147,27666.333,476,17483727490360448166,0x3fb4a3d8
GIST,TR,4,253796,20668.407,3,3494645160661919934,0x3fb4a3d8
GIST,TR,4,594298,26875.144,4,13409741501217839975,0x3fb4a3d8
GIST,TR,4,802333,29980.604,146327,10595701386717585823,0x3fb4a3d8
GIST,TR,4,907497,30337.01,252358,11185946559242699135,0x3fb4a3d8
GIST,TR,4,970136,29233.789,43571,1768546914362820738,0x3fb4a3d8
GIST,TR,4,472710,12790.01,1,1071764945648967332,0x3fb4a3d8
GIST,TR,4,311434,24965.508,1,13312524340719727440,0x3fb4a3d8
GIST,TR,4,152112,10566.206,1,16322557560223705822,0x3fb4a3d8
GIST,TR,4,262882,27047.967,350,15552938297066695674,0x3fb4a3d8
GIST,TR,4,706522,29011.097,217682,12361096037655865303,0x3fb4a3d8
GIST,TR,4,832912,29175.137,32198,18328276085626311192,0x3fb4a3d8
GIST,TR,4,303769,29206.638,17440,16329138951931766161,0x3fb4a3d8
GIST,TR,4,223701,28475.711,5223,12110691255955863336,0x3fb4a3d8
GIST,TR,4,809314,28366.141,2575,13833537680890479799,0x3fb4a3d8
GIST,TR,4,831243,24002.863,1,17493799186480836747,0x3fb4a3d8
GIST,TR,4,831746,30370.425,232210,3986705561301011554,0x3fb4a3d8
GIST,TR,4,314373,30041.767,245446,17684901665160681817,0x3fb4a3d8
GIST,TR,4,810800,28703.187,8735,181497579686815711,0x3fb4a3d8
GIST,TR,4,211855,23888.738,2,15098965436855431700,0x3fb4a3d8
GIST,TR,4,533614,29701.471,65593,5177147739743711313,0x3fb4a3d8
GIST,TR,4,335471,30462.841,221008,9663218791444078051,0x3fb4a3d8
GIST,TR,4,566134,29946.603,123319,11275262358537811118,0x3fb4a3d8
GIST,TR,4,738848,30528.434,350706,12714018293197981387,0x3fb4a3d8
GIST,TR,4,359342,25809.355,1,14883231301748386396,0x3fb4a3d8
GIST,TR,4,965210,26997.021,464,8065290031319401403,0x3fb4a3d8
GIST,TR,4,928413,30080.124,101193,7571004148797661265,0x3fb4a3d8
GIST,TR,4,998782,30387.087,312168,5618084397353648138,0x3fb4a3d8
GIST,TR,4,248373,27163.846,424,17920615215818596529,0x3fb4a3d8
GIST,TR,4,113110,30059.613,298393,11087762445465402799,0x3fb4a3d8
GIST,TR,4,421120,25389.808,1,9920652127043963342,0x3fb4a3d8
GIST,TR,4,579626,28904.366,21074,8674792675435185845,0x3fb4a3d8
GIST,TR,4,997466,29730.361,171628,6463969713763470983,0x3fb4a3d8
GIST,TR,4,522760,30179.558,150559,3458506985099854542,0x3fb4a3d8
GIST,TR,4,134930,27624.058,269,11022067387796225111,0x3fb4a3d8
GIST,TR,4,786964,28597.251,4537,10631416977948792920,0x3fb4a3d8
GIST,TR,4,884325,30042.947,349201,543682768752225887,0x3fb4a3d8
GIST,TR,4,552447,30177.826,174588,2772483950073372472,0x3fb4a3d8
GIST,TR,4,504571,27923.853,1573,15794713272219230736,0x3fb4a3d8
GIST,TR,4,951244,28250.367,5415,13484686832383344511,0x3fb4a3d8
GIST,TR,4,220807,29722.407,147226,16046319097409406499,0x3fb4a3d8
GIST,TR,4,681257,25023.122,1,11792367510721151297,0x3fb4a3d8
GIST,TR,4,417658,26139.201,18,10725949708782130545,0x3fb4a3d8
GIST,TR,4,266352,28606.045,12132,13375739972415901329,0x3fb4a3d8
GIST,TR,5,584510,24048.145,1,7111464684906674828,0x3fb4a3d8
GIST,TR,5,860467,30040.215,110513,14831659072279641336,0x3fb4a3d8
GIST,TR,5,923923,20780.829,1,9650181218042224611,0x3fb4a3d8
GIST,TR,5,533409,30011.31,120801,1158368764979798433,0x3fb4a3d8
GIST,TR,5,220435,30364.347,302764,15329822199843692600,0x3fb4a3d8
GIST,TR,5,395173,29833.351,262241,16292672578093830578,0x3fb4a3d8
GIST,TR,5,125555,29461.204,75155,13669275240459382784,0x3fb4a3d8
GIST,TR,5,37317,27127.954,482,9065587736478984682,0x3fb4a3d8
GIST,TR,5,326694,26446.485,2,17855805870912985590,0x3fb4a3d8
GIST,TR,5,408325,27860.619,1772,2815813216534820304,0x3fb4a3d8
GIST,TR,5,928005,27882.127,1001,17371819348064928502,0x3fb4a3d8
GIST,TR,5,636852,30424.2,324005,16982769923046401650,0x3fb4a3d8
GIST,TR,5,565201,28572.62,6396,11264234127150399790,0x3fb4a3d8
GIST,TR,5,416400,28219.656,5024,368749101627721021,0x3fb4a3d8
GIST,TR,5,671950,21830.155,1,5927922487194769596,0x3fb4a3d8
GIST,TR,5,100598,29564.009,274260,15670590569913710840,0x3fb4a3d8
GIST,TR,5,130060,29908.827,136432,5969732168017826336,0x3fb4a3d8
GIST,TR,5,763603,30158.528,301541,147904619539737232,0x3fb4a3d8
GIST,TR,5,229656,26479.67,16,5218843424058757563,0x3fb4a3d8
GIST,TR,5,854752,27486.773,794,12398274414676620556,0x3fb4a3d8
GIST,TR,5,717147,27546.359,476,17483727490360448166,0x3fb4a3d8
GIST,TR,5,253796,20588.935,3,3494645160661919934,0x3fb4a3d8
GIST,TR,5,594298,26813.706,4,13409741501217839975,0x3fb4a3d8
GIST,TR,5,802333,29880.91,146327,10595701386717585823,0x3fb4a3d8
GIST,TR,5,907497,30276.698,252358,11185946559242699135,0x3fb4a3d8
GIST,TR,5,970136,29206.128,43571,1768546914362820738,0x3fb4a3d8
GIST,TR,5,472710,12624.196,1,1071764945648967332,0x3fb4a3d8
GIST,TR,5,311434,24920.87,1,13312524340719727440,0x3fb4a3d8
GIST,TR,5,152112,10514.381,1,16322557560223705822,0x3fb4a3d8
GIST,TR,5,262882,27002.915,350,15552938297066695674,0x3fb4a3d8
GIST,TR,5,706522,28977.181,217682,12361096037655865303,0x3fb4a3d8
GIST,TR,5,832912,29112.252,32198,18328276085626311192,0x3fb4a3d8
GIST,TR,5,303769,29197.536,17440,16329138951931766161,0x3fb4a3d8
GIST,TR,5,223701,28368.083,5223,12110691255955863336,0x3fb4a3d8
GIST,TR,5,809314,28310.763,2575,13833537680890479799,0x3fb4a3d8
GIST,TR,5,831243,23939.77,1,17493799186480836747,0x3fb4a3d8
GIST,TR,5,831746,30343.092,232210,3986705561301011554,0x3fb4a3d8
GIST,TR,5,314373,29946.177,245446,17684901665160681817,0x3fb4a3d8
GIST,TR,5,810800,28658.822,8735,181497579686815711,0x3fb4a3d8
GIST,TR,5,211855,23857.767,2,15098965436855431700,0x3fb4a3d8
GIST,TR,5,533614,29540.413,65593,5177147739743711313,0x3fb4a3d8
GIST,TR,5,335471,30436.744,221008,9663218791444078051,0x3fb4a3d8
GIST,TR,5,566134,29931.737,123319,11275262358537811118,0x3fb4a3d8
GIST,TR,5,738848,30518.752,350706,12714018293197981387,0x3fb4a3d8
GIST,TR,5,359342,25769.517,1,14883231301748386396,0x3fb4a3d8
GIST,TR,5,965210,26997.698,464,8065290031319401403,0x3fb4a3d8
GIST,TR,5,928413,30038.179,101193,7571004148797661265,0x3fb4a3d8
GIST,TR,5,998782,30340.155,312168,5618084397353648138,0x3fb4a3d8
GIST,TR,5,248373,27127.168,424,17920615215818596529,0x3fb4a3d8
GIST,TR,5,113110,29991.212,298393,11087762445465402799,0x3fb4a3d8
GIST,TR,5,421120,25310.442,1,9920652127043963342,0x3fb4a3d8
GIST,TR,5,579626,28927.963,21074,8674792675435185845,0x3fb4a3d8
GIST,TR,5,997466,29720.726,171628,6463969713763470983,0x3fb4a3d8
GIST,TR,5,522760,30106.015,150559,3458506985099854542,0x3fb4a3d8
GIST,TR,5,134930,27581.47,269,11022067387796225111,0x3fb4a3d8
GIST,TR,5,786964,28560.531,4537,10631416977948792920,0x3fb4a3d8
GIST,TR,5,884325,30012.4,349201,543682768752225887,0x3fb4a3d8
GIST,TR,5,552447,30152.668,174588,2772483950073372472,0x3fb4a3d8
GIST,TR,5,504571,27908.358,1573,15794713272219230736,0x3fb4a3d8
GIST,TR,5,951244,28216.129,5415,13484686832383344511,0x3fb4a3d8
GIST,TR,5,220807,29658.679,147226,16046319097409406499,0x3fb4a3d8
GIST,TR,5,681257,24993.097,1,11792367510721151297,0x3fb4a3d8
GIST,TR,5,417658,26118.653,18,10725949708782130545,0x3fb4a3d8
GIST,TR,5,266352,28570.035,12132,13375739972415901329,0x3fb4a3d8
GIST,TR,6,584510,24155.75,1,7111464684906674828,0x3fb4a3d8
GIST,TR,6,860467,30077.696,110513,14831659072279641336,0x3fb4a3d8
GIST,TR,6,923923,20805.858,1,9650181218042224611,0x3fb4a3d8
GIST,TR,6,533409,30061.948,120801,1158368764979798433,0x3fb4a3d8
GIST,TR,6,220435,30397.271,302764,15329822199843692600,0x3fb4a3d8
GIST,TR,6,395173,29888.847,262241,16292672578093830578,0x3fb4a3d8
GIST,TR,6,125555,29519.809,75155,13669275240459382784,0x3fb4a3d8
GIST,TR,6,37317,27178.868,482,9065587736478984682,0x3fb4a3d8
GIST,TR,6,326694,26492.877,2,17855805870912985590,0x3fb4a3d8
GIST,TR,6,408325,27892.033,1772,2815813216534820304,0x3fb4a3d8
GIST,TR,6,928005,27952.665,1001,17371819348064928502,0x3fb4a3d8
GIST,TR,6,636852,30460.666,324005,16982769923046401650,0x3fb4a3d8
GIST,TR,6,565201,28591.353,6396,11264234127150399790,0x3fb4a3d8
GIST,TR,6,416400,28312.53,5024,368749101627721021,0x3fb4a3d8
GIST,TR,6,671950,21866.666,1,5927922487194769596,0x3fb4a3d8
GIST,TR,6,100598,29622.898,274260,15670590569913710840,0x3fb4a3d8
GIST,TR,6,130060,29910.676,136432,5969732168017826336,0x3fb4a3d8
GIST,TR,6,763603,30205.803,301541,147904619539737232,0x3fb4a3d8
GIST,TR,6,229656,26523.128,16,5218843424058757563,0x3fb4a3d8
GIST,TR,6,854752,27553.377,794,12398274414676620556,0x3fb4a3d8
GIST,TR,6,717147,27597.6,476,17483727490360448166,0x3fb4a3d8
GIST,TR,6,253796,20617.949,3,3494645160661919934,0x3fb4a3d8
GIST,TR,6,594298,26880.547,4,13409741501217839975,0x3fb4a3d8
GIST,TR,6,802333,29911.657,146327,10595701386717585823,0x3fb4a3d8
GIST,TR,6,907497,30323.143,252358,11185946559242699135,0x3fb4a3d8
GIST,TR,6,970136,29241.547,43571,1768546914362820738,0x3fb4a3d8
GIST,TR,6,472710,12660.154,1,1071764945648967332,0x3fb4a3d8
GIST,TR,6,311434,24994.238,1,13312524340719727440,0x3fb4a3d8
GIST,TR,6,152112,10599.463,1,16322557560223705822,0x3fb4a3d8
GIST,TR,6,262882,27049.816,350,15552938297066695674,0x3fb4a3d8
GIST,TR,6,706522,29000.076,217682,12361096037655865303,0x3fb4a3d8
GIST,TR,6,832912,29158.716,32198,18328276085626311192,0x3fb4a3d8
GIST,TR,6,303769,29217.171,17440,16329138951931766161,0x3fb4a3d8
GIST,TR,6,223701,28461.378,5223,12110691255955863336,0x3fb4a3d8
GIST,TR,6,809314,28356.296,2575,13833537680890479799,0x3fb4a3d8
GIST,TR,6,831243,23979.283,1,17493799186480836747,0x3fb4a3d8
GIST,TR,6,831746,30375.658,232210,3986705561301011554,0x3fb4a3d8
GIST,TR,6,314373,30004.657,245446,17684901665160681817,0x3fb4a3d8
GIST,TR,6,810800,28786.198,8735,181497579686815711,0x3fb4a3d8
GIST,TR,6,211855,23897.951,2,15098965436855431700,0x3fb4a3d8
GIST,TR,6,533614,29580.979,65593,5177147739743711313,0x3fb4a3d8
GIST,TR,6,335471,30521.57,221008,9663218791444078051,0x3fb4a3d8
GIST,TR,6,566134,29957.443,123319,11275262358537811118,0x3fb4a3d8
GIST,TR,6,738848,30545.14,350706,12714018293197981387,0x3fb4a3d8
GIST,TR,6,359342,25801.658,1,14883231301748386396,0x3fb4a3d8
GIST,TR,6,965210,27001.996,464,8065290031319401403,0x3fb4a3d8
GIST,TR,6,928413,30069.801,101193,7571004148797661265,0x3fb4a3d8
GIST,TR,6,998782,30387.3,312168,5618084397353648138,0x3fb4a3d8
GIST,TR,6,248373,27121.104,424,17920615215818596529,0x3fb4a3d8
GIST,TR,6,113110,30043.304,298393,11087762445465402799,0x3fb4a3d8
GIST,TR,6,421120,25360.057,1,9920652127043963342,0x3fb4a3d8
GIST,TR,6,579626,28954.003,21074,8674792675435185845,0x3fb4a3d8
GIST,TR,6,997466,29724.405,171628,6463969713763470983,0x3fb4a3d8
GIST,TR,6,522760,30172.1,150559,3458506985099854542,0x3fb4a3d8
GIST,TR,6,134930,27648.741,269,11022067387796225111,0x3fb4a3d8
GIST,TR,6,786964,28611.026,4537,10631416977948792920,0x3fb4a3d8
GIST,TR,6,884325,30054.918,349201,543682768752225887,0x3fb4a3d8
GIST,TR,6,552447,30192.376,174588,2772483950073372472,0x3fb4a3d8
GIST,TR,6,504571,27937.983,1573,15794713272219230736,0x3fb4a3d8
GIST,TR,6,951244,28244.853,5415,13484686832383344511,0x3fb4a3d8
GIST,TR,6,220807,29680.578,147226,16046319097409406499,0x3fb4a3d8
GIST,TR,6,681257,25025.847,1,11792367510721151297,0x3fb4a3d8
GIST,TR,6,417658,26137.852,18,10725949708782130545,0x3fb4a3d8
GIST,TR,6,266352,28610.302,12132,13375739972415901329,0x3fb4a3d8
GIST,TF,1,584510,13858.296,1,7111464684906674828,0x3fb4a3d8
GIST,TF,1,860467,21447.308,110513,14831659072279641336,0x3fb4a3d8
GIST,TF,1,923923,11935.307,1,9650181218042224611,0x3fb4a3d8
GIST,TF,1,533409,21818.487,120801,1158368764979798433,0x3fb4a3d8
GIST,TF,1,220435,24167.293,302764,15329822199843692600,0x3fb4a3d8
GIST,TF,1,395173,22902.28,262241,16292672578093830578,0x3fb4a3d8
GIST,TF,1,125555,20370.644,75155,13669275240459382784,0x3fb4a3d8
GIST,TF,1,37317,15791.059,482,9065587736478984682,0x3fb4a3d8
GIST,TF,1,326694,15213.559,2,17855805870912985590,0x3fb4a3d8
GIST,TF,1,408325,16414.601,1772,2815813216534820304,0x3fb4a3d8
GIST,TF,1,928005,16275.751,1001,17371819348064928502,0x3fb4a3d8
GIST,TF,1,636852,25311.608,324005,16982769923046401650,0x3fb4a3d8
GIST,TF,1,565201,17166.994,6396,11264234127150399790,0x3fb4a3d8
GIST,TF,1,416400,16989.335,5024,368749101627721021,0x3fb4a3d8
GIST,TF,1,671950,12570.297,1,5927922487194769596,0x3fb4a3d8
GIST,TF,1,100598,22839.515,274260,15670590569913710840,0x3fb4a3d8
GIST,TF,1,130060,21731.29,136432,5969732168017826336,0x3fb4a3d8
GIST,TF,1,763603,24606.604,301541,147904619539737232,0x3fb4a3d8
GIST,TF,1,229656,15250.011,16,5218843424058757563,0x3fb4a3d8
GIST,TF,1,854752,16033.208,794,12398274414676620556,0x3fb4a3d8
GIST,TF,1,717147,16031.211,476,17483727490360448166,0x3fb4a3d8
GIST,TF,1,253796,11838.506,3,3494645160661919934,0x3fb4a3d8
GIST,TF,1,594298,15452.43,4,13409741501217839975,0x3fb4a3d8
GIST,TF,1,802333,22136.247,146327,10595701386717585823,0x3fb4a3d8
GIST,TF,1,907497,24003.539,252358,11185946559242699135,0x3fb4a3d8
GIST,TF,1,970136,19288.63,43571,1768546914362820738,0x3fb4a3d8
GIST,TF,1,472710,7482.425,1,1071764945648967332,0x3fb4a3d8
GIST,TF,1,311434,14309.062,1,13312524340719727440,0x3fb4a3d8
GIST,TF,1,152112,6239.15,1,16322557560223705822,0x3fb4a3d8
GIST,TF,1,262882,15673.267,350,15552938297066695674,0x3fb4a3d8
GIST,TF,1,706522,21337.856,217682,12361096037655865303,0x3fb4a3d8
GIST,TF,1,832912,18773.67,32198,18328276085626311192,0x3fb4a3d8
GIST,TF,1,303769,18257.362,17440,16329138951931766161,0x3fb4a3d8
GIST,TF,1,223701,16963.918,5223,12110691255955863336,0x3fb4a3d8
GIST,TF,1,809314,16817.194,2575,13833537680890479799,0x3fb4a3d8
GIST,TF,1,831243,13778.489,1,17493799186480836747,0x3fb4a3d8
GIST,TF,1,831746,23904.691,232210,3986705561301011554,0x3fb4a3d8
GIST,TF,1,314373,22936.272,245446,17684901665160681817,0x3fb4a3d8
GIST,TF,1,810800,17517.406,8735,181497579686815711,0x3fb4a3d8
GIST,TF,1,211855,13725.159,2,15098965436855431700,0x3fb4a3d8
GIST,TF,1,533614,20315.1,65593,5177147739743711313,0x3fb4a3d8
GIST,TF,1,335471,24017.71,221008,9663218791444078051,0x3fb4a3d8
GIST,TF,1,566134,21915.794,123319,11275262358537811118,0x3fb4a3d8
GIST,TF,1,738848,25478.859,350706,12714018293197981387,0x3fb4a3d8
GIST,TF,1,359342,14863.963,1,14883231301748386396,0x3fb4a3d8
GIST,TF,1,965210,15676.463,464,8065290031319401403,0x3fb4a3d8
GIST,TF,1,928413,21586.351,101193,7571004148797661265,0x3fb4a3d8
GIST,TF,1,998782,24421.149,312168,5618084397353648138,0x3fb4a3d8
GIST,TF,1,248373,15779.919,424,17920615215818596529,0x3fb4a3d8
GIST,TF,1,113110,23758.301,298393,11087762445465402799,0x3fb4a3d8
GIST,TF,1,421120,14558.923,1,9920652127043963342,0x3fb4a3d8
GIST,TF,1,579626,18280.477,21074,8674792675435185845,0x3fb4a3d8
GIST,TF,1,997466,20915.88,171628,6463969713763470983,0x3fb4a3d8
GIST,TF,1,522760,22381.362,150559,3458506985099854542,0x3fb4a3d8
GIST,TF,1,134930,15977.94,269,11022067387796225111,0x3fb4a3d8
GIST,TF,1,786964,17165.858,4537,10631416977948792920,0x3fb4a3d8
GIST,TF,1,884325,24632.681,349201,543682768752225887,0x3fb4a3d8
GIST,TF,1,552447,22554.757,174588,2772483950073372472,0x3fb4a3d8
GIST,TF,1,504571,16330.795,1573,15794713272219230736,0x3fb4a3d8
GIST,TF,1,951244,16817.389,5415,13484686832383344511,0x3fb4a3d8
GIST,TF,1,220807,21846.421,147226,16046319097409406499,0x3fb4a3d8
GIST,TF,1,681257,14388.104,1,11792367510721151297,0x3fb4a3d8
GIST,TF,1,417658,15025.794,18,10725949708782130545,0x3fb4a3d8
GIST,TF,1,266352,17705.837,12132,13375739972415901329,0x3fb4a3d8
GIST,TF,2,584510,13845.846,1,7111464684906674828,0x3fb4a3d8
GIST,TF,2,860467,21448.183,110513,14831659072279641336,0x3fb4a3d8
GIST,TF,2,923923,11920.95,1,9650181218042224611,0x3fb4a3d8
GIST,TF,2,533409,21841.859,120801,1158368764979798433,0x3fb4a3d8
GIST,TF,2,220435,24181.279,302764,15329822199843692600,0x3fb4a3d8
GIST,TF,2,395173,22889.873,262241,16292672578093830578,0x3fb4a3d8
GIST,TF,2,125555,20344.805,75155,13669275240459382784,0x3fb4a3d8
GIST,TF,2,37317,15779.597,482,9065587736478984682,0x3fb4a3d8
GIST,TF,2,326694,15209.653,2,17855805870912985590,0x3fb4a3d8
GIST,TF,2,408325,16410.878,1772,2815813216534820304,0x3fb4a3d8
GIST,TF,2,928005,16286.072,1001,17371819348064928502,0x3fb4a3d8
GIST,TF,2,636852,25287.948,324005,16982769923046401650,0x3fb4a3d8
GIST,TF,2,565201,17162.57,6396,11264234127150399790,0x3fb4a3d8
GIST,TF,2,416400,16985.08,5024,368749101627721021,0x3fb4a3d8
GIST,TF,2,671950,12574.036,1,5927922487194769596,0x3fb4a3d8
GIST,TF,2,100598,22848.735,274260,15670590569913710840,0x3fb4a3d8
GIST,TF,2,130060,21735.01,136432,5969732168017826336,0x3fb4a3d8
GIST,TF,2,763603,24574.808,301541,147904619539737232,0x3fb4a3d8
GIST,TF,2,229656,15244.284,16,5218843424058757563,0x3fb4a3d8
GIST,TF,2,854752,16035.134,794,12398274414676620556,0x3fb4a3d8
GIST,TF,2,717147,15986.862,476,17483727490360448166,0x3fb4a3d8
GIST,TF,2,253796,11832.899,3,3494645160661919934,0x3fb4a3d8
GIST,TF,2,594298,15453.802,4,13409741501217839975,0x3fb4a3d8
GIST,TF,2,802333,22112.886,146327,10595701386717585823,0x3fb4a3d8
GIST,TF,2,907497,23996.408,252358,11185946559242699135,0x3fb4a3d8
GIST,TF,2,970136,19261.341,43571,1768546914362820738,0x3fb4a3d8
GIST,TF,2,472710,7464.852,1,1071764945648967332,0x3fb4a3d8
GIST,TF,2,311434,14323.14,1,13312524340719727440,0x3fb4a3d8
GIST,TF,2,152112,6230.132,1,16322557560223705822,0x3fb4a3d8
GIST,TF,2,262882,15650.594,350,15552938297066695674,0x3fb4a3d8
GIST,TF,2,706522,21338.544,217682,12361096037655865303,0x3fb4a3d8
GIST,TF,2,832912,18773.507,32198,18328276085626311192,0x3fb4a3d8
GIST,TF,2,303769,18254.973,17440,16329138951931766161,0x3fb4a3d8
GIST,TF,2,223701,16964.633,5223,12110691255955863336,0x3fb4a3d8
GIST,TF,2,809314,16789.005,2575,13833537680890479799,0x3fb4a3d8
GIST,TF,2,831243,13785.838,1,17493799186480836747,0x3fb4a3d8
GIST,TF,2,831746,23940.894,232210,3986705561301011554,0x3fb4a3d8
GIST,TF,2,314373,22965.888,245446,17684901665160681817,0x3fb4a3d8
GIST,TF,2,810800,17529.286,8735,181497579686815711,0x3fb4a3d8
GIST,TF,2,211855,13698.239,2,15098965436855431700,0x3fb4a3d8
GIST,TF,2,533614,20311.438,65593,5177147739743711313,0x3fb4a3d8
GIST,TF,2,335471,23993.715,221008,9663218791444078051,0x3fb4a3d8
GIST,TF,2,566134,21626.546,123319,11275262358537811118,0x3fb4a3d8
GIST,TF,2,738848,25456.908,350706,12714018293197981387,0x3fb4a3d8
GIST,TF,2,359342,14857.64,1,14883231301748386396,0x3fb4a3d8
GIST,TF,2,965210,15645.069,464,8065290031319401403,0x3fb4a3d8
GIST,TF,2,928413,21568.336,101193,7571004148797661265,0x3fb4a3d8
GIST,TF,2,998782,24434.143,312168,5618084397353648138,0x3fb4a3d8
GIST,TF,2,248373,15776.954,424,17920615215818596529,0x3fb4a3d8
GIST,TF,2,113110,23760.463,298393,11087762445465402799,0x3fb4a3d8
GIST,TF,2,421120,14574.821,1,9920652127043963342,0x3fb4a3d8
GIST,TF,2,579626,18283.503,21074,8674792675435185845,0x3fb4a3d8
GIST,TF,2,997466,20904.601,171628,6463969713763470983,0x3fb4a3d8
GIST,TF,2,522760,22346.285,150559,3458506985099854542,0x3fb4a3d8
GIST,TF,2,134930,15967.597,269,11022067387796225111,0x3fb4a3d8
GIST,TF,2,786964,17145.774,4537,10631416977948792920,0x3fb4a3d8
GIST,TF,2,884325,24621.418,349201,543682768752225887,0x3fb4a3d8
GIST,TF,2,552447,22577.985,174588,2772483950073372472,0x3fb4a3d8
GIST,TF,2,504571,16313.933,1573,15794713272219230736,0x3fb4a3d8
GIST,TF,2,951244,16820.338,5415,13484686832383344511,0x3fb4a3d8
GIST,TF,2,220807,21848.149,147226,16046319097409406499,0x3fb4a3d8
GIST,TF,2,681257,14349.674,1,11792367510721151297,0x3fb4a3d8
GIST,TF,2,417658,15008.515,18,10725949708782130545,0x3fb4a3d8
GIST,TF,2,266352,17694.672,12132,13375739972415901329,0x3fb4a3d8
GIST,TF,3,584510,13826.639,1,7111464684906674828,0x3fb4a3d8
GIST,TF,3,860467,21441.805,110513,14831659072279641336,0x3fb4a3d8
GIST,TF,3,923923,11910.01,1,9650181218042224611,0x3fb4a3d8
GIST,TF,3,533409,21835.897,120801,1158368764979798433,0x3fb4a3d8
GIST,TF,3,220435,24118.557,302764,15329822199843692600,0x3fb4a3d8
GIST,TF,3,395173,22891.528,262241,16292672578093830578,0x3fb4a3d8
GIST,TF,3,125555,20328.875,75155,13669275240459382784,0x3fb4a3d8
GIST,TF,3,37317,15790.174,482,9065587736478984682,0x3fb4a3d8
GIST,TF,3,326694,15190.611,2,17855805870912985590,0x3fb4a3d8
GIST,TF,3,408325,16402.075,1772,2815813216534820304,0x3fb4a3d8
GIST,TF,3,928005,16272.14,1001,17371819348064928502,0x3fb4a3d8
GIST,TF,3,636852,25290.589,324005,16982769923046401650,0x3fb4a3d8
GIST,TF,3,565201,17175.543,6396,11264234127150399790,0x3fb4a3d8
GIST,TF,3,416400,16969.353,5024,368749101627721021,0x3fb4a3d8
GIST,TF,3,671950,12560.862,1,5927922487194769596,0x3fb4a3d8
GIST,TF,3,100598,22834.752,274260,15670590569913710840,0x3fb4a3d8
GIST,TF,3,130060,21741.356,136432,5969732168017826336,0x3fb4a3d8
GIST,TF,3,763603,24579.857,301541,147904619539737232,0x3fb4a3d8
GIST,TF,3,229656,15260.007,16,5218843424058757563,0x3fb4a3d8
GIST,TF,3,854752,16029.052,794,12398274414676620556,0x3fb4a3d8
GIST,TF,3,717147,15992.93,476,17483727490360448166,0x3fb4a3d8
GIST,TF,3,253796,11832.435,3,3494645160661919934,0x3fb4a3d8
GIST,TF,3,594298,15430.192,4,13409741501217839975,0x3fb4a3d8
GIST,TF,3,802333,22130.256,146327,10595701386717585823,0x3fb4a3d8
GIST,TF,3,907497,24012.691,252358,11185946559242699135,0x3fb4a3d8
GIST,TF,3,970136,19290.418,43571,1768546914362820738,0x3fb4a3d8
GIST,TF,3,472710,7477.033,1,1071764945648967332,0x3fb4a3d8
GIST,TF,3,311434,14308.437,1,13312524340719727440,0x3fb4a3d8
GIST,TF,3,152112,6241.975,1,16322557560223705822,0x3fb4a3d8
GIST,TF,3,262882,15674.512,350,15552938297066695674,0x3fb4a3d8
GIST,TF,3,706522,21319.605,217682,12361096037655865303,0x3fb4a3d8
GIST,TF,3,832912,18779.684,32198,18328276085626311192,0x3fb4a3d8
GIST,TF,3,303769,18264.529,17440,16329138951931766161,0x3fb4a3d8
GIST,TF,3,223701,16958.264,5223,12110691255955863336,0x3fb4a3d8
GIST,TF,3,809314,16798.379,2575,13833537680890479799,0x3fb4a3d8
GIST,TF,3,831243,13762.105,1,17493799186480836747,0x3fb4a3d8
GIST,TF,3,831746,23899.152,232210,3986705561301011554,0x3fb4a3d8
GIST,TF,3,314373,22951.427,245446,17684901665160681817,0x3fb4a3d8
GIST,TF,3,810800,17522.202,8735,181497579686815711,0x3fb4a3d8
GIST,TF,3,211855,13712.869,2,15098965436855431700,0x3fb4a3d8
GIST,TF,3,533614,20312.861,65593,5177147739743711313,0x3fb4a3d8
GIST,TF,3,335471,23993.31,221008,9663218791444078051,0x3fb4a3d8
GIST,TF,3,566134,21656.219,123319,11275262358537811118,0x3fb4a3d8
GIST,TF,3,738848,25495.413,350706,12714018293197981387,0x3fb4a3d8
GIST,TF,3,359342,14852.823,1,14883231301748386396,0x3fb4a3d8
GIST,TF,3,965210,15649.109,464,8065290031319401403,0x3fb4a3d8
GIST,TF,3,928413,21576.669,101193,7571004148797661265,0x3fb4a3d8
GIST,TF,3,998782,24415.896,312168,5618084397353648138,0x3fb4a3d8
GIST,TF,3,248373,15789.933,424,17920615215818596529,0x3fb4a3d8
GIST,TF,3,113110,23740.555,298393,11087762445465402799,0x3fb4a3d8
GIST,TF,3,421120,14571.33,1,9920652127043963342,0x3fb4a3d8
GIST,TF,3,579626,18292.547,21074,8674792675435185845,0x3fb4a3d8
GIST,TF,3,997466,20903.234,171628,6463969713763470983,0x3fb4a3d8
GIST,TF,3,522760,22375.851,150559,3458506985099854542,0x3fb4a3d8
GIST,TF,3,134930,15965.806,269,11022067387796225111,0x3fb4a3d8
GIST,TF,3,786964,17174.778,4537,10631416977948792920,0x3fb4a3d8
GIST,TF,3,884325,24632.089,349201,543682768752225887,0x3fb4a3d8
GIST,TF,3,552447,22586.412,174588,2772483950073372472,0x3fb4a3d8
GIST,TF,3,504571,16328.065,1573,15794713272219230736,0x3fb4a3d8
GIST,TF,3,951244,16820.15,5415,13484686832383344511,0x3fb4a3d8
GIST,TF,3,220807,21844.863,147226,16046319097409406499,0x3fb4a3d8
GIST,TF,3,681257,14368.198,1,11792367510721151297,0x3fb4a3d8
GIST,TF,3,417658,15029.246,18,10725949708782130545,0x3fb4a3d8
GIST,TF,3,266352,17687.49,12132,13375739972415901329,0x3fb4a3d8
GIST,TF,4,584510,13850.165,1,7111464684906674828,0x3fb4a3d8
GIST,TF,4,860467,21472.723,110513,14831659072279641336,0x3fb4a3d8
GIST,TF,4,923923,11928.446,1,9650181218042224611,0x3fb4a3d8
GIST,TF,4,533409,21827.281,120801,1158368764979798433,0x3fb4a3d8
GIST,TF,4,220435,24129.986,302764,15329822199843692600,0x3fb4a3d8
GIST,TF,4,395173,22916.945,262241,16292672578093830578,0x3fb4a3d8
GIST,TF,4,125555,20344.274,75155,13669275240459382784,0x3fb4a3d8
GIST,TF,4,37317,15784.879,482,9065587736478984682,0x3fb4a3d8
GIST,TF,4,326694,15200.618,2,17855805870912985590,0x3fb4a3d8
GIST,TF,4,408325,16412.651,1772,2815813216534820304,0x3fb4a3d8
GIST,TF,4,928005,16300.382,1001,17371819348064928502,0x3fb4a3d8
GIST,TF,4,636852,25305.108,324005,16982769923046401650,0x3fb4a3d8
GIST,TF,4,565201,17177.619,6396,11264234127150399790,0x3fb4a3d8
GIST,TF,4,416400,16983.583,5024,368749101627721021,0x3fb4a3d8
GIST,TF,4,671950,12563.252,1,5927922487194769596,0x3fb4a3d8
GIST,TF,4,100598,22854.349,274260,15670590569913710840,0x3fb4a3d8
GIST,TF,4,130060,21756.651,136432,5969732168017826336,0x3fb4a3d8
GIST,TF,4,763603,24593.496,301541,147904619539737232,0x3fb4a3d8
GIST,TF,4,229656,15255.862,16,5218843424058757563,0x3fb4a3d8
GIST,TF,4,854752,16051.327,794,12398274414676620556,0x3fb4a3d8
GIST,TF,4,717147,16013.8,476,17483727490360448166,0x3fb4a3d8
GIST,TF,4,253796,11824.583,3,3494645160661919934,0x3fb4a3d8
GIST,TF,4,594298,15470.711,4,13409741501217839975,0x3fb4a3d8
GIST,TF,4,802333,22113.09,146327,10595701386717585823,0x3fb4a3d8
GIST,TF,4,907497,23998.554,252358,11185946559242699135,0x3fb4a3d8
GIST,TF,4,970136,19292.96,43571,1768546914362820738,0x3fb4a3d8
GIST,TF,4,472710,7486.395,1,1071764945648967332,0x3fb4a3d8
GIST,TF,4,311434,14298.669,1,13312524340719727440,0x3fb4a3d8
GIST,TF,4,152112,6232.288,1,16322557560223705822,0x3fb4a3d8
GIST,TF,4,262882,15680.749,350,15552938297066695674,0x3fb4a3d8
GIST,TF,4,706522,21353.765,217682,12361096037655865303,0x3fb4a3d8
GIST,TF,4,832912,18807.306,32198,18328276085626311192,0x3fb4a3d8
GIST,TF,4,303769,18273.652,17440,16329138951931766161,0x3fb4a3d8
GIST,TF,4,223701,16960.09,5223,12110691255955863336,0x3fb4a3d8
GIST,TF,4,809314,16806.227,2575,13833537680890479799,0x3fb4a3d8
GIST,TF,4,831243,13767.258,1,17493799186480836747,0x3fb4a3d8
GIST,TF,4,831746,23914.693,232210,3986705561301011554,0x3fb4a3d8
GIST,TF,4,314373,22935.432,245446,17684901665160681817,0x3fb4a3d8
GIST,TF,4,810800,17523.551,8735,181497579686815711,0x3fb4a3d8
GIST,TF,4,211855,13718.224,2,15098965436855431700,0x3fb4a3d8
GIST,TF,4,533614,20303.692,65593,5177147739743711313,0x3fb4a3d8
GIST,TF,4,335471,23984.301,221008,9663218791444078051,0x3fb4a3d8
GIST,TF,4,566134,21673.351,123319,11275262358537811118,0x3fb4a3d8
GIST,TF,4,738848,25431.623,350706,12714018293197981387,0x3fb4a3d8
GIST,TF,4,359342,14855.296,1,14883231301748386396,0x3fb4a3d8
GIST,TF,4,965210,15658.371,464,8065290031319401403,0x3fb4a3d8
GIST,TF,4,928413,21580.029,101193,7571004148797661265,0x3fb4a3d8
GIST,TF,4,998782,24433.28,312168,5618084397353648138,0x3fb4a3d8
GIST,TF,4,248373,15777.885,424,17920615215818596529,0x3fb4a3d8
GIST,TF,4,113110,23764.742,298393,11087762445465402799,0x3fb4a3d8
GIST,TF,4,421120,14553.393,1,9920652127043963342,0x3fb4a3d8
GIST,TF,4,579626,18277.678,21074,8674792675435185845,0x3fb4a3d8
GIST,TF,4,997466,20921.098,171628,6463969713763470983,0x3fb4a3d8
GIST,TF,4,522760,22379.105,150559,3458506985099854542,0x3fb4a3d8
GIST,TF,4,134930,15966.244,269,11022067387796225111,0x3fb4a3d8
GIST,TF,4,786964,17163.795,4537,10631416977948792920,0x3fb4a3d8
GIST,TF,4,884325,24654.668,349201,543682768752225887,0x3fb4a3d8
GIST,TF,4,552447,22558.31,174588,2772483950073372472,0x3fb4a3d8
GIST,TF,4,504571,16302.358,1573,15794713272219230736,0x3fb4a3d8
GIST,TF,4,951244,16817.167,5415,13484686832383344511,0x3fb4a3d8
GIST,TF,4,220807,21870.787,147226,16046319097409406499,0x3fb4a3d8
GIST,TF,4,681257,14355.306,1,11792367510721151297,0x3fb4a3d8
GIST,TF,4,417658,15041.207,18,10725949708782130545,0x3fb4a3d8
GIST,TF,4,266352,17697.151,12132,13375739972415901329,0x3fb4a3d8
GIST,TF,5,584510,13827.97,1,7111464684906674828,0x3fb4a3d8
GIST,TF,5,860467,21433.285,110513,14831659072279641336,0x3fb4a3d8
GIST,TF,5,923923,11903.418,1,9650181218042224611,0x3fb4a3d8
GIST,TF,5,533409,21810.342,120801,1158368764979798433,0x3fb4a3d8
GIST,TF,5,220435,24111.688,302764,15329822199843692600,0x3fb4a3d8
GIST,TF,5,395173,22884.313,262241,16292672578093830578,0x3fb4a3d8
GIST,TF,5,125555,20365.602,75155,13669275240459382784,0x3fb4a3d8
GIST,TF,5,37317,15757.219,482,9065587736478984682,0x3fb4a3d8
GIST,TF,5,326694,15185.05,2,17855805870912985590,0x3fb4a3d8
GIST,TF,5,408325,16397.189,1772,2815813216534820304,0x3fb4a3d8
GIST,TF,5,928005,16247.238,1001,17371819348064928502,0x3fb4a3d8
GIST,TF,5,636852,25326.255,324005,16982769923046401650,0x3fb4a3d8
GIST,TF,5,565201,17144.578,6396,11264234127150399790,0x3fb4a3d8
GIST,TF,5,416400,17002.108,5024,368749101627721021,0x3fb4a3d8
GIST,TF,5,671950,12574.476,1,5927922487194769596,0x3fb4a3d8
GIST,TF,5,100598,22829.9,274260,15670590569913710840,0x3fb4a3d8
GIST,TF,5,130060,21709.527,136432,5969732168017826336,0x3fb4a3d8
GIST,TF,5,763603,24608.169,301541,147904619539737232,0x3fb4a3d8
GIST,TF,5,229656,15245.716,16,5218843424058757563,0x3fb4a3d8
GIST,TF,5,854752,16012.305,794,12398274414676620556,0x3fb4a3d8
GIST,TF,5,717147,15998.398,476,17483727490360448166,0x3fb4a3d8
GIST,TF,5,253796,11814.501,3,3494645160661919934,0x3fb4a3d8
GIST,TF,5,594298,15440.488,4,13409741501217839975,0x3fb4a3d8
GIST,TF,5,802333,22101.545,146327,10595701386717585823,0x3fb4a3d8
GIST,TF,5,907497,23978.074,252358,11185946559242699135,0x3fb4a3d8
GIST,TF,5,970136,19261.161,43571,1768546914362820738,0x3fb4a3d8
GIST,TF,5,472710,7431.688,1,1071764945648967332,0x3fb4a3d8
GIST,TF,5,311434,14275.24,1,13312524340719727440,0x3fb4a3d8
GIST,TF,5,152112,6221.968,1,16322557560223705822,0x3fb4a3d8
GIST,TF,5,262882,15664.855,350,15552938297066695674,0x3fb4a3d8
GIST,TF,5,706522,21324.528,217682,12361096037655865303,0x3fb4a3d8
GIST,TF,5,832912,18765.331,32198,18328276085626311192,0x3fb4a3d8
GIST,TF,5,303769,18230.444,17440,16329138951931766161,0x3fb4a3d8
GIST,TF,5,223701,16948.454,5223,12110691255955863336,0x3fb4a3d8
GIST,TF,5,809314,16772.085,2575,13833537680890479799,0x3fb4a3d8
GIST,TF,5,831243,13765.85,1,17493799186480836747,0x3fb4a3d8
GIST,TF,5,831746,23889.112,232210,3986705561301011554,0x3fb4a3d8
GIST,TF,5,314373,22931.566,245446,17684901665160681817,0x3fb4a3d8
GIST,TF,5,810800,17488.632,8735,181497579686815711,0x3fb4a3d8
GIST,TF,5,211855,13670.463,2,15098965436855431700,0x3fb4a3d8
GIST,TF,5,533614,20286.54,65593,5177147739743711313,0x3fb4a3d8
GIST,TF,5,335471,23948.505,221008,9663218791444078051,0x3fb4a3d8
GIST,TF,5,566134,21602.941,123319,11275262358537811118,0x3fb4a3d8
GIST,TF,5,738848,25420.684,350706,12714018293197981387,0x3fb4a3d8
GIST,TF,5,359342,14811.425,1,14883231301748386396,0x3fb4a3d8
GIST,TF,5,965210,15613.066,464,8065290031319401403,0x3fb4a3d8
GIST,TF,5,928413,21517.222,101193,7571004148797661265,0x3fb4a3d8
GIST,TF,5,998782,24343.068,312168,5618084397353648138,0x3fb4a3d8
GIST,TF,5,248373,15732.76,424,17920615215818596529,0x3fb4a3d8
GIST,TF,5,113110,23695.731,298393,11087762445465402799,0x3fb4a3d8
GIST,TF,5,421120,14510.124,1,9920652127043963342,0x3fb4a3d8
GIST,TF,5,579626,18248.344,21074,8674792675435185845,0x3fb4a3d8
GIST,TF,5,997466,20863.465,171628,6463969713763470983,0x3fb4a3d8
GIST,TF,5,522760,22353.779,150559,3458506985099854542,0x3fb4a3d8
GIST,TF,5,134930,15919.639,269,11022067387796225111,0x3fb4a3d8
GIST,TF,5,786964,17095.106,4537,10631416977948792920,0x3fb4a3d8
GIST,TF,5,884325,24633.61,349201,543682768752225887,0x3fb4a3d8
GIST,TF,5,552447,22747.72,174588,2772483950073372472,0x3fb4a3d8
GIST,TF,5,504571,16269.442,1573,15794713272219230736,0x3fb4a3d8
GIST,TF,5,951244,16770.882,5415,13484686832383344511,0x3fb4a3d8
GIST,TF,5,220807,21791.484,147226,16046319097409406499,0x3fb4a3d8
GIST,TF,5,681257,14307.868,1,11792367510721151297,0x3fb4a3d8
GIST,TF,5,417658,14984.459,18,10725949708782130545,0x3fb4a3d8
GIST,TF,5,266352,17639.07,12132,13375739972415901329,0x3fb4a3d8
GIST,TF,6,584510,13822.617,1,7111464684906674828,0x3fb4a3d8
GIST,TF,6,860467,21424.268,110513,14831659072279641336,0x3fb4a3d8
GIST,TF,6,923923,11906.319,1,9650181218042224611,0x3fb4a3d8
GIST,TF,6,533409,21827.4,120801,1158368764979798433,0x3fb4a3d8
GIST,TF,6,220435,24094.733,302764,15329822199843692600,0x3fb4a3d8
GIST,TF,6,395173,22886.967,262241,16292672578093830578,0x3fb4a3d8
GIST,TF,6,125555,20363.701,75155,13669275240459382784,0x3fb4a3d8
GIST,TF,6,37317,15789.507,482,9065587736478984682,0x3fb4a3d8
GIST,TF,6,326694,15183.184,2,17855805870912985590,0x3fb4a3d8
GIST,TF,6,408325,16384.17,1772,2815813216534820304,0x3fb4a3d8
GIST,TF,6,928005,16260.769,1001,17371819348064928502,0x3fb4a3d8
GIST,TF,6,636852,25271.343,324005,16982769923046401650,0x3fb4a3d8
GIST,TF,6,565201,17145.085,6396,11264234127150399790,0x3fb4a3d8
GIST,TF,6,416400,16979.113,5024,368749101627721021,0x3fb4a3d8
GIST,TF,6,671950,12568.263,1,5927922487194769596,0x3fb4a3d8
GIST,TF,6,100598,22820.707,274260,15670590569913710840,0x3fb4a3d8
GIST,TF,6,130060,21711.551,136432,5969732168017826336,0x3fb4a3d8
GIST,TF,6,763603,24539.247,301541,147904619539737232,0x3fb4a3d8
GIST,TF,6,229656,15249.862,16,5218843424058757563,0x3fb4a3d8
GIST,TF,6,854752,16019.904,794,12398274414676620556,0x3fb4a3d8
GIST,TF,6,717147,16003.224,476,17483727490360448166,0x3fb4a3d8
GIST,TF,6,253796,11809.978,3,3494645160661919934,0x3fb4a3d8
GIST,TF,6,594298,15417.562,4,13409741501217839975,0x3fb4a3d8
GIST,TF,6,802333,22109.325,146327,10595701386717585823,0x3fb4a3d8
GIST,TF,6,907497,23988.767,252358,11185946559242699135,0x3fb4a3d8
GIST,TF,6,970136,19257.344,43571,1768546914362820738,0x3fb4a3d8
GIST,TF,6,472710,7440.447,1,1071764945648967332,0x3fb4a3d8
GIST,TF,6,311434,14274.559,1,13312524340719727440,0x3fb4a3d8
GIST,TF,6,152112,6214.035,1,16322557560223705822,0x3fb4a3d8
GIST,TF,6,262882,15723.895,350,15552938297066695674,0x3fb4a3d8
GIST,TF,6,706522,21323.146,217682,12361096037655865303,0x3fb4a3d8
GIST,TF,6,832912,18770.139,32198,18328276085626311192,0x3fb4a3d8
GIST,TF,6,303769,18241.726,17440,16329138951931766161,0x3fb4a3d8
GIST,TF,6,223701,16939.346,5223,12110691255955863336,0x3fb4a3d8
GIST,TF,6,809314,16758.05,2575,13833537680890479799,0x3fb4a3d8
GIST,TF,6,831243,13732.615,1,17493799186480836747,0x3fb4a3d8
GIST,TF,6,831746,23847.361,232210,3986705561301011554,0x3fb4a3d8
GIST,TF,6,314373,22922.417,245446,17684901665160681817,0x3fb4a3d8
GIST,TF,6,810800,17495.627,8735,181497579686815711,0x3fb4a3d8
GIST,TF,6,211855,13671.055,2,15098965436855431700,0x3fb4a3d8
GIST,TF,6,533614,20281.306,65593,5177147739743711313,0x3fb4a3d8
GIST,TF,6,335471,23972.423,221008,9663218791444078051,0x3fb4a3d8
GIST,TF,6,566134,21621.202,123319,11275262358537811118,0x3fb4a3d8
GIST,TF,6,738848,25452.361,350706,12714018293197981387,0x3fb4a3d8
GIST,TF,6,359342,14829.203,1,14883231301748386396,0x3fb4a3d8
GIST,TF,6,965210,15584.217,464,8065290031319401403,0x3fb4a3d8
GIST,TF,6,928413,21562.598,101193,7571004148797661265,0x3fb4a3d8
GIST,TF,6,998782,24363.169,312168,5618084397353648138,0x3fb4a3d8
GIST,TF,6,248373,15791.57,424,17920615215818596529,0x3fb4a3d8
GIST,TF,6,113110,23741.434,298393,11087762445465402799,0x3fb4a3d8
GIST,TF,6,421120,14516.093,1,9920652127043963342,0x3fb4a3d8
GIST,TF,6,579626,18229.597,21074,8674792675435185845,0x3fb4a3d8
GIST,TF,6,997466,20891.338,171628,6463969713763470983,0x3fb4a3d8
GIST,TF,6,522760,22322.881,150559,3458506985099854542,0x3fb4a3d8
GIST,TF,6,134930,15915.291,269,11022067387796225111,0x3fb4a3d8
GIST,TF,6,786964,17120.592,4537,10631416977948792920,0x3fb4a3d8
GIST,TF,6,884325,24556.755,349201,543682768752225887,0x3fb4a3d8
GIST,TF,6,552447,22536.999,174588,2772483950073372472,0x3fb4a3d8
GIST,TF,6,504571,16275.25,1573,15794713272219230736,0x3fb4a3d8
GIST,TF,6,951244,16789.108,5415,13484686832383344511,0x3fb4a3d8
GIST,TF,6,220807,21821.429,147226,16046319097409406499,0x3fb4a3d8
GIST,TF,6,681257,14308.055,1,11792367510721151297,0x3fb4a3d8
GIST,TF,6,417658,14983.832,18,10725949708782130545,0x3fb4a3d8
GIST,TF,6,266352,17691.185,12132,13375739972415901329,0x3fb4a3d8
Deep,FR,1,584510,4917.746,16806,14914879394619323640,0x3f8a3818
Deep,FR,1,860467,5156.677,53951,17049143744924134559,0x3f8a3818
Deep,FR,1,923923,5078.837,126938,9440306144162209561,0x3f8a3818
Deep,FR,1,533409,5013.758,43909,14686615024625846481,0x3f8a3818
Deep,FR,1,220435,4843.065,20362,9812354220569990141,0x3f8a3818
Deep,FR,1,395173,4982.268,79903,6302262262014071132,0x3f8a3818
Deep,FR,1,125555,4862.277,50997,612338914426534571,0x3f8a3818
Deep,FR,1,37317,4853.067,16211,9630984488420384674,0x3f8a3818
Deep,FR,1,326694,4722.038,4963,10376290640833276832,0x3f8a3818
Deep,FR,1,408325,4987.175,72371,2233598239453289699,0x3f8a3818
Deep,FR,1,928005,5021.464,59410,3424114004169399651,0x3f8a3818
Deep,FR,1,636852,4594.984,12737,10618904967847290727,0x3f8a3818
Deep,FR,1,565201,4587.489,10437,16660415903701906029,0x3f8a3818
Deep,FR,1,416400,4932.177,20431,16096759558451495918,0x3f8a3818
Deep,FR,1,671950,4757.771,5485,7984204509393475337,0x3f8a3818
Deep,FR,1,100598,3876.242,316,14025822209793988776,0x3f8a3818
Deep,FR,1,130060,4647.743,5332,16447096817644265187,0x3f8a3818
Deep,FR,1,763603,4665.956,6039,2675965444298867792,0x3f8a3818
Deep,FR,1,229656,4831.604,33034,6434857475817613567,0x3f8a3818
Deep,FR,1,854752,4864.469,22330,5317554096436175220,0x3f8a3818
Deep,FR,1,717147,5000.316,36177,17992406192989618205,0x3f8a3818
Deep,FR,1,253796,3989.564,603,7357325001358704579,0x3f8a3818
Deep,FR,1,594298,5198.935,104020,3606055345110403996,0x3f8a3818
Deep,FR,1,802333,5093.659,57141,11652191883661406635,0x3f8a3818
Deep,FR,1,907497,4952.257,38286,15729367600791443267,0x3f8a3818
Deep,FR,1,970136,5002.71,35145,6453095899928726908,0x3f8a3818
Deep,FR,1,472710,4376.69,1771,337101075066734154,0x3f8a3818
Deep,FR,1,311434,4675.816,5129,4733800633900100260,0x3f8a3818
Deep,FR,1,152112,4797.681,12511,12266487770150659012,0x3f8a3818
Deep,FR,1,262882,4693.848,22393,12835014896091422454,0x3f8a3818
Deep,FR,1,706522,4668.351,5997,10494260899150088525,0x3f8a3818
Deep,FR,1,832912,5060.545,24418,4442606785420619152,0x3f8a3818
Deep,FR,1,303769,4996.617,91883,12601588069570564519,0x3f8a3818
Deep,FR,1,223701,4843.495,39049,8156394471858750068,0x3f8a3818
Deep,FR,1,809314,5045.435,53502,2887601204544182294,0x3f8a3818
Deep,FR,1,831243,4923.648,18459,17184389248536411848,0x3f8a3818
Deep,FR,1,831746,5037.515,25657,8069871599203802193,0x3f8a3818
Deep,FR,1,314373,4679.366,6649,7930500156481250159,0x3f8a3818
Deep,FR,1,810800,4846.821,11471,8078026710008835094,0x3f8a3818
Deep,FR,1,211855,5178.84,81263,17194343845329237592,0x3f8a3818
Deep,FR,1,533614,4777.814,9967,2075162202884674110,0x3f8a3818
Deep,FR,1,335471,4881.167,31039,811306315344642198,0x3f8a3818
Deep,FR,1,566134,4378.478,3556,5150105216967092161,0x3f8a3818
Deep,FR,1,738848,5119.376,91647,527134378642239240,0x3f8a3818
Deep,FR,1,359342,4796.821,11608,18254613711068042421,0x3f8a3818
Deep,FR,1,965210,4809.344,29711,8906948948597772149,0x3f8a3818
Deep,FR,1,928413,4922.031,53963,5672219278756306020,0x3f8a3818
Deep,FR,1,998782,4836.503,41031,14858962417192627408,0x3f8a3818
Deep,FR,1,248373,5188.526,66909,6594997471801334999,0x3f8a3818
Deep,FR,1,113110,4589.862,7713,15044239706030340721,0x3f8a3818
Deep,FR,1,421120,4702.453,27072,11156619838713472325,0x3f8a3818
Deep,FR,1,579626,4896.501,70020,15801899623856318834,0x3f8a3818
Deep,FR,1,997466,4123.597,1165,13297005540871771787,0x3f8a3818
Deep,FR,1,522760,5091.375,57504,589629908739724064,0x3f8a3818
Deep,FR,1,134930,4760.202,22780,5555924880431164060,0x3f8a3818
Deep,FR,1,786964,4930.831,12215,8666943971235242538,0x3f8a3818
Deep,FR,1,884325,4926.377,19486,3399900141687540970,0x3f8a3818
Deep,FR,1,552447,5027.639,36902,2990018976584339377,0x3f8a3818
Deep,FR,1,504571,5151.478,33606,1570378596586034923,0x3f8a3818
Deep,FR,1,951244,4793.281,9206,1749316506296530067,0x3f8a3818
Deep,FR,1,220807,4831.543,8813,16843876062107336051,0x3f8a3818
Deep,FR,1,681257,4132.549,3157,1149332497468486599,0x3f8a3818
Deep,FR,1,417658,4637.056,5481,6594395041703768799,0x3f8a3818
Deep,FR,1,266352,4673.869,28731,11281362833504578941,0x3f8a3818
Deep,FR,2,584510,4909.156,16806,14914879394619323640,0x3f8a3818
Deep,FR,2,860467,5186.721,53951,17049143744924134559,0x3f8a3818
Deep,FR,2,923923,5095.138,126938,9440306144162209561,0x3f8a3818
Deep,FR,2,533409,5034.957,43909,14686615024625846481,0x3f8a3818
Deep,FR,2,220435,4863.88,20362,9812354220569990141,0x3f8a3818
Deep,FR,2,395173,4972.466,79903,6302262262014071132,0x3f8a3818
Deep,FR,2,125555,4880.886,50997,612338914426534571,0x3f8a3818
Deep,FR,2,37317,4868.23,16211,9630984488420384674,0x3f8a3818
Deep,FR,2,326694,4735.296,4963,10376290640833276832,0x3f8a3818
Deep,FR,2,408325,4985.018,72371,2233598239453289699,0x3f8a3818
Deep,FR,2,928005,5040.498,59410,3424114004169399651,0x3f8a3818
Deep,FR,2,636852,4598.592,12737,10618904967847290727,0x3f8a3818
Deep,FR,2,565201,4587.809,10437,16660415903701906029,0x3f8a3818
Deep,FR,2,416400,4932.304,20431,16096759558451495918,0x3f8a3818
Deep,FR,2,671950,4759.811,5485,7984204509393475337,0x3f8a3818
Deep,FR,2,100598,3907.393,316,14025822209793988776,0x3f8a3818
Deep,FR,2,130060,4654.748,5332,16447096817644265187,0x3f8a3818
Deep,FR,2,763603,4661.42,6039,2675965444298867792,0x3f8a3818
Deep,FR,2,229656,4835.5,33034,6434857475817613567,0x3f8a3818
Deep,FR,2,854752,4871.925,22330,5317554096436175220,0x3f8a3818
Deep,FR,2,717147,4989.754,36177,17992406192989618205,0x3f8a3818
Deep,FR,2,253796,3978.38,603,7357325001358704579,0x3f8a3818
Deep,FR,2,594298,5196.934,104020,3606055345110403996,0x3f8a3818
Deep,FR,2,802333,5111.402,57141,11652191883661406635,0x3f8a3818
Deep,FR,2,907497,4980.921,38286,15729367600791443267,0x3f8a3818
Deep,FR,2,970136,5024.359,35145,6453095899928726908,0x3f8a3818
Deep,FR,2,472710,4377.773,1771,337101075066734154,0x3f8a3818
Deep,FR,2,311434,4665.099,5129,4733800633900100260,0x3f8a3818
Deep,FR,2,152112,4811.988,12511,12266487770150659012,0x3f8a3818
Deep,FR,2,262882,4707.728,22393,12835014896091422454,0x3f8a3818
Deep,FR,2,706522,4696.592,5997,10494260899150088525,0x3f8a3818
Deep,FR,2,832912,5076.51,24418,4442606785420619152,0x3f8a3818
Deep,FR,2,303769,5019.233,91883,12601588069570564519,0x3f8a3818
Deep,FR,2,223701,4867.842,39049,8156394471858750068,0x3f8a3818
Deep,FR,2,809314,5074.424,53502,2887601204544182294,0x3f8a3818
Deep,FR,2,831243,4941.941,18459,17184389248536411848,0x3f8a3818
Deep,FR,2,831746,5054.604,25657,8069871599203802193,0x3f8a3818
Deep,FR,2,314373,4684.257,6649,7930500156481250159,0x3f8a3818
Deep,FR,2,810800,4873.791,11471,8078026710008835094,0x3f8a3818
Deep,FR,2,211855,5202.33,81263,17194343845329237592,0x3f8a3818
Deep,FR,2,533614,4787.467,9967,2075162202884674110,0x3f8a3818
Deep,FR,2,335471,4897.823,31039,811306315344642198,0x3f8a3818
Deep,FR,2,566134,4442.352,3556,5150105216967092161,0x3f8a3818
Deep,FR,2,738848,5111.579,91647,527134378642239240,0x3f8a3818
Deep,FR,2,359342,4800.949,11608,18254613711068042421,0x3f8a3818
Deep,FR,2,965210,4830.044,29711,8906948948597772149,0x3f8a3818
Deep,FR,2,928413,4964.84,53963,5672219278756306020,0x3f8a3818
Deep,FR,2,998782,4834.556,41031,14858962417192627408,0x3f8a3818
Deep,FR,2,248373,5209.2,66909,6594997471801334999,0x3f8a3818
Deep,FR,2,113110,4616.306,7713,15044239706030340721,0x3f8a3818
Deep,FR,2,421120,4741.032,27072,11156619838713472325,0x3f8a3818
Deep,FR,2,579626,4937.743,70020,15801899623856318834,0x3f8a3818
Deep,FR,2,997466,4151.024,1165,13297005540871771787,0x3f8a3818
Deep,FR,2,522760,5127.996,57504,589629908739724064,0x3f8a3818
Deep,FR,2,134930,4786.448,22780,5555924880431164060,0x3f8a3818
Deep,FR,2,786964,4967.146,12215,8666943971235242538,0x3f8a3818
Deep,FR,2,884325,4925.07,19486,3399900141687540970,0x3f8a3818
Deep,FR,2,552447,5037.268,36902,2990018976584339377,0x3f8a3818
Deep,FR,2,504571,5199.775,33606,1570378596586034923,0x3f8a3818
Deep,FR,2,951244,4779.968,9206,1749316506296530067,0x3f8a3818
Deep,FR,2,220807,4857.903,8813,16843876062107336051,0x3f8a3818
Deep,FR,2,681257,4174.107,3157,1149332497468486599,0x3f8a3818
Deep,FR,2,417658,4675.701,5481,6594395041703768799,0x3f8a3818
Deep,FR,2,266352,4731.111,28731,11281362833504578941,0x3f8a3818
Deep,FR,3,584510,4916.452,16806,14914879394619323640,0x3f8a3818
Deep,FR,3,860467,5207.168,53951,17049143744924134559,0x3f8a3818
Deep,FR,3,923923,5090.37,126938,9440306144162209561,0x3f8a3818
Deep,FR,3,533409,5049.059,43909,14686615024625846481,0x3f8a3818
Deep,FR,3,220435,4885.701,20362,9812354220569990141,0x3f8a3818
Deep,FR,3,395173,4995.75,79903,6302262262014071132,0x3f8a3818
Deep,FR,3,125555,4883.757,50997,612338914426534571,0x3f8a3818
Deep,FR,3,37317,4883.688,16211,9630984488420384674,0x3f8a3818
Deep,FR,3,326694,4741.295,4963,10376290640833276832,0x3f8a3818
Deep,FR,3,408325,4996.259,72371,2233598239453289699,0x3f8a3818
Deep,FR,3,928005,5060.127,59410,3424114004169399651,0x3f8a3818
Deep,FR,3,636852,4624.935,12737,10618904967847290727,0x3f8a3818
Deep,FR,3,565201,4628.306,10437,16660415903701906029,0x3f8a3818
Deep,FR,3,416400,4953.442,20431,16096759558451495918,0x3f8a3818
Deep,FR,3,671950,4775.441,5485,7984204509393475337,0x3f8a3818
Deep,FR,3,100598,3921.657,316,14025822209793988776,0x3f8a3818
Deep,FR,3,130060,4687.95,5332,16447096817644265187,0x3f8a3818
Deep,FR,3,763603,4672.851,6039,2675965444298867792,0x3f8a3818
Deep,FR,3,229656,4863.908,33034,6434857475817613567,0x3f8a3818
Deep,FR,3,854752,4886.687,22330,5317554096436175220,0x3f8a3818
Deep,FR,3,717147,5011.871,36177,17992406192989618205,0x3f8a3818
Deep,FR,3,253796,4022.355,603,7357325001358704579,0x3f8a3818
Deep,FR,3,594298,5211.401,104020,3606055345110403996,0x3f8a3818
Deep,FR,3,802333,5126.254,57141,11652191883661406635,0x3f8a3818
Deep,FR,3,907497,4983.133,38286,15729367600791443267,0x3f8a3818
Deep,FR,3,970136,5054.125,35145,6453095899928726908,0x3f8a3818
Deep,FR,3,472710,4407.024,1771,337101075066734154,0x3f8a3818
Deep,FR,3,311434,4700.623,5129,4733800633900100260,0x3f8a3818
Deep,FR,3,152112,4844.138,12511,12266487770150659012,0x3f8a3818
Deep,FR,3,262882,4738.427,22393,12835014896091422454,0x3f8a3818
Deep,FR,3,706522,4693.757,5997,10494260899150088525,0x3f8a3818
Deep,FR,3,832912,5087.544,24418,4442606785420619152,0x3f8a3818
Deep,FR,3,303769,5039.762,91883,12601588069570564519,0x3f8a3818
Deep,FR,3,223701,4873.362,39049,8156394471858750068,0x3f8a3818
Deep,FR,3,809314,5091.354,53502,2887601204544182294,0x3f8a3818
Deep,FR,3,831243,4954.082,18459,17184389248536411848,0x3f8a3818
Deep,FR,3,831746,5066.888,25657,8069871599203802193,0x3f8a3818
Deep,FR,3,314373,4700.287,6649,7930500156481250159,0x3f8a3818
Deep,FR,3,810800,4873.829,11471,8078026710008835094,0x3f8a3818
Deep,FR,3,211855,5202.497,81263,17194343845329237592,0x3f8a3818
Deep,FR,3,533614,4798.305,9967,2075162202884674110,0x3f8a3818
Deep,FR,3,335471,4897.001,31039,811306315344642198,0x3f8a3818
Deep,FR,3,566134,4424.197,3556,5150105216967092161,0x3f8a3818
Deep,FR,3,738848,5141.875,91647,527134378642239240,0x3f8a3818
Deep,FR,3,359342,4794.213,11608,18254613711068042421,0x3f8a3818
Deep,FR,3,965210,4835.728,29711,8906948948597772149,0x3f8a3818
Deep,FR,3,928413,4994.087,53963,5672219278756306020,0x3f8a3818
Deep,FR,3,998782,4859.194,41031,14858962417192627408,0x3f8a3818
Deep,FR,3,248373,5226.587,66909,6594997471801334999,0x3f8a3818
Deep,FR,3,113110,4632.565,7713,15044239706030340721,0x3f8a3818
Deep,FR,3,421120,4756.611,27072,11156619838713472325,0x3f8a3818
Deep,FR,3,579626,4941.197,70020,15801899623856318834,0x3f8a3818
Deep,FR,3,997466,4167.396,1165,13297005540871771787,0x3f8a3818
Deep,FR,3,522760,5143.712,57504,589629908739724064,0x3f8a3818
Deep,FR,3,134930,4799.866,22780,5555924880431164060,0x3f8a3818
Deep,FR,3,786964,4979.604,12215,8666943971235242538,0x3f8a3818
Deep,FR,3,884325,4942.876,19486,3399900141687540970,0x3f8a3818
Deep,FR,3,552447,5063.126,36902,2990018976584339377,0x3f8a3818
Deep,FR,3,504571,5184.689,33606,1570378596586034923,0x3f8a3818
Deep,FR,3,951244,4810.179,9206,1749316506296530067,0x3f8a3818
Deep,FR,3,220807,4868.027,8813,16843876062107336051,0x3f8a3818
Deep,FR,3,681257,4176.04,3157,1149332497468486599,0x3f8a3818
Deep,FR,3,417658,4695.283,5481,6594395041703768799,0x3f8a3818
Deep,FR,3,266352,4751.055,28731,11281362833504578941,0x3f8a3818
Deep,FR,4,584510,4927.696,16806,14914879394619323640,0x3f8a3818
Deep,FR,4,860467,5171.38,53951,17049143744924134559,0x3f8a3818
Deep,FR,4,923923,5098.277,126938,9440306144162209561,0x3f8a3818
Deep,FR,4,533409,5098.078,43909,14686615024625846481,0x3f8a3818
Deep,FR,4,220435,4894.432,20362,9812354220569990141,0x3f8a3818
Deep,FR,4,395173,4984.401,79903,6302262262014071132,0x3f8a3818
Deep,FR,4,125555,4869.898,50997,612338914426534571,0x3f8a3818
Deep,FR,4,37317,4871.932,16211,9630984488420384674,0x3f8a3818
Deep,FR,4,326694,4743.997,4963,10376290640833276832,0x3f8a3818
Deep,FR,4,408325,4979.812,72371,2233598239453289699,0x3f8a3818
Deep,FR,4,928005,5057.268,59410,3424114004169399651,0x3f8a3818
Deep,FR,4,636852,4592.961,12737,10618904967847290727,0x3f8a3818
Deep,FR,4,565201,4603.065,10437,16660415903701906029,0x3f8a3818
Deep,FR,4,416400,4929.419,20431,16096759558451495918,0x3f8a3818
Deep,FR,4,671950,4745.812,5485,7984204509393475337,0x3f8a3818
Deep,FR,4,100598,3881.993,316,14025822209793988776,0x3f8a3818
Deep,FR,4,130060,4641.707,5332,16447096817644265187,0x3f8a3818
Deep,FR,4,763603,4643.139,6039,2675965444298867792,0x3f8a3818
Deep,FR,4,229656,4840.311,33034,6434857475817613567,0x3f8a3818
Deep,FR,4,854752,4921.095,22330,5317554096436175220,0x3f8a3818
Deep,FR,4,717147,4984.714,36177,17992406192989618205,0x3f8a3818
Deep,FR,4,253796,3992.925,603,7357325001358704579,0x3f8a3818
Deep,FR,4,594298,5219.988,104020,3606055345110403996,0x3f8a3818
Deep,FR,4,802333,5104.646,57141,11652191883661406635,0x3f8a3818
Deep,FR,4,907497,4973.828,38286,15729367600791443267,0x3f8a3818
Deep,FR,4,970136,5000.802,35145,6453095899928726908,0x3f8a3818
Deep,FR,4,472710,4368.682,1771,337101075066734154,0x3f8a3818
Deep,FR,4,311434,4683.126,5129,4733800633900100260,0x3f8a3818
Deep,FR,4,152112,4807.142,12511,12266487770150659012,0x3f8a3818
Deep,FR,4,262882,4701.477,22393,12835014896091422454,0x3f8a3818
Deep,FR,4,706522,4670.659,5997,10494260899150088525,0x3f8a3818
Deep,FR,4,832912,5052.219,24418,4442606785420619152,0x3f8a3818
Deep,FR,4,303769,5017.298,91883,12601588069570564519,0x3f8a3818
Deep,FR,4,223701,4849.765,39049,8156394471858750068,0x3f8a3818
Deep,FR,4,809314,5053.676,53502,2887601204544182294,0x3f8a3818
Deep,FR,4,831243,4934.714,18459,17184389248536411848,0x3f8a3818
Deep,FR,4,831746,5044.142,25657,8069871599203802193,0x3f8a3818
Deep,FR,4,314373,4657.641,6649,7930500156481250159,0x3f8a3818
Deep,FR,4,810800,4846.455,11471,8078026710008835094,0x3f8a3818
Deep,FR,4,211855,5186.268,81263,17194343845329237592,0x3f8a3818
Deep,FR,4,533614,4778.101,9967,2075162202884674110,0x3f8a3818
Deep,FR,4,335471,4879.947,31039,811306315344642198,0x3f8a3818
Deep,FR,4,566134,4384.429,3556,5150105216967092161,0x3f8a3818
Deep,FR,4,738848,5301.55,91647,527134378642239240,0x3f8a3818
Deep,FR,4,359342,4799.861,11608,18254613711068042421,0x3f8a3818
Deep,FR,4,965210,4824.373,29711,8906948948597772149,0x3f8a3818
Deep,FR,4,928413,4946.776,53963,5672219278756306020,0x3f8a3818
Deep,FR,4,998782,4850.562,41031,14858962417192627408,0x3f8a3818
Deep,FR,4,248373,5193.833,66909,6594997471801334999,0x3f8a3818
Deep,FR,4,113110,4576.291,7713,15044239706030340721,0x3f8a3818
Deep,FR,4,421120,4752.716,27072,11156619838713472325,0x3f8a3818
Deep,FR,4,579626,4915.815,70020,15801899623856318834,0x3f8a3818
Deep,FR,4,997466,4146.683,1165,13297005540871771787,0x3f8a3818
Deep,FR,4,522760,5116.714,57504,589629908739724064,0x3f8a3818
Deep,FR,4,134930,4774.012,22780,5555924880431164060,0x3f8a3818
Deep,FR,4,786964,4942.467,12215,8666943971235242538,0x3f8a3818
Deep,FR,4,884325,4932.716,19486,3399900141687540970,0x3f8a3818
Deep,FR,4,552447,5025.734,36902,2990018976584339377,0x3f8a3818
Deep,FR,4,504571,5169.826,33606,1570378596586034923,0x3f8a3818
Deep,FR,4,951244,4781.193,9206,1749316506296530067,0x3f8a3818
Deep,FR,4,220807,4861.724,8813,16843876062107336051,0x3f8a3818
Deep,FR,4,681257,4145.532,3157,1149332497468486599,0x3f8a3818
Deep,FR,4,417658,4677.211,5481,6594395041703768799,0x3f8a3818
Deep,FR,4,266352,4747.845,28731,11281362833504578941,0x3f8a3818
Deep,FR,5,584510,4949.994,16806,14914879394619323640,0x3f8a3818
Deep,FR,5,860467,5206.455,53951,17049143744924134559,0x3f8a3818
Deep,FR,5,923923,5099.156,126938,9440306144162209561,0x3f8a3818
Deep,FR,5,533409,5051.337,43909,14686615024625846481,0x3f8a3818
Deep,FR,5,220435,4904.214,20362,9812354220569990141,0x3f8a3818
Deep,FR,5,395173,5010.104,79903,6302262262014071132,0x3f8a3818
Deep,FR,5,125555,4908.985,50997,612338914426534571,0x3f8a3818
Deep,FR,5,37317,4890.306,16211,9630984488420384674,0x3f8a3818
Deep,FR,5,326694,4749.104,4963,10376290640833276832,0x3f8a3818
Deep,FR,5,408325,5000.043,72371,2233598239453289699,0x3f8a3818
Deep,FR,5,928005,5079.957,59410,3424114004169399651,0x3f8a3818
Deep,FR,5,636852,4628.799,12737,10618904967847290727,0x3f8a3818
Deep,FR,5,565201,4628.573,10437,16660415903701906029,0x3f8a3818
Deep,FR,5,416400,4947.457,20431,16096759558451495918,0x3f8a3818
Deep,FR,5,671950,4782.789,5485,7984204509393475337,0x3f8a3818
Deep,FR,5,100598,3918.106,316,14025822209793988776,0x3f8a3818
Deep,FR,5,130060,4666.364,5332,16447096817644265187,0x3f8a3818
Deep,FR,5,763603,4681.935,6039,2675965444298867792,0x3f8a3818
Deep,FR,5,229656,4856.143,33034,6434857475817613567,0x3f8a3818
Deep,FR,5,854752,4883.022,22330,5317554096436175220,0x3f8a3818
Deep,FR,5,717147,5001.55,36177,17992406192989618205,0x3f8a3818
Deep,FR,5,253796,4017.095,603,7357325001358704579,0x3f8a3818
Deep,FR,5,594298,5225.823,104020,3606055345110403996,0x3f8a3818
Deep,FR,5,802333,5140.082,57141,11652191883661406635,0x3f8a3818
Deep,FR,5,907497,5018.704,38286,15729367600791443267,0x3f8a3818
Deep,FR,5,970136,5039.803,35145,6453095899928726908,0x3f8a3818
Deep,FR,5,472710,4386.27,1771,337101075066734154,0x3f8a3818
Deep,FR,5,311434,4714.016,5129,4733800633900100260,0x3f8a3818
Deep,FR,5,152112,4824.555,12511,12266487770150659012,0x3f8a3818
Deep,FR,5,262882,4756.176,22393,12835014896091422454,0x3f8a3818
Deep,FR,5,706522,4707.539,5997,10494260899150088525,0x3f8a3818
Deep,FR,5,832912,5101.547,24418,4442606785420619152,0x3f8a3818
Deep,FR,5,303769,5037.799,91883,12601588069570564519,0x3f8a3818
Deep,FR,5,223701,4896.248,39049,8156394471858750068,0x3f8a3818
Deep,FR,5,809314,5079.459,53502,2887601204544182294,0x3f8a3818
Deep,FR,5,831243,4958.602,18459,17184389248536411848,0x3f8a3818
Deep,FR,5,831746,5082.78,25657,8069871599203802193,0x3f8a3818
Deep,FR,5,314373,4688.271,6649,7930500156481250159,0x3f8a3818
Deep,FR,5,810800,4866.258,11471,8078026710008835094,0x3f8a3818
Deep,FR,5,211855,5218.518,81263,17194343845329237592,0x3f8a3818
Deep,FR,5,533614,4825.753,9967,2075162202884674110,0x3f8a3818
Deep,FR,5,335471,4912.87,31039,811306315344642198,0x3f8a3818
Deep,FR,5,566134,4420.406,3556,5150105216967092161,0x3f8a3818
Deep,FR,5,738848,5141.361,91647,527134378642239240,0x3f8a3818
Deep,FR,5,359342,4814.812,11608,18254613711068042421,0x3f8a3818
Deep,FR,5,965210,4850.421,29711,8906948948597772149,0x3f8a3818
Deep,FR,5,928413,5011.24,53963,5672219278756306020,0x3f8a3818
Deep,FR,5,998782,4848.935,41031,14858962417192627408,0x3f8a3818
Deep,FR,5,248373,5243.475,66909,6594997471801334999,0x3f8a3818
Deep,FR,5,113110,4614.691,7713,15044239706030340721,0x3f8a3818
Deep,FR,5,421120,4768.65,27072,11156619838713472325,0x3f8a3818
Deep,FR,5,579626,4939.292,70020,15801899623856318834,0x3f8a3818
Deep,FR,5,997466,4181.651,1165,13297005540871771787,0x3f8a3818
Deep,FR,5,522760,5150.826,57504,589629908739724064,0x3f8a3818
Deep,FR,5,134930,4811.034,22780,5555924880431164060,0x3f8a3818
Deep,FR,5,786964,5004.742,12215,8666943971235242538,0x3f8a3818
Deep,FR,5,884325,4966.338,19486,3399900141687540970,0x3f8a3818
Deep,FR,5,552447,5055.313,36902,2990018976584339377,0x3f8a3818
Deep,FR,5,504571,5197.268,33606,1570378596586034923,0x3f8a3818
Deep,FR,5,951244,4811.593,9206,1749316506296530067,0x3f8a3818
Deep,FR,5,220807,4887.331,8813,16843876062107336051,0x3f8a3818
Deep,FR,5,681257,4178.494,3157,1149332497468486599,0x3f8a3818
Deep,FR,5,417658,4687.693,5481,6594395041703768799,0x3f8a3818
Deep,FR,5,266352,4748.481,28731,11281362833504578941,0x3f8a3818
Deep,FR,6,584510,4922.614,16806,14914879394619323640,0x3f8a3818
Deep,FR,6,860467,5191.688,53951,17049143744924134559,0x3f8a3818
Deep,FR,6,923923,5084.355,126938,9440306144162209561,0x3f8a3818
Deep,FR,6,533409,5031.958,43909,14686615024625846481,0x3f8a3818
Deep,FR,6,220435,4869.01,20362,9812354220569990141,0x3f8a3818
Deep,FR,6,395173,4986.686,79903,6302262262014071132,0x3f8a3818
Deep,FR,6,125555,4884.424,50997,612338914426534571,0x3f8a3818
Deep,FR,6,37317,4864.935,16211,9630984488420384674,0x3f8a3818
Deep,FR,6,326694,4707.941,4963,10376290640833276832,0x3f8a3818
Deep,FR,6,408325,4982.102,72371,2233598239453289699,0x3f8a3818
Deep,FR,6,928005,5053.971,59410,3424114004169399651,0x3f8a3818
Deep,FR,6,636852,4603.957,12737,10618904967847290727,0x3f8a3818
Deep,FR,6,565201,4604.534,10437,16660415903701906029,0x3f8a3818
Deep,FR,6,416400,4946.892,20431,16096759558451495918,0x3f8a3818
Deep,FR,6,671950,4763.945,5485,7984204509393475337,0x3f8a3818
Deep,FR,6,100598,3892.552,316,14025822209793988776,0x3f8a3818
Deep,FR,6,130060,4638.867,5332,16447096817644265187,0x3f8a3818
Deep,FR,6,763603,4661.903,6039,2675965444298867792,0x3f8a3818
Deep,FR,6,229656,4831.974,33034,6434857475817613567,0x3f8a3818
Deep,FR,6,854752,4868.879,22330,5317554096436175220,0x3f8a3818
Deep,FR,6,717147,4984.848,36177,17992406192989618205,0x3f8a3818
Deep,FR,6,253796,3988.742,603,7357325001358704579,0x3f8a3818
Deep,FR,6,594298,5189.197,104020,3606055345110403996,0x3f8a3818
Deep,FR,6,802333,5096.197,57141,11652191883661406635,0x3f8a3818
Deep,FR,6,907497,4957.14,38286,15729367600791443267,0x3f8a3818
Deep,FR,6,970136,5030.08,35145,6453095899928726908,0x3f8a3818
Deep,FR,6,472710,4372.008,1771,337101075066734154,0x3f8a3818
Deep,FR,6,311434,4669.49,5129,4733800633900100260,0x3f8a3818
Deep,FR,6,152112,4819.6,12511,12266487770150659012,0x3f8a3818
Deep,FR,6,262882,4729.288,22393,12835014896091422454,0x3f8a3818
Deep,FR,6,706522,4683.505,5997,10494260899150088525,0x3f8a3818
Deep,FR,6,832912,5067.298,24418,4442606785420619152,0x3f8a3818
Deep,FR,6,303769,5010.557,91883,12601588069570564519,0x3f8a3818
Deep,FR,6,223701,4872.534,39049,8156394471858750068,0x3f8a3818
Deep,FR,6,809314,5054.776,53502,2887601204544182294,0x3f8a3818
Deep,FR,6,831243,4935.054,18459,17184389248536411848,0x3f8a3818
Deep,FR,6,831746,5062.565,25657,8069871599203802193,0x3f8a3818
Deep,FR,6,314373,4674.658,6649,7930500156481250159,0x3f8a3818
Deep,FR,6,810800,4851.492,11471,8078026710008835094,0x3f8a3818
Deep,FR,6,211855,5202.304,81263,17194343845329237592,0x3f8a3818
Deep,FR,6,533614,4785.207,9967,2075162202884674110,0x3f8a3818
Deep,FR,6,335471,4880.728,31039,811306315344642198,0x3f8a3818
Deep,FR,6,566134,4379.048,3556,5150105216967092161,0x3f8a3818
Deep,FR,6,738848,5108.514,91647,527134378642239240,0x3f8a3818
Deep,FR,6,359342,4800.069,11608,18254613711068042421,0x3f8a3818
Deep,FR,6,965210,4843.393,29711,8906948948597772149,0x3f8a3818
Deep,FR,6,928413,4967.23,53963,5672219278756306020,0x3f8a3818
Deep,FR,6,998782,4842.983,41031,14858962417192627408,0x3f8a3818
Deep,FR,6,248373,5194.695,66909,6594997471801334999,0x3f8a3818
Deep,FR,6,113110,4582.472,7713,15044239706030340721,0x3f8a3818
Deep,FR,6,421120,4726.472,27072,11156619838713472325,0x3f8a3818
Deep,FR,6,579626,4933.294,70020,15801899623856318834,0x3f8a3818
Deep,FR,6,997466,4133.691,1165,13297005540871771787,0x3f8a3818
Deep,FR,6,522760,5119.923,57504,589629908739724064,0x3f8a3818
Deep,FR,6,134930,4777.656,22780,5555924880431164060,0x3f8a3818
Deep,FR,6,786964,4938.812,12215,8666943971235242538,0x3f8a3818
Deep,FR,6,884325,4904.349,19486,3399900141687540970,0x3f8a3818
Deep,FR,6,552447,5021.194,36902,2990018976584339377,0x3f8a3818
Deep,FR,6,504571,5171.63,33606,1570378596586034923,0x3f8a3818
Deep,FR,6,951244,4762.508,9206,1749316506296530067,0x3f8a3818
Deep,FR,6,220807,4837.418,8813,16843876062107336051,0x3f8a3818
Deep,FR,6,681257,4137.872,3157,1149332497468486599,0x3f8a3818
Deep,FR,6,417658,4636.544,5481,6594395041703768799,0x3f8a3818
Deep,FR,6,266352,4702.744,28731,11281362833504578941,0x3f8a3818
Deep,FF,1,584510,5125.434,16806,14914879394619323640,0x3f8a3818
Deep,FF,1,860467,5329.756,53951,17049143744924134559,0x3f8a3818
Deep,FF,1,923923,5266.635,126938,9440306144162209561,0x3f8a3818
Deep,FF,1,533409,5136.617,43909,14686615024625846481,0x3f8a3818
Deep,FF,1,220435,4965.351,20362,9812354220569990141,0x3f8a3818
Deep,FF,1,395173,5163.152,79903,6302262262014071132,0x3f8a3818
Deep,FF,1,125555,5037.391,50997,612338914426534571,0x3f8a3818
Deep,FF,1,37317,4973.344,16211,9630984488420384674,0x3f8a3818
Deep,FF,1,326694,4879.569,4963,10376290640833276832,0x3f8a3818
Deep,FF,1,408325,5133.458,72371,2233598239453289699,0x3f8a3818
Deep,FF,1,928005,5198.864,59410,3424114004169399651,0x3f8a3818
Deep,FF,1,636852,4710.071,12737,10618904967847290727,0x3f8a3818
Deep,FF,1,565201,4723.513,10437,16660415903701906029,0x3f8a3818
Deep,FF,1,416400,5112.746,20431,16096759558451495918,0x3f8a3818
Deep,FF,1,671950,4866.344,5485,7984204509393475337,0x3f8a3818
Deep,FF,1,100598,4037.45,316,14025822209793988776,0x3f8a3818
Deep,FF,1,130060,4746.053,5332,16447096817644265187,0x3f8a3818
Deep,FF,1,763603,4772.382,6039,2675965444298867792,0x3f8a3818
Deep,FF,1,229656,4996.802,33034,6434857475817613567,0x3f8a3818
Deep,FF,1,854752,4973.212,22330,5317554096436175220,0x3f8a3818
Deep,FF,1,717147,5121.84,36177,17992406192989618205,0x3f8a3818
Deep,FF,1,253796,4155.845,603,7357325001358704579,0x3f8a3818
Deep,FF,1,594298,5384.608,104020,3606055345110403996,0x3f8a3818
Deep,FF,1,802333,5241.74,57141,11652191883661406635,0x3f8a3818
Deep,FF,1,907497,5092.561,38286,15729367600791443267,0x3f8a3818
Deep,FF,1,970136,5146.499,35145,6453095899928726908,0x3f8a3818
Deep,FF,1,472710,4491.291,1771,337101075066734154,0x3f8a3818
Deep,FF,1,311434,4796.662,5129,4733800633900100260,0x3f8a3818
Deep,FF,1,152112,5001.807,12511,12266487770150659012,0x3f8a3818
Deep,FF,1,262882,4851.515,22393,12835014896091422454,0x3f8a3818
Deep,FF,1,706522,4794.289,5997,10494260899150088525,0x3f8a3818
Deep,FF,1,832912,5201.639,24418,4442606785420619152,0x3f8a3818
Deep,FF,1,303769,5170.501,91883,12601588069570564519,0x3f8a3818
Deep,FF,1,223701,5015.716,39049,8156394471858750068,0x3f8a3818
Deep,FF,1,809314,5209.961,53502,2887601204544182294,0x3f8a3818
Deep,FF,1,831243,5092.14,18459,17184389248536411848,0x3f8a3818
Deep,FF,1,831746,5201.866,25657,8069871599203802193,0x3f8a3818
Deep,FF,1,314373,4779.475,6649,7930500156481250159,0x3f8a3818
Deep,FF,1,810800,4969.953,11471,8078026710008835094,0x3f8a3818
Deep,FF,1,211855,5352.375,81263,17194343845329237592,0x3f8a3818
Deep,FF,1,533614,4899.73,9967,2075162202884674110,0x3f8a3818
Deep,FF,1,335471,5009.762,31039,811306315344642198,0x3f8a3818
Deep,FF,1,566134,4507.595,3556,5150105216967092161,0x3f8a3818
Deep,FF,1,738848,5262.41,91647,527134378642239240,0x3f8a3818
Deep,FF,1,359342,4884.323,11608,18254613711068042421,0x3f8a3818
Deep,FF,1,965210,4980.276,29711,8906948948597772149,0x3f8a3818
Deep,FF,1,928413,5158.962,53963,5672219278756306020,0x3f8a3818
Deep,FF,1,998782,5019.259,41031,14858962417192627408,0x3f8a3818
Deep,FF,1,248373,5380.473,66909,6594997471801334999,0x3f8a3818
Deep,FF,1,113110,4671.127,7713,15044239706030340721,0x3f8a3818
Deep,FF,1,421120,4905.306,27072,11156619838713472325,0x3f8a3818
Deep,FF,1,579626,5062.355,70020,15801899623856318834,0x3f8a3818
Deep,FF,1,997466,4264.826,1165,13297005540871771787,0x3f8a3818
Deep,FF,1,522760,5236.061,57504,589629908739724064,0x3f8a3818
Deep,FF,1,134930,4953.26,22780,5555924880431164060,0x3f8a3818
Deep,FF,1,786964,5031.136,12215,8666943971235242538,0x3f8a3818
Deep,FF,1,884325,5016.79,19486,3399900141687540970,0x3f8a3818
Deep,FF,1,552447,5171.875,36902,2990018976584339377,0x3f8a3818
Deep,FF,1,504571,5292.327,33606,1570378596586034923,0x3f8a3818
Deep,FF,1,951244,4879.529,9206,1749316506296530067,0x3f8a3818
Deep,FF,1,220807,4919.183,8813,16843876062107336051,0x3f8a3818
Deep,FF,1,681257,4284.395,3157,1149332497468486599,0x3f8a3818
Deep,FF,1,417658,4750.463,5481,6594395041703768799,0x3f8a3818
Deep,FF,1,266352,4858.095,28731,11281362833504578941,0x3f8a3818
Deep,FF,2,584510,5033.816,16806,14914879394619323640,0x3f8a3818
Deep,FF,2,860467,5381.126,53951,17049143744924134559,0x3f8a3818
Deep,FF,2,923923,5269.874,126938,9440306144162209561,0x3f8a3818
Deep,FF,2,533409,5162.727,43909,14686615024625846481,0x3f8a3818
Deep,FF,2,220435,4966.403,20362,9812354220569990141,0x3f8a3818
Deep,FF,2,395173,5164.278,79903,6302262262014071132,0x3f8a3818
Deep,FF,2,125555,5048.4,50997,612338914426534571,0x3f8a3818
Deep,FF,2,37317,4957.998,16211,9630984488420384674,0x3f8a3818
Deep,FF,2,326694,4884.987,4963,10376290640833276832,0x3f8a3818
Deep,FF,2,408325,5123.847,72371,2233598239453289699,0x3f8a3818
Deep,FF,2,928005,5229.203,59410,3424114004169399651,0x3f8a3818
Deep,FF,2,636852,4740.12,12737,10618904967847290727,0x3f8a3818
Deep,FF,2,565201,4745.934,10437,16660415903701906029,0x3f8a3818
Deep,FF,2,416400,5056.812,20431,16096759558451495918,0x3f8a3818
Deep,FF,2,671950,4853.85,5485,7984204509393475337,0x3f8a3818
Deep,FF,2,100598,4040.581,316,14025822209793988776,0x3f8a3818
Deep,FF,2,130060,4754.126,5332,16447096817644265187,0x3f8a3818
Deep,FF,2,763603,4792.998,6039,2675965444298867792,0x3f8a3818
Deep,FF,2,229656,5002.824,33034,6434857475817613567,0x3f8a3818
Deep,FF,2,854752,4967.511,22330,5317554096436175220,0x3f8a3818
Deep,FF,2,717147,5147.683,36177,17992406192989618205,0x3f8a3818
Deep,FF,2,253796,4149.393,603,7357325001358704579,0x3f8a3818
Deep,FF,2,594298,5401.285,104020,3606055345110403996,0x3f8a3818
Deep,FF,2,802333,5290.607,57141,11652191883661406635,0x3f8a3818
Deep,FF,2,907497,5098.774,38286,15729367600791443267,0x3f8a3818
Deep,FF,2,970136,5174.688,35145,6453095899928726908,0x3f8a3818
Deep,FF,2,472710,4524.183,1771,337101075066734154,0x3f8a3818
Deep,FF,2,311434,4791.971,5129,4733800633900100260,0x3f8a3818
Deep,FF,2,152112,4988.504,12511,12266487770150659012,0x3f8a3818
Deep,FF,2,262882,4813.351,22393,12835014896091422454,0x3f8a3818
Deep,FF,2,706522,4801.755,5997,10494260899150088525,0x3f8a3818
Deep,FF,2,832912,5171.739,24418,4442606785420619152,0x3f8a3818
Deep,FF,2,303769,5183.655,91883,12601588069570564519,0x3f8a3818
Deep,FF,2,223701,5027.516,39049,8156394471858750068,0x3f8a3818
Deep,FF,2,809314,5221.154,53502,2887601204544182294,0x3f8a3818
Deep,FF,2,831243,5096.617,18459,17184389248536411848,0x3f8a3818
Deep,FF,2,831746,5316.206,25657,8069871599203802193,0x3f8a3818
Deep,FF,2,314373,4818.117,6649,7930500156481250159,0x3f8a3818
Deep,FF,2,810800,4996.925,11471,8078026710008835094,0x3f8a3818
Deep,FF,2,211855,5356.332,81263,17194343845329237592,0x3f8a3818
Deep,FF,2,533614,4922.538,9967,2075162202884674110,0x3f8a3818
Deep,FF,2,335471,5003.637,31039,811306315344642198,0x3f8a3818
Deep,FF,2,566134,4515.491,3556,5150105216967092161,0x3f8a3818
Deep,FF,2,738848,5288.499,91647,527134378642239240,0x3f8a3818
Deep,FF,2,359342,4878.266,11608,18254613711068042421,0x3f8a3818
Deep,FF,2,965210,5012.547,29711,8906948948597772149,0x3f8a3818
Deep,FF,2,928413,5133.43,53963,5672219278756306020,0x3f8a3818
Deep,FF,2,998782,5004.144,41031,14858962417192627408,0x3f8a3818
Deep,FF,2,248373,5363.25,66909,6594997471801334999,0x3f8a3818
Deep,FF,2,113110,4707.338,7713,15044239706030340721,0x3f8a3818
Deep,FF,2,421120,4909.976,27072,11156619838713472325,0x3f8a3818
Deep,FF,2,579626,5175.116,70020,15801899623856318834,0x3f8a3818
Deep,FF,2,997466,4313.379,1165,13297005540871771787,0x3f8a3818
Deep,FF,2,522760,5252.082,57504,589629908739724064,0x3f8a3818
Deep,FF,2,134930,4967.283,22780,5555924880431164060,0x3f8a3818
Deep,FF,2,786964,5057.967,12215,8666943971235242538,0x3f8a3818
Deep,FF,2,884325,5043.451,19486,3399900141687540970,0x3f8a3818
Deep,FF,2,552447,5182.736,36902,2990018976584339377,0x3f8a3818
Deep,FF,2,504571,5339.841,33606,1570378596586034923,0x3f8a3818
Deep,FF,2,951244,4887.099,9206,1749316506296530067,0x3f8a3818
Deep,FF,2,220807,4961.858,8813,16843876062107336051,0x3f8a3818
Deep,FF,2,681257,4304.431,3157,1149332497468486599,0x3f8a3818
Deep,FF,2,417658,4772.632,5481,6594395041703768799,0x3f8a3818
Deep,FF,2,266352,4884.28,28731,11281362833504578941,0x3f8a3818
Deep,FF,3,584510,5045.076,16806,14914879394619323640,0x3f8a3818
Deep,FF,3,860467,5344.724,53951,17049143744924134559,0x3f8a3818
Deep,FF,3,923923,5256.263,126938,9440306144162209561,0x3f8a3818
Deep,FF,3,533409,5130.447,43909,14686615024625846481,0x3f8a3818
Deep,FF,3,220435,4955.485,20362,9812354220569990141,0x3f8a3818
Deep,FF,3,395173,5146.438,79903,6302262262014071132,0x3f8a3818
Deep,FF,3,125555,5036.155,50997,612338914426534571,0x3f8a3818
Deep,FF,3,37317,4954.792,16211,9630984488420384674,0x3f8a3818
Deep,FF,3,326694,4850.582,4963,10376290640833276832,0x3f8a3818
Deep,FF,3,408325,5116.085,72371,2233598239453289699,0x3f8a3818
Deep,FF,3,928005,5170.659,59410,3424114004169399651,0x3f8a3818
Deep,FF,3,636852,4708.008,12737,10618904967847290727,0x3f8a3818
Deep,FF,3,565201,4736.783,10437,16660415903701906029,0x3f8a3818
Deep,FF,3,416400,5074.058,20431,16096759558451495918,0x3f8a3818
Deep,FF,3,671950,5074.496,5485,7984204509393475337,0x3f8a3818
Deep,FF,3,100598,4050.676,316,14025822209793988776,0x3f8a3818
Deep,FF,3,130060,4753.608,5332,16447096817644265187,0x3f8a3818
Deep,FF,3,763603,4779.408,6039,2675965444298867792,0x3f8a3818
Deep,FF,3,229656,4995.117,33034,6434857475817613567,0x3f8a3818
Deep,FF,3,854752,4935.198,22330,5317554096436175220,0x3f8a3818
Deep,FF,3,717147,5113.947,36177,17992406192989618205,0x3f8a3818
Deep,FF,3,253796,4134.354,603,7357325001358704579,0x3f8a3818
Deep,FF,3,594298,5359.527,104020,3606055345110403996,0x3f8a3818
Deep,FF,3,802333,5271.035,57141,11652191883661406635,0x3f8a3818
Deep,FF,3,907497,5050.216,38286,15729367600791443267,0x3f8a3818
Deep,FF,3,970136,5153.03,35145,6453095899928726908,0x3f8a3818
Deep,FF,3,472710,4460.17,1771,337101075066734154,0x3f8a3818
Deep,FF,3,311434,4770.368,5129,4733800633900100260,0x3f8a3818
Deep,FF,3,152112,4994.014,12511,12266487770150659012,0x3f8a3818
Deep,FF,3,262882,4843.511,22393,12835014896091422454,0x3f8a3818
Deep,FF,3,706522,4809.457,5997,10494260899150088525,0x3f8a3818
Deep,FF,3,832912,5194.442,24418,4442606785420619152,0x3f8a3818
Deep,FF,3,303769,5178.09,91883,12601588069570564519,0x3f8a3818
Deep,FF,3,223701,5003.211,39049,8156394471858750068,0x3f8a3818
Deep,FF,3,809314,5218.31,53502,2887601204544182294,0x3f8a3818
Deep,FF,3,831243,5052.564,18459,17184389248536411848,0x3f8a3818
Deep,FF,3,831746,5170.773,25657,8069871599203802193,0x3f8a3818
Deep,FF,3,314373,4776.286,6649,7930500156481250159,0x3f8a3818
Deep,FF,3,810800,4998.149,11471,8078026710008835094,0x3f8a3818
Deep,FF,3,211855,5328.431,81263,17194343845329237592,0x3f8a3818
Deep,FF,3,533614,4893.176,9967,2075162202884674110,0x3f8a3818
Deep,FF,3,335471,4999.633,31039,811306315344642198,0x3f8a3818
Deep,FF,3,566134,4498.943,3556,5150105216967092161,0x3f8a3818
Deep,FF,3,738848,5259.896,91647,527134378642239240,0x3f8a3818
Deep,FF,3,359342,4885.311,11608,18254613711068042421,0x3f8a3818
Deep,FF,3,965210,4970.336,29711,8906948948597772149,0x3f8a3818
Deep,FF,3,928413,5120.553,53963,5672219278756306020,0x3f8a3818
Deep,FF,3,998782,5015.719,41031,14858962417192627408,0x3f8a3818
Deep,FF,3,248373,5371.861,66909,6594997471801334999,0x3f8a3818
Deep,FF,3,113110,4728.928,7713,15044239706030340721,0x3f8a3818
Deep,FF,3,421120,4887.037,27072,11156619838713472325,0x3f8a3818
Deep,FF,3,579626,5105.837,70020,15801899623856318834,0x3f8a3818
Deep,FF,3,997466,4303.149,1165,13297005540871771787,0x3f8a3818
Deep,FF,3,522760,5235.026,57504,589629908739724064,0x3f8a3818
Deep,FF,3,134930,4931.236,22780,5555924880431164060,0x3f8a3818
Deep,FF,3,786964,5055.631,12215,8666943971235242538,0x3f8a3818
Deep,FF,3,884325,5049.947,19486,3399900141687540970,0x3f8a3818
Deep,FF,3,552447,5186.369,36902,2990018976584339377,0x3f8a3818
Deep,FF,3,504571,5333.852,33606,1570378596586034923,0x3f8a3818
Deep,FF,3,951244,4902.761,9206,1749316506296530067,0x3f8a3818
Deep,FF,3,220807,4935.911,8813,16843876062107336051,0x3f8a3818
Deep,FF,3,681257,4291.547,3157,1149332497468486599,0x3f8a3818
Deep,FF,3,417658,4755.917,5481,6594395041703768799,0x3f8a3818
Deep,FF,3,266352,4894.067,28731,11281362833504578941,0x3f8a3818
Deep,FF,4,584510,5146.709,16806,14914879394619323640,0x3f8a3818
Deep,FF,4,860467,5416.387,53951,17049143744924134559,0x3f8a3818
Deep,FF,4,923923,5286.33,126938,9440306144162209561,0x3f8a3818
Deep,FF,4,533409,5171.914,43909,14686615024625846481,0x3f8a3818
Deep,FF,4,220435,4985.882,20362,9812354220569990141,0x3f8a3818
Deep,FF,4,395173,5191.989,79903,6302262262014071132,0x3f8a3818
Deep,FF,4,125555,5069.722,50997,612338914426534571,0x3f8a3818
Deep,FF,4,37317,5003.524,16211,9630984488420384674,0x3f8a3818
Deep,FF,4,326694,4868.311,4963,10376290640833276832,0x3f8a3818
Deep,FF,4,408325,5165.131,72371,2233598239453289699,0x3f8a3818
Deep,FF,4,928005,5240.765,59410,3424114004169399651,0x3f8a3818
Deep,FF,4,636852,4747.034,12737,10618904967847290727,0x3f8a3818
Deep,FF,4,565201,4740.924,10437,16660415903701906029,0x3f8a3818
Deep,FF,4,416400,5073.388,20431,16096759558451495918,0x3f8a3818
Deep,FF,4,671950,4887.787,5485,7984204509393475337,0x3f8a3818
Deep,FF,4,100598,4097.402,316,14025822209793988776,0x3f8a3818
Deep,FF,4,130060,4792.412,5332,16447096817644265187,0x3f8a3818
Deep,FF,4,763603,4807.104,6039,2675965444298867792,0x3f8a3818
Deep,FF,4,229656,4964.505,33034,6434857475817613567,0x3f8a3818
Deep,FF,4,854752,4985.309,22330,5317554096436175220,0x3f8a3818
Deep,FF,4,717147,5137.296,36177,17992406192989618205,0x3f8a3818
Deep,FF,4,253796,4179.15,603,7357325001358704579,0x3f8a3818
Deep,FF,4,594298,5401.35,104020,3606055345110403996,0x3f8a3818
Deep,FF,4,802333,5287.709,57141,11652191883661406635,0x3f8a3818
Deep,FF,4,907497,5111.098,38286,15729367600791443267,0x3f8a3818
Deep,FF,4,970136,5164.593,35145,6453095899928726908,0x3f8a3818
Deep,FF,4,472710,4483.677,1771,337101075066734154,0x3f8a3818
Deep,FF,4,311434,4822.44,5129,4733800633900100260,0x3f8a3818
Deep,FF,4,152112,4997.936,12511,12266487770150659012,0x3f8a3818
Deep,FF,4,262882,4837.788,22393,12835014896091422454,0x3f8a3818
Deep,FF,4,706522,4810.469,5997,10494260899150088525,0x3f8a3818
Deep,FF,4,832912,5213.907,24418,4442606785420619152,0x3f8a3818
Deep,FF,4,303769,5201.94,91883,12601588069570564519,0x3f8a3818
Deep,FF,4,223701,5070.69,39049,8156394471858750068,0x3f8a3818
Deep,FF,4,809314,5234.219,53502,2887601204544182294,0x3f8a3818
Deep,FF,4,831243,5112.401,18459,17184389248536411848,0x3f8a3818
Deep,FF,4,831746,5211.195,25657,8069871599203802193,0x3f8a3818
Deep,FF,4,314373,4850.442,6649,7930500156481250159,0x3f8a3818
Deep,FF,4,810800,4984.079,11471,8078026710008835094,0x3f8a3818
Deep,FF,4,211855,5361.084,81263,17194343845329237592,0x3f8a3818
Deep,FF,4,533614,4951.782,9967,2075162202884674110,0x3f8a3818
Deep,FF,4,335471,5032.055,31039,811306315344642198,0x3f8a3818
Deep,FF,4,566134,4535.89,3556,5150105216967092161,0x3f8a3818
Deep,FF,4,738848,5287.582,91647,527134378642239240,0x3f8a3818
Deep,FF,4,359342,4916.213,11608,18254613711068042421,0x3f8a3818
Deep,FF,4,965210,5029.787,29711,8906948948597772149,0x3f8a3818
Deep,FF,4,928413,5172.355,53963,5672219278756306020,0x3f8a3818
Deep,FF,4,998782,5026.985,41031,14858962417192627408,0x3f8a3818
Deep,FF,4,248373,5353.542,66909,6594997471801334999,0x3f8a3818
Deep,FF,4,113110,4709.105,7713,15044239706030340721,0x3f8a3818
Deep,FF,4,421120,4916.546,27072,11156619838713472325,0x3f8a3818
Deep,FF,4,579626,5114.531,70020,15801899623856318834,0x3f8a3818
Deep,FF,4,997466,4316.579,1165,13297005540871771787,0x3f8a3818
Deep,FF,4,522760,5278.068,57504,589629908739724064,0x3f8a3818
Deep,FF,4,134930,4968.062,22780,5555924880431164060,0x3f8a3818
Deep,FF,4,786964,5080.999,12215,8666943971235242538,0x3f8a3818
Deep,FF,4,884325,5118.669,19486,3399900141687540970,0x3f8a3818
Deep,FF,4,552447,5289.918,36902,2990018976584339377,0x3f8a3818
Deep,FF,4,504571,5464.675,33606,1570378596586034923,0x3f8a3818
Deep,FF,4,951244,4911.132,9206,1749316506296530067,0x3f8a3818
Deep,FF,4,220807,4984.847,8813,16843876062107336051,0x3f8a3818
Deep,FF,4,681257,4308.765,3157,1149332497468486599,0x3f8a3818
Deep,FF,4,417658,4799.349,5481,6594395041703768799,0x3f8a3818
Deep,FF,4,266352,4906.239,28731,11281362833504578941,0x3f8a3818
Deep,FF,5,584510,5070.176,16806,14914879394619323640,0x3f8a3818
Deep,FF,5,860467,5347.108,53951,17049143744924134559,0x3f8a3818
Deep,FF,5,923923,5255.502,126938,9440306144162209561,0x3f8a3818
Deep,FF,5,533409,5138.161,43909,14686615024625846481,0x3f8a3818
Deep,FF,5,220435,4984.244,20362,9812354220569990141,0x3f8a3818
Deep,FF,5,395173,5199.625,79903,6302262262014071132,0x3f8a3818
Deep,FF,5,125555,5064.413,50997,612338914426534571,0x3f8a3818
Deep,FF,5,37317,5016.267,16211,9630984488420384674,0x3f8a3818
Deep,FF,5,326694,4859.96,4963,10376290640833276832,0x3f8a3818
Deep,FF,5,408325,5166.951,72371,2233598239453289699,0x3f8a3818
Deep,FF,5,928005,5228.216,59410,3424114004169399651,0x3f8a3818
Deep,FF,5,636852,4751.119,12737,10618904967847290727,0x3f8a3818
Deep,FF,5,565201,4749.02,10437,16660415903701906029,0x3f8a3818
Deep,FF,5,416400,5067.534,20431,16096759558451495918,0x3f8a3818
Deep,FF,5,671950,4888.316,5485,7984204509393475337,0x3f8a3818
Deep,FF,5,100598,4074.366,316,14025822209793988776,0x3f8a3818
Deep,FF,5,130060,4790.203,5332,16447096817644265187,0x3f8a3818
Deep,FF,5,763603,4812.852,6039,2675965444298867792,0x3f8a3818
Deep,FF,5,229656,5005.154,33034,6434857475817613567,0x3f8a3818
Deep,FF,5,854752,4976.558,22330,5317554096436175220,0x3f8a3818
Deep,FF,5,717147,5133.896,36177,17992406192989618205,0x3f8a3818
Deep,FF,5,253796,4153.085,603,7357325001358704579,0x3f8a3818
Deep,FF,5,594298,5394.226,104020,3606055345110403996,0x3f8a3818
Deep,FF,5,802333,5306.503,57141,11652191883661406635,0x3f8a3818
Deep,FF,5,907497,5114.25,38286,15729367600791443267,0x3f8a3818
Deep,FF,5,970136,5169.015,35145,6453095899928726908,0x3f8a3818
Deep,FF,5,472710,4508.294,1771,337101075066734154,0x3f8a3818
Deep,FF,5,311434,4803.69,5129,4733800633900100260,0x3f8a3818
Deep,FF,5,152112,4987.67,12511,12266487770150659012,0x3f8a3818
Deep,FF,5,262882,4834.251,22393,12835014896091422454,0x3f8a3818
Deep,FF,5,706522,4828.227,5997,10494260899150088525,0x3f8a3818
Deep,FF,5,832912,5188.823,24418,4442606785420619152,0x3f8a3818
Deep,FF,5,303769,5212.32,91883,12601588069570564519,0x3f8a3818
Deep,FF,5,223701,5027.098,39049,8156394471858750068,0x3f8a3818
Deep,FF,5,809314,5254.184,53502,2887601204544182294,0x3f8a3818
Deep,FF,5,831243,5117.693,18459,17184389248536411848,0x3f8a3818
Deep,FF,5,831746,5222.303,25657,8069871599203802193,0x3f8a3818
Deep,FF,5,314373,4800.818,6649,7930500156481250159,0x3f8a3818
Deep,FF,5,810800,5007.701,11471,8078026710008835094,0x3f8a3818
Deep,FF,5,211855,5348.094,81263,17194343845329237592,0x3f8a3818
Deep,FF,5,533614,4919.524,9967,2075162202884674110,0x3f8a3818
Deep,FF,5,335471,5044.228,31039,811306315344642198,0x3f8a3818
Deep,FF,5,566134,4559.182,3556,5150105216967092161,0x3f8a3818
Deep,FF,5,738848,5279.035,91647,527134378642239240,0x3f8a3818
Deep,FF,5,359342,4903.421,11608,18254613711068042421,0x3f8a3818
Deep,FF,5,965210,5025.727,29711,8906948948597772149,0x3f8a3818
Deep,FF,5,928413,5153.799,53963,5672219278756306020,0x3f8a3818
Deep,FF,5,998782,5112.475,41031,14858962417192627408,0x3f8a3818
Deep,FF,5,248373,5424.829,66909,6594997471801334999,0x3f8a3818
Deep,FF,5,113110,4772.78,7713,15044239706030340721,0x3f8a3818
Deep,FF,5,421120,4924.29,27072,11156619838713472325,0x3f8a3818
Deep,FF,5,579626,5105.087,70020,15801899623856318834,0x3f8a3818
Deep,FF,5,997466,4296.569,1165,13297005540871771787,0x3f8a3818
Deep,FF,5,522760,5284.903,57504,589629908739724064,0x3f8a3818
Deep,FF,5,134930,4989.871,22780,5555924880431164060,0x3f8a3818
Deep,FF,5,786964,5086.929,12215,8666943971235242538,0x3f8a3818
Deep,FF,5,884325,5081.875,19486,3399900141687540970,0x3f8a3818
Deep,FF,5,552447,5214.354,36902,2990018976584339377,0x3f8a3818
Deep,FF,5,504571,5349.601,33606,1570378596586034923,0x3f8a3818
Deep,FF,5,951244,4894.825,9206,1749316506296530067,0x3f8a3818
Deep,FF,5,220807,4960.166,8813,16843876062107336051,0x3f8a3818
Deep,FF,5,681257,4312.185,3157,1149332497468486599,0x3f8a3818
Deep,FF,5,417658,4816.889,5481,6594395041703768799,0x3f8a3818
Deep,FF,5,266352,5128.708,28731,11281362833504578941,0x3f8a3818
Deep,FF,6,584510,5051.826,16806,14914879394619323640,0x3f8a3818
Deep,FF,6,860467,5336.285,53951,17049143744924134559,0x3f8a3818
Deep,FF,6,923923,5242.242,126938,9440306144162209561,0x3f8a3818
Deep,FF,6,533409,5136.383,43909,14686615024625846481,0x3f8a3818
Deep,FF,6,220435,4959.239,20362,9812354220569990141,0x3f8a3818
Deep,FF,6,395173,5213.183,79903,6302262262014071132,0x3f8a3818
Deep,FF,6,125555,5073.26,50997,612338914426534571,0x3f8a3818
Deep,FF,6,37317,4984.338,16211,9630984488420384674,0x3f8a3818
Deep,FF,6,326694,4869.591,4963,10376290640833276832,0x3f8a3818
Deep,FF,6,408325,5150.572,72371,2233598239453289699,0x3f8a3818
Deep,FF,6,928005,5208.865,59410,3424114004169399651,0x3f8a3818
Deep,FF,6,636852,4734.266,12737,10618904967847290727,0x3f8a3818
Deep,FF,6,565201,4737.18,10437,16660415903701906029,0x3f8a3818
Deep,FF,6,416400,5067.313,20431,16096759558451495918,0x3f8a3818
Deep,FF,6,671950,4888.698,5485,7984204509393475337,0x3f8a3818
Deep,FF,6,100598,4038.375,316,14025822209793988776,0x3f8a3818
Deep,FF,6,130060,4761.63,5332,16447096817644265187,0x3f8a3818
Deep,FF,6,763603,4804.517,6039,2675965444298867792,0x3f8a3818
Deep,FF,6,229656,4989.042,33034,6434857475817613567,0x3f8a3818
Deep,FF,6,854752,4983.056,22330,5317554096436175220,0x3f8a3818
Deep,FF,6,717147,5138.518,36177,17992406192989618205,0x3f8a3818
Deep,FF,6,253796,4169.811,603,7357325001358704579,0x3f8a3818
Deep,FF,6,594298,5389.405,104020,3606055345110403996,0x3f8a3818
Deep,FF,6,802333,5294.915,57141,11652191883661406635,0x3f8a3818
Deep,FF,6,907497,5088.149,38286,15729367600791443267,0x3f8a3818
Deep,FF,6,970136,5157.561,35145,6453095899928726908,0x3f8a3818
Deep,FF,6,472710,4517.889,1771,337101075066734154,0x3f8a3818
Deep,FF,6,311434,4781.401,5129,4733800633900100260,0x3f8a3818
Deep,FF,6,152112,4973.489,12511,12266487770150659012,0x3f8a3818
Deep,FF,6,262882,4851.054,22393,12835014896091422454,0x3f8a3818
Deep,FF,6,706522,4813.441,5997,10494260899150088525,0x3f8a3818
Deep,FF,6,832912,5274.508,24418,4442606785420619152,0x3f8a3818
Deep,FF,6,303769,5169.467,91883,12601588069570564519,0x3f8a3818
Deep,FF,6,223701,5045.261,39049,8156394471858750068,0x3f8a3818
Deep,FF,6,809314,5251.094,53502,2887601204544182294,0x3f8a3818
Deep,FF,6,831243,5085.73,18459,17184389248536411848,0x3f8a3818
Deep,FF,6,831746,5218.806,25657,8069871599203802193,0x3f8a3818
Deep,FF,6,314373,4791.772,6649,7930500156481250159,0x3f8a3818
Deep,FF,6,810800,4967.925,11471,8078026710008835094,0x3f8a3818
Deep,FF,6,211855,5338.151,81263,17194343845329237592,0x3f8a3818
Deep,FF,6,533614,4904.958,9967,2075162202884674110,0x3f8a3818
Deep,FF,6,335471,5019.044,31039,811306315344642198,0x3f8a3818
Deep,FF,6,566134,4532.034,3556,5150105216967092161,0x3f8a3818
Deep,FF,6,738848,5267.167,91647,527134378642239240,0x3f8a3818
Deep,FF,6,359342,4917.044,11608,18254613711068042421,0x3f8a3818
Deep,FF,6,965210,4991.72,29711,8906948948597772149,0x3f8a3818
Deep,FF,6,928413,5217.897,53963,5672219278756306020,0x3f8a3818
Deep,FF,6,998782,5017.657,41031,14858962417192627408,0x3f8a3818
Deep,FF,6,248373,5323.495,66909,6594997471801334999,0x3f8a3818
Deep,FF,6,113110,4693.335,7713,15044239706030340721,0x3f8a3818
Deep,FF,6,421120,4919.871,27072,11156619838713472325,0x3f8a3818
Deep,FF,6,579626,5098.535,70020,15801899623856318834,0x3f8a3818
Deep,FF,6,997466,4316.686,1165,13297005540871771787,0x3f8a3818
Deep,FF,6,522760,5271.616,57504,589629908739724064,0x3f8a3818
Deep,FF,6,134930,4945.085,22780,5555924880431164060,0x3f8a3818
Deep,FF,6,786964,5040.922,12215,8666943971235242538,0x3f8a3818
Deep,FF,6,884325,5086.473,19486,3399900141687540970,0x3f8a3818
Deep,FF,6,552447,5198.887,36902,2990018976584339377,0x3f8a3818
Deep,FF,6,504571,5332.635,33606,1570378596586034923,0x3f8a3818
Deep,FF,6,951244,4892.84,9206,1749316506296530067,0x3f8a3818
Deep,FF,6,220807,4990.869,8813,16843876062107336051,0x3f8a3818
Deep,FF,6,681257,4315.347,3157,1149332497468486599,0x3f8a3818
Deep,FF,6,417658,4783.487,5481,6594395041703768799,0x3f8a3818
Deep,FF,6,266352,4866.955,28731,11281362833504578941,0x3f8a3818
Deep,CR1,1,584510,4982.647,16806,14914879394619323640,0x3f8a3818
Deep,CR1,1,860467,5241.189,53951,17049143744924134559,0x3f8a3818
Deep,CR1,1,923923,5162.544,126938,9440306144162209561,0x3f8a3818
Deep,CR1,1,533409,5085.173,43909,14686615024625846481,0x3f8a3818
Deep,CR1,1,220435,4929.872,20362,9812354220569990141,0x3f8a3818
Deep,CR1,1,395173,5043.484,79903,6302262262014071132,0x3f8a3818
Deep,CR1,1,125555,4963.369,50997,612338914426534571,0x3f8a3818
Deep,CR1,1,37317,4911.17,16211,9630984488420384674,0x3f8a3818
Deep,CR1,1,326694,4784.806,4963,10376290640833276832,0x3f8a3818
Deep,CR1,1,408325,5020.421,72371,2233598239453289699,0x3f8a3818
Deep,CR1,1,928005,5093.565,59410,3424114004169399651,0x3f8a3818
Deep,CR1,1,636852,4641.945,12737,10618904967847290727,0x3f8a3818
Deep,CR1,1,565201,4667.716,10437,16660415903701906029,0x3f8a3818
Deep,CR1,1,416400,5008.319,20431,16096759558451495918,0x3f8a3818
Deep,CR1,1,671950,4832.112,5485,7984204509393475337,0x3f8a3818
Deep,CR1,1,100598,3931.564,316,14025822209793988776,0x3f8a3818
Deep,CR1,1,130060,4714.891,5332,16447096817644265187,0x3f8a3818
Deep,CR1,1,763603,4685.496,6039,2675965444298867792,0x3f8a3818
Deep,CR1,1,229656,4889.73,33034,6434857475817613567,0x3f8a3818
Deep,CR1,1,854752,4954.817,22330,5317554096436175220,0x3f8a3818
Deep,CR1,1,717147,5055.197,36177,17992406192989618205,0x3f8a3818
Deep,CR1,1,253796,4048.75,603,7357325001358704579,0x3f8a3818
Deep,CR1,1,594298,5251.764,104020,3606055345110403996,0x3f8a3818
Deep,CR1,1,802333,5159.933,57141,11652191883661406635,0x3f8a3818
Deep,CR1,1,907497,5014.055,38286,15729367600791443267,0x3f8a3818
Deep,CR1,1,970136,5067.418,35145,6453095899928726908,0x3f8a3818
Deep,CR1,1,472710,4430.052,1771,337101075066734154,0x3f8a3818
Deep,CR1,1,311434,4721.555,5129,4733800633900100260,0x3f8a3818
Deep,CR1,1,152112,4865.268,12511,12266487770150659012,0x3f8a3818
Deep,CR1,1,262882,4744.468,22393,12835014896091422454,0x3f8a3818
Deep,CR1,1,706522,4728.711,5997,10494260899150088525,0x3f8a3818
Deep,CR1,1,832912,5143.87,24418,4442606785420619152,0x3f8a3818
Deep,CR1,1,303769,5076.53,91883,12601588069570564519,0x3f8a3818
Deep,CR1,1,223701,4904.331,39049,8156394471858750068,0x3f8a3818
Deep,CR1,1,809314,5115.802,53502,2887601204544182294,0x3f8a3818
Deep,CR1,1,831243,4954.541,18459,17184389248536411848,0x3f8a3818
Deep,CR1,1,831746,5115.682,25657,8069871599203802193,0x3f8a3818
Deep,CR1,1,314373,4727.681,6649,7930500156481250159,0x3f8a3818
Deep,CR1,1,810800,4913.537,11471,8078026710008835094,0x3f8a3818
Deep,CR1,1,211855,5245.089,81263,17194343845329237592,0x3f8a3818
Deep,CR1,1,533614,4851.687,9967,2075162202884674110,0x3f8a3818
Deep,CR1,1,335471,4933.939,31039,811306315344642198,0x3f8a3818
Deep,CR1,1,566134,4457.681,3556,5150105216967092161,0x3f8a3818
Deep,CR1,1,738848,5146.579,91647,527134378642239240,0x3f8a3818
Deep,CR1,1,359342,4843.106,11608,18254613711068042421,0x3f8a3818
Deep,CR1,1,965210,4873.053,29711,8906948948597772149,0x3f8a3818
Deep,CR1,1,928413,5038.213,53963,5672219278756306020,0x3f8a3818
Deep,CR1,1,998782,4908.761,41031,14858962417192627408,0x3f8a3818
Deep,CR1,1,248373,5273.393,66909,6594997471801334999,0x3f8a3818
Deep,CR1,1,113110,4635.694,7713,15044239706030340721,0x3f8a3818
Deep,CR1,1,421120,4784.837,27072,11156619838713472325,0x3f8a3818
Deep,CR1,1,579626,4978.856,70020,15801899623856318834,0x3f8a3818
Deep,CR1,1,997466,4197.909,1165,13297005540871771787,0x3f8a3818
Deep,CR1,1,522760,5175.527,57504,589629908739724064,0x3f8a3818
Deep,CR1,1,134930,4852.01,22780,5555924880431164060,0x3f8a3818
Deep,CR1,1,786964,5001.749,12215,8666943971235242538,0x3f8a3818
Deep,CR1,1,884325,4968.034,19486,3399900141687540970,0x3f8a3818
Deep,CR1,1,552447,5049.22,36902,2990018976584339377,0x3f8a3818
Deep,CR1,1,504571,5229.219,33606,1570378596586034923,0x3f8a3818
Deep,CR1,1,951244,4838.139,9206,1749316506296530067,0x3f8a3818
Deep,CR1,1,220807,4908.189,8813,16843876062107336051,0x3f8a3818
Deep,CR1,1,681257,4209.05,3157,1149332497468486599,0x3f8a3818
Deep,CR1,1,417658,4763.948,5481,6594395041703768799,0x3f8a3818
Deep,CR1,1,266352,4805.473,28731,11281362833504578941,0x3f8a3818
Deep,CR1,2,584510,4981.555,16806,14914879394619323640,0x3f8a3818
Deep,CR1,2,860467,5233.397,53951,17049143744924134559,0x3f8a3818
Deep,CR1,2,923923,5131.659,126938,9440306144162209561,0x3f8a3818
Deep,CR1,2,533409,5090.027,43909,14686615024625846481,0x3f8a3818
Deep,CR1,2,220435,4938.478,20362,9812354220569990141,0x3f8a3818
Deep,CR1,2,395173,5062.178,79903,6302262262014071132,0x3f8a3818
Deep,CR1,2,125555,4953.608,50997,612338914426534571,0x3f8a3818
Deep,CR1,2,37317,4925.853,16211,9630984488420384674,0x3f8a3818
Deep,CR1,2,326694,4806.595,4963,10376290640833276832,0x3f8a3818
Deep,CR1,2,408325,5056.76,72371,2233598239453289699,0x3f8a3818
Deep,CR1,2,928005,5108.639,59410,3424114004169399651,0x3f8a3818
Deep,CR1,2,636852,4671.031,12737,10618904967847290727,0x3f8a3818
Deep,CR1,2,565201,4664.202,10437,16660415903701906029,0x3f8a3818
Deep,CR1,2,416400,5002.222,20431,16096759558451495918,0x3f8a3818
Deep,CR1,2,671950,4837.15,5485,7984204509393475337,0x3f8a3818
Deep,CR1,2,100598,3965.292,316,14025822209793988776,0x3f8a3818
Deep,CR1,2,130060,4730.81,5332,16447096817644265187,0x3f8a3818
Deep,CR1,2,763603,4720.281,6039,2675965444298867792,0x3f8a3818
Deep,CR1,2,229656,4919.071,33034,6434857475817613567,0x3f8a3818
Deep,CR1,2,854752,4920.449,22330,5317554096436175220,0x3f8a3818
Deep,CR1,2,717147,5059.356,36177,17992406192989618205,0x3f8a3818
Deep,CR1,2,253796,4052.414,603,7357325001358704579,0x3f8a3818
Deep,CR1,2,594298,5259.326,104020,3606055345110403996,0x3f8a3818
Deep,CR1,2,802333,5170.123,57141,11652191883661406635,0x3f8a3818
Deep,CR1,2,907497,5035.282,38286,15729367600791443267,0x3f8a3818
Deep,CR1,2,970136,5081.488,35145,6453095899928726908,0x3f8a3818
Deep,CR1,2,472710,4401.938,1771,337101075066734154,0x3f8a3818
Deep,CR1,2,311434,4724.158,5129,4733800633900100260,0x3f8a3818
Deep,CR1,2,152112,4865.176,12511,12266487770150659012,0x3f8a3818
Deep,CR1,2,262882,4787.837,22393,12835014896091422454,0x3f8a3818
Deep,CR1,2,706522,4757.909,5997,10494260899150088525,0x3f8a3818
Deep,CR1,2,832912,5158.088,24418,4442606785420619152,0x3f8a3818
Deep,CR1,2,303769,5085.938,91883,12601588069570564519,0x3f8a3818
Deep,CR1,2,223701,4918.6,39049,8156394471858750068,0x3f8a3818
Deep,CR1,2,809314,5098.995,53502,2887601204544182294,0x3f8a3818
Deep,CR1,2,831243,4981.144,18459,17184389248536411848,0x3f8a3818
Deep,CR1,2,831746,5128.896,25657,8069871599203802193,0x3f8a3818
Deep,CR1,2,314373,4731.869,6649,7930500156481250159,0x3f8a3818
Deep,CR1,2,810800,4903.265,11471,8078026710008835094,0x3f8a3818
Deep,CR1,2,211855,5248.47,81263,17194343845329237592,0x3f8a3818
Deep,CR1,2,533614,4836.255,9967,2075162202884674110,0x3f8a3818
Deep,CR1,2,335471,4952.596,31039,811306315344642198,0x3f8a3818
Deep,CR1,2,566134,4459.331,3556,5150105216967092161,0x3f8a3818
Deep,CR1,2,738848,5154.949,91647,527134378642239240,0x3f8a3818
Deep,CR1,2,359342,4852.761,11608,18254613711068042421,0x3f8a3818
Deep,CR1,2,965210,4889.09,29711,8906948948597772149,0x3f8a3818
Deep,CR1,2,928413,5020.814,53963,5672219278756306020,0x3f8a3818
Deep,CR1,2,998782,4910.086,41031,14858962417192627408,0x3f8a3818
Deep,CR1,2,248373,5279.571,66909,6594997471801334999,0x3f8a3818
Deep,CR1,2,113110,4751.609,7713,15044239706030340721,0x3f8a3818
Deep,CR1,2,421120,4804.155,27072,11156619838713472325,0x3f8a3818
Deep,CR1,2,579626,4966.337,70020,15801899623856318834,0x3f8a3818
Deep,CR1,2,997466,4221.252,1165,13297005540871771787,0x3f8a3818
Deep,CR1,2,522760,5179.549,57504,589629908739724064,0x3f8a3818
Deep,CR1,2,134930,4844.227,22780,5555924880431164060,0x3f8a3818
Deep,CR1,2,786964,5004.777,12215,8666943971235242538,0x3f8a3818
Deep,CR1,2,884325,4992.649,19486,3399900141687540970,0x3f8a3818
Deep,CR1,2,552447,5064.305,36902,2990018976584339377,0x3f8a3818
Deep,CR1,2,504571,5224.191,33606,1570378596586034923,0x3f8a3818
Deep,CR1,2,951244,4831.232,9206,1749316506296530067,0x3f8a3818
Deep,CR1,2,220807,4898.088,8813,16843876062107336051,0x3f8a3818
Deep,CR1,2,681257,4225.381,3157,1149332497468486599,0x3f8a3818
Deep,CR1,2,417658,4719.757,5481,6594395041703768799,0x3f8a3818
Deep,CR1,2,266352,4774.723,28731,11281362833504578941,0x3f8a3818
Deep,CR1,3,584510,4963.104,16806,14914879394619323640,0x3f8a3818
Deep,CR1,3,860467,5230.609,53951,17049143744924134559,0x3f8a3818
Deep,CR1,3,923923,5136.057,126938,9440306144162209561,0x3f8a3818
Deep,CR1,3,533409,5067.448,43909,14686615024625846481,0x3f8a3818
Deep,CR1,3,220435,4915.868,20362,9812354220569990141,0x3f8a3818
Deep,CR1,3,395173,5044.402,79903,6302262262014071132,0x3f8a3818
Deep,CR1,3,125555,4942.207,50997,612338914426534571,0x3f8a3818
Deep,CR1,3,37317,4949.381,16211,9630984488420384674,0x3f8a3818
Deep,CR1,3,326694,4795.7,4963,10376290640833276832,0x3f8a3818
Deep,CR1,3,408325,5060.351,72371,2233598239453289699,0x3f8a3818
Deep,CR1,3,928005,5095.558,59410,3424114004169399651,0x3f8a3818
Deep,CR1,3,636852,4637.771,12737,10618904967847290727,0x3f8a3818
Deep,CR1,3,565201,4646.543,10437,16660415903701906029,0x3f8a3818
Deep,CR1,3,416400,4973.994,20431,16096759558451495918,0x3f8a3818
Deep,CR1,3,671950,4823.313,5485,7984204509393475337,0x3f8a3818
Deep,CR1,3,100598,3959.013,316,14025822209793988776,0x3f8a3818
Deep,CR1,3,130060,4704.979,5332,16447096817644265187,0x3f8a3818
Deep,CR1,3,763603,4716.633,6039,2675965444298867792,0x3f8a3818
Deep,CR1,3,229656,4880.711,33034,6434857475817613567,0x3f8a3818
Deep,CR1,3,854752,4910.027,22330,5317554096436175220,0x3f8a3818
Deep,CR1,3,717147,5047.321,36177,17992406192989618205,0x3f8a3818
Deep,CR1,3,253796,4044.658,603,7357325001358704579,0x3f8a3818
Deep,CR1,3,594298,5249.647,104020,3606055345110403996,0x3f8a3818
Deep,CR1,3,802333,5169.16,57141,11652191883661406635,0x3f8a3818
Deep,CR1,3,907497,5031.372,38286,15729367600791443267,0x3f8a3818
Deep,CR1,3,970136,5049.251,35145,6453095899928726908,0x3f8a3818
Deep,CR1,3,472710,4413.505,1771,337101075066734154,0x3f8a3818
Deep,CR1,3,311434,4719.569,5129,4733800633900100260,0x3f8a3818
Deep,CR1,3,152112,4866.61,12511,12266487770150659012,0x3f8a3818
Deep,CR1,3,262882,4767.01,22393,12835014896091422454,0x3f8a3818
Deep,CR1,3,706522,4737.801,5997,10494260899150088525,0x3f8a3818
Deep,CR1,3,832912,5131.226,24418,4442606785420619152,0x3f8a3818
Deep,CR1,3,303769,5077.145,91883,12601588069570564519,0x3f8a3818
Deep,CR1,3,223701,4902.134,39049,8156394471858750068,0x3f8a3818
Deep,CR1,3,809314,5118.278,53502,2887601204544182294,0x3f8a3818
Deep,CR1,3,831243,5002.278,18459,17184389248536411848,0x3f8a3818
Deep,CR1,3,831746,5115.784,25657,8069871599203802193,0x3f8a3818
Deep,CR1,3,314373,4726.012,6649,7930500156481250159,0x3f8a3818
Deep,CR1,3,810800,4906.087,11471,8078026710008835094,0x3f8a3818
Deep,CR1,3,211855,5225.956,81263,17194343845329237592,0x3f8a3818
Deep,CR1,3,533614,4819.739,9967,2075162202884674110,0x3f8a3818
Deep,CR1,3,335471,5005.044,31039,811306315344642198,0x3f8a3818
Deep,CR1,3,566134,4541.819,3556,5150105216967092161,0x3f8a3818
Deep,CR1,3,738848,5180.366,91647,527134378642239240,0x3f8a3818
Deep,CR1,3,359342,4851.044,11608,18254613711068042421,0x3f8a3818
Deep,CR1,3,965210,4878.571,29711,8906948948597772149,0x3f8a3818
Deep,CR1,3,928413,5010.637,53963,5672219278756306020,0x3f8a3818
Deep,CR1,3,998782,4905.966,41031,14858962417192627408,0x3f8a3818
Deep,CR1,3,248373,5281.419,66909,6594997471801334999,0x3f8a3818
Deep,CR1,3,113110,4648.383,7713,15044239706030340721,0x3f8a3818
Deep,CR1,3,421120,4787.439,27072,11156619838713472325,0x3f8a3818
Deep,CR1,3,579626,4965.755,70020,15801899623856318834,0x3f8a3818
Deep,CR1,3,997466,4212.905,1165,13297005540871771787,0x3f8a3818
Deep,CR1,3,522760,5171.194,57504,589629908739724064,0x3f8a3818
Deep,CR1,3,134930,4853.504,22780,5555924880431164060,0x3f8a3818
Deep,CR1,3,786964,5004.033,12215,8666943971235242538,0x3f8a3818
Deep,CR1,3,884325,5009.571,19486,3399900141687540970,0x3f8a3818
Deep,CR1,3,552447,5256.49,36902,2990018976584339377,0x3f8a3818
Deep,CR1,3,504571,5250.004,33606,1570378596586034923,0x3f8a3818
Deep,CR1,3,951244,4826.835,9206,1749316506296530067,0x3f8a3818
Deep,CR1,3,220807,4888.425,8813,16843876062107336051,0x3f8a3818
Deep,CR1,3,681257,4199.158,3157,1149332497468486599,0x3f8a3818
Deep,CR1,3,417658,4670.563,5481,6594395041703768799,0x3f8a3818
Deep,CR1,3,266352,4761.494,28731,11281362833504578941,0x3f8a3818
Deep,CR1,4,584510,4974.617,16806,14914879394619323640,0x3f8a3818
Deep,CR1,4,860467,5248.205,53951,17049143744924134559,0x3f8a3818
Deep,CR1,4,923923,5133.963,126938,9440306144162209561,0x3f8a3818
Deep,CR1,4,533409,5082.251,43909,14686615024625846481,0x3f8a3818
Deep,CR1,4,220435,4950.02,20362,9812354220569990141,0x3f8a3818
Deep,CR1,4,395173,5062.438,79903,6302262262014071132,0x3f8a3818
Deep,CR1,4,125555,4941.235,50997,612338914426534571,0x3f8a3818
Deep,CR1,4,37317,4934.661,16211,9630984488420384674,0x3f8a3818
Deep,CR1,4,326694,4793.648,4963,10376290640833276832,0x3f8a3818
Deep,CR1,4,408325,5054.14,72371,2233598239453289699,0x3f8a3818
Deep,CR1,4,928005,5127.583,59410,3424114004169399651,0x3f8a3818
Deep,CR1,4,636852,4671.04,12737,10618904967847290727,0x3f8a3818
Deep,CR1,4,565201,4659.35,10437,16660415903701906029,0x3f8a3818
Deep,CR1,4,416400,5001.67,20431,16096759558451495918,0x3f8a3818
Deep,CR1,4,671950,4817.531,5485,7984204509393475337,0x3f8a3818
Deep,CR1,4,100598,3960.918,316,14025822209793988776,0x3f8a3818
Deep,CR1,4,130060,4700.519,5332,16447096817644265187,0x3f8a3818
Deep,CR1,4,763603,4715.96,6039,2675965444298867792,0x3f8a3818
Deep,CR1,4,229656,4904.339,33034,6434857475817613567,0x3f8a3818
Deep,CR1,4,854752,4939.45,22330,5317554096436175220,0x3f8a3818
Deep,CR1,4,717147,5077.49,36177,17992406192989618205,0x3f8a3818
Deep,CR1,4,253796,4067.498,603,7357325001358704579,0x3f8a3818
Deep,CR1,4,594298,5274.891,104020,3606055345110403996,0x3f8a3818
Deep,CR1,4,802333,5172.052,57141,11652191883661406635,0x3f8a3818
Deep,CR1,4,907497,5042.936,38286,15729367600791443267,0x3f8a3818
Deep,CR1,4,970136,5091.182,35145,6453095899928726908,0x3f8a3818
Deep,CR1,4,472710,4452.395,1771,337101075066734154,0x3f8a3818
Deep,CR1,4,311434,4740.114,5129,4733800633900100260,0x3f8a3818
Deep,CR1,4,152112,4900.831,12511,12266487770150659012,0x3f8a3818
Deep,CR1,4,262882,4781.32,22393,12835014896091422454,0x3f8a3818
Deep,CR1,4,706522,4741.487,5997,10494260899150088525,0x3f8a3818
Deep,CR1,4,832912,5154.351,24418,4442606785420619152,0x3f8a3818
Deep,CR1,4,303769,5099.304,91883,12601588069570564519,0x3f8a3818
Deep,CR1,4,223701,4943.792,39049,8156394471858750068,0x3f8a3818
Deep,CR1,4,809314,5142.868,53502,2887601204544182294,0x3f8a3818
Deep,CR1,4,831243,5012.214,18459,17184389248536411848,0x3f8a3818
Deep,CR1,4,831746,5134.479,25657,8069871599203802193,0x3f8a3818
Deep,CR1,4,314373,4747.156,6649,7930500156481250159,0x3f8a3818
Deep,CR1,4,810800,4923.198,11471,8078026710008835094,0x3f8a3818
Deep,CR1,4,211855,5269.293,81263,17194343845329237592,0x3f8a3818
Deep,CR1,4,533614,4840.188,9967,2075162202884674110,0x3f8a3818
Deep,CR1,4,335471,4963.484,31039,811306315344642198,0x3f8a3818
Deep,CR1,4,566134,4473.113,3556,5150105216967092161,0x3f8a3818
Deep,CR1,4,738848,5178.78,91647,527134378642239240,0x3f8a3818
Deep,CR1,4,359342,4844.657,11608,18254613711068042421,0x3f8a3818
Deep,CR1,4,965210,4914.655,29711,8906948948597772149,0x3f8a3818
Deep,CR1,4,928413,5036.855,53963,5672219278756306020,0x3f8a3818
Deep,CR1,4,998782,4895.907,41031,14858962417192627408,0x3f8a3818
Deep,CR1,4,248373,5259.074,66909,6594997471801334999,0x3f8a3818
Deep,CR1,4,113110,4671.205,7713,15044239706030340721,0x3f8a3818
Deep,CR1,4,421120,4807.925,27072,11156619838713472325,0x3f8a3818
Deep,CR1,4,579626,4981.611,70020,15801899623856318834,0x3f8a3818
Deep,CR1,4,997466,4225.349,1165,13297005540871771787,0x3f8a3818
Deep,CR1,4,522760,5211.024,57504,589629908739724064,0x3f8a3818
Deep,CR1,4,134930,4851.159,22780,5555924880431164060,0x3f8a3818
Deep,CR1,4,786964,5013.595,12215,8666943971235242538,0x3f8a3818
Deep,CR1,4,884325,5007.361,19486,3399900141687540970,0x3f8a3818
Deep,CR1,4,552447,5091.663,36902,2990018976584339377,0x3f8a3818
Deep,CR1,4,504571,5256.608,33606,1570378596586034923,0x3f8a3818
Deep,CR1,4,951244,4856.735,9206,1749316506296530067,0x3f8a3818
Deep,CR1,4,220807,4938.093,8813,16843876062107336051,0x3f8a3818
Deep,CR1,4,681257,4244.467,3157,1149332497468486599,0x3f8a3818
Deep,CR1,4,417658,4734.527,5481,6594395041703768799,0x3f8a3818
Deep,CR1,4,266352,4798.549,28731,11281362833504578941,0x3f8a3818
Deep,CR1,5,584510,4958.347,16806,14914879394619323640,0x3f8a3818
Deep,CR1,5,860467,5242.974,53951,17049143744924134559,0x3f8a3818
Deep,CR1,5,923923,5132.734,126938,9440306144162209561,0x3f8a3818
Deep,CR1,5,533409,5065.53,43909,14686615024625846481,0x3f8a3818
Deep,CR1,5,220435,4955.403,20362,9812354220569990141,0x3f8a3818
Deep,CR1,5,395173,5046.57,79903,6302262262014071132,0x3f8a3818
Deep,CR1,5,125555,4945.037,50997,612338914426534571,0x3f8a3818
Deep,CR1,5,37317,4919.391,16211,9630984488420384674,0x3f8a3818
Deep,CR1,5,326694,4792.309,4963,10376290640833276832,0x3f8a3818
Deep,CR1,5,408325,5035.047,72371,2233598239453289699,0x3f8a3818
Deep,CR1,5,928005,5129.953,59410,3424114004169399651,0x3f8a3818
Deep,CR1,5,636852,4676.303,12737,10618904967847290727,0x3f8a3818
Deep,CR1,5,565201,4662.529,10437,16660415903701906029,0x3f8a3818
Deep,CR1,5,416400,4994.101,20431,16096759558451495918,0x3f8a3818
Deep,CR1,5,671950,4811.498,5485,7984204509393475337,0x3f8a3818
Deep,CR1,5,100598,3940.606,316,14025822209793988776,0x3f8a3818
Deep,CR1,5,130060,4707.478,5332,16447096817644265187,0x3f8a3818
Deep,CR1,5,763603,4691.483,6039,2675965444298867792,0x3f8a3818
Deep,CR1,5,229656,4899.394,33034,6434857475817613567,0x3f8a3818
Deep,CR1,5,854752,4923.328,22330,5317554096436175220,0x3f8a3818
Deep,CR1,5,717147,5055.106,36177,17992406192989618205,0x3f8a3818
Deep,CR1,5,253796,4059.035,603,7357325001358704579,0x3f8a3818
Deep,CR1,5,594298,5279.714,104020,3606055345110403996,0x3f8a3818
Deep,CR1,5,802333,5158.862,57141,11652191883661406635,0x3f8a3818
Deep,CR1,5,907497,5041.83,38286,15729367600791443267,0x3f8a3818
Deep,CR1,5,970136,5080.291,35145,6453095899928726908,0x3f8a3818
Deep,CR1,5,472710,4432.846,1771,337101075066734154,0x3f8a3818
Deep,CR1,5,311434,4735.82,5129,4733800633900100260,0x3f8a3818
Deep,CR1,5,152112,4872.284,12511,12266487770150659012,0x3f8a3818
Deep,CR1,5,262882,4776.929,22393,12835014896091422454,0x3f8a3818
Deep,CR1,5,706522,4739.806,5997,10494260899150088525,0x3f8a3818
Deep,CR1,5,832912,5140.583,24418,4442606785420619152,0x3f8a3818
Deep,CR1,5,303769,5107.017,91883,12601588069570564519,0x3f8a3818
Deep,CR1,5,223701,4906.907,39049,8156394471858750068,0x3f8a3818
Deep,CR1,5,809314,5114.314,53502,2887601204544182294,0x3f8a3818
Deep,CR1,5,831243,4970.825,18459,17184389248536411848,0x3f8a3818
Deep,CR1,5,831746,5113.847,25657,8069871599203802193,0x3f8a3818
Deep,CR1,5,314373,4721.317,6649,7930500156481250159,0x3f8a3818
Deep,CR1,5,810800,4897.081,11471,8078026710008835094,0x3f8a3818
Deep,CR1,5,211855,5237.335,81263,17194343845329237592,0x3f8a3818
Deep,CR1,5,533614,4828.098,9967,2075162202884674110,0x3f8a3818
Deep,CR1,5,335471,4939.278,31039,811306315344642198,0x3f8a3818
Deep,CR1,5,566134,4441.793,3556,5150105216967092161,0x3f8a3818
Deep,CR1,5,738848,5158.582,91647,527134378642239240,0x3f8a3818
Deep,CR1,5,359342,4815.614,11608,18254613711068042421,0x3f8a3818
Deep,CR1,5,965210,4868.304,29711,8906948948597772149,0x3f8a3818
Deep,CR1,5,928413,5153.646,53963,5672219278756306020,0x3f8a3818
Deep,CR1,5,998782,4913.693,41031,14858962417192627408,0x3f8a3818
Deep,CR1,5,248373,5260.94,66909,6594997471801334999,0x3f8a3818
Deep,CR1,5,113110,4627.359,7713,15044239706030340721,0x3f8a3818
Deep,CR1,5,421120,4753.242,27072,11156619838713472325,0x3f8a3818
Deep,CR1,5,579626,4959.909,70020,15801899623856318834,0x3f8a3818
Deep,CR1,5,997466,4191.216,1165,13297005540871771787,0x3f8a3818
Deep,CR1,5,522760,5153.581,57504,589629908739724064,0x3f8a3818
Deep,CR1,5,134930,4826.578,22780,5555924880431164060,0x3f8a3818
Deep,CR1,5,786964,4981.234,12215,8666943971235242538,0x3f8a3818
Deep,CR1,5,884325,4968.623,19486,3399900141687540970,0x3f8a3818
Deep,CR1,5,552447,5070.418,36902,2990018976584339377,0x3f8a3818
Deep,CR1,5,504571,5214.488,33606,1570378596586034923,0x3f8a3818
Deep,CR1,5,951244,4796.153,9206,1749316506296530067,0x3f8a3818
Deep,CR1,5,220807,4909.566,8813,16843876062107336051,0x3f8a3818
Deep,CR1,5,681257,4187.595,3157,1149332497468486599,0x3f8a3818
Deep,CR1,5,417658,4712.196,5481,6594395041703768799,0x3f8a3818
Deep,CR1,5,266352,4753.159,28731,11281362833504578941,0x3f8a3818
Deep,CR1,6,584510,4957.394,16806,14914879394619323640,0x3f8a3818
Deep,CR1,6,860467,5243.646,53951,17049143744924134559,0x3f8a3818
Deep,CR1,6,923923,5131.025,126938,9440306144162209561,0x3f8a3818
Deep,CR1,6,533409,5080.004,43909,14686615024625846481,0x3f8a3818
Deep,CR1,6,220435,4924.004,20362,9812354220569990141,0x3f8a3818
Deep,CR1,6,395173,5102.498,79903,6302262262014071132,0x3f8a3818
Deep,CR1,6,125555,4947.747,50997,612338914426534571,0x3f8a3818
Deep,CR1,6,37317,4926.948,16211,9630984488420384674,0x3f8a3818
Deep,CR1,6,326694,4784.909,4963,10376290640833276832,0x3f8a3818
Deep,CR1,6,408325,5023.355,72371,2233598239453289699,0x3f8a3818
Deep,CR1,6,928005,5112.447,59410,3424114004169399651,0x3f8a3818
Deep,CR1,6,636852,4674.096,12737,10618904967847290727,0x3f8a3818
Deep,CR1,6,565201,4666.049,10437,16660415903701906029,0x3f8a3818
Deep,CR1,6,416400,4998.629,20431,16096759558451495918,0x3f8a3818
Deep,CR1,6,671950,4830.808,5485,7984204509393475337,0x3f8a3818
Deep,CR1,6,100598,3945.762,316,14025822209793988776,0x3f8a3818
Deep,CR1,6,130060,4709.349,5332,16447096817644265187,0x3f8a3818
Deep,CR1,6,763603,4723.465,6039,2675965444298867792,0x3f8a3818
Deep,CR1,6,229656,4916.367,33034,6434857475817613567,0x3f8a3818
Deep,CR1,6,854752,4912.06,22330,5317554096436175220,0x3f8a3818
Deep,CR1,6,717147,5076.058,36177,17992406192989618205,0x3f8a3818
Deep,CR1,6,253796,4069.781,603,7357325001358704579,0x3f8a3818
Deep,CR1,6,594298,5254.399,104020,3606055345110403996,0x3f8a3818
Deep,CR1,6,802333,5176.729,57141,11652191883661406635,0x3f8a3818
Deep,CR1,6,907497,5044.845,38286,15729367600791443267,0x3f8a3818
Deep,CR1,6,970136,5290.448,35145,6453095899928726908,0x3f8a3818
Deep,CR1,6,472710,4449.082,1771,337101075066734154,0x3f8a3818
Deep,CR1,6,311434,4738.401,5129,4733800633900100260,0x3f8a3818
Deep,CR1,6,152112,4873.031,12511,12266487770150659012,0x3f8a3818
Deep,CR1,6,262882,4771.103,22393,12835014896091422454,0x3f8a3818
Deep,CR1,6,706522,4765.561,5997,10494260899150088525,0x3f8a3818
Deep,CR1,6,832912,5129.776,24418,4442606785420619152,0x3f8a3818
Deep,CR1,6,303769,5086.055,91883,12601588069570564519,0x3f8a3818
Deep,CR1,6,223701,4903.17,39049,8156394471858750068,0x3f8a3818
Deep,CR1,6,809314,5155.575,53502,2887601204544182294,0x3f8a3818
Deep,CR1,6,831243,4991.708,18459,17184389248536411848,0x3f8a3818
Deep,CR1,6,831746,5141.698,25657,8069871599203802193,0x3f8a3818
Deep,CR1,6,314373,4739.371,6649,7930500156481250159,0x3f8a3818
Deep,CR1,6,810800,4916.387,11471,8078026710008835094,0x3f8a3818
Deep,CR1,6,211855,5266.527,81263,17194343845329237592,0x3f8a3818
Deep,CR1,6,533614,4844.942,9967,2075162202884674110,0x3f8a3818
Deep,CR1,6,335471,4952.639,31039,811306315344642198,0x3f8a3818
Deep,CR1,6,566134,4467.209,3556,5150105216967092161,0x3f8a3818
Deep,CR1,6,738848,5171.614,91647,527134378642239240,0x3f8a3818
Deep,CR1,6,359342,4846.143,11608,18254613711068042421,0x3f8a3818
Deep,CR1,6,965210,4888.311,29711,8906948948597772149,0x3f8a3818
Deep,CR1,6,928413,5023.568,53963,5672219278756306020,0x3f8a3818
Deep,CR1,6,998782,4951.805,41031,14858962417192627408,0x3f8a3818
Deep,CR1,6,248373,5348.279,66909,6594997471801334999,0x3f8a3818
Deep,CR1,6,113110,4722.323,7713,15044239706030340721,0x3f8a3818
Deep,CR1,6,421120,4816.546,27072,11156619838713472325,0x3f8a3818
Deep,CR1,6,579626,4986.487,70020,15801899623856318834,0x3f8a3818
Deep,CR1,6,997466,4201.131,1165,13297005540871771787,0x3f8a3818
Deep,CR1,6,522760,5195.977,57504,589629908739724064,0x3f8a3818
Deep,CR1,6,134930,4854.684,22780,5555924880431164060,0x3f8a3818
Deep,CR1,6,786964,5024.231,12215,8666943971235242538,0x3f8a3818
Deep,CR1,6,884325,4991.723,19486,3399900141687540970,0x3f8a3818
Deep,CR1,6,552447,5088.957,36902,2990018976584339377,0x3f8a3818
Deep,CR1,6,504571,5241.148,33606,1570378596586034923,0x3f8a3818
Deep,CR1,6,951244,4862.536,9206,1749316506296530067,0x3f8a3818
Deep,CR1,6,220807,4910.578,8813,16843876062107336051,0x3f8a3818
Deep,CR1,6,681257,4242.589,3157,1149332497468486599,0x3f8a3818
Deep,CR1,6,417658,4726.644,5481,6594395041703768799,0x3f8a3818
Deep,CR1,6,266352,4806.573,28731,11281362833504578941,0x3f8a3818
Deep,CF1,1,584510,5074.861,16806,14914879394619323640,0x3f8a3818
Deep,CF1,1,860467,5391.311,53951,17049143744924134559,0x3f8a3818
Deep,CF1,1,923923,5575.15,126938,9440306144162209561,0x3f8a3818
Deep,CF1,1,533409,5179.281,43909,14686615024625846481,0x3f8a3818
Deep,CF1,1,220435,5023,20362,9812354220569990141,0x3f8a3818
Deep,CF1,1,395173,5219.971,79903,6302262262014071132,0x3f8a3818
Deep,CF1,1,125555,5086.153,50997,612338914426534571,0x3f8a3818
Deep,CF1,1,37317,5016.504,16211,9630984488420384674,0x3f8a3818
Deep,CF1,1,326694,4907.504,4963,10376290640833276832,0x3f8a3818
Deep,CF1,1,408325,5184.165,72371,2233598239453289699,0x3f8a3818
Deep,CF1,1,928005,5273.824,59410,3424114004169399651,0x3f8a3818
Deep,CF1,1,636852,4779.904,12737,10618904967847290727,0x3f8a3818
Deep,CF1,1,565201,4741.5,10437,16660415903701906029,0x3f8a3818
Deep,CF1,1,416400,5123.631,20431,16096759558451495918,0x3f8a3818
Deep,CF1,1,671950,4903.958,5485,7984204509393475337,0x3f8a3818
Deep,CF1,1,100598,4092.733,316,14025822209793988776,0x3f8a3818
Deep,CF1,1,130060,4821.945,5332,16447096817644265187,0x3f8a3818
Deep,CF1,1,763603,4868.549,6039,2675965444298867792,0x3f8a3818
Deep,CF1,1,229656,5037.865,33034,6434857475817613567,0x3f8a3818
Deep,CF1,1,854752,5004.313,22330,5317554096436175220,0x3f8a3818
Deep,CF1,1,717147,5194.828,36177,17992406192989618205,0x3f8a3818
Deep,CF1,1,253796,4202.75,603,7357325001358704579,0x3f8a3818
Deep,CF1,1,594298,5451.28,104020,3606055345110403996,0x3f8a3818
Deep,CF1,1,802333,5366.364,57141,11652191883661406635,0x3f8a3818
Deep,CF1,1,907497,5136.757,38286,15729367600791443267,0x3f8a3818
Deep,CF1,1,970136,5222.714,35145,6453095899928726908,0x3f8a3818
Deep,CF1,1,472710,4533.308,1771,337101075066734154,0x3f8a3818
Deep,CF1,1,311434,4811.149,5129,4733800633900100260,0x3f8a3818
Deep,CF1,1,152112,5066.926,12511,12266487770150659012,0x3f8a3818
Deep,CF1,1,262882,4896.811,22393,12835014896091422454,0x3f8a3818
Deep,CF1,1,706522,4843.229,5997,10494260899150088525,0x3f8a3818
Deep,CF1,1,832912,5258.807,24418,4442606785420619152,0x3f8a3818
Deep,CF1,1,303769,5254.162,91883,12601588069570564519,0x3f8a3818
Deep,CF1,1,223701,5067.951,39049,8156394471858750068,0x3f8a3818
Deep,CF1,1,809314,5268.06,53502,2887601204544182294,0x3f8a3818
Deep,CF1,1,831243,5105.194,18459,17184389248536411848,0x3f8a3818
Deep,CF1,1,831746,5251.069,25657,8069871599203802193,0x3f8a3818
Deep,CF1,1,314373,4852.079,6649,7930500156481250159,0x3f8a3818
Deep,CF1,1,810800,5048.743,11471,8078026710008835094,0x3f8a3818
Deep,CF1,1,211855,5425.099,81263,17194343845329237592,0x3f8a3818
Deep,CF1,1,533614,4950.259,9967,2075162202884674110,0x3f8a3818
Deep,CF1,1,335471,5077.193,31039,811306315344642198,0x3f8a3818
Deep,CF1,1,566134,4562.303,3556,5150105216967092161,0x3f8a3818
Deep,CF1,1,738848,5379.659,91647,527134378642239240,0x3f8a3818
Deep,CF1,1,359342,5025.949,11608,18254613711068042421,0x3f8a3818
Deep,CF1,1,965210,5096.094,29711,8906948948597772149,0x3f8a3818
Deep,CF1,1,928413,5195.656,53963,5672219278756306020,0x3f8a3818
Deep,CF1,1,998782,5065.359,41031,14858962417192627408,0x3f8a3818
Deep,CF1,1,248373,5394.814,66909,6594997471801334999,0x3f8a3818
Deep,CF1,1,113110,4744.993,7713,15044239706030340721,0x3f8a3818
Deep,CF1,1,421120,4965.731,27072,11156619838713472325,0x3f8a3818
Deep,CF1,1,579626,5140.74,70020,15801899623856318834,0x3f8a3818
Deep,CF1,1,997466,4324.698,1165,13297005540871771787,0x3f8a3818
Deep,CF1,1,522760,5304.337,57504,589629908739724064,0x3f8a3818
Deep,CF1,1,134930,5004.217,22780,5555924880431164060,0x3f8a3818
Deep,CF1,1,786964,5116.044,12215,8666943971235242538,0x3f8a3818
Deep,CF1,1,884325,5106.627,19486,3399900141687540970,0x3f8a3818
Deep,CF1,1,552447,5223.534,36902,2990018976584339377,0x3f8a3818
Deep,CF1,1,504571,5403.887,33606,1570378596586034923,0x3f8a3818
Deep,CF1,1,951244,5061.052,9206,1749316506296530067,0x3f8a3818
Deep,CF1,1,220807,5023.775,8813,16843876062107336051,0x3f8a3818
Deep,CF1,1,681257,4348.333,3157,1149332497468486599,0x3f8a3818
Deep,CF1,1,417658,4815.066,5481,6594395041703768799,0x3f8a3818
Deep,CF1,1,266352,4897.691,28731,11281362833504578941,0x3f8a3818
Deep,CF1,2,584510,5045.719,16806,14914879394619323640,0x3f8a3818
Deep,CF1,2,860467,5355.667,53951,17049143744924134559,0x3f8a3818
Deep,CF1,2,923923,5270.279,126938,9440306144162209561,0x3f8a3818
Deep,CF1,2,533409,5160.119,43909,14686615024625846481,0x3f8a3818
Deep,CF1,2,220435,5000.582,20362,9812354220569990141,0x3f8a3818
Deep,CF1,2,395173,5191.172,79903,6302262262014071132,0x3f8a3818
Deep,CF1,2,125555,5080.299,50997,612338914426534571,0x3f8a3818
Deep,CF1,2,37317,5004.792,16211,9630984488420384674,0x3f8a3818
Deep,CF1,2,326694,4885.277,4963,10376290640833276832,0x3f8a3818
Deep,CF1,2,408325,5196.628,72371,2233598239453289699,0x3f8a3818
Deep,CF1,2,928005,5253.221,59410,3424114004169399651,0x3f8a3818
Deep,CF1,2,636852,4781.45,12737,10618904967847290727,0x3f8a3818
Deep,CF1,2,565201,4753.155,10437,16660415903701906029,0x3f8a3818
Deep,CF1,2,416400,5050.293,20431,16096759558451495918,0x3f8a3818
Deep,CF1,2,671950,4915.727,5485,7984204509393475337,0x3f8a3818
Deep,CF1,2,100598,4068.319,316,14025822209793988776,0x3f8a3818
Deep,CF1,2,130060,4791.204,5332,16447096817644265187,0x3f8a3818
Deep,CF1,2,763603,4823.438,6039,2675965444298867792,0x3f8a3818
Deep,CF1,2,229656,5022.697,33034,6434857475817613567,0x3f8a3818
Deep,CF1,2,854752,4991.994,22330,5317554096436175220,0x3f8a3818
Deep,CF1,2,717147,5177.484,36177,17992406192989618205,0x3f8a3818
Deep,CF1,2,253796,4177.236,603,7357325001358704579,0x3f8a3818
Deep,CF1,2,594298,5408.506,104020,3606055345110403996,0x3f8a3818
Deep,CF1,2,802333,5294.133,57141,11652191883661406635,0x3f8a3818
Deep,CF1,2,907497,5121.217,38286,15729367600791443267,0x3f8a3818
Deep,CF1,2,970136,5199.1,35145,6453095899928726908,0x3f8a3818
Deep,CF1,2,472710,4513.665,1771,337101075066734154,0x3f8a3818
Deep,CF1,2,311434,4819.777,5129,4733800633900100260,0x3f8a3818
Deep,CF1,2,152112,5022.608,12511,12266487770150659012,0x3f8a3818
Deep,CF1,2,262882,4840.663,22393,12835014896091422454,0x3f8a3818
Deep,CF1,2,706522,4809.93,5997,10494260899150088525,0x3f8a3818
Deep,CF1,2,832912,5244.495,24418,4442606785420619152,0x3f8a3818
Deep,CF1,2,303769,5224.188,91883,12601588069570564519,0x3f8a3818
Deep,CF1,2,223701,5067.921,39049,8156394471858750068,0x3f8a3818
Deep,CF1,2,809314,5244.014,53502,2887601204544182294,0x3f8a3818
Deep,CF1,2,831243,5111.433,18459,17184389248536411848,0x3f8a3818
Deep,CF1,2,831746,5259.917,25657,8069871599203802193,0x3f8a3818
Deep,CF1,2,314373,4832.436,6649,7930500156481250159,0x3f8a3818
Deep,CF1,2,810800,5018.971,11471,8078026710008835094,0x3f8a3818
Deep,CF1,2,211855,5399.285,81263,17194343845329237592,0x3f8a3818
Deep,CF1,2,533614,5010.038,9967,2075162202884674110,0x3f8a3818
Deep,CF1,2,335471,5049.608,31039,811306315344642198,0x3f8a3818
Deep,CF1,2,566134,4581.207,3556,5150105216967092161,0x3f8a3818
Deep,CF1,2,738848,5288.082,91647,527134378642239240,0x3f8a3818
Deep,CF1,2,359342,4918.116,11608,18254613711068042421,0x3f8a3818
Deep,CF1,2,965210,5020.151,29711,8906948948597772149,0x3f8a3818
Deep,CF1,2,928413,5183.982,53963,5672219278756306020,0x3f8a3818
Deep,CF1,2,998782,5018.61,41031,14858962417192627408,0x3f8a3818
Deep,CF1,2,248373,5371.408,66909,6594997471801334999,0x3f8a3818
Deep,CF1,2,113110,4735.556,7713,15044239706030340721,0x3f8a3818
Deep,CF1,2,421120,4931.7,27072,11156619838713472325,0x3f8a3818
Deep,CF1,2,579626,5111.089,70020,15801899623856318834,0x3f8a3818
Deep,CF1,2,997466,4328.132,1165,13297005540871771787,0x3f8a3818
Deep,CF1,2,522760,5297.694,57504,589629908739724064,0x3f8a3818
Deep,CF1,2,134930,5200.21,22780,5555924880431164060,0x3f8a3818
Deep,CF1,2,786964,5106.451,12215,8666943971235242538,0x3f8a3818
Deep,CF1,2,884325,5105.481,19486,3399900141687540970,0x3f8a3818
Deep,CF1,2,552447,5198.26,36902,2990018976584339377,0x3f8a3818
Deep,CF1,2,504571,5352.03,33606,1570378596586034923,0x3f8a3818
Deep,CF1,2,951244,4902.979,9206,1749316506296530067,0x3f8a3818
Deep,CF1,2,220807,5005.645,8813,16843876062107336051,0x3f8a3818
Deep,CF1,2,681257,4301.528,3157,1149332497468486599,0x3f8a3818
Deep,CF1,2,417658,4809.898,5481,6594395041703768799,0x3f8a3818
Deep,CF1,2,266352,4884.096,28731,11281362833504578941,0x3f8a3818
Deep,CF1,3,584510,5087.319,16806,14914879394619323640,0x3f8a3818
Deep,CF1,3,860467,5375.558,53951,17049143744924134559,0x3f8a3818
Deep,CF1,3,923923,5311.818,126938,9440306144162209561,0x3f8a3818
Deep,CF1,3,533409,5186.688,43909,14686615024625846481,0x3f8a3818
Deep,CF1,3,220435,4983.398,20362,9812354220569990141,0x3f8a3818
Deep,CF1,3,395173,5228.292,79903,6302262262014071132,0x3f8a3818
Deep,CF1,3,125555,5089.977,50997,612338914426534571,0x3f8a3818
Deep,CF1,3,37317,4994.043,16211,9630984488420384674,0x3f8a3818
Deep,CF1,3,326694,4901.133,4963,10376290640833276832,0x3f8a3818
Deep,CF1,3,408325,5182.659,72371,2233598239453289699,0x3f8a3818
Deep,CF1,3,928005,5272.378,59410,3424114004169399651,0x3f8a3818
Deep,CF1,3,636852,4760.955,12737,10618904967847290727,0x3f8a3818
Deep,CF1,3,565201,4782.958,10437,16660415903701906029,0x3f8a3818
Deep,CF1,3,416400,5118.008,20431,16096759558451495918,0x3f8a3818
Deep,CF1,3,671950,4919.2,5485,7984204509393475337,0x3f8a3818
Deep,CF1,3,100598,4079.629,316,14025822209793988776,0x3f8a3818
Deep,CF1,3,130060,4786.833,5332,16447096817644265187,0x3f8a3818
Deep,CF1,3,763603,4845.275,6039,2675965444298867792,0x3f8a3818
Deep,CF1,3,229656,5019.592,33034,6434857475817613567,0x3f8a3818
Deep,CF1,3,854752,4996.735,22330,5317554096436175220,0x3f8a3818
Deep,CF1,3,717147,5164.781,36177,17992406192989618205,0x3f8a3818
Deep,CF1,3,253796,4171.043,603,7357325001358704579,0x3f8a3818
Deep,CF1,3,594298,5410.541,104020,3606055345110403996,0x3f8a3818
Deep,CF1,3,802333,5307.92,57141,11652191883661406635,0x3f8a3818
Deep,CF1,3,907497,5149.527,38286,15729367600791443267,0x3f8a3818
Deep,CF1,3,970136,5209.239,35145,6453095899928726908,0x3f8a3818
Deep,CF1,3,472710,4512.269,1771,337101075066734154,0x3f8a3818
Deep,CF1,3,311434,4829.418,5129,4733800633900100260,0x3f8a3818
Deep,CF1,3,152112,5005.238,12511,12266487770150659012,0x3f8a3818
Deep,CF1,3,262882,4842.107,22393,12835014896091422454,0x3f8a3818
Deep,CF1,3,706522,4804.006,5997,10494260899150088525,0x3f8a3818
Deep,CF1,3,832912,5241.974,24418,4442606785420619152,0x3f8a3818
Deep,CF1,3,303769,5201.648,91883,12601588069570564519,0x3f8a3818
Deep,CF1,3,223701,5031.881,39049,8156394471858750068,0x3f8a3818
Deep,CF1,3,809314,5269.088,53502,2887601204544182294,0x3f8a3818
Deep,CF1,3,831243,5116.149,18459,17184389248536411848,0x3f8a3818
Deep,CF1,3,831746,5227.988,25657,8069871599203802193,0x3f8a3818
Deep,CF1,3,314373,4856.665,6649,7930500156481250159,0x3f8a3818
Deep,CF1,3,810800,5003.965,11471,8078026710008835094,0x3f8a3818
Deep,CF1,3,211855,5402.013,81263,17194343845329237592,0x3f8a3818
Deep,CF1,3,533614,4943.517,9967,2075162202884674110,0x3f8a3818
Deep,CF1,3,335471,5090.779,31039,811306315344642198,0x3f8a3818
Deep,CF1,3,566134,4572.436,3556,5150105216967092161,0x3f8a3818
Deep,CF1,3,738848,5369.671,91647,527134378642239240,0x3f8a3818
Deep,CF1,3,359342,4942.831,11608,18254613711068042421,0x3f8a3818
Deep,CF1,3,965210,5006.568,29711,8906948948597772149,0x3f8a3818
Deep,CF1,3,928413,5172.33,53963,5672219278756306020,0x3f8a3818
Deep,CF1,3,998782,5021.862,41031,14858962417192627408,0x3f8a3818
Deep,CF1,3,248373,5378.531,66909,6594997471801334999,0x3f8a3818
Deep,CF1,3,113110,4727.075,7713,15044239706030340721,0x3f8a3818
Deep,CF1,3,421120,4927.723,27072,11156619838713472325,0x3f8a3818
Deep,CF1,3,579626,5124.755,70020,15801899623856318834,0x3f8a3818
Deep,CF1,3,997466,4329.17,1165,13297005540871771787,0x3f8a3818
Deep,CF1,3,522760,5303.538,57504,589629908739724064,0x3f8a3818
Deep,CF1,3,134930,4976.709,22780,5555924880431164060,0x3f8a3818
Deep,CF1,3,786964,5067.711,12215,8666943971235242538,0x3f8a3818
Deep,CF1,3,884325,5114.09,19486,3399900141687540970,0x3f8a3818
Deep,CF1,3,552447,5209.723,36902,2990018976584339377,0x3f8a3818
Deep,CF1,3,504571,5371.946,33606,1570378596586034923,0x3f8a3818
Deep,CF1,3,951244,4904.367,9206,1749316506296530067,0x3f8a3818
Deep,CF1,3,220807,4964.25,8813,16843876062107336051,0x3f8a3818
Deep,CF1,3,681257,4279.561,3157,1149332497468486599,0x3f8a3818
Deep,CF1,3,417658,4776.204,5481,6594395041703768799,0x3f8a3818
Deep,CF1,3,266352,4907.826,28731,11281362833504578941,0x3f8a3818
Deep,CF1,4,584510,5065.523,16806,14914879394619323640,0x3f8a3818
Deep,CF1,4,860467,5343.294,53951,17049143744924134559,0x3f8a3818
Deep,CF1,4,923923,5265.724,126938,9440306144162209561,0x3f8a3818
Deep,CF1,4,533409,5167.576,43909,14686615024625846481,0x3f8a3818
Deep,CF1,4,220435,4991.236,20362,9812354220569990141,0x3f8a3818
Deep,CF1,4,395173,5164.218,79903,6302262262014071132,0x3f8a3818
Deep,CF1,4,125555,5070.975,50997,612338914426534571,0x3f8a3818
Deep,CF1,4,37317,4996.599,16211,9630984488420384674,0x3f8a3818
Deep,CF1,4,326694,4881.986,4963,10376290640833276832,0x3f8a3818
Deep,CF1,4,408325,5183.356,72371,2233598239453289699,0x3f8a3818
Deep,CF1,4,928005,5261.965,59410,3424114004169399651,0x3f8a3818
Deep,CF1,4,636852,4752.693,12737,10618904967847290727,0x3f8a3818
Deep,CF1,4,565201,4731.548,10437,16660415903701906029,0x3f8a3818
Deep,CF1,4,416400,5089.783,20431,16096759558451495918,0x3f8a3818
Deep,CF1,4,671950,4903.13,5485,7984204509393475337,0x3f8a3818
Deep,CF1,4,100598,4067.937,316,14025822209793988776,0x3f8a3818
Deep,CF1,4,130060,4789.103,5332,16447096817644265187,0x3f8a3818
Deep,CF1,4,763603,4845.667,6039,2675965444298867792,0x3f8a3818
Deep,CF1,4,229656,5029.549,33034,6434857475817613567,0x3f8a3818
Deep,CF1,4,854752,4968.006,22330,5317554096436175220,0x3f8a3818
Deep,CF1,4,717147,5177.879,36177,17992406192989618205,0x3f8a3818
Deep,CF1,4,253796,4178.765,603,7357325001358704579,0x3f8a3818
Deep,CF1,4,594298,5366.61,104020,3606055345110403996,0x3f8a3818
Deep,CF1,4,802333,5281.789,57141,11652191883661406635,0x3f8a3818
Deep,CF1,4,907497,5113.308,38286,15729367600791443267,0x3f8a3818
Deep,CF1,4,970136,5178.243,35145,6453095899928726908,0x3f8a3818
Deep,CF1,4,472710,4516.959,1771,337101075066734154,0x3f8a3818
Deep,CF1,4,311434,4799.468,5129,4733800633900100260,0x3f8a3818
Deep,CF1,4,152112,4997.14,12511,12266487770150659012,0x3f8a3818
Deep,CF1,4,262882,4855.586,22393,12835014896091422454,0x3f8a3818
Deep,CF1,4,706522,4814.459,5997,10494260899150088525,0x3f8a3818
Deep,CF1,4,832912,5223.888,24418,4442606785420619152,0x3f8a3818
Deep,CF1,4,303769,5239.148,91883,12601588069570564519,0x3f8a3818
Deep,CF1,4,223701,5046.422,39049,8156394471858750068,0x3f8a3818
Deep,CF1,4,809314,5219.331,53502,2887601204544182294,0x3f8a3818
Deep,CF1,4,831243,5114.391,18459,17184389248536411848,0x3f8a3818
Deep,CF1,4,831746,5242.923,25657,8069871599203802193,0x3f8a3818
Deep,CF1,4,314373,4856.646,6649,7930500156481250159,0x3f8a3818
Deep,CF1,4,810800,4992.633,11471,8078026710008835094,0x3f8a3818
Deep,CF1,4,211855,5395.112,81263,17194343845329237592,0x3f8a3818
Deep,CF1,4,533614,4906.833,9967,2075162202884674110,0x3f8a3818
Deep,CF1,4,335471,5042.333,31039,811306315344642198,0x3f8a3818
Deep,CF1,4,566134,4555.866,3556,5150105216967092161,0x3f8a3818
Deep,CF1,4,738848,5293.14,91647,527134378642239240,0x3f8a3818
Deep,CF1,4,359342,4933.92,11608,18254613711068042421,0x3f8a3818
Deep,CF1,4,965210,5015.965,29711,8906948948597772149,0x3f8a3818
Deep,CF1,4,928413,5155.149,53963,5672219278756306020,0x3f8a3818
Deep,CF1,4,998782,5031.268,41031,14858962417192627408,0x3f8a3818
Deep,CF1,4,248373,5385.437,66909,6594997471801334999,0x3f8a3818
Deep,CF1,4,113110,4731.419,7713,15044239706030340721,0x3f8a3818
Deep,CF1,4,421120,4926.888,27072,11156619838713472325,0x3f8a3818
Deep,CF1,4,579626,5125.798,70020,15801899623856318834,0x3f8a3818
Deep,CF1,4,997466,4317.448,1165,13297005540871771787,0x3f8a3818
Deep,CF1,4,522760,5294.041,57504,589629908739724064,0x3f8a3818
Deep,CF1,4,134930,5021.521,22780,5555924880431164060,0x3f8a3818
Deep,CF1,4,786964,5177.864,12215,8666943971235242538,0x3f8a3818
Deep,CF1,4,884325,5105.194,19486,3399900141687540970,0x3f8a3818
Deep,CF1,4,552447,5211.126,36902,2990018976584339377,0x3f8a3818
Deep,CF1,4,504571,5372.482,33606,1570378596586034923,0x3f8a3818
Deep,CF1,4,951244,4919.504,9206,1749316506296530067,0x3f8a3818
Deep,CF1,4,220807,4976.023,8813,16843876062107336051,0x3f8a3818
Deep,CF1,4,681257,4299.188,3157,1149332497468486599,0x3f8a3818
Deep,CF1,4,417658,4803.183,5481,6594395041703768799,0x3f8a3818
Deep,CF1,4,266352,4894.188,28731,11281362833504578941,0x3f8a3818
Deep,CF1,5,584510,5081.216,16806,14914879394619323640,0x3f8a3818
Deep,CF1,5,860467,5355.085,53951,17049143744924134559,0x3f8a3818
Deep,CF1,5,923923,5280.376,126938,9440306144162209561,0x3f8a3818
Deep,CF1,5,533409,5185.039,43909,14686615024625846481,0x3f8a3818
Deep,CF1,5,220435,4988.547,20362,9812354220569990141,0x3f8a3818
Deep,CF1,5,395173,5192.245,79903,6302262262014071132,0x3f8a3818
Deep,CF1,5,125555,5105.553,50997,612338914426534571,0x3f8a3818
Deep,CF1,5,37317,5016.231,16211,9630984488420384674,0x3f8a3818
Deep,CF1,5,326694,4880.981,4963,10376290640833276832,0x3f8a3818
Deep,CF1,5,408325,5164.346,72371,2233598239453289699,0x3f8a3818
Deep,CF1,5,928005,5238.292,59410,3424114004169399651,0x3f8a3818
Deep,CF1,5,636852,4752.717,12737,10618904967847290727,0x3f8a3818
Deep,CF1,5,565201,4736.572,10437,16660415903701906029,0x3f8a3818
Deep,CF1,5,416400,5085.402,20431,16096759558451495918,0x3f8a3818
Deep,CF1,5,671950,4911.447,5485,7984204509393475337,0x3f8a3818
Deep,CF1,5,100598,4079.088,316,14025822209793988776,0x3f8a3818
Deep,CF1,5,130060,4807.74,5332,16447096817644265187,0x3f8a3818
Deep,CF1,5,763603,4816.377,6039,2675965444298867792,0x3f8a3818
Deep,CF1,5,229656,5016.137,33034,6434857475817613567,0x3f8a3818
Deep,CF1,5,854752,4989.657,22330,5317554096436175220,0x3f8a3818
Deep,CF1,5,717147,5180.663,36177,17992406192989618205,0x3f8a3818
Deep,CF1,5,253796,4186.647,603,7357325001358704579,0x3f8a3818
Deep,CF1,5,594298,5408.791,104020,3606055345110403996,0x3f8a3818
Deep,CF1,5,802333,5315.468,57141,11652191883661406635,0x3f8a3818
Deep,CF1,5,907497,5140.979,38286,15729367600791443267,0x3f8a3818
Deep,CF1,5,970136,5199.727,35145,6453095899928726908,0x3f8a3818
Deep,CF1,5,472710,4512.847,1771,337101075066734154,0x3f8a3818
Deep,CF1,5,311434,4827.652,5129,4733800633900100260,0x3f8a3818
Deep,CF1,5,152112,4984.612,12511,12266487770150659012,0x3f8a3818
Deep,CF1,5,262882,4852.26,22393,12835014896091422454,0x3f8a3818
Deep,CF1,5,706522,4842.413,5997,10494260899150088525,0x3f8a3818
Deep,CF1,5,832912,5238.487,24418,4442606785420619152,0x3f8a3818
Deep,CF1,5,303769,5249.755,91883,12601588069570564519,0x3f8a3818
Deep,CF1,5,223701,5073.719,39049,8156394471858750068,0x3f8a3818
Deep,CF1,5,809314,5262.671,53502,2887601204544182294,0x3f8a3818
Deep,CF1,5,831243,5123.308,18459,17184389248536411848,0x3f8a3818
Deep,CF1,5,831746,5259.668,25657,8069871599203802193,0x3f8a3818
Deep,CF1,5,314373,4865.691,6649,7930500156481250159,0x3f8a3818
Deep,CF1,5,810800,5044.488,11471,8078026710008835094,0x3f8a3818
Deep,CF1,5,211855,5399.867,81263,17194343845329237592,0x3f8a3818
Deep,CF1,5,533614,4932.081,9967,2075162202884674110,0x3f8a3818
Deep,CF1,5,335471,5045.132,31039,811306315344642198,0x3f8a3818
Deep,CF1,5,566134,4554.849,3556,5150105216967092161,0x3f8a3818
Deep,CF1,5,738848,5290.823,91647,527134378642239240,0x3f8a3818
Deep,CF1,5,359342,4953.84,11608,18254613711068042421,0x3f8a3818
Deep,CF1,5,965210,5053.901,29711,8906948948597772149,0x3f8a3818
Deep,CF1,5,928413,5176.208,53963,5672219278756306020,0x3f8a3818
Deep,CF1,5,998782,5030.487,41031,14858962417192627408,0x3f8a3818
Deep,CF1,5,248373,5371.371,66909,6594997471801334999,0x3f8a3818
Deep,CF1,5,113110,4732.207,7713,15044239706030340721,0x3f8a3818
Deep,CF1,5,421120,4925.737,27072,11156619838713472325,0x3f8a3818
Deep,CF1,5,579626,5097.636,70020,15801899623856318834,0x3f8a3818
Deep,CF1,5,997466,4297.948,1165,13297005540871771787,0x3f8a3818
Deep,CF1,5,522760,5289.499,57504,589629908739724064,0x3f8a3818
Deep,CF1,5,134930,4959.369,22780,5555924880431164060,0x3f8a3818
Deep,CF1,5,786964,5070.087,12215,8666943971235242538,0x3f8a3818
Deep,CF1,5,884325,5081.105,19486,3399900141687540970,0x3f8a3818
Deep,CF1,5,552447,5208.727,36902,2990018976584339377,0x3f8a3818
Deep,CF1,5,504571,5351.755,33606,1570378596586034923,0x3f8a3818
Deep,CF1,5,951244,4905.38,9206,1749316506296530067,0x3f8a3818
Deep,CF1,5,220807,4971.075,8813,16843876062107336051,0x3f8a3818
Deep,CF1,5,681257,4300.239,3157,1149332497468486599,0x3f8a3818
Deep,CF1,5,417658,4800.489,5481,6594395041703768799,0x3f8a3818
Deep,CF1,5,266352,4890.48,28731,11281362833504578941,0x3f8a3818
Deep,CF1,6,584510,5101.378,16806,14914879394619323640,0x3f8a3818
Deep,CF1,6,860467,5368.631,53951,17049143744924134559,0x3f8a3818
Deep,CF1,6,923923,5283.324,126938,9440306144162209561,0x3f8a3818
Deep,CF1,6,533409,5197.029,43909,14686615024625846481,0x3f8a3818
Deep,CF1,6,220435,5029.653,20362,9812354220569990141,0x3f8a3818
Deep,CF1,6,395173,5194.02,79903,6302262262014071132,0x3f8a3818
Deep,CF1,6,125555,5041.483,50997,612338914426534571,0x3f8a3818
Deep,CF1,6,37317,5004.625,16211,9630984488420384674,0x3f8a3818
Deep,CF1,6,326694,4881.435,4963,10376290640833276832,0x3f8a3818
Deep,CF1,6,408325,5152.116,72371,2233598239453289699,0x3f8a3818
Deep,CF1,6,928005,5240.486,59410,3424114004169399651,0x3f8a3818
Deep,CF1,6,636852,4745.9,12737,10618904967847290727,0x3f8a3818
Deep,CF1,6,565201,4732.351,10437,16660415903701906029,0x3f8a3818
Deep,CF1,6,416400,5056.248,20431,16096759558451495918,0x3f8a3818
Deep,CF1,6,671950,4890.21,5485,7984204509393475337,0x3f8a3818
Deep,CF1,6,100598,4062.376,316,14025822209793988776,0x3f8a3818
Deep,CF1,6,130060,4777.443,5332,16447096817644265187,0x3f8a3818
Deep,CF1,6,763603,4801.091,6039,2675965444298867792,0x3f8a3818
Deep,CF1,6,229656,4991.837,33034,6434857475817613567,0x3f8a3818
Deep,CF1,6,854752,4988.613,22330,5317554096436175220,0x3f8a3818
Deep,CF1,6,717147,5172.152,36177,17992406192989618205,0x3f8a3818
Deep,CF1,6,253796,4181.417,603,7357325001358704579,0x3f8a3818
Deep,CF1,6,594298,5391.849,104020,3606055345110403996,0x3f8a3818
Deep,CF1,6,802333,5274.978,57141,11652191883661406635,0x3f8a3818
Deep,CF1,6,907497,5120.347,38286,15729367600791443267,0x3f8a3818
Deep,CF1,6,970136,5181.712,35145,6453095899928726908,0x3f8a3818
Deep,CF1,6,472710,4517.667,1771,337101075066734154,0x3f8a3818
Deep,CF1,6,311434,4787.106,5129,4733800633900100260,0x3f8a3818
Deep,CF1,6,152112,5022.38,12511,12266487770150659012,0x3f8a3818
Deep,CF1,6,262882,4866.529,22393,12835014896091422454,0x3f8a3818
Deep,CF1,6,706522,4802.418,5997,10494260899150088525,0x3f8a3818
Deep,CF1,6,832912,5201.397,24418,4442606785420619152,0x3f8a3818
Deep,CF1,6,303769,5190.916,91883,12601588069570564519,0x3f8a3818
Deep,CF1,6,223701,5054.894,39049,8156394471858750068,0x3f8a3818
Deep,CF1,6,809314,5246.487,53502,2887601204544182294,0x3f8a3818
Deep,CF1,6,831243,5094.902,18459,17184389248536411848,0x3f8a3818
Deep,CF1,6,831746,5237.219,25657,8069871599203802193,0x3f8a3818
Deep,CF1,6,314373,4847.592,6649,7930500156481250159,0x3f8a3818
Deep,CF1,6,810800,5008.866,11471,8078026710008835094,0x3f8a3818
Deep,CF1,6,211855,5372.903,81263,17194343845329237592,0x3f8a3818
Deep,CF1,6,533614,4935.641,9967,2075162202884674110,0x3f8a3818
Deep,CF1,6,335471,5019.602,31039,811306315344642198,0x3f8a3818
Deep,CF1,6,566134,4532.516,3556,5150105216967092161,0x3f8a3818
Deep,CF1,6,738848,5287.125,91647,527134378642239240,0x3f8a3818
Deep,CF1,6,359342,4922.434,11608,18254613711068042421,0x3f8a3818
Deep,CF1,6,965210,5032.736,29711,8906948948597772149,0x3f8a3818
Deep,CF1,6,928413,5161.13,53963,5672219278756306020,0x3f8a3818
Deep,CF1,6,998782,5028.411,41031,14858962417192627408,0x3f8a3818
Deep,CF1,6,248373,5376.774,66909,6594997471801334999,0x3f8a3818
Deep,CF1,6,113110,4698.699,7713,15044239706030340721,0x3f8a3818
Deep,CF1,6,421120,4903.396,27072,11156619838713472325,0x3f8a3818
Deep,CF1,6,579626,5103.957,70020,15801899623856318834,0x3f8a3818
Deep,CF1,6,997466,4275.219,1165,13297005540871771787,0x3f8a3818
Deep,CF1,6,522760,5264.679,57504,589629908739724064,0x3f8a3818
Deep,CF1,6,134930,4974.184,22780,5555924880431164060,0x3f8a3818
Deep,CF1,6,786964,5058.717,12215,8666943971235242538,0x3f8a3818
Deep,CF1,6,884325,5062.78,19486,3399900141687540970,0x3f8a3818
Deep,CF1,6,552447,5158.826,36902,2990018976584339377,0x3f8a3818
Deep,CF1,6,504571,5346.399,33606,1570378596586034923,0x3f8a3818
Deep,CF1,6,951244,4884.113,9206,1749316506296530067,0x3f8a3818
Deep,CF1,6,220807,4959.159,8813,16843876062107336051,0x3f8a3818
Deep,CF1,6,681257,4292.984,3157,1149332497468486599,0x3f8a3818
Deep,CF1,6,417658,4775.737,5481,6594395041703768799,0x3f8a3818
Deep,CF1,6,266352,4876.138,28731,11281362833504578941,0x3f8a3818
Deep,TR,1,584510,8866.3,16806,14914879394619323640,0x3f8a3818
Deep,TR,1,860467,9441.501,53951,17049143744924134559,0x3f8a3818
Deep,TR,1,923923,9301.456,126938,9440306144162209561,0x3f8a3818
Deep,TR,1,533409,9069.403,43909,14686615024625846481,0x3f8a3818
Deep,TR,1,220435,8744.827,20362,9812354220569990141,0x3f8a3818
Deep,TR,1,395173,9102.758,79903,6302262262014071132,0x3f8a3818
Deep,TR,1,125555,8814.786,50997,612338914426534571,0x3f8a3818
Deep,TR,1,37317,8808.797,16211,9630984488420384674,0x3f8a3818
Deep,TR,1,326694,8364.427,4963,10376290640833276832,0x3f8a3818
Deep,TR,1,408325,9017.996,72371,2233598239453289699,0x3f8a3818
Deep,TR,1,928005,9175.905,59410,3424114004169399651,0x3f8a3818
Deep,TR,1,636852,8278.557,12737,10618904967847290727,0x3f8a3818
Deep,TR,1,565201,8218.412,10437,16660415903701906029,0x3f8a3818
Deep,TR,1,416400,8987.429,20431,16096759558451495918,0x3f8a3818
Deep,TR,1,671950,8500.056,5485,7984204509393475337,0x3f8a3818
Deep,TR,1,100598,7137.188,316,14025822209793988776,0x3f8a3818
Deep,TR,1,130060,8335.105,5332,16447096817644265187,0x3f8a3818
Deep,TR,1,763603,8334.785,6039,2675965444298867792,0x3f8a3818
Deep,TR,1,229656,8761.434,33034,6434857475817613567,0x3f8a3818
Deep,TR,1,854752,8789.226,22330,5317554096436175220,0x3f8a3818
Deep,TR,1,717147,9008.092,36177,17992406192989618205,0x3f8a3818
Deep,TR,1,253796,7228.614,603,7357325001358704579,0x3f8a3818
Deep,TR,1,594298,9549.25,104020,3606055345110403996,0x3f8a3818
Deep,TR,1,802333,9332.667,57141,11652191883661406635,0x3f8a3818
Deep,TR,1,907497,8980.486,38286,15729367600791443267,0x3f8a3818
Deep,TR,1,970136,9125.8,35145,6453095899928726908,0x3f8a3818
Deep,TR,1,472710,7732.445,1771,337101075066734154,0x3f8a3818
Deep,TR,1,311434,8350.299,5129,4733800633900100260,0x3f8a3818
Deep,TR,1,152112,8660.39,12511,12266487770150659012,0x3f8a3818
Deep,TR,1,262882,8488.772,22393,12835014896091422454,0x3f8a3818
Deep,TR,1,706522,8349.796,5997,10494260899150088525,0x3f8a3818
Deep,TR,1,832912,9254.889,24418,4442606785420619152,0x3f8a3818
Deep,TR,1,303769,9171.663,91883,12601588069570564519,0x3f8a3818
Deep,TR,1,223701,8796.754,39049,8156394471858750068,0x3f8a3818
Deep,TR,1,809314,9223.802,53502,2887601204544182294,0x3f8a3818
Deep,TR,1,831243,8873.431,18459,17184389248536411848,0x3f8a3818
Deep,TR,1,831746,9171.655,25657,8069871599203802193,0x3f8a3818
Deep,TR,1,314373,8380.377,6649,7930500156481250159,0x3f8a3818
Deep,TR,1,810800,8705.053,11471,8078026710008835094,0x3f8a3818
Deep,TR,1,211855,9509.058,81263,17194343845329237592,0x3f8a3818
Deep,TR,1,533614,8570.085,9967,2075162202884674110,0x3f8a3818
Deep,TR,1,335471,8846.981,31039,811306315344642198,0x3f8a3818
Deep,TR,1,566134,7878.565,3556,5150105216967092161,0x3f8a3818
Deep,TR,1,738848,9366.836,91647,527134378642239240,0x3f8a3818
Deep,TR,1,359342,8592.426,11608,18254613711068042421,0x3f8a3818
Deep,TR,1,965210,8733.866,29711,8906948948597772149,0x3f8a3818
Deep,TR,1,928413,9057.435,53963,5672219278756306020,0x3f8a3818
Deep,TR,1,998782,8781.546,41031,14858962417192627408,0x3f8a3818
Deep,TR,1,248373,9500.902,66909,6594997471801334999,0x3f8a3818
Deep,TR,1,113110,8258.459,7713,15044239706030340721,0x3f8a3818
Deep,TR,1,421120,8563.84,27072,11156619838713472325,0x3f8a3818
Deep,TR,1,579626,8959.364,70020,15801899623856318834,0x3f8a3818
Deep,TR,1,997466,7414.224,1165,13297005540871771787,0x3f8a3818
Deep,TR,1,522760,9321.303,57504,589629908739724064,0x3f8a3818
Deep,TR,1,134930,8646.935,22780,5555924880431164060,0x3f8a3818
Deep,TR,1,786964,8910.689,12215,8666943971235242538,0x3f8a3818
Deep,TR,1,884325,8877.677,19486,3399900141687540970,0x3f8a3818
Deep,TR,1,552447,9116.953,36902,2990018976584339377,0x3f8a3818
Deep,TR,1,504571,9458.276,33606,1570378596586034923,0x3f8a3818
Deep,TR,1,951244,8533.13,9206,1749316506296530067,0x3f8a3818
Deep,TR,1,220807,8651.314,8813,16843876062107336051,0x3f8a3818
Deep,TR,1,681257,7578.98,3157,1149332497468486599,0x3f8a3818
Deep,TR,1,417658,8259.462,5481,6594395041703768799,0x3f8a3818
Deep,TR,1,266352,8499.937,28731,11281362833504578941,0x3f8a3818
Deep,TR,2,584510,8865.384,16806,14914879394619323640,0x3f8a3818
Deep,TR,2,860467,9430.201,53951,17049143744924134559,0x3f8a3818
Deep,TR,2,923923,9294.747,126938,9440306144162209561,0x3f8a3818
Deep,TR,2,533409,9066.01,43909,14686615024625846481,0x3f8a3818
Deep,TR,2,220435,8738.473,20362,9812354220569990141,0x3f8a3818
Deep,TR,2,395173,9091.656,79903,6302262262014071132,0x3f8a3818
Deep,TR,2,125555,8789.357,50997,612338914426534571,0x3f8a3818
Deep,TR,2,37317,8797.113,16211,9630984488420384674,0x3f8a3818
Deep,TR,2,326694,8393.466,4963,10376290640833276832,0x3f8a3818
Deep,TR,2,408325,9020.626,72371,2233598239453289699,0x3f8a3818
Deep,TR,2,928005,9185.57,59410,3424114004169399651,0x3f8a3818
Deep,TR,2,636852,8258.734,12737,10618904967847290727,0x3f8a3818
Deep,TR,2,565201,8220.946,10437,16660415903701906029,0x3f8a3818
Deep,TR,2,416400,8990.203,20431,16096759558451495918,0x3f8a3818
Deep,TR,2,671950,8465.736,5485,7984204509393475337,0x3f8a3818
Deep,TR,2,100598,7118.931,316,14025822209793988776,0x3f8a3818
Deep,TR,2,130060,8322.749,5332,16447096817644265187,0x3f8a3818
Deep,TR,2,763603,8307.282,6039,2675965444298867792,0x3f8a3818
Deep,TR,2,229656,8725.677,33034,6434857475817613567,0x3f8a3818
Deep,TR,2,854752,8731.092,22330,5317554096436175220,0x3f8a3818
Deep,TR,2,717147,8999.172,36177,17992406192989618205,0x3f8a3818
Deep,TR,2,253796,7205.827,603,7357325001358704579,0x3f8a3818
Deep,TR,2,594298,9550.94,104020,3606055345110403996,0x3f8a3818
Deep,TR,2,802333,9288.734,57141,11652191883661406635,0x3f8a3818
Deep,TR,2,907497,8965.964,38286,15729367600791443267,0x3f8a3818
Deep,TR,2,970136,9100.818,35145,6453095899928726908,0x3f8a3818
Deep,TR,2,472710,7719.279,1771,337101075066734154,0x3f8a3818
Deep,TR,2,311434,8310.76,5129,4733800633900100260,0x3f8a3818
Deep,TR,2,152112,8645.419,12511,12266487770150659012,0x3f8a3818
Deep,TR,2,262882,8475.686,22393,12835014896091422454,0x3f8a3818
Deep,TR,2,706522,8352.236,5997,10494260899150088525,0x3f8a3818
Deep,TR,2,832912,9244.011,24418,4442606785420619152,0x3f8a3818
Deep,TR,2,303769,9157.698,91883,12601588069570564519,0x3f8a3818
Deep,TR,2,223701,8783.488,39049,8156394471858750068,0x3f8a3818
Deep,TR,2,809314,9224.042,53502,2887601204544182294,0x3f8a3818
Deep,TR,2,831243,8843.14,18459,17184389248536411848,0x3f8a3818
Deep,TR,2,831746,9172.173,25657,8069871599203802193,0x3f8a3818
Deep,TR,2,314373,8367.405,6649,7930500156481250159,0x3f8a3818
Deep,TR,2,810800,8689.278,11471,8078026710008835094,0x3f8a3818
Deep,TR,2,211855,9490.124,81263,17194343845329237592,0x3f8a3818
Deep,TR,2,533614,8585.087,9967,2075162202884674110,0x3f8a3818
Deep,TR,2,335471,8816.594,31039,811306315344642198,0x3f8a3818
Deep,TR,2,566134,7878.541,3556,5150105216967092161,0x3f8a3818
Deep,TR,2,738848,9353.184,91647,527134378642239240,0x3f8a3818
Deep,TR,2,359342,8603.161,11608,18254613711068042421,0x3f8a3818
Deep,TR,2,965210,8713.228,29711,8906948948597772149,0x3f8a3818
Deep,TR,2,928413,9041.625,53963,5672219278756306020,0x3f8a3818
Deep,TR,2,998782,8761.849,41031,14858962417192627408,0x3f8a3818
Deep,TR,2,248373,9481.324,66909,6594997471801334999,0x3f8a3818
Deep,TR,2,113110,8250.027,7713,15044239706030340721,0x3f8a3818
Deep,TR,2,421120,8563.436,27072,11156619838713472325,0x3f8a3818
Deep,TR,2,579626,8946.189,70020,15801899623856318834,0x3f8a3818
Deep,TR,2,997466,7426.684,1165,13297005540871771787,0x3f8a3818
Deep,TR,2,522760,9315.558,57504,589629908739724064,0x3f8a3818
Deep,TR,2,134930,8631.518,22780,5555924880431164060,0x3f8a3818
Deep,TR,2,786964,8910.401,12215,8666943971235242538,0x3f8a3818
Deep,TR,2,884325,8848.3,19486,3399900141687540970,0x3f8a3818
Deep,TR,2,552447,9094.833,36902,2990018976584339377,0x3f8a3818
Deep,TR,2,504571,9456.299,33606,1570378596586034923,0x3f8a3818
Deep,TR,2,951244,8514.869,9206,1749316506296530067,0x3f8a3818
Deep,TR,2,220807,8641.411,8813,16843876062107336051,0x3f8a3818
Deep,TR,2,681257,7573.406,3157,1149332497468486599,0x3f8a3818
Deep,TR,2,417658,8247.205,5481,6594395041703768799,0x3f8a3818
Deep,TR,2,266352,8499.627,28731,11281362833504578941,0x3f8a3818
Deep,TR,3,584510,8855.19,16806,14914879394619323640,0x3f8a3818
Deep,TR,3,860467,9419.105,53951,17049143744924134559,0x3f8a3818
Deep,TR,3,923923,9307.27,126938,9440306144162209561,0x3f8a3818
Deep,TR,3,533409,9075.494,43909,14686615024625846481,0x3f8a3818
Deep,TR,3,220435,8699.592,20362,9812354220569990141,0x3f8a3818
Deep,TR,3,395173,9084.583,79903,6302262262014071132,0x3f8a3818
Deep,TR,3,125555,8793.388,50997,612338914426534571,0x3f8a3818
Deep,TR,3,37317,8798.443,16211,9630984488420384674,0x3f8a3818
Deep,TR,3,326694,8359.472,4963,10376290640833276832,0x3f8a3818
Deep,TR,3,408325,9007.489,72371,2233598239453289699,0x3f8a3818
Deep,TR,3,928005,9165.437,59410,3424114004169399651,0x3f8a3818
Deep,TR,3,636852,8269.987,12737,10618904967847290727,0x3f8a3818
Deep,TR,3,565201,8219.656,10437,16660415903701906029,0x3f8a3818
Deep,TR,3,416400,8951.447,20431,16096759558451495918,0x3f8a3818
Deep,TR,3,671950,8475.09,5485,7984204509393475337,0x3f8a3818
Deep,TR,3,100598,7115.509,316,14025822209793988776,0x3f8a3818
Deep,TR,3,130060,8319.607,5332,16447096817644265187,0x3f8a3818
Deep,TR,3,763603,8311.189,6039,2675965444298867792,0x3f8a3818
Deep,TR,3,229656,8732.561,33034,6434857475817613567,0x3f8a3818
Deep,TR,3,854752,8749.748,22330,5317554096436175220,0x3f8a3818
Deep,TR,3,717147,9020.044,36177,17992406192989618205,0x3f8a3818
Deep,TR,3,253796,7227.409,603,7357325001358704579,0x3f8a3818
Deep,TR,3,594298,9535.529,104020,3606055345110403996,0x3f8a3818
Deep,TR,3,802333,9313.663,57141,11652191883661406635,0x3f8a3818
Deep,TR,3,907497,9016.88,38286,15729367600791443267,0x3f8a3818
Deep,TR,3,970136,9108.471,35145,6453095899928726908,0x3f8a3818
Deep,TR,3,472710,7701.676,1771,337101075066734154,0x3f8a3818
Deep,TR,3,311434,8338.93,5129,4733800633900100260,0x3f8a3818
Deep,TR,3,152112,8642.108,12511,12266487770150659012,0x3f8a3818
Deep,TR,3,262882,8467.709,22393,12835014896091422454,0x3f8a3818
Deep,TR,3,706522,8348.463,5997,10494260899150088525,0x3f8a3818
Deep,TR,3,832912,9239.164,24418,4442606785420619152,0x3f8a3818
Deep,TR,3,303769,9167.76,91883,12601588069570564519,0x3f8a3818
Deep,TR,3,223701,8843.381,39049,8156394471858750068,0x3f8a3818
Deep,TR,3,809314,9214.958,53502,2887601204544182294,0x3f8a3818
Deep,TR,3,831243,8824.474,18459,17184389248536411848,0x3f8a3818
Deep,TR,3,831746,9153.768,25657,8069871599203802193,0x3f8a3818
Deep,TR,3,314373,8381.769,6649,7930500156481250159,0x3f8a3818
Deep,TR,3,810800,8732.894,11471,8078026710008835094,0x3f8a3818
Deep,TR,3,211855,9522.534,81263,17194343845329237592,0x3f8a3818
Deep,TR,3,533614,8585.169,9967,2075162202884674110,0x3f8a3818
Deep,TR,3,335471,8826.475,31039,811306315344642198,0x3f8a3818
Deep,TR,3,566134,7889.752,3556,5150105216967092161,0x3f8a3818
Deep,TR,3,738848,9349.274,91647,527134378642239240,0x3f8a3818
Deep,TR,3,359342,8598.816,11608,18254613711068042421,0x3f8a3818
Deep,TR,3,965210,8707.14,29711,8906948948597772149,0x3f8a3818
Deep,TR,3,928413,9032.134,53963,5672219278756306020,0x3f8a3818
Deep,TR,3,998782,8761.937,41031,14858962417192627408,0x3f8a3818
Deep,TR,3,248373,9483.076,66909,6594997471801334999,0x3f8a3818
Deep,TR,3,113110,8257.009,7713,15044239706030340721,0x3f8a3818
Deep,TR,3,421120,8539.365,27072,11156619838713472325,0x3f8a3818
Deep,TR,3,579626,8945.894,70020,15801899623856318834,0x3f8a3818
Deep,TR,3,997466,7418.73,1165,13297005540871771787,0x3f8a3818
Deep,TR,3,522760,9329.372,57504,589629908739724064,0x3f8a3818
Deep,TR,3,134930,8637.277,22780,5555924880431164060,0x3f8a3818
Deep,TR,3,786964,8909.634,12215,8666943971235242538,0x3f8a3818
Deep,TR,3,884325,8876.888,19486,3399900141687540970,0x3f8a3818
Deep,TR,3,552447,9119.584,36902,2990018976584339377,0x3f8a3818
Deep,TR,3,504571,9471.489,33606,1570378596586034923,0x3f8a3818
Deep,TR,3,951244,8524.581,9206,1749316506296530067,0x3f8a3818
Deep,TR,3,220807,8624.429,8813,16843876062107336051,0x3f8a3818
Deep,TR,3,681257,7587.235,3157,1149332497468486599,0x3f8a3818
Deep,TR,3,417658,8256.571,5481,6594395041703768799,0x3f8a3818
Deep,TR,3,266352,8515.909,28731,11281362833504578941,0x3f8a3818
Deep,TR,4,584510,8864.98,16806,14914879394619323640,0x3f8a3818
Deep,TR,4,860467,9439.014,53951,17049143744924134559,0x3f8a3818
Deep,TR,4,923923,9297.299,126938,9440306144162209561,0x3f8a3818
Deep,TR,4,533409,9079.99,43909,14686615024625846481,0x3f8a3818
Deep,TR,4,220435,8740.749,20362,9812354220569990141,0x3f8a3818
Deep,TR,4,395173,9092.766,79903,6302262262014071132,0x3f8a3818
Deep,TR,4,125555,8811.928,50997,612338914426534571,0x3f8a3818
Deep,TR,4,37317,8780.537,16211,9630984488420384674,0x3f8a3818
Deep,TR,4,326694,8405.825,4963,10376290640833276832,0x3f8a3818
Deep,TR,4,408325,8988.622,72371,2233598239453289699,0x3f8a3818
Deep,TR,4,928005,9188.867,59410,3424114004169399651,0x3f8a3818
Deep,TR,4,636852,8267.691,12737,10618904967847290727,0x3f8a3818
Deep,TR,4,565201,8220.957,10437,16660415903701906029,0x3f8a3818
Deep,TR,4,416400,8974.603,20431,16096759558451495918,0x3f8a3818
Deep,TR,4,671950,8477.775,5485,7984204509393475337,0x3f8a3818
Deep,TR,4,100598,7113.752,316,14025822209793988776,0x3f8a3818
Deep,TR,4,130060,8336.528,5332,16447096817644265187,0x3f8a3818
Deep,TR,4,763603,8342.676,6039,2675965444298867792,0x3f8a3818
Deep,TR,4,229656,8758.407,33034,6434857475817613567,0x3f8a3818
Deep,TR,4,854752,8755.611,22330,5317554096436175220,0x3f8a3818
Deep,TR,4,717147,9013.97,36177,17992406192989618205,0x3f8a3818
Deep,TR,4,253796,7254.9,603,7357325001358704579,0x3f8a3818
Deep,TR,4,594298,9578.586,104020,3606055345110403996,0x3f8a3818
Deep,TR,4,802333,9304.882,57141,11652191883661406635,0x3f8a3818
Deep,TR,4,907497,8980.464,38286,15729367600791443267,0x3f8a3818
Deep,TR,4,970136,9129.855,35145,6453095899928726908,0x3f8a3818
Deep,TR,4,472710,7728.892,1771,337101075066734154,0x3f8a3818
Deep,TR,4,311434,8344.623,5129,4733800633900100260,0x3f8a3818
Deep,TR,4,152112,8662.09,12511,12266487770150659012,0x3f8a3818
Deep,TR,4,262882,8511.378,22393,12835014896091422454,0x3f8a3818
Deep,TR,4,706522,8376.286,5997,10494260899150088525,0x3f8a3818
Deep,TR,4,832912,9250.665,24418,4442606785420619152,0x3f8a3818
Deep,TR,4,303769,9185.833,91883,12601588069570564519,0x3f8a3818
Deep,TR,4,223701,8823.592,39049,8156394471858750068,0x3f8a3818
Deep,TR,4,809314,9259.522,53502,2887601204544182294,0x3f8a3818
Deep,TR,4,831243,8883.389,18459,17184389248536411848,0x3f8a3818
Deep,TR,4,831746,9195.753,25657,8069871599203802193,0x3f8a3818
Deep,TR,4,314373,8373.652,6649,7930500156481250159,0x3f8a3818
Deep,TR,4,810800,8756.009,11471,8078026710008835094,0x3f8a3818
Deep,TR,4,211855,9529.889,81263,17194343845329237592,0x3f8a3818
Deep,TR,4,533614,8612.331,9967,2075162202884674110,0x3f8a3818
Deep,TR,4,335471,8893.762,31039,811306315344642198,0x3f8a3818
Deep,TR,4,566134,7908.825,3556,5150105216967092161,0x3f8a3818
Deep,TR,4,738848,9386.58,91647,527134378642239240,0x3f8a3818
Deep,TR,4,359342,8656.678,11608,18254613711068042421,0x3f8a3818
Deep,TR,4,965210,8731.237,29711,8906948948597772149,0x3f8a3818
Deep,TR,4,928413,9064.376,53963,5672219278756306020,0x3f8a3818
Deep,TR,4,998782,8796.146,41031,14858962417192627408,0x3f8a3818
Deep,TR,4,248373,9529.082,66909,6594997471801334999,0x3f8a3818
Deep,TR,4,113110,8271.588,7713,15044239706030340721,0x3f8a3818
Deep,TR,4,421120,8578.302,27072,11156619838713472325,0x3f8a3818
Deep,TR,4,579626,8993.368,70020,15801899623856318834,0x3f8a3818
Deep,TR,4,997466,7454.846,1165,13297005540871771787,0x3f8a3818
Deep,TR,4,522760,9355.425,57504,589629908739724064,0x3f8a3818
Deep,TR,4,134930,8688.85,22780,5555924880431164060,0x3f8a3818
Deep,TR,4,786964,8924.378,12215,8666943971235242538,0x3f8a3818
Deep,TR,4,884325,8886.785,19486,3399900141687540970,0x3f8a3818
Deep,TR,4,552447,9126.848,36902,2990018976584339377,0x3f8a3818
Deep,TR,4,504571,9460.802,33606,1570378596586034923,0x3f8a3818
Deep,TR,4,951244,8557.679,9206,1749316506296530067,0x3f8a3818
Deep,TR,4,220807,8658.752,8813,16843876062107336051,0x3f8a3818
Deep,TR,4,681257,7586.452,3157,1149332497468486599,0x3f8a3818
Deep,TR,4,417658,8295.934,5481,6594395041703768799,0x3f8a3818
Deep,TR,4,266352,8528.131,28731,11281362833504578941,0x3f8a3818
Deep,TR,5,584510,8849.852,16806,14914879394619323640,0x3f8a3818
Deep,TR,5,860467,9439.853,53951,17049143744924134559,0x3f8a3818
Deep,TR,5,923923,9306.97,126938,9440306144162209561,0x3f8a3818
Deep,TR,5,533409,9068.033,43909,14686615024625846481,0x3f8a3818
Deep,TR,5,220435,8727.912,20362,9812354220569990141,0x3f8a3818
Deep,TR,5,395173,9105.709,79903,6302262262014071132,0x3f8a3818
Deep,TR,5,125555,8809.818,50997,612338914426534571,0x3f8a3818
Deep,TR,5,37317,8791.664,16211,9630984488420384674,0x3f8a3818
Deep,TR,5,326694,8370.854,4963,10376290640833276832,0x3f8a3818
Deep,TR,5,408325,9009.169,72371,2233598239453289699,0x3f8a3818
Deep,TR,5,928005,9190.347,59410,3424114004169399651,0x3f8a3818
Deep,TR,5,636852,8253.78,12737,10618904967847290727,0x3f8a3818
Deep,TR,5,565201,8226.869,10437,16660415903701906029,0x3f8a3818
Deep,TR,5,416400,8985.551,20431,16096759558451495918,0x3f8a3818
Deep,TR,5,671950,8463.016,5485,7984204509393475337,0x3f8a3818
Deep,TR,5,100598,7121.958,316,14025822209793988776,0x3f8a3818
Deep,TR,5,130060,8342.38,5332,16447096817644265187,0x3f8a3818
Deep,TR,5,763603,8318.391,6039,2675965444298867792,0x3f8a3818
Deep,TR,5,229656,8738.207,33034,6434857475817613567,0x3f8a3818
Deep,TR,5,854752,8756.85,22330,5317554096436175220,0x3f8a3818
Deep,TR,5,717147,9052.332,36177,17992406192989618205,0x3f8a3818
Deep,TR,5,253796,7320.594,603,7357325001358704579,0x3f8a3818
Deep,TR,5,594298,9547.733,104020,3606055345110403996,0x3f8a3818
Deep,TR,5,802333,9299.134,57141,11652191883661406635,0x3f8a3818
Deep,TR,5,907497,8975.667,38286,15729367600791443267,0x3f8a3818
Deep,TR,5,970136,9112.069,35145,6453095899928726908,0x3f8a3818
Deep,TR,5,472710,7727.893,1771,337101075066734154,0x3f8a3818
Deep,TR,5,311434,8334.327,5129,4733800633900100260,0x3f8a3818
Deep,TR,5,152112,8648.168,12511,12266487770150659012,0x3f8a3818
Deep,TR,5,262882,8497.534,22393,12835014896091422454,0x3f8a3818
Deep,TR,5,706522,8429.082,5997,10494260899150088525,0x3f8a3818
Deep,TR,5,832912,9348.76,24418,4442606785420619152,0x3f8a3818
Deep,TR,5,303769,9178.448,91883,12601588069570564519,0x3f8a3818
Deep,TR,5,223701,8819.144,39049,8156394471858750068,0x3f8a3818
Deep,TR,5,809314,9228.229,53502,2887601204544182294,0x3f8a3818
Deep,TR,5,831243,8864.979,18459,17184389248536411848,0x3f8a3818
Deep,TR,5,831746,9186.089,25657,8069871599203802193,0x3f8a3818
Deep,TR,5,314373,8367.388,6649,7930500156481250159,0x3f8a3818
Deep,TR,5,810800,8735.591,11471,8078026710008835094,0x3f8a3818
Deep,TR,5,211855,9533.636,81263,17194343845329237592,0x3f8a3818
Deep,TR,5,533614,8606.268,9967,2075162202884674110,0x3f8a3818
Deep,TR,5,335471,8840.748,31039,811306315344642198,0x3f8a3818
Deep,TR,5,566134,7898.017,3556,5150105216967092161,0x3f8a3818
Deep,TR,5,738848,9383.538,91647,527134378642239240,0x3f8a3818
Deep,TR,5,359342,8649.61,11608,18254613711068042421,0x3f8a3818
Deep,TR,5,965210,8728.678,29711,8906948948597772149,0x3f8a3818
Deep,TR,5,928413,9083.229,53963,5672219278756306020,0x3f8a3818
Deep,TR,5,998782,8768.558,41031,14858962417192627408,0x3f8a3818
Deep,TR,5,248373,9525.286,66909,6594997471801334999,0x3f8a3818
Deep,TR,5,113110,8268.756,7713,15044239706030340721,0x3f8a3818
Deep,TR,5,421120,8603.378,27072,11156619838713472325,0x3f8a3818
Deep,TR,5,579626,8980.45,70020,15801899623856318834,0x3f8a3818
Deep,TR,5,997466,7474.977,1165,13297005540871771787,0x3f8a3818
Deep,TR,5,522760,9345.079,57504,589629908739724064,0x3f8a3818
Deep,TR,5,134930,8675.87,22780,5555924880431164060,0x3f8a3818
Deep,TR,5,786964,8944.563,12215,8666943971235242538,0x3f8a3818
Deep,TR,5,884325,8895.193,19486,3399900141687540970,0x3f8a3818
Deep,TR,5,552447,9142.426,36902,2990018976584339377,0x3f8a3818
Deep,TR,5,504571,9488.284,33606,1570378596586034923,0x3f8a3818
Deep,TR,5,951244,8555.877,9206,1749316506296530067,0x3f8a3818
Deep,TR,5,220807,8656.456,8813,16843876062107336051,0x3f8a3818
Deep,TR,5,681257,7584.332,3157,1149332497468486599,0x3f8a3818
Deep,TR,5,417658,8274.586,5481,6594395041703768799,0x3f8a3818
Deep,TR,5,266352,8620.081,28731,11281362833504578941,0x3f8a3818
Deep,TR,6,584510,8871.424,16806,14914879394619323640,0x3f8a3818
Deep,TR,6,860467,9431.808,53951,17049143744924134559,0x3f8a3818
Deep,TR,6,923923,9303.331,126938,9440306144162209561,0x3f8a3818
Deep,TR,6,533409,9088.885,43909,14686615024625846481,0x3f8a3818
Deep,TR,6,220435,8760.068,20362,9812354220569990141,0x3f8a3818
Deep,TR,6,395173,9109.268,79903,6302262262014071132,0x3f8a3818
Deep,TR,6,125555,8821.145,50997,612338914426534571,0x3f8a3818
Deep,TR,6,37317,8799.595,16211,9630984488420384674,0x3f8a3818
Deep,TR,6,326694,8373.82,4963,10376290640833276832,0x3f8a3818
Deep,TR,6,408325,9017.151,72371,2233598239453289699,0x3f8a3818
Deep,TR,6,928005,9205.447,59410,3424114004169399651,0x3f8a3818
Deep,TR,6,636852,8286.68,12737,10618904967847290727,0x3f8a3818
Deep,TR,6,565201,8242.831,10437,16660415903701906029,0x3f8a3818
Deep,TR,6,416400,8981.199,20431,16096759558451495918,0x3f8a3818
Deep,TR,6,671950,8481.701,5485,7984204509393475337,0x3f8a3818
Deep,TR,6,100598,7111.184,316,14025822209793988776,0x3f8a3818
Deep,TR,6,130060,8349.195,5332,16447096817644265187,0x3f8a3818
Deep,TR,6,763603,8336.263,6039,2675965444298867792,0x3f8a3818
Deep,TR,6,229656,8740.425,33034,6434857475817613567,0x3f8a3818
Deep,TR,6,854752,8762.057,22330,5317554096436175220,0x3f8a3818
Deep,TR,6,717147,9009.675,36177,17992406192989618205,0x3f8a3818
Deep,TR,6,253796,7248.672,603,7357325001358704579,0x3f8a3818
Deep,TR,6,594298,9554.315,104020,3606055345110403996,0x3f8a3818
Deep,TR,6,802333,9323.223,57141,11652191883661406635,0x3f8a3818
Deep,TR,6,907497,8986.827,38286,15729367600791443267,0x3f8a3818
Deep,TR,6,970136,9110.147,35145,6453095899928726908,0x3f8a3818
Deep,TR,6,472710,7743.28,1771,337101075066734154,0x3f8a3818
Deep,TR,6,311434,8361.4,5129,4733800633900100260,0x3f8a3818
Deep,TR,6,152112,8647.592,12511,12266487770150659012,0x3f8a3818
Deep,TR,6,262882,8492.791,22393,12835014896091422454,0x3f8a3818
Deep,TR,6,706522,8377.463,5997,10494260899150088525,0x3f8a3818
Deep,TR,6,832912,9258.854,24418,4442606785420619152,0x3f8a3818
Deep,TR,6,303769,9208.247,91883,12601588069570564519,0x3f8a3818
Deep,TR,6,223701,8847.99,39049,8156394471858750068,0x3f8a3818
Deep,TR,6,809314,9249.765,53502,2887601204544182294,0x3f8a3818
Deep,TR,6,831243,8891.464,18459,17184389248536411848,0x3f8a3818
Deep,TR,6,831746,9206.578,25657,8069871599203802193,0x3f8a3818
Deep,TR,6,314373,8396.866,6649,7930500156481250159,0x3f8a3818
Deep,TR,6,810800,8740.64,11471,8078026710008835094,0x3f8a3818
Deep,TR,6,211855,9532.47,81263,17194343845329237592,0x3f8a3818
Deep,TR,6,533614,8619.92,9967,2075162202884674110,0x3f8a3818
Deep,TR,6,335471,8866.126,31039,811306315344642198,0x3f8a3818
Deep,TR,6,566134,7916.428,3556,5150105216967092161,0x3f8a3818
Deep,TR,6,738848,9388.213,91647,527134378642239240,0x3f8a3818
Deep,TR,6,359342,8646.068,11608,18254613711068042421,0x3f8a3818
Deep,TR,6,965210,8731.255,29711,8906948948597772149,0x3f8a3818
Deep,TR,6,928413,9084.717,53963,5672219278756306020,0x3f8a3818
Deep,TR,6,998782,8794.909,41031,14858962417192627408,0x3f8a3818
Deep,TR,6,248373,9517.645,66909,6594997471801334999,0x3f8a3818
Deep,TR,6,113110,8275.415,7713,15044239706030340721,0x3f8a3818
Deep,TR,6,421120,8576.863,27072,11156619838713472325,0x3f8a3818
Deep,TR,6,579626,8977.306,70020,15801899623856318834,0x3f8a3818
Deep,TR,6,997466,7460.48,1165,13297005540871771787,0x3f8a3818
Deep,TR,6,522760,9357.454,57504,589629908739724064,0x3f8a3818
Deep,TR,6,134930,8688.222,22780,5555924880431164060,0x3f8a3818
Deep,TR,6,786964,8916.644,12215,8666943971235242538,0x3f8a3818
Deep,TR,6,884325,8912.108,19486,3399900141687540970,0x3f8a3818
Deep,TR,6,552447,9160.395,36902,2990018976584339377,0x3f8a3818
Deep,TR,6,504571,9475.01,33606,1570378596586034923,0x3f8a3818
Deep,TR,6,951244,8568.504,9206,1749316506296530067,0x3f8a3818
Deep,TR,6,220807,8667.113,8813,16843876062107336051,0x3f8a3818
Deep,TR,6,681257,7591.53,3157,1149332497468486599,0x3f8a3818
Deep,TR,6,417658,8310.591,5481,6594395041703768799,0x3f8a3818
Deep,TR,6,266352,8550.636,28731,11281362833504578941,0x3f8a3818
Deep,TF,1,584510,7875.931,16806,14914879394619323640,0x3f8a3818
Deep,TF,1,860467,8546.944,53951,17049143744924134559,0x3f8a3818
Deep,TF,1,923923,8567.533,126938,9440306144162209561,0x3f8a3818
Deep,TF,1,533409,8140.798,43909,14686615024625846481,0x3f8a3818
Deep,TF,1,220435,7743.706,20362,9812354220569990141,0x3f8a3818
Deep,TF,1,395173,8302.016,79903,6302262262014071132,0x3f8a3818
Deep,TF,1,125555,7860.722,50997,612338914426534571,0x3f8a3818
Deep,TF,1,37317,7787.372,16211,9630984488420384674,0x3f8a3818
Deep,TF,1,326694,7349.108,4963,10376290640833276832,0x3f8a3818
Deep,TF,1,408325,8127.634,72371,2233598239453289699,0x3f8a3818
Deep,TF,1,928005,8318.747,59410,3424114004169399651,0x3f8a3818
Deep,TF,1,636852,7247.711,12737,10618904967847290727,0x3f8a3818
Deep,TF,1,565201,7194.555,10437,16660415903701906029,0x3f8a3818
Deep,TF,1,416400,7989.447,20431,16096759558451495918,0x3f8a3818
Deep,TF,1,671950,7436.605,5485,7984204509393475337,0x3f8a3818
Deep,TF,1,100598,6054.142,316,14025822209793988776,0x3f8a3818
Deep,TF,1,130060,7288.542,5332,16447096817644265187,0x3f8a3818
Deep,TF,1,763603,7274.36,6039,2675965444298867792,0x3f8a3818
Deep,TF,1,229656,7765.361,33034,6434857475817613567,0x3f8a3818
Deep,TF,1,854752,7766.906,22330,5317554096436175220,0x3f8a3818
Deep,TF,1,717147,8085.143,36177,17992406192989618205,0x3f8a3818
Deep,TF,1,253796,6221.252,603,7357325001358704579,0x3f8a3818
Deep,TF,1,594298,8829.604,104020,3606055345110403996,0x3f8a3818
Deep,TF,1,802333,8475.399,57141,11652191883661406635,0x3f8a3818
Deep,TF,1,907497,8020.628,38286,15729367600791443267,0x3f8a3818
Deep,TF,1,970136,8189.757,35145,6453095899928726908,0x3f8a3818
Deep,TF,1,472710,6655.955,1771,337101075066734154,0x3f8a3818
Deep,TF,1,311434,7289.884,5129,4733800633900100260,0x3f8a3818
Deep,TF,1,152112,7668.864,12511,12266487770150659012,0x3f8a3818
Deep,TF,1,262882,7490.891,22393,12835014896091422454,0x3f8a3818
Deep,TF,1,706522,7317.03,5997,10494260899150088525,0x3f8a3818
Deep,TF,1,832912,8318.949,24418,4442606785420619152,0x3f8a3818
Deep,TF,1,303769,8385.487,91883,12601588069570564519,0x3f8a3818
Deep,TF,1,223701,7861.254,39049,8156394471858750068,0x3f8a3818
Deep,TF,1,809314,8334.315,53502,2887601204544182294,0x3f8a3818
Deep,TF,1,831243,7884.774,18459,17184389248536411848,0x3f8a3818
Deep,TF,1,831746,8231.342,25657,8069871599203802193,0x3f8a3818
Deep,TF,1,314373,7316.629,6649,7930500156481250159,0x3f8a3818
Deep,TF,1,810800,7694.25,11471,8078026710008835094,0x3f8a3818
Deep,TF,1,211855,8768.073,81263,17194343845329237592,0x3f8a3818
Deep,TF,1,533614,7585.157,9967,2075162202884674110,0x3f8a3818
Deep,TF,1,335471,7882.12,31039,811306315344642198,0x3f8a3818
Deep,TF,1,566134,6849.056,3556,5150105216967092161,0x3f8a3818
Deep,TF,1,738848,8587.956,91647,527134378642239240,0x3f8a3818
Deep,TF,1,359342,7589.092,11608,18254613711068042421,0x3f8a3818
Deep,TF,1,965210,7751.489,29711,8906948948597772149,0x3f8a3818
Deep,TF,1,928413,8180.563,53963,5672219278756306020,0x3f8a3818
Deep,TF,1,998782,7841.519,41031,14858962417192627408,0x3f8a3818
Deep,TF,1,248373,8650.241,66909,6594997471801334999,0x3f8a3818
Deep,TF,1,113110,7213.64,7713,15044239706030340721,0x3f8a3818
Deep,TF,1,421120,7563.711,27072,11156619838713472325,0x3f8a3818
Deep,TF,1,579626,8098.066,70020,15801899623856318834,0x3f8a3818
Deep,TF,1,997466,6412.531,1165,13297005540871771787,0x3f8a3818
Deep,TF,1,522760,8432.1,57504,589629908739724064,0x3f8a3818
Deep,TF,1,134930,7692.434,22780,5555924880431164060,0x3f8a3818
Deep,TF,1,786964,7910.624,12215,8666943971235242538,0x3f8a3818
Deep,TF,1,884325,7889.304,19486,3399900141687540970,0x3f8a3818
Deep,TF,1,552447,8237.192,36902,2990018976584339377,0x3f8a3818
Deep,TF,1,504571,8566.465,33606,1570378596586034923,0x3f8a3818
Deep,TF,1,951244,7510.324,9206,1749316506296530067,0x3f8a3818
Deep,TF,1,220807,7627.667,8813,16843876062107336051,0x3f8a3818
Deep,TF,1,681257,6502.49,3157,1149332497468486599,0x3f8a3818
Deep,TF,1,417658,7254.993,5481,6594395041703768799,0x3f8a3818
Deep,TF,1,266352,7538.758,28731,11281362833504578941,0x3f8a3818
Deep,TF,2,584510,7872.618,16806,14914879394619323640,0x3f8a3818
Deep,TF,2,860467,8548.854,53951,17049143744924134559,0x3f8a3818
Deep,TF,2,923923,8618.375,126938,9440306144162209561,0x3f8a3818
Deep,TF,2,533409,8244.889,43909,14686615024625846481,0x3f8a3818
Deep,TF,2,220435,7736.035,20362,9812354220569990141,0x3f8a3818
Deep,TF,2,395173,8266.502,79903,6302262262014071132,0x3f8a3818
Deep,TF,2,125555,7853.756,50997,612338914426534571,0x3f8a3818
Deep,TF,2,37317,7799.656,16211,9630984488420384674,0x3f8a3818
Deep,TF,2,326694,7344.933,4963,10376290640833276832,0x3f8a3818
Deep,TF,2,408325,8122.315,72371,2233598239453289699,0x3f8a3818
Deep,TF,2,928005,8300.805,59410,3424114004169399651,0x3f8a3818
Deep,TF,2,636852,7243.28,12737,10618904967847290727,0x3f8a3818
Deep,TF,2,565201,7196.516,10437,16660415903701906029,0x3f8a3818
Deep,TF,2,416400,7985.104,20431,16096759558451495918,0x3f8a3818
Deep,TF,2,671950,7435.64,5485,7984204509393475337,0x3f8a3818
Deep,TF,2,100598,6045.968,316,14025822209793988776,0x3f8a3818
Deep,TF,2,130060,7288.995,5332,16447096817644265187,0x3f8a3818
Deep,TF,2,763603,7294.881,6039,2675965444298867792,0x3f8a3818
Deep,TF,2,229656,7778.272,33034,6434857475817613567,0x3f8a3818
Deep,TF,2,854752,7764.073,22330,5317554096436175220,0x3f8a3818
Deep,TF,2,717147,8066.565,36177,17992406192989618205,0x3f8a3818
Deep,TF,2,253796,6193.44,603,7357325001358704579,0x3f8a3818
Deep,TF,2,594298,8810.655,104020,3606055345110403996,0x3f8a3818
Deep,TF,2,802333,8453.058,57141,11652191883661406635,0x3f8a3818
Deep,TF,2,907497,8026.792,38286,15729367600791443267,0x3f8a3818
Deep,TF,2,970136,8200.712,35145,6453095899928726908,0x3f8a3818
Deep,TF,2,472710,6669.733,1771,337101075066734154,0x3f8a3818
Deep,TF,2,311434,7298.48,5129,4733800633900100260,0x3f8a3818
Deep,TF,2,152112,7661.81,12511,12266487770150659012,0x3f8a3818
Deep,TF,2,262882,7489.014,22393,12835014896091422454,0x3f8a3818
Deep,TF,2,706522,7326.977,5997,10494260899150088525,0x3f8a3818
Deep,TF,2,832912,8283.619,24418,4442606785420619152,0x3f8a3818
Deep,TF,2,303769,8361.39,91883,12601588069570564519,0x3f8a3818
Deep,TF,2,223701,7858.069,39049,8156394471858750068,0x3f8a3818
Deep,TF,2,809314,8368.46,53502,2887601204544182294,0x3f8a3818
Deep,TF,2,831243,7891.263,18459,17184389248536411848,0x3f8a3818
Deep,TF,2,831746,8256.434,25657,8069871599203802193,0x3f8a3818
Deep,TF,2,314373,7334.549,6649,7930500156481250159,0x3f8a3818
Deep,TF,2,810800,7700.105,11471,8078026710008835094,0x3f8a3818
Deep,TF,2,211855,8754.741,81263,17194343845329237592,0x3f8a3818
Deep,TF,2,533614,7606.977,9967,2075162202884674110,0x3f8a3818
Deep,TF,2,335471,7931.02,31039,811306315344642198,0x3f8a3818
Deep,TF,2,566134,6867.776,3556,5150105216967092161,0x3f8a3818
Deep,TF,2,738848,8596.527,91647,527134378642239240,0x3f8a3818
Deep,TF,2,359342,7617.167,11608,18254613711068042421,0x3f8a3818
Deep,TF,2,965210,7764.438,29711,8906948948597772149,0x3f8a3818
Deep,TF,2,928413,8199.263,53963,5672219278756306020,0x3f8a3818
Deep,TF,2,998782,7862.354,41031,14858962417192627408,0x3f8a3818
Deep,TF,2,248373,8669.201,66909,6594997471801334999,0x3f8a3818
Deep,TF,2,113110,7225.73,7713,15044239706030340721,0x3f8a3818
Deep,TF,2,421120,7591.19,27072,11156619838713472325,0x3f8a3818
Deep,TF,2,579626,8197.459,70020,15801899623856318834,0x3f8a3818
Deep,TF,2,997466,6391.556,1165,13297005540871771787,0x3f8a3818
Deep,TF,2,522760,8450.284,57504,589629908739724064,0x3f8a3818
Deep,TF,2,134930,7694.71,22780,5555924880431164060,0x3f8a3818
Deep,TF,2,786964,7916.272,12215,8666943971235242538,0x3f8a3818
Deep,TF,2,884325,7914.547,19486,3399900141687540970,0x3f8a3818
Deep,TF,2,552447,8245.23,36902,2990018976584339377,0x3f8a3818
Deep,TF,2,504571,8572.554,33606,1570378596586034923,0x3f8a3818
Deep,TF,2,951244,7507.579,9206,1749316506296530067,0x3f8a3818
Deep,TF,2,220807,7818.875,8813,16843876062107336051,0x3f8a3818
Deep,TF,2,681257,6519.503,3157,1149332497468486599,0x3f8a3818
Deep,TF,2,417658,7250.193,5481,6594395041703768799,0x3f8a3818
Deep,TF,2,266352,7547.362,28731,11281362833504578941,0x3f8a3818
Deep,TF,3,584510,7898.486,16806,14914879394619323640,0x3f8a3818
Deep,TF,3,860467,8545.436,53951,17049143744924134559,0x3f8a3818
Deep,TF,3,923923,8569.147,126938,9440306144162209561,0x3f8a3818
Deep,TF,3,533409,8148.389,43909,14686615024625846481,0x3f8a3818
Deep,TF,3,220435,7743.314,20362,9812354220569990141,0x3f8a3818
Deep,TF,3,395173,8301.904,79903,6302262262014071132,0x3f8a3818
Deep,TF,3,125555,7876.207,50997,612338914426534571,0x3f8a3818
Deep,TF,3,37317,7800.139,16211,9630984488420384674,0x3f8a3818
Deep,TF,3,326694,7346.281,4963,10376290640833276832,0x3f8a3818
Deep,TF,3,408325,8125.503,72371,2233598239453289699,0x3f8a3818
Deep,TF,3,928005,8322.057,59410,3424114004169399651,0x3f8a3818
Deep,TF,3,636852,7250.902,12737,10618904967847290727,0x3f8a3818
Deep,TF,3,565201,7211.522,10437,16660415903701906029,0x3f8a3818
Deep,TF,3,416400,7967.991,20431,16096759558451495918,0x3f8a3818
Deep,TF,3,671950,7450.265,5485,7984204509393475337,0x3f8a3818
Deep,TF,3,100598,6070.063,316,14025822209793988776,0x3f8a3818
Deep,TF,3,130060,7292.938,5332,16447096817644265187,0x3f8a3818
Deep,TF,3,763603,7281.038,6039,2675965444298867792,0x3f8a3818
Deep,TF,3,229656,7789.175,33034,6434857475817613567,0x3f8a3818
Deep,TF,3,854752,7796.178,22330,5317554096436175220,0x3f8a3818
Deep,TF,3,717147,8073.966,36177,17992406192989618205,0x3f8a3818
Deep,TF,3,253796,6189.542,603,7357325001358704579,0x3f8a3818
Deep,TF,3,594298,8838.602,104020,3606055345110403996,0x3f8a3818
Deep,TF,3,802333,8478.019,57141,11652191883661406635,0x3f8a3818
Deep,TF,3,907497,8048.801,38286,15729367600791443267,0x3f8a3818
Deep,TF,3,970136,8212.376,35145,6453095899928726908,0x3f8a3818
Deep,TF,3,472710,6685.085,1771,337101075066734154,0x3f8a3818
Deep,TF,3,311434,7294.147,5129,4733800633900100260,0x3f8a3818
Deep,TF,3,152112,7660.106,12511,12266487770150659012,0x3f8a3818
Deep,TF,3,262882,7479.341,22393,12835014896091422454,0x3f8a3818
Deep,TF,3,706522,7349.977,5997,10494260899150088525,0x3f8a3818
Deep,TF,3,832912,8310.077,24418,4442606785420619152,0x3f8a3818
Deep,TF,3,303769,8374.861,91883,12601588069570564519,0x3f8a3818
Deep,TF,3,223701,7878.566,39049,8156394471858750068,0x3f8a3818
Deep,TF,3,809314,8356.526,53502,2887601204544182294,0x3f8a3818
Deep,TF,3,831243,7920.675,18459,17184389248536411848,0x3f8a3818
Deep,TF,3,831746,8259.184,25657,8069871599203802193,0x3f8a3818
Deep,TF,3,314373,7363.837,6649,7930500156481250159,0x3f8a3818
Deep,TF,3,810800,7732.97,11471,8078026710008835094,0x3f8a3818
Deep,TF,3,211855,8777.982,81263,17194343845329237592,0x3f8a3818
Deep,TF,3,533614,7602.325,9967,2075162202884674110,0x3f8a3818
Deep,TF,3,335471,7912.597,31039,811306315344642198,0x3f8a3818
Deep,TF,3,566134,6841.236,3556,5150105216967092161,0x3f8a3818
Deep,TF,3,738848,8628.745,91647,527134378642239240,0x3f8a3818
Deep,TF,3,359342,7619.65,11608,18254613711068042421,0x3f8a3818
Deep,TF,3,965210,7782.97,29711,8906948948597772149,0x3f8a3818
Deep,TF,3,928413,8202.982,53963,5672219278756306020,0x3f8a3818
Deep,TF,3,998782,7870.383,41031,14858962417192627408,0x3f8a3818
Deep,TF,3,248373,8668.85,66909,6594997471801334999,0x3f8a3818
Deep,TF,3,113110,7247.594,7713,15044239706030340721,0x3f8a3818
Deep,TF,3,421120,7603.081,27072,11156619838713472325,0x3f8a3818
Deep,TF,3,579626,8133.409,70020,15801899623856318834,0x3f8a3818
Deep,TF,3,997466,6401.72,1165,13297005540871771787,0x3f8a3818
Deep,TF,3,522760,8469.266,57504,589629908739724064,0x3f8a3818
Deep,TF,3,134930,7696.655,22780,5555924880431164060,0x3f8a3818
Deep,TF,3,786964,7969.404,12215,8666943971235242538,0x3f8a3818
Deep,TF,3,884325,7936.402,19486,3399900141687540970,0x3f8a3818
Deep,TF,3,552447,8276.226,36902,2990018976584339377,0x3f8a3818
Deep,TF,3,504571,8573.272,33606,1570378596586034923,0x3f8a3818
Deep,TF,3,951244,7509.88,9206,1749316506296530067,0x3f8a3818
Deep,TF,3,220807,7628.569,8813,16843876062107336051,0x3f8a3818
Deep,TF,3,681257,6539.647,3157,1149332497468486599,0x3f8a3818
Deep,TF,3,417658,7272.288,5481,6594395041703768799,0x3f8a3818
Deep,TF,3,266352,7574.152,28731,11281362833504578941,0x3f8a3818
Deep,TF,4,584510,7836.479,16806,14914879394619323640,0x3f8a3818
Deep,TF,4,860467,8512.604,53951,17049143744924134559,0x3f8a3818
Deep,TF,4,923923,8554.928,126938,9440306144162209561,0x3f8a3818
Deep,TF,4,533409,8113.394,43909,14686615024625846481,0x3f8a3818
Deep,TF,4,220435,7716.283,20362,9812354220569990141,0x3f8a3818
Deep,TF,4,395173,8251.804,79903,6302262262014071132,0x3f8a3818
Deep,TF,4,125555,7836.666,50997,612338914426534571,0x3f8a3818
Deep,TF,4,37317,7772.499,16211,9630984488420384674,0x3f8a3818
Deep,TF,4,326694,7298.662,4963,10376290640833276832,0x3f8a3818
Deep,TF,4,408325,8096.885,72371,2233598239453289699,0x3f8a3818
Deep,TF,4,928005,8282.433,59410,3424114004169399651,0x3f8a3818
Deep,TF,4,636852,7237.527,12737,10618904967847290727,0x3f8a3818
Deep,TF,4,565201,7184.941,10437,16660415903701906029,0x3f8a3818
Deep,TF,4,416400,7966.737,20431,16096759558451495918,0x3f8a3818
Deep,TF,4,671950,7431.243,5485,7984204509393475337,0x3f8a3818
Deep,TF,4,100598,6023.086,316,14025822209793988776,0x3f8a3818
Deep,TF,4,130060,7263.974,5332,16447096817644265187,0x3f8a3818
Deep,TF,4,763603,7274.484,6039,2675965444298867792,0x3f8a3818
Deep,TF,4,229656,7749.187,33034,6434857475817613567,0x3f8a3818
Deep,TF,4,854752,7763.863,22330,5317554096436175220,0x3f8a3818
Deep,TF,4,717147,8043.837,36177,17992406192989618205,0x3f8a3818
Deep,TF,4,253796,6165.373,603,7357325001358704579,0x3f8a3818
Deep,TF,4,594298,8810.653,104020,3606055345110403996,0x3f8a3818
Deep,TF,4,802333,8443.74,57141,11652191883661406635,0x3f8a3818
Deep,TF,4,907497,8015.816,38286,15729367600791443267,0x3f8a3818
Deep,TF,4,970136,8197.41,35145,6453095899928726908,0x3f8a3818
Deep,TF,4,472710,6676.178,1771,337101075066734154,0x3f8a3818
Deep,TF,4,311434,7318.873,5129,4733800633900100260,0x3f8a3818
Deep,TF,4,152112,7622.134,12511,12266487770150659012,0x3f8a3818
Deep,TF,4,262882,7435.273,22393,12835014896091422454,0x3f8a3818
Deep,TF,4,706522,7285.743,5997,10494260899150088525,0x3f8a3818
Deep,TF,4,832912,8272.895,24418,4442606785420619152,0x3f8a3818
Deep,TF,4,303769,8323.839,91883,12601588069570564519,0x3f8a3818
Deep,TF,4,223701,7827.865,39049,8156394471858750068,0x3f8a3818
Deep,TF,4,809314,8321.831,53502,2887601204544182294,0x3f8a3818
Deep,TF,4,831243,7867.236,18459,17184389248536411848,0x3f8a3818
Deep,TF,4,831746,8218.927,25657,8069871599203802193,0x3f8a3818
Deep,TF,4,314373,7346.567,6649,7930500156481250159,0x3f8a3818
Deep,TF,4,810800,7680.834,11471,8078026710008835094,0x3f8a3818
Deep,TF,4,211855,8750.754,81263,17194343845329237592,0x3f8a3818
Deep,TF,4,533614,7560.151,9967,2075162202884674110,0x3f8a3818
Deep,TF,4,335471,7844.551,31039,811306315344642198,0x3f8a3818
Deep,TF,4,566134,6809.474,3556,5150105216967092161,0x3f8a3818
Deep,TF,4,738848,8581.904,91647,527134378642239240,0x3f8a3818
Deep,TF,4,359342,7562.834,11608,18254613711068042421,0x3f8a3818
Deep,TF,4,965210,7718.468,29711,8906948948597772149,0x3f8a3818
Deep,TF,4,928413,8171.007,53963,5672219278756306020,0x3f8a3818
Deep,TF,4,998782,7837.815,41031,14858962417192627408,0x3f8a3818
Deep,TF,4,248373,8626.8,66909,6594997471801334999,0x3f8a3818
Deep,TF,4,113110,7187.06,7713,15044239706030340721,0x3f8a3818
Deep,TF,4,421120,7533.481,27072,11156619838713472325,0x3f8a3818
Deep,TF,4,579626,8092.44,70020,15801899623856318834,0x3f8a3818
Deep,TF,4,997466,6353.613,1165,13297005540871771787,0x3f8a3818
Deep,TF,4,522760,8455.104,57504,589629908739724064,0x3f8a3818
Deep,TF,4,134930,7651.566,22780,5555924880431164060,0x3f8a3818
Deep,TF,4,786964,7906.835,12215,8666943971235242538,0x3f8a3818
Deep,TF,4,884325,7893.417,19486,3399900141687540970,0x3f8a3818
Deep,TF,4,552447,8208.482,36902,2990018976584339377,0x3f8a3818
Deep,TF,4,504571,8543.754,33606,1570378596586034923,0x3f8a3818
Deep,TF,4,951244,7485.697,9206,1749316506296530067,0x3f8a3818
Deep,TF,4,220807,7587.704,8813,16843876062107336051,0x3f8a3818
Deep,TF,4,681257,6459.767,3157,1149332497468486599,0x3f8a3818
Deep,TF,4,417658,7214.162,5481,6594395041703768799,0x3f8a3818
Deep,TF,4,266352,7523.164,28731,11281362833504578941,0x3f8a3818
Deep,TF,5,584510,7879.045,16806,14914879394619323640,0x3f8a3818
Deep,TF,5,860467,8545.548,53951,17049143744924134559,0x3f8a3818
Deep,TF,5,923923,8571.782,126938,9440306144162209561,0x3f8a3818
Deep,TF,5,533409,8169.392,43909,14686615024625846481,0x3f8a3818
Deep,TF,5,220435,7741.559,20362,9812354220569990141,0x3f8a3818
Deep,TF,5,395173,8275.478,79903,6302262262014071132,0x3f8a3818
Deep,TF,5,125555,7859.217,50997,612338914426534571,0x3f8a3818
Deep,TF,5,37317,7804.334,16211,9630984488420384674,0x3f8a3818
Deep,TF,5,326694,7356.513,4963,10376290640833276832,0x3f8a3818
Deep,TF,5,408325,8114.154,72371,2233598239453289699,0x3f8a3818
Deep,TF,5,928005,8314.189,59410,3424114004169399651,0x3f8a3818
Deep,TF,5,636852,7236.717,12737,10618904967847290727,0x3f8a3818
Deep,TF,5,565201,7205.183,10437,16660415903701906029,0x3f8a3818
Deep,TF,5,416400,7985.327,20431,16096759558451495918,0x3f8a3818
Deep,TF,5,671950,7448.67,5485,7984204509393475337,0x3f8a3818
Deep,TF,5,100598,6064.151,316,14025822209793988776,0x3f8a3818
Deep,TF,5,130060,7285.141,5332,16447096817644265187,0x3f8a3818
Deep,TF,5,763603,7300.228,6039,2675965444298867792,0x3f8a3818
Deep,TF,5,229656,7784.907,33034,6434857475817613567,0x3f8a3818
Deep,TF,5,854752,7778.99,22330,5317554096436175220,0x3f8a3818
Deep,TF,5,717147,8047.028,36177,17992406192989618205,0x3f8a3818
Deep,TF,5,253796,6197.847,603,7357325001358704579,0x3f8a3818
Deep,TF,5,594298,8815.955,104020,3606055345110403996,0x3f8a3818
Deep,TF,5,802333,8470.663,57141,11652191883661406635,0x3f8a3818
Deep,TF,5,907497,8034.94,38286,15729367600791443267,0x3f8a3818
Deep,TF,5,970136,8215.831,35145,6453095899928726908,0x3f8a3818
Deep,TF,5,472710,6750.707,1771,337101075066734154,0x3f8a3818
Deep,TF,5,311434,7322.993,5129,4733800633900100260,0x3f8a3818
Deep,TF,5,152112,7655.914,12511,12266487770150659012,0x3f8a3818
Deep,TF,5,262882,7500.929,22393,12835014896091422454,0x3f8a3818
Deep,TF,5,706522,7331.523,5997,10494260899150088525,0x3f8a3818
Deep,TF,5,832912,8302.262,24418,4442606785420619152,0x3f8a3818
Deep,TF,5,303769,8367.748,91883,12601588069570564519,0x3f8a3818
Deep,TF,5,223701,7873.121,39049,8156394471858750068,0x3f8a3818
Deep,TF,5,809314,8348.826,53502,2887601204544182294,0x3f8a3818
Deep,TF,5,831243,7890.075,18459,17184389248536411848,0x3f8a3818
Deep,TF,5,831746,8305.274,25657,8069871599203802193,0x3f8a3818
Deep,TF,5,314373,7382.582,6649,7930500156481250159,0x3f8a3818
Deep,TF,5,810800,7705.586,11471,8078026710008835094,0x3f8a3818
Deep,TF,5,211855,8761.534,81263,17194343845329237592,0x3f8a3818
Deep,TF,5,533614,7582.591,9967,2075162202884674110,0x3f8a3818
Deep,TF,5,335471,7888.563,31039,811306315344642198,0x3f8a3818
Deep,TF,5,566134,6850.751,3556,5150105216967092161,0x3f8a3818
Deep,TF,5,738848,8592.331,91647,527134378642239240,0x3f8a3818
Deep,TF,5,359342,7595.685,11608,18254613711068042421,0x3f8a3818
Deep,TF,5,965210,7760.953,29711,8906948948597772149,0x3f8a3818
Deep,TF,5,928413,8402.527,53963,5672219278756306020,0x3f8a3818
Deep,TF,5,998782,7844.775,41031,14858962417192627408,0x3f8a3818
Deep,TF,5,248373,8660.819,66909,6594997471801334999,0x3f8a3818
Deep,TF,5,113110,7209.774,7713,15044239706030340721,0x3f8a3818
Deep,TF,5,421120,7575.177,27072,11156619838713472325,0x3f8a3818
Deep,TF,5,579626,8090.417,70020,15801899623856318834,0x3f8a3818
Deep,TF,5,997466,6387.496,1165,13297005540871771787,0x3f8a3818
Deep,TF,5,522760,8435.738,57504,589629908739724064,0x3f8a3818
Deep,TF,5,134930,7663.369,22780,5555924880431164060,0x3f8a3818
Deep,TF,5,786964,7918.68,12215,8666943971235242538,0x3f8a3818
Deep,TF,5,884325,7889.487,19486,3399900141687540970,0x3f8a3818
Deep,TF,5,552447,8211.387,36902,2990018976584339377,0x3f8a3818
Deep,TF,5,504571,8550.611,33606,1570378596586034923,0x3f8a3818
Deep,TF,5,951244,7497.252,9206,1749316506296530067,0x3f8a3818
Deep,TF,5,220807,7608.055,8813,16843876062107336051,0x3f8a3818
Deep,TF,5,681257,6510.51,3157,1149332497468486599,0x3f8a3818
Deep,TF,5,417658,7240.369,5481,6594395041703768799,0x3f8a3818
Deep,TF,5,266352,7542.322,28731,11281362833504578941,0x3f8a3818
Deep,TF,6,584510,7874.411,16806,14914879394619323640,0x3f8a3818
Deep,TF,6,860467,8554.016,53951,17049143744924134559,0x3f8a3818
Deep,TF,6,923923,8550.791,126938,9440306144162209561,0x3f8a3818
Deep,TF,6,533409,8146.628,43909,14686615024625846481,0x3f8a3818
Deep,TF,6,220435,7746.225,20362,9812354220569990141,0x3f8a3818
Deep,TF,6,395173,8271.827,79903,6302262262014071132,0x3f8a3818
Deep,TF,6,125555,7862.926,50997,612338914426534571,0x3f8a3818
Deep,TF,6,37317,7780.336,16211,9630984488420384674,0x3f8a3818
Deep,TF,6,326694,7363.875,4963,10376290640833276832,0x3f8a3818
Deep,TF,6,408325,8114.31,72371,2233598239453289699,0x3f8a3818
Deep,TF,6,928005,8308.873,59410,3424114004169399651,0x3f8a3818
Deep,TF,6,636852,7257.538,12737,10618904967847290727,0x3f8a3818
Deep,TF,6,565201,7217.936,10437,16660415903701906029,0x3f8a3818
Deep,TF,6,416400,7969.282,20431,16096759558451495918,0x3f8a3818
Deep,TF,6,671950,7452.734,5485,7984204509393475337,0x3f8a3818
Deep,TF,6,100598,6234.309,316,14025822209793988776,0x3f8a3818
Deep,TF,6,130060,7308.849,5332,16447096817644265187,0x3f8a3818
Deep,TF,6,763603,7289.75,6039,2675965444298867792,0x3f8a3818
Deep,TF,6,229656,7785.236,33034,6434857475817613567,0x3f8a3818
Deep,TF,6,854752,7772.984,22330,5317554096436175220,0x3f8a3818
Deep,TF,6,717147,8053.007,36177,17992406192989618205,0x3f8a3818
Deep,TF,6,253796,6184.922,603,7357325001358704579,0x3f8a3818
Deep,TF,6,594298,8820.41,104020,3606055345110403996,0x3f8a3818
Deep,TF,6,802333,8484.628,57141,11652191883661406635,0x3f8a3818
Deep,TF,6,907497,8018.63,38286,15729367600791443267,0x3f8a3818
Deep,TF,6,970136,8224.103,35145,6453095899928726908,0x3f8a3818
Deep,TF,6,472710,6688.936,1771,337101075066734154,0x3f8a3818
Deep,TF,6,311434,7301.087,5129,4733800633900100260,0x3f8a3818
Deep,TF,6,152112,7668.152,12511,12266487770150659012,0x3f8a3818
Deep,TF,6,262882,7479.62,22393,12835014896091422454,0x3f8a3818
Deep,TF,6,706522,7288.099,5997,10494260899150088525,0x3f8a3818
Deep,TF,6,832912,8288.166,24418,4442606785420619152,0x3f8a3818
Deep,TF,6,303769,8382.106,91883,12601588069570564519,0x3f8a3818
Deep,TF,6,223701,7855.336,39049,8156394471858750068,0x3f8a3818
Deep,TF,6,809314,8357.487,53502,2887601204544182294,0x3f8a3818
Deep,TF,6,831243,7888.344,18459,17184389248536411848,0x3f8a3818
Deep,TF,6,831746,8263.604,25657,8069871599203802193,0x3f8a3818
Deep,TF,6,314373,7356.832,6649,7930500156481250159,0x3f8a3818
Deep,TF,6,810800,7724.283,11471,8078026710008835094,0x3f8a3818
Deep,TF,6,211855,8767.036,81263,17194343845329237592,0x3f8a3818
Deep,TF,6,533614,7584.141,9967,2075162202884674110,0x3f8a3818
Deep,TF,6,335471,7913.013,31039,811306315344642198,0x3f8a3818
Deep,TF,6,566134,6871.113,3556,5150105216967092161,0x3f8a3818
Deep,TF,6,738848,8619.064,91647,527134378642239240,0x3f8a3818
Deep,TF,6,359342,7615.367,11608,18254613711068042421,0x3f8a3818
Deep,TF,6,965210,7759.55,29711,8906948948597772149,0x3f8a3818
Deep,TF,6,928413,8207.038,53963,5672219278756306020,0x3f8a3818
Deep,TF,6,998782,7866.521,41031,14858962417192627408,0x3f8a3818
Deep,TF,6,248373,8685.856,66909,6594997471801334999,0x3f8a3818
Deep,TF,6,113110,7235.404,7713,15044239706030340721,0x3f8a3818
Deep,TF,6,421120,7588.751,27072,11156619838713472325,0x3f8a3818
Deep,TF,6,579626,8128.874,70020,15801899623856318834,0x3f8a3818
Deep,TF,6,997466,6376.184,1165,13297005540871771787,0x3f8a3818
Deep,TF,6,522760,8449.081,57504,589629908739724064,0x3f8a3818
Deep,TF,6,134930,7712.153,22780,5555924880431164060,0x3f8a3818
Deep,TF,6,786964,7936.391,12215,8666943971235242538,0x3f8a3818
Deep,TF,6,884325,7928.705,19486,3399900141687540970,0x3f8a3818
Deep,TF,6,552447,8271.232,36902,2990018976584339377,0x3f8a3818
Deep,TF,6,504571,8562.254,33606,1570378596586034923,0x3f8a3818
Deep,TF,6,951244,7532.02,9206,1749316506296530067,0x3f8a3818
Deep,TF,6,220807,7637.253,8813,16843876062107336051,0x3f8a3818
Deep,TF,6,681257,6530.306,3157,1149332497468486599,0x3f8a3818
Deep,TF,6,417658,7245.907,5481,6594395041703768799,0x3f8a3818
Deep,TF,6,266352,7551.989,28731,11281362833504578941,0x3f8a3818
Tloc,FR,1,584510,2569.773,64877,16708980182621074994,0x4045b6eb
Tloc,FR,1,860467,2511.619,5488,15338227111260644004,0x4045b6eb
Tloc,FR,1,923923,2567.363,44117,6641262447034891772,0x4045b6eb
Tloc,FR,1,533409,2572.833,41129,11628735236070182155,0x4045b6eb
Tloc,FR,1,220435,2530.14,22408,4129135465157713200,0x4045b6eb
Tloc,FR,1,395173,2535.405,20524,4046782444875731312,0x4045b6eb
Tloc,FR,1,125555,2517.283,4265,1657276709063435729,0x4045b6eb
Tloc,FR,1,37317,2502.65,727,6853640058333350852,0x4045b6eb
Tloc,FR,1,326694,2561.242,34092,6178336681756796913,0x4045b6eb
Tloc,FR,1,408325,2639.807,85624,17911313430850491980,0x4045b6eb
Tloc,FR,1,928005,2561.91,26546,18052330429319518021,0x4045b6eb
Tloc,FR,1,636852,2585.728,55529,5263421960298999334,0x4045b6eb
Tloc,FR,1,565201,2565.664,55020,1083487900118558597,0x4045b6eb
Tloc,FR,1,416400,2624.894,99864,4627161598644415570,0x4045b6eb
Tloc,FR,1,671950,2581.818,34526,3906790770223921118,0x4045b6eb
Tloc,FR,1,100598,2529.542,16520,7519707194191851447,0x4045b6eb
Tloc,FR,1,130060,2518.851,1630,16341050249771213832,0x4045b6eb
Tloc,FR,1,763603,2550.264,28326,7765547626703341680,0x4045b6eb
Tloc,FR,1,229656,2514.301,4748,12978105345783971174,0x4045b6eb
Tloc,FR,1,854752,2533.258,23359,11314175193674743380,0x4045b6eb
Tloc,FR,1,717147,2541.177,33571,17654484060031277697,0x4045b6eb
Tloc,FR,1,253796,2544.231,30123,397093942929669397,0x4045b6eb
Tloc,FR,1,594298,2593.497,64848,54558512286213567,0x4045b6eb
Tloc,FR,1,802333,2566.6,50179,12508404084526316055,0x4045b6eb
Tloc,FR,1,907497,2515.406,1973,8642416598201994577,0x4045b6eb
Tloc,FR,1,970136,2576.846,33725,7988302812670344188,0x4045b6eb
Tloc,FR,1,472710,2649.475,104451,5332974391474537233,0x4045b6eb
Tloc,FR,1,311434,2548.618,21843,5560071556919351438,0x4045b6eb
Tloc,FR,1,152112,2536.11,8016,18073369201131578899,0x4045b6eb
Tloc,FR,1,262882,2509.09,894,17030507087432559371,0x4045b6eb
Tloc,FR,1,706522,2503.938,3206,906856256409348473,0x4045b6eb
Tloc,FR,1,832912,2517.872,8736,6901224723825475984,0x4045b6eb
Tloc,FR,1,303769,2522.063,8499,9676610793693571282,0x4045b6eb
Tloc,FR,1,223701,2545.131,22587,6268547439411066737,0x4045b6eb
Tloc,FR,1,809314,2520.848,9057,5959866871368886582,0x4045b6eb
Tloc,FR,1,831243,2532.484,4814,7245991066449506822,0x4045b6eb
Tloc,FR,1,831746,2512.25,3545,2412462267167369439,0x4045b6eb
Tloc,FR,1,314373,2564.396,32981,16271164207103510515,0x4045b6eb
Tloc,FR,1,810800,2511.893,4114,9740940424179714156,0x4045b6eb
Tloc,FR,1,211855,2504.507,2201,15444538623531718374,0x4045b6eb
Tloc,FR,1,533614,2588.249,37596,9202809573217392956,0x4045b6eb
Tloc,FR,1,335471,2521.708,14196,2356663788554777499,0x4045b6eb
Tloc,FR,1,566134,2574.062,50510,9396200096944940821,0x4045b6eb
Tloc,FR,1,738848,2585.188,69540,7078021629350180881,0x4045b6eb
Tloc,FR,1,359342,2543.161,30252,3769572393346065114,0x4045b6eb
Tloc,FR,1,965210,2519.242,15477,10082966086967326109,0x4045b6eb
Tloc,FR,1,928413,2551.051,25072,1434095313013881598,0x4045b6eb
Tloc,FR,1,998782,2501.452,420,13355101867325251020,0x4045b6eb
Tloc,FR,1,248373,2522.698,19860,13513491623323038442,0x4045b6eb
Tloc,FR,1,113110,2524.464,1447,17488057508794954912,0x4045b6eb
Tloc,FR,1,421120,2619.772,104580,16681590854562690524,0x4045b6eb
Tloc,FR,1,579626,2553.232,65062,12630084033061752913,0x4045b6eb
Tloc,FR,1,997466,2502.143,420,936702211722321276,0x4045b6eb
Tloc,FR,1,522760,2570.943,64875,4176781733176149301,0x4045b6eb
Tloc,FR,1,134930,2513.763,11236,17617763807025049175,0x4045b6eb
Tloc,FR,1,786964,2539.218,22700,1490022301502890249,0x4045b6eb
Tloc,FR,1,884325,2535.851,17664,16848486181290411707,0x4045b6eb
Tloc,FR,1,552447,2557.786,30238,17302694261755473009,0x4045b6eb
Tloc,FR,1,504571,2565.022,40242,16366124713385033638,0x4045b6eb
Tloc,FR,1,951244,2559.585,42177,7800041099661027862,0x4045b6eb
Tloc,FR,1,220807,2532.419,25826,16415712658888132602,0x4045b6eb
Tloc,FR,1,681257,2615.006,48977,2967794053658628679,0x4045b6eb
Tloc,FR,1,417658,2691.22,99455,14799740791080586593,0x4045b6eb
Tloc,FR,1,266352,2626.188,26046,3402112373147763721,0x4045b6eb
Tloc,FR,2,584510,2579.173,64877,16708980182621074994,0x4045b6eb
Tloc,FR,2,860467,2505.504,5488,15338227111260644004,0x4045b6eb
Tloc,FR,2,923923,2559.361,44117,6641262447034891772,0x4045b6eb
Tloc,FR,2,533409,2562.164,41129,11628735236070182155,0x4045b6eb
Tloc,FR,2,220435,2525.434,22408,4129135465157713200,0x4045b6eb
Tloc,FR,2,395173,2527.791,20524,4046782444875731312,0x4045b6eb
Tloc,FR,2,125555,2499.254,4265,1657276709063435729,0x4045b6eb
Tloc,FR,2,37317,2505.586,727,6853640058333350852,0x4045b6eb
Tloc,FR,2,326694,2562.262,34092,6178336681756796913,0x4045b6eb
Tloc,FR,2,408325,2643.093,85624,17911313430850491980,0x4045b6eb
Tloc,FR,2,928005,2530.676,26546,18052330429319518021,0x4045b6eb
Tloc,FR,2,636852,2580.163,55529,5263421960298999334,0x4045b6eb
Tloc,FR,2,565201,2572.672,55020,1083487900118558597,0x4045b6eb
Tloc,FR,2,416400,2626.982,99864,4627161598644415570,0x4045b6eb
Tloc,FR,2,671950,2564.697,34526,3906790770223921118,0x4045b6eb
Tloc,FR,2,100598,2515.554,16520,7519707194191851447,0x4045b6eb
Tloc,FR,2,130060,2514.318,1630,16341050249771213832,0x4045b6eb
Tloc,FR,2,763603,2540.678,28326,7765547626703341680,0x4045b6eb
Tloc,FR,2,229656,2516.941,4748,12978105345783971174,0x4045b6eb
Tloc,FR,2,854752,2524.269,23359,11314175193674743380,0x4045b6eb
Tloc,FR,2,717147,2544.439,33571,17654484060031277697,0x4045b6eb
Tloc,FR,2,253796,2548.985,30123,397093942929669397,0x4045b6eb
Tloc,FR,2,594298,2571.841,64848,54558512286213567,0x4045b6eb
Tloc,FR,2,802333,2570.017,50179,12508404084526316055,0x4045b6eb
Tloc,FR,2,907497,2514.385,1973,8642416598201994577,0x4045b6eb
Tloc,FR,2,970136,2539.778,33725,7988302812670344188,0x4045b6eb
Tloc,FR,2,472710,2633.214,104451,5332974391474537233,0x4045b6eb
Tloc,FR,2,311434,2542.339,21843,5560071556919351438,0x4045b6eb
Tloc,FR,2,152112,2518.455,8016,18073369201131578899,0x4045b6eb
Tloc,FR,2,262882,2518.582,894,17030507087432559371,0x4045b6eb
Tloc,FR,2,706522,2500.635,3206,906856256409348473,0x4045b6eb
Tloc,FR,2,832912,2508.174,8736,6901224723825475984,0x4045b6eb
Tloc,FR,2,303769,2521.596,8499,9676610793693571282,0x4045b6eb
Tloc,FR,2,223701,2537.761,22587,6268547439411066737,0x4045b6eb
Tloc,FR,2,809314,2528.401,9057,5959866871368886582,0x4045b6eb
Tloc,FR,2,831243,2519.383,4814,7245991066449506822,0x4045b6eb
Tloc,FR,2,831746,2504.156,3545,2412462267167369439,0x4045b6eb
Tloc,FR,2,314373,2541.508,32981,16271164207103510515,0x4045b6eb
Tloc,FR,2,810800,2511.436,4114,9740940424179714156,0x4045b6eb
Tloc,FR,2,211855,2497.206,2201,15444538623531718374,0x4045b6eb
Tloc,FR,2,533614,2562.282,37596,9202809573217392956,0x4045b6eb
Tloc,FR,2,335471,2504.859,14196,2356663788554777499,0x4045b6eb
Tloc,FR,2,566134,2552.62,50510,9396200096944940821,0x4045b6eb
Tloc,FR,2,738848,2576.785,69540,7078021629350180881,0x4045b6eb
Tloc,FR,2,359342,2546.299,30252,3769572393346065114,0x4045b6eb
Tloc,FR,2,965210,2517.515,15477,10082966086967326109,0x4045b6eb
Tloc,FR,2,928413,2533.467,25072,1434095313013881598,0x4045b6eb
Tloc,FR,2,998782,2525.632,420,13355101867325251020,0x4045b6eb
Tloc,FR,2,248373,2548.679,19860,13513491623323038442,0x4045b6eb
Tloc,FR,2,113110,2548.601,1447,17488057508794954912,0x4045b6eb
Tloc,FR,2,421120,2693.921,104580,16681590854562690524,0x4045b6eb
Tloc,FR,2,579626,2679.504,65062,12630084033061752913,0x4045b6eb
Tloc,FR,2,997466,2505.857,420,936702211722321276,0x4045b6eb
Tloc,FR,2,522760,2565.201,64875,4176781733176149301,0x4045b6eb
Tloc,FR,2,134930,2487.338,11236,17617763807025049175,0x4045b6eb
Tloc,FR,2,786964,2515.137,22700,1490022301502890249,0x4045b6eb
Tloc,FR,2,884325,2503.45,17664,16848486181290411707,0x4045b6eb
Tloc,FR,2,552447,2556.095,30238,17302694261755473009,0x4045b6eb
Tloc,FR,2,504571,2543.416,40242,16366124713385033638,0x4045b6eb
Tloc,FR,2,951244,2530.316,42177,7800041099661027862,0x4045b6eb
Tloc,FR,2,220807,2523.644,25826,16415712658888132602,0x4045b6eb
Tloc,FR,2,681257,2556.053,48977,2967794053658628679,0x4045b6eb
Tloc,FR,2,417658,2604.829,99455,14799740791080586593,0x4045b6eb
Tloc,FR,2,266352,2527.535,26046,3402112373147763721,0x4045b6eb
Tloc,FR,3,584510,2557.072,64877,16708980182621074994,0x4045b6eb
Tloc,FR,3,860467,2488.609,5488,15338227111260644004,0x4045b6eb
Tloc,FR,3,923923,2537.877,44117,6641262447034891772,0x4045b6eb
Tloc,FR,3,533409,2559.658,41129,11628735236070182155,0x4045b6eb
Tloc,FR,3,220435,2536.784,22408,4129135465157713200,0x4045b6eb
Tloc,FR,3,395173,2545.812,20524,4046782444875731312,0x4045b6eb
Tloc,FR,3,125555,2502.604,4265,1657276709063435729,0x4045b6eb
Tloc,FR,3,37317,2500.865,727,6853640058333350852,0x4045b6eb
Tloc,FR,3,326694,2540.807,34092,6178336681756796913,0x4045b6eb
Tloc,FR,3,408325,2620.049,85624,17911313430850491980,0x4045b6eb
Tloc,FR,3,928005,2540.187,26546,18052330429319518021,0x4045b6eb
Tloc,FR,3,636852,2587.702,55529,5263421960298999334,0x4045b6eb
Tloc,FR,3,565201,2574.976,55020,1083487900118558597,0x4045b6eb
Tloc,FR,3,416400,2617.786,99864,4627161598644415570,0x4045b6eb
Tloc,FR,3,671950,2552.055,34526,3906790770223921118,0x4045b6eb
Tloc,FR,3,100598,2526.974,16520,7519707194191851447,0x4045b6eb
Tloc,FR,3,130060,2502.308,1630,16341050249771213832,0x4045b6eb
Tloc,FR,3,763603,2544.899,28326,7765547626703341680,0x4045b6eb
Tloc,FR,3,229656,2503.929,4748,12978105345783971174,0x4045b6eb
Tloc,FR,3,854752,2540.036,23359,11314175193674743380,0x4045b6eb
Tloc,FR,3,717147,2539.063,33571,17654484060031277697,0x4045b6eb
Tloc,FR,3,253796,2549.97,30123,397093942929669397,0x4045b6eb
Tloc,FR,3,594298,2547.5,64848,54558512286213567,0x4045b6eb
Tloc,FR,3,802333,2555.067,50179,12508404084526316055,0x4045b6eb
Tloc,FR,3,907497,2505.654,1973,8642416598201994577,0x4045b6eb
Tloc,FR,3,970136,2547.755,33725,7988302812670344188,0x4045b6eb
Tloc,FR,3,472710,2629.773,104451,5332974391474537233,0x4045b6eb
Tloc,FR,3,311434,2531.389,21843,5560071556919351438,0x4045b6eb
Tloc,FR,3,152112,2521.03,8016,18073369201131578899,0x4045b6eb
Tloc,FR,3,262882,2486.207,894,17030507087432559371,0x4045b6eb
Tloc,FR,3,706522,2499.848,3206,906856256409348473,0x4045b6eb
Tloc,FR,3,832912,2519.46,8736,6901224723825475984,0x4045b6eb
Tloc,FR,3,303769,2519.482,8499,9676610793693571282,0x4045b6eb
Tloc,FR,3,223701,2542.074,22587,6268547439411066737,0x4045b6eb
Tloc,FR,3,809314,2517.404,9057,5959866871368886582,0x4045b6eb
Tloc,FR,3,831243,2521.953,4814,7245991066449506822,0x4045b6eb
Tloc,FR,3,831746,2506.603,3545,2412462267167369439,0x4045b6eb
Tloc,FR,3,314373,2549.648,32981,16271164207103510515,0x4045b6eb
Tloc,FR,3,810800,2498.992,4114,9740940424179714156,0x4045b6eb
Tloc,FR,3,211855,2491.526,2201,15444538623531718374,0x4045b6eb
Tloc,FR,3,533614,2561.063,37596,9202809573217392956,0x4045b6eb
Tloc,FR,3,335471,2512.006,14196,2356663788554777499,0x4045b6eb
Tloc,FR,3,566134,2564.599,50510,9396200096944940821,0x4045b6eb
Tloc,FR,3,738848,2578.685,69540,7078021629350180881,0x4045b6eb
Tloc,FR,3,359342,2551.566,30252,3769572393346065114,0x4045b6eb
Tloc,FR,3,965210,2525.606,15477,10082966086967326109,0x4045b6eb
Tloc,FR,3,928413,2570.717,25072,1434095313013881598,0x4045b6eb
Tloc,FR,3,998782,2535.379,420,13355101867325251020,0x4045b6eb
Tloc,FR,3,248373,2619.123,19860,13513491623323038442,0x4045b6eb
Tloc,FR,3,113110,2599.602,1447,17488057508794954912,0x4045b6eb
Tloc,FR,3,421120,2718.981,104580,16681590854562690524,0x4045b6eb
Tloc,FR,3,579626,2605.674,65062,12630084033061752913,0x4045b6eb
Tloc,FR,3,997466,2484.861,420,936702211722321276,0x4045b6eb
Tloc,FR,3,522760,2559.348,64875,4176781733176149301,0x4045b6eb
Tloc,FR,3,134930,2517.808,11236,17617763807025049175,0x4045b6eb
Tloc,FR,3,786964,2525.859,22700,1490022301502890249,0x4045b6eb
Tloc,FR,3,884325,2537.406,17664,16848486181290411707,0x4045b6eb
Tloc,FR,3,552447,2553,30238,17302694261755473009,0x4045b6eb
Tloc,FR,3,504571,2552.066,40242,16366124713385033638,0x4045b6eb
Tloc,FR,3,951244,2540.114,42177,7800041099661027862,0x4045b6eb
Tloc,FR,3,220807,2512.845,25826,16415712658888132602,0x4045b6eb
Tloc,FR,3,681257,2551.55,48977,2967794053658628679,0x4045b6eb
Tloc,FR,3,417658,2604.49,99455,14799740791080586593,0x4045b6eb
Tloc,FR,3,266352,2525.704,26046,3402112373147763721,0x4045b6eb
Tloc,FR,4,584510,2564.185,64877,16708980182621074994,0x4045b6eb
Tloc,FR,4,860467,2475.491,5488,15338227111260644004,0x4045b6eb
Tloc,FR,4,923923,2544.782,44117,6641262447034891772,0x4045b6eb
Tloc,FR,4,533409,2550.439,41129,11628735236070182155,0x4045b6eb
Tloc,FR,4,220435,2529.111,22408,4129135465157713200,0x4045b6eb
Tloc,FR,4,395173,2520.508,20524,4046782444875731312,0x4045b6eb
Tloc,FR,4,125555,2494.252,4265,1657276709063435729,0x4045b6eb
Tloc,FR,4,37317,2489.712,727,6853640058333350852,0x4045b6eb
Tloc,FR,4,326694,2545.62,34092,6178336681756796913,0x4045b6eb
Tloc,FR,4,408325,2622.258,85624,17911313430850491980,0x4045b6eb
Tloc,FR,4,928005,2520.462,26546,18052330429319518021,0x4045b6eb
Tloc,FR,4,636852,2551.428,55529,5263421960298999334,0x4045b6eb
Tloc,FR,4,565201,2542.806,55020,1083487900118558597,0x4045b6eb
Tloc,FR,4,416400,2611.673,99864,4627161598644415570,0x4045b6eb
Tloc,FR,4,671950,2553.942,34526,3906790770223921118,0x4045b6eb
Tloc,FR,4,100598,2504.36,16520,7519707194191851447,0x4045b6eb
Tloc,FR,4,130060,2486.858,1630,16341050249771213832,0x4045b6eb
Tloc,FR,4,763603,2532.971,28326,7765547626703341680,0x4045b6eb
Tloc,FR,4,229656,2480.14,4748,12978105345783971174,0x4045b6eb
Tloc,FR,4,854752,2524.859,23359,11314175193674743380,0x4045b6eb
Tloc,FR,4,717147,2514.795,33571,17654484060031277697,0x4045b6eb
Tloc,FR,4,253796,2542.014,30123,397093942929669397,0x4045b6eb
Tloc,FR,4,594298,2543.468,64848,54558512286213567,0x4045b6eb
Tloc,FR,4,802333,2542.003,50179,12508404084526316055,0x4045b6eb
Tloc,FR,4,907497,2489.822,1973,8642416598201994577,0x4045b6eb
Tloc,FR,4,970136,2529.74,33725,7988302812670344188,0x4045b6eb
Tloc,FR,4,472710,2609.336,104451,5332974391474537233,0x4045b6eb
Tloc,FR,4,311434,2532.019,21843,5560071556919351438,0x4045b6eb
Tloc,FR,4,152112,2519.025,8016,18073369201131578899,0x4045b6eb
Tloc,FR,4,262882,2495.074,894,17030507087432559371,0x4045b6eb
Tloc,FR,4,706522,2494.91,3206,906856256409348473,0x4045b6eb
Tloc,FR,4,832912,2515.935,8736,6901224723825475984,0x4045b6eb
Tloc,FR,4,303769,2504.28,8499,9676610793693571282,0x4045b6eb
Tloc,FR,4,223701,2536.659,22587,6268547439411066737,0x4045b6eb
Tloc,FR,4,809314,2496.26,9057,5959866871368886582,0x4045b6eb
Tloc,FR,4,831243,2488.703,4814,7245991066449506822,0x4045b6eb
Tloc,FR,4,831746,2502.876,3545,2412462267167369439,0x4045b6eb
Tloc,FR,4,314373,2541.077,32981,16271164207103510515,0x4045b6eb
Tloc,FR,4,810800,2504.17,4114,9740940424179714156,0x4045b6eb
Tloc,FR,4,211855,2496.97,2201,15444538623531718374,0x4045b6eb
Tloc,FR,4,533614,2555.309,37596,9202809573217392956,0x4045b6eb
Tloc,FR,4,335471,2495.543,14196,2356663788554777499,0x4045b6eb
Tloc,FR,4,566134,2548.083,50510,9396200096944940821,0x4045b6eb
Tloc,FR,4,738848,2558.065,69540,7078021629350180881,0x4045b6eb
Tloc,FR,4,359342,2538.94,30252,3769572393346065114,0x4045b6eb
Tloc,FR,4,965210,2506.155,15477,10082966086967326109,0x4045b6eb
Tloc,FR,4,928413,2523.387,25072,1434095313013881598,0x4045b6eb
Tloc,FR,4,998782,2483.218,420,13355101867325251020,0x4045b6eb
Tloc,FR,4,248373,2526.784,19860,13513491623323038442,0x4045b6eb
Tloc,FR,4,113110,2485.945,1447,17488057508794954912,0x4045b6eb
Tloc,FR,4,421120,2602.057,104580,16681590854562690524,0x4045b6eb
Tloc,FR,4,579626,2563.248,65062,12630084033061752913,0x4045b6eb
Tloc,FR,4,997466,2474.882,420,936702211722321276,0x4045b6eb
Tloc,FR,4,522760,2551.712,64875,4176781733176149301,0x4045b6eb
Tloc,FR,4,134930,2501.247,11236,17617763807025049175,0x4045b6eb
Tloc,FR,4,786964,2528.218,22700,1490022301502890249,0x4045b6eb
Tloc,FR,4,884325,2510.512,17664,16848486181290411707,0x4045b6eb
Tloc,FR,4,552447,2534.385,30238,17302694261755473009,0x4045b6eb
Tloc,FR,4,504571,2534.967,40242,16366124713385033638,0x4045b6eb
Tloc,FR,4,951244,2535.69,42177,7800041099661027862,0x4045b6eb
Tloc,FR,4,220807,2527.752,25826,16415712658888132602,0x4045b6eb
Tloc,FR,4,681257,2557.592,48977,2967794053658628679,0x4045b6eb
Tloc,FR,4,417658,2599.413,99455,14799740791080586593,0x4045b6eb
Tloc,FR,4,266352,2498.347,26046,3402112373147763721,0x4045b6eb
Tloc,FR,5,584510,2591.164,64877,16708980182621074994,0x4045b6eb
Tloc,FR,5,860467,2517.76,5488,15338227111260644004,0x4045b6eb
Tloc,FR,5,923923,2579.155,44117,6641262447034891772,0x4045b6eb
Tloc,FR,5,533409,2573.71,41129,11628735236070182155,0x4045b6eb
Tloc,FR,5,220435,2542.793,22408,4129135465157713200,0x4045b6eb
Tloc,FR,5,395173,2545.94,20524,4046782444875731312,0x4045b6eb
Tloc,FR,5,125555,2528.828,4265,1657276709063435729,0x4045b6eb
Tloc,FR,5,37317,2522.19,727,6853640058333350852,0x4045b6eb
Tloc,FR,5,326694,2557.876,34092,6178336681756796913,0x4045b6eb
Tloc,FR,5,408325,2640.508,85624,17911313430850491980,0x4045b6eb
Tloc,FR,5,928005,2551.781,26546,18052330429319518021,0x4045b6eb
Tloc,FR,5,636852,2582.66,55529,5263421960298999334,0x4045b6eb
Tloc,FR,5,565201,2584.845,55020,1083487900118558597,0x4045b6eb
Tloc,FR,5,416400,2640.525,99864,4627161598644415570,0x4045b6eb
Tloc,FR,5,671950,2571.033,34526,3906790770223921118,0x4045b6eb
Tloc,FR,5,100598,2528.586,16520,7519707194191851447,0x4045b6eb
Tloc,FR,5,130060,2515.136,1630,16341050249771213832,0x4045b6eb
Tloc,FR,5,763603,2540.598,28326,7765547626703341680,0x4045b6eb
Tloc,FR,5,229656,2514.863,4748,12978105345783971174,0x4045b6eb
Tloc,FR,5,854752,2544.296,23359,11314175193674743380,0x4045b6eb
Tloc,FR,5,717147,2569.456,33571,17654484060031277697,0x4045b6eb
Tloc,FR,5,253796,2544.837,30123,397093942929669397,0x4045b6eb
Tloc,FR,5,594298,2582.851,64848,54558512286213567,0x4045b6eb
Tloc,FR,5,802333,2572.423,50179,12508404084526316055,0x4045b6eb
Tloc,FR,5,907497,2498.42,1973,8642416598201994577,0x4045b6eb
Tloc,FR,5,970136,2564.363,33725,7988302812670344188,0x4045b6eb
Tloc,FR,5,472710,2661.003,104451,5332974391474537233,0x4045b6eb
Tloc,FR,5,311434,2545.83,21843,5560071556919351438,0x4045b6eb
Tloc,FR,5,152112,2520.353,8016,18073369201131578899,0x4045b6eb
Tloc,FR,5,262882,2521.872,894,17030507087432559371,0x4045b6eb
Tloc,FR,5,706522,2516.026,3206,906856256409348473,0x4045b6eb
Tloc,FR,5,832912,2518.669,8736,6901224723825475984,0x4045b6eb
Tloc,FR,5,303769,2524.442,8499,9676610793693571282,0x4045b6eb
Tloc,FR,5,223701,2552.549,22587,6268547439411066737,0x4045b6eb
Tloc,FR,5,809314,2538.473,9057,5959866871368886582,0x4045b6eb
Tloc,FR,5,831243,2524.77,4814,7245991066449506822,0x4045b6eb
Tloc,FR,5,831746,2517.561,3545,2412462267167369439,0x4045b6eb
Tloc,FR,5,314373,2566.635,32981,16271164207103510515,0x4045b6eb
Tloc,FR,5,810800,2518.99,4114,9740940424179714156,0x4045b6eb
Tloc,FR,5,211855,2512.778,2201,15444538623531718374,0x4045b6eb
Tloc,FR,5,533614,2568.342,37596,9202809573217392956,0x4045b6eb
Tloc,FR,5,335471,2514.988,14196,2356663788554777499,0x4045b6eb
Tloc,FR,5,566134,2570.024,50510,9396200096944940821,0x4045b6eb
Tloc,FR,5,738848,2588.882,69540,7078021629350180881,0x4045b6eb
Tloc,FR,5,359342,2552.113,30252,3769572393346065114,0x4045b6eb
Tloc,FR,5,965210,2540.869,15477,10082966086967326109,0x4045b6eb
Tloc,FR,5,928413,2537.945,25072,1434095313013881598,0x4045b6eb
Tloc,FR,5,998782,2518.78,420,13355101867325251020,0x4045b6eb
Tloc,FR,5,248373,2525.435,19860,13513491623323038442,0x4045b6eb
Tloc,FR,5,113110,2509.326,1447,17488057508794954912,0x4045b6eb
Tloc,FR,5,421120,2639.666,104580,16681590854562690524,0x4045b6eb
Tloc,FR,5,579626,2587.021,65062,12630084033061752913,0x4045b6eb
Tloc,FR,5,997466,2517.578,420,936702211722321276,0x4045b6eb
Tloc,FR,5,522760,2575.484,64875,4176781733176149301,0x4045b6eb
Tloc,FR,5,134930,2507.107,11236,17617763807025049175,0x4045b6eb
Tloc,FR,5,786964,2542.485,22700,1490022301502890249,0x4045b6eb
Tloc,FR,5,884325,2558.254,17664,16848486181290411707,0x4045b6eb
Tloc,FR,5,552447,2552.709,30238,17302694261755473009,0x4045b6eb
Tloc,FR,5,504571,2563.192,40242,16366124713385033638,0x4045b6eb
Tloc,FR,5,951244,2557.62,42177,7800041099661027862,0x4045b6eb
Tloc,FR,5,220807,2536.609,25826,16415712658888132602,0x4045b6eb
Tloc,FR,5,681257,2563.461,48977,2967794053658628679,0x4045b6eb
Tloc,FR,5,417658,2630.063,99455,14799740791080586593,0x4045b6eb
Tloc,FR,5,266352,2541.252,26046,3402112373147763721,0x4045b6eb
Tloc,FR,6,584510,2578.181,64877,16708980182621074994,0x4045b6eb
Tloc,FR,6,860467,2509.195,5488,15338227111260644004,0x4045b6eb
Tloc,FR,6,923923,2542.27,44117,6641262447034891772,0x4045b6eb
Tloc,FR,6,533409,2569.613,41129,11628735236070182155,0x4045b6eb
Tloc,FR,6,220435,2542.868,22408,4129135465157713200,0x4045b6eb
Tloc,FR,6,395173,2529.355,20524,4046782444875731312,0x4045b6eb
Tloc,FR,6,125555,2507.966,4265,1657276709063435729,0x4045b6eb
Tloc,FR,6,37317,2511.165,727,6853640058333350852,0x4045b6eb
Tloc,FR,6,326694,2553.87,34092,6178336681756796913,0x4045b6eb
Tloc,FR,6,408325,2623.149,85624,17911313430850491980,0x4045b6eb
Tloc,FR,6,928005,2553.439,26546,18052330429319518021,0x4045b6eb
Tloc,FR,6,636852,2583.584,55529,5263421960298999334,0x4045b6eb
Tloc,FR,6,565201,2574.298,55020,1083487900118558597,0x4045b6eb
Tloc,FR,6,416400,2649.364,99864,4627161598644415570,0x4045b6eb
Tloc,FR,6,671950,2573.413,34526,3906790770223921118,0x4045b6eb
Tloc,FR,6,100598,2534.413,16520,7519707194191851447,0x4045b6eb
Tloc,FR,6,130060,2516.051,1630,16341050249771213832,0x4045b6eb
Tloc,FR,6,763603,2549.828,28326,7765547626703341680,0x4045b6eb
Tloc,FR,6,229656,2505.638,4748,12978105345783971174,0x4045b6eb
Tloc,FR,6,854752,2542.407,23359,11314175193674743380,0x4045b6eb
Tloc,FR,6,717147,2549.111,33571,17654484060031277697,0x4045b6eb
Tloc,FR,6,253796,2546.92,30123,397093942929669397,0x4045b6eb
Tloc,FR,6,594298,2575.263,64848,54558512286213567,0x4045b6eb
Tloc,FR,6,802333,2580.744,50179,12508404084526316055,0x4045b6eb
Tloc,FR,6,907497,2513.948,1973,8642416598201994577,0x4045b6eb
Tloc,FR,6,970136,2555.447,33725,7988302812670344188,0x4045b6eb
Tloc,FR,6,472710,2626.984,104451,5332974391474537233,0x4045b6eb
Tloc,FR,6,311434,2542.924,21843,5560071556919351438,0x4045b6eb
Tloc,FR,6,152112,2537.212,8016,18073369201131578899,0x4045b6eb
Tloc,FR,6,262882,2516.611,894,17030507087432559371,0x4045b6eb
Tloc,FR,6,706522,2517.629,3206,906856256409348473,0x4045b6eb
Tloc,FR,6,832912,2531.619,8736,6901224723825475984,0x4045b6eb
Tloc,FR,6,303769,2522.149,8499,9676610793693571282,0x4045b6eb
Tloc,FR,6,223701,2537.657,22587,6268547439411066737,0x4045b6eb
Tloc,FR,6,809314,2520.917,9057,5959866871368886582,0x4045b6eb
Tloc,FR,6,831243,2521.531,4814,7245991066449506822,0x4045b6eb
Tloc,FR,6,831746,2518.197,3545,2412462267167369439,0x4045b6eb
Tloc,FR,6,314373,2550.722,32981,16271164207103510515,0x4045b6eb
Tloc,FR,6,810800,2510.914,4114,9740940424179714156,0x4045b6eb
Tloc,FR,6,211855,2515.659,2201,15444538623531718374,0x4045b6eb
Tloc,FR,6,533614,2580.179,37596,9202809573217392956,0x4045b6eb
Tloc,FR,6,335471,2528.952,14196,2356663788554777499,0x4045b6eb
Tloc,FR,6,566134,2562.905,50510,9396200096944940821,0x4045b6eb
Tloc,FR,6,738848,2603.567,69540,7078021629350180881,0x4045b6eb
Tloc,FR,6,359342,2569.405,30252,3769572393346065114,0x4045b6eb
Tloc,FR,6,965210,2543.515,15477,10082966086967326109,0x4045b6eb
Tloc,FR,6,928413,2588.271,25072,1434095313013881598,0x4045b6eb
Tloc,FR,6,998782,2556.792,420,13355101867325251020,0x4045b6eb
Tloc,FR,6,248373,2617.132,19860,13513491623323038442,0x4045b6eb
Tloc,FR,6,113110,2596.843,1447,17488057508794954912,0x4045b6eb
Tloc,FR,6,421120,2675.427,104580,16681590854562690524,0x4045b6eb
Tloc,FR,6,579626,2590.113,65062,12630084033061752913,0x4045b6eb
Tloc,FR,6,997466,2504.915,420,936702211722321276,0x4045b6eb
Tloc,FR,6,522760,2568.904,64875,4176781733176149301,0x4045b6eb
Tloc,FR,6,134930,2507.737,11236,17617763807025049175,0x4045b6eb
Tloc,FR,6,786964,2510.768,22700,1490022301502890249,0x4045b6eb
Tloc,FR,6,884325,2533.648,17664,16848486181290411707,0x4045b6eb
Tloc,FR,6,552447,2552.659,30238,17302694261755473009,0x4045b6eb
Tloc,FR,6,504571,2556.754,40242,16366124713385033638,0x4045b6eb
Tloc,FR,6,951244,2555.752,42177,7800041099661027862,0x4045b6eb
Tloc,FR,6,220807,2532.444,25826,16415712658888132602,0x4045b6eb
Tloc,FR,6,681257,2569.416,48977,2967794053658628679,0x4045b6eb
Tloc,FR,6,417658,2612.081,99455,14799740791080586593,0x4045b6eb
Tloc,FR,6,266352,2534.108,26046,3402112373147763721,0x4045b6eb
Tloc,FF,1,584510,2594.87,64877,16708980182621074994,0x4045b6eb
Tloc,FF,1,860467,2526.84,5488,15338227111260644004,0x4045b6eb
Tloc,FF,1,923923,2573.971,44117,6641262447034891772,0x4045b6eb
Tloc,FF,1,533409,2573.326,41129,11628735236070182155,0x4045b6eb
Tloc,FF,1,220435,2550.689,22408,4129135465157713200,0x4045b6eb
Tloc,FF,1,395173,2538.525,20524,4046782444875731312,0x4045b6eb
Tloc,FF,1,125555,2517.656,4265,1657276709063435729,0x4045b6eb
Tloc,FF,1,37317,2515.978,727,6853640058333350852,0x4045b6eb
Tloc,FF,1,326694,2574.634,34092,6178336681756796913,0x4045b6eb
Tloc,FF,1,408325,2658.145,85624,17911313430850491980,0x4045b6eb
Tloc,FF,1,928005,2558.321,26546,18052330429319518021,0x4045b6eb
Tloc,FF,1,636852,2586.012,55529,5263421960298999334,0x4045b6eb
Tloc,FF,1,565201,2584.607,55020,1083487900118558597,0x4045b6eb
Tloc,FF,1,416400,2636.833,99864,4627161598644415570,0x4045b6eb
Tloc,FF,1,671950,2596.937,34526,3906790770223921118,0x4045b6eb
Tloc,FF,1,100598,2539.673,16520,7519707194191851447,0x4045b6eb
Tloc,FF,1,130060,2517.192,1630,16341050249771213832,0x4045b6eb
Tloc,FF,1,763603,2554.75,28326,7765547626703341680,0x4045b6eb
Tloc,FF,1,229656,2516.024,4748,12978105345783971174,0x4045b6eb
Tloc,FF,1,854752,2530.056,23359,11314175193674743380,0x4045b6eb
Tloc,FF,1,717147,2559.609,33571,17654484060031277697,0x4045b6eb
Tloc,FF,1,253796,2562.522,30123,397093942929669397,0x4045b6eb
Tloc,FF,1,594298,2584.472,64848,54558512286213567,0x4045b6eb
Tloc,FF,1,802333,2565.366,50179,12508404084526316055,0x4045b6eb
Tloc,FF,1,907497,2514.557,1973,8642416598201994577,0x4045b6eb
Tloc,FF,1,970136,2562.475,33725,7988302812670344188,0x4045b6eb
Tloc,FF,1,472710,2642.41,104451,5332974391474537233,0x4045b6eb
Tloc,FF,1,311434,2564.46,21843,5560071556919351438,0x4045b6eb
Tloc,FF,1,152112,2536.889,8016,18073369201131578899,0x4045b6eb
Tloc,FF,1,262882,2525.774,894,17030507087432559371,0x4045b6eb
Tloc,FF,1,706522,2517.314,3206,906856256409348473,0x4045b6eb
Tloc,FF,1,832912,2533.364,8736,6901224723825475984,0x4045b6eb
Tloc,FF,1,303769,2526.856,8499,9676610793693571282,0x4045b6eb
Tloc,FF,1,223701,2561.791,22587,6268547439411066737,0x4045b6eb
Tloc,FF,1,809314,2536.673,9057,5959866871368886582,0x4045b6eb
Tloc,FF,1,831243,2519.031,4814,7245991066449506822,0x4045b6eb
Tloc,FF,1,831746,2522.226,3545,2412462267167369439,0x4045b6eb
Tloc,FF,1,314373,2556.337,32981,16271164207103510515,0x4045b6eb
Tloc,FF,1,810800,2532.498,4114,9740940424179714156,0x4045b6eb
Tloc,FF,1,211855,2521.608,2201,15444538623531718374,0x4045b6eb
Tloc,FF,1,533614,2582.782,37596,9202809573217392956,0x4045b6eb
Tloc,FF,1,335471,2517.239,14196,2356663788554777499,0x4045b6eb
Tloc,FF,1,566134,2574.345,50510,9396200096944940821,0x4045b6eb
Tloc,FF,1,738848,2592.529,69540,7078021629350180881,0x4045b6eb
Tloc,FF,1,359342,2566.857,30252,3769572393346065114,0x4045b6eb
Tloc,FF,1,965210,2540.533,15477,10082966086967326109,0x4045b6eb
Tloc,FF,1,928413,2544.204,25072,1434095313013881598,0x4045b6eb
Tloc,FF,1,998782,2502.455,420,13355101867325251020,0x4045b6eb
Tloc,FF,1,248373,2543.003,19860,13513491623323038442,0x4045b6eb
Tloc,FF,1,113110,2514.894,1447,17488057508794954912,0x4045b6eb
Tloc,FF,1,421120,2635.03,104580,16681590854562690524,0x4045b6eb
Tloc,FF,1,579626,2588.103,65062,12630084033061752913,0x4045b6eb
Tloc,FF,1,997466,2503.659,420,936702211722321276,0x4045b6eb
Tloc,FF,1,522760,2600.377,64875,4176781733176149301,0x4045b6eb
Tloc,FF,1,134930,2545.066,11236,17617763807025049175,0x4045b6eb
Tloc,FF,1,786964,2550.924,22700,1490022301502890249,0x4045b6eb
Tloc,FF,1,884325,2585.729,17664,16848486181290411707,0x4045b6eb
Tloc,FF,1,552447,2610.798,30238,17302694261755473009,0x4045b6eb
Tloc,FF,1,504571,2657.79,40242,16366124713385033638,0x4045b6eb
Tloc,FF,1,951244,2674.075,42177,7800041099661027862,0x4045b6eb
Tloc,FF,1,220807,2653.004,25826,16415712658888132602,0x4045b6eb
Tloc,FF,1,681257,2630.824,48977,2967794053658628679,0x4045b6eb
Tloc,FF,1,417658,2631.232,99455,14799740791080586593,0x4045b6eb
Tloc,FF,1,266352,2546.753,26046,3402112373147763721,0x4045b6eb
Tloc,FF,2,584510,2587.21,64877,16708980182621074994,0x4045b6eb
Tloc,FF,2,860467,2514.556,5488,15338227111260644004,0x4045b6eb
Tloc,FF,2,923923,2576.999,44117,6641262447034891772,0x4045b6eb
Tloc,FF,2,533409,2575.323,41129,11628735236070182155,0x4045b6eb
Tloc,FF,2,220435,2563.861,22408,4129135465157713200,0x4045b6eb
Tloc,FF,2,395173,2554.215,20524,4046782444875731312,0x4045b6eb
Tloc,FF,2,125555,2532.954,4265,1657276709063435729,0x4045b6eb
Tloc,FF,2,37317,2523.56,727,6853640058333350852,0x4045b6eb
Tloc,FF,2,326694,2562.213,34092,6178336681756796913,0x4045b6eb
Tloc,FF,2,408325,2635.47,85624,17911313430850491980,0x4045b6eb
Tloc,FF,2,928005,2545.302,26546,18052330429319518021,0x4045b6eb
Tloc,FF,2,636852,2589.732,55529,5263421960298999334,0x4045b6eb
Tloc,FF,2,565201,2590.697,55020,1083487900118558597,0x4045b6eb
Tloc,FF,2,416400,2643.403,99864,4627161598644415570,0x4045b6eb
Tloc,FF,2,671950,2565.008,34526,3906790770223921118,0x4045b6eb
Tloc,FF,2,100598,2545.173,16520,7519707194191851447,0x4045b6eb
Tloc,FF,2,130060,2531.796,1630,16341050249771213832,0x4045b6eb
Tloc,FF,2,763603,2565.443,28326,7765547626703341680,0x4045b6eb
Tloc,FF,2,229656,2533.53,4748,12978105345783971174,0x4045b6eb
Tloc,FF,2,854752,2537.604,23359,11314175193674743380,0x4045b6eb
Tloc,FF,2,717147,2562.706,33571,17654484060031277697,0x4045b6eb
Tloc,FF,2,253796,2552.174,30123,397093942929669397,0x4045b6eb
Tloc,FF,2,594298,2584.06,64848,54558512286213567,0x4045b6eb
Tloc,FF,2,802333,2584.219,50179,12508404084526316055,0x4045b6eb
Tloc,FF,2,907497,2513.179,1973,8642416598201994577,0x4045b6eb
Tloc,FF,2,970136,2564.615,33725,7988302812670344188,0x4045b6eb
Tloc,FF,2,472710,2634.172,104451,5332974391474537233,0x4045b6eb
Tloc,FF,2,311434,2566.764,21843,5560071556919351438,0x4045b6eb
Tloc,FF,2,152112,2530.336,8016,18073369201131578899,0x4045b6eb
Tloc,FF,2,262882,2519.37,894,17030507087432559371,0x4045b6eb
Tloc,FF,2,706522,2522.87,3206,906856256409348473,0x4045b6eb
Tloc,FF,2,832912,2541.442,8736,6901224723825475984,0x4045b6eb
Tloc,FF,2,303769,2532.931,8499,9676610793693571282,0x4045b6eb
Tloc,FF,2,223701,2552.497,22587,6268547439411066737,0x4045b6eb
Tloc,FF,2,809314,2539.078,9057,5959866871368886582,0x4045b6eb
Tloc,FF,2,831243,2519.21,4814,7245991066449506822,0x4045b6eb
Tloc,FF,2,831746,2525.015,3545,2412462267167369439,0x4045b6eb
Tloc,FF,2,314373,2556.027,32981,16271164207103510515,0x4045b6eb
Tloc,FF,2,810800,2522.432,4114,9740940424179714156,0x4045b6eb
Tloc,FF,2,211855,2502.602,2201,15444538623531718374,0x4045b6eb
Tloc,FF,2,533614,2592.007,37596,9202809573217392956,0x4045b6eb
Tloc,FF,2,335471,2535.052,14196,2356663788554777499,0x4045b6eb
Tloc,FF,2,566134,2578.239,50510,9396200096944940821,0x4045b6eb
Tloc,FF,2,738848,2589.795,69540,7078021629350180881,0x4045b6eb
Tloc,FF,2,359342,2556.04,30252,3769572393346065114,0x4045b6eb
Tloc,FF,2,965210,2524.925,15477,10082966086967326109,0x4045b6eb
Tloc,FF,2,928413,2556.524,25072,1434095313013881598,0x4045b6eb
Tloc,FF,2,998782,2503.118,420,13355101867325251020,0x4045b6eb
Tloc,FF,2,248373,2529.943,19860,13513491623323038442,0x4045b6eb
Tloc,FF,2,113110,2519.485,1447,17488057508794954912,0x4045b6eb
Tloc,FF,2,421120,2647.564,104580,16681590854562690524,0x4045b6eb
Tloc,FF,2,579626,2631.553,65062,12630084033061752913,0x4045b6eb
Tloc,FF,2,997466,2562.434,420,936702211722321276,0x4045b6eb
Tloc,FF,2,522760,2654.813,64875,4176781733176149301,0x4045b6eb
Tloc,FF,2,134930,2530.749,11236,17617763807025049175,0x4045b6eb
Tloc,FF,2,786964,2569.768,22700,1490022301502890249,0x4045b6eb
Tloc,FF,2,884325,2553.463,17664,16848486181290411707,0x4045b6eb
Tloc,FF,2,552447,2554.63,30238,17302694261755473009,0x4045b6eb
Tloc,FF,2,504571,2536.46,40242,16366124713385033638,0x4045b6eb
Tloc,FF,2,951244,2559.55,42177,7800041099661027862,0x4045b6eb
Tloc,FF,2,220807,2527.438,25826,16415712658888132602,0x4045b6eb
Tloc,FF,2,681257,2564.588,48977,2967794053658628679,0x4045b6eb
Tloc,FF,2,417658,2636.222,99455,14799740791080586593,0x4045b6eb
Tloc,FF,2,266352,2530.835,26046,3402112373147763721,0x4045b6eb
Tloc,FF,3,584510,2588.399,64877,16708980182621074994,0x4045b6eb
Tloc,FF,3,860467,2522.218,5488,15338227111260644004,0x4045b6eb
Tloc,FF,3,923923,2570.052,44117,6641262447034891772,0x4045b6eb
Tloc,FF,3,533409,2570.753,41129,11628735236070182155,0x4045b6eb
Tloc,FF,3,220435,2542.65,22408,4129135465157713200,0x4045b6eb
Tloc,FF,3,395173,2552.654,20524,4046782444875731312,0x4045b6eb
Tloc,FF,3,125555,2531.575,4265,1657276709063435729,0x4045b6eb
Tloc,FF,3,37317,2519.456,727,6853640058333350852,0x4045b6eb
Tloc,FF,3,326694,2576.197,34092,6178336681756796913,0x4045b6eb
Tloc,FF,3,408325,2648.752,85624,17911313430850491980,0x4045b6eb
Tloc,FF,3,928005,2584.109,26546,18052330429319518021,0x4045b6eb
Tloc,FF,3,636852,2613.756,55529,5263421960298999334,0x4045b6eb
Tloc,FF,3,565201,2590.38,55020,1083487900118558597,0x4045b6eb
Tloc,FF,3,416400,2668.416,99864,4627161598644415570,0x4045b6eb
Tloc,FF,3,671950,2602.527,34526,3906790770223921118,0x4045b6eb
Tloc,FF,3,100598,2534.376,16520,7519707194191851447,0x4045b6eb
Tloc,FF,3,130060,2545.405,1630,16341050249771213832,0x4045b6eb
Tloc,FF,3,763603,2566.228,28326,7765547626703341680,0x4045b6eb
Tloc,FF,3,229656,2549.849,4748,12978105345783971174,0x4045b6eb
Tloc,FF,3,854752,2551.076,23359,11314175193674743380,0x4045b6eb
Tloc,FF,3,717147,2562.289,33571,17654484060031277697,0x4045b6eb
Tloc,FF,3,253796,2551.439,30123,397093942929669397,0x4045b6eb
Tloc,FF,3,594298,2599.567,64848,54558512286213567,0x4045b6eb
Tloc,FF,3,802333,2582.87,50179,12508404084526316055,0x4045b6eb
Tloc,FF,3,907497,2516.176,1973,8642416598201994577,0x4045b6eb
Tloc,FF,3,970136,2588.692,33725,7988302812670344188,0x4045b6eb
Tloc,FF,3,472710,2658.032,104451,5332974391474537233,0x4045b6eb
Tloc,FF,3,311434,2569.477,21843,5560071556919351438,0x4045b6eb
Tloc,FF,3,152112,2524.987,8016,18073369201131578899,0x4045b6eb
Tloc,FF,3,262882,2513.022,894,17030507087432559371,0x4045b6eb
Tloc,FF,3,706522,2519.13,3206,906856256409348473,0x4045b6eb
Tloc,FF,3,832912,2526.641,8736,6901224723825475984,0x4045b6eb
Tloc,FF,3,303769,2535.087,8499,9676610793693571282,0x4045b6eb
Tloc,FF,3,223701,2565.37,22587,6268547439411066737,0x4045b6eb
Tloc,FF,3,809314,2556.72,9057,5959866871368886582,0x4045b6eb
Tloc,FF,3,831243,2541.525,4814,7245991066449506822,0x4045b6eb
Tloc,FF,3,831746,2549.249,3545,2412462267167369439,0x4045b6eb
Tloc,FF,3,314373,2579.1,32981,16271164207103510515,0x4045b6eb
Tloc,FF,3,810800,2530.047,4114,9740940424179714156,0x4045b6eb
Tloc,FF,3,211855,2524.544,2201,15444538623531718374,0x4045b6eb
Tloc,FF,3,533614,2592.137,37596,9202809573217392956,0x4045b6eb
Tloc,FF,3,335471,2525.079,14196,2356663788554777499,0x4045b6eb
Tloc,FF,3,566134,2571.831,50510,9396200096944940821,0x4045b6eb
Tloc,FF,3,738848,2594.545,69540,7078021629350180881,0x4045b6eb
Tloc,FF,3,359342,2569.347,30252,3769572393346065114,0x4045b6eb
Tloc,FF,3,965210,2546.407,15477,10082966086967326109,0x4045b6eb
Tloc,FF,3,928413,2551.974,25072,1434095313013881598,0x4045b6eb
Tloc,FF,3,998782,2497.103,420,13355101867325251020,0x4045b6eb
Tloc,FF,3,248373,2526.408,19860,13513491623323038442,0x4045b6eb
Tloc,FF,3,113110,2510.108,1447,17488057508794954912,0x4045b6eb
Tloc,FF,3,421120,2636.991,104580,16681590854562690524,0x4045b6eb
Tloc,FF,3,579626,2598.749,65062,12630084033061752913,0x4045b6eb
Tloc,FF,3,997466,2514.997,420,936702211722321276,0x4045b6eb
Tloc,FF,3,522760,2577.745,64875,4176781733176149301,0x4045b6eb
Tloc,FF,3,134930,2523.623,11236,17617763807025049175,0x4045b6eb
Tloc,FF,3,786964,2544.909,22700,1490022301502890249,0x4045b6eb
Tloc,FF,3,884325,2535.121,17664,16848486181290411707,0x4045b6eb
Tloc,FF,3,552447,2557.293,30238,17302694261755473009,0x4045b6eb
Tloc,FF,3,504571,2551.062,40242,16366124713385033638,0x4045b6eb
Tloc,FF,3,951244,2565.356,42177,7800041099661027862,0x4045b6eb
Tloc,FF,3,220807,2546.865,25826,16415712658888132602,0x4045b6eb
Tloc,FF,3,681257,2573.496,48977,2967794053658628679,0x4045b6eb
Tloc,FF,3,417658,2671.108,99455,14799740791080586593,0x4045b6eb
Tloc,FF,3,266352,2639.068,26046,3402112373147763721,0x4045b6eb
Tloc,FF,4,584510,2587.53,64877,16708980182621074994,0x4045b6eb
Tloc,FF,4,860467,2522.729,5488,15338227111260644004,0x4045b6eb
Tloc,FF,4,923923,2567.482,44117,6641262447034891772,0x4045b6eb
Tloc,FF,4,533409,2564.287,41129,11628735236070182155,0x4045b6eb
Tloc,FF,4,220435,2547.688,22408,4129135465157713200,0x4045b6eb
Tloc,FF,4,395173,2552.315,20524,4046782444875731312,0x4045b6eb
Tloc,FF,4,125555,2528.066,4265,1657276709063435729,0x4045b6eb
Tloc,FF,4,37317,2522.019,727,6853640058333350852,0x4045b6eb
Tloc,FF,4,326694,2567.398,34092,6178336681756796913,0x4045b6eb
Tloc,FF,4,408325,2624.251,85624,17911313430850491980,0x4045b6eb
Tloc,FF,4,928005,2549.649,26546,18052330429319518021,0x4045b6eb
Tloc,FF,4,636852,2602.444,55529,5263421960298999334,0x4045b6eb
Tloc,FF,4,565201,2593.518,55020,1083487900118558597,0x4045b6eb
Tloc,FF,4,416400,2662.069,99864,4627161598644415570,0x4045b6eb
Tloc,FF,4,671950,2561.69,34526,3906790770223921118,0x4045b6eb
Tloc,FF,4,100598,2522.169,16520,7519707194191851447,0x4045b6eb
Tloc,FF,4,130060,2510.568,1630,16341050249771213832,0x4045b6eb
Tloc,FF,4,763603,2562.92,28326,7765547626703341680,0x4045b6eb
Tloc,FF,4,229656,2518.577,4748,12978105345783971174,0x4045b6eb
Tloc,FF,4,854752,2552.126,23359,11314175193674743380,0x4045b6eb
Tloc,FF,4,717147,2562.113,33571,17654484060031277697,0x4045b6eb
Tloc,FF,4,253796,2544.289,30123,397093942929669397,0x4045b6eb
Tloc,FF,4,594298,2576.79,64848,54558512286213567,0x4045b6eb
Tloc,FF,4,802333,2580.444,50179,12508404084526316055,0x4045b6eb
Tloc,FF,4,907497,2517.365,1973,8642416598201994577,0x4045b6eb
Tloc,FF,4,970136,2567.48,33725,7988302812670344188,0x4045b6eb
Tloc,FF,4,472710,2646.909,104451,5332974391474537233,0x4045b6eb
Tloc,FF,4,311434,2558.889,21843,5560071556919351438,0x4045b6eb
Tloc,FF,4,152112,2533.593,8016,18073369201131578899,0x4045b6eb
Tloc,FF,4,262882,2524.744,894,17030507087432559371,0x4045b6eb
Tloc,FF,4,706522,2517.816,3206,906856256409348473,0x4045b6eb
Tloc,FF,4,832912,2522.907,8736,6901224723825475984,0x4045b6eb
Tloc,FF,4,303769,2545.807,8499,9676610793693571282,0x4045b6eb
Tloc,FF,4,223701,2571.737,22587,6268547439411066737,0x4045b6eb
Tloc,FF,4,809314,2547.114,9057,5959866871368886582,0x4045b6eb
Tloc,FF,4,831243,2509.526,4814,7245991066449506822,0x4045b6eb
Tloc,FF,4,831746,2529.882,3545,2412462267167369439,0x4045b6eb
Tloc,FF,4,314373,2568.769,32981,16271164207103510515,0x4045b6eb
Tloc,FF,4,810800,2526.698,4114,9740940424179714156,0x4045b6eb
Tloc,FF,4,211855,2505.219,2201,15444538623531718374,0x4045b6eb
Tloc,FF,4,533614,2570.271,37596,9202809573217392956,0x4045b6eb
Tloc,FF,4,335471,2538.649,14196,2356663788554777499,0x4045b6eb
Tloc,FF,4,566134,2583.938,50510,9396200096944940821,0x4045b6eb
Tloc,FF,4,738848,2594.391,69540,7078021629350180881,0x4045b6eb
Tloc,FF,4,359342,2554.342,30252,3769572393346065114,0x4045b6eb
Tloc,FF,4,965210,2534.408,15477,10082966086967326109,0x4045b6eb
Tloc,FF,4,928413,2543.169,25072,1434095313013881598,0x4045b6eb
Tloc,FF,4,998782,2521.612,420,13355101867325251020,0x4045b6eb
Tloc,FF,4,248373,2550.423,19860,13513491623323038442,0x4045b6eb
Tloc,FF,4,113110,2573.625,1447,17488057508794954912,0x4045b6eb
Tloc,FF,4,421120,2723.003,104580,16681590854562690524,0x4045b6eb
Tloc,FF,4,579626,2668.453,65062,12630084033061752913,0x4045b6eb
Tloc,FF,4,997466,2601.306,420,936702211722321276,0x4045b6eb
Tloc,FF,4,522760,2625.636,64875,4176781733176149301,0x4045b6eb
Tloc,FF,4,134930,2517.987,11236,17617763807025049175,0x4045b6eb
Tloc,FF,4,786964,2542.603,22700,1490022301502890249,0x4045b6eb
Tloc,FF,4,884325,2551.886,17664,16848486181290411707,0x4045b6eb
Tloc,FF,4,552447,2555.024,30238,17302694261755473009,0x4045b6eb
Tloc,FF,4,504571,2543.797,40242,16366124713385033638,0x4045b6eb
Tloc,FF,4,951244,2544.057,42177,7800041099661027862,0x4045b6eb
Tloc,FF,4,220807,2563.075,25826,16415712658888132602,0x4045b6eb
Tloc,FF,4,681257,2581.536,48977,2967794053658628679,0x4045b6eb
Tloc,FF,4,417658,2622.486,99455,14799740791080586593,0x4045b6eb
Tloc,FF,4,266352,2527.123,26046,3402112373147763721,0x4045b6eb
Tloc,FF,5,584510,2597.199,64877,16708980182621074994,0x4045b6eb
Tloc,FF,5,860467,2533.313,5488,15338227111260644004,0x4045b6eb
Tloc,FF,5,923923,2578.711,44117,6641262447034891772,0x4045b6eb
Tloc,FF,5,533409,2572.783,41129,11628735236070182155,0x4045b6eb
Tloc,FF,5,220435,2538.375,22408,4129135465157713200,0x4045b6eb
Tloc,FF,5,395173,2542.776,20524,4046782444875731312,0x4045b6eb
Tloc,FF,5,125555,2530.257,4265,1657276709063435729,0x4045b6eb
Tloc,FF,5,37317,2530.048,727,6853640058333350852,0x4045b6eb
Tloc,FF,5,326694,2581.419,34092,6178336681756796913,0x4045b6eb
Tloc,FF,5,408325,2655.38,85624,17911313430850491980,0x4045b6eb
Tloc,FF,5,928005,2549.263,26546,18052330429319518021,0x4045b6eb
Tloc,FF,5,636852,2590.955,55529,5263421960298999334,0x4045b6eb
Tloc,FF,5,565201,2577.879,55020,1083487900118558597,0x4045b6eb
Tloc,FF,5,416400,2650.661,99864,4627161598644415570,0x4045b6eb
Tloc,FF,5,671950,2576.504,34526,3906790770223921118,0x4045b6eb
Tloc,FF,5,100598,2529.455,16520,7519707194191851447,0x4045b6eb
Tloc,FF,5,130060,2508.332,1630,16341050249771213832,0x4045b6eb
Tloc,FF,5,763603,2552.389,28326,7765547626703341680,0x4045b6eb
Tloc,FF,5,229656,2530.051,4748,12978105345783971174,0x4045b6eb
Tloc,FF,5,854752,2547.464,23359,11314175193674743380,0x4045b6eb
Tloc,FF,5,717147,2564.327,33571,17654484060031277697,0x4045b6eb
Tloc,FF,5,253796,2550.073,30123,397093942929669397,0x4045b6eb
Tloc,FF,5,594298,2592.684,64848,54558512286213567,0x4045b6eb
Tloc,FF,5,802333,2579.853,50179,12508404084526316055,0x4045b6eb
Tloc,FF,5,907497,2507.574,1973,8642416598201994577,0x4045b6eb
Tloc,FF,5,970136,2573.062,33725,7988302812670344188,0x4045b6eb
Tloc,FF,5,472710,2640.464,104451,5332974391474537233,0x4045b6eb
Tloc,FF,5,311434,2566.555,21843,5560071556919351438,0x4045b6eb
Tloc,FF,5,152112,2541.239,8016,18073369201131578899,0x4045b6eb
Tloc,FF,5,262882,2526.766,894,17030507087432559371,0x4045b6eb
Tloc,FF,5,706522,2533.449,3206,906856256409348473,0x4045b6eb
Tloc,FF,5,832912,2521.837,8736,6901224723825475984,0x4045b6eb
Tloc,FF,5,303769,2539.743,8499,9676610793693571282,0x4045b6eb
Tloc,FF,5,223701,2551.254,22587,6268547439411066737,0x4045b6eb
Tloc,FF,5,809314,2538.674,9057,5959866871368886582,0x4045b6eb
Tloc,FF,5,831243,2542.239,4814,7245991066449506822,0x4045b6eb
Tloc,FF,5,831746,2522.326,3545,2412462267167369439,0x4045b6eb
Tloc,FF,5,314373,2561.81,32981,16271164207103510515,0x4045b6eb
Tloc,FF,5,810800,2528.545,4114,9740940424179714156,0x4045b6eb
Tloc,FF,5,211855,2524.227,2201,15444538623531718374,0x4045b6eb
Tloc,FF,5,533614,2588.878,37596,9202809573217392956,0x4045b6eb
Tloc,FF,5,335471,2549.097,14196,2356663788554777499,0x4045b6eb
Tloc,FF,5,566134,2566.503,50510,9396200096944940821,0x4045b6eb
Tloc,FF,5,738848,2601.468,69540,7078021629350180881,0x4045b6eb
Tloc,FF,5,359342,2563.447,30252,3769572393346065114,0x4045b6eb
Tloc,FF,5,965210,2521.504,15477,10082966086967326109,0x4045b6eb
Tloc,FF,5,928413,2536.955,25072,1434095313013881598,0x4045b6eb
Tloc,FF,5,998782,2511.837,420,13355101867325251020,0x4045b6eb
Tloc,FF,5,248373,2551.334,19860,13513491623323038442,0x4045b6eb
Tloc,FF,5,113110,2554.531,1447,17488057508794954912,0x4045b6eb
Tloc,FF,5,421120,2690.354,104580,16681590854562690524,0x4045b6eb
Tloc,FF,5,579626,2673.912,65062,12630084033061752913,0x4045b6eb
Tloc,FF,5,997466,2594.545,420,936702211722321276,0x4045b6eb
Tloc,FF,5,522760,2663.464,64875,4176781733176149301,0x4045b6eb
Tloc,FF,5,134930,2616.785,11236,17617763807025049175,0x4045b6eb
Tloc,FF,5,786964,2557.283,22700,1490022301502890249,0x4045b6eb
Tloc,FF,5,884325,2547.954,17664,16848486181290411707,0x4045b6eb
Tloc,FF,5,552447,2567.137,30238,17302694261755473009,0x4045b6eb
Tloc,FF,5,504571,2565.589,40242,16366124713385033638,0x4045b6eb
Tloc,FF,5,951244,2558.259,42177,7800041099661027862,0x4045b6eb
Tloc,FF,5,220807,2547.945,25826,16415712658888132602,0x4045b6eb
Tloc,FF,5,681257,2584.363,48977,2967794053658628679,0x4045b6eb
Tloc,FF,5,417658,2632.755,99455,14799740791080586593,0x4045b6eb
Tloc,FF,5,266352,2534.115,26046,3402112373147763721,0x4045b6eb
Tloc,FF,6,584510,2578.438,64877,16708980182621074994,0x4045b6eb
Tloc,FF,6,860467,2513.603,5488,15338227111260644004,0x4045b6eb
Tloc,FF,6,923923,2569.624,44117,6641262447034891772,0x4045b6eb
Tloc,FF,6,533409,2579.733,41129,11628735236070182155,0x4045b6eb
Tloc,FF,6,220435,2539.031,22408,4129135465157713200,0x4045b6eb
Tloc,FF,6,395173,2525.194,20524,4046782444875731312,0x4045b6eb
Tloc,FF,6,125555,2526.225,4265,1657276709063435729,0x4045b6eb
Tloc,FF,6,37317,2508.629,727,6853640058333350852,0x4045b6eb
Tloc,FF,6,326694,2558.317,34092,6178336681756796913,0x4045b6eb
Tloc,FF,6,408325,2641.536,85624,17911313430850491980,0x4045b6eb
Tloc,FF,6,928005,2562.78,26546,18052330429319518021,0x4045b6eb
Tloc,FF,6,636852,2593.268,55529,5263421960298999334,0x4045b6eb
Tloc,FF,6,565201,2593.306,55020,1083487900118558597,0x4045b6eb
Tloc,FF,6,416400,2638.398,99864,4627161598644415570,0x4045b6eb
Tloc,FF,6,671950,2580.7,34526,3906790770223921118,0x4045b6eb
Tloc,FF,6,100598,2531.434,16520,7519707194191851447,0x4045b6eb
Tloc,FF,6,130060,2515.451,1630,16341050249771213832,0x4045b6eb
Tloc,FF,6,763603,2571.349,28326,7765547626703341680,0x4045b6eb
Tloc,FF,6,229656,2535.125,4748,12978105345783971174,0x4045b6eb
Tloc,FF,6,854752,2538.791,23359,11314175193674743380,0x4045b6eb
Tloc,FF,6,717147,2560.22,33571,17654484060031277697,0x4045b6eb
Tloc,FF,6,253796,2553.801,30123,397093942929669397,0x4045b6eb
Tloc,FF,6,594298,2582.237,64848,54558512286213567,0x4045b6eb
Tloc,FF,6,802333,2579.483,50179,12508404084526316055,0x4045b6eb
Tloc,FF,6,907497,2493.459,1973,8642416598201994577,0x4045b6eb
Tloc,FF,6,970136,2565.419,33725,7988302812670344188,0x4045b6eb
Tloc,FF,6,472710,2635.468,104451,5332974391474537233,0x4045b6eb
Tloc,FF,6,311434,2554.784,21843,5560071556919351438,0x4045b6eb
Tloc,FF,6,152112,2536.325,8016,18073369201131578899,0x4045b6eb
Tloc,FF,6,262882,2515.545,894,17030507087432559371,0x4045b6eb
Tloc,FF,6,706522,2508.399,3206,906856256409348473,0x4045b6eb
Tloc,FF,6,832912,2519.14,8736,6901224723825475984,0x4045b6eb
Tloc,FF,6,303769,2524.984,8499,9676610793693571282,0x4045b6eb
Tloc,FF,6,223701,2548.65,22587,6268547439411066737,0x4045b6eb
Tloc,FF,6,809314,2523.848,9057,5959866871368886582,0x4045b6eb
Tloc,FF,6,831243,2505.902,4814,7245991066449506822,0x4045b6eb
Tloc,FF,6,831746,2531.619,3545,2412462267167369439,0x4045b6eb
Tloc,FF,6,314373,2550.849,32981,16271164207103510515,0x4045b6eb
Tloc,FF,6,810800,2510.591,4114,9740940424179714156,0x4045b6eb
Tloc,FF,6,211855,2531.059,2201,15444538623531718374,0x4045b6eb
Tloc,FF,6,533614,2573.418,37596,9202809573217392956,0x4045b6eb
Tloc,FF,6,335471,2524.013,14196,2356663788554777499,0x4045b6eb
Tloc,FF,6,566134,2567.686,50510,9396200096944940821,0x4045b6eb
Tloc,FF,6,738848,2598.769,69540,7078021629350180881,0x4045b6eb
Tloc,FF,6,359342,2555.267,30252,3769572393346065114,0x4045b6eb
Tloc,FF,6,965210,2528.496,15477,10082966086967326109,0x4045b6eb
Tloc,FF,6,928413,2547.969,25072,1434095313013881598,0x4045b6eb
Tloc,FF,6,998782,2497.578,420,13355101867325251020,0x4045b6eb
Tloc,FF,6,248373,2540.616,19860,13513491623323038442,0x4045b6eb
Tloc,FF,6,113110,2528.87,1447,17488057508794954912,0x4045b6eb
Tloc,FF,6,421120,2688.132,104580,16681590854562690524,0x4045b6eb
Tloc,FF,6,579626,2677.498,65062,12630084033061752913,0x4045b6eb
Tloc,FF,6,997466,2612.006,420,936702211722321276,0x4045b6eb
Tloc,FF,6,522760,2662.892,64875,4176781733176149301,0x4045b6eb
Tloc,FF,6,134930,2542.53,11236,17617763807025049175,0x4045b6eb
Tloc,FF,6,786964,2537.482,22700,1490022301502890249,0x4045b6eb
Tloc,FF,6,884325,2539.298,17664,16848486181290411707,0x4045b6eb
Tloc,FF,6,552447,2560.673,30238,17302694261755473009,0x4045b6eb
Tloc,FF,6,504571,2558.093,40242,16366124713385033638,0x4045b6eb
Tloc,FF,6,951244,2563.6,42177,7800041099661027862,0x4045b6eb
Tloc,FF,6,220807,2522.53,25826,16415712658888132602,0x4045b6eb
Tloc,FF,6,681257,2575.838,48977,2967794053658628679,0x4045b6eb
Tloc,FF,6,417658,2615.148,99455,14799740791080586593,0x4045b6eb
Tloc,FF,6,266352,2545.38,26046,3402112373147763721,0x4045b6eb
Tloc,CR4,1,584510,1648.738,64877,16708980182621074994,0x4045b6eb
Tloc,CR4,1,860467,1541.814,5488,15338227111260644004,0x4045b6eb
Tloc,CR4,1,923923,1620.911,44117,6641262447034891772,0x4045b6eb
Tloc,CR4,1,533409,1638.109,41129,11628735236070182155,0x4045b6eb
Tloc,CR4,1,220435,1590.63,22408,4129135465157713200,0x4045b6eb
Tloc,CR4,1,395173,1579.416,20524,4046782444875731312,0x4045b6eb
Tloc,CR4,1,125555,1538.261,4265,1657276709063435729,0x4045b6eb
Tloc,CR4,1,37317,1523.486,727,6853640058333350852,0x4045b6eb
Tloc,CR4,1,326694,1589.948,34092,6178336681756796913,0x4045b6eb
Tloc,CR4,1,408325,1728.757,85624,17911313430850491980,0x4045b6eb
Tloc,CR4,1,928005,1579.18,26546,18052330429319518021,0x4045b6eb
Tloc,CR4,1,636852,1642.678,55529,5263421960298999334,0x4045b6eb
Tloc,CR4,1,565201,1650.55,55020,1083487900118558597,0x4045b6eb
Tloc,CR4,1,416400,1751.324,99864,4627161598644415570,0x4045b6eb
Tloc,CR4,1,671950,1586.817,34526,3906790770223921118,0x4045b6eb
Tloc,CR4,1,100598,1537.405,16520,7519707194191851447,0x4045b6eb
Tloc,CR4,1,130060,1534.032,1630,16341050249771213832,0x4045b6eb
Tloc,CR4,1,763603,1591.923,28326,7765547626703341680,0x4045b6eb
Tloc,CR4,1,229656,1529.246,4748,12978105345783971174,0x4045b6eb
Tloc,CR4,1,854752,1567.689,23359,11314175193674743380,0x4045b6eb
Tloc,CR4,1,717147,1592.57,33571,17654484060031277697,0x4045b6eb
Tloc,CR4,1,253796,1569.551,30123,397093942929669397,0x4045b6eb
Tloc,CR4,1,594298,1658.739,64848,54558512286213567,0x4045b6eb
Tloc,CR4,1,802333,1624.635,50179,12508404084526316055,0x4045b6eb
Tloc,CR4,1,907497,1516.432,1973,8642416598201994577,0x4045b6eb
Tloc,CR4,1,970136,1620.978,33725,7988302812670344188,0x4045b6eb
Tloc,CR4,1,472710,1758.718,104451,5332974391474537233,0x4045b6eb
Tloc,CR4,1,311434,1568.253,21843,5560071556919351438,0x4045b6eb
Tloc,CR4,1,152112,1530.996,8016,18073369201131578899,0x4045b6eb
Tloc,CR4,1,262882,1526.652,894,17030507087432559371,0x4045b6eb
Tloc,CR4,1,706522,1540.949,3206,906856256409348473,0x4045b6eb
Tloc,CR4,1,832912,1538.684,8736,6901224723825475984,0x4045b6eb
Tloc,CR4,1,303769,1548.138,8499,9676610793693571282,0x4045b6eb
Tloc,CR4,1,223701,1579.411,22587,6268547439411066737,0x4045b6eb
Tloc,CR4,1,809314,1550.188,9057,5959866871368886582,0x4045b6eb
Tloc,CR4,1,831243,1531.873,4814,7245991066449506822,0x4045b6eb
Tloc,CR4,1,831746,1514.688,3545,2412462267167369439,0x4045b6eb
Tloc,CR4,1,314373,1596.96,32981,16271164207103510515,0x4045b6eb
Tloc,CR4,1,810800,1526.921,4114,9740940424179714156,0x4045b6eb
Tloc,CR4,1,211855,1529.341,2201,15444538623531718374,0x4045b6eb
Tloc,CR4,1,533614,1637.577,37596,9202809573217392956,0x4045b6eb
Tloc,CR4,1,335471,1554.125,14196,2356663788554777499,0x4045b6eb
Tloc,CR4,1,566134,1628.727,50510,9396200096944940821,0x4045b6eb
Tloc,CR4,1,738848,1694.744,69540,7078021629350180881,0x4045b6eb
Tloc,CR4,1,359342,1595.761,30252,3769572393346065114,0x4045b6eb
Tloc,CR4,1,965210,1559.969,15477,10082966086967326109,0x4045b6eb
Tloc,CR4,1,928413,1573.294,25072,1434095313013881598,0x4045b6eb
Tloc,CR4,1,998782,1515.26,420,13355101867325251020,0x4045b6eb
Tloc,CR4,1,248373,1561.462,19860,13513491623323038442,0x4045b6eb
Tloc,CR4,1,113110,1519.946,1447,17488057508794954912,0x4045b6eb
Tloc,CR4,1,421120,1762.805,104580,16681590854562690524,0x4045b6eb
Tloc,CR4,1,579626,1634.444,65062,12630084033061752913,0x4045b6eb
Tloc,CR4,1,997466,1503.605,420,936702211722321276,0x4045b6eb
Tloc,CR4,1,522760,1654.633,64875,4176781733176149301,0x4045b6eb
Tloc,CR4,1,134930,1540.87,11236,17617763807025049175,0x4045b6eb
Tloc,CR4,1,786964,1565.549,22700,1490022301502890249,0x4045b6eb
Tloc,CR4,1,884325,1563.771,17664,16848486181290411707,0x4045b6eb
Tloc,CR4,1,552447,1620.85,30238,17302694261755473009,0x4045b6eb
Tloc,CR4,1,504571,1619.558,40242,16366124713385033638,0x4045b6eb
Tloc,CR4,1,951244,1613.126,42177,7800041099661027862,0x4045b6eb
Tloc,CR4,1,220807,1571.746,25826,16415712658888132602,0x4045b6eb
Tloc,CR4,1,681257,1635.815,48977,2967794053658628679,0x4045b6eb
Tloc,CR4,1,417658,1735.155,99455,14799740791080586593,0x4045b6eb
Tloc,CR4,1,266352,1553.783,26046,3402112373147763721,0x4045b6eb
Tloc,CR4,2,584510,1655.949,64877,16708980182621074994,0x4045b6eb
Tloc,CR4,2,860467,1538.891,5488,15338227111260644004,0x4045b6eb
Tloc,CR4,2,923923,1630.607,44117,6641262447034891772,0x4045b6eb
Tloc,CR4,2,533409,1662.444,41129,11628735236070182155,0x4045b6eb
Tloc,CR4,2,220435,1569.684,22408,4129135465157713200,0x4045b6eb
Tloc,CR4,2,395173,1565.745,20524,4046782444875731312,0x4045b6eb
Tloc,CR4,2,125555,1543.322,4265,1657276709063435729,0x4045b6eb
Tloc,CR4,2,37317,1512.637,727,6853640058333350852,0x4045b6eb
Tloc,CR4,2,326694,1608.936,34092,6178336681756796913,0x4045b6eb
Tloc,CR4,2,408325,1732.532,85624,17911313430850491980,0x4045b6eb
Tloc,CR4,2,928005,1593.626,26546,18052330429319518021,0x4045b6eb
Tloc,CR4,2,636852,1641.944,55529,5263421960298999334,0x4045b6eb
Tloc,CR4,2,565201,1642.407,55020,1083487900118558597,0x4045b6eb
Tloc,CR4,2,416400,1757.317,99864,4627161598644415570,0x4045b6eb
Tloc,CR4,2,671950,1599.458,34526,3906790770223921118,0x4045b6eb
Tloc,CR4,2,100598,1541.504,16520,7519707194191851447,0x4045b6eb
Tloc,CR4,2,130060,1527.519,1630,16341050249771213832,0x4045b6eb
Tloc,CR4,2,763603,1595.947,28326,7765547626703341680,0x4045b6eb
Tloc,CR4,2,229656,1524.36,4748,12978105345783971174,0x4045b6eb
Tloc,CR4,2,854752,1558.763,23359,11314175193674743380,0x4045b6eb
Tloc,CR4,2,717147,1587.405,33571,17654484060031277697,0x4045b6eb
Tloc,CR4,2,253796,1600.776,30123,397093942929669397,0x4045b6eb
Tloc,CR4,2,594298,1641.659,64848,54558512286213567,0x4045b6eb
Tloc,CR4,2,802333,1633.258,50179,12508404084526316055,0x4045b6eb
Tloc,CR4,2,907497,1525.277,1973,8642416598201994577,0x4045b6eb
Tloc,CR4,2,970136,1600.235,33725,7988302812670344188,0x4045b6eb
Tloc,CR4,2,472710,1747.879,104451,5332974391474537233,0x4045b6eb
Tloc,CR4,2,311434,1564.114,21843,5560071556919351438,0x4045b6eb
Tloc,CR4,2,152112,1537.739,8016,18073369201131578899,0x4045b6eb
Tloc,CR4,2,262882,1514.191,894,17030507087432559371,0x4045b6eb
Tloc,CR4,2,706522,1535.792,3206,906856256409348473,0x4045b6eb
Tloc,CR4,2,832912,1555.487,8736,6901224723825475984,0x4045b6eb
Tloc,CR4,2,303769,1538.9,8499,9676610793693571282,0x4045b6eb
Tloc,CR4,2,223701,1567.373,22587,6268547439411066737,0x4045b6eb
Tloc,CR4,2,809314,1535.502,9057,5959866871368886582,0x4045b6eb
Tloc,CR4,2,831243,1523.755,4814,7245991066449506822,0x4045b6eb
Tloc,CR4,2,831746,1530.326,3545,2412462267167369439,0x4045b6eb
Tloc,CR4,2,314373,1609.087,32981,16271164207103510515,0x4045b6eb
Tloc,CR4,2,810800,1550.971,4114,9740940424179714156,0x4045b6eb
Tloc,CR4,2,211855,1522.261,2201,15444538623531718374,0x4045b6eb
Tloc,CR4,2,533614,1638.258,37596,9202809573217392956,0x4045b6eb
Tloc,CR4,2,335471,1564.274,14196,2356663788554777499,0x4045b6eb
Tloc,CR4,2,566134,1627.237,50510,9396200096944940821,0x4045b6eb
Tloc,CR4,2,738848,1686.596,69540,7078021629350180881,0x4045b6eb
Tloc,CR4,2,359342,1590.002,30252,3769572393346065114,0x4045b6eb
Tloc,CR4,2,965210,1558.535,15477,10082966086967326109,0x4045b6eb
Tloc,CR4,2,928413,1574.959,25072,1434095313013881598,0x4045b6eb
Tloc,CR4,2,998782,1513.991,420,13355101867325251020,0x4045b6eb
Tloc,CR4,2,248373,1577.272,19860,13513491623323038442,0x4045b6eb
Tloc,CR4,2,113110,1520.276,1447,17488057508794954912,0x4045b6eb
Tloc,CR4,2,421120,1751.812,104580,16681590854562690524,0x4045b6eb
Tloc,CR4,2,579626,1655.057,65062,12630084033061752913,0x4045b6eb
Tloc,CR4,2,997466,1506.95,420,936702211722321276,0x4045b6eb
Tloc,CR4,2,522760,1628.247,64875,4176781733176149301,0x4045b6eb
Tloc,CR4,2,134930,1540.199,11236,17617763807025049175,0x4045b6eb
Tloc,CR4,2,786964,1562.106,22700,1490022301502890249,0x4045b6eb
Tloc,CR4,2,884325,1569.52,17664,16848486181290411707,0x4045b6eb
Tloc,CR4,2,552447,1601.002,30238,17302694261755473009,0x4045b6eb
Tloc,CR4,2,504571,1621.905,40242,16366124713385033638,0x4045b6eb
Tloc,CR4,2,951244,1627.614,42177,7800041099661027862,0x4045b6eb
Tloc,CR4,2,220807,1568.733,25826,16415712658888132602,0x4045b6eb
Tloc,CR4,2,681257,1634.919,48977,2967794053658628679,0x4045b6eb
Tloc,CR4,2,417658,1738.617,99455,14799740791080586593,0x4045b6eb
Tloc,CR4,2,266352,1565.337,26046,3402112373147763721,0x4045b6eb
Tloc,CR4,3,584510,1637.451,64877,16708980182621074994,0x4045b6eb
Tloc,CR4,3,860467,1526.286,5488,15338227111260644004,0x4045b6eb
Tloc,CR4,3,923923,1604.805,44117,6641262447034891772,0x4045b6eb
Tloc,CR4,3,533409,1634.389,41129,11628735236070182155,0x4045b6eb
Tloc,CR4,3,220435,1550.596,22408,4129135465157713200,0x4045b6eb
Tloc,CR4,3,395173,1556.957,20524,4046782444875731312,0x4045b6eb
Tloc,CR4,3,125555,1522.757,4265,1657276709063435729,0x4045b6eb
Tloc,CR4,3,37317,1494.828,727,6853640058333350852,0x4045b6eb
Tloc,CR4,3,326694,1593.207,34092,6178336681756796913,0x4045b6eb
Tloc,CR4,3,408325,1733.847,85624,17911313430850491980,0x4045b6eb
Tloc,CR4,3,928005,1568.174,26546,18052330429319518021,0x4045b6eb
Tloc,CR4,3,636852,1623.266,55529,5263421960298999334,0x4045b6eb
Tloc,CR4,3,565201,1647.928,55020,1083487900118558597,0x4045b6eb
Tloc,CR4,3,416400,1753.88,99864,4627161598644415570,0x4045b6eb
Tloc,CR4,3,671950,1592.82,34526,3906790770223921118,0x4045b6eb
Tloc,CR4,3,100598,1530.978,16520,7519707194191851447,0x4045b6eb
Tloc,CR4,3,130060,1516.635,1630,16341050249771213832,0x4045b6eb
Tloc,CR4,3,763603,1580.68,28326,7765547626703341680,0x4045b6eb
Tloc,CR4,3,229656,1524.264,4748,12978105345783971174,0x4045b6eb
Tloc,CR4,3,854752,1555.897,23359,11314175193674743380,0x4045b6eb
Tloc,CR4,3,717147,1581.121,33571,17654484060031277697,0x4045b6eb
Tloc,CR4,3,253796,1569.996,30123,397093942929669397,0x4045b6eb
Tloc,CR4,3,594298,1635.556,64848,54558512286213567,0x4045b6eb
Tloc,CR4,3,802333,1634.8,50179,12508404084526316055,0x4045b6eb
Tloc,CR4,3,907497,1505.015,1973,8642416598201994577,0x4045b6eb
Tloc,CR4,3,970136,1581.123,33725,7988302812670344188,0x4045b6eb
Tloc,CR4,3,472710,1742.073,104451,5332974391474537233,0x4045b6eb
Tloc,CR4,3,311434,1577.566,21843,5560071556919351438,0x4045b6eb
Tloc,CR4,3,152112,1530.909,8016,18073369201131578899,0x4045b6eb
Tloc,CR4,3,262882,1505.756,894,17030507087432559371,0x4045b6eb
Tloc,CR4,3,706522,1507.727,3206,906856256409348473,0x4045b6eb
Tloc,CR4,3,832912,1556.994,8736,6901224723825475984,0x4045b6eb
Tloc,CR4,3,303769,1551.671,8499,9676610793693571282,0x4045b6eb
Tloc,CR4,3,223701,1563.477,22587,6268547439411066737,0x4045b6eb
Tloc,CR4,3,809314,1532.345,9057,5959866871368886582,0x4045b6eb
Tloc,CR4,3,831243,1498.44,4814,7245991066449506822,0x4045b6eb
Tloc,CR4,3,831746,1515.341,3545,2412462267167369439,0x4045b6eb
Tloc,CR4,3,314373,1584.128,32981,16271164207103510515,0x4045b6eb
Tloc,CR4,3,810800,1524.021,4114,9740940424179714156,0x4045b6eb
Tloc,CR4,3,211855,1515.449,2201,15444538623531718374,0x4045b6eb
Tloc,CR4,3,533614,1626.311,37596,9202809573217392956,0x4045b6eb
Tloc,CR4,3,335471,1549.2,14196,2356663788554777499,0x4045b6eb
Tloc,CR4,3,566134,1608.941,50510,9396200096944940821,0x4045b6eb
Tloc,CR4,3,738848,1670.048,69540,7078021629350180881,0x4045b6eb
Tloc,CR4,3,359342,1574.924,30252,3769572393346065114,0x4045b6eb
Tloc,CR4,3,965210,1529.65,15477,10082966086967326109,0x4045b6eb
Tloc,CR4,3,928413,1564.85,25072,1434095313013881598,0x4045b6eb
Tloc,CR4,3,998782,1502.761,420,13355101867325251020,0x4045b6eb
Tloc,CR4,3,248373,1539.103,19860,13513491623323038442,0x4045b6eb
Tloc,CR4,3,113110,1504.055,1447,17488057508794954912,0x4045b6eb
Tloc,CR4,3,421120,1746.804,104580,16681590854562690524,0x4045b6eb
Tloc,CR4,3,579626,1633.229,65062,12630084033061752913,0x4045b6eb
Tloc,CR4,3,997466,1492.03,420,936702211722321276,0x4045b6eb
Tloc,CR4,3,522760,1638.751,64875,4176781733176149301,0x4045b6eb
Tloc,CR4,3,134930,1518.729,11236,17617763807025049175,0x4045b6eb
Tloc,CR4,3,786964,1560.438,22700,1490022301502890249,0x4045b6eb
Tloc,CR4,3,884325,1554.338,17664,16848486181290411707,0x4045b6eb
Tloc,CR4,3,552447,1606.447,30238,17302694261755473009,0x4045b6eb
Tloc,CR4,3,504571,1600.229,40242,16366124713385033638,0x4045b6eb
Tloc,CR4,3,951244,1599.294,42177,7800041099661027862,0x4045b6eb
Tloc,CR4,3,220807,1569.148,25826,16415712658888132602,0x4045b6eb
Tloc,CR4,3,681257,1644.382,48977,2967794053658628679,0x4045b6eb
Tloc,CR4,3,417658,1727.101,99455,14799740791080586593,0x4045b6eb
Tloc,CR4,3,266352,1543.577,26046,3402112373147763721,0x4045b6eb
Tloc,CR4,4,584510,1669.644,64877,16708980182621074994,0x4045b6eb
Tloc,CR4,4,860467,1539.002,5488,15338227111260644004,0x4045b6eb
Tloc,CR4,4,923923,1632.046,44117,6641262447034891772,0x4045b6eb
Tloc,CR4,4,533409,1631.753,41129,11628735236070182155,0x4045b6eb
Tloc,CR4,4,220435,1572.194,22408,4129135465157713200,0x4045b6eb
Tloc,CR4,4,395173,1574.105,20524,4046782444875731312,0x4045b6eb
Tloc,CR4,4,125555,1529.922,4265,1657276709063435729,0x4045b6eb
Tloc,CR4,4,37317,1523.408,727,6853640058333350852,0x4045b6eb
Tloc,CR4,4,326694,1599.896,34092,6178336681756796913,0x4045b6eb
Tloc,CR4,4,408325,1718.718,85624,17911313430850491980,0x4045b6eb
Tloc,CR4,4,928005,1562.261,26546,18052330429319518021,0x4045b6eb
Tloc,CR4,4,636852,1643.6,55529,5263421960298999334,0x4045b6eb
Tloc,CR4,4,565201,1661.39,55020,1083487900118558597,0x4045b6eb
Tloc,CR4,4,416400,1760.326,99864,4627161598644415570,0x4045b6eb
Tloc,CR4,4,671950,1594.496,34526,3906790770223921118,0x4045b6eb
Tloc,CR4,4,100598,1559.779,16520,7519707194191851447,0x4045b6eb
Tloc,CR4,4,130060,1518.219,1630,16341050249771213832,0x4045b6eb
Tloc,CR4,4,763603,1593.924,28326,7765547626703341680,0x4045b6eb
Tloc,CR4,4,229656,1518.678,4748,12978105345783971174,0x4045b6eb
Tloc,CR4,4,854752,1569.258,23359,11314175193674743380,0x4045b6eb
Tloc,CR4,4,717147,1593.914,33571,17654484060031277697,0x4045b6eb
Tloc,CR4,4,253796,1585.66,30123,397093942929669397,0x4045b6eb
Tloc,CR4,4,594298,1646.826,64848,54558512286213567,0x4045b6eb
Tloc,CR4,4,802333,1624.923,50179,12508404084526316055,0x4045b6eb
Tloc,CR4,4,907497,1511.082,1973,8642416598201994577,0x4045b6eb
Tloc,CR4,4,970136,1583.633,33725,7988302812670344188,0x4045b6eb
Tloc,CR4,4,472710,1773.551,104451,5332974391474537233,0x4045b6eb
Tloc,CR4,4,311434,1578.747,21843,5560071556919351438,0x4045b6eb
Tloc,CR4,4,152112,1541.237,8016,18073369201131578899,0x4045b6eb
Tloc,CR4,4,262882,1528.563,894,17030507087432559371,0x4045b6eb
Tloc,CR4,4,706522,1526.202,3206,906856256409348473,0x4045b6eb
Tloc,CR4,4,832912,1555.413,8736,6901224723825475984,0x4045b6eb
Tloc,CR4,4,303769,1550.18,8499,9676610793693571282,0x4045b6eb
Tloc,CR4,4,223701,1574.528,22587,6268547439411066737,0x4045b6eb
Tloc,CR4,4,809314,1540.164,9057,5959866871368886582,0x4045b6eb
Tloc,CR4,4,831243,1527.329,4814,7245991066449506822,0x4045b6eb
Tloc,CR4,4,831746,1521.139,3545,2412462267167369439,0x4045b6eb
Tloc,CR4,4,314373,1600.94,32981,16271164207103510515,0x4045b6eb
Tloc,CR4,4,810800,1530.92,4114,9740940424179714156,0x4045b6eb
Tloc,CR4,4,211855,1529.051,2201,15444538623531718374,0x4045b6eb
Tloc,CR4,4,533614,1638.252,37596,9202809573217392956,0x4045b6eb
Tloc,CR4,4,335471,1543.28,14196,2356663788554777499,0x4045b6eb
Tloc,CR4,4,566134,1637.984,50510,9396200096944940821,0x4045b6eb
Tloc,CR4,4,738848,1688.325,69540,7078021629350180881,0x4045b6eb
Tloc,CR4,4,359342,1599.708,30252,3769572393346065114,0x4045b6eb
Tloc,CR4,4,965210,1560.724,15477,10082966086967326109,0x4045b6eb
Tloc,CR4,4,928413,1594.87,25072,1434095313013881598,0x4045b6eb
Tloc,CR4,4,998782,1507.559,420,13355101867325251020,0x4045b6eb
Tloc,CR4,4,248373,1550.107,19860,13513491623323038442,0x4045b6eb
Tloc,CR4,4,113110,1530.094,1447,17488057508794954912,0x4045b6eb
Tloc,CR4,4,421120,1768.2,104580,16681590854562690524,0x4045b6eb
Tloc,CR4,4,579626,1647.17,65062,12630084033061752913,0x4045b6eb
Tloc,CR4,4,997466,1497.387,420,936702211722321276,0x4045b6eb
Tloc,CR4,4,522760,1655.212,64875,4176781733176149301,0x4045b6eb
Tloc,CR4,4,134930,1536.045,11236,17617763807025049175,0x4045b6eb
Tloc,CR4,4,786964,1557.176,22700,1490022301502890249,0x4045b6eb
Tloc,CR4,4,884325,1584.639,17664,16848486181290411707,0x4045b6eb
Tloc,CR4,4,552447,1592.261,30238,17302694261755473009,0x4045b6eb
Tloc,CR4,4,504571,1618.901,40242,16366124713385033638,0x4045b6eb
Tloc,CR4,4,951244,1628.365,42177,7800041099661027862,0x4045b6eb
Tloc,CR4,4,220807,1576.368,25826,16415712658888132602,0x4045b6eb
Tloc,CR4,4,681257,1651.676,48977,2967794053658628679,0x4045b6eb
Tloc,CR4,4,417658,1755.928,99455,14799740791080586593,0x4045b6eb
Tloc,CR4,4,266352,1556.481,26046,3402112373147763721,0x4045b6eb
Tloc,CR4,5,584510,1653.872,64877,16708980182621074994,0x4045b6eb
Tloc,CR4,5,860467,1546.238,5488,15338227111260644004,0x4045b6eb
Tloc,CR4,5,923923,1630.778,44117,6641262447034891772,0x4045b6eb
Tloc,CR4,5,533409,1636.82,41129,11628735236070182155,0x4045b6eb
Tloc,CR4,5,220435,1566.36,22408,4129135465157713200,0x4045b6eb
Tloc,CR4,5,395173,1585.8,20524,4046782444875731312,0x4045b6eb
Tloc,CR4,5,125555,1530.699,4265,1657276709063435729,0x4045b6eb
Tloc,CR4,5,37317,1498.238,727,6853640058333350852,0x4045b6eb
Tloc,CR4,5,326694,1601.178,34092,6178336681756796913,0x4045b6eb
Tloc,CR4,5,408325,1735.723,85624,17911313430850491980,0x4045b6eb
Tloc,CR4,5,928005,1578.123,26546,18052330429319518021,0x4045b6eb
Tloc,CR4,5,636852,1634.357,55529,5263421960298999334,0x4045b6eb
Tloc,CR4,5,565201,1651.555,55020,1083487900118558597,0x4045b6eb
Tloc,CR4,5,416400,1746.761,99864,4627161598644415570,0x4045b6eb
Tloc,CR4,5,671950,1600.434,34526,3906790770223921118,0x4045b6eb
Tloc,CR4,5,100598,1534.037,16520,7519707194191851447,0x4045b6eb
Tloc,CR4,5,130060,1521.357,1630,16341050249771213832,0x4045b6eb
Tloc,CR4,5,763603,1583.007,28326,7765547626703341680,0x4045b6eb
Tloc,CR4,5,229656,1506.305,4748,12978105345783971174,0x4045b6eb
Tloc,CR4,5,854752,1561.844,23359,11314175193674743380,0x4045b6eb
Tloc,CR4,5,717147,1592.54,33571,17654484060031277697,0x4045b6eb
Tloc,CR4,5,253796,1576.654,30123,397093942929669397,0x4045b6eb
Tloc,CR4,5,594298,1636.07,64848,54558512286213567,0x4045b6eb
Tloc,CR4,5,802333,1623.587,50179,12508404084526316055,0x4045b6eb
Tloc,CR4,5,907497,1514.717,1973,8642416598201994577,0x4045b6eb
Tloc,CR4,5,970136,1589.889,33725,7988302812670344188,0x4045b6eb
Tloc,CR4,5,472710,1742.086,104451,5332974391474537233,0x4045b6eb
Tloc,CR4,5,311434,1544.225,21843,5560071556919351438,0x4045b6eb
Tloc,CR4,5,152112,1533.648,8016,18073369201131578899,0x4045b6eb
Tloc,CR4,5,262882,1492.948,894,17030507087432559371,0x4045b6eb
Tloc,CR4,5,706522,1525.193,3206,906856256409348473,0x4045b6eb
Tloc,CR4,5,832912,1544.513,8736,6901224723825475984,0x4045b6eb
Tloc,CR4,5,303769,1533.024,8499,9676610793693571282,0x4045b6eb
Tloc,CR4,5,223701,1573.426,22587,6268547439411066737,0x4045b6eb
Tloc,CR4,5,809314,1539.963,9057,5959866871368886582,0x4045b6eb
Tloc,CR4,5,831243,1524.054,4814,7245991066449506822,0x4045b6eb
Tloc,CR4,5,831746,1516.555,3545,2412462267167369439,0x4045b6eb
Tloc,CR4,5,314373,1592.763,32981,16271164207103510515,0x4045b6eb
Tloc,CR4,5,810800,1529.47,4114,9740940424179714156,0x4045b6eb
Tloc,CR4,5,211855,1519.388,2201,15444538623531718374,0x4045b6eb
Tloc,CR4,5,533614,1636.249,37596,9202809573217392956,0x4045b6eb
Tloc,CR4,5,335471,1559.832,14196,2356663788554777499,0x4045b6eb
Tloc,CR4,5,566134,1624.85,50510,9396200096944940821,0x4045b6eb
Tloc,CR4,5,738848,1685.857,69540,7078021629350180881,0x4045b6eb
Tloc,CR4,5,359342,1586.078,30252,3769572393346065114,0x4045b6eb
Tloc,CR4,5,965210,1566.277,15477,10082966086967326109,0x4045b6eb
Tloc,CR4,5,928413,1567.926,25072,1434095313013881598,0x4045b6eb
Tloc,CR4,5,998782,1489.835,420,13355101867325251020,0x4045b6eb
Tloc,CR4,5,248373,1562.536,19860,13513491623323038442,0x4045b6eb
Tloc,CR4,5,113110,1497.028,1447,17488057508794954912,0x4045b6eb
Tloc,CR4,5,421120,1734.267,104580,16681590854562690524,0x4045b6eb
Tloc,CR4,5,579626,1639.441,65062,12630084033061752913,0x4045b6eb
Tloc,CR4,5,997466,1501.234,420,936702211722321276,0x4045b6eb
Tloc,CR4,5,522760,1638.943,64875,4176781733176149301,0x4045b6eb
Tloc,CR4,5,134930,1525.914,11236,17617763807025049175,0x4045b6eb
Tloc,CR4,5,786964,1573.498,22700,1490022301502890249,0x4045b6eb
Tloc,CR4,5,884325,1559.581,17664,16848486181290411707,0x4045b6eb
Tloc,CR4,5,552447,1593.324,30238,17302694261755473009,0x4045b6eb
Tloc,CR4,5,504571,1617.409,40242,16366124713385033638,0x4045b6eb
Tloc,CR4,5,951244,1618.151,42177,7800041099661027862,0x4045b6eb
Tloc,CR4,5,220807,1586.722,25826,16415712658888132602,0x4045b6eb
Tloc,CR4,5,681257,1648.087,48977,2967794053658628679,0x4045b6eb
Tloc,CR4,5,417658,1721.373,99455,14799740791080586593,0x4045b6eb
Tloc,CR4,5,266352,1569.853,26046,3402112373147763721,0x4045b6eb
Tloc,CR4,6,584510,1643.953,64877,16708980182621074994,0x4045b6eb
Tloc,CR4,6,860467,1526.901,5488,15338227111260644004,0x4045b6eb
Tloc,CR4,6,923923,1623.087,44117,6641262447034891772,0x4045b6eb
Tloc,CR4,6,533409,1631.716,41129,11628735236070182155,0x4045b6eb
Tloc,CR4,6,220435,1557.051,22408,4129135465157713200,0x4045b6eb
Tloc,CR4,6,395173,1573.727,20524,4046782444875731312,0x4045b6eb
Tloc,CR4,6,125555,1533.622,4265,1657276709063435729,0x4045b6eb
Tloc,CR4,6,37317,1508.569,727,6853640058333350852,0x4045b6eb
Tloc,CR4,6,326694,1599.743,34092,6178336681756796913,0x4045b6eb
Tloc,CR4,6,408325,1711.315,85624,17911313430850491980,0x4045b6eb
Tloc,CR4,6,928005,1582.397,26546,18052330429319518021,0x4045b6eb
Tloc,CR4,6,636852,1638.425,55529,5263421960298999334,0x4045b6eb
Tloc,CR4,6,565201,1629.3,55020,1083487900118558597,0x4045b6eb
Tloc,CR4,6,416400,1731.712,99864,4627161598644415570,0x4045b6eb
Tloc,CR4,6,671950,1581.674,34526,3906790770223921118,0x4045b6eb
Tloc,CR4,6,100598,1537.641,16520,7519707194191851447,0x4045b6eb
Tloc,CR4,6,130060,1513.191,1630,16341050249771213832,0x4045b6eb
Tloc,CR4,6,763603,1589.028,28326,7765547626703341680,0x4045b6eb
Tloc,CR4,6,229656,1514.894,4748,12978105345783971174,0x4045b6eb
Tloc,CR4,6,854752,1547.917,23359,11314175193674743380,0x4045b6eb
Tloc,CR4,6,717147,1596.898,33571,17654484060031277697,0x4045b6eb
Tloc,CR4,6,253796,1574.512,30123,397093942929669397,0x4045b6eb
Tloc,CR4,6,594298,1650.849,64848,54558512286213567,0x4045b6eb
Tloc,CR4,6,802333,1622.711,50179,12508404084526316055,0x4045b6eb
Tloc,CR4,6,907497,1514.702,1973,8642416598201994577,0x4045b6eb
Tloc,CR4,6,970136,1599.922,33725,7988302812670344188,0x4045b6eb
Tloc,CR4,6,472710,1747.33,104451,5332974391474537233,0x4045b6eb
Tloc,CR4,6,311434,1562.792,21843,5560071556919351438,0x4045b6eb
Tloc,CR4,6,152112,1512.271,8016,18073369201131578899,0x4045b6eb
Tloc,CR4,6,262882,1525.348,894,17030507087432559371,0x4045b6eb
Tloc,CR4,6,706522,1519.904,3206,906856256409348473,0x4045b6eb
Tloc,CR4,6,832912,1539.163,8736,6901224723825475984,0x4045b6eb
Tloc,CR4,6,303769,1543.631,8499,9676610793693571282,0x4045b6eb
Tloc,CR4,6,223701,1551.656,22587,6268547439411066737,0x4045b6eb
Tloc,CR4,6,809314,1528.6,9057,5959866871368886582,0x4045b6eb
Tloc,CR4,6,831243,1525.065,4814,7245991066449506822,0x4045b6eb
Tloc,CR4,6,831746,1521.148,3545,2412462267167369439,0x4045b6eb
Tloc,CR4,6,314373,1580.478,32981,16271164207103510515,0x4045b6eb
Tloc,CR4,6,810800,1524.88,4114,9740940424179714156,0x4045b6eb
Tloc,CR4,6,211855,1516.951,2201,15444538623531718374,0x4045b6eb
Tloc,CR4,6,533614,1619.715,37596,9202809573217392956,0x4045b6eb
Tloc,CR4,6,335471,1553.111,14196,2356663788554777499,0x4045b6eb
Tloc,CR4,6,566134,1631.311,50510,9396200096944940821,0x4045b6eb
Tloc,CR4,6,738848,1679.769,69540,7078021629350180881,0x4045b6eb
Tloc,CR4,6,359342,1580.333,30252,3769572393346065114,0x4045b6eb
Tloc,CR4,6,965210,1545.174,15477,10082966086967326109,0x4045b6eb
Tloc,CR4,6,928413,1576.917,25072,1434095313013881598,0x4045b6eb
Tloc,CR4,6,998782,1511.289,420,13355101867325251020,0x4045b6eb
Tloc,CR4,6,248373,1550.223,19860,13513491623323038442,0x4045b6eb
Tloc,CR4,6,113110,1515.511,1447,17488057508794954912,0x4045b6eb
Tloc,CR4,6,421120,1757.397,104580,16681590854562690524,0x4045b6eb
Tloc,CR4,6,579626,1636.222,65062,12630084033061752913,0x4045b6eb
Tloc,CR4,6,997466,1506.041,420,936702211722321276,0x4045b6eb
Tloc,CR4,6,522760,1642.065,64875,4176781733176149301,0x4045b6eb
Tloc,CR4,6,134930,1537.061,11236,17617763807025049175,0x4045b6eb
Tloc,CR4,6,786964,1534.301,22700,1490022301502890249,0x4045b6eb
Tloc,CR4,6,884325,1564.341,17664,16848486181290411707,0x4045b6eb
Tloc,CR4,6,552447,1602.05,30238,17302694261755473009,0x4045b6eb
Tloc,CR4,6,504571,1603.591,40242,16366124713385033638,0x4045b6eb
Tloc,CR4,6,951244,1607.399,42177,7800041099661027862,0x4045b6eb
Tloc,CR4,6,220807,1584.935,25826,16415712658888132602,0x4045b6eb
Tloc,CR4,6,681257,1623.724,48977,2967794053658628679,0x4045b6eb
Tloc,CR4,6,417658,1719.892,99455,14799740791080586593,0x4045b6eb
Tloc,CR4,6,266352,1570.681,26046,3402112373147763721,0x4045b6eb
Tloc,CF4,1,584510,1645.018,64877,16708980182621074994,0x4045b6eb
Tloc,CF4,1,860467,1539.176,5488,15338227111260644004,0x4045b6eb
Tloc,CF4,1,923923,1638.206,44117,6641262447034891772,0x4045b6eb
Tloc,CF4,1,533409,1640.269,41129,11628735236070182155,0x4045b6eb
Tloc,CF4,1,220435,1570.491,22408,4129135465157713200,0x4045b6eb
Tloc,CF4,1,395173,1592.768,20524,4046782444875731312,0x4045b6eb
Tloc,CF4,1,125555,1539.592,4265,1657276709063435729,0x4045b6eb
Tloc,CF4,1,37317,1523.807,727,6853640058333350852,0x4045b6eb
Tloc,CF4,1,326694,1604.73,34092,6178336681756796913,0x4045b6eb
Tloc,CF4,1,408325,1742.216,85624,17911313430850491980,0x4045b6eb
Tloc,CF4,1,928005,1595.096,26546,18052330429319518021,0x4045b6eb
Tloc,CF4,1,636852,1650.085,55529,5263421960298999334,0x4045b6eb
Tloc,CF4,1,565201,1647.695,55020,1083487900118558597,0x4045b6eb
Tloc,CF4,1,416400,1767.122,99864,4627161598644415570,0x4045b6eb
Tloc,CF4,1,671950,1622.176,34526,3906790770223921118,0x4045b6eb
Tloc,CF4,1,100598,1562.112,16520,7519707194191851447,0x4045b6eb
Tloc,CF4,1,130060,1507.74,1630,16341050249771213832,0x4045b6eb
Tloc,CF4,1,763603,1606.853,28326,7765547626703341680,0x4045b6eb
Tloc,CF4,1,229656,1535.578,4748,12978105345783971174,0x4045b6eb
Tloc,CF4,1,854752,1561.125,23359,11314175193674743380,0x4045b6eb
Tloc,CF4,1,717147,1598.431,33571,17654484060031277697,0x4045b6eb
Tloc,CF4,1,253796,1599.407,30123,397093942929669397,0x4045b6eb
Tloc,CF4,1,594298,1658.632,64848,54558512286213567,0x4045b6eb
Tloc,CF4,1,802333,1634.858,50179,12508404084526316055,0x4045b6eb
Tloc,CF4,1,907497,1518.056,1973,8642416598201994577,0x4045b6eb
Tloc,CF4,1,970136,1621.906,33725,7988302812670344188,0x4045b6eb
Tloc,CF4,1,472710,1761.98,104451,5332974391474537233,0x4045b6eb
Tloc,CF4,1,311434,1557.274,21843,5560071556919351438,0x4045b6eb
Tloc,CF4,1,152112,1539.833,8016,18073369201131578899,0x4045b6eb
Tloc,CF4,1,262882,1518.808,894,17030507087432559371,0x4045b6eb
Tloc,CF4,1,706522,1532.785,3206,906856256409348473,0x4045b6eb
Tloc,CF4,1,832912,1566.213,8736,6901224723825475984,0x4045b6eb
Tloc,CF4,1,303769,1554.227,8499,9676610793693571282,0x4045b6eb
Tloc,CF4,1,223701,1582.562,22587,6268547439411066737,0x4045b6eb
Tloc,CF4,1,809314,1555.915,9057,5959866871368886582,0x4045b6eb
Tloc,CF4,1,831243,1530.391,4814,7245991066449506822,0x4045b6eb
Tloc,CF4,1,831746,1528.066,3545,2412462267167369439,0x4045b6eb
Tloc,CF4,1,314373,1611.67,32981,16271164207103510515,0x4045b6eb
Tloc,CF4,1,810800,1535.178,4114,9740940424179714156,0x4045b6eb
Tloc,CF4,1,211855,1524.304,2201,15444538623531718374,0x4045b6eb
Tloc,CF4,1,533614,1650.554,37596,9202809573217392956,0x4045b6eb
Tloc,CF4,1,335471,1578.699,14196,2356663788554777499,0x4045b6eb
Tloc,CF4,1,566134,1644.911,50510,9396200096944940821,0x4045b6eb
Tloc,CF4,1,738848,1688.325,69540,7078021629350180881,0x4045b6eb
Tloc,CF4,1,359342,1596.073,30252,3769572393346065114,0x4045b6eb
Tloc,CF4,1,965210,1565.938,15477,10082966086967326109,0x4045b6eb
Tloc,CF4,1,928413,1578.236,25072,1434095313013881598,0x4045b6eb
Tloc,CF4,1,998782,1518.045,420,13355101867325251020,0x4045b6eb
Tloc,CF4,1,248373,1570.114,19860,13513491623323038442,0x4045b6eb
Tloc,CF4,1,113110,1524.919,1447,17488057508794954912,0x4045b6eb
Tloc,CF4,1,421120,1767.812,104580,16681590854562690524,0x4045b6eb
Tloc,CF4,1,579626,1649.345,65062,12630084033061752913,0x4045b6eb
Tloc,CF4,1,997466,1518.068,420,936702211722321276,0x4045b6eb
Tloc,CF4,1,522760,1641.019,64875,4176781733176149301,0x4045b6eb
Tloc,CF4,1,134930,1522.609,11236,17617763807025049175,0x4045b6eb
Tloc,CF4,1,786964,1573.736,22700,1490022301502890249,0x4045b6eb
Tloc,CF4,1,884325,1567.062,17664,16848486181290411707,0x4045b6eb
Tloc,CF4,1,552447,1621.334,30238,17302694261755473009,0x4045b6eb
Tloc,CF4,1,504571,1623.02,40242,16366124713385033638,0x4045b6eb
Tloc,CF4,1,951244,1622.72,42177,7800041099661027862,0x4045b6eb
Tloc,CF4,1,220807,1586.223,25826,16415712658888132602,0x4045b6eb
Tloc,CF4,1,681257,1651.071,48977,2967794053658628679,0x4045b6eb
Tloc,CF4,1,417658,1759.612,99455,14799740791080586593,0x4045b6eb
Tloc,CF4,1,266352,1582.969,26046,3402112373147763721,0x4045b6eb
Tloc,CF4,2,584510,1662.366,64877,16708980182621074994,0x4045b6eb
Tloc,CF4,2,860467,1535.524,5488,15338227111260644004,0x4045b6eb
Tloc,CF4,2,923923,1631.354,44117,6641262447034891772,0x4045b6eb
Tloc,CF4,2,533409,1635.441,41129,11628735236070182155,0x4045b6eb
Tloc,CF4,2,220435,1589.12,22408,4129135465157713200,0x4045b6eb
Tloc,CF4,2,395173,1594.026,20524,4046782444875731312,0x4045b6eb
Tloc,CF4,2,125555,1533.451,4265,1657276709063435729,0x4045b6eb
Tloc,CF4,2,37317,1521.149,727,6853640058333350852,0x4045b6eb
Tloc,CF4,2,326694,1591.767,34092,6178336681756796913,0x4045b6eb
Tloc,CF4,2,408325,1741.796,85624,17911313430850491980,0x4045b6eb
Tloc,CF4,2,928005,1576.245,26546,18052330429319518021,0x4045b6eb
Tloc,CF4,2,636852,1670.05,55529,5263421960298999334,0x4045b6eb
Tloc,CF4,2,565201,1653.179,55020,1083487900118558597,0x4045b6eb
Tloc,CF4,2,416400,1760.742,99864,4627161598644415570,0x4045b6eb
Tloc,CF4,2,671950,1610.475,34526,3906790770223921118,0x4045b6eb
Tloc,CF4,2,100598,1556.555,16520,7519707194191851447,0x4045b6eb
Tloc,CF4,2,130060,1521.566,1630,16341050249771213832,0x4045b6eb
Tloc,CF4,2,763603,1599.778,28326,7765547626703341680,0x4045b6eb
Tloc,CF4,2,229656,1532.701,4748,12978105345783971174,0x4045b6eb
Tloc,CF4,2,854752,1584.707,23359,11314175193674743380,0x4045b6eb
Tloc,CF4,2,717147,1604.14,33571,17654484060031277697,0x4045b6eb
Tloc,CF4,2,253796,1579.65,30123,397093942929669397,0x4045b6eb
Tloc,CF4,2,594298,1644.97,64848,54558512286213567,0x4045b6eb
Tloc,CF4,2,802333,1629.922,50179,12508404084526316055,0x4045b6eb
Tloc,CF4,2,907497,1513.623,1973,8642416598201994577,0x4045b6eb
Tloc,CF4,2,970136,1598.253,33725,7988302812670344188,0x4045b6eb
Tloc,CF4,2,472710,1758.072,104451,5332974391474537233,0x4045b6eb
Tloc,CF4,2,311434,1576.511,21843,5560071556919351438,0x4045b6eb
Tloc,CF4,2,152112,1534.903,8016,18073369201131578899,0x4045b6eb
Tloc,CF4,2,262882,1524.56,894,17030507087432559371,0x4045b6eb
Tloc,CF4,2,706522,1539.255,3206,906856256409348473,0x4045b6eb
Tloc,CF4,2,832912,1575.77,8736,6901224723825475984,0x4045b6eb
Tloc,CF4,2,303769,1534.792,8499,9676610793693571282,0x4045b6eb
Tloc,CF4,2,223701,1572.026,22587,6268547439411066737,0x4045b6eb
Tloc,CF4,2,809314,1558.159,9057,5959866871368886582,0x4045b6eb
Tloc,CF4,2,831243,1511.162,4814,7245991066449506822,0x4045b6eb
Tloc,CF4,2,831746,1520.436,3545,2412462267167369439,0x4045b6eb
Tloc,CF4,2,314373,1628.935,32981,16271164207103510515,0x4045b6eb
Tloc,CF4,2,810800,1525.906,4114,9740940424179714156,0x4045b6eb
Tloc,CF4,2,211855,1518.754,2201,15444538623531718374,0x4045b6eb
Tloc,CF4,2,533614,1634.046,37596,9202809573217392956,0x4045b6eb
Tloc,CF4,2,335471,1561.186,14196,2356663788554777499,0x4045b6eb
Tloc,CF4,2,566134,1634.697,50510,9396200096944940821,0x4045b6eb
Tloc,CF4,2,738848,1689.044,69540,7078021629350180881,0x4045b6eb
Tloc,CF4,2,359342,1574.469,30252,3769572393346065114,0x4045b6eb
Tloc,CF4,2,965210,1565.707,15477,10082966086967326109,0x4045b6eb
Tloc,CF4,2,928413,1581.61,25072,1434095313013881598,0x4045b6eb
Tloc,CF4,2,998782,1521.014,420,13355101867325251020,0x4045b6eb
Tloc,CF4,2,248373,1563.866,19860,13513491623323038442,0x4045b6eb
Tloc,CF4,2,113110,1516.635,1447,17488057508794954912,0x4045b6eb
Tloc,CF4,2,421120,1768.874,104580,16681590854562690524,0x4045b6eb
Tloc,CF4,2,579626,1635.438,65062,12630084033061752913,0x4045b6eb
Tloc,CF4,2,997466,1517.85,420,936702211722321276,0x4045b6eb
Tloc,CF4,2,522760,1648.235,64875,4176781733176149301,0x4045b6eb
Tloc,CF4,2,134930,1510.697,11236,17617763807025049175,0x4045b6eb
Tloc,CF4,2,786964,1565.464,22700,1490022301502890249,0x4045b6eb
Tloc,CF4,2,884325,1574.395,17664,16848486181290411707,0x4045b6eb
Tloc,CF4,2,552447,1609.247,30238,17302694261755473009,0x4045b6eb
Tloc,CF4,2,504571,1632.321,40242,16366124713385033638,0x4045b6eb
Tloc,CF4,2,951244,1623.799,42177,7800041099661027862,0x4045b6eb
Tloc,CF4,2,220807,1589.438,25826,16415712658888132602,0x4045b6eb
Tloc,CF4,2,681257,1638.439,48977,2967794053658628679,0x4045b6eb
Tloc,CF4,2,417658,1746.654,99455,14799740791080586593,0x4045b6eb
Tloc,CF4,2,266352,1580.719,26046,3402112373147763721,0x4045b6eb
Tloc,CF4,3,584510,1662.801,64877,16708980182621074994,0x4045b6eb
Tloc,CF4,3,860467,1555.345,5488,15338227111260644004,0x4045b6eb
Tloc,CF4,3,923923,1647.088,44117,6641262447034891772,0x4045b6eb
Tloc,CF4,3,533409,1640.775,41129,11628735236070182155,0x4045b6eb
Tloc,CF4,3,220435,1589.602,22408,4129135465157713200,0x4045b6eb
Tloc,CF4,3,395173,1584.585,20524,4046782444875731312,0x4045b6eb
Tloc,CF4,3,125555,1562.118,4265,1657276709063435729,0x4045b6eb
Tloc,CF4,3,37317,1526.734,727,6853640058333350852,0x4045b6eb
Tloc,CF4,3,326694,1603.528,34092,6178336681756796913,0x4045b6eb
Tloc,CF4,3,408325,1748.074,85624,17911313430850491980,0x4045b6eb
Tloc,CF4,3,928005,1588.139,26546,18052330429319518021,0x4045b6eb
Tloc,CF4,3,636852,1658.538,55529,5263421960298999334,0x4045b6eb
Tloc,CF4,3,565201,1653.048,55020,1083487900118558597,0x4045b6eb
Tloc,CF4,3,416400,1774.748,99864,4627161598644415570,0x4045b6eb
Tloc,CF4,3,671950,1627.767,34526,3906790770223921118,0x4045b6eb
Tloc,CF4,3,100598,1550.144,16520,7519707194191851447,0x4045b6eb
Tloc,CF4,3,130060,1522.764,1630,16341050249771213832,0x4045b6eb
Tloc,CF4,3,763603,1610.444,28326,7765547626703341680,0x4045b6eb
Tloc,CF4,3,229656,1548.91,4748,12978105345783971174,0x4045b6eb
Tloc,CF4,3,854752,1596.821,23359,11314175193674743380,0x4045b6eb
Tloc,CF4,3,717147,1618.2,33571,17654484060031277697,0x4045b6eb
Tloc,CF4,3,253796,1607.987,30123,397093942929669397,0x4045b6eb
Tloc,CF4,3,594298,1662.893,64848,54558512286213567,0x4045b6eb
Tloc,CF4,3,802333,1664.389,50179,12508404084526316055,0x4045b6eb
Tloc,CF4,3,907497,1536.511,1973,8642416598201994577,0x4045b6eb
Tloc,CF4,3,970136,1608.03,33725,7988302812670344188,0x4045b6eb
Tloc,CF4,3,472710,1778.524,104451,5332974391474537233,0x4045b6eb
Tloc,CF4,3,311434,1587.505,21843,5560071556919351438,0x4045b6eb
Tloc,CF4,3,152112,1564.864,8016,18073369201131578899,0x4045b6eb
Tloc,CF4,3,262882,1536.068,894,17030507087432559371,0x4045b6eb
Tloc,CF4,3,706522,1545.26,3206,906856256409348473,0x4045b6eb
Tloc,CF4,3,832912,1572.839,8736,6901224723825475984,0x4045b6eb
Tloc,CF4,3,303769,1556.462,8499,9676610793693571282,0x4045b6eb
Tloc,CF4,3,223701,1582.329,22587,6268547439411066737,0x4045b6eb
Tloc,CF4,3,809314,1570.845,9057,5959866871368886582,0x4045b6eb
Tloc,CF4,3,831243,1542.498,4814,7245991066449506822,0x4045b6eb
Tloc,CF4,3,831746,1532.461,3545,2412462267167369439,0x4045b6eb
Tloc,CF4,3,314373,1619.908,32981,16271164207103510515,0x4045b6eb
Tloc,CF4,3,810800,1541.8,4114,9740940424179714156,0x4045b6eb
Tloc,CF4,3,211855,1547.098,2201,15444538623531718374,0x4045b6eb
Tloc,CF4,3,533614,1671.361,37596,9202809573217392956,0x4045b6eb
Tloc,CF4,3,335471,1576.575,14196,2356663788554777499,0x4045b6eb
Tloc,CF4,3,566134,1642.714,50510,9396200096944940821,0x4045b6eb
Tloc,CF4,3,738848,1701.383,69540,7078021629350180881,0x4045b6eb
Tloc,CF4,3,359342,1596.9,30252,3769572393346065114,0x4045b6eb
Tloc,CF4,3,965210,1571.504,15477,10082966086967326109,0x4045b6eb
Tloc,CF4,3,928413,1597.116,25072,1434095313013881598,0x4045b6eb
Tloc,CF4,3,998782,1557.483,420,13355101867325251020,0x4045b6eb
Tloc,CF4,3,248373,1591.701,19860,13513491623323038442,0x4045b6eb
Tloc,CF4,3,113110,1524.585,1447,17488057508794954912,0x4045b6eb
Tloc,CF4,3,421120,1779.988,104580,16681590854562690524,0x4045b6eb
Tloc,CF4,3,579626,1682.324,65062,12630084033061752913,0x4045b6eb
Tloc,CF4,3,997466,1531.517,420,936702211722321276,0x4045b6eb
Tloc,CF4,3,522760,1674.507,64875,4176781733176149301,0x4045b6eb
Tloc,CF4,3,134930,1544.249,11236,17617763807025049175,0x4045b6eb
Tloc,CF4,3,786964,1599.147,22700,1490022301502890249,0x4045b6eb
Tloc,CF4,3,884325,1588.236,17664,16848486181290411707,0x4045b6eb
Tloc,CF4,3,552447,1635.902,30238,17302694261755473009,0x4045b6eb
Tloc,CF4,3,504571,1644.015,40242,16366124713385033638,0x4045b6eb
Tloc,CF4,3,951244,1642.612,42177,7800041099661027862,0x4045b6eb
Tloc,CF4,3,220807,1612.698,25826,16415712658888132602,0x4045b6eb
Tloc,CF4,3,681257,1664.346,48977,2967794053658628679,0x4045b6eb
Tloc,CF4,3,417658,1758.866,99455,14799740791080586593,0x4045b6eb
Tloc,CF4,3,266352,1578.534,26046,3402112373147763721,0x4045b6eb
Tloc,CF4,4,584510,1659.562,64877,16708980182621074994,0x4045b6eb
Tloc,CF4,4,860467,1540.33,5488,15338227111260644004,0x4045b6eb
Tloc,CF4,4,923923,1648.606,44117,6641262447034891772,0x4045b6eb
Tloc,CF4,4,533409,1649.433,41129,11628735236070182155,0x4045b6eb
Tloc,CF4,4,220435,1588.388,22408,4129135465157713200,0x4045b6eb
Tloc,CF4,4,395173,1592.939,20524,4046782444875731312,0x4045b6eb
Tloc,CF4,4,125555,1550.284,4265,1657276709063435729,0x4045b6eb
Tloc,CF4,4,37317,1530.656,727,6853640058333350852,0x4045b6eb
Tloc,CF4,4,326694,1600.821,34092,6178336681756796913,0x4045b6eb
Tloc,CF4,4,408325,1735.071,85624,17911313430850491980,0x4045b6eb
Tloc,CF4,4,928005,1592,26546,18052330429319518021,0x4045b6eb
Tloc,CF4,4,636852,1669.244,55529,5263421960298999334,0x4045b6eb
Tloc,CF4,4,565201,1655.873,55020,1083487900118558597,0x4045b6eb
Tloc,CF4,4,416400,1776.566,99864,4627161598644415570,0x4045b6eb
Tloc,CF4,4,671950,1599.551,34526,3906790770223921118,0x4045b6eb
Tloc,CF4,4,100598,1558.734,16520,7519707194191851447,0x4045b6eb
Tloc,CF4,4,130060,1520.98,1630,16341050249771213832,0x4045b6eb
Tloc,CF4,4,763603,1596.991,28326,7765547626703341680,0x4045b6eb
Tloc,CF4,4,229656,1530.704,4748,12978105345783971174,0x4045b6eb
Tloc,CF4,4,854752,1574.259,23359,11314175193674743380,0x4045b6eb
Tloc,CF4,4,717147,1607.444,33571,17654484060031277697,0x4045b6eb
Tloc,CF4,4,253796,1593.278,30123,397093942929669397,0x4045b6eb
Tloc,CF4,4,594298,1662.105,64848,54558512286213567,0x4045b6eb
Tloc,CF4,4,802333,1640.019,50179,12508404084526316055,0x4045b6eb
Tloc,CF4,4,907497,1537.509,1973,8642416598201994577,0x4045b6eb
Tloc,CF4,4,970136,1611.95,33725,7988302812670344188,0x4045b6eb
Tloc,CF4,4,472710,1775.062,104451,5332974391474537233,0x4045b6eb
Tloc,CF4,4,311434,1576.241,21843,5560071556919351438,0x4045b6eb
Tloc,CF4,4,152112,1556.842,8016,18073369201131578899,0x4045b6eb
Tloc,CF4,4,262882,1529.964,894,17030507087432559371,0x4045b6eb
Tloc,CF4,4,706522,1538.25,3206,906856256409348473,0x4045b6eb
Tloc,CF4,4,832912,1569.055,8736,6901224723825475984,0x4045b6eb
Tloc,CF4,4,303769,1541.305,8499,9676610793693571282,0x4045b6eb
Tloc,CF4,4,223701,1588.845,22587,6268547439411066737,0x4045b6eb
Tloc,CF4,4,809314,1573.908,9057,5959866871368886582,0x4045b6eb
Tloc,CF4,4,831243,1547.655,4814,7245991066449506822,0x4045b6eb
Tloc,CF4,4,831746,1537.529,3545,2412462267167369439,0x4045b6eb
Tloc,CF4,4,314373,1615.94,32981,16271164207103510515,0x4045b6eb
Tloc,CF4,4,810800,1541.951,4114,9740940424179714156,0x4045b6eb
Tloc,CF4,4,211855,1536.786,2201,15444538623531718374,0x4045b6eb
Tloc,CF4,4,533614,1640.63,37596,9202809573217392956,0x4045b6eb
Tloc,CF4,4,335471,1583.126,14196,2356663788554777499,0x4045b6eb
Tloc,CF4,4,566134,1654.277,50510,9396200096944940821,0x4045b6eb
Tloc,CF4,4,738848,1705.541,69540,7078021629350180881,0x4045b6eb
Tloc,CF4,4,359342,1601.351,30252,3769572393346065114,0x4045b6eb
Tloc,CF4,4,965210,1566.181,15477,10082966086967326109,0x4045b6eb
Tloc,CF4,4,928413,1594.135,25072,1434095313013881598,0x4045b6eb
Tloc,CF4,4,998782,1511.439,420,13355101867325251020,0x4045b6eb
Tloc,CF4,4,248373,1592.923,19860,13513491623323038442,0x4045b6eb
Tloc,CF4,4,113110,1536.935,1447,17488057508794954912,0x4045b6eb
Tloc,CF4,4,421120,1773.072,104580,16681590854562690524,0x4045b6eb
Tloc,CF4,4,579626,1645.187,65062,12630084033061752913,0x4045b6eb
Tloc,CF4,4,997466,1523.616,420,936702211722321276,0x4045b6eb
Tloc,CF4,4,522760,1664.124,64875,4176781733176149301,0x4045b6eb
Tloc,CF4,4,134930,1531.923,11236,17617763807025049175,0x4045b6eb
Tloc,CF4,4,786964,1585.865,22700,1490022301502890249,0x4045b6eb
Tloc,CF4,4,884325,1577.836,17664,16848486181290411707,0x4045b6eb
Tloc,CF4,4,552447,1612.747,30238,17302694261755473009,0x4045b6eb
Tloc,CF4,4,504571,1624.512,40242,16366124713385033638,0x4045b6eb
Tloc,CF4,4,951244,1640.001,42177,7800041099661027862,0x4045b6eb
Tloc,CF4,4,220807,1585.648,25826,16415712658888132602,0x4045b6eb
Tloc,CF4,4,681257,1652.566,48977,2967794053658628679,0x4045b6eb
Tloc,CF4,4,417658,1759.115,99455,14799740791080586593,0x4045b6eb
Tloc,CF4,4,266352,1578.498,26046,3402112373147763721,0x4045b6eb
Tloc,CF4,5,584510,1671.051,64877,16708980182621074994,0x4045b6eb
Tloc,CF4,5,860467,1547.947,5488,15338227111260644004,0x4045b6eb
Tloc,CF4,5,923923,1635.138,44117,6641262447034891772,0x4045b6eb
Tloc,CF4,5,533409,1638.284,41129,11628735236070182155,0x4045b6eb
Tloc,CF4,5,220435,1590.632,22408,4129135465157713200,0x4045b6eb
Tloc,CF4,5,395173,1585.347,20524,4046782444875731312,0x4045b6eb
Tloc,CF4,5,125555,1558.938,4265,1657276709063435729,0x4045b6eb
Tloc,CF4,5,37317,1522.465,727,6853640058333350852,0x4045b6eb
Tloc,CF4,5,326694,1590.86,34092,6178336681756796913,0x4045b6eb
Tloc,CF4,5,408325,1756.57,85624,17911313430850491980,0x4045b6eb
Tloc,CF4,5,928005,1612.698,26546,18052330429319518021,0x4045b6eb
Tloc,CF4,5,636852,1635.078,55529,5263421960298999334,0x4045b6eb
Tloc,CF4,5,565201,1659.34,55020,1083487900118558597,0x4045b6eb
Tloc,CF4,5,416400,1765.538,99864,4627161598644415570,0x4045b6eb
Tloc,CF4,5,671950,1605.346,34526,3906790770223921118,0x4045b6eb
Tloc,CF4,5,100598,1558.673,16520,7519707194191851447,0x4045b6eb
Tloc,CF4,5,130060,1519.433,1630,16341050249771213832,0x4045b6eb
Tloc,CF4,5,763603,1593.768,28326,7765547626703341680,0x4045b6eb
Tloc,CF4,5,229656,1544.686,4748,12978105345783971174,0x4045b6eb
Tloc,CF4,5,854752,1570.282,23359,11314175193674743380,0x4045b6eb
Tloc,CF4,5,717147,1615.396,33571,17654484060031277697,0x4045b6eb
Tloc,CF4,5,253796,1595.299,30123,397093942929669397,0x4045b6eb
Tloc,CF4,5,594298,1662.28,64848,54558512286213567,0x4045b6eb
Tloc,CF4,5,802333,1639.468,50179,12508404084526316055,0x4045b6eb
Tloc,CF4,5,907497,1531.663,1973,8642416598201994577,0x4045b6eb
Tloc,CF4,5,970136,1606.332,33725,7988302812670344188,0x4045b6eb
Tloc,CF4,5,472710,1771.523,104451,5332974391474537233,0x4045b6eb
Tloc,CF4,5,311434,1582.283,21843,5560071556919351438,0x4045b6eb
Tloc,CF4,5,152112,1542.546,8016,18073369201131578899,0x4045b6eb
Tloc,CF4,5,262882,1524.266,894,17030507087432559371,0x4045b6eb
Tloc,CF4,5,706522,1523.465,3206,906856256409348473,0x4045b6eb
Tloc,CF4,5,832912,1557.455,8736,6901224723825475984,0x4045b6eb
Tloc,CF4,5,303769,1547.756,8499,9676610793693571282,0x4045b6eb
Tloc,CF4,5,223701,1588.76,22587,6268547439411066737,0x4045b6eb
Tloc,CF4,5,809314,1550.77,9057,5959866871368886582,0x4045b6eb
Tloc,CF4,5,831243,1548.111,4814,7245991066449506822,0x4045b6eb
Tloc,CF4,5,831746,1527.461,3545,2412462267167369439,0x4045b6eb
Tloc,CF4,5,314373,1613.927,32981,16271164207103510515,0x4045b6eb
Tloc,CF4,5,810800,1529.09,4114,9740940424179714156,0x4045b6eb
Tloc,CF4,5,211855,1520.269,2201,15444538623531718374,0x4045b6eb
Tloc,CF4,5,533614,1641.189,37596,9202809573217392956,0x4045b6eb
Tloc,CF4,5,335471,1556.49,14196,2356663788554777499,0x4045b6eb
Tloc,CF4,5,566134,1650.51,50510,9396200096944940821,0x4045b6eb
Tloc,CF4,5,738848,1703.696,69540,7078021629350180881,0x4045b6eb
Tloc,CF4,5,359342,1586.324,30252,3769572393346065114,0x4045b6eb
Tloc,CF4,5,965210,1574.207,15477,10082966086967326109,0x4045b6eb
Tloc,CF4,5,928413,1592.534,25072,1434095313013881598,0x4045b6eb
Tloc,CF4,5,998782,1522.575,420,13355101867325251020,0x4045b6eb
Tloc,CF4,5,248373,1576.096,19860,13513491623323038442,0x4045b6eb
Tloc,CF4,5,113110,1521.658,1447,17488057508794954912,0x4045b6eb
Tloc,CF4,5,421120,1776.122,104580,16681590854562690524,0x4045b6eb
Tloc,CF4,5,579626,1650.742,65062,12630084033061752913,0x4045b6eb
Tloc,CF4,5,997466,1525.457,420,936702211722321276,0x4045b6eb
Tloc,CF4,5,522760,1672.693,64875,4176781733176149301,0x4045b6eb
Tloc,CF4,5,134930,1537.486,11236,17617763807025049175,0x4045b6eb
Tloc,CF4,5,786964,1572.011,22700,1490022301502890249,0x4045b6eb
Tloc,CF4,5,884325,1569.383,17664,16848486181290411707,0x4045b6eb
Tloc,CF4,5,552447,1622.469,30238,17302694261755473009,0x4045b6eb
Tloc,CF4,5,504571,1628.297,40242,16366124713385033638,0x4045b6eb
Tloc,CF4,5,951244,1634.853,42177,7800041099661027862,0x4045b6eb
Tloc,CF4,5,220807,1601.243,25826,16415712658888132602,0x4045b6eb
Tloc,CF4,5,681257,1662.341,48977,2967794053658628679,0x4045b6eb
Tloc,CF4,5,417658,1763.364,99455,14799740791080586593,0x4045b6eb
Tloc,CF4,5,266352,1581.482,26046,3402112373147763721,0x4045b6eb
Tloc,CF4,6,584510,1646.005,64877,16708980182621074994,0x4045b6eb
Tloc,CF4,6,860467,1532.875,5488,15338227111260644004,0x4045b6eb
Tloc,CF4,6,923923,1630.962,44117,6641262447034891772,0x4045b6eb
Tloc,CF4,6,533409,1634.6,41129,11628735236070182155,0x4045b6eb
Tloc,CF4,6,220435,1574.443,22408,4129135465157713200,0x4045b6eb
Tloc,CF4,6,395173,1595.523,20524,4046782444875731312,0x4045b6eb
Tloc,CF4,6,125555,1538.554,4265,1657276709063435729,0x4045b6eb
Tloc,CF4,6,37317,1529.41,727,6853640058333350852,0x4045b6eb
Tloc,CF4,6,326694,1607.51,34092,6178336681756796913,0x4045b6eb
Tloc,CF4,6,408325,1750.606,85624,17911313430850491980,0x4045b6eb
Tloc,CF4,6,928005,1585.66,26546,18052330429319518021,0x4045b6eb
Tloc,CF4,6,636852,1664.588,55529,5263421960298999334,0x4045b6eb
Tloc,CF4,6,565201,1639.561,55020,1083487900118558597,0x4045b6eb
Tloc,CF4,6,416400,1766.81,99864,4627161598644415570,0x4045b6eb
Tloc,CF4,6,671950,1607.51,34526,3906790770223921118,0x4045b6eb
Tloc,CF4,6,100598,1565.708,16520,7519707194191851447,0x4045b6eb
Tloc,CF4,6,130060,1513.342,1630,16341050249771213832,0x4045b6eb
Tloc,CF4,6,763603,1602.946,28326,7765547626703341680,0x4045b6eb
Tloc,CF4,6,229656,1540.521,4748,12978105345783971174,0x4045b6eb
Tloc,CF4,6,854752,1565.446,23359,11314175193674743380,0x4045b6eb
Tloc,CF4,6,717147,1606.914,33571,17654484060031277697,0x4045b6eb
Tloc,CF4,6,253796,1597.326,30123,397093942929669397,0x4045b6eb
Tloc,CF4,6,594298,1661.59,64848,54558512286213567,0x4045b6eb
Tloc,CF4,6,802333,1646.571,50179,12508404084526316055,0x4045b6eb
Tloc,CF4,6,907497,1516.229,1973,8642416598201994577,0x4045b6eb
Tloc,CF4,6,970136,1607.851,33725,7988302812670344188,0x4045b6eb
Tloc,CF4,6,472710,1763.416,104451,5332974391474537233,0x4045b6eb
Tloc,CF4,6,311434,1573.059,21843,5560071556919351438,0x4045b6eb
Tloc,CF4,6,152112,1541.489,8016,18073369201131578899,0x4045b6eb
Tloc,CF4,6,262882,1520.354,894,17030507087432559371,0x4045b6eb
Tloc,CF4,6,706522,1530.277,3206,906856256409348473,0x4045b6eb
Tloc,CF4,6,832912,1570.654,8736,6901224723825475984,0x4045b6eb
Tloc,CF4,6,303769,1545.972,8499,9676610793693571282,0x4045b6eb
Tloc,CF4,6,223701,1582.014,22587,6268547439411066737,0x4045b6eb
Tloc,CF4,6,809314,1558.277,9057,5959866871368886582,0x4045b6eb
Tloc,CF4,6,831243,1538.723,4814,7245991066449506822,0x4045b6eb
Tloc,CF4,6,831746,1546.967,3545,2412462267167369439,0x4045b6eb
Tloc,CF4,6,314373,1598.795,32981,16271164207103510515,0x4045b6eb
Tloc,CF4,6,810800,1554.189,4114,9740940424179714156,0x4045b6eb
Tloc,CF4,6,211855,1536.687,2201,15444538623531718374,0x4045b6eb
Tloc,CF4,6,533614,1634.87,37596,9202809573217392956,0x4045b6eb
Tloc,CF4,6,335471,1566.449,14196,2356663788554777499,0x4045b6eb
Tloc,CF4,6,566134,1642.322,50510,9396200096944940821,0x4045b6eb
Tloc,CF4,6,738848,1687.314,69540,7078021629350180881,0x4045b6eb
Tloc,CF4,6,359342,1591.392,30252,3769572393346065114,0x4045b6eb
Tloc,CF4,6,965210,1560.445,15477,10082966086967326109,0x4045b6eb
Tloc,CF4,6,928413,1583.605,25072,1434095313013881598,0x4045b6eb
Tloc,CF4,6,998782,1504.654,420,13355101867325251020,0x4045b6eb
Tloc,CF4,6,248373,1566.552,19860,13513491623323038442,0x4045b6eb
Tloc,CF4,6,113110,1526.138,1447,17488057508794954912,0x4045b6eb
Tloc,CF4,6,421120,1759.055,104580,16681590854562690524,0x4045b6eb
Tloc,CF4,6,579626,1649.084,65062,12630084033061752913,0x4045b6eb
Tloc,CF4,6,997466,1528.341,420,936702211722321276,0x4045b6eb
Tloc,CF4,6,522760,1666.095,64875,4176781733176149301,0x4045b6eb
Tloc,CF4,6,134930,1542.76,11236,17617763807025049175,0x4045b6eb
Tloc,CF4,6,786964,1564.903,22700,1490022301502890249,0x4045b6eb
Tloc,CF4,6,884325,1577.314,17664,16848486181290411707,0x4045b6eb
Tloc,CF4,6,552447,1604.314,30238,17302694261755473009,0x4045b6eb
Tloc,CF4,6,504571,1629.928,40242,16366124713385033638,0x4045b6eb
Tloc,CF4,6,951244,1623.423,42177,7800041099661027862,0x4045b6eb
Tloc,CF4,6,220807,1595.418,25826,16415712658888132602,0x4045b6eb
Tloc,CF4,6,681257,1656.861,48977,2967794053658628679,0x4045b6eb
Tloc,CF4,6,417658,1750.491,99455,14799740791080586593,0x4045b6eb
Tloc,CF4,6,266352,1574.784,26046,3402112373147763721,0x4045b6eb
Tloc,TR,1,584510,1853.007,64877,16708980182621074994,0x4045b6eb
Tloc,TR,1,860467,1605.42,5488,15338227111260644004,0x4045b6eb
Tloc,TR,1,923923,1784.474,44117,6641262447034891772,0x4045b6eb
Tloc,TR,1,533409,1779.284,41129,11628735236070182155,0x4045b6eb
Tloc,TR,1,220435,1695.106,22408,4129135465157713200,0x4045b6eb
Tloc,TR,1,395173,1697.843,20524,4046782444875731312,0x4045b6eb
Tloc,TR,1,125555,1600.252,4265,1657276709063435729,0x4045b6eb
Tloc,TR,1,37317,1586.455,727,6853640058333350852,0x4045b6eb
Tloc,TR,1,326694,1736.417,34092,6178336681756796913,0x4045b6eb
Tloc,TR,1,408325,1997.545,85624,17911313430850491980,0x4045b6eb
Tloc,TR,1,928005,1710.535,26546,18052330429319518021,0x4045b6eb
Tloc,TR,1,636852,1818.699,55529,5263421960298999334,0x4045b6eb
Tloc,TR,1,565201,1825.694,55020,1083487900118558597,0x4045b6eb
Tloc,TR,1,416400,2043.272,99864,4627161598644415570,0x4045b6eb
Tloc,TR,1,671950,1743.553,34526,3906790770223921118,0x4045b6eb
Tloc,TR,1,100598,1656.948,16520,7519707194191851447,0x4045b6eb
Tloc,TR,1,130060,1589.041,1630,16341050249771213832,0x4045b6eb
Tloc,TR,1,763603,1712.784,28326,7765547626703341680,0x4045b6eb
Tloc,TR,1,229656,1598.775,4748,12978105345783971174,0x4045b6eb
Tloc,TR,1,854752,1694.93,23359,11314175193674743380,0x4045b6eb
Tloc,TR,1,717147,1727.174,33571,17654484060031277697,0x4045b6eb
Tloc,TR,1,253796,1713.711,30123,397093942929669397,0x4045b6eb
Tloc,TR,1,594298,1859.988,64848,54558512286213567,0x4045b6eb
Tloc,TR,1,802333,1804.576,50179,12508404084526316055,0x4045b6eb
Tloc,TR,1,907497,1592.233,1973,8642416598201994577,0x4045b6eb
Tloc,TR,1,970136,1732.179,33725,7988302812670344188,0x4045b6eb
Tloc,TR,1,472710,2035.421,104451,5332974391474537233,0x4045b6eb
Tloc,TR,1,311434,1680.977,21843,5560071556919351438,0x4045b6eb
Tloc,TR,1,152112,1621.361,8016,18073369201131578899,0x4045b6eb
Tloc,TR,1,262882,1595.919,894,17030507087432559371,0x4045b6eb
Tloc,TR,1,706522,1623.988,3206,906856256409348473,0x4045b6eb
Tloc,TR,1,832912,1717.053,8736,6901224723825475984,0x4045b6eb
Tloc,TR,1,303769,1622.815,8499,9676610793693571282,0x4045b6eb
Tloc,TR,1,223701,1691.205,22587,6268547439411066737,0x4045b6eb
Tloc,TR,1,809314,1632.164,9057,5959866871368886582,0x4045b6eb
Tloc,TR,1,831243,1609.981,4814,7245991066449506822,0x4045b6eb
Tloc,TR,1,831746,1601.014,3545,2412462267167369439,0x4045b6eb
Tloc,TR,1,314373,1729.826,32981,16271164207103510515,0x4045b6eb
Tloc,TR,1,810800,1619.47,4114,9740940424179714156,0x4045b6eb
Tloc,TR,1,211855,1595.66,2201,15444538623531718374,0x4045b6eb
Tloc,TR,1,533614,1770.935,37596,9202809573217392956,0x4045b6eb
Tloc,TR,1,335471,1644.531,14196,2356663788554777499,0x4045b6eb
Tloc,TR,1,566134,1816.801,50510,9396200096944940821,0x4045b6eb
Tloc,TR,1,738848,1893.061,69540,7078021629350180881,0x4045b6eb
Tloc,TR,1,359342,1724.273,30252,3769572393346065114,0x4045b6eb
Tloc,TR,1,965210,1675.334,15477,10082966086967326109,0x4045b6eb
Tloc,TR,1,928413,1683.156,25072,1434095313013881598,0x4045b6eb
Tloc,TR,1,998782,1595.327,420,13355101867325251020,0x4045b6eb
Tloc,TR,1,248373,1689.79,19860,13513491623323038442,0x4045b6eb
Tloc,TR,1,113110,1579.693,1447,17488057508794954912,0x4045b6eb
Tloc,TR,1,421120,2040.84,104580,16681590854562690524,0x4045b6eb
Tloc,TR,1,579626,1847.642,65062,12630084033061752913,0x4045b6eb
Tloc,TR,1,997466,1587.532,420,936702211722321276,0x4045b6eb
Tloc,TR,1,522760,1844.576,64875,4176781733176149301,0x4045b6eb
Tloc,TR,1,134930,1619.054,11236,17617763807025049175,0x4045b6eb
Tloc,TR,1,786964,1695.855,22700,1490022301502890249,0x4045b6eb
Tloc,TR,1,884325,1689.176,17664,16848486181290411707,0x4045b6eb
Tloc,TR,1,552447,1732.191,30238,17302694261755473009,0x4045b6eb
Tloc,TR,1,504571,1766.077,40242,16366124713385033638,0x4045b6eb
Tloc,TR,1,951244,1758.915,42177,7800041099661027862,0x4045b6eb
Tloc,TR,1,220807,1702.194,25826,16415712658888132602,0x4045b6eb
Tloc,TR,1,681257,1826.415,48977,2967794053658628679,0x4045b6eb
Tloc,TR,1,417658,2008.41,99455,14799740791080586593,0x4045b6eb
Tloc,TR,1,266352,1696.88,26046,3402112373147763721,0x4045b6eb
Tloc,TR,2,584510,1855.586,64877,16708980182621074994,0x4045b6eb
Tloc,TR,2,860467,1623.362,5488,15338227111260644004,0x4045b6eb
Tloc,TR,2,923923,1783.512,44117,6641262447034891772,0x4045b6eb
Tloc,TR,2,533409,1788.896,41129,11628735236070182155,0x4045b6eb
Tloc,TR,2,220435,1692.421,22408,4129135465157713200,0x4045b6eb
Tloc,TR,2,395173,1671.816,20524,4046782444875731312,0x4045b6eb
Tloc,TR,2,125555,1609.934,4265,1657276709063435729,0x4045b6eb
Tloc,TR,2,37317,1602.698,727,6853640058333350852,0x4045b6eb
Tloc,TR,2,326694,1728.699,34092,6178336681756796913,0x4045b6eb
Tloc,TR,2,408325,2019.346,85624,17911313430850491980,0x4045b6eb
Tloc,TR,2,928005,1705.612,26546,18052330429319518021,0x4045b6eb
Tloc,TR,2,636852,1834.211,55529,5263421960298999334,0x4045b6eb
Tloc,TR,2,565201,1831.295,55020,1083487900118558597,0x4045b6eb
Tloc,TR,2,416400,2041.964,99864,4627161598644415570,0x4045b6eb
Tloc,TR,2,671950,1746.405,34526,3906790770223921118,0x4045b6eb
Tloc,TR,2,100598,1653.337,16520,7519707194191851447,0x4045b6eb
Tloc,TR,2,130060,1573.027,1630,16341050249771213832,0x4045b6eb
Tloc,TR,2,763603,1712.162,28326,7765547626703341680,0x4045b6eb
Tloc,TR,2,229656,1620.328,4748,12978105345783971174,0x4045b6eb
Tloc,TR,2,854752,1694.486,23359,11314175193674743380,0x4045b6eb
Tloc,TR,2,717147,1738.064,33571,17654484060031277697,0x4045b6eb
Tloc,TR,2,253796,1711.546,30123,397093942929669397,0x4045b6eb
Tloc,TR,2,594298,1852.698,64848,54558512286213567,0x4045b6eb
Tloc,TR,2,802333,1812.634,50179,12508404084526316055,0x4045b6eb
Tloc,TR,2,907497,1585.359,1973,8642416598201994577,0x4045b6eb
Tloc,TR,2,970136,1726.278,33725,7988302812670344188,0x4045b6eb
Tloc,TR,2,472710,2050.37,104451,5332974391474537233,0x4045b6eb
Tloc,TR,2,311434,1677.577,21843,5560071556919351438,0x4045b6eb
Tloc,TR,2,152112,1619.548,8016,18073369201131578899,0x4045b6eb
Tloc,TR,2,262882,1609,894,17030507087432559371,0x4045b6eb
Tloc,TR,2,706522,1613.973,3206,906856256409348473,0x4045b6eb
Tloc,TR,2,832912,1653.985,8736,6901224723825475984,0x4045b6eb
Tloc,TR,2,303769,1644.924,8499,9676610793693571282,0x4045b6eb
Tloc,TR,2,223701,1682.415,22587,6268547439411066737,0x4045b6eb
Tloc,TR,2,809314,1644.763,9057,5959866871368886582,0x4045b6eb
Tloc,TR,2,831243,1620.056,4814,7245991066449506822,0x4045b6eb
Tloc,TR,2,831746,1613.859,3545,2412462267167369439,0x4045b6eb
Tloc,TR,2,314373,1742.227,32981,16271164207103510515,0x4045b6eb
Tloc,TR,2,810800,1621.188,4114,9740940424179714156,0x4045b6eb
Tloc,TR,2,211855,1587.732,2201,15444538623531718374,0x4045b6eb
Tloc,TR,2,533614,1778.785,37596,9202809573217392956,0x4045b6eb
Tloc,TR,2,335471,1640.512,14196,2356663788554777499,0x4045b6eb
Tloc,TR,2,566134,1793.051,50510,9396200096944940821,0x4045b6eb
Tloc,TR,2,738848,1874.748,69540,7078021629350180881,0x4045b6eb
Tloc,TR,2,359342,1719.418,30252,3769572393346065114,0x4045b6eb
Tloc,TR,2,965210,1672.752,15477,10082966086967326109,0x4045b6eb
Tloc,TR,2,928413,1697.872,25072,1434095313013881598,0x4045b6eb
Tloc,TR,2,998782,1590.179,420,13355101867325251020,0x4045b6eb
Tloc,TR,2,248373,1677.678,19860,13513491623323038442,0x4045b6eb
Tloc,TR,2,113110,1597.606,1447,17488057508794954912,0x4045b6eb
Tloc,TR,2,421120,2047.139,104580,16681590854562690524,0x4045b6eb
Tloc,TR,2,579626,1848.577,65062,12630084033061752913,0x4045b6eb
Tloc,TR,2,997466,1591.789,420,936702211722321276,0x4045b6eb
Tloc,TR,2,522760,1850.721,64875,4176781733176149301,0x4045b6eb
Tloc,TR,2,134930,1631.103,11236,17617763807025049175,0x4045b6eb
Tloc,TR,2,786964,1683.273,22700,1490022301502890249,0x4045b6eb
Tloc,TR,2,884325,1663.829,17664,16848486181290411707,0x4045b6eb
Tloc,TR,2,552447,1727.438,30238,17302694261755473009,0x4045b6eb
Tloc,TR,2,504571,1779.695,40242,16366124713385033638,0x4045b6eb
Tloc,TR,2,951244,1782.273,42177,7800041099661027862,0x4045b6eb
Tloc,TR,2,220807,1699.974,25826,16415712658888132602,0x4045b6eb
Tloc,TR,2,681257,1814.43,48977,2967794053658628679,0x4045b6eb
Tloc,TR,2,417658,2010.291,99455,14799740791080586593,0x4045b6eb
Tloc,TR,2,266352,1699.684,26046,3402112373147763721,0x4045b6eb
Tloc,TR,3,584510,1857.881,64877,16708980182621074994,0x4045b6eb
Tloc,TR,3,860467,1611.254,5488,15338227111260644004,0x4045b6eb
Tloc,TR,3,923923,1767.189,44117,6641262447034891772,0x4045b6eb
Tloc,TR,3,533409,1777.794,41129,11628735236070182155,0x4045b6eb
Tloc,TR,3,220435,1680.329,22408,4129135465157713200,0x4045b6eb
Tloc,TR,3,395173,1674.823,20524,4046782444875731312,0x4045b6eb
Tloc,TR,3,125555,1604.911,4265,1657276709063435729,0x4045b6eb
Tloc,TR,3,37317,1585.025,727,6853640058333350852,0x4045b6eb
Tloc,TR,3,326694,1728.271,34092,6178336681756796913,0x4045b6eb
Tloc,TR,3,408325,2012.39,85624,17911313430850491980,0x4045b6eb
Tloc,TR,3,928005,1708.257,26546,18052330429319518021,0x4045b6eb
Tloc,TR,3,636852,1840.58,55529,5263421960298999334,0x4045b6eb
Tloc,TR,3,565201,1816.082,55020,1083487900118558597,0x4045b6eb
Tloc,TR,3,416400,2050.4,99864,4627161598644415570,0x4045b6eb
Tloc,TR,3,671950,1749.892,34526,3906790770223921118,0x4045b6eb
Tloc,TR,3,100598,1649.638,16520,7519707194191851447,0x4045b6eb
Tloc,TR,3,130060,1584.129,1630,16341050249771213832,0x4045b6eb
Tloc,TR,3,763603,1717.92,28326,7765547626703341680,0x4045b6eb
Tloc,TR,3,229656,1606.27,4748,12978105345783971174,0x4045b6eb
Tloc,TR,3,854752,1684.463,23359,11314175193674743380,0x4045b6eb
Tloc,TR,3,717147,1742.888,33571,17654484060031277697,0x4045b6eb
Tloc,TR,3,253796,1719.192,30123,397093942929669397,0x4045b6eb
Tloc,TR,3,594298,1846.45,64848,54558512286213567,0x4045b6eb
Tloc,TR,3,802333,1773.493,50179,12508404084526316055,0x4045b6eb
Tloc,TR,3,907497,1574.821,1973,8642416598201994577,0x4045b6eb
Tloc,TR,3,970136,1745.485,33725,7988302812670344188,0x4045b6eb
Tloc,TR,3,472710,2036.872,104451,5332974391474537233,0x4045b6eb
Tloc,TR,3,311434,1687.486,21843,5560071556919351438,0x4045b6eb
Tloc,TR,3,152112,1625.401,8016,18073369201131578899,0x4045b6eb
Tloc,TR,3,262882,1589.068,894,17030507087432559371,0x4045b6eb
Tloc,TR,3,706522,1608.326,3206,906856256409348473,0x4045b6eb
Tloc,TR,3,832912,1647.757,8736,6901224723825475984,0x4045b6eb
Tloc,TR,3,303769,1642.239,8499,9676610793693571282,0x4045b6eb
Tloc,TR,3,223701,1690.405,22587,6268547439411066737,0x4045b6eb
Tloc,TR,3,809314,1650.798,9057,5959866871368886582,0x4045b6eb
Tloc,TR,3,831243,1608.957,4814,7245991066449506822,0x4045b6eb
Tloc,TR,3,831746,1602.342,3545,2412462267167369439,0x4045b6eb
Tloc,TR,3,314373,1732.858,32981,16271164207103510515,0x4045b6eb
Tloc,TR,3,810800,1608.022,4114,9740940424179714156,0x4045b6eb
Tloc,TR,3,211855,1598.59,2201,15444538623531718374,0x4045b6eb
Tloc,TR,3,533614,1763.029,37596,9202809573217392956,0x4045b6eb
Tloc,TR,3,335471,1656.67,14196,2356663788554777499,0x4045b6eb
Tloc,TR,3,566134,1790.658,50510,9396200096944940821,0x4045b6eb
Tloc,TR,3,738848,1886.086,69540,7078021629350180881,0x4045b6eb
Tloc,TR,3,359342,1702.964,30252,3769572393346065114,0x4045b6eb
Tloc,TR,3,965210,1656.127,15477,10082966086967326109,0x4045b6eb
Tloc,TR,3,928413,1721.355,25072,1434095313013881598,0x4045b6eb
Tloc,TR,3,998782,1586.363,420,13355101867325251020,0x4045b6eb
Tloc,TR,3,248373,1663.503,19860,13513491623323038442,0x4045b6eb
Tloc,TR,3,113110,1584.185,1447,17488057508794954912,0x4045b6eb
Tloc,TR,3,421120,2046.264,104580,16681590854562690524,0x4045b6eb
Tloc,TR,3,579626,1834.262,65062,12630084033061752913,0x4045b6eb
Tloc,TR,3,997466,1596.33,420,936702211722321276,0x4045b6eb
Tloc,TR,3,522760,1863.817,64875,4176781733176149301,0x4045b6eb
Tloc,TR,3,134930,1630.678,11236,17617763807025049175,0x4045b6eb
Tloc,TR,3,786964,1701.812,22700,1490022301502890249,0x4045b6eb
Tloc,TR,3,884325,1695.603,17664,16848486181290411707,0x4045b6eb
Tloc,TR,3,552447,1732.339,30238,17302694261755473009,0x4045b6eb
Tloc,TR,3,504571,1753.719,40242,16366124713385033638,0x4045b6eb
Tloc,TR,3,951244,1770.649,42177,7800041099661027862,0x4045b6eb
Tloc,TR,3,220807,1700.329,25826,16415712658888132602,0x4045b6eb
Tloc,TR,3,681257,1823.11,48977,2967794053658628679,0x4045b6eb
Tloc,TR,3,417658,2004.206,99455,14799740791080586593,0x4045b6eb
Tloc,TR,3,266352,1687.383,26046,3402112373147763721,0x4045b6eb
Tloc,TR,4,584510,1863.222,64877,16708980182621074994,0x4045b6eb
Tloc,TR,4,860467,1614.114,5488,15338227111260644004,0x4045b6eb
Tloc,TR,4,923923,1791.743,44117,6641262447034891772,0x4045b6eb
Tloc,TR,4,533409,1775.432,41129,11628735236070182155,0x4045b6eb
Tloc,TR,4,220435,1701.732,22408,4129135465157713200,0x4045b6eb
Tloc,TR,4,395173,1683.232,20524,4046782444875731312,0x4045b6eb
Tloc,TR,4,125555,1593.828,4265,1657276709063435729,0x4045b6eb
Tloc,TR,4,37317,1581.355,727,6853640058333350852,0x4045b6eb
Tloc,TR,4,326694,1734.415,34092,6178336681756796913,0x4045b6eb
Tloc,TR,4,408325,2019.991,85624,17911313430850491980,0x4045b6eb
Tloc,TR,4,928005,1714.815,26546,18052330429319518021,0x4045b6eb
Tloc,TR,4,636852,1837.588,55529,5263421960298999334,0x4045b6eb
Tloc,TR,4,565201,1821.509,55020,1083487900118558597,0x4045b6eb
Tloc,TR,4,416400,2031.879,99864,4627161598644415570,0x4045b6eb
Tloc,TR,4,671950,1745.557,34526,3906790770223921118,0x4045b6eb
Tloc,TR,4,100598,1666.509,16520,7519707194191851447,0x4045b6eb
Tloc,TR,4,130060,1599.179,1630,16341050249771213832,0x4045b6eb
Tloc,TR,4,763603,1709.765,28326,7765547626703341680,0x4045b6eb
Tloc,TR,4,229656,1614.776,4748,12978105345783971174,0x4045b6eb
Tloc,TR,4,854752,1680.721,23359,11314175193674743380,0x4045b6eb
Tloc,TR,4,717147,1736.572,33571,17654484060031277697,0x4045b6eb
Tloc,TR,4,253796,1715.682,30123,397093942929669397,0x4045b6eb
Tloc,TR,4,594298,1858.196,64848,54558512286213567,0x4045b6eb
Tloc,TR,4,802333,1801.52,50179,12508404084526316055,0x4045b6eb
Tloc,TR,4,907497,1587.891,1973,8642416598201994577,0x4045b6eb
Tloc,TR,4,970136,1743.287,33725,7988302812670344188,0x4045b6eb
Tloc,TR,4,472710,2040.155,104451,5332974391474537233,0x4045b6eb
Tloc,TR,4,311434,1680.483,21843,5560071556919351438,0x4045b6eb
Tloc,TR,4,152112,1630.774,8016,18073369201131578899,0x4045b6eb
Tloc,TR,4,262882,1590.573,894,17030507087432559371,0x4045b6eb
Tloc,TR,4,706522,1596.932,3206,906856256409348473,0x4045b6eb
Tloc,TR,4,832912,1644.457,8736,6901224723825475984,0x4045b6eb
Tloc,TR,4,303769,1626.12,8499,9676610793693571282,0x4045b6eb
Tloc,TR,4,223701,1676.903,22587,6268547439411066737,0x4045b6eb
Tloc,TR,4,809314,1631.775,9057,5959866871368886582,0x4045b6eb
Tloc,TR,4,831243,1622.206,4814,7245991066449506822,0x4045b6eb
Tloc,TR,4,831746,1610.871,3545,2412462267167369439,0x4045b6eb
Tloc,TR,4,314373,1746.044,32981,16271164207103510515,0x4045b6eb
Tloc,TR,4,810800,1607.524,4114,9740940424179714156,0x4045b6eb
Tloc,TR,4,211855,1595.843,2201,15444538623531718374,0x4045b6eb
Tloc,TR,4,533614,1781.797,37596,9202809573217392956,0x4045b6eb
Tloc,TR,4,335471,1654.331,14196,2356663788554777499,0x4045b6eb
Tloc,TR,4,566134,1797.627,50510,9396200096944940821,0x4045b6eb
Tloc,TR,4,738848,1884.05,69540,7078021629350180881,0x4045b6eb
Tloc,TR,4,359342,1722.929,30252,3769572393346065114,0x4045b6eb
Tloc,TR,4,965210,1677.824,15477,10082966086967326109,0x4045b6eb
Tloc,TR,4,928413,1698.793,25072,1434095313013881598,0x4045b6eb
Tloc,TR,4,998782,1576.42,420,13355101867325251020,0x4045b6eb
Tloc,TR,4,248373,1673.991,19860,13513491623323038442,0x4045b6eb
Tloc,TR,4,113110,1580.936,1447,17488057508794954912,0x4045b6eb
Tloc,TR,4,421120,2036.026,104580,16681590854562690524,0x4045b6eb
Tloc,TR,4,579626,1844.353,65062,12630084033061752913,0x4045b6eb
Tloc,TR,4,997466,1582.963,420,936702211722321276,0x4045b6eb
Tloc,TR,4,522760,1865.463,64875,4176781733176149301,0x4045b6eb
Tloc,TR,4,134930,1629.956,11236,17617763807025049175,0x4045b6eb
Tloc,TR,4,786964,1681.625,22700,1490022301502890249,0x4045b6eb
Tloc,TR,4,884325,1681.684,17664,16848486181290411707,0x4045b6eb
Tloc,TR,4,552447,1723.212,30238,17302694261755473009,0x4045b6eb
Tloc,TR,4,504571,1781.297,40242,16366124713385033638,0x4045b6eb
Tloc,TR,4,951244,1788.482,42177,7800041099661027862,0x4045b6eb
Tloc,TR,4,220807,1693.237,25826,16415712658888132602,0x4045b6eb
Tloc,TR,4,681257,1809.299,48977,2967794053658628679,0x4045b6eb
Tloc,TR,4,417658,2004.011,99455,14799740791080586593,0x4045b6eb
Tloc,TR,4,266352,1727.132,26046,3402112373147763721,0x4045b6eb
Tloc,TR,5,584510,1867.64,64877,16708980182621074994,0x4045b6eb
Tloc,TR,5,860467,1632.342,5488,15338227111260644004,0x4045b6eb
Tloc,TR,5,923923,1801.418,44117,6641262447034891772,0x4045b6eb
Tloc,TR,5,533409,1794.023,41129,11628735236070182155,0x4045b6eb
Tloc,TR,5,220435,1698.903,22408,4129135465157713200,0x4045b6eb
Tloc,TR,5,395173,1698.476,20524,4046782444875731312,0x4045b6eb
Tloc,TR,5,125555,1627.8,4265,1657276709063435729,0x4045b6eb
Tloc,TR,5,37317,1604.718,727,6853640058333350852,0x4045b6eb
Tloc,TR,5,326694,1746.882,34092,6178336681756796913,0x4045b6eb
Tloc,TR,5,408325,2031.897,85624,17911313430850491980,0x4045b6eb
Tloc,TR,5,928005,1716.21,26546,18052330429319518021,0x4045b6eb
Tloc,TR,5,636852,1842.215,55529,5263421960298999334,0x4045b6eb
Tloc,TR,5,565201,1839.797,55020,1083487900118558597,0x4045b6eb
Tloc,TR,5,416400,2056.81,99864,4627161598644415570,0x4045b6eb
Tloc,TR,5,671950,1753.411,34526,3906790770223921118,0x4045b6eb
Tloc,TR,5,100598,1662.614,16520,7519707194191851447,0x4045b6eb
Tloc,TR,5,130060,1602.89,1630,16341050249771213832,0x4045b6eb
Tloc,TR,5,763603,1729.299,28326,7765547626703341680,0x4045b6eb
Tloc,TR,5,229656,1623.233,4748,12978105345783971174,0x4045b6eb
Tloc,TR,5,854752,1712.264,23359,11314175193674743380,0x4045b6eb
Tloc,TR,5,717147,1758.569,33571,17654484060031277697,0x4045b6eb
Tloc,TR,5,253796,1723.25,30123,397093942929669397,0x4045b6eb
Tloc,TR,5,594298,1874.441,64848,54558512286213567,0x4045b6eb
Tloc,TR,5,802333,1811.644,50179,12508404084526316055,0x4045b6eb
Tloc,TR,5,907497,1611.443,1973,8642416598201994577,0x4045b6eb
Tloc,TR,5,970136,1740.063,33725,7988302812670344188,0x4045b6eb
Tloc,TR,5,472710,2050.81,104451,5332974391474537233,0x4045b6eb
Tloc,TR,5,311434,1681.55,21843,5560071556919351438,0x4045b6eb
Tloc,TR,5,152112,1644.085,8016,18073369201131578899,0x4045b6eb
Tloc,TR,5,262882,1616.755,894,17030507087432559371,0x4045b6eb
Tloc,TR,5,706522,1603.39,3206,906856256409348473,0x4045b6eb
Tloc,TR,5,832912,1663.569,8736,6901224723825475984,0x4045b6eb
Tloc,TR,5,303769,1631.991,8499,9676610793693571282,0x4045b6eb
Tloc,TR,5,223701,1702.639,22587,6268547439411066737,0x4045b6eb
Tloc,TR,5,809314,1636.079,9057,5959866871368886582,0x4045b6eb
Tloc,TR,5,831243,1620.63,4814,7245991066449506822,0x4045b6eb
Tloc,TR,5,831746,1656.964,3545,2412462267167369439,0x4045b6eb
Tloc,TR,5,314373,1832.206,32981,16271164207103510515,0x4045b6eb
Tloc,TR,5,810800,1615.466,4114,9740940424179714156,0x4045b6eb
Tloc,TR,5,211855,1622.623,2201,15444538623531718374,0x4045b6eb
Tloc,TR,5,533614,1785.083,37596,9202809573217392956,0x4045b6eb
Tloc,TR,5,335471,1666.928,14196,2356663788554777499,0x4045b6eb
Tloc,TR,5,566134,1824.881,50510,9396200096944940821,0x4045b6eb
Tloc,TR,5,738848,1894.725,69540,7078021629350180881,0x4045b6eb
Tloc,TR,5,359342,1743.344,30252,3769572393346065114,0x4045b6eb
Tloc,TR,5,965210,1684.489,15477,10082966086967326109,0x4045b6eb
Tloc,TR,5,928413,1717.98,25072,1434095313013881598,0x4045b6eb
Tloc,TR,5,998782,1599.921,420,13355101867325251020,0x4045b6eb
Tloc,TR,5,248373,1687.792,19860,13513491623323038442,0x4045b6eb
Tloc,TR,5,113110,1615.83,1447,17488057508794954912,0x4045b6eb
Tloc,TR,5,421120,2068.594,104580,16681590854562690524,0x4045b6eb
Tloc,TR,5,579626,1859.35,65062,12630084033061752913,0x4045b6eb
Tloc,TR,5,997466,1598.354,420,936702211722321276,0x4045b6eb
Tloc,TR,5,522760,1860.756,64875,4176781733176149301,0x4045b6eb
Tloc,TR,5,134930,1637.959,11236,17617763807025049175,0x4045b6eb
Tloc,TR,5,786964,1708.803,22700,1490022301502890249,0x4045b6eb
Tloc,TR,5,884325,1684.064,17664,16848486181290411707,0x4045b6eb
Tloc,TR,5,552447,1742.828,30238,17302694261755473009,0x4045b6eb
Tloc,TR,5,504571,1788.908,40242,16366124713385033638,0x4045b6eb
Tloc,TR,5,951244,1794.206,42177,7800041099661027862,0x4045b6eb
Tloc,TR,5,220807,1704.898,25826,16415712658888132602,0x4045b6eb
Tloc,TR,5,681257,1825.979,48977,2967794053658628679,0x4045b6eb
Tloc,TR,5,417658,2024.893,99455,14799740791080586593,0x4045b6eb
Tloc,TR,5,266352,1704.612,26046,3402112373147763721,0x4045b6eb
Tloc,TR,6,584510,1858.458,64877,16708980182621074994,0x4045b6eb
Tloc,TR,6,860467,1602.335,5488,15338227111260644004,0x4045b6eb
Tloc,TR,6,923923,1768.824,44117,6641262447034891772,0x4045b6eb
Tloc,TR,6,533409,1770.302,41129,11628735236070182155,0x4045b6eb
Tloc,TR,6,220435,1673.331,22408,4129135465157713200,0x4045b6eb
Tloc,TR,6,395173,1691.862,20524,4046782444875731312,0x4045b6eb
Tloc,TR,6,125555,1609.168,4265,1657276709063435729,0x4045b6eb
Tloc,TR,6,37317,1589.844,727,6853640058333350852,0x4045b6eb
Tloc,TR,6,326694,1738.177,34092,6178336681756796913,0x4045b6eb
Tloc,TR,6,408325,2014.762,85624,17911313430850491980,0x4045b6eb
Tloc,TR,6,928005,1722.758,26546,18052330429319518021,0x4045b6eb
Tloc,TR,6,636852,1830.954,55529,5263421960298999334,0x4045b6eb
Tloc,TR,6,565201,1807.816,55020,1083487900118558597,0x4045b6eb
Tloc,TR,6,416400,2040.206,99864,4627161598644415570,0x4045b6eb
Tloc,TR,6,671950,1748.208,34526,3906790770223921118,0x4045b6eb
Tloc,TR,6,100598,1663.741,16520,7519707194191851447,0x4045b6eb
Tloc,TR,6,130060,1590.282,1630,16341050249771213832,0x4045b6eb
Tloc,TR,6,763603,1699.281,28326,7765547626703341680,0x4045b6eb
Tloc,TR,6,229656,1596.203,4748,12978105345783971174,0x4045b6eb
Tloc,TR,6,854752,1684.166,23359,11314175193674743380,0x4045b6eb
Tloc,TR,6,717147,1743.25,33571,17654484060031277697,0x4045b6eb
Tloc,TR,6,253796,1724.292,30123,397093942929669397,0x4045b6eb
Tloc,TR,6,594298,1851.101,64848,54558512286213567,0x4045b6eb
Tloc,TR,6,802333,1798.288,50179,12508404084526316055,0x4045b6eb
Tloc,TR,6,907497,1598.057,1973,8642416598201994577,0x4045b6eb
Tloc,TR,6,970136,1745.788,33725,7988302812670344188,0x4045b6eb
Tloc,TR,6,472710,2035.762,104451,5332974391474537233,0x4045b6eb
Tloc,TR,6,311434,1687.834,21843,5560071556919351438,0x4045b6eb
Tloc,TR,6,152112,1620.685,8016,18073369201131578899,0x4045b6eb
Tloc,TR,6,262882,1585.755,894,17030507087432559371,0x4045b6eb
Tloc,TR,6,706522,1603.911,3206,906856256409348473,0x4045b6eb
Tloc,TR,6,832912,1638.759,8736,6901224723825475984,0x4045b6eb
Tloc,TR,6,303769,1645.017,8499,9676610793693571282,0x4045b6eb
Tloc,TR,6,223701,1690.274,22587,6268547439411066737,0x4045b6eb
Tloc,TR,6,809314,1637.569,9057,5959866871368886582,0x4045b6eb
Tloc,TR,6,831243,1616.281,4814,7245991066449506822,0x4045b6eb
Tloc,TR,6,831746,1601.581,3545,2412462267167369439,0x4045b6eb
Tloc,TR,6,314373,1737.745,32981,16271164207103510515,0x4045b6eb
Tloc,TR,6,810800,1600.438,4114,9740940424179714156,0x4045b6eb
Tloc,TR,6,211855,1612.196,2201,15444538623531718374,0x4045b6eb
Tloc,TR,6,533614,1763.42,37596,9202809573217392956,0x4045b6eb
Tloc,TR,6,335471,1638.358,14196,2356663788554777499,0x4045b6eb
Tloc,TR,6,566134,1808.502,50510,9396200096944940821,0x4045b6eb
Tloc,TR,6,738848,1884.957,69540,7078021629350180881,0x4045b6eb
Tloc,TR,6,359342,1715.704,30252,3769572393346065114,0x4045b6eb
Tloc,TR,6,965210,1672.524,15477,10082966086967326109,0x4045b6eb
Tloc,TR,6,928413,1697.399,25072,1434095313013881598,0x4045b6eb
Tloc,TR,6,998782,1583.424,420,13355101867325251020,0x4045b6eb
Tloc,TR,6,248373,1669.526,19860,13513491623323038442,0x4045b6eb
Tloc,TR,6,113110,1596.157,1447,17488057508794954912,0x4045b6eb
Tloc,TR,6,421120,2026.076,104580,16681590854562690524,0x4045b6eb
Tloc,TR,6,579626,1827.763,65062,12630084033061752913,0x4045b6eb
Tloc,TR,6,997466,1584.691,420,936702211722321276,0x4045b6eb
Tloc,TR,6,522760,1844.795,64875,4176781733176149301,0x4045b6eb
Tloc,TR,6,134930,1638.366,11236,17617763807025049175,0x4045b6eb
Tloc,TR,6,786964,1678.762,22700,1490022301502890249,0x4045b6eb
Tloc,TR,6,884325,1672.218,17664,16848486181290411707,0x4045b6eb
Tloc,TR,6,552447,1726.464,30238,17302694261755473009,0x4045b6eb
Tloc,TR,6,504571,1766.996,40242,16366124713385033638,0x4045b6eb
Tloc,TR,6,951244,1771.714,42177,7800041099661027862,0x4045b6eb
Tloc,TR,6,220807,1699.584,25826,16415712658888132602,0x4045b6eb
Tloc,TR,6,681257,1806.975,48977,2967794053658628679,0x4045b6eb
Tloc,TR,6,417658,2021.578,99455,14799740791080586593,0x4045b6eb
Tloc,TR,6,266352,1693.768,26046,3402112373147763721,0x4045b6eb
Tloc,TF,1,584510,1861.923,64877,16708980182621074994,0x4045b6eb
Tloc,TF,1,860467,1639.844,5488,15338227111260644004,0x4045b6eb
Tloc,TF,1,923923,1813.563,44117,6641262447034891772,0x4045b6eb
Tloc,TF,1,533409,1794.56,41129,11628735236070182155,0x4045b6eb
Tloc,TF,1,220435,1697.766,22408,4129135465157713200,0x4045b6eb
Tloc,TF,1,395173,1685.599,20524,4046782444875731312,0x4045b6eb
Tloc,TF,1,125555,1612.533,4265,1657276709063435729,0x4045b6eb
Tloc,TF,1,37317,1598.886,727,6853640058333350852,0x4045b6eb
Tloc,TF,1,326694,1759.106,34092,6178336681756796913,0x4045b6eb
Tloc,TF,1,408325,2045.645,85624,17911313430850491980,0x4045b6eb
Tloc,TF,1,928005,1713.779,26546,18052330429319518021,0x4045b6eb
Tloc,TF,1,636852,1840.682,55529,5263421960298999334,0x4045b6eb
Tloc,TF,1,565201,1852.551,55020,1083487900118558597,0x4045b6eb
Tloc,TF,1,416400,2064.495,99864,4627161598644415570,0x4045b6eb
Tloc,TF,1,671950,1762.515,34526,3906790770223921118,0x4045b6eb
Tloc,TF,1,100598,1663.185,16520,7519707194191851447,0x4045b6eb
Tloc,TF,1,130060,1595.249,1630,16341050249771213832,0x4045b6eb
Tloc,TF,1,763603,1720.805,28326,7765547626703341680,0x4045b6eb
Tloc,TF,1,229656,1621.526,4748,12978105345783971174,0x4045b6eb
Tloc,TF,1,854752,1695.244,23359,11314175193674743380,0x4045b6eb
Tloc,TF,1,717147,1752.805,33571,17654484060031277697,0x4045b6eb
Tloc,TF,1,253796,1732.553,30123,397093942929669397,0x4045b6eb
Tloc,TF,1,594298,1874.594,64848,54558512286213567,0x4045b6eb
Tloc,TF,1,802333,1817.193,50179,12508404084526316055,0x4045b6eb
Tloc,TF,1,907497,1602.93,1973,8642416598201994577,0x4045b6eb
Tloc,TF,1,970136,1740.535,33725,7988302812670344188,0x4045b6eb
Tloc,TF,1,472710,2058.841,104451,5332974391474537233,0x4045b6eb
Tloc,TF,1,311434,1697.786,21843,5560071556919351438,0x4045b6eb
Tloc,TF,1,152112,1643.063,8016,18073369201131578899,0x4045b6eb
Tloc,TF,1,262882,1577.674,894,17030507087432559371,0x4045b6eb
Tloc,TF,1,706522,1606.684,3206,906856256409348473,0x4045b6eb
Tloc,TF,1,832912,1640.066,8736,6901224723825475984,0x4045b6eb
Tloc,TF,1,303769,1622.521,8499,9676610793693571282,0x4045b6eb
Tloc,TF,1,223701,1695.91,22587,6268547439411066737,0x4045b6eb
Tloc,TF,1,809314,1632.945,9057,5959866871368886582,0x4045b6eb
Tloc,TF,1,831243,1626.891,4814,7245991066449506822,0x4045b6eb
Tloc,TF,1,831746,1602.035,3545,2412462267167369439,0x4045b6eb
Tloc,TF,1,314373,1740.936,32981,16271164207103510515,0x4045b6eb
Tloc,TF,1,810800,1623.282,4114,9740940424179714156,0x4045b6eb
Tloc,TF,1,211855,1602.079,2201,15444538623531718374,0x4045b6eb
Tloc,TF,1,533614,1773.007,37596,9202809573217392956,0x4045b6eb
Tloc,TF,1,335471,1656.388,14196,2356663788554777499,0x4045b6eb
Tloc,TF,1,566134,1817.238,50510,9396200096944940821,0x4045b6eb
Tloc,TF,1,738848,1896.687,69540,7078021629350180881,0x4045b6eb
Tloc,TF,1,359342,1727.207,30252,3769572393346065114,0x4045b6eb
Tloc,TF,1,965210,1661.291,15477,10082966086967326109,0x4045b6eb
Tloc,TF,1,928413,1707.586,25072,1434095313013881598,0x4045b6eb
Tloc,TF,1,998782,1586.132,420,13355101867325251020,0x4045b6eb
Tloc,TF,1,248373,1676.608,19860,13513491623323038442,0x4045b6eb
Tloc,TF,1,113110,1598.807,1447,17488057508794954912,0x4045b6eb
Tloc,TF,1,421120,2058.188,104580,16681590854562690524,0x4045b6eb
Tloc,TF,1,579626,1850.963,65062,12630084033061752913,0x4045b6eb
Tloc,TF,1,997466,1587.722,420,936702211722321276,0x4045b6eb
Tloc,TF,1,522760,1870.028,64875,4176781733176149301,0x4045b6eb
Tloc,TF,1,134930,1657.821,11236,17617763807025049175,0x4045b6eb
Tloc,TF,1,786964,1690.362,22700,1490022301502890249,0x4045b6eb
Tloc,TF,1,884325,1682.748,17664,16848486181290411707,0x4045b6eb
Tloc,TF,1,552447,1748.93,30238,17302694261755473009,0x4045b6eb
Tloc,TF,1,504571,1778.688,40242,16366124713385033638,0x4045b6eb
Tloc,TF,1,951244,1786.331,42177,7800041099661027862,0x4045b6eb
Tloc,TF,1,220807,1715.355,25826,16415712658888132602,0x4045b6eb
Tloc,TF,1,681257,1809.491,48977,2967794053658628679,0x4045b6eb
Tloc,TF,1,417658,2026.332,99455,14799740791080586593,0x4045b6eb
Tloc,TF,1,266352,1701.647,26046,3402112373147763721,0x4045b6eb
Tloc,TF,2,584510,1866.521,64877,16708980182621074994,0x4045b6eb
Tloc,TF,2,860467,1610.208,5488,15338227111260644004,0x4045b6eb
Tloc,TF,2,923923,1817.308,44117,6641262447034891772,0x4045b6eb
Tloc,TF,2,533409,1804.498,41129,11628735236070182155,0x4045b6eb
Tloc,TF,2,220435,1698.177,22408,4129135465157713200,0x4045b6eb
Tloc,TF,2,395173,1682.825,20524,4046782444875731312,0x4045b6eb
Tloc,TF,2,125555,1620.688,4265,1657276709063435729,0x4045b6eb
Tloc,TF,2,37317,1601.452,727,6853640058333350852,0x4045b6eb
Tloc,TF,2,326694,1744.398,34092,6178336681756796913,0x4045b6eb
Tloc,TF,2,408325,2037.524,85624,17911313430850491980,0x4045b6eb
Tloc,TF,2,928005,1722.522,26546,18052330429319518021,0x4045b6eb
Tloc,TF,2,636852,1855.53,55529,5263421960298999334,0x4045b6eb
Tloc,TF,2,565201,1843.671,55020,1083487900118558597,0x4045b6eb
Tloc,TF,2,416400,2067.192,99864,4627161598644415570,0x4045b6eb
Tloc,TF,2,671950,1762.085,34526,3906790770223921118,0x4045b6eb
Tloc,TF,2,100598,1665.369,16520,7519707194191851447,0x4045b6eb
Tloc,TF,2,130060,1608.748,1630,16341050249771213832,0x4045b6eb
Tloc,TF,2,763603,1709.764,28326,7765547626703341680,0x4045b6eb
Tloc,TF,2,229656,1625.759,4748,12978105345783971174,0x4045b6eb
Tloc,TF,2,854752,1698.196,23359,11314175193674743380,0x4045b6eb
Tloc,TF,2,717147,1750.925,33571,17654484060031277697,0x4045b6eb
Tloc,TF,2,253796,1733.336,30123,397093942929669397,0x4045b6eb
Tloc,TF,2,594298,1876.96,64848,54558512286213567,0x4045b6eb
Tloc,TF,2,802333,1826.643,50179,12508404084526316055,0x4045b6eb
Tloc,TF,2,907497,1613.183,1973,8642416598201994577,0x4045b6eb
Tloc,TF,2,970136,1758.109,33725,7988302812670344188,0x4045b6eb
Tloc,TF,2,472710,2065.37,104451,5332974391474537233,0x4045b6eb
Tloc,TF,2,311434,1676.76,21843,5560071556919351438,0x4045b6eb
Tloc,TF,2,152112,1647.022,8016,18073369201131578899,0x4045b6eb
Tloc,TF,2,262882,1609.632,894,17030507087432559371,0x4045b6eb
Tloc,TF,2,706522,1601.12,3206,906856256409348473,0x4045b6eb
Tloc,TF,2,832912,1632.706,8736,6901224723825475984,0x4045b6eb
Tloc,TF,2,303769,1635.603,8499,9676610793693571282,0x4045b6eb
Tloc,TF,2,223701,1715.458,22587,6268547439411066737,0x4045b6eb
Tloc,TF,2,809314,1642.348,9057,5959866871368886582,0x4045b6eb
Tloc,TF,2,831243,1615.995,4814,7245991066449506822,0x4045b6eb
Tloc,TF,2,831746,1614.27,3545,2412462267167369439,0x4045b6eb
Tloc,TF,2,314373,1754.626,32981,16271164207103510515,0x4045b6eb
Tloc,TF,2,810800,1616.946,4114,9740940424179714156,0x4045b6eb
Tloc,TF,2,211855,1606.204,2201,15444538623531718374,0x4045b6eb
Tloc,TF,2,533614,1771.245,37596,9202809573217392956,0x4045b6eb
Tloc,TF,2,335471,1665.615,14196,2356663788554777499,0x4045b6eb
Tloc,TF,2,566134,1812.972,50510,9396200096944940821,0x4045b6eb
Tloc,TF,2,738848,1906.44,69540,7078021629350180881,0x4045b6eb
Tloc,TF,2,359342,1737.889,30252,3769572393346065114,0x4045b6eb
Tloc,TF,2,965210,1682.458,15477,10082966086967326109,0x4045b6eb
Tloc,TF,2,928413,1710.375,25072,1434095313013881598,0x4045b6eb
Tloc,TF,2,998782,1591.507,420,13355101867325251020,0x4045b6eb
Tloc,TF,2,248373,1685.156,19860,13513491623323038442,0x4045b6eb
Tloc,TF,2,113110,1663.206,1447,17488057508794954912,0x4045b6eb
Tloc,TF,2,421120,2061.868,104580,16681590854562690524,0x4045b6eb
Tloc,TF,2,579626,1870.919,65062,12630084033061752913,0x4045b6eb
Tloc,TF,2,997466,1571.533,420,936702211722321276,0x4045b6eb
Tloc,TF,2,522760,1872.168,64875,4176781733176149301,0x4045b6eb
Tloc,TF,2,134930,1641.633,11236,17617763807025049175,0x4045b6eb
Tloc,TF,2,786964,1707.779,22700,1490022301502890249,0x4045b6eb
Tloc,TF,2,884325,1692.223,17664,16848486181290411707,0x4045b6eb
Tloc,TF,2,552447,1744.227,30238,17302694261755473009,0x4045b6eb
Tloc,TF,2,504571,1792.793,40242,16366124713385033638,0x4045b6eb
Tloc,TF,2,951244,1794.874,42177,7800041099661027862,0x4045b6eb
Tloc,TF,2,220807,1703.397,25826,16415712658888132602,0x4045b6eb
Tloc,TF,2,681257,1831.339,48977,2967794053658628679,0x4045b6eb
Tloc,TF,2,417658,2019.303,99455,14799740791080586593,0x4045b6eb
Tloc,TF,2,266352,1696.509,26046,3402112373147763721,0x4045b6eb
Tloc,TF,3,584510,1877.569,64877,16708980182621074994,0x4045b6eb
Tloc,TF,3,860467,1619.73,5488,15338227111260644004,0x4045b6eb
Tloc,TF,3,923923,1811.201,44117,6641262447034891772,0x4045b6eb
Tloc,TF,3,533409,1784.759,41129,11628735236070182155,0x4045b6eb
Tloc,TF,3,220435,1696.323,22408,4129135465157713200,0x4045b6eb
Tloc,TF,3,395173,1688.174,20524,4046782444875731312,0x4045b6eb
Tloc,TF,3,125555,1607.518,4265,1657276709063435729,0x4045b6eb
Tloc,TF,3,37317,1605.832,727,6853640058333350852,0x4045b6eb
Tloc,TF,3,326694,1770.057,34092,6178336681756796913,0x4045b6eb
Tloc,TF,3,408325,2030.525,85624,17911313430850491980,0x4045b6eb
Tloc,TF,3,928005,1719.207,26546,18052330429319518021,0x4045b6eb
Tloc,TF,3,636852,1852.494,55529,5263421960298999334,0x4045b6eb
Tloc,TF,3,565201,1851.945,55020,1083487900118558597,0x4045b6eb
Tloc,TF,3,416400,2058.669,99864,4627161598644415570,0x4045b6eb
Tloc,TF,3,671950,1761.786,34526,3906790770223921118,0x4045b6eb
Tloc,TF,3,100598,1662.453,16520,7519707194191851447,0x4045b6eb
Tloc,TF,3,130060,1607.412,1630,16341050249771213832,0x4045b6eb
Tloc,TF,3,763603,1731.78,28326,7765547626703341680,0x4045b6eb
Tloc,TF,3,229656,1615.153,4748,12978105345783971174,0x4045b6eb
Tloc,TF,3,854752,1704.473,23359,11314175193674743380,0x4045b6eb
Tloc,TF,3,717147,1741.883,33571,17654484060031277697,0x4045b6eb
Tloc,TF,3,253796,1737.105,30123,397093942929669397,0x4045b6eb
Tloc,TF,3,594298,1859.851,64848,54558512286213567,0x4045b6eb
Tloc,TF,3,802333,1840.525,50179,12508404084526316055,0x4045b6eb
Tloc,TF,3,907497,1603.615,1973,8642416598201994577,0x4045b6eb
Tloc,TF,3,970136,1753.673,33725,7988302812670344188,0x4045b6eb
Tloc,TF,3,472710,2082.991,104451,5332974391474537233,0x4045b6eb
Tloc,TF,3,311434,1693.859,21843,5560071556919351438,0x4045b6eb
Tloc,TF,3,152112,1633.394,8016,18073369201131578899,0x4045b6eb
Tloc,TF,3,262882,1604.93,894,17030507087432559371,0x4045b6eb
Tloc,TF,3,706522,1604.199,3206,906856256409348473,0x4045b6eb
Tloc,TF,3,832912,1629.388,8736,6901224723825475984,0x4045b6eb
Tloc,TF,3,303769,1629.542,8499,9676610793693571282,0x4045b6eb
Tloc,TF,3,223701,1705.614,22587,6268547439411066737,0x4045b6eb
Tloc,TF,3,809314,1653.318,9057,5959866871368886582,0x4045b6eb
Tloc,TF,3,831243,1610.505,4814,7245991066449506822,0x4045b6eb
Tloc,TF,3,831746,1605.325,3545,2412462267167369439,0x4045b6eb
Tloc,TF,3,314373,1755.941,32981,16271164207103510515,0x4045b6eb
Tloc,TF,3,810800,1595.921,4114,9740940424179714156,0x4045b6eb
Tloc,TF,3,211855,1614.949,2201,15444538623531718374,0x4045b6eb
Tloc,TF,3,533614,1779.892,37596,9202809573217392956,0x4045b6eb
Tloc,TF,3,335471,1657.356,14196,2356663788554777499,0x4045b6eb
Tloc,TF,3,566134,1828.375,50510,9396200096944940821,0x4045b6eb
Tloc,TF,3,738848,1893.464,69540,7078021629350180881,0x4045b6eb
Tloc,TF,3,359342,1726.465,30252,3769572393346065114,0x4045b6eb
Tloc,TF,3,965210,1690.127,15477,10082966086967326109,0x4045b6eb
Tloc,TF,3,928413,1699.434,25072,1434095313013881598,0x4045b6eb
Tloc,TF,3,998782,1569.629,420,13355101867325251020,0x4045b6eb
Tloc,TF,3,248373,1694.817,19860,13513491623323038442,0x4045b6eb
Tloc,TF,3,113110,1591.803,1447,17488057508794954912,0x4045b6eb
Tloc,TF,3,421120,2064.942,104580,16681590854562690524,0x4045b6eb
Tloc,TF,3,579626,1853.924,65062,12630084033061752913,0x4045b6eb
Tloc,TF,3,997466,1583.071,420,936702211722321276,0x4045b6eb
Tloc,TF,3,522760,1886.586,64875,4176781733176149301,0x4045b6eb
Tloc,TF,3,134930,1644.846,11236,17617763807025049175,0x4045b6eb
Tloc,TF,3,786964,1691.437,22700,1490022301502890249,0x4045b6eb
Tloc,TF,3,884325,1681.549,17664,16848486181290411707,0x4045b6eb
Tloc,TF,3,552447,1754.275,30238,17302694261755473009,0x4045b6eb
Tloc,TF,3,504571,1782.651,40242,16366124713385033638,0x4045b6eb
Tloc,TF,3,951244,1787.248,42177,7800041099661027862,0x4045b6eb
Tloc,TF,3,220807,1696.301,25826,16415712658888132602,0x4045b6eb
Tloc,TF,3,681257,1818.314,48977,2967794053658628679,0x4045b6eb
Tloc,TF,3,417658,2014.791,99455,14799740791080586593,0x4045b6eb
Tloc,TF,3,266352,1782.768,26046,3402112373147763721,0x4045b6eb
Tloc,TF,4,584510,1861.259,64877,16708980182621074994,0x4045b6eb
Tloc,TF,4,860467,1630.548,5488,15338227111260644004,0x4045b6eb
Tloc,TF,4,923923,1805.687,44117,6641262447034891772,0x4045b6eb
Tloc,TF,4,533409,1796.519,41129,11628735236070182155,0x4045b6eb
Tloc,TF,4,220435,1692.856,22408,4129135465157713200,0x4045b6eb
Tloc,TF,4,395173,1706.525,20524,4046782444875731312,0x4045b6eb
Tloc,TF,4,125555,1622.064,4265,1657276709063435729,0x4045b6eb
Tloc,TF,4,37317,1588.208,727,6853640058333350852,0x4045b6eb
Tloc,TF,4,326694,1747.39,34092,6178336681756796913,0x4045b6eb
Tloc,TF,4,408325,2024.788,85624,17911313430850491980,0x4045b6eb
Tloc,TF,4,928005,1718.976,26546,18052330429319518021,0x4045b6eb
Tloc,TF,4,636852,1846.903,55529,5263421960298999334,0x4045b6eb
Tloc,TF,4,565201,1853.671,55020,1083487900118558597,0x4045b6eb
Tloc,TF,4,416400,2072.189,99864,4627161598644415570,0x4045b6eb
Tloc,TF,4,671950,1762.473,34526,3906790770223921118,0x4045b6eb
Tloc,TF,4,100598,1674.043,16520,7519707194191851447,0x4045b6eb
Tloc,TF,4,130060,1595.611,1630,16341050249771213832,0x4045b6eb
Tloc,TF,4,763603,1747.704,28326,7765547626703341680,0x4045b6eb
Tloc,TF,4,229656,1615.038,4748,12978105345783971174,0x4045b6eb
Tloc,TF,4,854752,1701.627,23359,11314175193674743380,0x4045b6eb
Tloc,TF,4,717147,1748.407,33571,17654484060031277697,0x4045b6eb
Tloc,TF,4,253796,1728.175,30123,397093942929669397,0x4045b6eb
Tloc,TF,4,594298,1872.355,64848,54558512286213567,0x4045b6eb
Tloc,TF,4,802333,1825.158,50179,12508404084526316055,0x4045b6eb
Tloc,TF,4,907497,1593.571,1973,8642416598201994577,0x4045b6eb
Tloc,TF,4,970136,1743.597,33725,7988302812670344188,0x4045b6eb
Tloc,TF,4,472710,2070.727,104451,5332974391474537233,0x4045b6eb
Tloc,TF,4,311434,1705.326,21843,5560071556919351438,0x4045b6eb
Tloc,TF,4,152112,1653.949,8016,18073369201131578899,0x4045b6eb
Tloc,TF,4,262882,1598.598,894,17030507087432559371,0x4045b6eb
Tloc,TF,4,706522,1604.607,3206,906856256409348473,0x4045b6eb
Tloc,TF,4,832912,1640.994,8736,6901224723825475984,0x4045b6eb
Tloc,TF,4,303769,1647.755,8499,9676610793693571282,0x4045b6eb
Tloc,TF,4,223701,1708.362,22587,6268547439411066737,0x4045b6eb
Tloc,TF,4,809314,1657.74,9057,5959866871368886582,0x4045b6eb
Tloc,TF,4,831243,1609.399,4814,7245991066449506822,0x4045b6eb
Tloc,TF,4,831746,1609.583,3545,2412462267167369439,0x4045b6eb
Tloc,TF,4,314373,1750.655,32981,16271164207103510515,0x4045b6eb
Tloc,TF,4,810800,1625.773,4114,9740940424179714156,0x4045b6eb
Tloc,TF,4,211855,1601.259,2201,15444538623531718374,0x4045b6eb
Tloc,TF,4,533614,1775.014,37596,9202809573217392956,0x4045b6eb
Tloc,TF,4,335471,1685.312,14196,2356663788554777499,0x4045b6eb
Tloc,TF,4,566134,1832.349,50510,9396200096944940821,0x4045b6eb
Tloc,TF,4,738848,1912.762,69540,7078021629350180881,0x4045b6eb
Tloc,TF,4,359342,1729.568,30252,3769572393346065114,0x4045b6eb
Tloc,TF,4,965210,1680.687,15477,10082966086967326109,0x4045b6eb
Tloc,TF,4,928413,1709.695,25072,1434095313013881598,0x4045b6eb
Tloc,TF,4,998782,1591.37,420,13355101867325251020,0x4045b6eb
Tloc,TF,4,248373,1684.332,19860,13513491623323038442,0x4045b6eb
Tloc,TF,4,113110,1600.086,1447,17488057508794954912,0x4045b6eb
Tloc,TF,4,421120,2091.886,104580,16681590854562690524,0x4045b6eb
Tloc,TF,4,579626,1858.753,65062,12630084033061752913,0x4045b6eb
Tloc,TF,4,997466,1580.514,420,936702211722321276,0x4045b6eb
Tloc,TF,4,522760,1878.594,64875,4176781733176149301,0x4045b6eb
Tloc,TF,4,134930,1631.96,11236,17617763807025049175,0x4045b6eb
Tloc,TF,4,786964,1700.461,22700,1490022301502890249,0x4045b6eb
Tloc,TF,4,884325,1683.622,17664,16848486181290411707,0x4045b6eb
Tloc,TF,4,552447,1751.74,30238,17302694261755473009,0x4045b6eb
Tloc,TF,4,504571,1803.386,40242,16366124713385033638,0x4045b6eb
Tloc,TF,4,951244,1788.284,42177,7800041099661027862,0x4045b6eb
Tloc,TF,4,220807,1709.889,25826,16415712658888132602,0x4045b6eb
Tloc,TF,4,681257,1831.676,48977,2967794053658628679,0x4045b6eb
Tloc,TF,4,417658,2029.908,99455,14799740791080586593,0x4045b6eb
Tloc,TF,4,266352,1716.61,26046,3402112373147763721,0x4045b6eb
Tloc,TF,5,584510,1883.885,64877,16708980182621074994,0x4045b6eb
Tloc,TF,5,860467,1641.001,5488,15338227111260644004,0x4045b6eb
Tloc,TF,5,923923,1808.291,44117,6641262447034891772,0x4045b6eb
Tloc,TF,5,533409,1803.168,41129,11628735236070182155,0x4045b6eb
Tloc,TF,5,220435,1720.784,22408,4129135465157713200,0x4045b6eb
Tloc,TF,5,395173,1695.547,20524,4046782444875731312,0x4045b6eb
Tloc,TF,5,125555,1617.653,4265,1657276709063435729,0x4045b6eb
Tloc,TF,5,37317,1597.633,727,6853640058333350852,0x4045b6eb
Tloc,TF,5,326694,1768.184,34092,6178336681756796913,0x4045b6eb
Tloc,TF,5,408325,2044.134,85624,17911313430850491980,0x4045b6eb
Tloc,TF,5,928005,1731.797,26546,18052330429319518021,0x4045b6eb
Tloc,TF,5,636852,1858.429,55529,5263421960298999334,0x4045b6eb
Tloc,TF,5,565201,1851.437,55020,1083487900118558597,0x4045b6eb
Tloc,TF,5,416400,2080.215,99864,4627161598644415570,0x4045b6eb
Tloc,TF,5,671950,1759.861,34526,3906790770223921118,0x4045b6eb
Tloc,TF,5,100598,1672.434,16520,7519707194191851447,0x4045b6eb
Tloc,TF,5,130060,1602.034,1630,16341050249771213832,0x4045b6eb
Tloc,TF,5,763603,1749.963,28326,7765547626703341680,0x4045b6eb
Tloc,TF,5,229656,1632.368,4748,12978105345783971174,0x4045b6eb
Tloc,TF,5,854752,1715.48,23359,11314175193674743380,0x4045b6eb
Tloc,TF,5,717147,1764.274,33571,17654484060031277697,0x4045b6eb
Tloc,TF,5,253796,1744.123,30123,397093942929669397,0x4045b6eb
Tloc,TF,5,594298,1890.474,64848,54558512286213567,0x4045b6eb
Tloc,TF,5,802333,1830.821,50179,12508404084526316055,0x4045b6eb
Tloc,TF,5,907497,1618.338,1973,8642416598201994577,0x4045b6eb
Tloc,TF,5,970136,1755.123,33725,7988302812670344188,0x4045b6eb
Tloc,TF,5,472710,2071.849,104451,5332974391474537233,0x4045b6eb
Tloc,TF,5,311434,1705.667,21843,5560071556919351438,0x4045b6eb
Tloc,TF,5,152112,1642.175,8016,18073369201131578899,0x4045b6eb
Tloc,TF,5,262882,1591.969,894,17030507087432559371,0x4045b6eb
Tloc,TF,5,706522,1618.754,3206,906856256409348473,0x4045b6eb
Tloc,TF,5,832912,1661.76,8736,6901224723825475984,0x4045b6eb
Tloc,TF,5,303769,1644.503,8499,9676610793693571282,0x4045b6eb
Tloc,TF,5,223701,1708.061,22587,6268547439411066737,0x4045b6eb
Tloc,TF,5,809314,1669.391,9057,5959866871368886582,0x4045b6eb
Tloc,TF,5,831243,1623.67,4814,7245991066449506822,0x4045b6eb
Tloc,TF,5,831746,1616.338,3545,2412462267167369439,0x4045b6eb
Tloc,TF,5,314373,1751.465,32981,16271164207103510515,0x4045b6eb
Tloc,TF,5,810800,1627.062,4114,9740940424179714156,0x4045b6eb
Tloc,TF,5,211855,1620.622,2201,15444538623531718374,0x4045b6eb
Tloc,TF,5,533614,1786.347,37596,9202809573217392956,0x4045b6eb
Tloc,TF,5,335471,1684.442,14196,2356663788554777499,0x4045b6eb
Tloc,TF,5,566134,1824.518,50510,9396200096944940821,0x4045b6eb
Tloc,TF,5,738848,1929.916,69540,7078021629350180881,0x4045b6eb
Tloc,TF,5,359342,1747.197,30252,3769572393346065114,0x4045b6eb
Tloc,TF,5,965210,1672.5,15477,10082966086967326109,0x4045b6eb
Tloc,TF,5,928413,1727.702,25072,1434095313013881598,0x4045b6eb
Tloc,TF,5,998782,1606.821,420,13355101867325251020,0x4045b6eb
Tloc,TF,5,248373,1682.1,19860,13513491623323038442,0x4045b6eb
Tloc,TF,5,113110,1596.968,1447,17488057508794954912,0x4045b6eb
Tloc,TF,5,421120,2073.39,104580,16681590854562690524,0x4045b6eb
Tloc,TF,5,579626,1863.093,65062,12630084033061752913,0x4045b6eb
Tloc,TF,5,997466,1597.484,420,936702211722321276,0x4045b6eb
Tloc,TF,5,522760,1891.414,64875,4176781733176149301,0x4045b6eb
Tloc,TF,5,134930,1644.409,11236,17617763807025049175,0x4045b6eb
Tloc,TF,5,786964,1703.269,22700,1490022301502890249,0x4045b6eb
Tloc,TF,5,884325,1692.314,17664,16848486181290411707,0x4045b6eb
Tloc,TF,5,552447,1758.943,30238,17302694261755473009,0x4045b6eb
Tloc,TF,5,504571,1797.277,40242,16366124713385033638,0x4045b6eb
Tloc,TF,5,951244,1798.932,42177,7800041099661027862,0x4045b6eb
Tloc,TF,5,220807,1713.145,25826,16415712658888132602,0x4045b6eb
Tloc,TF,5,681257,1832.633,48977,2967794053658628679,0x4045b6eb
Tloc,TF,5,417658,2035.447,99455,14799740791080586593,0x4045b6eb
Tloc,TF,5,266352,1721.589,26046,3402112373147763721,0x4045b6eb
Tloc,TF,6,584510,1874.073,64877,16708980182621074994,0x4045b6eb
Tloc,TF,6,860467,1637.229,5488,15338227111260644004,0x4045b6eb
Tloc,TF,6,923923,1805.872,44117,6641262447034891772,0x4045b6eb
Tloc,TF,6,533409,1808.858,41129,11628735236070182155,0x4045b6eb
Tloc,TF,6,220435,1696.804,22408,4129135465157713200,0x4045b6eb
Tloc,TF,6,395173,1689.879,20524,4046782444875731312,0x4045b6eb
Tloc,TF,6,125555,1624.356,4265,1657276709063435729,0x4045b6eb
Tloc,TF,6,37317,1607.498,727,6853640058333350852,0x4045b6eb
Tloc,TF,6,326694,1764.956,34092,6178336681756796913,0x4045b6eb
Tloc,TF,6,408325,2047.126,85624,17911313430850491980,0x4045b6eb
Tloc,TF,6,928005,1736.691,26546,18052330429319518021,0x4045b6eb
Tloc,TF,6,636852,1848.003,55529,5263421960298999334,0x4045b6eb
Tloc,TF,6,565201,1841.451,55020,1083487900118558597,0x4045b6eb
Tloc,TF,6,416400,2081.158,99864,4627161598644415570,0x4045b6eb
Tloc,TF,6,671950,1772.835,34526,3906790770223921118,0x4045b6eb
Tloc,TF,6,100598,1676.979,16520,7519707194191851447,0x4045b6eb
Tloc,TF,6,130060,1609.819,1630,16341050249771213832,0x4045b6eb
Tloc,TF,6,763603,1739.974,28326,7765547626703341680,0x4045b6eb
Tloc,TF,6,229656,1618.552,4748,12978105345783971174,0x4045b6eb
Tloc,TF,6,854752,1713.572,23359,11314175193674743380,0x4045b6eb
Tloc,TF,6,717147,1761.476,33571,17654484060031277697,0x4045b6eb
Tloc,TF,6,253796,1741.759,30123,397093942929669397,0x4045b6eb
Tloc,TF,6,594298,1875.609,64848,54558512286213567,0x4045b6eb
Tloc,TF,6,802333,1828.806,50179,12508404084526316055,0x4045b6eb
Tloc,TF,6,907497,1593.974,1973,8642416598201994577,0x4045b6eb
Tloc,TF,6,970136,1744.629,33725,7988302812670344188,0x4045b6eb
Tloc,TF,6,472710,2076.138,104451,5332974391474537233,0x4045b6eb
Tloc,TF,6,311434,1692.238,21843,5560071556919351438,0x4045b6eb
Tloc,TF,6,152112,1646.128,8016,18073369201131578899,0x4045b6eb
Tloc,TF,6,262882,1602.566,894,17030507087432559371,0x4045b6eb
Tloc,TF,6,706522,1610.401,3206,906856256409348473,0x4045b6eb
Tloc,TF,6,832912,1653.49,8736,6901224723825475984,0x4045b6eb
Tloc,TF,6,303769,1648.463,8499,9676610793693571282,0x4045b6eb
Tloc,TF,6,223701,1713.569,22587,6268547439411066737,0x4045b6eb
Tloc,TF,6,809314,1649.857,9057,5959866871368886582,0x4045b6eb
Tloc,TF,6,831243,1621.618,4814,7245991066449506822,0x4045b6eb
Tloc,TF,6,831746,1609.127,3545,2412462267167369439,0x4045b6eb
Tloc,TF,6,314373,1751.287,32981,16271164207103510515,0x4045b6eb
Tloc,TF,6,810800,1621.438,4114,9740940424179714156,0x4045b6eb
Tloc,TF,6,211855,1611.473,2201,15444538623531718374,0x4045b6eb
Tloc,TF,6,533614,1790.938,37596,9202809573217392956,0x4045b6eb
Tloc,TF,6,335471,1669.697,14196,2356663788554777499,0x4045b6eb
Tloc,TF,6,566134,1814.172,50510,9396200096944940821,0x4045b6eb
Tloc,TF,6,738848,1903.954,69540,7078021629350180881,0x4045b6eb
Tloc,TF,6,359342,1745.314,30252,3769572393346065114,0x4045b6eb
Tloc,TF,6,965210,1666.189,15477,10082966086967326109,0x4045b6eb
Tloc,TF,6,928413,1723.723,25072,1434095313013881598,0x4045b6eb
Tloc,TF,6,998782,1591.38,420,13355101867325251020,0x4045b6eb
Tloc,TF,6,248373,1703.298,19860,13513491623323038442,0x4045b6eb
Tloc,TF,6,113110,1607.867,1447,17488057508794954912,0x4045b6eb
Tloc,TF,6,421120,2086.862,104580,16681590854562690524,0x4045b6eb
Tloc,TF,6,579626,1884.806,65062,12630084033061752913,0x4045b6eb
Tloc,TF,6,997466,1605.11,420,936702211722321276,0x4045b6eb
Tloc,TF,6,522760,1876.047,64875,4176781733176149301,0x4045b6eb
Tloc,TF,6,134930,1646.616,11236,17617763807025049175,0x4045b6eb
Tloc,TF,6,786964,1718.063,22700,1490022301502890249,0x4045b6eb
Tloc,TF,6,884325,1677.961,17664,16848486181290411707,0x4045b6eb
Tloc,TF,6,552447,1767.303,30238,17302694261755473009,0x4045b6eb
Tloc,TF,6,504571,1829.976,40242,16366124713385033638,0x4045b6eb
Tloc,TF,6,951244,1813.452,42177,7800041099661027862,0x4045b6eb
Tloc,TF,6,220807,1768.86,25826,16415712658888132602,0x4045b6eb
Tloc,TF,6,681257,1923.862,48977,2967794053658628679,0x4045b6eb
Tloc,TF,6,417658,2141.331,99455,14799740791080586593,0x4045b6eb
Tloc,TF,6,266352,1796.263,26046,3402112373147763721,0x4045b6eb
