dataset,radius_name,mode,query_id,dimension,candidate_objects,candidate_ratio,object_coordinate_evaluations,result_count,leaf_nodes,point_pairs,point_fast_rejected,point_ref_calls,point_abnormal,pivot_pairs,pivot_ref_calls,pivot_abnormal,pivot_coordinate_evaluations,total_coordinate_evaluations,logical_vector_read_bytes,valid_output_bytes,fixed_D2H_bytes
GIST,half,FR,584510,960,1000000,1.0,960000000,1,,1000000,0,1000000,0,0,0,0,0,960000000,7680000000,12,17777764
GIST,half,FR,860467,960,1000000,1.0,960000000,1,,1000000,0,1000000,0,0,0,0,0,960000000,7680000000,12,17777764
GIST,half,FR,923923,960,1000000,1.0,960000000,1,,1000000,0,1000000,0,0,0,0,0,960000000,7680000000,12,17777764
GIST,half,FR,533409,960,1000000,1.0,960000000,1,,1000000,0,1000000,0,0,0,0,0,960000000,7680000000,12,17777764
GIST,half,FR,220435,960,1000000,1.0,960000000,1,,1000000,0,1000000,0,0,0,0,0,960000000,7680000000,12,17777764
GIST,half,FR,395173,960,1000000,1.0,960000000,1,,1000000,0,1000000,0,0,0,0,0,960000000,7680000000,12,17777764
GIST,half,FR,125555,960,1000000,1.0,960000000,1,,1000000,0,1000000,0,0,0,0,0,960000000,7680000000,12,17777764
GIST,half,FR,37317,960,1000000,1.0,960000000,1,,1000000,0,1000000,0,0,0,0,0,960000000,7680000000,12,17777764
GIST,half,FR,326694,960,1000000,1.0,960000000,1,,1000000,0,1000000,0,0,0,0,0,960000000,7680000000,12,17777764
GIST,half,FR,408325,960,1000000,1.0,960000000,1,,1000000,0,1000000,0,0,0,0,0,960000000,7680000000,12,17777764
GIST,half,FR,928005,960,1000000,1.0,960000000,1,,1000000,0,1000000,0,0,0,0,0,960000000,7680000000,12,17777764
GIST,half,FR,636852,960,1000000,1.0,960000000,1,,1000000,0,1000000,0,0,0,0,0,960000000,7680000000,12,17777764
GIST,half,FR,565201,960,1000000,1.0,960000000,1,,1000000,0,1000000,0,0,0,0,0,960000000,7680000000,12,17777764
GIST,half,FR,416400,960,1000000,1.0,960000000,1,,1000000,0,1000000,0,0,0,0,0,960000000,7680000000,12,17777764
GIST,half,FR,671950,960,1000000,1.0,960000000,1,,1000000,0,1000000,0,0,0,0,0,960000000,7680000000,12,17777764
GIST,half,FR,100598,960,1000000,1.0,960000000,21756,,1000000,0,1000000,0,0,0,0,0,960000000,7680000000,174052,17777764
GIST,half,FR,130060,960,1000000,1.0,960000000,1,,1000000,0,1000000,0,0,0,0,0,960000000,7680000000,12,17777764
GIST,half,FR,763603,960,1000000,1.0,960000000,1,,1000000,0,1000000,0,0,0,0,0,960000000,7680000000,12,17777764
GIST,half,FR,229656,960,1000000,1.0,960000000,1,,1000000,0,1000000,0,0,0,0,0,960000000,7680000000,12,17777764
GIST,half,FR,854752,960,1000000,1.0,960000000,1,,1000000,0,1000000,0,0,0,0,0,960000000,7680000000,12,17777764
GIST,half,FR,717147,960,1000000,1.0,960000000,1,,1000000,0,1000000,0,0,0,0,0,960000000,7680000000,12,17777764
GIST,half,FR,253796,960,1000000,1.0,960000000,1,,1000000,0,1000000,0,0,0,0,0,960000000,7680000000,12,17777764
GIST,half,FR,594298,960,1000000,1.0,960000000,1,,1000000,0,1000000,0,0,0,0,0,960000000,7680000000,12,17777764
GIST,half,FR,802333,960,1000000,1.0,960000000,1,,1000000,0,1000000,0,0,0,0,0,960000000,7680000000,12,17777764
GIST,half,FR,907497,960,1000000,1.0,960000000,1,,1000000,0,1000000,0,0,0,0,0,960000000,7680000000,12,17777764
GIST,half,FR,970136,960,1000000,1.0,960000000,1,,1000000,0,1000000,0,0,0,0,0,960000000,7680000000,12,17777764
GIST,half,FR,472710,960,1000000,1.0,960000000,1,,1000000,0,1000000,0,0,0,0,0,960000000,7680000000,12,17777764
GIST,half,FR,311434,960,1000000,1.0,960000000,1,,1000000,0,1000000,0,0,0,0,0,960000000,7680000000,12,17777764
GIST,half,FR,152112,960,1000000,1.0,960000000,1,,1000000,0,1000000,0,0,0,0,0,960000000,7680000000,12,17777764
GIST,half,FR,262882,960,1000000,1.0,960000000,1,,1000000,0,1000000,0,0,0,0,0,960000000,7680000000,12,17777764
GIST,half,FR,706522,960,1000000,1.0,960000000,11192,,1000000,0,1000000,0,0,0,0,0,960000000,7680000000,89540,17777764
GIST,half,FR,832912,960,1000000,1.0,960000000,1,,1000000,0,1000000,0,0,0,0,0,960000000,7680000000,12,17777764
GIST,half,FR,303769,960,1000000,1.0,960000000,1,,1000000,0,1000000,0,0,0,0,0,960000000,7680000000,12,17777764
GIST,half,FR,223701,960,1000000,1.0,960000000,1,,1000000,0,1000000,0,0,0,0,0,960000000,7680000000,12,17777764
GIST,half,FR,809314,960,1000000,1.0,960000000,1,,1000000,0,1000000,0,0,0,0,0,960000000,7680000000,12,17777764
GIST,half,FR,831243,960,1000000,1.0,960000000,1,,1000000,0,1000000,0,0,0,0,0,960000000,7680000000,12,17777764
GIST,half,FR,831746,960,1000000,1.0,960000000,6,,1000000,0,1000000,0,0,0,0,0,960000000,7680000000,52,17777764
GIST,half,FR,314373,960,1000000,1.0,960000000,1,,1000000,0,1000000,0,0,0,0,0,960000000,7680000000,12,17777764
GIST,half,FR,810800,960,1000000,1.0,960000000,1,,1000000,0,1000000,0,0,0,0,0,960000000,7680000000,12,17777764
GIST,half,FR,211855,960,1000000,1.0,960000000,1,,1000000,0,1000000,0,0,0,0,0,960000000,7680000000,12,17777764
GIST,half,FR,533614,960,1000000,1.0,960000000,1,,1000000,0,1000000,0,0,0,0,0,960000000,7680000000,12,17777764
GIST,half,FR,335471,960,1000000,1.0,960000000,1,,1000000,0,1000000,0,0,0,0,0,960000000,7680000000,12,17777764
GIST,half,FR,566134,960,1000000,1.0,960000000,1,,1000000,0,1000000,0,0,0,0,0,960000000,7680000000,12,17777764
GIST,half,FR,738848,960,1000000,1.0,960000000,1,,1000000,0,1000000,0,0,0,0,0,960000000,7680000000,12,17777764
GIST,half,FR,359342,960,1000000,1.0,960000000,1,,1000000,0,1000000,0,0,0,0,0,960000000,7680000000,12,17777764
GIST,half,FR,965210,960,1000000,1.0,960000000,1,,1000000,0,1000000,0,0,0,0,0,960000000,7680000000,12,17777764
GIST,half,FR,928413,960,1000000,1.0,960000000,2,,1000000,0,1000000,0,0,0,0,0,960000000,7680000000,20,17777764
GIST,half,FR,998782,960,1000000,1.0,960000000,1,,1000000,0,1000000,0,0,0,0,0,960000000,7680000000,12,17777764
GIST,half,FR,248373,960,1000000,1.0,960000000,1,,1000000,0,1000000,0,0,0,0,0,960000000,7680000000,12,17777764
GIST,half,FR,113110,960,1000000,1.0,960000000,5,,1000000,0,1000000,0,0,0,0,0,960000000,7680000000,44,17777764
GIST,half,FR,421120,960,1000000,1.0,960000000,1,,1000000,0,1000000,0,0,0,0,0,960000000,7680000000,12,17777764
GIST,half,FR,579626,960,1000000,1.0,960000000,1,,1000000,0,1000000,0,0,0,0,0,960000000,7680000000,12,17777764
GIST,half,FR,997466,960,1000000,1.0,960000000,1479,,1000000,0,1000000,0,0,0,0,0,960000000,7680000000,11836,17777764
GIST,half,FR,522760,960,1000000,1.0,960000000,4,,1000000,0,1000000,0,0,0,0,0,960000000,7680000000,36,17777764
GIST,half,FR,134930,960,1000000,1.0,960000000,1,,1000000,0,1000000,0,0,0,0,0,960000000,7680000000,12,17777764
GIST,half,FR,786964,960,1000000,1.0,960000000,1,,1000000,0,1000000,0,0,0,0,0,960000000,7680000000,12,17777764
GIST,half,FR,884325,960,1000000,1.0,960000000,5,,1000000,0,1000000,0,0,0,0,0,960000000,7680000000,44,17777764
GIST,half,FR,552447,960,1000000,1.0,960000000,1,,1000000,0,1000000,0,0,0,0,0,960000000,7680000000,12,17777764
GIST,half,FR,504571,960,1000000,1.0,960000000,1,,1000000,0,1000000,0,0,0,0,0,960000000,7680000000,12,17777764
GIST,half,FR,951244,960,1000000,1.0,960000000,1,,1000000,0,1000000,0,0,0,0,0,960000000,7680000000,12,17777764
GIST,half,FR,220807,960,1000000,1.0,960000000,2,,1000000,0,1000000,0,0,0,0,0,960000000,7680000000,20,17777764
GIST,half,FR,681257,960,1000000,1.0,960000000,1,,1000000,0,1000000,0,0,0,0,0,960000000,7680000000,12,17777764
GIST,half,FR,417658,960,1000000,1.0,960000000,1,,1000000,0,1000000,0,0,0,0,0,960000000,7680000000,12,17777764
GIST,half,FR,266352,960,1000000,1.0,960000000,1,,1000000,0,1000000,0,0,0,0,0,960000000,7680000000,12,17777764
GIST,half,FF,584510,960,1000000,1.0,960000000,1,,1000000,999999,1,0,0,0,0,0,960000000,7680000000,12,17777764
GIST,half,FF,860467,960,1000000,1.0,960000000,1,,1000000,999999,1,0,0,0,0,0,960000000,7680000000,12,17777764
GIST,half,FF,923923,960,1000000,1.0,960000000,1,,1000000,999999,1,0,0,0,0,0,960000000,7680000000,12,17777764
GIST,half,FF,533409,960,1000000,1.0,960000000,1,,1000000,999999,1,0,0,0,0,0,960000000,7680000000,12,17777764
GIST,half,FF,220435,960,1000000,1.0,960000000,1,,1000000,999999,1,0,0,0,0,0,960000000,7680000000,12,17777764
GIST,half,FF,395173,960,1000000,1.0,960000000,1,,1000000,999999,1,0,0,0,0,0,960000000,7680000000,12,17777764
GIST,half,FF,125555,960,1000000,1.0,960000000,1,,1000000,999999,1,0,0,0,0,0,960000000,7680000000,12,17777764
GIST,half,FF,37317,960,1000000,1.0,960000000,1,,1000000,999999,1,0,0,0,0,0,960000000,7680000000,12,17777764
GIST,half,FF,326694,960,1000000,1.0,960000000,1,,1000000,999999,1,0,0,0,0,0,960000000,7680000000,12,17777764
GIST,half,FF,408325,960,1000000,1.0,960000000,1,,1000000,999999,1,0,0,0,0,0,960000000,7680000000,12,17777764
GIST,half,FF,928005,960,1000000,1.0,960000000,1,,1000000,999999,1,0,0,0,0,0,960000000,7680000000,12,17777764
GIST,half,FF,636852,960,1000000,1.0,960000000,1,,1000000,999999,1,0,0,0,0,0,960000000,7680000000,12,17777764
GIST,half,FF,565201,960,1000000,1.0,960000000,1,,1000000,999999,1,0,0,0,0,0,960000000,7680000000,12,17777764
GIST,half,FF,416400,960,1000000,1.0,960000000,1,,1000000,999999,1,0,0,0,0,0,960000000,7680000000,12,17777764
GIST,half,FF,671950,960,1000000,1.0,960000000,1,,1000000,999999,1,0,0,0,0,0,960000000,7680000000,12,17777764
GIST,half,FF,100598,960,1000000,1.0,960000000,21756,,1000000,978227,21773,0,0,0,0,0,960000000,7680000000,174052,17777764
GIST,half,FF,130060,960,1000000,1.0,960000000,1,,1000000,999999,1,0,0,0,0,0,960000000,7680000000,12,17777764
GIST,half,FF,763603,960,1000000,1.0,960000000,1,,1000000,999999,1,0,0,0,0,0,960000000,7680000000,12,17777764
GIST,half,FF,229656,960,1000000,1.0,960000000,1,,1000000,999999,1,0,0,0,0,0,960000000,7680000000,12,17777764
GIST,half,FF,854752,960,1000000,1.0,960000000,1,,1000000,999999,1,0,0,0,0,0,960000000,7680000000,12,17777764
GIST,half,FF,717147,960,1000000,1.0,960000000,1,,1000000,999999,1,0,0,0,0,0,960000000,7680000000,12,17777764
GIST,half,FF,253796,960,1000000,1.0,960000000,1,,1000000,999999,1,0,0,0,0,0,960000000,7680000000,12,17777764
GIST,half,FF,594298,960,1000000,1.0,960000000,1,,1000000,999999,1,0,0,0,0,0,960000000,7680000000,12,17777764
GIST,half,FF,802333,960,1000000,1.0,960000000,1,,1000000,999999,1,0,0,0,0,0,960000000,7680000000,12,17777764
GIST,half,FF,907497,960,1000000,1.0,960000000,1,,1000000,999999,1,0,0,0,0,0,960000000,7680000000,12,17777764
GIST,half,FF,970136,960,1000000,1.0,960000000,1,,1000000,999999,1,0,0,0,0,0,960000000,7680000000,12,17777764
GIST,half,FF,472710,960,1000000,1.0,960000000,1,,1000000,999999,1,0,0,0,0,0,960000000,7680000000,12,17777764
GIST,half,FF,311434,960,1000000,1.0,960000000,1,,1000000,999999,1,0,0,0,0,0,960000000,7680000000,12,17777764
GIST,half,FF,152112,960,1000000,1.0,960000000,1,,1000000,999999,1,0,0,0,0,0,960000000,7680000000,12,17777764
GIST,half,FF,262882,960,1000000,1.0,960000000,1,,1000000,999999,1,0,0,0,0,0,960000000,7680000000,12,17777764
GIST,half,FF,706522,960,1000000,1.0,960000000,11192,,1000000,988795,11205,0,0,0,0,0,960000000,7680000000,89540,17777764
GIST,half,FF,832912,960,1000000,1.0,960000000,1,,1000000,999999,1,0,0,0,0,0,960000000,7680000000,12,17777764
GIST,half,FF,303769,960,1000000,1.0,960000000,1,,1000000,999999,1,0,0,0,0,0,960000000,7680000000,12,17777764
GIST,half,FF,223701,960,1000000,1.0,960000000,1,,1000000,999999,1,0,0,0,0,0,960000000,7680000000,12,17777764
GIST,half,FF,809314,960,1000000,1.0,960000000,1,,1000000,999999,1,0,0,0,0,0,960000000,7680000000,12,17777764
GIST,half,FF,831243,960,1000000,1.0,960000000,1,,1000000,999999,1,0,0,0,0,0,960000000,7680000000,12,17777764
GIST,half,FF,831746,960,1000000,1.0,960000000,6,,1000000,999994,6,0,0,0,0,0,960000000,7680000000,52,17777764
GIST,half,FF,314373,960,1000000,1.0,960000000,1,,1000000,999999,1,0,0,0,0,0,960000000,7680000000,12,17777764
GIST,half,FF,810800,960,1000000,1.0,960000000,1,,1000000,999999,1,0,0,0,0,0,960000000,7680000000,12,17777764
GIST,half,FF,211855,960,1000000,1.0,960000000,1,,1000000,999999,1,0,0,0,0,0,960000000,7680000000,12,17777764
GIST,half,FF,533614,960,1000000,1.0,960000000,1,,1000000,999999,1,0,0,0,0,0,960000000,7680000000,12,17777764
GIST,half,FF,335471,960,1000000,1.0,960000000,1,,1000000,999999,1,0,0,0,0,0,960000000,7680000000,12,17777764
GIST,half,FF,566134,960,1000000,1.0,960000000,1,,1000000,999999,1,0,0,0,0,0,960000000,7680000000,12,17777764
GIST,half,FF,738848,960,1000000,1.0,960000000,1,,1000000,999999,1,0,0,0,0,0,960000000,7680000000,12,17777764
GIST,half,FF,359342,960,1000000,1.0,960000000,1,,1000000,999999,1,0,0,0,0,0,960000000,7680000000,12,17777764
GIST,half,FF,965210,960,1000000,1.0,960000000,1,,1000000,999999,1,0,0,0,0,0,960000000,7680000000,12,17777764
GIST,half,FF,928413,960,1000000,1.0,960000000,2,,1000000,999998,2,0,0,0,0,0,960000000,7680000000,20,17777764
GIST,half,FF,998782,960,1000000,1.0,960000000,1,,1000000,999999,1,0,0,0,0,0,960000000,7680000000,12,17777764
GIST,half,FF,248373,960,1000000,1.0,960000000,1,,1000000,999999,1,0,0,0,0,0,960000000,7680000000,12,17777764
GIST,half,FF,113110,960,1000000,1.0,960000000,5,,1000000,999995,5,0,0,0,0,0,960000000,7680000000,44,17777764
GIST,half,FF,421120,960,1000000,1.0,960000000,1,,1000000,999999,1,0,0,0,0,0,960000000,7680000000,12,17777764
GIST,half,FF,579626,960,1000000,1.0,960000000,1,,1000000,999999,1,0,0,0,0,0,960000000,7680000000,12,17777764
GIST,half,FF,997466,960,1000000,1.0,960000000,1479,,1000000,998518,1482,0,0,0,0,0,960000000,7680000000,11836,17777764
GIST,half,FF,522760,960,1000000,1.0,960000000,4,,1000000,999996,4,0,0,0,0,0,960000000,7680000000,36,17777764
GIST,half,FF,134930,960,1000000,1.0,960000000,1,,1000000,999999,1,0,0,0,0,0,960000000,7680000000,12,17777764
GIST,half,FF,786964,960,1000000,1.0,960000000,1,,1000000,999999,1,0,0,0,0,0,960000000,7680000000,12,17777764
GIST,half,FF,884325,960,1000000,1.0,960000000,5,,1000000,999995,5,0,0,0,0,0,960000000,7680000000,44,17777764
GIST,half,FF,552447,960,1000000,1.0,960000000,1,,1000000,999999,1,0,0,0,0,0,960000000,7680000000,12,17777764
GIST,half,FF,504571,960,1000000,1.0,960000000,1,,1000000,999999,1,0,0,0,0,0,960000000,7680000000,12,17777764
GIST,half,FF,951244,960,1000000,1.0,960000000,1,,1000000,999999,1,0,0,0,0,0,960000000,7680000000,12,17777764
GIST,half,FF,220807,960,1000000,1.0,960000000,2,,1000000,999998,2,0,0,0,0,0,960000000,7680000000,20,17777764
GIST,half,FF,681257,960,1000000,1.0,960000000,1,,1000000,999999,1,0,0,0,0,0,960000000,7680000000,12,17777764
GIST,half,FF,417658,960,1000000,1.0,960000000,1,,1000000,999999,1,0,0,0,0,0,960000000,7680000000,12,17777764
GIST,half,FF,266352,960,1000000,1.0,960000000,1,,1000000,999999,1,0,0,0,0,0,960000000,7680000000,12,17777764
GIST,half,CR4,584510,960,356400,0.3564,342144000,1,,356400,0,356400,0,5380,5380,0,5164800,347308800,2778470400,12,17777764
GIST,half,CR4,860467,960,881900,0.8819,846624000,1,,881900,0,881900,0,10080,10080,0,9676800,856300800,6850406400,12,17777764
GIST,half,CR4,923923,960,47700,0.0477,45792000,1,,47700,0,47700,0,840,840,0,806400,46598400,372787200,12,17777764
GIST,half,CR4,533409,960,887200,0.8872,851712000,1,,887200,0,887200,0,10210,10210,0,9801600,861513600,6892108800,12,17777764
GIST,half,CR4,220435,960,862100,0.8621,827616000,1,,862100,0,862100,0,9880,9880,0,9484800,837100800,6696806400,12,17777764
GIST,half,CR4,395173,960,859000,0.859,824640000,1,,859000,0,859000,0,9900,9900,0,9504000,834144000,6673152000,12,17777764
GIST,half,CR4,125555,960,828600,0.8286,795456000,1,,828600,0,828600,0,9450,9450,0,9072000,804528000,6436224000,12,17777764
GIST,half,CR4,37317,960,768700,0.7687,737952000,1,,768700,0,768700,0,9450,9450,0,9072000,747024000,5976192000,12,17777764
GIST,half,CR4,326694,960,670100,0.6701,643296000,1,,670100,0,670100,0,9010,9010,0,8649600,651945600,5215564800,12,17777764
GIST,half,CR4,408325,960,839900,0.8399,806304000,1,,839900,0,839900,0,10040,10040,0,9638400,815942400,6527539200,12,17777764
GIST,half,CR4,928005,960,845200,0.8452,811392000,1,,845200,0,845200,0,10070,10070,0,9667200,821059200,6568473600,12,17777764
GIST,half,CR4,636852,960,861900,0.8619,827424000,1,,861900,0,861900,0,9810,9810,0,9417600,836841600,6694732800,12,17777764
GIST,half,CR4,565201,960,892700,0.8927,856992000,1,,892700,0,892700,0,10340,10340,0,9926400,866918400,6935347200,12,17777764
GIST,half,CR4,416400,960,831300,0.8313,798048000,1,,831300,0,831300,0,9830,9830,0,9436800,807484800,6459878400,12,17777764
GIST,half,CR4,671950,960,104100,0.1041,99936000,1,,104100,0,104100,0,1940,1940,0,1862400,101798400,814387200,12,17777764
GIST,half,CR4,100598,960,818100,0.8181,785376000,21756,,818100,0,818100,0,9630,9630,0,9244800,794620800,6356966400,174052,17777764
GIST,half,CR4,130060,960,890600,0.8906,854976000,1,,890600,0,890600,0,10160,10160,0,9753600,864729600,6917836800,12,17777764
GIST,half,CR4,763603,960,859600,0.8596,825216000,1,,859600,0,859600,0,9830,9830,0,9436800,834652800,6677222400,12,17777764
GIST,half,CR4,229656,960,696800,0.6968,668928000,1,,696800,0,696800,0,9140,9140,0,8774400,677702400,5421619200,12,17777764
GIST,half,CR4,854752,960,841800,0.8418,808128000,1,,841800,0,841800,0,9950,9950,0,9552000,817680000,6541440000,12,17777764
GIST,half,CR4,717147,960,851600,0.8516,817536000,1,,851600,0,851600,0,10140,10140,0,9734400,827270400,6618163200,12,17777764
GIST,half,CR4,253796,960,87600,0.0876,84096000,1,,87600,0,87600,0,1380,1380,0,1324800,85420800,683366400,12,17777764
GIST,half,CR4,594298,960,412700,0.4127,396192000,1,,412700,0,412700,0,6110,6110,0,5865600,402057600,3216460800,12,17777764
GIST,half,CR4,802333,960,827000,0.827,793920000,1,,827000,0,827000,0,9420,9420,0,9043200,802963200,6423705600,12,17777764
GIST,half,CR4,907497,960,869600,0.8696,834816000,1,,869600,0,869600,0,9950,9950,0,9552000,844368000,6754944000,12,17777764
GIST,half,CR4,970136,960,873000,0.873,838080000,1,,873000,0,873000,0,10150,10150,0,9744000,847824000,6782592000,12,17777764
GIST,half,CR4,472710,960,37500,0.0375,36000000,1,,37500,0,37500,0,750,750,0,720000,36720000,293760000,12,17777764
GIST,half,CR4,311434,960,397200,0.3972,381312000,1,,397200,0,397200,0,6100,6100,0,5856000,387168000,3097344000,12,17777764
GIST,half,CR4,152112,960,25600,0.0256,24576000,1,,25600,0,25600,0,440,440,0,422400,24998400,199987200,12,17777764
GIST,half,CR4,262882,960,772700,0.7727,741792000,1,,772700,0,772700,0,9710,9710,0,9321600,751113600,6008908800,12,17777764
GIST,half,CR4,706522,960,788700,0.7887,757152000,11192,,788700,0,788700,0,9440,9440,0,9062400,766214400,6129715200,89540,17777764
GIST,half,CR4,832912,960,847600,0.8476,813696000,1,,847600,0,847600,0,9910,9910,0,9513600,823209600,6585676800,12,17777764
GIST,half,CR4,303769,960,884300,0.8843,848928000,1,,884300,0,884300,0,10210,10210,0,9801600,858729600,6869836800,12,17777764
GIST,half,CR4,223701,960,875200,0.8752,840192000,1,,875200,0,875200,0,10220,10220,0,9811200,850003200,6800025600,12,17777764
GIST,half,CR4,809314,960,817400,0.8174,784704000,1,,817400,0,817400,0,9810,9810,0,9417600,794121600,6352972800,12,17777764
GIST,half,CR4,831243,960,157900,0.1579,151584000,1,,157900,0,157900,0,2460,2460,0,2361600,153945600,1231564800,12,17777764
GIST,half,CR4,831746,960,871800,0.8718,836928000,6,,871800,0,871800,0,9980,9980,0,9580800,846508800,6772070400,52,17777764
GIST,half,CR4,314373,960,865500,0.8655,830880000,1,,865500,0,865500,0,9970,9970,0,9571200,840451200,6723609600,12,17777764
GIST,half,CR4,810800,960,878700,0.8787,843552000,1,,878700,0,878700,0,10140,10140,0,9734400,853286400,6826291200,12,17777764
GIST,half,CR4,211855,960,304100,0.3041,291936000,1,,304100,0,304100,0,4820,4820,0,4627200,296563200,2372505600,12,17777764
GIST,half,CR4,533614,960,881300,0.8813,846048000,1,,881300,0,881300,0,10110,10110,0,9705600,855753600,6846028800,12,17777764
GIST,half,CR4,335471,960,856800,0.8568,822528000,1,,856800,0,856800,0,9830,9830,0,9436800,831964800,6655718400,12,17777764
GIST,half,CR4,566134,960,823100,0.8231,790176000,1,,823100,0,823100,0,9390,9390,0,9014400,799190400,6393523200,12,17777764
GIST,half,CR4,738848,960,824300,0.8243,791328000,1,,824300,0,824300,0,9470,9470,0,9091200,800419200,6403353600,12,17777764
GIST,half,CR4,359342,960,632600,0.6326,607296000,1,,632600,0,632600,0,8580,8580,0,8236800,615532800,4924262400,12,17777764
GIST,half,CR4,965210,960,772700,0.7727,741792000,1,,772700,0,772700,0,9510,9510,0,9129600,750921600,6007372800,12,17777764
GIST,half,CR4,928413,960,883300,0.8833,847968000,2,,883300,0,883300,0,10080,10080,0,9676800,857644800,6861158400,20,17777764
GIST,half,CR4,998782,960,824700,0.8247,791712000,1,,824700,0,824700,0,9480,9480,0,9100800,800812800,6406502400,12,17777764
GIST,half,CR4,248373,960,753100,0.7531,722976000,1,,753100,0,753100,0,9330,9330,0,8956800,731932800,5855462400,12,17777764
GIST,half,CR4,113110,960,835700,0.8357,802272000,5,,835700,0,835700,0,9660,9660,0,9273600,811545600,6492364800,44,17777764
GIST,half,CR4,421120,960,533400,0.5334,512064000,1,,533400,0,533400,0,7400,7400,0,7104000,519168000,4153344000,12,17777764
GIST,half,CR4,579626,960,889800,0.8898,854208000,1,,889800,0,889800,0,10280,10280,0,9868800,864076800,6912614400,12,17777764
GIST,half,CR4,997466,960,767500,0.7675,736800000,1479,,767500,0,767500,0,9330,9330,0,8956800,745756800,5966054400,11836,17777764
GIST,half,CR4,522760,960,864500,0.8645,829920000,4,,864500,0,864500,0,9900,9900,0,9504000,839424000,6715392000,36,17777764
GIST,half,CR4,134930,960,437600,0.4376,420096000,1,,437600,0,437600,0,6700,6700,0,6432000,426528000,3412224000,12,17777764
GIST,half,CR4,786964,960,879400,0.8794,844224000,1,,879400,0,879400,0,10260,10260,0,9849600,854073600,6832588800,12,17777764
GIST,half,CR4,884325,960,846800,0.8468,812928000,5,,846800,0,846800,0,9780,9780,0,9388800,822316800,6578534400,44,17777764
GIST,half,CR4,552447,960,886400,0.8864,850944000,1,,886400,0,886400,0,10080,10080,0,9676800,860620800,6884966400,12,17777764
GIST,half,CR4,504571,960,695900,0.6959,668064000,1,,695900,0,695900,0,9060,9060,0,8697600,676761600,5414092800,12,17777764
GIST,half,CR4,951244,960,865700,0.8657,831072000,1,,865700,0,865700,0,10270,10270,0,9859200,840931200,6727449600,12,17777764
GIST,half,CR4,220807,960,886800,0.8868,851328000,2,,886800,0,886800,0,10220,10220,0,9811200,861139200,6889113600,20,17777764
GIST,half,CR4,681257,960,315900,0.3159,303264000,1,,315900,0,315900,0,4870,4870,0,4675200,307939200,2463513600,12,17777764
GIST,half,CR4,417658,960,426000,0.426,408960000,1,,426000,0,426000,0,5690,5690,0,5462400,414422400,3315379200,12,17777764
GIST,half,CR4,266352,960,833400,0.8334,800064000,1,,833400,0,833400,0,9850,9850,0,9456000,809520000,6476160000,12,17777764
GIST,half,CF4,584510,960,356500,0.3565,342240000,1,,356500,356499,1,0,5380,0,0,5164800,347404800,2779238400,12,17777764
GIST,half,CF4,860467,960,881900,0.8819,846624000,1,,881900,881899,1,0,10080,0,0,9676800,856300800,6850406400,12,17777764
GIST,half,CF4,923923,960,47800,0.0478,45888000,1,,47800,47799,1,0,840,0,0,806400,46694400,373555200,12,17777764
GIST,half,CF4,533409,960,887200,0.8872,851712000,1,,887200,887199,1,0,10210,0,0,9801600,861513600,6892108800,12,17777764
GIST,half,CF4,220435,960,862100,0.8621,827616000,1,,862100,862099,1,0,9880,0,0,9484800,837100800,6696806400,12,17777764
GIST,half,CF4,395173,960,859000,0.859,824640000,1,,859000,858999,1,0,9900,0,0,9504000,834144000,6673152000,12,17777764
GIST,half,CF4,125555,960,828600,0.8286,795456000,1,,828600,828599,1,0,9450,0,0,9072000,804528000,6436224000,12,17777764
GIST,half,CF4,37317,960,768700,0.7687,737952000,1,,768700,768699,1,0,9450,0,0,9072000,747024000,5976192000,12,17777764
GIST,half,CF4,326694,960,670100,0.6701,643296000,1,,670100,670099,1,0,9010,0,0,8649600,651945600,5215564800,12,17777764
GIST,half,CF4,408325,960,839900,0.8399,806304000,1,,839900,839899,1,0,10040,0,0,9638400,815942400,6527539200,12,17777764
GIST,half,CF4,928005,960,845200,0.8452,811392000,1,,845200,845199,1,0,10070,0,0,9667200,821059200,6568473600,12,17777764
GIST,half,CF4,636852,960,861900,0.8619,827424000,1,,861900,861899,1,0,9810,0,0,9417600,836841600,6694732800,12,17777764
GIST,half,CF4,565201,960,892700,0.8927,856992000,1,,892700,892699,1,0,10340,0,0,9926400,866918400,6935347200,12,17777764
GIST,half,CF4,416400,960,831400,0.8314,798144000,1,,831400,831399,1,0,9830,0,0,9436800,807580800,6460646400,12,17777764
GIST,half,CF4,671950,960,104100,0.1041,99936000,1,,104100,104099,1,0,1940,0,0,1862400,101798400,814387200,12,17777764
GIST,half,CF4,100598,960,818100,0.8181,785376000,21756,,818100,796327,21773,0,9630,0,0,9244800,794620800,6356966400,174052,17777764
GIST,half,CF4,130060,960,890600,0.8906,854976000,1,,890600,890599,1,0,10160,0,0,9753600,864729600,6917836800,12,17777764
GIST,half,CF4,763603,960,859600,0.8596,825216000,1,,859600,859599,1,0,9830,0,0,9436800,834652800,6677222400,12,17777764
GIST,half,CF4,229656,960,698200,0.6982,670272000,1,,698200,698199,1,0,9150,0,0,8784000,679056000,5432448000,12,17777764
GIST,half,CF4,854752,960,842000,0.842,808320000,1,,842000,841999,1,0,9950,0,0,9552000,817872000,6542976000,12,17777764
GIST,half,CF4,717147,960,851600,0.8516,817536000,1,,851600,851599,1,0,10140,0,0,9734400,827270400,6618163200,12,17777764
GIST,half,CF4,253796,960,87600,0.0876,84096000,1,,87600,87599,1,0,1380,0,0,1324800,85420800,683366400,12,17777764
GIST,half,CF4,594298,960,413000,0.413,396480000,1,,413000,412999,1,0,6110,0,0,5865600,402345600,3218764800,12,17777764
GIST,half,CF4,802333,960,827000,0.827,793920000,1,,827000,826999,1,0,9420,0,0,9043200,802963200,6423705600,12,17777764
GIST,half,CF4,907497,960,869600,0.8696,834816000,1,,869600,869599,1,0,9950,0,0,9552000,844368000,6754944000,12,17777764
GIST,half,CF4,970136,960,873000,0.873,838080000,1,,873000,872999,1,0,10150,0,0,9744000,847824000,6782592000,12,17777764
GIST,half,CF4,472710,960,37500,0.0375,36000000,1,,37500,37499,1,0,750,0,0,720000,36720000,293760000,12,17777764
GIST,half,CF4,311434,960,397900,0.3979,381984000,1,,397900,397899,1,0,6110,0,0,5865600,387849600,3102796800,12,17777764
GIST,half,CF4,152112,960,25600,0.0256,24576000,1,,25600,25599,1,0,440,0,0,422400,24998400,199987200,12,17777764
GIST,half,CF4,262882,960,772800,0.7728,741888000,1,,772800,772799,1,0,9710,0,0,9321600,751209600,6009676800,12,17777764
GIST,half,CF4,706522,960,788900,0.7889,757344000,11192,,788900,777695,11205,0,9440,0,0,9062400,766406400,6131251200,89540,17777764
GIST,half,CF4,832912,960,847700,0.8477,813792000,1,,847700,847699,1,0,9910,0,0,9513600,823305600,6586444800,12,17777764
GIST,half,CF4,303769,960,884400,0.8844,849024000,1,,884400,884399,1,0,10210,0,0,9801600,858825600,6870604800,12,17777764
GIST,half,CF4,223701,960,875200,0.8752,840192000,1,,875200,875199,1,0,10220,0,0,9811200,850003200,6800025600,12,17777764
GIST,half,CF4,809314,960,817700,0.8177,784992000,1,,817700,817699,1,0,9810,0,0,9417600,794409600,6355276800,12,17777764
GIST,half,CF4,831243,960,157900,0.1579,151584000,1,,157900,157899,1,0,2460,0,0,2361600,153945600,1231564800,12,17777764
GIST,half,CF4,831746,960,871800,0.8718,836928000,6,,871800,871794,6,0,9980,0,0,9580800,846508800,6772070400,52,17777764
GIST,half,CF4,314373,960,865500,0.8655,830880000,1,,865500,865499,1,0,9970,0,0,9571200,840451200,6723609600,12,17777764
GIST,half,CF4,810800,960,878800,0.8788,843648000,1,,878800,878799,1,0,10140,0,0,9734400,853382400,6827059200,12,17777764
GIST,half,CF4,211855,960,304100,0.3041,291936000,1,,304100,304099,1,0,4820,0,0,4627200,296563200,2372505600,12,17777764
GIST,half,CF4,533614,960,881300,0.8813,846048000,1,,881300,881299,1,0,10110,0,0,9705600,855753600,6846028800,12,17777764
GIST,half,CF4,335471,960,856800,0.8568,822528000,1,,856800,856799,1,0,9830,0,0,9436800,831964800,6655718400,12,17777764
GIST,half,CF4,566134,960,823100,0.8231,790176000,1,,823100,823099,1,0,9390,0,0,9014400,799190400,6393523200,12,17777764
GIST,half,CF4,738848,960,824300,0.8243,791328000,1,,824300,824299,1,0,9470,0,0,9091200,800419200,6403353600,12,17777764
GIST,half,CF4,359342,960,632800,0.6328,607488000,1,,632800,632799,1,0,8580,0,0,8236800,615724800,4925798400,12,17777764
GIST,half,CF4,965210,960,772800,0.7728,741888000,1,,772800,772799,1,0,9510,0,0,9129600,751017600,6008140800,12,17777764
GIST,half,CF4,928413,960,883300,0.8833,847968000,2,,883300,883298,2,0,10080,0,0,9676800,857644800,6861158400,20,17777764
GIST,half,CF4,998782,960,824700,0.8247,791712000,1,,824700,824699,1,0,9480,0,0,9100800,800812800,6406502400,12,17777764
GIST,half,CF4,248373,960,753400,0.7534,723264000,1,,753400,753399,1,0,9330,0,0,8956800,732220800,5857766400,12,17777764
GIST,half,CF4,113110,960,835700,0.8357,802272000,5,,835700,835695,5,0,9660,0,0,9273600,811545600,6492364800,44,17777764
GIST,half,CF4,421120,960,533400,0.5334,512064000,1,,533400,533399,1,0,7400,0,0,7104000,519168000,4153344000,12,17777764
GIST,half,CF4,579626,960,889800,0.8898,854208000,1,,889800,889799,1,0,10280,0,0,9868800,864076800,6912614400,12,17777764
GIST,half,CF4,997466,960,767700,0.7677,736992000,1479,,767700,766218,1482,0,9330,0,0,8956800,745948800,5967590400,11836,17777764
GIST,half,CF4,522760,960,864500,0.8645,829920000,4,,864500,864496,4,0,9900,0,0,9504000,839424000,6715392000,36,17777764
GIST,half,CF4,134930,960,437800,0.4378,420288000,1,,437800,437799,1,0,6700,0,0,6432000,426720000,3413760000,12,17777764
GIST,half,CF4,786964,960,879500,0.8795,844320000,1,,879500,879499,1,0,10260,0,0,9849600,854169600,6833356800,12,17777764
GIST,half,CF4,884325,960,846800,0.8468,812928000,5,,846800,846795,5,0,9780,0,0,9388800,822316800,6578534400,44,17777764
GIST,half,CF4,552447,960,886400,0.8864,850944000,1,,886400,886399,1,0,10080,0,0,9676800,860620800,6884966400,12,17777764
GIST,half,CF4,504571,960,696000,0.696,668160000,1,,696000,695999,1,0,9060,0,0,8697600,676857600,5414860800,12,17777764
GIST,half,CF4,951244,960,865700,0.8657,831072000,1,,865700,865699,1,0,10270,0,0,9859200,840931200,6727449600,12,17777764
GIST,half,CF4,220807,960,886900,0.8869,851424000,2,,886900,886898,2,0,10220,0,0,9811200,861235200,6889881600,20,17777764
GIST,half,CF4,681257,960,316000,0.316,303360000,1,,316000,315999,1,0,4870,0,0,4675200,308035200,2464281600,12,17777764
GIST,half,CF4,417658,960,426100,0.4261,409056000,1,,426100,426099,1,0,5690,0,0,5462400,414518400,3316147200,12,17777764
GIST,half,CF4,266352,960,833900,0.8339,800544000,1,,833900,833899,1,0,9860,0,0,9465600,810009600,6480076800,12,17777764
GIST,half,TR,584510,960,301480,0.30148,289420800,1,30148,301480,0,301480,0,41020,41020,0,39379200,328800000,2630400000,12,17777764
GIST,half,TR,860467,960,866400,0.8664,831744000,1,86640,866400,0,866400,0,98270,98270,0,94339200,926083200,7408665600,12,17777764
GIST,half,TR,923923,960,34620,0.03462,33235200,1,3462,34620,0,34620,0,5610,5610,0,5385600,38620800,308966400,12,17777764
GIST,half,TR,533409,960,870530,0.87053,835708800,1,87053,870530,0,870530,0,98930,98930,0,94972800,930681600,7445452800,12,17777764
GIST,half,TR,220435,960,853160,0.85316,819033600,1,85316,853160,0,853160,0,96090,96090,0,92246400,911280000,7290240000,12,17777764
GIST,half,TR,395173,960,845780,0.84578,811948800,1,84578,845780,0,845780,0,95800,95800,0,91968000,903916800,7231334400,12,17777764
GIST,half,TR,125555,960,812480,0.81248,779980800,1,81248,812480,0,812480,0,92310,92310,0,88617600,868598400,6948787200,12,17777764
GIST,half,TR,37317,960,715290,0.71529,686678400,1,71529,715290,0,715290,0,86320,86320,0,82867200,769545600,6156364800,12,17777764
GIST,half,TR,326694,960,588530,0.58853,564988800,1,58853,588530,0,588530,0,76020,76020,0,72979200,637968000,5103744000,12,17777764
GIST,half,TR,408325,960,799810,0.79981,767817600,1,79981,799810,0,799810,0,94030,94030,0,90268800,858086400,6864691200,12,17777764
GIST,half,TR,928005,960,796800,0.7968,764928000,1,79680,796800,0,796800,0,94590,94590,0,90806400,855734400,6845875200,12,17777764
GIST,half,TR,636852,960,849240,0.84924,815270400,1,84924,849240,0,849240,0,96000,96000,0,92160000,907430400,7259443200,12,17777764
GIST,half,TR,565201,960,865350,0.86535,830736000,1,86535,865350,0,865350,0,99610,99610,0,95625600,926361600,7410892800,12,17777764
GIST,half,TR,416400,960,793790,0.79379,762038400,1,79379,793790,0,793790,0,92960,92960,0,89241600,851280000,6810240000,12,17777764
GIST,half,TR,671950,960,69150,0.06915,66384000,1,6915,69150,0,69150,0,12350,12350,0,11856000,78240000,625920000,12,17777764
GIST,half,TR,100598,960,790720,0.79072,759091200,21756,79072,790720,0,790720,0,91440,91440,0,87782400,846873600,6774988800,174052,17777764
GIST,half,TR,130060,960,877720,0.87772,842611200,1,87772,877720,0,877720,0,99220,99220,0,95251200,937862400,7502899200,12,17777764
GIST,half,TR,763603,960,847890,0.84789,813974400,1,84789,847890,0,847890,0,95790,95790,0,91958400,905932800,7247462400,12,17777764
GIST,half,TR,229656,960,624450,0.62445,599472000,1,62445,624450,0,624450,0,78820,78820,0,75667200,675139200,5401113600,12,17777764
GIST,half,TR,854752,960,802490,0.80249,770390400,1,80249,802490,0,802490,0,94130,94130,0,90364800,860755200,6886041600,12,17777764
GIST,half,TR,717147,960,810980,0.81098,778540800,1,81098,810980,0,810980,0,95300,95300,0,91488000,870028800,6960230400,12,17777764
GIST,half,TR,253796,960,67310,0.06731,64617600,1,6731,67310,0,67310,0,10140,10140,0,9734400,74352000,594816000,12,17777764
GIST,half,TR,594298,960,325330,0.32533,312316800,1,32533,325330,0,325330,0,47380,47380,0,45484800,357801600,2862412800,12,17777764
GIST,half,TR,802333,960,813820,0.81382,781267200,1,81382,813820,0,813820,0,92120,92120,0,88435200,869702400,6957619200,12,17777764
GIST,half,TR,907497,960,857090,0.85709,822806400,1,85709,857090,0,857090,0,96910,96910,0,93033600,915840000,7326720000,12,17777764
GIST,half,TR,970136,960,844670,0.84467,810883200,1,84467,844670,0,844670,0,97450,97450,0,93552000,904435200,7235481600,12,17777764
GIST,half,TR,472710,960,23010,0.02301,22089600,1,2301,23010,0,23010,0,4500,4500,0,4320000,26409600,211276800,12,17777764
GIST,half,TR,311434,960,330020,0.33002,316819200,1,33002,330020,0,330020,0,45820,45820,0,43987200,360806400,2886451200,12,17777764
GIST,half,TR,152112,960,18750,0.01875,18000000,1,1875,18750,0,18750,0,3000,3000,0,2880000,20880000,167040000,12,17777764
GIST,half,TR,262882,960,709190,0.70919,680822400,1,70919,709190,0,709190,0,86980,86980,0,83500800,764323200,6114585600,12,17777764
GIST,half,TR,706522,960,748070,0.74807,718147200,11192,74807,748070,0,748070,0,88310,88310,0,84777600,802924800,6423398400,89540,17777764
GIST,half,TR,832912,960,819470,0.81947,786691200,1,81947,819470,0,819470,0,94670,94670,0,90883200,877574400,7020595200,12,17777764
GIST,half,TR,303769,960,862570,0.86257,828067200,1,86257,862570,0,862570,0,98640,98640,0,94694400,922761600,7382092800,12,17777764
GIST,half,TR,223701,960,847870,0.84787,813955200,1,84787,847870,0,847870,0,97740,97740,0,93830400,907785600,7262284800,12,17777764
GIST,half,TR,809314,960,768280,0.76828,737548800,1,76828,768280,0,768280,0,91550,91550,0,87888000,825436800,6603494400,12,17777764
GIST,half,TR,831243,960,118700,0.1187,113952000,1,11870,118700,0,118700,0,18250,18250,0,17520000,131472000,1051776000,12,17777764
GIST,half,TR,831746,960,859520,0.85952,825139200,6,85952,859520,0,859520,0,97160,97160,0,93273600,918412800,7347302400,52,17777764
GIST,half,TR,314373,960,850780,0.85078,816748800,1,85078,850780,0,850780,0,96520,96520,0,92659200,909408000,7275264000,12,17777764
GIST,half,TR,810800,960,854010,0.85401,819849600,1,85401,854010,0,854010,0,98010,98010,0,94089600,913939200,7311513600,12,17777764
GIST,half,TR,211855,960,254800,0.2548,244608000,1,25480,254800,0,254800,0,35230,35230,0,33820800,278428800,2227430400,12,17777764
GIST,half,TR,533614,960,861800,0.8618,827328000,1,86180,861800,0,861800,0,98240,98240,0,94310400,921638400,7373107200,12,17777764
GIST,half,TR,335471,960,842640,0.84264,808934400,1,84264,842640,0,842640,0,95510,95510,0,91689600,900624000,7204992000,12,17777764
GIST,half,TR,566134,960,809150,0.80915,776784000,1,80915,809150,0,809150,0,91700,91700,0,88032000,864816000,6918528000,12,17777764
GIST,half,TR,738848,960,814160,0.81416,781593600,1,81416,814160,0,814160,0,91900,91900,0,88224000,869817600,6958540800,12,17777764
GIST,half,TR,359342,960,561360,0.56136,538905600,1,56136,561360,0,561360,0,71840,71840,0,68966400,607872000,4862976000,12,17777764
GIST,half,TR,965210,960,722530,0.72253,693628800,1,72253,722530,0,722530,0,86780,86780,0,83308800,776937600,6215500800,12,17777764
GIST,half,TR,928413,960,867300,0.8673,832608000,2,86730,867300,0,867300,0,98410,98410,0,94473600,927081600,7416652800,20,17777764
GIST,half,TR,998782,960,815460,0.81546,782841600,1,81546,815460,0,815460,0,91950,91950,0,88272000,871113600,6968908800,12,17777764
GIST,half,TR,248373,960,692450,0.69245,664752000,1,69245,692450,0,692450,0,84640,84640,0,81254400,746006400,5968051200,12,17777764
GIST,half,TR,113110,960,823350,0.82335,790416000,5,82335,823350,0,823350,0,93230,93230,0,89500800,879916800,7039334400,44,17777764
GIST,half,TR,421120,960,470840,0.47084,452006400,1,47084,470840,0,470840,0,60740,60740,0,58310400,510316800,4082534400,12,17777764
GIST,half,TR,579626,960,866860,0.86686,832185600,1,86686,866860,0,866860,0,99260,99260,0,95289600,927475200,7419801600,12,17777764
GIST,half,TR,997466,960,716840,0.71684,688166400,1479,71684,716840,0,716840,0,86080,86080,0,82636800,770803200,6166425600,11836,17777764
GIST,half,TR,522760,960,850670,0.85067,816643200,4,85067,850670,0,850670,0,96350,96350,0,92496000,909139200,7273113600,36,17777764
GIST,half,TR,134930,960,326390,0.32639,313334400,1,32639,326390,0,326390,0,50460,50460,0,48441600,361776000,2894208000,12,17777764
GIST,half,TR,786964,960,849490,0.84949,815510400,1,84949,849490,0,849490,0,98200,98200,0,94272000,909782400,7278259200,12,17777764
GIST,half,TR,884325,960,834770,0.83477,801379200,5,83477,834770,0,834770,0,94460,94460,0,90681600,892060800,7136486400,44,17777764
GIST,half,TR,552447,960,875500,0.8755,840480000,1,87550,875500,0,875500,0,98720,98720,0,94771200,935251200,7482009600,12,17777764
GIST,half,TR,504571,960,600800,0.6008,576768000,1,60080,600800,0,600800,0,78650,78650,0,75504000,652272000,5218176000,12,17777764
GIST,half,TR,951244,960,824130,0.82413,791164800,1,82413,824130,0,824130,0,96840,96840,0,92966400,884131200,7073049600,12,17777764
GIST,half,TR,220807,960,867780,0.86778,833068800,2,86778,867780,0,867780,0,98900,98900,0,94944000,928012800,7424102400,20,17777764
GIST,half,TR,681257,960,252410,0.25241,242313600,1,25241,252410,0,252410,0,36460,36460,0,35001600,277315200,2218521600,12,17777764
GIST,half,TR,417658,960,371400,0.3714,356544000,1,37140,371400,0,371400,0,48290,48290,0,46358400,402902400,3223219200,12,17777764
GIST,half,TR,266352,960,797590,0.79759,765686400,1,79759,797590,0,797590,0,93190,93190,0,89462400,855148800,6841190400,12,17777764
GIST,half,TF,584510,960,301630,0.30163,289564800,1,30163,301630,301629,1,0,41030,0,0,39388800,328953600,2631628800,12,17777764
GIST,half,TF,860467,960,866430,0.86643,831772800,1,86643,866430,866429,1,0,98270,0,0,94339200,926112000,7408896000,12,17777764
GIST,half,TF,923923,960,34690,0.03469,33302400,1,3469,34690,34689,1,0,5620,0,0,5395200,38697600,309580800,12,17777764
GIST,half,TF,533409,960,870550,0.87055,835728000,1,87055,870550,870549,1,0,98930,0,0,94972800,930700800,7445606400,12,17777764
GIST,half,TF,220435,960,853170,0.85317,819043200,1,85317,853170,853169,1,0,96090,0,0,92246400,911289600,7290316800,12,17777764
GIST,half,TF,395173,960,845810,0.84581,811977600,1,84581,845810,845809,1,0,95800,0,0,91968000,903945600,7231564800,12,17777764
GIST,half,TF,125555,960,812500,0.8125,780000000,1,81250,812500,812499,1,0,92310,0,0,88617600,868617600,6948940800,12,17777764
GIST,half,TF,37317,960,715340,0.71534,686726400,1,71534,715340,715339,1,0,86320,0,0,82867200,769593600,6156748800,12,17777764
GIST,half,TF,326694,960,588610,0.58861,565065600,1,58861,588610,588609,1,0,76020,0,0,72979200,638044800,5104358400,12,17777764
GIST,half,TF,408325,960,799830,0.79983,767836800,1,79983,799830,799829,1,0,94030,0,0,90268800,858105600,6864844800,12,17777764
GIST,half,TF,928005,960,796870,0.79687,764995200,1,79687,796870,796869,1,0,94590,0,0,90806400,855801600,6846412800,12,17777764
GIST,half,TF,636852,960,849250,0.84925,815280000,1,84925,849250,849249,1,0,96000,0,0,92160000,907440000,7259520000,12,17777764
GIST,half,TF,565201,960,865390,0.86539,830774400,1,86539,865390,865389,1,0,99610,0,0,95625600,926400000,7411200000,12,17777764
GIST,half,TF,416400,960,793950,0.79395,762192000,1,79395,793950,793949,1,0,92970,0,0,89251200,851443200,6811545600,12,17777764
GIST,half,TF,671950,960,69220,0.06922,66451200,1,6922,69220,69219,1,0,12350,0,0,11856000,78307200,626457600,12,17777764
GIST,half,TF,100598,960,790780,0.79078,759148800,21756,79078,790780,769007,21773,0,91440,0,0,87782400,846931200,6775449600,174052,17777764
GIST,half,TF,130060,960,877750,0.87775,842640000,1,87775,877750,877749,1,0,99220,0,0,95251200,937891200,7503129600,12,17777764
GIST,half,TF,763603,960,847910,0.84791,813993600,1,84791,847910,847909,1,0,95790,0,0,91958400,905952000,7247616000,12,17777764
GIST,half,TF,229656,960,625370,0.62537,600355200,1,62537,625370,625369,1,0,78970,0,0,75811200,676166400,5409331200,12,17777764
GIST,half,TF,854752,960,802650,0.80265,770544000,1,80265,802650,802649,1,0,94150,0,0,90384000,860928000,6887424000,12,17777764
GIST,half,TF,717147,960,811020,0.81102,778579200,1,81102,811020,811019,1,0,95300,0,0,91488000,870067200,6960537600,12,17777764
GIST,half,TF,253796,960,67330,0.06733,64636800,1,6733,67330,67329,1,0,10140,0,0,9734400,74371200,594969600,12,17777764
GIST,half,TF,594298,960,325660,0.32566,312633600,1,32566,325660,325659,1,0,47410,0,0,45513600,358147200,2865177600,12,17777764
GIST,half,TF,802333,960,813830,0.81383,781276800,1,81383,813830,813829,1,0,92120,0,0,88435200,869712000,6957696000,12,17777764
GIST,half,TF,907497,960,857110,0.85711,822825600,1,85711,857110,857109,1,0,96910,0,0,93033600,915859200,7326873600,12,17777764
GIST,half,TF,970136,960,844740,0.84474,810950400,1,84474,844740,844739,1,0,97450,0,0,93552000,904502400,7236019200,12,17777764
GIST,half,TF,472710,960,23010,0.02301,22089600,1,2301,23010,23009,1,0,4500,0,0,4320000,26409600,211276800,12,17777764
GIST,half,TF,311434,960,330630,0.33063,317404800,1,33063,330630,330629,1,0,45900,0,0,44064000,361468800,2891750400,12,17777764
GIST,half,TF,152112,960,18750,0.01875,18000000,1,1875,18750,18749,1,0,3000,0,0,2880000,20880000,167040000,12,17777764
GIST,half,TF,262882,960,709340,0.70934,680966400,1,70934,709340,709339,1,0,86990,0,0,83510400,764476800,6115814400,12,17777764
GIST,half,TF,706522,960,748340,0.74834,718406400,11192,74834,748340,737135,11205,0,88330,0,0,84796800,803203200,6425625600,89540,17777764
GIST,half,TF,832912,960,819570,0.81957,786787200,1,81957,819570,819569,1,0,94680,0,0,90892800,877680000,7021440000,12,17777764
GIST,half,TF,303769,960,862690,0.86269,828182400,1,86269,862690,862689,1,0,98650,0,0,94704000,922886400,7383091200,12,17777764
GIST,half,TF,223701,960,847910,0.84791,813993600,1,84791,847910,847909,1,0,97740,0,0,93830400,907824000,7262592000,12,17777764
GIST,half,TF,809314,960,768560,0.76856,737817600,1,76856,768560,768559,1,0,91580,0,0,87916800,825734400,6605875200,12,17777764
GIST,half,TF,831243,960,118750,0.11875,114000000,1,11875,118750,118749,1,0,18250,0,0,17520000,131520000,1052160000,12,17777764
GIST,half,TF,831746,960,859530,0.85953,825148800,6,85953,859530,859524,6,0,97160,0,0,93273600,918422400,7347379200,52,17777764
GIST,half,TF,314373,960,850810,0.85081,816777600,1,85081,850810,850809,1,0,96520,0,0,92659200,909436800,7275494400,12,17777764
GIST,half,TF,810800,960,854110,0.85411,819945600,1,85411,854110,854109,1,0,98020,0,0,94099200,914044800,7312358400,12,17777764
GIST,half,TF,211855,960,254870,0.25487,244675200,1,25487,254870,254869,1,0,35230,0,0,33820800,278496000,2227968000,12,17777764
GIST,half,TF,533614,960,861820,0.86182,827347200,1,86182,861820,861819,1,0,98240,0,0,94310400,921657600,7373260800,12,17777764
GIST,half,TF,335471,960,842660,0.84266,808953600,1,84266,842660,842659,1,0,95510,0,0,91689600,900643200,7205145600,12,17777764
GIST,half,TF,566134,960,809170,0.80917,776803200,1,80917,809170,809169,1,0,91700,0,0,88032000,864835200,6918681600,12,17777764
GIST,half,TF,738848,960,814170,0.81417,781603200,1,81417,814170,814169,1,0,91900,0,0,88224000,869827200,6958617600,12,17777764
GIST,half,TF,359342,960,561640,0.56164,539174400,1,56164,561640,561639,1,0,71860,0,0,68985600,608160000,4865280000,12,17777764
GIST,half,TF,965210,960,722680,0.72268,693772800,1,72268,722680,722679,1,0,86790,0,0,83318400,777091200,6216729600,12,17777764
GIST,half,TF,928413,960,867320,0.86732,832627200,2,86732,867320,867318,2,0,98410,0,0,94473600,927100800,7416806400,20,17777764
GIST,half,TF,998782,960,815470,0.81547,782851200,1,81547,815470,815469,1,0,91950,0,0,88272000,871123200,6968985600,12,17777764
GIST,half,TF,248373,960,692660,0.69266,664953600,1,69266,692660,692659,1,0,84670,0,0,81283200,746236800,5969894400,12,17777764
GIST,half,TF,113110,960,823380,0.82338,790444800,5,82338,823380,823375,5,0,93230,0,0,89500800,879945600,7039564800,44,17777764
GIST,half,TF,421120,960,470940,0.47094,452102400,1,47094,470940,470939,1,0,60740,0,0,58310400,510412800,4083302400,12,17777764
GIST,half,TF,579626,960,866900,0.8669,832224000,1,86690,866900,866899,1,0,99260,0,0,95289600,927513600,7420108800,12,17777764
GIST,half,TF,997466,960,717040,0.71704,688358400,1479,71704,717040,715558,1482,0,86100,0,0,82656000,771014400,6168115200,11836,17777764
GIST,half,TF,522760,960,850680,0.85068,816652800,4,85068,850680,850676,4,0,96350,0,0,92496000,909148800,7273190400,36,17777764
GIST,half,TF,134930,960,326600,0.3266,313536000,1,32660,326600,326599,1,0,50480,0,0,48460800,361996800,2895974400,12,17777764
GIST,half,TF,786964,960,849530,0.84953,815548800,1,84953,849530,849529,1,0,98210,0,0,94281600,909830400,7278643200,12,17777764
GIST,half,TF,884325,960,834780,0.83478,801388800,5,83478,834780,834775,5,0,94460,0,0,90681600,892070400,7136563200,44,17777764
GIST,half,TF,552447,960,875510,0.87551,840489600,1,87551,875510,875509,1,0,98720,0,0,94771200,935260800,7482086400,12,17777764
GIST,half,TF,504571,960,601040,0.60104,576998400,1,60104,601040,601039,1,0,78660,0,0,75513600,652512000,5220096000,12,17777764
GIST,half,TF,951244,960,824190,0.82419,791222400,1,82419,824190,824189,1,0,96840,0,0,92966400,884188800,7073510400,12,17777764
GIST,half,TF,220807,960,867910,0.86791,833193600,2,86791,867910,867908,2,0,98910,0,0,94953600,928147200,7425177600,20,17777764
GIST,half,TF,681257,960,252540,0.25254,242438400,1,25254,252540,252539,1,0,36470,0,0,35011200,277449600,2219596800,12,17777764
GIST,half,TF,417658,960,371560,0.37156,356697600,1,37156,371560,371559,1,0,48300,0,0,46368000,403065600,3224524800,12,17777764
GIST,half,TF,266352,960,798030,0.79803,766108800,1,79803,798030,798029,1,0,93250,0,0,89520000,855628800,6845030400,12,17777764
Deep,half,FR,584510,96,1000000,1.0,96000000,1,,1000000,0,1000000,0,0,0,0,0,96000000,768000000,12,17777764
Deep,half,FR,860467,96,1000000,1.0,96000000,2,,1000000,0,1000000,0,0,0,0,0,96000000,768000000,20,17777764
Deep,half,FR,923923,96,1000000,1.0,96000000,2,,1000000,0,1000000,0,0,0,0,0,96000000,768000000,20,17777764
Deep,half,FR,533409,96,1000000,1.0,96000000,1,,1000000,0,1000000,0,0,0,0,0,96000000,768000000,12,17777764
Deep,half,FR,220435,96,1000000,1.0,96000000,1,,1000000,0,1000000,0,0,0,0,0,96000000,768000000,12,17777764
Deep,half,FR,395173,96,1000000,1.0,96000000,1,,1000000,0,1000000,0,0,0,0,0,96000000,768000000,12,17777764
Deep,half,FR,125555,96,1000000,1.0,96000000,805,,1000000,0,1000000,0,0,0,0,0,96000000,768000000,6444,17777764
Deep,half,FR,37317,96,1000000,1.0,96000000,1,,1000000,0,1000000,0,0,0,0,0,96000000,768000000,12,17777764
Deep,half,FR,326694,96,1000000,1.0,96000000,1,,1000000,0,1000000,0,0,0,0,0,96000000,768000000,12,17777764
Deep,half,FR,408325,96,1000000,1.0,96000000,19,,1000000,0,1000000,0,0,0,0,0,96000000,768000000,156,17777764
Deep,half,FR,928005,96,1000000,1.0,96000000,4,,1000000,0,1000000,0,0,0,0,0,96000000,768000000,36,17777764
Deep,half,FR,636852,96,1000000,1.0,96000000,1,,1000000,0,1000000,0,0,0,0,0,96000000,768000000,12,17777764
Deep,half,FR,565201,96,1000000,1.0,96000000,1,,1000000,0,1000000,0,0,0,0,0,96000000,768000000,12,17777764
Deep,half,FR,416400,96,1000000,1.0,96000000,1,,1000000,0,1000000,0,0,0,0,0,96000000,768000000,12,17777764
Deep,half,FR,671950,96,1000000,1.0,96000000,1,,1000000,0,1000000,0,0,0,0,0,96000000,768000000,12,17777764
Deep,half,FR,100598,96,1000000,1.0,96000000,1,,1000000,0,1000000,0,0,0,0,0,96000000,768000000,12,17777764
Deep,half,FR,130060,96,1000000,1.0,96000000,1,,1000000,0,1000000,0,0,0,0,0,96000000,768000000,12,17777764
Deep,half,FR,763603,96,1000000,1.0,96000000,1,,1000000,0,1000000,0,0,0,0,0,96000000,768000000,12,17777764
Deep,half,FR,229656,96,1000000,1.0,96000000,3279,,1000000,0,1000000,0,0,0,0,0,96000000,768000000,26236,17777764
Deep,half,FR,854752,96,1000000,1.0,96000000,5,,1000000,0,1000000,0,0,0,0,0,96000000,768000000,44,17777764
Deep,half,FR,717147,96,1000000,1.0,96000000,1,,1000000,0,1000000,0,0,0,0,0,96000000,768000000,12,17777764
Deep,half,FR,253796,96,1000000,1.0,96000000,1,,1000000,0,1000000,0,0,0,0,0,96000000,768000000,12,17777764
Deep,half,FR,594298,96,1000000,1.0,96000000,1,,1000000,0,1000000,0,0,0,0,0,96000000,768000000,12,17777764
Deep,half,FR,802333,96,1000000,1.0,96000000,4,,1000000,0,1000000,0,0,0,0,0,96000000,768000000,36,17777764
Deep,half,FR,907497,96,1000000,1.0,96000000,27,,1000000,0,1000000,0,0,0,0,0,96000000,768000000,220,17777764
Deep,half,FR,970136,96,1000000,1.0,96000000,1,,1000000,0,1000000,0,0,0,0,0,96000000,768000000,12,17777764
Deep,half,FR,472710,96,1000000,1.0,96000000,1,,1000000,0,1000000,0,0,0,0,0,96000000,768000000,12,17777764
Deep,half,FR,311434,96,1000000,1.0,96000000,1,,1000000,0,1000000,0,0,0,0,0,96000000,768000000,12,17777764
Deep,half,FR,152112,96,1000000,1.0,96000000,1,,1000000,0,1000000,0,0,0,0,0,96000000,768000000,12,17777764
Deep,half,FR,262882,96,1000000,1.0,96000000,1,,1000000,0,1000000,0,0,0,0,0,96000000,768000000,12,17777764
Deep,half,FR,706522,96,1000000,1.0,96000000,21,,1000000,0,1000000,0,0,0,0,0,96000000,768000000,172,17777764
Deep,half,FR,832912,96,1000000,1.0,96000000,1,,1000000,0,1000000,0,0,0,0,0,96000000,768000000,12,17777764
Deep,half,FR,303769,96,1000000,1.0,96000000,1,,1000000,0,1000000,0,0,0,0,0,96000000,768000000,12,17777764
Deep,half,FR,223701,96,1000000,1.0,96000000,13,,1000000,0,1000000,0,0,0,0,0,96000000,768000000,108,17777764
Deep,half,FR,809314,96,1000000,1.0,96000000,1,,1000000,0,1000000,0,0,0,0,0,96000000,768000000,12,17777764
Deep,half,FR,831243,96,1000000,1.0,96000000,1,,1000000,0,1000000,0,0,0,0,0,96000000,768000000,12,17777764
Deep,half,FR,831746,96,1000000,1.0,96000000,1,,1000000,0,1000000,0,0,0,0,0,96000000,768000000,12,17777764
Deep,half,FR,314373,96,1000000,1.0,96000000,1,,1000000,0,1000000,0,0,0,0,0,96000000,768000000,12,17777764
Deep,half,FR,810800,96,1000000,1.0,96000000,1,,1000000,0,1000000,0,0,0,0,0,96000000,768000000,12,17777764
Deep,half,FR,211855,96,1000000,1.0,96000000,1,,1000000,0,1000000,0,0,0,0,0,96000000,768000000,12,17777764
Deep,half,FR,533614,96,1000000,1.0,96000000,1,,1000000,0,1000000,0,0,0,0,0,96000000,768000000,12,17777764
Deep,half,FR,335471,96,1000000,1.0,96000000,1,,1000000,0,1000000,0,0,0,0,0,96000000,768000000,12,17777764
Deep,half,FR,566134,96,1000000,1.0,96000000,1,,1000000,0,1000000,0,0,0,0,0,96000000,768000000,12,17777764
Deep,half,FR,738848,96,1000000,1.0,96000000,1,,1000000,0,1000000,0,0,0,0,0,96000000,768000000,12,17777764
Deep,half,FR,359342,96,1000000,1.0,96000000,1,,1000000,0,1000000,0,0,0,0,0,96000000,768000000,12,17777764
Deep,half,FR,965210,96,1000000,1.0,96000000,1,,1000000,0,1000000,0,0,0,0,0,96000000,768000000,12,17777764
Deep,half,FR,928413,96,1000000,1.0,96000000,1,,1000000,0,1000000,0,0,0,0,0,96000000,768000000,12,17777764
Deep,half,FR,998782,96,1000000,1.0,96000000,1,,1000000,0,1000000,0,0,0,0,0,96000000,768000000,12,17777764
Deep,half,FR,248373,96,1000000,1.0,96000000,8,,1000000,0,1000000,0,0,0,0,0,96000000,768000000,68,17777764
Deep,half,FR,113110,96,1000000,1.0,96000000,1,,1000000,0,1000000,0,0,0,0,0,96000000,768000000,12,17777764
Deep,half,FR,421120,96,1000000,1.0,96000000,1,,1000000,0,1000000,0,0,0,0,0,96000000,768000000,12,17777764
Deep,half,FR,579626,96,1000000,1.0,96000000,7,,1000000,0,1000000,0,0,0,0,0,96000000,768000000,60,17777764
Deep,half,FR,997466,96,1000000,1.0,96000000,1,,1000000,0,1000000,0,0,0,0,0,96000000,768000000,12,17777764
Deep,half,FR,522760,96,1000000,1.0,96000000,74,,1000000,0,1000000,0,0,0,0,0,96000000,768000000,596,17777764
Deep,half,FR,134930,96,1000000,1.0,96000000,1,,1000000,0,1000000,0,0,0,0,0,96000000,768000000,12,17777764
Deep,half,FR,786964,96,1000000,1.0,96000000,1,,1000000,0,1000000,0,0,0,0,0,96000000,768000000,12,17777764
Deep,half,FR,884325,96,1000000,1.0,96000000,1,,1000000,0,1000000,0,0,0,0,0,96000000,768000000,12,17777764
Deep,half,FR,552447,96,1000000,1.0,96000000,1,,1000000,0,1000000,0,0,0,0,0,96000000,768000000,12,17777764
Deep,half,FR,504571,96,1000000,1.0,96000000,1,,1000000,0,1000000,0,0,0,0,0,96000000,768000000,12,17777764
Deep,half,FR,951244,96,1000000,1.0,96000000,1,,1000000,0,1000000,0,0,0,0,0,96000000,768000000,12,17777764
Deep,half,FR,220807,96,1000000,1.0,96000000,1,,1000000,0,1000000,0,0,0,0,0,96000000,768000000,12,17777764
Deep,half,FR,681257,96,1000000,1.0,96000000,1,,1000000,0,1000000,0,0,0,0,0,96000000,768000000,12,17777764
Deep,half,FR,417658,96,1000000,1.0,96000000,1,,1000000,0,1000000,0,0,0,0,0,96000000,768000000,12,17777764
Deep,half,FR,266352,96,1000000,1.0,96000000,1647,,1000000,0,1000000,0,0,0,0,0,96000000,768000000,13180,17777764
Deep,half,FF,584510,96,1000000,1.0,96000000,1,,1000000,999999,1,0,0,0,0,0,96000000,768000000,12,17777764
Deep,half,FF,860467,96,1000000,1.0,96000000,2,,1000000,999998,2,0,0,0,0,0,96000000,768000000,20,17777764
Deep,half,FF,923923,96,1000000,1.0,96000000,2,,1000000,999998,2,0,0,0,0,0,96000000,768000000,20,17777764
Deep,half,FF,533409,96,1000000,1.0,96000000,1,,1000000,999999,1,0,0,0,0,0,96000000,768000000,12,17777764
Deep,half,FF,220435,96,1000000,1.0,96000000,1,,1000000,999999,1,0,0,0,0,0,96000000,768000000,12,17777764
Deep,half,FF,395173,96,1000000,1.0,96000000,1,,1000000,999999,1,0,0,0,0,0,96000000,768000000,12,17777764
Deep,half,FF,125555,96,1000000,1.0,96000000,805,,1000000,999195,805,0,0,0,0,0,96000000,768000000,6444,17777764
Deep,half,FF,37317,96,1000000,1.0,96000000,1,,1000000,999999,1,0,0,0,0,0,96000000,768000000,12,17777764
Deep,half,FF,326694,96,1000000,1.0,96000000,1,,1000000,999999,1,0,0,0,0,0,96000000,768000000,12,17777764
Deep,half,FF,408325,96,1000000,1.0,96000000,19,,1000000,999981,19,0,0,0,0,0,96000000,768000000,156,17777764
Deep,half,FF,928005,96,1000000,1.0,96000000,4,,1000000,999996,4,0,0,0,0,0,96000000,768000000,36,17777764
Deep,half,FF,636852,96,1000000,1.0,96000000,1,,1000000,999999,1,0,0,0,0,0,96000000,768000000,12,17777764
Deep,half,FF,565201,96,1000000,1.0,96000000,1,,1000000,999999,1,0,0,0,0,0,96000000,768000000,12,17777764
Deep,half,FF,416400,96,1000000,1.0,96000000,1,,1000000,999999,1,0,0,0,0,0,96000000,768000000,12,17777764
Deep,half,FF,671950,96,1000000,1.0,96000000,1,,1000000,999999,1,0,0,0,0,0,96000000,768000000,12,17777764
Deep,half,FF,100598,96,1000000,1.0,96000000,1,,1000000,999999,1,0,0,0,0,0,96000000,768000000,12,17777764
Deep,half,FF,130060,96,1000000,1.0,96000000,1,,1000000,999999,1,0,0,0,0,0,96000000,768000000,12,17777764
Deep,half,FF,763603,96,1000000,1.0,96000000,1,,1000000,999999,1,0,0,0,0,0,96000000,768000000,12,17777764
Deep,half,FF,229656,96,1000000,1.0,96000000,3279,,1000000,996720,3280,0,0,0,0,0,96000000,768000000,26236,17777764
Deep,half,FF,854752,96,1000000,1.0,96000000,5,,1000000,999995,5,0,0,0,0,0,96000000,768000000,44,17777764
Deep,half,FF,717147,96,1000000,1.0,96000000,1,,1000000,999999,1,0,0,0,0,0,96000000,768000000,12,17777764
Deep,half,FF,253796,96,1000000,1.0,96000000,1,,1000000,999999,1,0,0,0,0,0,96000000,768000000,12,17777764
Deep,half,FF,594298,96,1000000,1.0,96000000,1,,1000000,999999,1,0,0,0,0,0,96000000,768000000,12,17777764
Deep,half,FF,802333,96,1000000,1.0,96000000,4,,1000000,999996,4,0,0,0,0,0,96000000,768000000,36,17777764
Deep,half,FF,907497,96,1000000,1.0,96000000,27,,1000000,999973,27,0,0,0,0,0,96000000,768000000,220,17777764
Deep,half,FF,970136,96,1000000,1.0,96000000,1,,1000000,999999,1,0,0,0,0,0,96000000,768000000,12,17777764
Deep,half,FF,472710,96,1000000,1.0,96000000,1,,1000000,999999,1,0,0,0,0,0,96000000,768000000,12,17777764
Deep,half,FF,311434,96,1000000,1.0,96000000,1,,1000000,999999,1,0,0,0,0,0,96000000,768000000,12,17777764
Deep,half,FF,152112,96,1000000,1.0,96000000,1,,1000000,999999,1,0,0,0,0,0,96000000,768000000,12,17777764
Deep,half,FF,262882,96,1000000,1.0,96000000,1,,1000000,999999,1,0,0,0,0,0,96000000,768000000,12,17777764
Deep,half,FF,706522,96,1000000,1.0,96000000,21,,1000000,999979,21,0,0,0,0,0,96000000,768000000,172,17777764
Deep,half,FF,832912,96,1000000,1.0,96000000,1,,1000000,999999,1,0,0,0,0,0,96000000,768000000,12,17777764
Deep,half,FF,303769,96,1000000,1.0,96000000,1,,1000000,999999,1,0,0,0,0,0,96000000,768000000,12,17777764
Deep,half,FF,223701,96,1000000,1.0,96000000,13,,1000000,999987,13,0,0,0,0,0,96000000,768000000,108,17777764
Deep,half,FF,809314,96,1000000,1.0,96000000,1,,1000000,999999,1,0,0,0,0,0,96000000,768000000,12,17777764
Deep,half,FF,831243,96,1000000,1.0,96000000,1,,1000000,999999,1,0,0,0,0,0,96000000,768000000,12,17777764
Deep,half,FF,831746,96,1000000,1.0,96000000,1,,1000000,999999,1,0,0,0,0,0,96000000,768000000,12,17777764
Deep,half,FF,314373,96,1000000,1.0,96000000,1,,1000000,999999,1,0,0,0,0,0,96000000,768000000,12,17777764
Deep,half,FF,810800,96,1000000,1.0,96000000,1,,1000000,999999,1,0,0,0,0,0,96000000,768000000,12,17777764
Deep,half,FF,211855,96,1000000,1.0,96000000,1,,1000000,999999,1,0,0,0,0,0,96000000,768000000,12,17777764
Deep,half,FF,533614,96,1000000,1.0,96000000,1,,1000000,999999,1,0,0,0,0,0,96000000,768000000,12,17777764
Deep,half,FF,335471,96,1000000,1.0,96000000,1,,1000000,999999,1,0,0,0,0,0,96000000,768000000,12,17777764
Deep,half,FF,566134,96,1000000,1.0,96000000,1,,1000000,999999,1,0,0,0,0,0,96000000,768000000,12,17777764
Deep,half,FF,738848,96,1000000,1.0,96000000,1,,1000000,999999,1,0,0,0,0,0,96000000,768000000,12,17777764
Deep,half,FF,359342,96,1000000,1.0,96000000,1,,1000000,999999,1,0,0,0,0,0,96000000,768000000,12,17777764
Deep,half,FF,965210,96,1000000,1.0,96000000,1,,1000000,999999,1,0,0,0,0,0,96000000,768000000,12,17777764
Deep,half,FF,928413,96,1000000,1.0,96000000,1,,1000000,999999,1,0,0,0,0,0,96000000,768000000,12,17777764
Deep,half,FF,998782,96,1000000,1.0,96000000,1,,1000000,999999,1,0,0,0,0,0,96000000,768000000,12,17777764
Deep,half,FF,248373,96,1000000,1.0,96000000,8,,1000000,999992,8,0,0,0,0,0,96000000,768000000,68,17777764
Deep,half,FF,113110,96,1000000,1.0,96000000,1,,1000000,999999,1,0,0,0,0,0,96000000,768000000,12,17777764
Deep,half,FF,421120,96,1000000,1.0,96000000,1,,1000000,999999,1,0,0,0,0,0,96000000,768000000,12,17777764
Deep,half,FF,579626,96,1000000,1.0,96000000,7,,1000000,999993,7,0,0,0,0,0,96000000,768000000,60,17777764
Deep,half,FF,997466,96,1000000,1.0,96000000,1,,1000000,999999,1,0,0,0,0,0,96000000,768000000,12,17777764
Deep,half,FF,522760,96,1000000,1.0,96000000,74,,1000000,999926,74,0,0,0,0,0,96000000,768000000,596,17777764
Deep,half,FF,134930,96,1000000,1.0,96000000,1,,1000000,999999,1,0,0,0,0,0,96000000,768000000,12,17777764
Deep,half,FF,786964,96,1000000,1.0,96000000,1,,1000000,999999,1,0,0,0,0,0,96000000,768000000,12,17777764
Deep,half,FF,884325,96,1000000,1.0,96000000,1,,1000000,999999,1,0,0,0,0,0,96000000,768000000,12,17777764
Deep,half,FF,552447,96,1000000,1.0,96000000,1,,1000000,999999,1,0,0,0,0,0,96000000,768000000,12,17777764
Deep,half,FF,504571,96,1000000,1.0,96000000,1,,1000000,999999,1,0,0,0,0,0,96000000,768000000,12,17777764
Deep,half,FF,951244,96,1000000,1.0,96000000,1,,1000000,999999,1,0,0,0,0,0,96000000,768000000,12,17777764
Deep,half,FF,220807,96,1000000,1.0,96000000,1,,1000000,999999,1,0,0,0,0,0,96000000,768000000,12,17777764
Deep,half,FF,681257,96,1000000,1.0,96000000,1,,1000000,999999,1,0,0,0,0,0,96000000,768000000,12,17777764
Deep,half,FF,417658,96,1000000,1.0,96000000,1,,1000000,999999,1,0,0,0,0,0,96000000,768000000,12,17777764
Deep,half,FF,266352,96,1000000,1.0,96000000,1647,,1000000,998352,1648,0,0,0,0,0,96000000,768000000,13180,17777764
Deep,half,CR1,584510,96,1000000,1.0,96000000,1,,1000000,0,1000000,0,10,10,0,960,96000960,768007680,12,17777764
Deep,half,CR1,860467,96,1000000,1.0,96000000,2,,1000000,0,1000000,0,10,10,0,960,96000960,768007680,20,17777764
Deep,half,CR1,923923,96,1000000,1.0,96000000,2,,1000000,0,1000000,0,10,10,0,960,96000960,768007680,20,17777764
Deep,half,CR1,533409,96,1000000,1.0,96000000,1,,1000000,0,1000000,0,10,10,0,960,96000960,768007680,12,17777764
Deep,half,CR1,220435,96,1000000,1.0,96000000,1,,1000000,0,1000000,0,10,10,0,960,96000960,768007680,12,17777764
Deep,half,CR1,395173,96,1000000,1.0,96000000,1,,1000000,0,1000000,0,10,10,0,960,96000960,768007680,12,17777764
Deep,half,CR1,125555,96,1000000,1.0,96000000,805,,1000000,0,1000000,0,10,10,0,960,96000960,768007680,6444,17777764
Deep,half,CR1,37317,96,1000000,1.0,96000000,1,,1000000,0,1000000,0,10,10,0,960,96000960,768007680,12,17777764
Deep,half,CR1,326694,96,1000000,1.0,96000000,1,,1000000,0,1000000,0,10,10,0,960,96000960,768007680,12,17777764
Deep,half,CR1,408325,96,1000000,1.0,96000000,19,,1000000,0,1000000,0,10,10,0,960,96000960,768007680,156,17777764
Deep,half,CR1,928005,96,1000000,1.0,96000000,4,,1000000,0,1000000,0,10,10,0,960,96000960,768007680,36,17777764
Deep,half,CR1,636852,96,1000000,1.0,96000000,1,,1000000,0,1000000,0,10,10,0,960,96000960,768007680,12,17777764
Deep,half,CR1,565201,96,1000000,1.0,96000000,1,,1000000,0,1000000,0,10,10,0,960,96000960,768007680,12,17777764
Deep,half,CR1,416400,96,1000000,1.0,96000000,1,,1000000,0,1000000,0,10,10,0,960,96000960,768007680,12,17777764
Deep,half,CR1,671950,96,1000000,1.0,96000000,1,,1000000,0,1000000,0,10,10,0,960,96000960,768007680,12,17777764
Deep,half,CR1,100598,96,1000000,1.0,96000000,1,,1000000,0,1000000,0,10,10,0,960,96000960,768007680,12,17777764
Deep,half,CR1,130060,96,1000000,1.0,96000000,1,,1000000,0,1000000,0,10,10,0,960,96000960,768007680,12,17777764
Deep,half,CR1,763603,96,1000000,1.0,96000000,1,,1000000,0,1000000,0,10,10,0,960,96000960,768007680,12,17777764
Deep,half,CR1,229656,96,1000000,1.0,96000000,3279,,1000000,0,1000000,0,10,10,0,960,96000960,768007680,26236,17777764
Deep,half,CR1,854752,96,1000000,1.0,96000000,5,,1000000,0,1000000,0,10,10,0,960,96000960,768007680,44,17777764
Deep,half,CR1,717147,96,1000000,1.0,96000000,1,,1000000,0,1000000,0,10,10,0,960,96000960,768007680,12,17777764
Deep,half,CR1,253796,96,1000000,1.0,96000000,1,,1000000,0,1000000,0,10,10,0,960,96000960,768007680,12,17777764
Deep,half,CR1,594298,96,1000000,1.0,96000000,1,,1000000,0,1000000,0,10,10,0,960,96000960,768007680,12,17777764
Deep,half,CR1,802333,96,1000000,1.0,96000000,4,,1000000,0,1000000,0,10,10,0,960,96000960,768007680,36,17777764
Deep,half,CR1,907497,96,1000000,1.0,96000000,27,,1000000,0,1000000,0,10,10,0,960,96000960,768007680,220,17777764
Deep,half,CR1,970136,96,1000000,1.0,96000000,1,,1000000,0,1000000,0,10,10,0,960,96000960,768007680,12,17777764
Deep,half,CR1,472710,96,1000000,1.0,96000000,1,,1000000,0,1000000,0,10,10,0,960,96000960,768007680,12,17777764
Deep,half,CR1,311434,96,1000000,1.0,96000000,1,,1000000,0,1000000,0,10,10,0,960,96000960,768007680,12,17777764
Deep,half,CR1,152112,96,1000000,1.0,96000000,1,,1000000,0,1000000,0,10,10,0,960,96000960,768007680,12,17777764
Deep,half,CR1,262882,96,1000000,1.0,96000000,1,,1000000,0,1000000,0,10,10,0,960,96000960,768007680,12,17777764
Deep,half,CR1,706522,96,1000000,1.0,96000000,21,,1000000,0,1000000,0,10,10,0,960,96000960,768007680,172,17777764
Deep,half,CR1,832912,96,1000000,1.0,96000000,1,,1000000,0,1000000,0,10,10,0,960,96000960,768007680,12,17777764
Deep,half,CR1,303769,96,1000000,1.0,96000000,1,,1000000,0,1000000,0,10,10,0,960,96000960,768007680,12,17777764
Deep,half,CR1,223701,96,1000000,1.0,96000000,13,,1000000,0,1000000,0,10,10,0,960,96000960,768007680,108,17777764
Deep,half,CR1,809314,96,1000000,1.0,96000000,1,,1000000,0,1000000,0,10,10,0,960,96000960,768007680,12,17777764
Deep,half,CR1,831243,96,1000000,1.0,96000000,1,,1000000,0,1000000,0,10,10,0,960,96000960,768007680,12,17777764
Deep,half,CR1,831746,96,1000000,1.0,96000000,1,,1000000,0,1000000,0,10,10,0,960,96000960,768007680,12,17777764
Deep,half,CR1,314373,96,1000000,1.0,96000000,1,,1000000,0,1000000,0,10,10,0,960,96000960,768007680,12,17777764
Deep,half,CR1,810800,96,1000000,1.0,96000000,1,,1000000,0,1000000,0,10,10,0,960,96000960,768007680,12,17777764
Deep,half,CR1,211855,96,1000000,1.0,96000000,1,,1000000,0,1000000,0,10,10,0,960,96000960,768007680,12,17777764
Deep,half,CR1,533614,96,1000000,1.0,96000000,1,,1000000,0,1000000,0,10,10,0,960,96000960,768007680,12,17777764
Deep,half,CR1,335471,96,1000000,1.0,96000000,1,,1000000,0,1000000,0,10,10,0,960,96000960,768007680,12,17777764
Deep,half,CR1,566134,96,1000000,1.0,96000000,1,,1000000,0,1000000,0,10,10,0,960,96000960,768007680,12,17777764
Deep,half,CR1,738848,96,1000000,1.0,96000000,1,,1000000,0,1000000,0,10,10,0,960,96000960,768007680,12,17777764
Deep,half,CR1,359342,96,1000000,1.0,96000000,1,,1000000,0,1000000,0,10,10,0,960,96000960,768007680,12,17777764
Deep,half,CR1,965210,96,1000000,1.0,96000000,1,,1000000,0,1000000,0,10,10,0,960,96000960,768007680,12,17777764
Deep,half,CR1,928413,96,1000000,1.0,96000000,1,,1000000,0,1000000,0,10,10,0,960,96000960,768007680,12,17777764
Deep,half,CR1,998782,96,1000000,1.0,96000000,1,,1000000,0,1000000,0,10,10,0,960,96000960,768007680,12,17777764
Deep,half,CR1,248373,96,1000000,1.0,96000000,8,,1000000,0,1000000,0,10,10,0,960,96000960,768007680,68,17777764
Deep,half,CR1,113110,96,1000000,1.0,96000000,1,,1000000,0,1000000,0,10,10,0,960,96000960,768007680,12,17777764
Deep,half,CR1,421120,96,1000000,1.0,96000000,1,,1000000,0,1000000,0,10,10,0,960,96000960,768007680,12,17777764
Deep,half,CR1,579626,96,1000000,1.0,96000000,7,,1000000,0,1000000,0,10,10,0,960,96000960,768007680,60,17777764
Deep,half,CR1,997466,96,1000000,1.0,96000000,1,,1000000,0,1000000,0,10,10,0,960,96000960,768007680,12,17777764
Deep,half,CR1,522760,96,1000000,1.0,96000000,74,,1000000,0,1000000,0,10,10,0,960,96000960,768007680,596,17777764
Deep,half,CR1,134930,96,1000000,1.0,96000000,1,,1000000,0,1000000,0,10,10,0,960,96000960,768007680,12,17777764
Deep,half,CR1,786964,96,1000000,1.0,96000000,1,,1000000,0,1000000,0,10,10,0,960,96000960,768007680,12,17777764
Deep,half,CR1,884325,96,1000000,1.0,96000000,1,,1000000,0,1000000,0,10,10,0,960,96000960,768007680,12,17777764
Deep,half,CR1,552447,96,1000000,1.0,96000000,1,,1000000,0,1000000,0,10,10,0,960,96000960,768007680,12,17777764
Deep,half,CR1,504571,96,1000000,1.0,96000000,1,,1000000,0,1000000,0,10,10,0,960,96000960,768007680,12,17777764
Deep,half,CR1,951244,96,1000000,1.0,96000000,1,,1000000,0,1000000,0,10,10,0,960,96000960,768007680,12,17777764
Deep,half,CR1,220807,96,1000000,1.0,96000000,1,,1000000,0,1000000,0,10,10,0,960,96000960,768007680,12,17777764
Deep,half,CR1,681257,96,1000000,1.0,96000000,1,,1000000,0,1000000,0,10,10,0,960,96000960,768007680,12,17777764
Deep,half,CR1,417658,96,1000000,1.0,96000000,1,,1000000,0,1000000,0,10,10,0,960,96000960,768007680,12,17777764
Deep,half,CR1,266352,96,1000000,1.0,96000000,1647,,1000000,0,1000000,0,10,10,0,960,96000960,768007680,13180,17777764
Deep,half,CF1,584510,96,1000000,1.0,96000000,1,,1000000,999999,1,0,10,0,0,960,96000960,768007680,12,17777764
Deep,half,CF1,860467,96,1000000,1.0,96000000,2,,1000000,999998,2,0,10,0,0,960,96000960,768007680,20,17777764
Deep,half,CF1,923923,96,1000000,1.0,96000000,2,,1000000,999998,2,0,10,0,0,960,96000960,768007680,20,17777764
Deep,half,CF1,533409,96,1000000,1.0,96000000,1,,1000000,999999,1,0,10,0,0,960,96000960,768007680,12,17777764
Deep,half,CF1,220435,96,1000000,1.0,96000000,1,,1000000,999999,1,0,10,0,0,960,96000960,768007680,12,17777764
Deep,half,CF1,395173,96,1000000,1.0,96000000,1,,1000000,999999,1,0,10,0,0,960,96000960,768007680,12,17777764
Deep,half,CF1,125555,96,1000000,1.0,96000000,805,,1000000,999195,805,0,10,0,0,960,96000960,768007680,6444,17777764
Deep,half,CF1,37317,96,1000000,1.0,96000000,1,,1000000,999999,1,0,10,0,0,960,96000960,768007680,12,17777764
Deep,half,CF1,326694,96,1000000,1.0,96000000,1,,1000000,999999,1,0,10,0,0,960,96000960,768007680,12,17777764
Deep,half,CF1,408325,96,1000000,1.0,96000000,19,,1000000,999981,19,0,10,0,0,960,96000960,768007680,156,17777764
Deep,half,CF1,928005,96,1000000,1.0,96000000,4,,1000000,999996,4,0,10,0,0,960,96000960,768007680,36,17777764
Deep,half,CF1,636852,96,1000000,1.0,96000000,1,,1000000,999999,1,0,10,0,0,960,96000960,768007680,12,17777764
Deep,half,CF1,565201,96,1000000,1.0,96000000,1,,1000000,999999,1,0,10,0,0,960,96000960,768007680,12,17777764
Deep,half,CF1,416400,96,1000000,1.0,96000000,1,,1000000,999999,1,0,10,0,0,960,96000960,768007680,12,17777764
Deep,half,CF1,671950,96,1000000,1.0,96000000,1,,1000000,999999,1,0,10,0,0,960,96000960,768007680,12,17777764
Deep,half,CF1,100598,96,1000000,1.0,96000000,1,,1000000,999999,1,0,10,0,0,960,96000960,768007680,12,17777764
Deep,half,CF1,130060,96,1000000,1.0,96000000,1,,1000000,999999,1,0,10,0,0,960,96000960,768007680,12,17777764
Deep,half,CF1,763603,96,1000000,1.0,96000000,1,,1000000,999999,1,0,10,0,0,960,96000960,768007680,12,17777764
Deep,half,CF1,229656,96,1000000,1.0,96000000,3279,,1000000,996720,3280,0,10,0,0,960,96000960,768007680,26236,17777764
Deep,half,CF1,854752,96,1000000,1.0,96000000,5,,1000000,999995,5,0,10,0,0,960,96000960,768007680,44,17777764
Deep,half,CF1,717147,96,1000000,1.0,96000000,1,,1000000,999999,1,0,10,0,0,960,96000960,768007680,12,17777764
Deep,half,CF1,253796,96,1000000,1.0,96000000,1,,1000000,999999,1,0,10,0,0,960,96000960,768007680,12,17777764
Deep,half,CF1,594298,96,1000000,1.0,96000000,1,,1000000,999999,1,0,10,0,0,960,96000960,768007680,12,17777764
Deep,half,CF1,802333,96,1000000,1.0,96000000,4,,1000000,999996,4,0,10,0,0,960,96000960,768007680,36,17777764
Deep,half,CF1,907497,96,1000000,1.0,96000000,27,,1000000,999973,27,0,10,0,0,960,96000960,768007680,220,17777764
Deep,half,CF1,970136,96,1000000,1.0,96000000,1,,1000000,999999,1,0,10,0,0,960,96000960,768007680,12,17777764
Deep,half,CF1,472710,96,1000000,1.0,96000000,1,,1000000,999999,1,0,10,0,0,960,96000960,768007680,12,17777764
Deep,half,CF1,311434,96,1000000,1.0,96000000,1,,1000000,999999,1,0,10,0,0,960,96000960,768007680,12,17777764
Deep,half,CF1,152112,96,1000000,1.0,96000000,1,,1000000,999999,1,0,10,0,0,960,96000960,768007680,12,17777764
Deep,half,CF1,262882,96,1000000,1.0,96000000,1,,1000000,999999,1,0,10,0,0,960,96000960,768007680,12,17777764
Deep,half,CF1,706522,96,1000000,1.0,96000000,21,,1000000,999979,21,0,10,0,0,960,96000960,768007680,172,17777764
Deep,half,CF1,832912,96,1000000,1.0,96000000,1,,1000000,999999,1,0,10,0,0,960,96000960,768007680,12,17777764
Deep,half,CF1,303769,96,1000000,1.0,96000000,1,,1000000,999999,1,0,10,0,0,960,96000960,768007680,12,17777764
Deep,half,CF1,223701,96,1000000,1.0,96000000,13,,1000000,999987,13,0,10,0,0,960,96000960,768007680,108,17777764
Deep,half,CF1,809314,96,1000000,1.0,96000000,1,,1000000,999999,1,0,10,0,0,960,96000960,768007680,12,17777764
Deep,half,CF1,831243,96,1000000,1.0,96000000,1,,1000000,999999,1,0,10,0,0,960,96000960,768007680,12,17777764
Deep,half,CF1,831746,96,1000000,1.0,96000000,1,,1000000,999999,1,0,10,0,0,960,96000960,768007680,12,17777764
Deep,half,CF1,314373,96,1000000,1.0,96000000,1,,1000000,999999,1,0,10,0,0,960,96000960,768007680,12,17777764
Deep,half,CF1,810800,96,1000000,1.0,96000000,1,,1000000,999999,1,0,10,0,0,960,96000960,768007680,12,17777764
Deep,half,CF1,211855,96,1000000,1.0,96000000,1,,1000000,999999,1,0,10,0,0,960,96000960,768007680,12,17777764
Deep,half,CF1,533614,96,1000000,1.0,96000000,1,,1000000,999999,1,0,10,0,0,960,96000960,768007680,12,17777764
Deep,half,CF1,335471,96,1000000,1.0,96000000,1,,1000000,999999,1,0,10,0,0,960,96000960,768007680,12,17777764
Deep,half,CF1,566134,96,1000000,1.0,96000000,1,,1000000,999999,1,0,10,0,0,960,96000960,768007680,12,17777764
Deep,half,CF1,738848,96,1000000,1.0,96000000,1,,1000000,999999,1,0,10,0,0,960,96000960,768007680,12,17777764
Deep,half,CF1,359342,96,1000000,1.0,96000000,1,,1000000,999999,1,0,10,0,0,960,96000960,768007680,12,17777764
Deep,half,CF1,965210,96,1000000,1.0,96000000,1,,1000000,999999,1,0,10,0,0,960,96000960,768007680,12,17777764
Deep,half,CF1,928413,96,1000000,1.0,96000000,1,,1000000,999999,1,0,10,0,0,960,96000960,768007680,12,17777764
Deep,half,CF1,998782,96,1000000,1.0,96000000,1,,1000000,999999,1,0,10,0,0,960,96000960,768007680,12,17777764
Deep,half,CF1,248373,96,1000000,1.0,96000000,8,,1000000,999992,8,0,10,0,0,960,96000960,768007680,68,17777764
Deep,half,CF1,113110,96,1000000,1.0,96000000,1,,1000000,999999,1,0,10,0,0,960,96000960,768007680,12,17777764
Deep,half,CF1,421120,96,1000000,1.0,96000000,1,,1000000,999999,1,0,10,0,0,960,96000960,768007680,12,17777764
Deep,half,CF1,579626,96,1000000,1.0,96000000,7,,1000000,999993,7,0,10,0,0,960,96000960,768007680,60,17777764
Deep,half,CF1,997466,96,1000000,1.0,96000000,1,,1000000,999999,1,0,10,0,0,960,96000960,768007680,12,17777764
Deep,half,CF1,522760,96,1000000,1.0,96000000,74,,1000000,999926,74,0,10,0,0,960,96000960,768007680,596,17777764
Deep,half,CF1,134930,96,1000000,1.0,96000000,1,,1000000,999999,1,0,10,0,0,960,96000960,768007680,12,17777764
Deep,half,CF1,786964,96,1000000,1.0,96000000,1,,1000000,999999,1,0,10,0,0,960,96000960,768007680,12,17777764
Deep,half,CF1,884325,96,1000000,1.0,96000000,1,,1000000,999999,1,0,10,0,0,960,96000960,768007680,12,17777764
Deep,half,CF1,552447,96,1000000,1.0,96000000,1,,1000000,999999,1,0,10,0,0,960,96000960,768007680,12,17777764
Deep,half,CF1,504571,96,1000000,1.0,96000000,1,,1000000,999999,1,0,10,0,0,960,96000960,768007680,12,17777764
Deep,half,CF1,951244,96,1000000,1.0,96000000,1,,1000000,999999,1,0,10,0,0,960,96000960,768007680,12,17777764
Deep,half,CF1,220807,96,1000000,1.0,96000000,1,,1000000,999999,1,0,10,0,0,960,96000960,768007680,12,17777764
Deep,half,CF1,681257,96,1000000,1.0,96000000,1,,1000000,999999,1,0,10,0,0,960,96000960,768007680,12,17777764
Deep,half,CF1,417658,96,1000000,1.0,96000000,1,,1000000,999999,1,0,10,0,0,960,96000960,768007680,12,17777764
Deep,half,CF1,266352,96,1000000,1.0,96000000,1647,,1000000,998352,1648,0,10,0,0,960,96000960,768007680,13180,17777764
Deep,half,TR,584510,96,941220,0.94122,90357120,1,94122,941220,0,941220,0,109200,109200,0,10483200,100840320,806722560,12,17777764
Deep,half,TR,860467,96,947010,0.94701,90912960,2,94701,947010,0,947010,0,108550,108550,0,10420800,101333760,810670080,20,17777764
Deep,half,TR,923923,96,932670,0.93267,89536320,2,93267,932670,0,932670,0,106240,106240,0,10199040,99735360,797882880,20,17777764
Deep,half,TR,533409,96,948200,0.9482,91027200,1,94820,948200,0,948200,0,109250,109250,0,10488000,101515200,812121600,12,17777764
Deep,half,TR,220435,96,956220,0.95622,91797120,1,95622,956220,0,956220,0,109700,109700,0,10531200,102328320,818626560,12,17777764
Deep,half,TR,395173,96,965130,0.96513,92652480,1,96513,965130,0,965130,0,109860,109860,0,10546560,103199040,825592320,12,17777764
Deep,half,TR,125555,96,936680,0.93668,89921280,805,93668,936680,0,936680,0,107710,107710,0,10340160,100261440,802091520,6444,17777764
Deep,half,TR,37317,96,948480,0.94848,91054080,1,94848,948480,0,948480,0,109550,109550,0,10516800,101570880,812567040,12,17777764
Deep,half,TR,326694,96,949170,0.94917,91120320,1,94917,949170,0,949170,0,109370,109370,0,10499520,101619840,812958720,12,17777764
Deep,half,TR,408325,96,944860,0.94486,90706560,19,94486,944860,0,944860,0,109100,109100,0,10473600,101180160,809441280,156,17777764
Deep,half,TR,928005,96,950480,0.95048,91246080,4,95048,950480,0,950480,0,108820,108820,0,10446720,101692800,813542400,36,17777764
Deep,half,TR,636852,96,946430,0.94643,90857280,1,94643,946430,0,946430,0,109340,109340,0,10496640,101353920,810831360,12,17777764
Deep,half,TR,565201,96,937710,0.93771,90020160,1,93771,937710,0,937710,0,108920,108920,0,10456320,100476480,803811840,12,17777764
Deep,half,TR,416400,96,961220,0.96122,92277120,1,96122,961220,0,961220,0,110040,110040,0,10563840,102840960,822727680,12,17777764
Deep,half,TR,671950,96,957390,0.95739,91909440,1,95739,957390,0,957390,0,109810,109810,0,10541760,102451200,819609600,12,17777764
Deep,half,TR,100598,96,918240,0.91824,88151040,1,91824,918240,0,918240,0,108020,108020,0,10369920,98520960,788167680,12,17777764
Deep,half,TR,130060,96,948410,0.94841,91047360,1,94841,948410,0,948410,0,109440,109440,0,10506240,101553600,812428800,12,17777764
Deep,half,TR,763603,96,941520,0.94152,90385920,1,94152,941520,0,941520,0,109270,109270,0,10489920,100875840,807006720,12,17777764
Deep,half,TR,229656,96,913860,0.91386,87730560,3279,91386,913860,0,913860,0,106760,106760,0,10248960,97979520,783836160,26236,17777764
Deep,half,TR,854752,96,938370,0.93837,90083520,5,93837,938370,0,938370,0,108870,108870,0,10451520,100535040,804280320,44,17777764
Deep,half,TR,717147,96,938870,0.93887,90131520,1,93887,938870,0,938870,0,108520,108520,0,10417920,100549440,804395520,12,17777764
Deep,half,TR,253796,96,931660,0.93166,89439360,1,93166,931660,0,931660,0,108620,108620,0,10427520,99866880,798935040,12,17777764
Deep,half,TR,594298,96,963100,0.9631,92457600,1,96310,963100,0,963100,0,109720,109720,0,10533120,102990720,823925760,12,17777764
Deep,half,TR,802333,96,962150,0.96215,92366400,4,96215,962150,0,962150,0,109890,109890,0,10549440,102915840,823326720,36,17777764
Deep,half,TR,907497,96,953440,0.95344,91530240,27,95344,953440,0,953440,0,109660,109660,0,10527360,102057600,816460800,220,17777764
Deep,half,TR,970136,96,954260,0.95426,91608960,1,95426,954260,0,954260,0,109590,109590,0,10520640,102129600,817036800,12,17777764
Deep,half,TR,472710,96,954120,0.95412,91595520,1,95412,954120,0,954120,0,109600,109600,0,10521600,102117120,816936960,12,17777764
Deep,half,TR,311434,96,954390,0.95439,91621440,1,95439,954390,0,954390,0,109860,109860,0,10546560,102168000,817344000,12,17777764
Deep,half,TR,152112,96,959830,0.95983,92143680,1,95983,959830,0,959830,0,109990,109990,0,10559040,102702720,821621760,12,17777764
Deep,half,TR,262882,96,956320,0.95632,91806720,1,95632,956320,0,956320,0,109750,109750,0,10536000,102342720,818741760,12,17777764
Deep,half,TR,706522,96,952180,0.95218,91409280,21,95218,952180,0,952180,0,109530,109530,0,10514880,101924160,815393280,172,17777764
Deep,half,TR,832912,96,966620,0.96662,92795520,1,96662,966620,0,966620,0,110220,110220,0,10581120,103376640,827013120,12,17777764
Deep,half,TR,303769,96,959290,0.95929,92091840,1,95929,959290,0,959290,0,109470,109470,0,10509120,102600960,820807680,12,17777764
Deep,half,TR,223701,96,945480,0.94548,90766080,13,94548,945480,0,945480,0,109070,109070,0,10470720,101236800,809894400,108,17777764
Deep,half,TR,809314,96,962040,0.96204,92355840,1,96204,962040,0,962040,0,109920,109920,0,10552320,102908160,823265280,12,17777764
Deep,half,TR,831243,96,920230,0.92023,88342080,1,92023,920230,0,920230,0,105460,105460,0,10124160,98466240,787729920,12,17777764
Deep,half,TR,831746,96,955390,0.95539,91717440,1,95539,955390,0,955390,0,109780,109780,0,10538880,102256320,818050560,12,17777764
Deep,half,TR,314373,96,945250,0.94525,90744000,1,94525,945250,0,945250,0,109380,109380,0,10500480,101244480,809955840,12,17777764
Deep,half,TR,810800,96,956870,0.95687,91859520,1,95687,956870,0,956870,0,109730,109730,0,10534080,102393600,819148800,12,17777764
Deep,half,TR,211855,96,964860,0.96486,92626560,1,96486,964860,0,964860,0,109980,109980,0,10558080,103184640,825477120,12,17777764
Deep,half,TR,533614,96,937180,0.93718,89969280,1,93718,937180,0,937180,0,108860,108860,0,10450560,100419840,803358720,12,17777764
Deep,half,TR,335471,96,942070,0.94207,90438720,1,94207,942070,0,942070,0,108340,108340,0,10400640,100839360,806714880,12,17777764
Deep,half,TR,566134,96,915880,0.91588,87924480,1,91588,915880,0,915880,0,108040,108040,0,10371840,98296320,786370560,12,17777764
Deep,half,TR,738848,96,964750,0.96475,92616000,1,96475,964750,0,964750,0,110040,110040,0,10563840,103179840,825438720,12,17777764
Deep,half,TR,359342,96,935180,0.93518,89777280,1,93518,935180,0,935180,0,108680,108680,0,10433280,100210560,801684480,12,17777764
Deep,half,TR,965210,96,944460,0.94446,90668160,1,94446,944460,0,944460,0,108700,108700,0,10435200,101103360,808826880,12,17777764
Deep,half,TR,928413,96,959170,0.95917,92080320,1,95917,959170,0,959170,0,109700,109700,0,10531200,102611520,820892160,12,17777764
Deep,half,TR,998782,96,946530,0.94653,90866880,1,94653,946530,0,946530,0,109200,109200,0,10483200,101350080,810800640,12,17777764
Deep,half,TR,248373,96,955370,0.95537,91715520,8,95537,955370,0,955370,0,109420,109420,0,10504320,102219840,817758720,68,17777764
Deep,half,TR,113110,96,945280,0.94528,90746880,1,94528,945280,0,945280,0,109270,109270,0,10489920,101236800,809894400,12,17777764
Deep,half,TR,421120,96,944660,0.94466,90687360,1,94466,944660,0,944660,0,109330,109330,0,10495680,101183040,809464320,12,17777764
Deep,half,TR,579626,96,934380,0.93438,89700480,7,93438,934380,0,934380,0,107000,107000,0,10272000,99972480,799779840,60,17777764
Deep,half,TR,997466,96,932190,0.93219,89490240,1,93219,932190,0,932190,0,108700,108700,0,10435200,99925440,799403520,12,17777764
Deep,half,TR,522760,96,934050,0.93405,89668800,74,93405,934050,0,934050,0,107770,107770,0,10345920,100014720,800117760,596,17777764
Deep,half,TR,134930,96,957270,0.95727,91897920,1,95727,957270,0,957270,0,109650,109650,0,10526400,102424320,819394560,12,17777764
Deep,half,TR,786964,96,958010,0.95801,91968960,1,95801,958010,0,958010,0,109930,109930,0,10553280,102522240,820177920,12,17777764
Deep,half,TR,884325,96,947320,0.94732,90942720,1,94732,947320,0,947320,0,109130,109130,0,10476480,101419200,811353600,12,17777764
Deep,half,TR,552447,96,954300,0.9543,91612800,1,95430,954300,0,954300,0,109480,109480,0,10510080,102122880,816983040,12,17777764
Deep,half,TR,504571,96,966530,0.96653,92786880,1,96653,966530,0,966530,0,110100,110100,0,10569600,103356480,826851840,12,17777764
Deep,half,TR,951244,96,958100,0.9581,91977600,1,95810,958100,0,958100,0,110000,110000,0,10560000,102537600,820300800,12,17777764
Deep,half,TR,220807,96,959170,0.95917,92080320,1,95917,959170,0,959170,0,109780,109780,0,10538880,102619200,820953600,12,17777764
Deep,half,TR,681257,96,910560,0.91056,87413760,1,91056,910560,0,910560,0,107540,107540,0,10323840,97737600,781900800,12,17777764
Deep,half,TR,417658,96,947260,0.94726,90936960,1,94726,947260,0,947260,0,109290,109290,0,10491840,101428800,811430400,12,17777764
Deep,half,TR,266352,96,902880,0.90288,86676480,1647,90288,902880,0,902880,0,106300,106300,0,10204800,96881280,775050240,13180,17777764
Deep,half,TF,584510,96,941220,0.94122,90357120,1,94122,941220,941219,1,0,109200,0,0,10483200,100840320,806722560,12,17777764
Deep,half,TF,860467,96,947020,0.94702,90913920,2,94702,947020,947018,2,0,108550,0,0,10420800,101334720,810677760,20,17777764
Deep,half,TF,923923,96,932670,0.93267,89536320,2,93267,932670,932668,2,0,106240,0,0,10199040,99735360,797882880,20,17777764
Deep,half,TF,533409,96,948200,0.9482,91027200,1,94820,948200,948199,1,0,109250,0,0,10488000,101515200,812121600,12,17777764
Deep,half,TF,220435,96,956220,0.95622,91797120,1,95622,956220,956219,1,0,109700,0,0,10531200,102328320,818626560,12,17777764
Deep,half,TF,395173,96,965130,0.96513,92652480,1,96513,965130,965129,1,0,109860,0,0,10546560,103199040,825592320,12,17777764
Deep,half,TF,125555,96,936690,0.93669,89922240,805,93669,936690,935885,805,0,107710,0,0,10340160,100262400,802099200,6444,17777764
Deep,half,TF,37317,96,948480,0.94848,91054080,1,94848,948480,948479,1,0,109550,0,0,10516800,101570880,812567040,12,17777764
Deep,half,TF,326694,96,949170,0.94917,91120320,1,94917,949170,949169,1,0,109370,0,0,10499520,101619840,812958720,12,17777764
Deep,half,TF,408325,96,944860,0.94486,90706560,19,94486,944860,944841,19,0,109100,0,0,10473600,101180160,809441280,156,17777764
Deep,half,TF,928005,96,950480,0.95048,91246080,4,95048,950480,950476,4,0,108820,0,0,10446720,101692800,813542400,36,17777764
Deep,half,TF,636852,96,946440,0.94644,90858240,1,94644,946440,946439,1,0,109340,0,0,10496640,101354880,810839040,12,17777764
Deep,half,TF,565201,96,937710,0.93771,90020160,1,93771,937710,937709,1,0,108920,0,0,10456320,100476480,803811840,12,17777764
Deep,half,TF,416400,96,961240,0.96124,92279040,1,96124,961240,961239,1,0,110040,0,0,10563840,102842880,822743040,12,17777764
Deep,half,TF,671950,96,957390,0.95739,91909440,1,95739,957390,957389,1,0,109810,0,0,10541760,102451200,819609600,12,17777764
Deep,half,TF,100598,96,918260,0.91826,88152960,1,91826,918260,918259,1,0,108020,0,0,10369920,98522880,788183040,12,17777764
Deep,half,TF,130060,96,948420,0.94842,91048320,1,94842,948420,948419,1,0,109440,0,0,10506240,101554560,812436480,12,17777764
Deep,half,TF,763603,96,941520,0.94152,90385920,1,94152,941520,941519,1,0,109270,0,0,10489920,100875840,807006720,12,17777764
Deep,half,TF,229656,96,913860,0.91386,87730560,3279,91386,913860,910580,3280,0,106760,0,0,10248960,97979520,783836160,26236,17777764
Deep,half,TF,854752,96,938380,0.93838,90084480,5,93838,938380,938375,5,0,108870,0,0,10451520,100536000,804288000,44,17777764
Deep,half,TF,717147,96,938880,0.93888,90132480,1,93888,938880,938879,1,0,108520,0,0,10417920,100550400,804403200,12,17777764
Deep,half,TF,253796,96,931670,0.93167,89440320,1,93167,931670,931669,1,0,108620,0,0,10427520,99867840,798942720,12,17777764
Deep,half,TF,594298,96,963100,0.9631,92457600,1,96310,963100,963099,1,0,109720,0,0,10533120,102990720,823925760,12,17777764
Deep,half,TF,802333,96,962160,0.96216,92367360,4,96216,962160,962156,4,0,109890,0,0,10549440,102916800,823334400,36,17777764
Deep,half,TF,907497,96,953460,0.95346,91532160,27,95346,953460,953433,27,0,109660,0,0,10527360,102059520,816476160,220,17777764
Deep,half,TF,970136,96,954270,0.95427,91609920,1,95427,954270,954269,1,0,109590,0,0,10520640,102130560,817044480,12,17777764
Deep,half,TF,472710,96,954120,0.95412,91595520,1,95412,954120,954119,1,0,109600,0,0,10521600,102117120,816936960,12,17777764
Deep,half,TF,311434,96,954410,0.95441,91623360,1,95441,954410,954409,1,0,109860,0,0,10546560,102169920,817359360,12,17777764
Deep,half,TF,152112,96,959830,0.95983,92143680,1,95983,959830,959829,1,0,109990,0,0,10559040,102702720,821621760,12,17777764
Deep,half,TF,262882,96,956320,0.95632,91806720,1,95632,956320,956319,1,0,109750,0,0,10536000,102342720,818741760,12,17777764
Deep,half,TF,706522,96,952180,0.95218,91409280,21,95218,952180,952159,21,0,109530,0,0,10514880,101924160,815393280,172,17777764
Deep,half,TF,832912,96,966620,0.96662,92795520,1,96662,966620,966619,1,0,110220,0,0,10581120,103376640,827013120,12,17777764
Deep,half,TF,303769,96,959290,0.95929,92091840,1,95929,959290,959289,1,0,109470,0,0,10509120,102600960,820807680,12,17777764
Deep,half,TF,223701,96,945480,0.94548,90766080,13,94548,945480,945467,13,0,109070,0,0,10470720,101236800,809894400,108,17777764
Deep,half,TF,809314,96,962040,0.96204,92355840,1,96204,962040,962039,1,0,109920,0,0,10552320,102908160,823265280,12,17777764
Deep,half,TF,831243,96,920230,0.92023,88342080,1,92023,920230,920229,1,0,105460,0,0,10124160,98466240,787729920,12,17777764
Deep,half,TF,831746,96,955390,0.95539,91717440,1,95539,955390,955389,1,0,109780,0,0,10538880,102256320,818050560,12,17777764
Deep,half,TF,314373,96,945250,0.94525,90744000,1,94525,945250,945249,1,0,109380,0,0,10500480,101244480,809955840,12,17777764
Deep,half,TF,810800,96,956880,0.95688,91860480,1,95688,956880,956879,1,0,109730,0,0,10534080,102394560,819156480,12,17777764
Deep,half,TF,211855,96,964860,0.96486,92626560,1,96486,964860,964859,1,0,109980,0,0,10558080,103184640,825477120,12,17777764
Deep,half,TF,533614,96,937180,0.93718,89969280,1,93718,937180,937179,1,0,108860,0,0,10450560,100419840,803358720,12,17777764
Deep,half,TF,335471,96,942080,0.94208,90439680,1,94208,942080,942079,1,0,108340,0,0,10400640,100840320,806722560,12,17777764
Deep,half,TF,566134,96,915890,0.91589,87925440,1,91589,915890,915889,1,0,108040,0,0,10371840,98297280,786378240,12,17777764
Deep,half,TF,738848,96,964750,0.96475,92616000,1,96475,964750,964749,1,0,110040,0,0,10563840,103179840,825438720,12,17777764
Deep,half,TF,359342,96,935180,0.93518,89777280,1,93518,935180,935179,1,0,108680,0,0,10433280,100210560,801684480,12,17777764
Deep,half,TF,965210,96,944460,0.94446,90668160,1,94446,944460,944459,1,0,108700,0,0,10435200,101103360,808826880,12,17777764
Deep,half,TF,928413,96,959180,0.95918,92081280,1,95918,959180,959179,1,0,109700,0,0,10531200,102612480,820899840,12,17777764
Deep,half,TF,998782,96,946540,0.94654,90867840,1,94654,946540,946539,1,0,109200,0,0,10483200,101351040,810808320,12,17777764
Deep,half,TF,248373,96,955380,0.95538,91716480,8,95538,955380,955372,8,0,109420,0,0,10504320,102220800,817766400,68,17777764
Deep,half,TF,113110,96,945280,0.94528,90746880,1,94528,945280,945279,1,0,109270,0,0,10489920,101236800,809894400,12,17777764
Deep,half,TF,421120,96,944670,0.94467,90688320,1,94467,944670,944669,1,0,109330,0,0,10495680,101184000,809472000,12,17777764
Deep,half,TF,579626,96,934390,0.93439,89701440,7,93439,934390,934383,7,0,107000,0,0,10272000,99973440,799787520,60,17777764
Deep,half,TF,997466,96,932190,0.93219,89490240,1,93219,932190,932189,1,0,108700,0,0,10435200,99925440,799403520,12,17777764
Deep,half,TF,522760,96,934050,0.93405,89668800,74,93405,934050,933976,74,0,107770,0,0,10345920,100014720,800117760,596,17777764
Deep,half,TF,134930,96,957280,0.95728,91898880,1,95728,957280,957279,1,0,109650,0,0,10526400,102425280,819402240,12,17777764
Deep,half,TF,786964,96,958010,0.95801,91968960,1,95801,958010,958009,1,0,109930,0,0,10553280,102522240,820177920,12,17777764
Deep,half,TF,884325,96,947330,0.94733,90943680,1,94733,947330,947329,1,0,109130,0,0,10476480,101420160,811361280,12,17777764
Deep,half,TF,552447,96,954300,0.9543,91612800,1,95430,954300,954299,1,0,109480,0,0,10510080,102122880,816983040,12,17777764
Deep,half,TF,504571,96,966540,0.96654,92787840,1,96654,966540,966539,1,0,110100,0,0,10569600,103357440,826859520,12,17777764
Deep,half,TF,951244,96,958100,0.9581,91977600,1,95810,958100,958099,1,0,110000,0,0,10560000,102537600,820300800,12,17777764
Deep,half,TF,220807,96,959170,0.95917,92080320,1,95917,959170,959169,1,0,109780,0,0,10538880,102619200,820953600,12,17777764
Deep,half,TF,681257,96,910560,0.91056,87413760,1,91056,910560,910559,1,0,107540,0,0,10323840,97737600,781900800,12,17777764
Deep,half,TF,417658,96,947260,0.94726,90936960,1,94726,947260,947259,1,0,109290,0,0,10491840,101428800,811430400,12,17777764
Deep,half,TF,266352,96,902880,0.90288,86676480,1647,90288,902880,901232,1648,0,106300,0,0,10204800,96881280,775050240,13180,17777764
Tloc,half,FR,584510,2,1000000,1.0,2000000,51388,,1000000,0,1000000,0,0,0,0,0,2000000,16000000,411108,17777764
Tloc,half,FR,860467,2,1000000,1.0,2000000,776,,1000000,0,1000000,0,0,0,0,0,2000000,16000000,6212,17777764
Tloc,half,FR,923923,2,1000000,1.0,2000000,20320,,1000000,0,1000000,0,0,0,0,0,2000000,16000000,162564,17777764
Tloc,half,FR,533409,2,1000000,1.0,2000000,5349,,1000000,0,1000000,0,0,0,0,0,2000000,16000000,42796,17777764
Tloc,half,FR,220435,2,1000000,1.0,2000000,7407,,1000000,0,1000000,0,0,0,0,0,2000000,16000000,59260,17777764
Tloc,half,FR,395173,2,1000000,1.0,2000000,4783,,1000000,0,1000000,0,0,0,0,0,2000000,16000000,38268,17777764
Tloc,half,FR,125555,2,1000000,1.0,2000000,461,,1000000,0,1000000,0,0,0,0,0,2000000,16000000,3692,17777764
Tloc,half,FR,37317,2,1000000,1.0,2000000,288,,1000000,0,1000000,0,0,0,0,0,2000000,16000000,2308,17777764
Tloc,half,FR,326694,2,1000000,1.0,2000000,15168,,1000000,0,1000000,0,0,0,0,0,2000000,16000000,121348,17777764
Tloc,half,FR,408325,2,1000000,1.0,2000000,26769,,1000000,0,1000000,0,0,0,0,0,2000000,16000000,214156,17777764
Tloc,half,FR,928005,2,1000000,1.0,2000000,7385,,1000000,0,1000000,0,0,0,0,0,2000000,16000000,59084,17777764
Tloc,half,FR,636852,2,1000000,1.0,2000000,20491,,1000000,0,1000000,0,0,0,0,0,2000000,16000000,163932,17777764
Tloc,half,FR,565201,2,1000000,1.0,2000000,19282,,1000000,0,1000000,0,0,0,0,0,2000000,16000000,154260,17777764
Tloc,half,FR,416400,2,1000000,1.0,2000000,40750,,1000000,0,1000000,0,0,0,0,0,2000000,16000000,326004,17777764
Tloc,half,FR,671950,2,1000000,1.0,2000000,9023,,1000000,0,1000000,0,0,0,0,0,2000000,16000000,72188,17777764
Tloc,half,FR,100598,2,1000000,1.0,2000000,4881,,1000000,0,1000000,0,0,0,0,0,2000000,16000000,39052,17777764
Tloc,half,FR,130060,2,1000000,1.0,2000000,655,,1000000,0,1000000,0,0,0,0,0,2000000,16000000,5244,17777764
Tloc,half,FR,763603,2,1000000,1.0,2000000,10512,,1000000,0,1000000,0,0,0,0,0,2000000,16000000,84100,17777764
Tloc,half,FR,229656,2,1000000,1.0,2000000,2048,,1000000,0,1000000,0,0,0,0,0,2000000,16000000,16388,17777764
Tloc,half,FR,854752,2,1000000,1.0,2000000,11838,,1000000,0,1000000,0,0,0,0,0,2000000,16000000,94708,17777764
Tloc,half,FR,717147,2,1000000,1.0,2000000,12852,,1000000,0,1000000,0,0,0,0,0,2000000,16000000,102820,17777764
Tloc,half,FR,253796,2,1000000,1.0,2000000,11923,,1000000,0,1000000,0,0,0,0,0,2000000,16000000,95388,17777764
Tloc,half,FR,594298,2,1000000,1.0,2000000,34057,,1000000,0,1000000,0,0,0,0,0,2000000,16000000,272460,17777764
Tloc,half,FR,802333,2,1000000,1.0,2000000,13205,,1000000,0,1000000,0,0,0,0,0,2000000,16000000,105644,17777764
Tloc,half,FR,907497,2,1000000,1.0,2000000,1036,,1000000,0,1000000,0,0,0,0,0,2000000,16000000,8292,17777764
Tloc,half,FR,970136,2,1000000,1.0,2000000,9719,,1000000,0,1000000,0,0,0,0,0,2000000,16000000,77756,17777764
Tloc,half,FR,472710,2,1000000,1.0,2000000,56086,,1000000,0,1000000,0,0,0,0,0,2000000,16000000,448692,17777764
Tloc,half,FR,311434,2,1000000,1.0,2000000,5032,,1000000,0,1000000,0,0,0,0,0,2000000,16000000,40260,17777764
Tloc,half,FR,152112,2,1000000,1.0,2000000,1143,,1000000,0,1000000,0,0,0,0,0,2000000,16000000,9148,17777764
Tloc,half,FR,262882,2,1000000,1.0,2000000,684,,1000000,0,1000000,0,0,0,0,0,2000000,16000000,5476,17777764
Tloc,half,FR,706522,2,1000000,1.0,2000000,1949,,1000000,0,1000000,0,0,0,0,0,2000000,16000000,15596,17777764
Tloc,half,FR,832912,2,1000000,1.0,2000000,927,,1000000,0,1000000,0,0,0,0,0,2000000,16000000,7420,17777764
Tloc,half,FR,303769,2,1000000,1.0,2000000,2770,,1000000,0,1000000,0,0,0,0,0,2000000,16000000,22164,17777764
Tloc,half,FR,223701,2,1000000,1.0,2000000,7615,,1000000,0,1000000,0,0,0,0,0,2000000,16000000,60924,17777764
Tloc,half,FR,809314,2,1000000,1.0,2000000,810,,1000000,0,1000000,0,0,0,0,0,2000000,16000000,6484,17777764
Tloc,half,FR,831243,2,1000000,1.0,2000000,1787,,1000000,0,1000000,0,0,0,0,0,2000000,16000000,14300,17777764
Tloc,half,FR,831746,2,1000000,1.0,2000000,955,,1000000,0,1000000,0,0,0,0,0,2000000,16000000,7644,17777764
Tloc,half,FR,314373,2,1000000,1.0,2000000,14054,,1000000,0,1000000,0,0,0,0,0,2000000,16000000,112436,17777764
Tloc,half,FR,810800,2,1000000,1.0,2000000,1620,,1000000,0,1000000,0,0,0,0,0,2000000,16000000,12964,17777764
Tloc,half,FR,211855,2,1000000,1.0,2000000,485,,1000000,0,1000000,0,0,0,0,0,2000000,16000000,3884,17777764
Tloc,half,FR,533614,2,1000000,1.0,2000000,4926,,1000000,0,1000000,0,0,0,0,0,2000000,16000000,39412,17777764
Tloc,half,FR,335471,2,1000000,1.0,2000000,3930,,1000000,0,1000000,0,0,0,0,0,2000000,16000000,31444,17777764
Tloc,half,FR,566134,2,1000000,1.0,2000000,18084,,1000000,0,1000000,0,0,0,0,0,2000000,16000000,144676,17777764
Tloc,half,FR,738848,2,1000000,1.0,2000000,31391,,1000000,0,1000000,0,0,0,0,0,2000000,16000000,251132,17777764
Tloc,half,FR,359342,2,1000000,1.0,2000000,9233,,1000000,0,1000000,0,0,0,0,0,2000000,16000000,73868,17777764
Tloc,half,FR,965210,2,1000000,1.0,2000000,4465,,1000000,0,1000000,0,0,0,0,0,2000000,16000000,35724,17777764
Tloc,half,FR,928413,2,1000000,1.0,2000000,11061,,1000000,0,1000000,0,0,0,0,0,2000000,16000000,88492,17777764
Tloc,half,FR,998782,2,1000000,1.0,2000000,270,,1000000,0,1000000,0,0,0,0,0,2000000,16000000,2164,17777764
Tloc,half,FR,248373,2,1000000,1.0,2000000,6992,,1000000,0,1000000,0,0,0,0,0,2000000,16000000,55940,17777764
Tloc,half,FR,113110,2,1000000,1.0,2000000,873,,1000000,0,1000000,0,0,0,0,0,2000000,16000000,6988,17777764
Tloc,half,FR,421120,2,1000000,1.0,2000000,56270,,1000000,0,1000000,0,0,0,0,0,2000000,16000000,450164,17777764
Tloc,half,FR,579626,2,1000000,1.0,2000000,39307,,1000000,0,1000000,0,0,0,0,0,2000000,16000000,314460,17777764
Tloc,half,FR,997466,2,1000000,1.0,2000000,328,,1000000,0,1000000,0,0,0,0,0,2000000,16000000,2628,17777764
Tloc,half,FR,522760,2,1000000,1.0,2000000,38924,,1000000,0,1000000,0,0,0,0,0,2000000,16000000,311396,17777764
Tloc,half,FR,134930,2,1000000,1.0,2000000,6313,,1000000,0,1000000,0,0,0,0,0,2000000,16000000,50508,17777764
Tloc,half,FR,786964,2,1000000,1.0,2000000,7859,,1000000,0,1000000,0,0,0,0,0,2000000,16000000,62876,17777764
Tloc,half,FR,884325,2,1000000,1.0,2000000,4395,,1000000,0,1000000,0,0,0,0,0,2000000,16000000,35164,17777764
Tloc,half,FR,552447,2,1000000,1.0,2000000,4168,,1000000,0,1000000,0,0,0,0,0,2000000,16000000,33348,17777764
Tloc,half,FR,504571,2,1000000,1.0,2000000,9402,,1000000,0,1000000,0,0,0,0,0,2000000,16000000,75220,17777764
Tloc,half,FR,951244,2,1000000,1.0,2000000,13346,,1000000,0,1000000,0,0,0,0,0,2000000,16000000,106772,17777764
Tloc,half,FR,220807,2,1000000,1.0,2000000,9705,,1000000,0,1000000,0,0,0,0,0,2000000,16000000,77644,17777764
Tloc,half,FR,681257,2,1000000,1.0,2000000,10722,,1000000,0,1000000,0,0,0,0,0,2000000,16000000,85780,17777764
Tloc,half,FR,417658,2,1000000,1.0,2000000,40055,,1000000,0,1000000,0,0,0,0,0,2000000,16000000,320444,17777764
Tloc,half,FR,266352,2,1000000,1.0,2000000,13392,,1000000,0,1000000,0,0,0,0,0,2000000,16000000,107140,17777764
Tloc,half,FF,584510,2,1000000,1.0,2000000,51388,,1000000,948612,51388,0,0,0,0,0,2000000,16000000,411108,17777764
Tloc,half,FF,860467,2,1000000,1.0,2000000,776,,1000000,999224,776,0,0,0,0,0,2000000,16000000,6212,17777764
Tloc,half,FF,923923,2,1000000,1.0,2000000,20320,,1000000,979680,20320,0,0,0,0,0,2000000,16000000,162564,17777764
Tloc,half,FF,533409,2,1000000,1.0,2000000,5349,,1000000,994651,5349,0,0,0,0,0,2000000,16000000,42796,17777764
Tloc,half,FF,220435,2,1000000,1.0,2000000,7407,,1000000,992593,7407,0,0,0,0,0,2000000,16000000,59260,17777764
Tloc,half,FF,395173,2,1000000,1.0,2000000,4783,,1000000,995217,4783,0,0,0,0,0,2000000,16000000,38268,17777764
Tloc,half,FF,125555,2,1000000,1.0,2000000,461,,1000000,999539,461,0,0,0,0,0,2000000,16000000,3692,17777764
Tloc,half,FF,37317,2,1000000,1.0,2000000,288,,1000000,999712,288,0,0,0,0,0,2000000,16000000,2308,17777764
Tloc,half,FF,326694,2,1000000,1.0,2000000,15168,,1000000,984832,15168,0,0,0,0,0,2000000,16000000,121348,17777764
Tloc,half,FF,408325,2,1000000,1.0,2000000,26769,,1000000,973231,26769,0,0,0,0,0,2000000,16000000,214156,17777764
Tloc,half,FF,928005,2,1000000,1.0,2000000,7385,,1000000,992615,7385,0,0,0,0,0,2000000,16000000,59084,17777764
Tloc,half,FF,636852,2,1000000,1.0,2000000,20491,,1000000,979509,20491,0,0,0,0,0,2000000,16000000,163932,17777764
Tloc,half,FF,565201,2,1000000,1.0,2000000,19282,,1000000,980718,19282,0,0,0,0,0,2000000,16000000,154260,17777764
Tloc,half,FF,416400,2,1000000,1.0,2000000,40750,,1000000,959250,40750,0,0,0,0,0,2000000,16000000,326004,17777764
Tloc,half,FF,671950,2,1000000,1.0,2000000,9023,,1000000,990977,9023,0,0,0,0,0,2000000,16000000,72188,17777764
Tloc,half,FF,100598,2,1000000,1.0,2000000,4881,,1000000,995119,4881,0,0,0,0,0,2000000,16000000,39052,17777764
Tloc,half,FF,130060,2,1000000,1.0,2000000,655,,1000000,999345,655,0,0,0,0,0,2000000,16000000,5244,17777764
Tloc,half,FF,763603,2,1000000,1.0,2000000,10512,,1000000,989488,10512,0,0,0,0,0,2000000,16000000,84100,17777764
Tloc,half,FF,229656,2,1000000,1.0,2000000,2048,,1000000,997952,2048,0,0,0,0,0,2000000,16000000,16388,17777764
Tloc,half,FF,854752,2,1000000,1.0,2000000,11838,,1000000,988162,11838,0,0,0,0,0,2000000,16000000,94708,17777764
Tloc,half,FF,717147,2,1000000,1.0,2000000,12852,,1000000,987148,12852,0,0,0,0,0,2000000,16000000,102820,17777764
Tloc,half,FF,253796,2,1000000,1.0,2000000,11923,,1000000,988077,11923,0,0,0,0,0,2000000,16000000,95388,17777764
Tloc,half,FF,594298,2,1000000,1.0,2000000,34057,,1000000,965943,34057,0,0,0,0,0,2000000,16000000,272460,17777764
Tloc,half,FF,802333,2,1000000,1.0,2000000,13205,,1000000,986795,13205,0,0,0,0,0,2000000,16000000,105644,17777764
Tloc,half,FF,907497,2,1000000,1.0,2000000,1036,,1000000,998964,1036,0,0,0,0,0,2000000,16000000,8292,17777764
Tloc,half,FF,970136,2,1000000,1.0,2000000,9719,,1000000,990281,9719,0,0,0,0,0,2000000,16000000,77756,17777764
Tloc,half,FF,472710,2,1000000,1.0,2000000,56086,,1000000,943914,56086,0,0,0,0,0,2000000,16000000,448692,17777764
Tloc,half,FF,311434,2,1000000,1.0,2000000,5032,,1000000,994968,5032,0,0,0,0,0,2000000,16000000,40260,17777764
Tloc,half,FF,152112,2,1000000,1.0,2000000,1143,,1000000,998857,1143,0,0,0,0,0,2000000,16000000,9148,17777764
Tloc,half,FF,262882,2,1000000,1.0,2000000,684,,1000000,999316,684,0,0,0,0,0,2000000,16000000,5476,17777764
Tloc,half,FF,706522,2,1000000,1.0,2000000,1949,,1000000,998051,1949,0,0,0,0,0,2000000,16000000,15596,17777764
Tloc,half,FF,832912,2,1000000,1.0,2000000,927,,1000000,999073,927,0,0,0,0,0,2000000,16000000,7420,17777764
Tloc,half,FF,303769,2,1000000,1.0,2000000,2770,,1000000,997230,2770,0,0,0,0,0,2000000,16000000,22164,17777764
Tloc,half,FF,223701,2,1000000,1.0,2000000,7615,,1000000,992385,7615,0,0,0,0,0,2000000,16000000,60924,17777764
Tloc,half,FF,809314,2,1000000,1.0,2000000,810,,1000000,999190,810,0,0,0,0,0,2000000,16000000,6484,17777764
Tloc,half,FF,831243,2,1000000,1.0,2000000,1787,,1000000,998213,1787,0,0,0,0,0,2000000,16000000,14300,17777764
Tloc,half,FF,831746,2,1000000,1.0,2000000,955,,1000000,999045,955,0,0,0,0,0,2000000,16000000,7644,17777764
Tloc,half,FF,314373,2,1000000,1.0,2000000,14054,,1000000,985946,14054,0,0,0,0,0,2000000,16000000,112436,17777764
Tloc,half,FF,810800,2,1000000,1.0,2000000,1620,,1000000,998380,1620,0,0,0,0,0,2000000,16000000,12964,17777764
Tloc,half,FF,211855,2,1000000,1.0,2000000,485,,1000000,999515,485,0,0,0,0,0,2000000,16000000,3884,17777764
Tloc,half,FF,533614,2,1000000,1.0,2000000,4926,,1000000,995074,4926,0,0,0,0,0,2000000,16000000,39412,17777764
Tloc,half,FF,335471,2,1000000,1.0,2000000,3930,,1000000,996070,3930,0,0,0,0,0,2000000,16000000,31444,17777764
Tloc,half,FF,566134,2,1000000,1.0,2000000,18084,,1000000,981916,18084,0,0,0,0,0,2000000,16000000,144676,17777764
Tloc,half,FF,738848,2,1000000,1.0,2000000,31391,,1000000,968609,31391,0,0,0,0,0,2000000,16000000,251132,17777764
Tloc,half,FF,359342,2,1000000,1.0,2000000,9233,,1000000,990767,9233,0,0,0,0,0,2000000,16000000,73868,17777764
Tloc,half,FF,965210,2,1000000,1.0,2000000,4465,,1000000,995535,4465,0,0,0,0,0,2000000,16000000,35724,17777764
Tloc,half,FF,928413,2,1000000,1.0,2000000,11061,,1000000,988939,11061,0,0,0,0,0,2000000,16000000,88492,17777764
Tloc,half,FF,998782,2,1000000,1.0,2000000,270,,1000000,999730,270,0,0,0,0,0,2000000,16000000,2164,17777764
Tloc,half,FF,248373,2,1000000,1.0,2000000,6992,,1000000,993008,6992,0,0,0,0,0,2000000,16000000,55940,17777764
Tloc,half,FF,113110,2,1000000,1.0,2000000,873,,1000000,999127,873,0,0,0,0,0,2000000,16000000,6988,17777764
Tloc,half,FF,421120,2,1000000,1.0,2000000,56270,,1000000,943730,56270,0,0,0,0,0,2000000,16000000,450164,17777764
Tloc,half,FF,579626,2,1000000,1.0,2000000,39307,,1000000,960693,39307,0,0,0,0,0,2000000,16000000,314460,17777764
Tloc,half,FF,997466,2,1000000,1.0,2000000,328,,1000000,999672,328,0,0,0,0,0,2000000,16000000,2628,17777764
Tloc,half,FF,522760,2,1000000,1.0,2000000,38924,,1000000,961076,38924,0,0,0,0,0,2000000,16000000,311396,17777764
Tloc,half,FF,134930,2,1000000,1.0,2000000,6313,,1000000,993687,6313,0,0,0,0,0,2000000,16000000,50508,17777764
Tloc,half,FF,786964,2,1000000,1.0,2000000,7859,,1000000,992141,7859,0,0,0,0,0,2000000,16000000,62876,17777764
Tloc,half,FF,884325,2,1000000,1.0,2000000,4395,,1000000,995605,4395,0,0,0,0,0,2000000,16000000,35164,17777764
Tloc,half,FF,552447,2,1000000,1.0,2000000,4168,,1000000,995832,4168,0,0,0,0,0,2000000,16000000,33348,17777764
Tloc,half,FF,504571,2,1000000,1.0,2000000,9402,,1000000,990598,9402,0,0,0,0,0,2000000,16000000,75220,17777764
Tloc,half,FF,951244,2,1000000,1.0,2000000,13346,,1000000,986654,13346,0,0,0,0,0,2000000,16000000,106772,17777764
Tloc,half,FF,220807,2,1000000,1.0,2000000,9705,,1000000,990295,9705,0,0,0,0,0,2000000,16000000,77644,17777764
Tloc,half,FF,681257,2,1000000,1.0,2000000,10722,,1000000,989278,10722,0,0,0,0,0,2000000,16000000,85780,17777764
Tloc,half,FF,417658,2,1000000,1.0,2000000,40055,,1000000,959945,40055,0,0,0,0,0,2000000,16000000,320444,17777764
Tloc,half,FF,266352,2,1000000,1.0,2000000,13392,,1000000,986608,13392,0,0,0,0,0,2000000,16000000,107140,17777764
Tloc,half,CR4,584510,2,62200,0.0622,124400,51388,,62200,0,62200,0,860,860,0,1720,126120,1008960,411108,17777764
Tloc,half,CR4,860467,2,3300,0.0033,6600,776,,3300,0,3300,0,130,130,0,260,6860,54880,6212,17777764
Tloc,half,CR4,923923,2,30400,0.0304,60800,20320,,30400,0,30400,0,560,560,0,1120,61920,495360,162564,17777764
Tloc,half,CR4,533409,2,9700,0.0097,19400,5349,,9700,0,9700,0,160,160,0,320,19720,157760,42796,17777764
Tloc,half,CR4,220435,2,15000,0.015,30000,7407,,15000,0,15000,0,280,280,0,560,30560,244480,59260,17777764
Tloc,half,CR4,395173,2,9300,0.0093,18600,4783,,9300,0,9300,0,250,250,0,500,19100,152800,38268,17777764
Tloc,half,CR4,125555,2,4300,0.0043,8600,461,,4300,0,4300,0,210,210,0,420,9020,72160,3692,17777764
Tloc,half,CR4,37317,2,700,0.0007,1400,288,,700,0,700,0,60,60,0,120,1520,12160,2308,17777764
Tloc,half,CR4,326694,2,24300,0.0243,48600,15168,,24300,0,24300,0,390,390,0,780,49380,395040,121348,17777764
Tloc,half,CR4,408325,2,46600,0.0466,93200,26769,,46600,0,46600,0,850,850,0,1700,94900,759200,214156,17777764
Tloc,half,CR4,928005,2,14500,0.0145,29000,7385,,14500,0,14500,0,330,330,0,660,29660,237280,59084,17777764
Tloc,half,CR4,636852,2,32400,0.0324,64800,20491,,32400,0,32400,0,600,600,0,1200,66000,528000,163932,17777764
Tloc,half,CR4,565201,2,31100,0.0311,62200,19282,,31100,0,31100,0,520,520,0,1040,63240,505920,154260,17777764
Tloc,half,CR4,416400,2,60100,0.0601,120200,40750,,60100,0,60100,0,970,970,0,1940,122140,977120,326004,17777764
Tloc,half,CR4,671950,2,17300,0.0173,34600,9023,,17300,0,17300,0,410,410,0,820,35420,283360,72188,17777764
Tloc,half,CR4,100598,2,10300,0.0103,20600,4881,,10300,0,10300,0,200,200,0,400,21000,168000,39052,17777764
Tloc,half,CR4,130060,2,1600,0.0016,3200,655,,1600,0,1600,0,80,80,0,160,3360,26880,5244,17777764
Tloc,half,CR4,763603,2,15400,0.0154,30800,10512,,15400,0,15400,0,310,310,0,620,31420,251360,84100,17777764
Tloc,half,CR4,229656,2,3900,0.0039,7800,2048,,3900,0,3900,0,100,100,0,200,8000,64000,16388,17777764
Tloc,half,CR4,854752,2,16900,0.0169,33800,11838,,16900,0,16900,0,220,220,0,440,34240,273920,94708,17777764
Tloc,half,CR4,717147,2,21000,0.021,42000,12852,,21000,0,21000,0,450,450,0,900,42900,343200,102820,17777764
Tloc,half,CR4,253796,2,17500,0.0175,35000,11923,,17500,0,17500,0,290,290,0,580,35580,284640,95388,17777764
Tloc,half,CR4,594298,2,45700,0.0457,91400,34057,,45700,0,45700,0,760,760,0,1520,92920,743360,272460,17777764
Tloc,half,CR4,802333,2,24700,0.0247,49400,13205,,24700,0,24700,0,570,570,0,1140,50540,404320,105644,17777764
Tloc,half,CR4,907497,2,2900,0.0029,5800,1036,,2900,0,2900,0,140,140,0,280,6080,48640,8292,17777764
Tloc,half,CR4,970136,2,15800,0.0158,31600,9719,,15800,0,15800,0,280,280,0,560,32160,257280,77756,17777764
Tloc,half,CR4,472710,2,71800,0.0718,143600,56086,,71800,0,71800,0,1030,1030,0,2060,145660,1165280,448692,17777764
Tloc,half,CR4,311434,2,14200,0.0142,28400,5032,,14200,0,14200,0,280,280,0,560,28960,231680,40260,17777764
Tloc,half,CR4,152112,2,3400,0.0034,6800,1143,,3400,0,3400,0,100,100,0,200,7000,56000,9148,17777764
Tloc,half,CR4,262882,2,1000,0.001,2000,684,,1000,0,1000,0,60,60,0,120,2120,16960,5476,17777764
Tloc,half,CR4,706522,2,3200,0.0032,6400,1949,,3200,0,3200,0,90,90,0,180,6580,52640,15596,17777764
Tloc,half,CR4,832912,2,4500,0.0045,9000,927,,4500,0,4500,0,220,220,0,440,9440,75520,7420,17777764
Tloc,half,CR4,303769,2,5600,0.0056,11200,2770,,5600,0,5600,0,170,170,0,340,11540,92320,22164,17777764
Tloc,half,CR4,223701,2,14700,0.0147,29400,7615,,14700,0,14700,0,330,330,0,660,30060,240480,60924,17777764
Tloc,half,CR4,809314,2,3300,0.0033,6600,810,,3300,0,3300,0,170,170,0,340,6940,55520,6484,17777764
Tloc,half,CR4,831243,2,3700,0.0037,7400,1787,,3700,0,3700,0,180,180,0,360,7760,62080,14300,17777764
Tloc,half,CR4,831746,2,2800,0.0028,5600,955,,2800,0,2800,0,110,110,0,220,5820,46560,7644,17777764
Tloc,half,CR4,314373,2,27500,0.0275,55000,14054,,27500,0,27500,0,520,520,0,1040,56040,448320,112436,17777764
Tloc,half,CR4,810800,2,2900,0.0029,5800,1620,,2900,0,2900,0,110,110,0,220,6020,48160,12964,17777764
Tloc,half,CR4,211855,2,2700,0.0027,5400,485,,2700,0,2700,0,130,130,0,260,5660,45280,3884,17777764
Tloc,half,CR4,533614,2,9400,0.0094,18800,4926,,9400,0,9400,0,170,170,0,340,19140,153120,39412,17777764
Tloc,half,CR4,335471,2,7800,0.0078,15600,3930,,7800,0,7800,0,150,150,0,300,15900,127200,31444,17777764
Tloc,half,CR4,566134,2,30500,0.0305,61000,18084,,30500,0,30500,0,520,520,0,1040,62040,496320,144676,17777764
Tloc,half,CR4,738848,2,39600,0.0396,79200,31391,,39600,0,39600,0,790,790,0,1580,80780,646240,251132,17777764
Tloc,half,CR4,359342,2,16500,0.0165,33000,9233,,16500,0,16500,0,310,310,0,620,33620,268960,73868,17777764
Tloc,half,CR4,965210,2,8800,0.0088,17600,4465,,8800,0,8800,0,210,210,0,420,18020,144160,35724,17777764
Tloc,half,CR4,928413,2,17600,0.0176,35200,11061,,17600,0,17600,0,310,310,0,620,35820,286560,88492,17777764
Tloc,half,CR4,998782,2,400,0.0004,800,270,,400,0,400,0,50,50,0,100,900,7200,2164,17777764
Tloc,half,CR4,248373,2,9600,0.0096,19200,6992,,9600,0,9600,0,210,210,0,420,19620,156960,55940,17777764
Tloc,half,CR4,113110,2,1400,0.0014,2800,873,,1400,0,1400,0,60,60,0,120,2920,23360,6988,17777764
Tloc,half,CR4,421120,2,76800,0.0768,153600,56270,,76800,0,76800,0,1120,1120,0,2240,155840,1246720,450164,17777764
Tloc,half,CR4,579626,2,48100,0.0481,96200,39307,,48100,0,48100,0,570,570,0,1140,97340,778720,314460,17777764
Tloc,half,CR4,997466,2,500,0.0005,1000,328,,500,0,500,0,40,40,0,80,1080,8640,2628,17777764
Tloc,half,CR4,522760,2,47100,0.0471,94200,38924,,47100,0,47100,0,780,780,0,1560,95760,766080,311396,17777764
Tloc,half,CR4,134930,2,10300,0.0103,20600,6313,,10300,0,10300,0,180,180,0,360,20960,167680,50508,17777764
Tloc,half,CR4,786964,2,13100,0.0131,26200,7859,,13100,0,13100,0,250,250,0,500,26700,213600,62876,17777764
Tloc,half,CR4,884325,2,7200,0.0072,14400,4395,,7200,0,7200,0,280,280,0,560,14960,119680,35164,17777764
Tloc,half,CR4,552447,2,9900,0.0099,19800,4168,,9900,0,9900,0,190,190,0,380,20180,161440,33348,17777764
Tloc,half,CR4,504571,2,20000,0.02,40000,9402,,20000,0,20000,0,510,510,0,1020,41020,328160,75220,17777764
Tloc,half,CR4,951244,2,22000,0.022,44000,13346,,22000,0,22000,0,450,450,0,900,44900,359200,106772,17777764
Tloc,half,CR4,220807,2,17600,0.0176,35200,9705,,17600,0,17600,0,330,330,0,660,35860,286880,77644,17777764
Tloc,half,CR4,681257,2,20700,0.0207,41400,10722,,20700,0,20700,0,360,360,0,720,42120,336960,85780,17777764
Tloc,half,CR4,417658,2,59900,0.0599,119800,40055,,59900,0,59900,0,960,960,0,1920,121720,973760,320444,17777764
Tloc,half,CR4,266352,2,19900,0.0199,39800,13392,,19900,0,19900,0,380,380,0,760,40560,324480,107140,17777764
Tloc,half,CF4,584510,2,62200,0.0622,124400,51388,,62200,10812,51388,0,860,0,0,1720,126120,1008960,411108,17777764
Tloc,half,CF4,860467,2,3300,0.0033,6600,776,,3300,2524,776,0,130,0,0,260,6860,54880,6212,17777764
Tloc,half,CF4,923923,2,30400,0.0304,60800,20320,,30400,10080,20320,0,560,0,0,1120,61920,495360,162564,17777764
Tloc,half,CF4,533409,2,9700,0.0097,19400,5349,,9700,4351,5349,0,160,0,0,320,19720,157760,42796,17777764
Tloc,half,CF4,220435,2,15000,0.015,30000,7407,,15000,7593,7407,0,280,0,0,560,30560,244480,59260,17777764
Tloc,half,CF4,395173,2,9300,0.0093,18600,4783,,9300,4517,4783,0,250,0,0,500,19100,152800,38268,17777764
Tloc,half,CF4,125555,2,4300,0.0043,8600,461,,4300,3839,461,0,210,0,0,420,9020,72160,3692,17777764
Tloc,half,CF4,37317,2,700,0.0007,1400,288,,700,412,288,0,60,0,0,120,1520,12160,2308,17777764
Tloc,half,CF4,326694,2,24300,0.0243,48600,15168,,24300,9132,15168,0,390,0,0,780,49380,395040,121348,17777764
Tloc,half,CF4,408325,2,46600,0.0466,93200,26769,,46600,19831,26769,0,850,0,0,1700,94900,759200,214156,17777764
Tloc,half,CF4,928005,2,14500,0.0145,29000,7385,,14500,7115,7385,0,330,0,0,660,29660,237280,59084,17777764
Tloc,half,CF4,636852,2,32400,0.0324,64800,20491,,32400,11909,20491,0,600,0,0,1200,66000,528000,163932,17777764
Tloc,half,CF4,565201,2,31100,0.0311,62200,19282,,31100,11818,19282,0,520,0,0,1040,63240,505920,154260,17777764
Tloc,half,CF4,416400,2,60100,0.0601,120200,40750,,60100,19350,40750,0,970,0,0,1940,122140,977120,326004,17777764
Tloc,half,CF4,671950,2,17300,0.0173,34600,9023,,17300,8277,9023,0,410,0,0,820,35420,283360,72188,17777764
Tloc,half,CF4,100598,2,10300,0.0103,20600,4881,,10300,5419,4881,0,200,0,0,400,21000,168000,39052,17777764
Tloc,half,CF4,130060,2,1600,0.0016,3200,655,,1600,945,655,0,80,0,0,160,3360,26880,5244,17777764
Tloc,half,CF4,763603,2,15400,0.0154,30800,10512,,15400,4888,10512,0,310,0,0,620,31420,251360,84100,17777764
Tloc,half,CF4,229656,2,3900,0.0039,7800,2048,,3900,1852,2048,0,100,0,0,200,8000,64000,16388,17777764
Tloc,half,CF4,854752,2,16900,0.0169,33800,11838,,16900,5062,11838,0,220,0,0,440,34240,273920,94708,17777764
Tloc,half,CF4,717147,2,21000,0.021,42000,12852,,21000,8148,12852,0,450,0,0,900,42900,343200,102820,17777764
Tloc,half,CF4,253796,2,17500,0.0175,35000,11923,,17500,5577,11923,0,290,0,0,580,35580,284640,95388,17777764
Tloc,half,CF4,594298,2,45700,0.0457,91400,34057,,45700,11643,34057,0,760,0,0,1520,92920,743360,272460,17777764
Tloc,half,CF4,802333,2,24700,0.0247,49400,13205,,24700,11495,13205,0,570,0,0,1140,50540,404320,105644,17777764
Tloc,half,CF4,907497,2,2900,0.0029,5800,1036,,2900,1864,1036,0,140,0,0,280,6080,48640,8292,17777764
Tloc,half,CF4,970136,2,15800,0.0158,31600,9719,,15800,6081,9719,0,280,0,0,560,32160,257280,77756,17777764
Tloc,half,CF4,472710,2,71800,0.0718,143600,56086,,71800,15714,56086,0,1030,0,0,2060,145660,1165280,448692,17777764
Tloc,half,CF4,311434,2,14200,0.0142,28400,5032,,14200,9168,5032,0,280,0,0,560,28960,231680,40260,17777764
Tloc,half,CF4,152112,2,3400,0.0034,6800,1143,,3400,2257,1143,0,100,0,0,200,7000,56000,9148,17777764
Tloc,half,CF4,262882,2,1000,0.001,2000,684,,1000,316,684,0,60,0,0,120,2120,16960,5476,17777764
Tloc,half,CF4,706522,2,3200,0.0032,6400,1949,,3200,1251,1949,0,90,0,0,180,6580,52640,15596,17777764
Tloc,half,CF4,832912,2,4500,0.0045,9000,927,,4500,3573,927,0,220,0,0,440,9440,75520,7420,17777764
Tloc,half,CF4,303769,2,5600,0.0056,11200,2770,,5600,2830,2770,0,170,0,0,340,11540,92320,22164,17777764
Tloc,half,CF4,223701,2,14700,0.0147,29400,7615,,14700,7085,7615,0,330,0,0,660,30060,240480,60924,17777764
Tloc,half,CF4,809314,2,3300,0.0033,6600,810,,3300,2490,810,0,170,0,0,340,6940,55520,6484,17777764
Tloc,half,CF4,831243,2,3700,0.0037,7400,1787,,3700,1913,1787,0,180,0,0,360,7760,62080,14300,17777764
Tloc,half,CF4,831746,2,2800,0.0028,5600,955,,2800,1845,955,0,110,0,0,220,5820,46560,7644,17777764
Tloc,half,CF4,314373,2,27500,0.0275,55000,14054,,27500,13446,14054,0,520,0,0,1040,56040,448320,112436,17777764
Tloc,half,CF4,810800,2,2900,0.0029,5800,1620,,2900,1280,1620,0,110,0,0,220,6020,48160,12964,17777764
Tloc,half,CF4,211855,2,2700,0.0027,5400,485,,2700,2215,485,0,130,0,0,260,5660,45280,3884,17777764
Tloc,half,CF4,533614,2,9400,0.0094,18800,4926,,9400,4474,4926,0,170,0,0,340,19140,153120,39412,17777764
Tloc,half,CF4,335471,2,7800,0.0078,15600,3930,,7800,3870,3930,0,150,0,0,300,15900,127200,31444,17777764
Tloc,half,CF4,566134,2,30500,0.0305,61000,18084,,30500,12416,18084,0,520,0,0,1040,62040,496320,144676,17777764
Tloc,half,CF4,738848,2,39600,0.0396,79200,31391,,39600,8209,31391,0,790,0,0,1580,80780,646240,251132,17777764
Tloc,half,CF4,359342,2,16500,0.0165,33000,9233,,16500,7267,9233,0,310,0,0,620,33620,268960,73868,17777764
Tloc,half,CF4,965210,2,8800,0.0088,17600,4465,,8800,4335,4465,0,210,0,0,420,18020,144160,35724,17777764
Tloc,half,CF4,928413,2,17600,0.0176,35200,11061,,17600,6539,11061,0,310,0,0,620,35820,286560,88492,17777764
Tloc,half,CF4,998782,2,400,0.0004,800,270,,400,130,270,0,50,0,0,100,900,7200,2164,17777764
Tloc,half,CF4,248373,2,9600,0.0096,19200,6992,,9600,2608,6992,0,210,0,0,420,19620,156960,55940,17777764
Tloc,half,CF4,113110,2,1400,0.0014,2800,873,,1400,527,873,0,60,0,0,120,2920,23360,6988,17777764
Tloc,half,CF4,421120,2,76800,0.0768,153600,56270,,76800,20530,56270,0,1120,0,0,2240,155840,1246720,450164,17777764
Tloc,half,CF4,579626,2,48100,0.0481,96200,39307,,48100,8793,39307,0,570,0,0,1140,97340,778720,314460,17777764
Tloc,half,CF4,997466,2,500,0.0005,1000,328,,500,172,328,0,40,0,0,80,1080,8640,2628,17777764
Tloc,half,CF4,522760,2,47100,0.0471,94200,38924,,47100,8176,38924,0,780,0,0,1560,95760,766080,311396,17777764
Tloc,half,CF4,134930,2,10300,0.0103,20600,6313,,10300,3987,6313,0,180,0,0,360,20960,167680,50508,17777764
Tloc,half,CF4,786964,2,13100,0.0131,26200,7859,,13100,5241,7859,0,250,0,0,500,26700,213600,62876,17777764
Tloc,half,CF4,884325,2,7200,0.0072,14400,4395,,7200,2805,4395,0,280,0,0,560,14960,119680,35164,17777764
Tloc,half,CF4,552447,2,9900,0.0099,19800,4168,,9900,5732,4168,0,190,0,0,380,20180,161440,33348,17777764
Tloc,half,CF4,504571,2,20000,0.02,40000,9402,,20000,10598,9402,0,510,0,0,1020,41020,328160,75220,17777764
Tloc,half,CF4,951244,2,22000,0.022,44000,13346,,22000,8654,13346,0,450,0,0,900,44900,359200,106772,17777764
Tloc,half,CF4,220807,2,17600,0.0176,35200,9705,,17600,7895,9705,0,330,0,0,660,35860,286880,77644,17777764
Tloc,half,CF4,681257,2,20700,0.0207,41400,10722,,20700,9978,10722,0,360,0,0,720,42120,336960,85780,17777764
Tloc,half,CF4,417658,2,59900,0.0599,119800,40055,,59900,19845,40055,0,960,0,0,1920,121720,973760,320444,17777764
Tloc,half,CF4,266352,2,19900,0.0199,39800,13392,,19900,6508,13392,0,380,0,0,760,40560,324480,107140,17777764
Tloc,half,TR,584510,2,55910,0.05591,111820,51388,5591,55910,0,55910,0,7080,7080,0,14160,125980,1007840,411108,17777764
Tloc,half,TR,860467,2,1870,0.00187,3740,776,187,1870,0,1870,0,460,460,0,920,4660,37280,6212,17777764
Tloc,half,TR,923923,2,23330,0.02333,46660,20320,2333,23330,0,23330,0,3600,3600,0,7200,53860,430880,162564,17777764
Tloc,half,TR,533409,2,6600,0.0066,13200,5349,660,6600,0,6600,0,1130,1130,0,2260,15460,123680,42796,17777764
Tloc,half,TR,220435,2,10360,0.01036,20720,7407,1036,10360,0,10360,0,1780,1780,0,3560,24280,194240,59260,17777764
Tloc,half,TR,395173,2,6080,0.00608,12160,4783,608,6080,0,6080,0,1180,1180,0,2360,14520,116160,38268,17777764
Tloc,half,TR,125555,2,860,0.00086,1720,461,86,860,0,860,0,640,640,0,1280,3000,24000,3692,17777764
Tloc,half,TR,37317,2,430,0.00043,860,288,43,430,0,430,0,130,130,0,260,1120,8960,2308,17777764
Tloc,half,TR,326694,2,18680,0.01868,37360,15168,1868,18680,0,18680,0,2820,2820,0,5640,43000,344000,121348,17777764
Tloc,half,TR,408325,2,31880,0.03188,63760,26769,3188,31880,0,31880,0,5510,5510,0,11020,74780,598240,214156,17777764
Tloc,half,TR,928005,2,10290,0.01029,20580,7385,1029,10290,0,10290,0,1780,1780,0,3560,24140,193120,59084,17777764
Tloc,half,TR,636852,2,23970,0.02397,47940,20491,2397,23970,0,23970,0,3840,3840,0,7680,55620,444960,163932,17777764
Tloc,half,TR,565201,2,23390,0.02339,46780,19282,2339,23390,0,23390,0,3630,3630,0,7260,54040,432320,154260,17777764
Tloc,half,TR,416400,2,45620,0.04562,91240,40750,4562,45620,0,45620,0,6980,6980,0,13960,105200,841600,326004,17777764
Tloc,half,TR,671950,2,13090,0.01309,26180,9023,1309,13090,0,13090,0,2140,2140,0,4280,30460,243680,72188,17777764
Tloc,half,TR,100598,2,7250,0.00725,14500,4881,725,7250,0,7250,0,1230,1230,0,2460,16960,135680,39052,17777764
Tloc,half,TR,130060,2,1050,0.00105,2100,655,105,1050,0,1050,0,240,240,0,480,2580,20640,5244,17777764
Tloc,half,TR,763603,2,12890,0.01289,25780,10512,1289,12890,0,12890,0,1850,1850,0,3700,29480,235840,84100,17777764
Tloc,half,TR,229656,2,2860,0.00286,5720,2048,286,2860,0,2860,0,490,490,0,980,6700,53600,16388,17777764
Tloc,half,TR,854752,2,14550,0.01455,29100,11838,1455,14550,0,14550,0,1910,1910,0,3820,32920,263360,94708,17777764
Tloc,half,TR,717147,2,16420,0.01642,32840,12852,1642,16420,0,16420,0,2550,2550,0,5100,37940,303520,102820,17777764
Tloc,half,TR,253796,2,14910,0.01491,29820,11923,1491,14910,0,14910,0,2040,2040,0,4080,33900,271200,95388,17777764
Tloc,half,TR,594298,2,38080,0.03808,76160,34057,3808,38080,0,38080,0,5330,5330,0,10660,86820,694560,272460,17777764
Tloc,half,TR,802333,2,16970,0.01697,33940,13205,1697,16970,0,16970,0,3040,3040,0,6080,40020,320160,105644,17777764
Tloc,half,TR,907497,2,1740,0.00174,3480,1036,174,1740,0,1740,0,430,430,0,860,4340,34720,8292,17777764
Tloc,half,TR,970136,2,11980,0.01198,23960,9719,1198,11980,0,11980,0,1860,1860,0,3720,27680,221440,77756,17777764
Tloc,half,TR,472710,2,60960,0.06096,121920,56086,6096,60960,0,60960,0,8210,8210,0,16420,138340,1106720,448692,17777764
Tloc,half,TR,311434,2,7450,0.00745,14900,5032,745,7450,0,7450,0,1700,1700,0,3400,18300,146400,40260,17777764
Tloc,half,TR,152112,2,2010,0.00201,4020,1143,201,2010,0,2010,0,440,440,0,880,4900,39200,9148,17777764
Tloc,half,TR,262882,2,810,0.00081,1620,684,81,810,0,810,0,160,160,0,320,1940,15520,5476,17777764
Tloc,half,TR,706522,2,2680,0.00268,5360,1949,268,2680,0,2680,0,410,410,0,820,6180,49440,15596,17777764
Tloc,half,TR,832912,2,1840,0.00184,3680,927,184,1840,0,1840,0,670,670,0,1340,5020,40160,7420,17777764
Tloc,half,TR,303769,2,4040,0.00404,8080,2770,404,4040,0,4040,0,730,730,0,1460,9540,76320,22164,17777764
Tloc,half,TR,223701,2,9820,0.00982,19640,7615,982,9820,0,9820,0,1800,1800,0,3600,23240,185920,60924,17777764
Tloc,half,TR,809314,2,1680,0.00168,3360,810,168,1680,0,1680,0,500,500,0,1000,4360,34880,6484,17777764
Tloc,half,TR,831243,2,2520,0.00252,5040,1787,252,2520,0,2520,0,550,550,0,1100,6140,49120,14300,17777764
Tloc,half,TR,831746,2,1520,0.00152,3040,955,152,1520,0,1520,0,390,390,0,780,3820,30560,7644,17777764
Tloc,half,TR,314373,2,17590,0.01759,35180,14054,1759,17590,0,17590,0,3270,3270,0,6540,41720,333760,112436,17777764
Tloc,half,TR,810800,2,2150,0.00215,4300,1620,215,2150,0,2150,0,400,400,0,800,5100,40800,12964,17777764
Tloc,half,TR,211855,2,1070,0.00107,2140,485,107,1070,0,1070,0,400,400,0,800,2940,23520,3884,17777764
Tloc,half,TR,533614,2,6210,0.00621,12420,4926,621,6210,0,6210,0,1110,1110,0,2220,14640,117120,39412,17777764
Tloc,half,TR,335471,2,5360,0.00536,10720,3930,536,5360,0,5360,0,930,930,0,1860,12580,100640,31444,17777764
Tloc,half,TR,566134,2,21830,0.02183,43660,18084,2183,21830,0,21830,0,3570,3570,0,7140,50800,406400,144676,17777764
Tloc,half,TR,738848,2,35280,0.03528,70560,31391,3528,35280,0,35280,0,4750,4750,0,9500,80060,640480,251132,17777764
Tloc,half,TR,359342,2,12410,0.01241,24820,9233,1241,12410,0,12410,0,1960,1960,0,3920,28740,229920,73868,17777764
Tloc,half,TR,965210,2,6010,0.00601,12020,4465,601,6010,0,6010,0,1090,1090,0,2180,14200,113600,35724,17777764
Tloc,half,TR,928413,2,14000,0.014,28000,11061,1400,14000,0,14000,0,2070,2070,0,4140,32140,257120,88492,17777764
Tloc,half,TR,998782,2,360,0.00036,720,270,36,360,0,360,0,90,90,0,180,900,7200,2164,17777764
Tloc,half,TR,248373,2,8330,0.00833,16660,6992,833,8330,0,8330,0,1170,1170,0,2340,19000,152000,55940,17777764
Tloc,half,TR,113110,2,1200,0.0012,2400,873,120,1200,0,1200,0,200,200,0,400,2800,22400,6988,17777764
Tloc,half,TR,421120,2,62670,0.06267,125340,56270,6267,62670,0,62670,0,8800,8800,0,17600,142940,1143520,450164,17777764
Tloc,half,TR,579626,2,42920,0.04292,85840,39307,4292,42920,0,42920,0,5380,5380,0,10760,96600,772800,314460,17777764
Tloc,half,TR,997466,2,410,0.00041,820,328,41,410,0,410,0,90,90,0,180,1000,8000,2628,17777764
Tloc,half,TR,522760,2,41950,0.04195,83900,38924,4195,41950,0,41950,0,5490,5490,0,10980,94880,759040,311396,17777764
Tloc,half,TR,134930,2,7710,0.00771,15420,6313,771,7710,0,7710,0,1210,1210,0,2420,17840,142720,50508,17777764
Tloc,half,TR,786964,2,10600,0.0106,21200,7859,1060,10600,0,10600,0,1560,1560,0,3120,24320,194560,62876,17777764
Tloc,half,TR,884325,2,5640,0.00564,11280,4395,564,5640,0,5640,0,1000,1000,0,2000,13280,106240,35164,17777764
Tloc,half,TR,552447,2,6430,0.00643,12860,4168,643,6430,0,6430,0,1180,1180,0,2360,15220,121760,33348,17777764
Tloc,half,TR,504571,2,12230,0.01223,24460,9402,1223,12230,0,12230,0,2510,2510,0,5020,29480,235840,75220,17777764
Tloc,half,TR,951244,2,16140,0.01614,32280,13346,1614,16140,0,16140,0,2650,2650,0,5300,37580,300640,106772,17777764
Tloc,half,TR,220807,2,12570,0.01257,25140,9705,1257,12570,0,12570,0,2090,2090,0,4180,29320,234560,77644,17777764
Tloc,half,TR,681257,2,14160,0.01416,28320,10722,1416,14160,0,14160,0,2430,2430,0,4860,33180,265440,85780,17777764
Tloc,half,TR,417658,2,45030,0.04503,90060,40055,4503,45030,0,45030,0,6950,6950,0,13900,103960,831680,320444,17777764
Tloc,half,TR,266352,2,15810,0.01581,31620,13392,1581,15810,0,15810,0,2370,2370,0,4740,36360,290880,107140,17777764
Tloc,half,TF,584510,2,55910,0.05591,111820,51388,5591,55910,4522,51388,0,7080,0,0,14160,125980,1007840,411108,17777764
Tloc,half,TF,860467,2,1870,0.00187,3740,776,187,1870,1094,776,0,460,0,0,920,4660,37280,6212,17777764
Tloc,half,TF,923923,2,23330,0.02333,46660,20320,2333,23330,3010,20320,0,3600,0,0,7200,53860,430880,162564,17777764
Tloc,half,TF,533409,2,6600,0.0066,13200,5349,660,6600,1251,5349,0,1130,0,0,2260,15460,123680,42796,17777764
Tloc,half,TF,220435,2,10360,0.01036,20720,7407,1036,10360,2953,7407,0,1780,0,0,3560,24280,194240,59260,17777764
Tloc,half,TF,395173,2,6080,0.00608,12160,4783,608,6080,1297,4783,0,1180,0,0,2360,14520,116160,38268,17777764
Tloc,half,TF,125555,2,860,0.00086,1720,461,86,860,399,461,0,640,0,0,1280,3000,24000,3692,17777764
Tloc,half,TF,37317,2,430,0.00043,860,288,43,430,142,288,0,130,0,0,260,1120,8960,2308,17777764
Tloc,half,TF,326694,2,18680,0.01868,37360,15168,1868,18680,3512,15168,0,2820,0,0,5640,43000,344000,121348,17777764
Tloc,half,TF,408325,2,31880,0.03188,63760,26769,3188,31880,5111,26769,0,5510,0,0,11020,74780,598240,214156,17777764
Tloc,half,TF,928005,2,10290,0.01029,20580,7385,1029,10290,2905,7385,0,1780,0,0,3560,24140,193120,59084,17777764
Tloc,half,TF,636852,2,23970,0.02397,47940,20491,2397,23970,3479,20491,0,3840,0,0,7680,55620,444960,163932,17777764
Tloc,half,TF,565201,2,23390,0.02339,46780,19282,2339,23390,4108,19282,0,3630,0,0,7260,54040,432320,154260,17777764
Tloc,half,TF,416400,2,45620,0.04562,91240,40750,4562,45620,4870,40750,0,6980,0,0,13960,105200,841600,326004,17777764
Tloc,half,TF,671950,2,13090,0.01309,26180,9023,1309,13090,4067,9023,0,2140,0,0,4280,30460,243680,72188,17777764
Tloc,half,TF,100598,2,7250,0.00725,14500,4881,725,7250,2369,4881,0,1230,0,0,2460,16960,135680,39052,17777764
Tloc,half,TF,130060,2,1050,0.00105,2100,655,105,1050,395,655,0,240,0,0,480,2580,20640,5244,17777764
Tloc,half,TF,763603,2,12890,0.01289,25780,10512,1289,12890,2378,10512,0,1850,0,0,3700,29480,235840,84100,17777764
Tloc,half,TF,229656,2,2860,0.00286,5720,2048,286,2860,812,2048,0,490,0,0,980,6700,53600,16388,17777764
Tloc,half,TF,854752,2,14550,0.01455,29100,11838,1455,14550,2712,11838,0,1910,0,0,3820,32920,263360,94708,17777764
Tloc,half,TF,717147,2,16420,0.01642,32840,12852,1642,16420,3568,12852,0,2550,0,0,5100,37940,303520,102820,17777764
Tloc,half,TF,253796,2,14910,0.01491,29820,11923,1491,14910,2987,11923,0,2040,0,0,4080,33900,271200,95388,17777764
Tloc,half,TF,594298,2,38080,0.03808,76160,34057,3808,38080,4023,34057,0,5330,0,0,10660,86820,694560,272460,17777764
Tloc,half,TF,802333,2,16970,0.01697,33940,13205,1697,16970,3765,13205,0,3040,0,0,6080,40020,320160,105644,17777764
Tloc,half,TF,907497,2,1740,0.00174,3480,1036,174,1740,704,1036,0,430,0,0,860,4340,34720,8292,17777764
Tloc,half,TF,970136,2,11980,0.01198,23960,9719,1198,11980,2261,9719,0,1860,0,0,3720,27680,221440,77756,17777764
Tloc,half,TF,472710,2,60960,0.06096,121920,56086,6096,60960,4874,56086,0,8210,0,0,16420,138340,1106720,448692,17777764
Tloc,half,TF,311434,2,7450,0.00745,14900,5032,745,7450,2418,5032,0,1700,0,0,3400,18300,146400,40260,17777764
Tloc,half,TF,152112,2,2010,0.00201,4020,1143,201,2010,867,1143,0,440,0,0,880,4900,39200,9148,17777764
Tloc,half,TF,262882,2,810,0.00081,1620,684,81,810,126,684,0,160,0,0,320,1940,15520,5476,17777764
Tloc,half,TF,706522,2,2680,0.00268,5360,1949,268,2680,731,1949,0,410,0,0,820,6180,49440,15596,17777764
Tloc,half,TF,832912,2,1840,0.00184,3680,927,184,1840,913,927,0,670,0,0,1340,5020,40160,7420,17777764
Tloc,half,TF,303769,2,4040,0.00404,8080,2770,404,4040,1270,2770,0,730,0,0,1460,9540,76320,22164,17777764
Tloc,half,TF,223701,2,9820,0.00982,19640,7615,982,9820,2205,7615,0,1800,0,0,3600,23240,185920,60924,17777764
Tloc,half,TF,809314,2,1680,0.00168,3360,810,168,1680,870,810,0,500,0,0,1000,4360,34880,6484,17777764
Tloc,half,TF,831243,2,2520,0.00252,5040,1787,252,2520,733,1787,0,550,0,0,1100,6140,49120,14300,17777764
Tloc,half,TF,831746,2,1520,0.00152,3040,955,152,1520,565,955,0,390,0,0,780,3820,30560,7644,17777764
Tloc,half,TF,314373,2,17590,0.01759,35180,14054,1759,17590,3536,14054,0,3270,0,0,6540,41720,333760,112436,17777764
Tloc,half,TF,810800,2,2150,0.00215,4300,1620,215,2150,530,1620,0,400,0,0,800,5100,40800,12964,17777764
Tloc,half,TF,211855,2,1070,0.00107,2140,485,107,1070,585,485,0,400,0,0,800,2940,23520,3884,17777764
Tloc,half,TF,533614,2,6210,0.00621,12420,4926,621,6210,1284,4926,0,1110,0,0,2220,14640,117120,39412,17777764
Tloc,half,TF,335471,2,5360,0.00536,10720,3930,536,5360,1430,3930,0,930,0,0,1860,12580,100640,31444,17777764
Tloc,half,TF,566134,2,21830,0.02183,43660,18084,2183,21830,3746,18084,0,3570,0,0,7140,50800,406400,144676,17777764
Tloc,half,TF,738848,2,35280,0.03528,70560,31391,3528,35280,3889,31391,0,4750,0,0,9500,80060,640480,251132,17777764
Tloc,half,TF,359342,2,12410,0.01241,24820,9233,1241,12410,3177,9233,0,1960,0,0,3920,28740,229920,73868,17777764
Tloc,half,TF,965210,2,6010,0.00601,12020,4465,601,6010,1545,4465,0,1090,0,0,2180,14200,113600,35724,17777764
Tloc,half,TF,928413,2,14000,0.014,28000,11061,1400,14000,2939,11061,0,2070,0,0,4140,32140,257120,88492,17777764
Tloc,half,TF,998782,2,360,0.00036,720,270,36,360,90,270,0,90,0,0,180,900,7200,2164,17777764
Tloc,half,TF,248373,2,8330,0.00833,16660,6992,833,8330,1338,6992,0,1170,0,0,2340,19000,152000,55940,17777764
Tloc,half,TF,113110,2,1200,0.0012,2400,873,120,1200,327,873,0,200,0,0,400,2800,22400,6988,17777764
Tloc,half,TF,421120,2,62670,0.06267,125340,56270,6267,62670,6400,56270,0,8800,0,0,17600,142940,1143520,450164,17777764
Tloc,half,TF,579626,2,42920,0.04292,85840,39307,4292,42920,3613,39307,0,5380,0,0,10760,96600,772800,314460,17777764
Tloc,half,TF,997466,2,410,0.00041,820,328,41,410,82,328,0,90,0,0,180,1000,8000,2628,17777764
Tloc,half,TF,522760,2,41950,0.04195,83900,38924,4195,41950,3026,38924,0,5490,0,0,10980,94880,759040,311396,17777764
Tloc,half,TF,134930,2,7710,0.00771,15420,6313,771,7710,1397,6313,0,1210,0,0,2420,17840,142720,50508,17777764
Tloc,half,TF,786964,2,10600,0.0106,21200,7859,1060,10600,2741,7859,0,1560,0,0,3120,24320,194560,62876,17777764
Tloc,half,TF,884325,2,5640,0.00564,11280,4395,564,5640,1245,4395,0,1000,0,0,2000,13280,106240,35164,17777764
Tloc,half,TF,552447,2,6430,0.00643,12860,4168,643,6430,2262,4168,0,1180,0,0,2360,15220,121760,33348,17777764
Tloc,half,TF,504571,2,12230,0.01223,24460,9402,1223,12230,2828,9402,0,2510,0,0,5020,29480,235840,75220,17777764
Tloc,half,TF,951244,2,16140,0.01614,32280,13346,1614,16140,2794,13346,0,2650,0,0,5300,37580,300640,106772,17777764
Tloc,half,TF,220807,2,12570,0.01257,25140,9705,1257,12570,2865,9705,0,2090,0,0,4180,29320,234560,77644,17777764
Tloc,half,TF,681257,2,14160,0.01416,28320,10722,1416,14160,3438,10722,0,2430,0,0,4860,33180,265440,85780,17777764
Tloc,half,TF,417658,2,45030,0.04503,90060,40055,4503,45030,4975,40055,0,6950,0,0,13900,103960,831680,320444,17777764
Tloc,half,TF,266352,2,15810,0.01581,31620,13392,1581,15810,2418,13392,0,2370,0,0,4740,36360,290880,107140,17777764
GIST,normal,FR,584510,960,1000000,1.0,960000000,1,,1000000,0,1000000,0,0,0,0,0,960000000,7680000000,12,17777764
GIST,normal,FR,860467,960,1000000,1.0,960000000,110513,,1000000,0,1000000,0,0,0,0,0,960000000,7680000000,884108,17777764
GIST,normal,FR,923923,960,1000000,1.0,960000000,1,,1000000,0,1000000,0,0,0,0,0,960000000,7680000000,12,17777764
GIST,normal,FR,533409,960,1000000,1.0,960000000,120801,,1000000,0,1000000,0,0,0,0,0,960000000,7680000000,966412,17777764
GIST,normal,FR,220435,960,1000000,1.0,960000000,302764,,1000000,0,1000000,0,0,0,0,0,960000000,7680000000,2422116,17777764
GIST,normal,FR,395173,960,1000000,1.0,960000000,262241,,1000000,0,1000000,0,0,0,0,0,960000000,7680000000,2097932,17777764
GIST,normal,FR,125555,960,1000000,1.0,960000000,75155,,1000000,0,1000000,0,0,0,0,0,960000000,7680000000,601244,17777764
GIST,normal,FR,37317,960,1000000,1.0,960000000,482,,1000000,0,1000000,0,0,0,0,0,960000000,7680000000,3860,17777764
GIST,normal,FR,326694,960,1000000,1.0,960000000,2,,1000000,0,1000000,0,0,0,0,0,960000000,7680000000,20,17777764
GIST,normal,FR,408325,960,1000000,1.0,960000000,1772,,1000000,0,1000000,0,0,0,0,0,960000000,7680000000,14180,17777764
GIST,normal,FR,928005,960,1000000,1.0,960000000,1001,,1000000,0,1000000,0,0,0,0,0,960000000,7680000000,8012,17777764
GIST,normal,FR,636852,960,1000000,1.0,960000000,324005,,1000000,0,1000000,0,0,0,0,0,960000000,7680000000,2592044,17777764
GIST,normal,FR,565201,960,1000000,1.0,960000000,6396,,1000000,0,1000000,0,0,0,0,0,960000000,7680000000,51172,17777764
GIST,normal,FR,416400,960,1000000,1.0,960000000,5024,,1000000,0,1000000,0,0,0,0,0,960000000,7680000000,40196,17777764
GIST,normal,FR,671950,960,1000000,1.0,960000000,1,,1000000,0,1000000,0,0,0,0,0,960000000,7680000000,12,17777764
GIST,normal,FR,100598,960,1000000,1.0,960000000,274260,,1000000,0,1000000,0,0,0,0,0,960000000,7680000000,2194084,17777764
GIST,normal,FR,130060,960,1000000,1.0,960000000,136432,,1000000,0,1000000,0,0,0,0,0,960000000,7680000000,1091460,17777764
GIST,normal,FR,763603,960,1000000,1.0,960000000,301541,,1000000,0,1000000,0,0,0,0,0,960000000,7680000000,2412332,17777764
GIST,normal,FR,229656,960,1000000,1.0,960000000,16,,1000000,0,1000000,0,0,0,0,0,960000000,7680000000,132,17777764
GIST,normal,FR,854752,960,1000000,1.0,960000000,794,,1000000,0,1000000,0,0,0,0,0,960000000,7680000000,6356,17777764
GIST,normal,FR,717147,960,1000000,1.0,960000000,476,,1000000,0,1000000,0,0,0,0,0,960000000,7680000000,3812,17777764
GIST,normal,FR,253796,960,1000000,1.0,960000000,3,,1000000,0,1000000,0,0,0,0,0,960000000,7680000000,28,17777764
GIST,normal,FR,594298,960,1000000,1.0,960000000,4,,1000000,0,1000000,0,0,0,0,0,960000000,7680000000,36,17777764
GIST,normal,FR,802333,960,1000000,1.0,960000000,146327,,1000000,0,1000000,0,0,0,0,0,960000000,7680000000,1170620,17777764
GIST,normal,FR,907497,960,1000000,1.0,960000000,252358,,1000000,0,1000000,0,0,0,0,0,960000000,7680000000,2018868,17777764
GIST,normal,FR,970136,960,1000000,1.0,960000000,43571,,1000000,0,1000000,0,0,0,0,0,960000000,7680000000,348572,17777764
GIST,normal,FR,472710,960,1000000,1.0,960000000,1,,1000000,0,1000000,0,0,0,0,0,960000000,7680000000,12,17777764
GIST,normal,FR,311434,960,1000000,1.0,960000000,1,,1000000,0,1000000,0,0,0,0,0,960000000,7680000000,12,17777764
GIST,normal,FR,152112,960,1000000,1.0,960000000,1,,1000000,0,1000000,0,0,0,0,0,960000000,7680000000,12,17777764
GIST,normal,FR,262882,960,1000000,1.0,960000000,350,,1000000,0,1000000,0,0,0,0,0,960000000,7680000000,2804,17777764
GIST,normal,FR,706522,960,1000000,1.0,960000000,217682,,1000000,0,1000000,0,0,0,0,0,960000000,7680000000,1741460,17777764
GIST,normal,FR,832912,960,1000000,1.0,960000000,32198,,1000000,0,1000000,0,0,0,0,0,960000000,7680000000,257588,17777764
GIST,normal,FR,303769,960,1000000,1.0,960000000,17440,,1000000,0,1000000,0,0,0,0,0,960000000,7680000000,139524,17777764
GIST,normal,FR,223701,960,1000000,1.0,960000000,5223,,1000000,0,1000000,0,0,0,0,0,960000000,7680000000,41788,17777764
GIST,normal,FR,809314,960,1000000,1.0,960000000,2575,,1000000,0,1000000,0,0,0,0,0,960000000,7680000000,20604,17777764
GIST,normal,FR,831243,960,1000000,1.0,960000000,1,,1000000,0,1000000,0,0,0,0,0,960000000,7680000000,12,17777764
GIST,normal,FR,831746,960,1000000,1.0,960000000,232210,,1000000,0,1000000,0,0,0,0,0,960000000,7680000000,1857684,17777764
GIST,normal,FR,314373,960,1000000,1.0,960000000,245446,,1000000,0,1000000,0,0,0,0,0,960000000,7680000000,1963572,17777764
GIST,normal,FR,810800,960,1000000,1.0,960000000,8735,,1000000,0,1000000,0,0,0,0,0,960000000,7680000000,69884,17777764
GIST,normal,FR,211855,960,1000000,1.0,960000000,2,,1000000,0,1000000,0,0,0,0,0,960000000,7680000000,20,17777764
GIST,normal,FR,533614,960,1000000,1.0,960000000,65593,,1000000,0,1000000,0,0,0,0,0,960000000,7680000000,524748,17777764
GIST,normal,FR,335471,960,1000000,1.0,960000000,221008,,1000000,0,1000000,0,0,0,0,0,960000000,7680000000,1768068,17777764
GIST,normal,FR,566134,960,1000000,1.0,960000000,123319,,1000000,0,1000000,0,0,0,0,0,960000000,7680000000,986556,17777764
GIST,normal,FR,738848,960,1000000,1.0,960000000,350706,,1000000,0,1000000,0,0,0,0,0,960000000,7680000000,2805652,17777764
GIST,normal,FR,359342,960,1000000,1.0,960000000,1,,1000000,0,1000000,0,0,0,0,0,960000000,7680000000,12,17777764
GIST,normal,FR,965210,960,1000000,1.0,960000000,464,,1000000,0,1000000,0,0,0,0,0,960000000,7680000000,3716,17777764
GIST,normal,FR,928413,960,1000000,1.0,960000000,101193,,1000000,0,1000000,0,0,0,0,0,960000000,7680000000,809548,17777764
GIST,normal,FR,998782,960,1000000,1.0,960000000,312168,,1000000,0,1000000,0,0,0,0,0,960000000,7680000000,2497348,17777764
GIST,normal,FR,248373,960,1000000,1.0,960000000,424,,1000000,0,1000000,0,0,0,0,0,960000000,7680000000,3396,17777764
GIST,normal,FR,113110,960,1000000,1.0,960000000,298393,,1000000,0,1000000,0,0,0,0,0,960000000,7680000000,2387148,17777764
GIST,normal,FR,421120,960,1000000,1.0,960000000,1,,1000000,0,1000000,0,0,0,0,0,960000000,7680000000,12,17777764
GIST,normal,FR,579626,960,1000000,1.0,960000000,21074,,1000000,0,1000000,0,0,0,0,0,960000000,7680000000,168596,17777764
GIST,normal,FR,997466,960,1000000,1.0,960000000,171628,,1000000,0,1000000,0,0,0,0,0,960000000,7680000000,1373028,17777764
GIST,normal,FR,522760,960,1000000,1.0,960000000,150559,,1000000,0,1000000,0,0,0,0,0,960000000,7680000000,1204476,17777764
GIST,normal,FR,134930,960,1000000,1.0,960000000,269,,1000000,0,1000000,0,0,0,0,0,960000000,7680000000,2156,17777764
GIST,normal,FR,786964,960,1000000,1.0,960000000,4537,,1000000,0,1000000,0,0,0,0,0,960000000,7680000000,36300,17777764
GIST,normal,FR,884325,960,1000000,1.0,960000000,349201,,1000000,0,1000000,0,0,0,0,0,960000000,7680000000,2793612,17777764
GIST,normal,FR,552447,960,1000000,1.0,960000000,174588,,1000000,0,1000000,0,0,0,0,0,960000000,7680000000,1396708,17777764
GIST,normal,FR,504571,960,1000000,1.0,960000000,1573,,1000000,0,1000000,0,0,0,0,0,960000000,7680000000,12588,17777764
GIST,normal,FR,951244,960,1000000,1.0,960000000,5415,,1000000,0,1000000,0,0,0,0,0,960000000,7680000000,43324,17777764
GIST,normal,FR,220807,960,1000000,1.0,960000000,147226,,1000000,0,1000000,0,0,0,0,0,960000000,7680000000,1177812,17777764
GIST,normal,FR,681257,960,1000000,1.0,960000000,1,,1000000,0,1000000,0,0,0,0,0,960000000,7680000000,12,17777764
GIST,normal,FR,417658,960,1000000,1.0,960000000,18,,1000000,0,1000000,0,0,0,0,0,960000000,7680000000,148,17777764
GIST,normal,FR,266352,960,1000000,1.0,960000000,12132,,1000000,0,1000000,0,0,0,0,0,960000000,7680000000,97060,17777764
GIST,normal,FF,584510,960,1000000,1.0,960000000,1,,1000000,999999,1,0,0,0,0,0,960000000,7680000000,12,17777764
GIST,normal,FF,860467,960,1000000,1.0,960000000,110513,,1000000,889306,110694,0,0,0,0,0,960000000,7680000000,884108,17777764
GIST,normal,FF,923923,960,1000000,1.0,960000000,1,,1000000,999999,1,0,0,0,0,0,960000000,7680000000,12,17777764
GIST,normal,FF,533409,960,1000000,1.0,960000000,120801,,1000000,879035,120965,0,0,0,0,0,960000000,7680000000,966412,17777764
GIST,normal,FF,220435,960,1000000,1.0,960000000,302764,,1000000,697054,302946,0,0,0,0,0,960000000,7680000000,2422116,17777764
GIST,normal,FF,395173,960,1000000,1.0,960000000,262241,,1000000,737646,262354,0,0,0,0,0,960000000,7680000000,2097932,17777764
GIST,normal,FF,125555,960,1000000,1.0,960000000,75155,,1000000,924691,75309,0,0,0,0,0,960000000,7680000000,601244,17777764
GIST,normal,FF,37317,960,1000000,1.0,960000000,482,,1000000,999515,485,0,0,0,0,0,960000000,7680000000,3860,17777764
GIST,normal,FF,326694,960,1000000,1.0,960000000,2,,1000000,999998,2,0,0,0,0,0,960000000,7680000000,20,17777764
GIST,normal,FF,408325,960,1000000,1.0,960000000,1772,,1000000,998216,1784,0,0,0,0,0,960000000,7680000000,14180,17777764
GIST,normal,FF,928005,960,1000000,1.0,960000000,1001,,1000000,998998,1002,0,0,0,0,0,960000000,7680000000,8012,17777764
GIST,normal,FF,636852,960,1000000,1.0,960000000,324005,,1000000,675717,324283,0,0,0,0,0,960000000,7680000000,2592044,17777764
GIST,normal,FF,565201,960,1000000,1.0,960000000,6396,,1000000,993563,6437,0,0,0,0,0,960000000,7680000000,51172,17777764
GIST,normal,FF,416400,960,1000000,1.0,960000000,5024,,1000000,994947,5053,0,0,0,0,0,960000000,7680000000,40196,17777764
GIST,normal,FF,671950,960,1000000,1.0,960000000,1,,1000000,999999,1,0,0,0,0,0,960000000,7680000000,12,17777764
GIST,normal,FF,100598,960,1000000,1.0,960000000,274260,,1000000,725658,274342,0,0,0,0,0,960000000,7680000000,2194084,17777764
GIST,normal,FF,130060,960,1000000,1.0,960000000,136432,,1000000,863362,136638,0,0,0,0,0,960000000,7680000000,1091460,17777764
GIST,normal,FF,763603,960,1000000,1.0,960000000,301541,,1000000,698260,301740,0,0,0,0,0,960000000,7680000000,2412332,17777764
GIST,normal,FF,229656,960,1000000,1.0,960000000,16,,1000000,999984,16,0,0,0,0,0,960000000,7680000000,132,17777764
GIST,normal,FF,854752,960,1000000,1.0,960000000,794,,1000000,999203,797,0,0,0,0,0,960000000,7680000000,6356,17777764
GIST,normal,FF,717147,960,1000000,1.0,960000000,476,,1000000,999521,479,0,0,0,0,0,960000000,7680000000,3812,17777764
GIST,normal,FF,253796,960,1000000,1.0,960000000,3,,1000000,999997,3,0,0,0,0,0,960000000,7680000000,28,17777764
GIST,normal,FF,594298,960,1000000,1.0,960000000,4,,1000000,999996,4,0,0,0,0,0,960000000,7680000000,36,17777764
GIST,normal,FF,802333,960,1000000,1.0,960000000,146327,,1000000,853455,146545,0,0,0,0,0,960000000,7680000000,1170620,17777764
GIST,normal,FF,907497,960,1000000,1.0,960000000,252358,,1000000,747375,252625,0,0,0,0,0,960000000,7680000000,2018868,17777764
GIST,normal,FF,970136,960,1000000,1.0,960000000,43571,,1000000,956317,43683,0,0,0,0,0,960000000,7680000000,348572,17777764
GIST,normal,FF,472710,960,1000000,1.0,960000000,1,,1000000,999999,1,0,0,0,0,0,960000000,7680000000,12,17777764
GIST,normal,FF,311434,960,1000000,1.0,960000000,1,,1000000,999999,1,0,0,0,0,0,960000000,7680000000,12,17777764
GIST,normal,FF,152112,960,1000000,1.0,960000000,1,,1000000,999999,1,0,0,0,0,0,960000000,7680000000,12,17777764
GIST,normal,FF,262882,960,1000000,1.0,960000000,350,,1000000,999649,351,0,0,0,0,0,960000000,7680000000,2804,17777764
GIST,normal,FF,706522,960,1000000,1.0,960000000,217682,,1000000,782246,217754,0,0,0,0,0,960000000,7680000000,1741460,17777764
GIST,normal,FF,832912,960,1000000,1.0,960000000,32198,,1000000,967724,32276,0,0,0,0,0,960000000,7680000000,257588,17777764
GIST,normal,FF,303769,960,1000000,1.0,960000000,17440,,1000000,982508,17492,0,0,0,0,0,960000000,7680000000,139524,17777764
GIST,normal,FF,223701,960,1000000,1.0,960000000,5223,,1000000,994755,5245,0,0,0,0,0,960000000,7680000000,41788,17777764
GIST,normal,FF,809314,960,1000000,1.0,960000000,2575,,1000000,997418,2582,0,0,0,0,0,960000000,7680000000,20604,17777764
GIST,normal,FF,831243,960,1000000,1.0,960000000,1,,1000000,999999,1,0,0,0,0,0,960000000,7680000000,12,17777764
GIST,normal,FF,831746,960,1000000,1.0,960000000,232210,,1000000,767543,232457,0,0,0,0,0,960000000,7680000000,1857684,17777764
GIST,normal,FF,314373,960,1000000,1.0,960000000,245446,,1000000,754434,245566,0,0,0,0,0,960000000,7680000000,1963572,17777764
GIST,normal,FF,810800,960,1000000,1.0,960000000,8735,,1000000,991233,8767,0,0,0,0,0,960000000,7680000000,69884,17777764
GIST,normal,FF,211855,960,1000000,1.0,960000000,2,,1000000,999998,2,0,0,0,0,0,960000000,7680000000,20,17777764
GIST,normal,FF,533614,960,1000000,1.0,960000000,65593,,1000000,934249,65751,0,0,0,0,0,960000000,7680000000,524748,17777764
GIST,normal,FF,335471,960,1000000,1.0,960000000,221008,,1000000,778762,221238,0,0,0,0,0,960000000,7680000000,1768068,17777764
GIST,normal,FF,566134,960,1000000,1.0,960000000,123319,,1000000,876548,123452,0,0,0,0,0,960000000,7680000000,986556,17777764
GIST,normal,FF,738848,960,1000000,1.0,960000000,350706,,1000000,649085,350915,0,0,0,0,0,960000000,7680000000,2805652,17777764
GIST,normal,FF,359342,960,1000000,1.0,960000000,1,,1000000,999999,1,0,0,0,0,0,960000000,7680000000,12,17777764
GIST,normal,FF,965210,960,1000000,1.0,960000000,464,,1000000,999534,466,0,0,0,0,0,960000000,7680000000,3716,17777764
GIST,normal,FF,928413,960,1000000,1.0,960000000,101193,,1000000,898655,101345,0,0,0,0,0,960000000,7680000000,809548,17777764
GIST,normal,FF,998782,960,1000000,1.0,960000000,312168,,1000000,687650,312350,0,0,0,0,0,960000000,7680000000,2497348,17777764
GIST,normal,FF,248373,960,1000000,1.0,960000000,424,,1000000,999570,430,0,0,0,0,0,960000000,7680000000,3396,17777764
GIST,normal,FF,113110,960,1000000,1.0,960000000,298393,,1000000,701485,298515,0,0,0,0,0,960000000,7680000000,2387148,17777764
GIST,normal,FF,421120,960,1000000,1.0,960000000,1,,1000000,999999,1,0,0,0,0,0,960000000,7680000000,12,17777764
GIST,normal,FF,579626,960,1000000,1.0,960000000,21074,,1000000,978859,21141,0,0,0,0,0,960000000,7680000000,168596,17777764
GIST,normal,FF,997466,960,1000000,1.0,960000000,171628,,1000000,828305,171695,0,0,0,0,0,960000000,7680000000,1373028,17777764
GIST,normal,FF,522760,960,1000000,1.0,960000000,150559,,1000000,849232,150768,0,0,0,0,0,960000000,7680000000,1204476,17777764
GIST,normal,FF,134930,960,1000000,1.0,960000000,269,,1000000,999730,270,0,0,0,0,0,960000000,7680000000,2156,17777764
GIST,normal,FF,786964,960,1000000,1.0,960000000,4537,,1000000,995441,4559,0,0,0,0,0,960000000,7680000000,36300,17777764
GIST,normal,FF,884325,960,1000000,1.0,960000000,349201,,1000000,650646,349354,0,0,0,0,0,960000000,7680000000,2793612,17777764
GIST,normal,FF,552447,960,1000000,1.0,960000000,174588,,1000000,825222,174778,0,0,0,0,0,960000000,7680000000,1396708,17777764
GIST,normal,FF,504571,960,1000000,1.0,960000000,1573,,1000000,998421,1579,0,0,0,0,0,960000000,7680000000,12588,17777764
GIST,normal,FF,951244,960,1000000,1.0,960000000,5415,,1000000,994565,5435,0,0,0,0,0,960000000,7680000000,43324,17777764
GIST,normal,FF,220807,960,1000000,1.0,960000000,147226,,1000000,852521,147479,0,0,0,0,0,960000000,7680000000,1177812,17777764
GIST,normal,FF,681257,960,1000000,1.0,960000000,1,,1000000,999999,1,0,0,0,0,0,960000000,7680000000,12,17777764
GIST,normal,FF,417658,960,1000000,1.0,960000000,18,,1000000,999982,18,0,0,0,0,0,960000000,7680000000,148,17777764
GIST,normal,FF,266352,960,1000000,1.0,960000000,12132,,1000000,987826,12174,0,0,0,0,0,960000000,7680000000,97060,17777764
GIST,normal,CR4,584510,960,864900,0.8649,830304000,1,,864900,0,864900,0,10250,10250,0,9840000,840144000,6721152000,12,17777764
GIST,normal,CR4,860467,960,988900,0.9889,949344000,110513,,988900,0,988900,0,11040,11040,0,10598400,959942400,7679539200,884108,17777764
GIST,normal,CR4,923923,960,756200,0.7562,725952000,1,,756200,0,756200,0,9140,9140,0,8774400,734726400,5877811200,12,17777764
GIST,normal,CR4,533409,960,986600,0.9866,947136000,120801,,986600,0,986600,0,11020,11020,0,10579200,957715200,7661721600,966412,17777764
GIST,normal,CR4,220435,960,987300,0.9873,947808000,302764,,987300,0,987300,0,11020,11020,0,10579200,958387200,7667097600,2422116,17777764
GIST,normal,CR4,395173,960,967100,0.9671,928416000,262241,,967100,0,967100,0,10800,10800,0,10368000,938784000,7510272000,2097932,17777764
GIST,normal,CR4,125555,960,984600,0.9846,945216000,75155,,984600,0,984600,0,11000,11000,0,10560000,955776000,7646208000,601244,17777764
GIST,normal,CR4,37317,960,958600,0.9586,920256000,482,,958600,0,958600,0,10850,10850,0,10416000,930672000,7445376000,3860,17777764
GIST,normal,CR4,326694,960,943800,0.9438,906048000,2,,943800,0,943800,0,10770,10770,0,10339200,916387200,7331097600,20,17777764
GIST,normal,CR4,408325,960,970800,0.9708,931968000,1772,,970800,0,970800,0,10880,10880,0,10444800,942412800,7539302400,14180,17777764
GIST,normal,CR4,928005,960,974400,0.9744,935424000,1001,,974400,0,974400,0,10890,10890,0,10454400,945878400,7567027200,8012,17777764
GIST,normal,CR4,636852,960,986700,0.9867,947232000,324005,,986700,0,986700,0,11010,11010,0,10569600,957801600,7662412800,2592044,17777764
GIST,normal,CR4,565201,960,982300,0.9823,943008000,6396,,982300,0,982300,0,10980,10980,0,10540800,953548800,7628390400,51172,17777764
GIST,normal,CR4,416400,960,968900,0.9689,930144000,5024,,968900,0,968900,0,10870,10870,0,10435200,940579200,7524633600,40196,17777764
GIST,normal,CR4,671950,960,793400,0.7934,761664000,1,,793400,0,793400,0,9830,9830,0,9436800,771100800,6168806400,12,17777764
GIST,normal,CR4,100598,960,959300,0.9593,920928000,274260,,959300,0,959300,0,10740,10740,0,10310400,931238400,7449907200,2194084,17777764
GIST,normal,CR4,130060,960,987700,0.9877,948192000,136432,,987700,0,987700,0,11040,11040,0,10598400,958790400,7670323200,1091460,17777764
GIST,normal,CR4,763603,960,977200,0.9772,938112000,301541,,977200,0,977200,0,10920,10920,0,10483200,948595200,7588761600,2412332,17777764
GIST,normal,CR4,229656,960,946900,0.9469,909024000,16,,946900,0,946900,0,10790,10790,0,10358400,919382400,7355059200,132,17777764
GIST,normal,CR4,854752,960,967900,0.9679,929184000,794,,967900,0,967900,0,10870,10870,0,10435200,939619200,7516953600,6356,17777764
GIST,normal,CR4,717147,960,971200,0.9712,932352000,476,,971200,0,971200,0,10880,10880,0,10444800,942796800,7542374400,3812,17777764
GIST,normal,CR4,253796,960,748000,0.748,718080000,3,,748000,0,748000,0,9320,9320,0,8947200,727027200,5816217600,28,17777764
GIST,normal,CR4,594298,960,957500,0.9575,919200000,4,,957500,0,957500,0,10830,10830,0,10396800,929596800,7436774400,36,17777764
GIST,normal,CR4,802333,960,987200,0.9872,947712000,146327,,987200,0,987200,0,11030,11030,0,10588800,958300800,7666406400,1170620,17777764
GIST,normal,CR4,907497,960,987800,0.9878,948288000,252358,,987800,0,987800,0,11030,11030,0,10588800,958876800,7671014400,2018868,17777764
GIST,normal,CR4,970136,960,976300,0.9763,937248000,43571,,976300,0,976300,0,10900,10900,0,10464000,947712000,7581696000,348572,17777764
GIST,normal,CR4,472710,960,430500,0.4305,413280000,1,,430500,0,430500,0,6310,6310,0,6057600,419337600,3354700800,12,17777764
GIST,normal,CR4,311434,960,891500,0.8915,855840000,1,,891500,0,891500,0,10410,10410,0,9993600,865833600,6926668800,12,17777764
GIST,normal,CR4,152112,960,325200,0.3252,312192000,1,,325200,0,325200,0,5180,5180,0,4972800,317164800,2537318400,12,17777764
GIST,normal,CR4,262882,960,959800,0.9598,921408000,350,,959800,0,959800,0,10850,10850,0,10416000,931824000,7454592000,2804,17777764
GIST,normal,CR4,706522,960,941600,0.9416,903936000,217682,,941600,0,941600,0,10540,10540,0,10118400,914054400,7312435200,1741460,17777764
GIST,normal,CR4,832912,960,976200,0.9762,937152000,32198,,976200,0,976200,0,10900,10900,0,10464000,947616000,7580928000,257588,17777764
GIST,normal,CR4,303769,960,984100,0.9841,944736000,17440,,984100,0,984100,0,11000,11000,0,10560000,955296000,7642368000,139524,17777764
GIST,normal,CR4,223701,960,982300,0.9823,943008000,5223,,982300,0,982300,0,10970,10970,0,10531200,953539200,7628313600,41788,17777764
GIST,normal,CR4,809314,960,976900,0.9769,937824000,2575,,976900,0,976900,0,10920,10920,0,10483200,948307200,7586457600,20604,17777764
GIST,normal,CR4,831243,960,868300,0.8683,833568000,1,,868300,0,868300,0,10340,10340,0,9926400,843494400,6747955200,12,17777764
GIST,normal,CR4,831746,960,987900,0.9879,948384000,232210,,987900,0,987900,0,11040,11040,0,10598400,958982400,7671859200,1857684,17777764
GIST,normal,CR4,314373,960,976500,0.9765,937440000,245446,,976500,0,976500,0,10900,10900,0,10464000,947904000,7583232000,1963572,17777764
GIST,normal,CR4,810800,960,977900,0.9779,938784000,8735,,977900,0,977900,0,10920,10920,0,10483200,949267200,7594137600,69884,17777764
GIST,normal,CR4,211855,960,855900,0.8559,821664000,2,,855900,0,855900,0,10170,10170,0,9763200,831427200,6651417600,20,17777764
GIST,normal,CR4,533614,960,981700,0.9817,942432000,65593,,981700,0,981700,0,10970,10970,0,10531200,952963200,7623705600,524748,17777764
GIST,normal,CR4,335471,960,987600,0.9876,948096000,221008,,987600,0,987600,0,11040,11040,0,10598400,958694400,7669555200,1768068,17777764
GIST,normal,CR4,566134,960,987400,0.9874,947904000,123319,,987400,0,987400,0,11020,11020,0,10579200,958483200,7667865600,986556,17777764
GIST,normal,CR4,738848,960,987100,0.9871,947616000,350706,,987100,0,987100,0,11030,11030,0,10588800,958204800,7665638400,2805652,17777764
GIST,normal,CR4,359342,960,923100,0.9231,886176000,1,,923100,0,923100,0,10650,10650,0,10224000,896400000,7171200000,12,17777764
GIST,normal,CR4,965210,960,953300,0.9533,915168000,464,,953300,0,953300,0,10840,10840,0,10406400,925574400,7404595200,3716,17777764
GIST,normal,CR4,928413,960,984500,0.9845,945120000,101193,,984500,0,984500,0,11000,11000,0,10560000,955680000,7645440000,809548,17777764
GIST,normal,CR4,998782,960,984700,0.9847,945312000,312168,,984700,0,984700,0,11000,11000,0,10560000,955872000,7646976000,2497348,17777764
GIST,normal,CR4,248373,960,960100,0.9601,921696000,424,,960100,0,960100,0,10850,10850,0,10416000,932112000,7456896000,3396,17777764
GIST,normal,CR4,113110,960,972100,0.9721,933216000,298393,,972100,0,972100,0,10870,10870,0,10435200,943651200,7549209600,2387148,17777764
GIST,normal,CR4,421120,960,905400,0.9054,869184000,1,,905400,0,905400,0,10510,10510,0,10089600,879273600,7034188800,12,17777764
GIST,normal,CR4,579626,960,981500,0.9815,942240000,21074,,981500,0,981500,0,10970,10970,0,10531200,952771200,7622169600,168596,17777764
GIST,normal,CR4,997466,960,984200,0.9842,944832000,171628,,984200,0,984200,0,11000,11000,0,10560000,955392000,7643136000,1373028,17777764
GIST,normal,CR4,522760,960,988100,0.9881,948576000,150559,,988100,0,988100,0,11030,11030,0,10588800,959164800,7673318400,1204476,17777764
GIST,normal,CR4,134930,960,977800,0.9778,938688000,269,,977800,0,977800,0,10930,10930,0,10492800,949180800,7593446400,2156,17777764
GIST,normal,CR4,786964,960,978100,0.9781,938976000,4537,,978100,0,978100,0,10920,10920,0,10483200,949459200,7595673600,36300,17777764
GIST,normal,CR4,884325,960,965800,0.9658,927168000,349201,,965800,0,965800,0,10790,10790,0,10358400,937526400,7500211200,2793612,17777764
GIST,normal,CR4,552447,960,988600,0.9886,949056000,174588,,988600,0,988600,0,11040,11040,0,10598400,959654400,7677235200,1396708,17777764
GIST,normal,CR4,504571,960,978000,0.978,938880000,1573,,978000,0,978000,0,10950,10950,0,10512000,949392000,7595136000,12588,17777764
GIST,normal,CR4,951244,960,976000,0.976,936960000,5415,,976000,0,976000,0,10900,10900,0,10464000,947424000,7579392000,43324,17777764
GIST,normal,CR4,220807,960,983000,0.983,943680000,147226,,983000,0,983000,0,10970,10970,0,10531200,954211200,7633689600,1177812,17777764
GIST,normal,CR4,681257,960,896800,0.8968,860928000,1,,896800,0,896800,0,10480,10480,0,10060800,870988800,6967910400,12,17777764
GIST,normal,CR4,417658,960,935600,0.9356,898176000,18,,935600,0,935600,0,10770,10770,0,10339200,908515200,7268121600,148,17777764
GIST,normal,CR4,266352,960,969400,0.9694,930624000,12132,,969400,0,969400,0,10870,10870,0,10435200,941059200,7528473600,97060,17777764
GIST,normal,CF4,584510,960,864900,0.8649,830304000,1,,864900,864899,1,0,10250,0,0,9840000,840144000,6721152000,12,17777764
GIST,normal,CF4,860467,960,988900,0.9889,949344000,110513,,988900,878206,110694,0,11040,0,0,10598400,959942400,7679539200,884108,17777764
GIST,normal,CF4,923923,960,756800,0.7568,726528000,1,,756800,756799,1,0,9150,0,0,8784000,735312000,5882496000,12,17777764
GIST,normal,CF4,533409,960,986600,0.9866,947136000,120801,,986600,865635,120965,0,11020,0,0,10579200,957715200,7661721600,966412,17777764
GIST,normal,CF4,220435,960,987300,0.9873,947808000,302764,,987300,684354,302946,0,11020,0,0,10579200,958387200,7667097600,2422116,17777764
GIST,normal,CF4,395173,960,967100,0.9671,928416000,262241,,967100,704746,262354,0,10800,0,0,10368000,938784000,7510272000,2097932,17777764
GIST,normal,CF4,125555,960,984600,0.9846,945216000,75155,,984600,909291,75309,0,11000,0,0,10560000,955776000,7646208000,601244,17777764
GIST,normal,CF4,37317,960,958600,0.9586,920256000,482,,958600,958115,485,0,10850,0,0,10416000,930672000,7445376000,3860,17777764
GIST,normal,CF4,326694,960,943800,0.9438,906048000,2,,943800,943798,2,0,10770,0,0,10339200,916387200,7331097600,20,17777764
GIST,normal,CF4,408325,960,970800,0.9708,931968000,1772,,970800,969016,1784,0,10880,0,0,10444800,942412800,7539302400,14180,17777764
GIST,normal,CF4,928005,960,974400,0.9744,935424000,1001,,974400,973398,1002,0,10890,0,0,10454400,945878400,7567027200,8012,17777764
GIST,normal,CF4,636852,960,986700,0.9867,947232000,324005,,986700,662417,324283,0,11010,0,0,10569600,957801600,7662412800,2592044,17777764
GIST,normal,CF4,565201,960,982300,0.9823,943008000,6396,,982300,975863,6437,0,10980,0,0,10540800,953548800,7628390400,51172,17777764
GIST,normal,CF4,416400,960,969900,0.9699,931104000,5024,,969900,964847,5053,0,10880,0,0,10444800,941548800,7532390400,40196,17777764
GIST,normal,CF4,671950,960,793600,0.7936,761856000,1,,793600,793599,1,0,9830,0,0,9436800,771292800,6170342400,12,17777764
GIST,normal,CF4,100598,960,959300,0.9593,920928000,274260,,959300,684958,274342,0,10740,0,0,10310400,931238400,7449907200,2194084,17777764
GIST,normal,CF4,130060,960,987700,0.9877,948192000,136432,,987700,851062,136638,0,11040,0,0,10598400,958790400,7670323200,1091460,17777764
GIST,normal,CF4,763603,960,977200,0.9772,938112000,301541,,977200,675460,301740,0,10920,0,0,10483200,948595200,7588761600,2412332,17777764
GIST,normal,CF4,229656,960,946900,0.9469,909024000,16,,946900,946884,16,0,10790,0,0,10358400,919382400,7355059200,132,17777764
GIST,normal,CF4,854752,960,967900,0.9679,929184000,794,,967900,967103,797,0,10870,0,0,10435200,939619200,7516953600,6356,17777764
GIST,normal,CF4,717147,960,971300,0.9713,932448000,476,,971300,970821,479,0,10880,0,0,10444800,942892800,7543142400,3812,17777764
GIST,normal,CF4,253796,960,748100,0.7481,718176000,3,,748100,748097,3,0,9320,0,0,8947200,727123200,5816985600,28,17777764
GIST,normal,CF4,594298,960,957600,0.9576,919296000,4,,957600,957596,4,0,10830,0,0,10396800,929692800,7437542400,36,17777764
GIST,normal,CF4,802333,960,987200,0.9872,947712000,146327,,987200,840655,146545,0,11030,0,0,10588800,958300800,7666406400,1170620,17777764
GIST,normal,CF4,907497,960,987800,0.9878,948288000,252358,,987800,735175,252625,0,11030,0,0,10588800,958876800,7671014400,2018868,17777764
GIST,normal,CF4,970136,960,976300,0.9763,937248000,43571,,976300,932617,43683,0,10900,0,0,10464000,947712000,7581696000,348572,17777764
GIST,normal,CF4,472710,960,430500,0.4305,413280000,1,,430500,430499,1,0,6310,0,0,6057600,419337600,3354700800,12,17777764
GIST,normal,CF4,311434,960,891700,0.8917,856032000,1,,891700,891699,1,0,10410,0,0,9993600,866025600,6928204800,12,17777764
GIST,normal,CF4,152112,960,325200,0.3252,312192000,1,,325200,325199,1,0,5180,0,0,4972800,317164800,2537318400,12,17777764
GIST,normal,CF4,262882,960,959800,0.9598,921408000,350,,959800,959449,351,0,10850,0,0,10416000,931824000,7454592000,2804,17777764
GIST,normal,CF4,706522,960,941600,0.9416,903936000,217682,,941600,723846,217754,0,10540,0,0,10118400,914054400,7312435200,1741460,17777764
GIST,normal,CF4,832912,960,976200,0.9762,937152000,32198,,976200,943924,32276,0,10900,0,0,10464000,947616000,7580928000,257588,17777764
GIST,normal,CF4,303769,960,984100,0.9841,944736000,17440,,984100,966608,17492,0,11000,0,0,10560000,955296000,7642368000,139524,17777764
GIST,normal,CF4,223701,960,982300,0.9823,943008000,5223,,982300,977055,5245,0,10970,0,0,10531200,953539200,7628313600,41788,17777764
GIST,normal,CF4,809314,960,976900,0.9769,937824000,2575,,976900,974318,2582,0,10920,0,0,10483200,948307200,7586457600,20604,17777764
GIST,normal,CF4,831243,960,868400,0.8684,833664000,1,,868400,868399,1,0,10340,0,0,9926400,843590400,6748723200,12,17777764
GIST,normal,CF4,831746,960,987900,0.9879,948384000,232210,,987900,755443,232457,0,11040,0,0,10598400,958982400,7671859200,1857684,17777764
GIST,normal,CF4,314373,960,976500,0.9765,937440000,245446,,976500,730934,245566,0,10900,0,0,10464000,947904000,7583232000,1963572,17777764
GIST,normal,CF4,810800,960,977900,0.9779,938784000,8735,,977900,969133,8767,0,10920,0,0,10483200,949267200,7594137600,69884,17777764
GIST,normal,CF4,211855,960,855900,0.8559,821664000,2,,855900,855898,2,0,10170,0,0,9763200,831427200,6651417600,20,17777764
GIST,normal,CF4,533614,960,981700,0.9817,942432000,65593,,981700,915949,65751,0,10970,0,0,10531200,952963200,7623705600,524748,17777764
GIST,normal,CF4,335471,960,987600,0.9876,948096000,221008,,987600,766362,221238,0,11040,0,0,10598400,958694400,7669555200,1768068,17777764
GIST,normal,CF4,566134,960,987400,0.9874,947904000,123319,,987400,863948,123452,0,11020,0,0,10579200,958483200,7667865600,986556,17777764
GIST,normal,CF4,738848,960,987100,0.9871,947616000,350706,,987100,636185,350915,0,11030,0,0,10588800,958204800,7665638400,2805652,17777764
GIST,normal,CF4,359342,960,923100,0.9231,886176000,1,,923100,923099,1,0,10650,0,0,10224000,896400000,7171200000,12,17777764
GIST,normal,CF4,965210,960,953300,0.9533,915168000,464,,953300,952834,466,0,10840,0,0,10406400,925574400,7404595200,3716,17777764
GIST,normal,CF4,928413,960,984500,0.9845,945120000,101193,,984500,883155,101345,0,11000,0,0,10560000,955680000,7645440000,809548,17777764
GIST,normal,CF4,998782,960,984700,0.9847,945312000,312168,,984700,672350,312350,0,11000,0,0,10560000,955872000,7646976000,2497348,17777764
GIST,normal,CF4,248373,960,960100,0.9601,921696000,424,,960100,959670,430,0,10850,0,0,10416000,932112000,7456896000,3396,17777764
GIST,normal,CF4,113110,960,972100,0.9721,933216000,298393,,972100,673585,298515,0,10870,0,0,10435200,943651200,7549209600,2387148,17777764
GIST,normal,CF4,421120,960,905400,0.9054,869184000,1,,905400,905399,1,0,10510,0,0,10089600,879273600,7034188800,12,17777764
GIST,normal,CF4,579626,960,981500,0.9815,942240000,21074,,981500,960359,21141,0,10970,0,0,10531200,952771200,7622169600,168596,17777764
GIST,normal,CF4,997466,960,984200,0.9842,944832000,171628,,984200,812505,171695,0,11000,0,0,10560000,955392000,7643136000,1373028,17777764
GIST,normal,CF4,522760,960,988100,0.9881,948576000,150559,,988100,837332,150768,0,11030,0,0,10588800,959164800,7673318400,1204476,17777764
GIST,normal,CF4,134930,960,977900,0.9779,938784000,269,,977900,977630,270,0,10930,0,0,10492800,949276800,7594214400,2156,17777764
GIST,normal,CF4,786964,960,978100,0.9781,938976000,4537,,978100,973541,4559,0,10920,0,0,10483200,949459200,7595673600,36300,17777764
GIST,normal,CF4,884325,960,965800,0.9658,927168000,349201,,965800,616446,349354,0,10790,0,0,10358400,937526400,7500211200,2793612,17777764
GIST,normal,CF4,552447,960,988600,0.9886,949056000,174588,,988600,813822,174778,0,11040,0,0,10598400,959654400,7677235200,1396708,17777764
GIST,normal,CF4,504571,960,978000,0.978,938880000,1573,,978000,976421,1579,0,10950,0,0,10512000,949392000,7595136000,12588,17777764
GIST,normal,CF4,951244,960,976000,0.976,936960000,5415,,976000,970565,5435,0,10900,0,0,10464000,947424000,7579392000,43324,17777764
GIST,normal,CF4,220807,960,983000,0.983,943680000,147226,,983000,835521,147479,0,10970,0,0,10531200,954211200,7633689600,1177812,17777764
GIST,normal,CF4,681257,960,896800,0.8968,860928000,1,,896800,896799,1,0,10480,0,0,10060800,870988800,6967910400,12,17777764
GIST,normal,CF4,417658,960,935600,0.9356,898176000,18,,935600,935582,18,0,10770,0,0,10339200,908515200,7268121600,148,17777764
GIST,normal,CF4,266352,960,969400,0.9694,930624000,12132,,969400,957226,12174,0,10870,0,0,10435200,941059200,7528473600,97060,17777764
GIST,normal,TR,584510,960,827330,0.82733,794236800,1,82733,827330,0,827330,0,96740,96740,0,92870400,887107200,7096857600,12,17777764
GIST,normal,TR,860467,960,987150,0.98715,947664000,110513,98715,987150,0,987150,0,109930,109930,0,105532800,1053196800,8425574400,884108,17777764
GIST,normal,TR,923923,960,687220,0.68722,659731200,1,68722,687220,0,687220,0,84760,84760,0,81369600,741100800,5928806400,12,17777764
GIST,normal,TR,533409,960,984420,0.98442,945043200,120801,98442,984420,0,984420,0,109680,109680,0,105292800,1050336000,8402688000,966412,17777764
GIST,normal,TR,220435,960,986410,0.98641,946953600,302764,98641,986410,0,986410,0,109750,109750,0,105360000,1052313600,8418508800,2422116,17777764
GIST,normal,TR,395173,960,966140,0.96614,927494400,262241,96614,966140,0,966140,0,107510,107510,0,103209600,1030704000,8245632000,2097932,17777764
GIST,normal,TR,125555,960,982160,0.98216,942873600,75155,98216,982160,0,982160,0,109460,109460,0,105081600,1047955200,8383641600,601244,17777764
GIST,normal,TR,37317,960,946650,0.94665,908784000,482,94665,946650,0,946650,0,106710,106710,0,102441600,1011225600,8089804800,3860,17777764
GIST,normal,TR,326694,960,926190,0.92619,889142400,2,92619,926190,0,926190,0,105150,105150,0,100944000,990086400,7920691200,20,17777764
GIST,normal,TR,408325,960,963380,0.96338,924844800,1772,96338,963380,0,963380,0,107960,107960,0,103641600,1028486400,8227891200,14180,17777764
GIST,normal,TR,928005,960,967790,0.96779,929078400,1001,96779,967790,0,967790,0,108330,108330,0,103996800,1033075200,8264601600,8012,17777764
GIST,normal,TR,636852,960,984450,0.98445,945072000,324005,98445,984450,0,984450,0,109680,109680,0,105292800,1050364800,8402918400,2592044,17777764
GIST,normal,TR,565201,960,979820,0.97982,940627200,6396,97982,979820,0,979820,0,109210,109210,0,104841600,1045468800,8363750400,51172,17777764
GIST,normal,TR,416400,960,961200,0.9612,922752000,5024,96120,961200,0,961200,0,107760,107760,0,103449600,1026201600,8209612800,40196,17777764
GIST,normal,TR,671950,960,734900,0.7349,705504000,1,73490,734900,0,734900,0,89170,89170,0,85603200,791107200,6328857600,12,17777764
GIST,normal,TR,100598,960,958010,0.95801,919689600,274260,95801,958010,0,958010,0,106670,106670,0,102403200,1022092800,8176742400,2194084,17777764
GIST,normal,TR,130060,960,986250,0.98625,946800000,136432,98625,986250,0,986250,0,109810,109810,0,105417600,1052217600,8417740800,1091460,17777764
GIST,normal,TR,763603,960,975980,0.97598,936940800,301541,97598,975980,0,975980,0,108640,108640,0,104294400,1041235200,8329881600,2412332,17777764
GIST,normal,TR,229656,960,928880,0.92888,891724800,16,92888,928880,0,928880,0,105480,105480,0,101260800,992985600,7943884800,132,17777764
GIST,normal,TR,854752,960,959680,0.95968,921292800,794,95968,959680,0,959680,0,107660,107660,0,103353600,1024646400,8197171200,6356,17777764
GIST,normal,TR,717147,960,963810,0.96381,925257600,476,96381,963810,0,963810,0,108000,108000,0,103680000,1028937600,8231500800,3812,17777764
GIST,normal,TR,253796,960,680800,0.6808,653568000,3,68080,680800,0,680800,0,84120,84120,0,80755200,734323200,5874585600,28,17777764
GIST,normal,TR,594298,960,943130,0.94313,905404800,4,94313,943130,0,943130,0,106580,106580,0,102316800,1007721600,8061772800,36,17777764
GIST,normal,TR,802333,960,985050,0.98505,945648000,146327,98505,985050,0,985050,0,109750,109750,0,105360000,1051008000,8408064000,1170620,17777764
GIST,normal,TR,907497,960,986620,0.98662,947155200,252358,98662,986620,0,986620,0,109810,109810,0,105417600,1052572800,8420582400,2018868,17777764
GIST,normal,TR,970136,960,972030,0.97203,933148800,43571,97203,972030,0,972030,0,108530,108530,0,104188800,1037337600,8298700800,348572,17777764
GIST,normal,TR,472710,960,362580,0.36258,348076800,1,36258,362580,0,362580,0,49360,49360,0,47385600,395462400,3163699200,12,17777764
GIST,normal,TR,311434,960,860610,0.86061,826185600,1,86061,860610,0,860610,0,99560,99560,0,95577600,921763200,7374105600,12,17777764
GIST,normal,TR,152112,960,273790,0.27379,262838400,1,27379,273790,0,273790,0,37700,37700,0,36192000,299030400,2392243200,12,17777764
GIST,normal,TR,262882,960,946600,0.9466,908736000,350,94660,946600,0,946600,0,106830,106830,0,102556800,1011292800,8090342400,2804,17777764
GIST,normal,TR,706522,960,940180,0.94018,902572800,217682,94018,940180,0,940180,0,104700,104700,0,100512000,1003084800,8024678400,1741460,17777764
GIST,normal,TR,832912,960,972490,0.97249,933590400,32198,97249,972490,0,972490,0,108520,108520,0,104179200,1037769600,8302156800,257588,17777764
GIST,normal,TR,303769,960,981900,0.9819,942624000,17440,98190,981900,0,981900,0,109410,109410,0,105033600,1047657600,8381260800,139524,17777764
GIST,normal,TR,223701,960,979850,0.97985,940656000,5223,97985,979850,0,979850,0,109200,109200,0,104832000,1045488000,8363904000,41788,17777764
GIST,normal,TR,809314,960,972460,0.97246,933561600,2575,97246,972460,0,972460,0,108610,108610,0,104265600,1037827200,8302617600,20604,17777764
GIST,normal,TR,831243,960,821520,0.82152,788659200,1,82152,821520,0,821520,0,97170,97170,0,93283200,881942400,7055539200,12,17777764
GIST,normal,TR,831746,960,986350,0.98635,946896000,232210,98635,986350,0,986350,0,109830,109830,0,105436800,1052332800,8418662400,1857684,17777764
GIST,normal,TR,314373,960,975680,0.97568,936652800,245446,97568,975680,0,975680,0,108550,108550,0,104208000,1040860800,8326886400,1963572,17777764
GIST,normal,TR,810800,960,975200,0.9752,936192000,8735,97520,975200,0,975200,0,108710,108710,0,104361600,1040553600,8324428800,69884,17777764
GIST,normal,TR,211855,960,817100,0.8171,784416000,2,81710,817100,0,817100,0,95760,95760,0,91929600,876345600,7010764800,20,17777764
GIST,normal,TR,533614,960,979980,0.97998,940780800,65593,97998,979980,0,979980,0,109140,109140,0,104774400,1045555200,8364441600,524748,17777764
GIST,normal,TR,335471,960,985480,0.98548,946060800,221008,98548,985480,0,985480,0,109800,109800,0,105408000,1051468800,8411750400,1768068,17777764
GIST,normal,TR,566134,960,985220,0.98522,945811200,123319,98522,985220,0,985220,0,109760,109760,0,105369600,1051180800,8409446400,986556,17777764
GIST,normal,TR,738848,960,985770,0.98577,946339200,350706,98577,985770,0,985770,0,109740,109740,0,105350400,1051689600,8413516800,2805652,17777764
GIST,normal,TR,359342,960,901170,0.90117,865123200,1,90117,901170,0,901170,0,102960,102960,0,98841600,963964800,7711718400,12,17777764
GIST,normal,TR,965210,960,938190,0.93819,900662400,464,93819,938190,0,938190,0,106170,106170,0,101923200,1002585600,8020684800,3716,17777764
GIST,normal,TR,928413,960,982910,0.98291,943593600,101193,98291,982910,0,982910,0,109450,109450,0,105072000,1048665600,8389324800,809548,17777764
GIST,normal,TR,998782,960,983660,0.98366,944313600,312168,98366,983660,0,983660,0,109470,109470,0,105091200,1049404800,8395238400,2497348,17777764
GIST,normal,TR,248373,960,947850,0.94785,909936000,424,94785,947850,0,947850,0,106860,106860,0,102585600,1012521600,8100172800,3396,17777764
GIST,normal,TR,113110,960,971220,0.97122,932371200,298393,97122,971220,0,971220,0,108080,108080,0,103756800,1036128000,8289024000,2387148,17777764
GIST,normal,TR,421120,960,878830,0.87883,843676800,1,87883,878830,0,878830,0,101050,101050,0,97008000,940684800,7525478400,12,17777764
GIST,normal,TR,579626,960,979080,0.97908,939916800,21074,97908,979080,0,979080,0,109120,109120,0,104755200,1044672000,8357376000,168596,17777764
GIST,normal,TR,997466,960,982530,0.98253,943228800,171628,98253,982530,0,982530,0,109420,109420,0,105043200,1048272000,8386176000,1373028,17777764
GIST,normal,TR,522760,960,986070,0.98607,946627200,150559,98607,986070,0,986070,0,109840,109840,0,105446400,1052073600,8416588800,1204476,17777764
GIST,normal,TR,134930,960,972440,0.97244,933542400,269,97244,972440,0,972440,0,108710,108710,0,104361600,1037904000,8303232000,2156,17777764
GIST,normal,TR,786964,960,974860,0.97486,935865600,4537,97486,974860,0,974860,0,108730,108730,0,104380800,1040246400,8321971200,36300,17777764
GIST,normal,TR,884325,960,964840,0.96484,926246400,349201,96484,964840,0,964840,0,107370,107370,0,103075200,1029321600,8234572800,2793612,17777764
GIST,normal,TR,552447,960,987370,0.98737,947875200,174588,98737,987370,0,987370,0,109900,109900,0,105504000,1053379200,8427033600,1396708,17777764
GIST,normal,TR,504571,960,972150,0.97215,933264000,1573,97215,972150,0,972150,0,108750,108750,0,104400000,1037664000,8301312000,12588,17777764
GIST,normal,TR,951244,960,970060,0.97006,931257600,5415,97006,970060,0,970060,0,108500,108500,0,104160000,1035417600,8283340800,43324,17777764
GIST,normal,TR,220807,960,980920,0.98092,941683200,147226,98092,980920,0,980920,0,109270,109270,0,104899200,1046582400,8372659200,1177812,17777764
GIST,normal,TR,681257,960,865220,0.86522,830611200,1,86522,865220,0,865220,0,100160,100160,0,96153600,926764800,7414118400,12,17777764
GIST,normal,TR,417658,960,912970,0.91297,876451200,18,91297,912970,0,912970,0,104330,104330,0,100156800,976608000,7812864000,148,17777764
GIST,normal,TR,266352,960,961110,0.96111,922665600,12132,96111,961110,0,961110,0,107810,107810,0,103497600,1026163200,8209305600,97060,17777764
GIST,normal,TF,584510,960,827390,0.82739,794294400,1,82739,827390,827389,1,0,96740,0,0,92870400,887164800,7097318400,12,17777764
GIST,normal,TF,860467,960,987160,0.98716,947673600,110513,98716,987160,876466,110694,0,109930,0,0,105532800,1053206400,8425651200,884108,17777764
GIST,normal,TF,923923,960,688030,0.68803,660508800,1,68803,688030,688029,1,0,84830,0,0,81436800,741945600,5935564800,12,17777764
GIST,normal,TF,533409,960,984430,0.98443,945052800,120801,98443,984430,863465,120965,0,109680,0,0,105292800,1050345600,8402764800,966412,17777764
GIST,normal,TF,220435,960,986410,0.98641,946953600,302764,98641,986410,683464,302946,0,109750,0,0,105360000,1052313600,8418508800,2422116,17777764
GIST,normal,TF,395173,960,966140,0.96614,927494400,262241,96614,966140,703786,262354,0,107510,0,0,103209600,1030704000,8245632000,2097932,17777764
GIST,normal,TF,125555,960,982160,0.98216,942873600,75155,98216,982160,906851,75309,0,109460,0,0,105081600,1047955200,8383641600,601244,17777764
GIST,normal,TF,37317,960,946700,0.9467,908832000,482,94670,946700,946215,485,0,106710,0,0,102441600,1011273600,8090188800,3860,17777764
GIST,normal,TF,326694,960,926210,0.92621,889161600,2,92621,926210,926208,2,0,105150,0,0,100944000,990105600,7920844800,20,17777764
GIST,normal,TF,408325,960,963390,0.96339,924854400,1772,96339,963390,961606,1784,0,107960,0,0,103641600,1028496000,8227968000,14180,17777764
GIST,normal,TF,928005,960,967800,0.9678,929088000,1001,96780,967800,966798,1002,0,108330,0,0,103996800,1033084800,8264678400,8012,17777764
GIST,normal,TF,636852,960,984450,0.98445,945072000,324005,98445,984450,660167,324283,0,109680,0,0,105292800,1050364800,8402918400,2592044,17777764
GIST,normal,TF,565201,960,979830,0.97983,940636800,6396,97983,979830,973393,6437,0,109210,0,0,104841600,1045478400,8363827200,51172,17777764
GIST,normal,TF,416400,960,961840,0.96184,923366400,5024,96184,961840,956787,5053,0,107870,0,0,103555200,1026921600,8215372800,40196,17777764
GIST,normal,TF,671950,960,735130,0.73513,705724800,1,73513,735130,735129,1,0,89190,0,0,85622400,791347200,6330777600,12,17777764
GIST,normal,TF,100598,960,958010,0.95801,919689600,274260,95801,958010,683668,274342,0,106670,0,0,102403200,1022092800,8176742400,2194084,17777764
GIST,normal,TF,130060,960,986250,0.98625,946800000,136432,98625,986250,849612,136638,0,109810,0,0,105417600,1052217600,8417740800,1091460,17777764
GIST,normal,TF,763603,960,975980,0.97598,936940800,301541,97598,975980,674240,301740,0,108640,0,0,104294400,1041235200,8329881600,2412332,17777764
GIST,normal,TF,229656,960,928900,0.9289,891744000,16,92890,928900,928884,16,0,105480,0,0,101260800,993004800,7944038400,132,17777764
GIST,normal,TF,854752,960,959680,0.95968,921292800,794,95968,959680,958883,797,0,107660,0,0,103353600,1024646400,8197171200,6356,17777764
GIST,normal,TF,717147,960,963850,0.96385,925296000,476,96385,963850,963371,479,0,108010,0,0,103689600,1028985600,8231884800,3812,17777764
GIST,normal,TF,253796,960,681020,0.68102,653779200,3,68102,681020,681017,3,0,84130,0,0,80764800,734544000,5876352000,28,17777764
GIST,normal,TF,594298,960,943260,0.94326,905529600,4,94326,943260,943256,4,0,106590,0,0,102326400,1007856000,8062848000,36,17777764
GIST,normal,TF,802333,960,985050,0.98505,945648000,146327,98505,985050,838505,146545,0,109750,0,0,105360000,1051008000,8408064000,1170620,17777764
GIST,normal,TF,907497,960,986620,0.98662,947155200,252358,98662,986620,733995,252625,0,109810,0,0,105417600,1052572800,8420582400,2018868,17777764
GIST,normal,TF,970136,960,972040,0.97204,933158400,43571,97204,972040,928357,43683,0,108530,0,0,104188800,1037347200,8298777600,348572,17777764
GIST,normal,TF,472710,960,362730,0.36273,348220800,1,36273,362730,362729,1,0,49360,0,0,47385600,395606400,3164851200,12,17777764
GIST,normal,TF,311434,960,860740,0.86074,826310400,1,86074,860740,860739,1,0,99580,0,0,95596800,921907200,7375257600,12,17777764
GIST,normal,TF,152112,960,273830,0.27383,262876800,1,27383,273830,273829,1,0,37700,0,0,36192000,299068800,2392550400,12,17777764
GIST,normal,TF,262882,960,946620,0.94662,908755200,350,94662,946620,946269,351,0,106830,0,0,102556800,1011312000,8090496000,2804,17777764
GIST,normal,TF,706522,960,940180,0.94018,902572800,217682,94018,940180,722426,217754,0,104700,0,0,100512000,1003084800,8024678400,1741460,17777764
GIST,normal,TF,832912,960,972490,0.97249,933590400,32198,97249,972490,940214,32276,0,108520,0,0,104179200,1037769600,8302156800,257588,17777764
GIST,normal,TF,303769,960,981900,0.9819,942624000,17440,98190,981900,964408,17492,0,109410,0,0,105033600,1047657600,8381260800,139524,17777764
GIST,normal,TF,223701,960,979850,0.97985,940656000,5223,97985,979850,974605,5245,0,109200,0,0,104832000,1045488000,8363904000,41788,17777764
GIST,normal,TF,809314,960,972460,0.97246,933561600,2575,97246,972460,969878,2582,0,108610,0,0,104265600,1037827200,8302617600,20604,17777764
GIST,normal,TF,831243,960,821580,0.82158,788716800,1,82158,821580,821579,1,0,97180,0,0,93292800,882009600,7056076800,12,17777764
GIST,normal,TF,831746,960,986360,0.98636,946905600,232210,98636,986360,753903,232457,0,109830,0,0,105436800,1052342400,8418739200,1857684,17777764
GIST,normal,TF,314373,960,975680,0.97568,936652800,245446,97568,975680,730114,245566,0,108550,0,0,104208000,1040860800,8326886400,1963572,17777764
GIST,normal,TF,810800,960,975210,0.97521,936201600,8735,97521,975210,966443,8767,0,108710,0,0,104361600,1040563200,8324505600,69884,17777764
GIST,normal,TF,211855,960,817170,0.81717,784483200,2,81717,817170,817168,2,0,95760,0,0,91929600,876412800,7011302400,20,17777764
GIST,normal,TF,533614,960,979980,0.97998,940780800,65593,97998,979980,914229,65751,0,109140,0,0,104774400,1045555200,8364441600,524748,17777764
GIST,normal,TF,335471,960,985490,0.98549,946070400,221008,98549,985490,764252,221238,0,109800,0,0,105408000,1051478400,8411827200,1768068,17777764
GIST,normal,TF,566134,960,985220,0.98522,945811200,123319,98522,985220,861768,123452,0,109760,0,0,105369600,1051180800,8409446400,986556,17777764
GIST,normal,TF,738848,960,985770,0.98577,946339200,350706,98577,985770,634855,350915,0,109740,0,0,105350400,1051689600,8413516800,2805652,17777764
GIST,normal,TF,359342,960,901180,0.90118,865132800,1,90118,901180,901179,1,0,102960,0,0,98841600,963974400,7711795200,12,17777764
GIST,normal,TF,965210,960,938210,0.93821,900681600,464,93821,938210,937744,466,0,106170,0,0,101923200,1002604800,8020838400,3716,17777764
GIST,normal,TF,928413,960,982910,0.98291,943593600,101193,98291,982910,881565,101345,0,109450,0,0,105072000,1048665600,8389324800,809548,17777764
GIST,normal,TF,998782,960,983660,0.98366,944313600,312168,98366,983660,671310,312350,0,109470,0,0,105091200,1049404800,8395238400,2497348,17777764
GIST,normal,TF,248373,960,947870,0.94787,909955200,424,94787,947870,947440,430,0,106860,0,0,102585600,1012540800,8100326400,3396,17777764
GIST,normal,TF,113110,960,971220,0.97122,932371200,298393,97122,971220,672705,298515,0,108080,0,0,103756800,1036128000,8289024000,2387148,17777764
GIST,normal,TF,421120,960,878860,0.87886,843705600,1,87886,878860,878859,1,0,101050,0,0,97008000,940713600,7525708800,12,17777764
GIST,normal,TF,579626,960,979080,0.97908,939916800,21074,97908,979080,957939,21141,0,109120,0,0,104755200,1044672000,8357376000,168596,17777764
GIST,normal,TF,997466,960,982530,0.98253,943228800,171628,98253,982530,810835,171695,0,109420,0,0,105043200,1048272000,8386176000,1373028,17777764
GIST,normal,TF,522760,960,986070,0.98607,946627200,150559,98607,986070,835302,150768,0,109840,0,0,105446400,1052073600,8416588800,1204476,17777764
GIST,normal,TF,134930,960,972490,0.97249,933590400,269,97249,972490,972220,270,0,108720,0,0,104371200,1037961600,8303692800,2156,17777764
GIST,normal,TF,786964,960,974870,0.97487,935875200,4537,97487,974870,970311,4559,0,108730,0,0,104380800,1040256000,8322048000,36300,17777764
GIST,normal,TF,884325,960,964840,0.96484,926246400,349201,96484,964840,615486,349354,0,107370,0,0,103075200,1029321600,8234572800,2793612,17777764
GIST,normal,TF,552447,960,987370,0.98737,947875200,174588,98737,987370,812592,174778,0,109900,0,0,105504000,1053379200,8427033600,1396708,17777764
GIST,normal,TF,504571,960,972160,0.97216,933273600,1573,97216,972160,970581,1579,0,108750,0,0,104400000,1037673600,8301388800,12588,17777764
GIST,normal,TF,951244,960,970070,0.97007,931267200,5415,97007,970070,964635,5435,0,108500,0,0,104160000,1035427200,8283417600,43324,17777764
GIST,normal,TF,220807,960,980930,0.98093,941692800,147226,98093,980930,833451,147479,0,109270,0,0,104899200,1046592000,8372736000,1177812,17777764
GIST,normal,TF,681257,960,865270,0.86527,830659200,1,86527,865270,865269,1,0,100160,0,0,96153600,926812800,7414502400,12,17777764
GIST,normal,TF,417658,960,913030,0.91303,876508800,18,91303,913030,913012,18,0,104330,0,0,100156800,976665600,7813324800,148,17777764
GIST,normal,TF,266352,960,961110,0.96111,922665600,12132,96111,961110,948936,12174,0,107810,0,0,103497600,1026163200,8209305600,97060,17777764
Deep,normal,FR,584510,96,1000000,1.0,96000000,16806,,1000000,0,1000000,0,0,0,0,0,96000000,768000000,134452,17777764
Deep,normal,FR,860467,96,1000000,1.0,96000000,53951,,1000000,0,1000000,0,0,0,0,0,96000000,768000000,431612,17777764
Deep,normal,FR,923923,96,1000000,1.0,96000000,126938,,1000000,0,1000000,0,0,0,0,0,96000000,768000000,1015508,17777764
Deep,normal,FR,533409,96,1000000,1.0,96000000,43909,,1000000,0,1000000,0,0,0,0,0,96000000,768000000,351276,17777764
Deep,normal,FR,220435,96,1000000,1.0,96000000,20362,,1000000,0,1000000,0,0,0,0,0,96000000,768000000,162900,17777764
Deep,normal,FR,395173,96,1000000,1.0,96000000,79903,,1000000,0,1000000,0,0,0,0,0,96000000,768000000,639228,17777764
Deep,normal,FR,125555,96,1000000,1.0,96000000,50997,,1000000,0,1000000,0,0,0,0,0,96000000,768000000,407980,17777764
Deep,normal,FR,37317,96,1000000,1.0,96000000,16211,,1000000,0,1000000,0,0,0,0,0,96000000,768000000,129692,17777764
Deep,normal,FR,326694,96,1000000,1.0,96000000,4963,,1000000,0,1000000,0,0,0,0,0,96000000,768000000,39708,17777764
Deep,normal,FR,408325,96,1000000,1.0,96000000,72371,,1000000,0,1000000,0,0,0,0,0,96000000,768000000,578972,17777764
Deep,normal,FR,928005,96,1000000,1.0,96000000,59410,,1000000,0,1000000,0,0,0,0,0,96000000,768000000,475284,17777764
Deep,normal,FR,636852,96,1000000,1.0,96000000,12737,,1000000,0,1000000,0,0,0,0,0,96000000,768000000,101900,17777764
Deep,normal,FR,565201,96,1000000,1.0,96000000,10437,,1000000,0,1000000,0,0,0,0,0,96000000,768000000,83500,17777764
Deep,normal,FR,416400,96,1000000,1.0,96000000,20431,,1000000,0,1000000,0,0,0,0,0,96000000,768000000,163452,17777764
Deep,normal,FR,671950,96,1000000,1.0,96000000,5485,,1000000,0,1000000,0,0,0,0,0,96000000,768000000,43884,17777764
Deep,normal,FR,100598,96,1000000,1.0,96000000,316,,1000000,0,1000000,0,0,0,0,0,96000000,768000000,2532,17777764
Deep,normal,FR,130060,96,1000000,1.0,96000000,5332,,1000000,0,1000000,0,0,0,0,0,96000000,768000000,42660,17777764
Deep,normal,FR,763603,96,1000000,1.0,96000000,6039,,1000000,0,1000000,0,0,0,0,0,96000000,768000000,48316,17777764
Deep,normal,FR,229656,96,1000000,1.0,96000000,33034,,1000000,0,1000000,0,0,0,0,0,96000000,768000000,264276,17777764
Deep,normal,FR,854752,96,1000000,1.0,96000000,22330,,1000000,0,1000000,0,0,0,0,0,96000000,768000000,178644,17777764
Deep,normal,FR,717147,96,1000000,1.0,96000000,36177,,1000000,0,1000000,0,0,0,0,0,96000000,768000000,289420,17777764
Deep,normal,FR,253796,96,1000000,1.0,96000000,603,,1000000,0,1000000,0,0,0,0,0,96000000,768000000,4828,17777764
Deep,normal,FR,594298,96,1000000,1.0,96000000,104020,,1000000,0,1000000,0,0,0,0,0,96000000,768000000,832164,17777764
Deep,normal,FR,802333,96,1000000,1.0,96000000,57141,,1000000,0,1000000,0,0,0,0,0,96000000,768000000,457132,17777764
Deep,normal,FR,907497,96,1000000,1.0,96000000,38286,,1000000,0,1000000,0,0,0,0,0,96000000,768000000,306292,17777764
Deep,normal,FR,970136,96,1000000,1.0,96000000,35145,,1000000,0,1000000,0,0,0,0,0,96000000,768000000,281164,17777764
Deep,normal,FR,472710,96,1000000,1.0,96000000,1771,,1000000,0,1000000,0,0,0,0,0,96000000,768000000,14172,17777764
Deep,normal,FR,311434,96,1000000,1.0,96000000,5129,,1000000,0,1000000,0,0,0,0,0,96000000,768000000,41036,17777764
Deep,normal,FR,152112,96,1000000,1.0,96000000,12511,,1000000,0,1000000,0,0,0,0,0,96000000,768000000,100092,17777764
Deep,normal,FR,262882,96,1000000,1.0,96000000,22393,,1000000,0,1000000,0,0,0,0,0,96000000,768000000,179148,17777764
Deep,normal,FR,706522,96,1000000,1.0,96000000,5997,,1000000,0,1000000,0,0,0,0,0,96000000,768000000,47980,17777764
Deep,normal,FR,832912,96,1000000,1.0,96000000,24418,,1000000,0,1000000,0,0,0,0,0,96000000,768000000,195348,17777764
Deep,normal,FR,303769,96,1000000,1.0,96000000,91883,,1000000,0,1000000,0,0,0,0,0,96000000,768000000,735068,17777764
Deep,normal,FR,223701,96,1000000,1.0,96000000,39049,,1000000,0,1000000,0,0,0,0,0,96000000,768000000,312396,17777764
Deep,normal,FR,809314,96,1000000,1.0,96000000,53502,,1000000,0,1000000,0,0,0,0,0,96000000,768000000,428020,17777764
Deep,normal,FR,831243,96,1000000,1.0,96000000,18459,,1000000,0,1000000,0,0,0,0,0,96000000,768000000,147676,17777764
Deep,normal,FR,831746,96,1000000,1.0,96000000,25657,,1000000,0,1000000,0,0,0,0,0,96000000,768000000,205260,17777764
Deep,normal,FR,314373,96,1000000,1.0,96000000,6649,,1000000,0,1000000,0,0,0,0,0,96000000,768000000,53196,17777764
Deep,normal,FR,810800,96,1000000,1.0,96000000,11471,,1000000,0,1000000,0,0,0,0,0,96000000,768000000,91772,17777764
Deep,normal,FR,211855,96,1000000,1.0,96000000,81263,,1000000,0,1000000,0,0,0,0,0,96000000,768000000,650108,17777764
Deep,normal,FR,533614,96,1000000,1.0,96000000,9967,,1000000,0,1000000,0,0,0,0,0,96000000,768000000,79740,17777764
Deep,normal,FR,335471,96,1000000,1.0,96000000,31039,,1000000,0,1000000,0,0,0,0,0,96000000,768000000,248316,17777764
Deep,normal,FR,566134,96,1000000,1.0,96000000,3556,,1000000,0,1000000,0,0,0,0,0,96000000,768000000,28452,17777764
Deep,normal,FR,738848,96,1000000,1.0,96000000,91647,,1000000,0,1000000,0,0,0,0,0,96000000,768000000,733180,17777764
Deep,normal,FR,359342,96,1000000,1.0,96000000,11608,,1000000,0,1000000,0,0,0,0,0,96000000,768000000,92868,17777764
Deep,normal,FR,965210,96,1000000,1.0,96000000,29711,,1000000,0,1000000,0,0,0,0,0,96000000,768000000,237692,17777764
Deep,normal,FR,928413,96,1000000,1.0,96000000,53963,,1000000,0,1000000,0,0,0,0,0,96000000,768000000,431708,17777764
Deep,normal,FR,998782,96,1000000,1.0,96000000,41031,,1000000,0,1000000,0,0,0,0,0,96000000,768000000,328252,17777764
Deep,normal,FR,248373,96,1000000,1.0,96000000,66909,,1000000,0,1000000,0,0,0,0,0,96000000,768000000,535276,17777764
Deep,normal,FR,113110,96,1000000,1.0,96000000,7713,,1000000,0,1000000,0,0,0,0,0,96000000,768000000,61708,17777764
Deep,normal,FR,421120,96,1000000,1.0,96000000,27072,,1000000,0,1000000,0,0,0,0,0,96000000,768000000,216580,17777764
Deep,normal,FR,579626,96,1000000,1.0,96000000,70020,,1000000,0,1000000,0,0,0,0,0,96000000,768000000,560164,17777764
Deep,normal,FR,997466,96,1000000,1.0,96000000,1165,,1000000,0,1000000,0,0,0,0,0,96000000,768000000,9324,17777764
Deep,normal,FR,522760,96,1000000,1.0,96000000,57504,,1000000,0,1000000,0,0,0,0,0,96000000,768000000,460036,17777764
Deep,normal,FR,134930,96,1000000,1.0,96000000,22780,,1000000,0,1000000,0,0,0,0,0,96000000,768000000,182244,17777764
Deep,normal,FR,786964,96,1000000,1.0,96000000,12215,,1000000,0,1000000,0,0,0,0,0,96000000,768000000,97724,17777764
Deep,normal,FR,884325,96,1000000,1.0,96000000,19486,,1000000,0,1000000,0,0,0,0,0,96000000,768000000,155892,17777764
Deep,normal,FR,552447,96,1000000,1.0,96000000,36902,,1000000,0,1000000,0,0,0,0,0,96000000,768000000,295220,17777764
Deep,normal,FR,504571,96,1000000,1.0,96000000,33606,,1000000,0,1000000,0,0,0,0,0,96000000,768000000,268852,17777764
Deep,normal,FR,951244,96,1000000,1.0,96000000,9206,,1000000,0,1000000,0,0,0,0,0,96000000,768000000,73652,17777764
Deep,normal,FR,220807,96,1000000,1.0,96000000,8813,,1000000,0,1000000,0,0,0,0,0,96000000,768000000,70508,17777764
Deep,normal,FR,681257,96,1000000,1.0,96000000,3157,,1000000,0,1000000,0,0,0,0,0,96000000,768000000,25260,17777764
Deep,normal,FR,417658,96,1000000,1.0,96000000,5481,,1000000,0,1000000,0,0,0,0,0,96000000,768000000,43852,17777764
Deep,normal,FR,266352,96,1000000,1.0,96000000,28731,,1000000,0,1000000,0,0,0,0,0,96000000,768000000,229852,17777764
Deep,normal,FF,584510,96,1000000,1.0,96000000,16806,,1000000,983192,16808,0,0,0,0,0,96000000,768000000,134452,17777764
Deep,normal,FF,860467,96,1000000,1.0,96000000,53951,,1000000,946044,53956,0,0,0,0,0,96000000,768000000,431612,17777764
Deep,normal,FF,923923,96,1000000,1.0,96000000,126938,,1000000,873051,126949,0,0,0,0,0,96000000,768000000,1015508,17777764
Deep,normal,FF,533409,96,1000000,1.0,96000000,43909,,1000000,956085,43915,0,0,0,0,0,96000000,768000000,351276,17777764
Deep,normal,FF,220435,96,1000000,1.0,96000000,20362,,1000000,979636,20364,0,0,0,0,0,96000000,768000000,162900,17777764
Deep,normal,FF,395173,96,1000000,1.0,96000000,79903,,1000000,920086,79914,0,0,0,0,0,96000000,768000000,639228,17777764
Deep,normal,FF,125555,96,1000000,1.0,96000000,50997,,1000000,949000,51000,0,0,0,0,0,96000000,768000000,407980,17777764
Deep,normal,FF,37317,96,1000000,1.0,96000000,16211,,1000000,983787,16213,0,0,0,0,0,96000000,768000000,129692,17777764
Deep,normal,FF,326694,96,1000000,1.0,96000000,4963,,1000000,995034,4966,0,0,0,0,0,96000000,768000000,39708,17777764
Deep,normal,FF,408325,96,1000000,1.0,96000000,72371,,1000000,927626,72374,0,0,0,0,0,96000000,768000000,578972,17777764
Deep,normal,FF,928005,96,1000000,1.0,96000000,59410,,1000000,940585,59415,0,0,0,0,0,96000000,768000000,475284,17777764
Deep,normal,FF,636852,96,1000000,1.0,96000000,12737,,1000000,987257,12743,0,0,0,0,0,96000000,768000000,101900,17777764
Deep,normal,FF,565201,96,1000000,1.0,96000000,10437,,1000000,989563,10437,0,0,0,0,0,96000000,768000000,83500,17777764
Deep,normal,FF,416400,96,1000000,1.0,96000000,20431,,1000000,979567,20433,0,0,0,0,0,96000000,768000000,163452,17777764
Deep,normal,FF,671950,96,1000000,1.0,96000000,5485,,1000000,994515,5485,0,0,0,0,0,96000000,768000000,43884,17777764
Deep,normal,FF,100598,96,1000000,1.0,96000000,316,,1000000,999684,316,0,0,0,0,0,96000000,768000000,2532,17777764
Deep,normal,FF,130060,96,1000000,1.0,96000000,5332,,1000000,994667,5333,0,0,0,0,0,96000000,768000000,42660,17777764
Deep,normal,FF,763603,96,1000000,1.0,96000000,6039,,1000000,993961,6039,0,0,0,0,0,96000000,768000000,48316,17777764
Deep,normal,FF,229656,96,1000000,1.0,96000000,33034,,1000000,966964,33036,0,0,0,0,0,96000000,768000000,264276,17777764
Deep,normal,FF,854752,96,1000000,1.0,96000000,22330,,1000000,977669,22331,0,0,0,0,0,96000000,768000000,178644,17777764
Deep,normal,FF,717147,96,1000000,1.0,96000000,36177,,1000000,963819,36181,0,0,0,0,0,96000000,768000000,289420,17777764
Deep,normal,FF,253796,96,1000000,1.0,96000000,603,,1000000,999397,603,0,0,0,0,0,96000000,768000000,4828,17777764
Deep,normal,FF,594298,96,1000000,1.0,96000000,104020,,1000000,895964,104036,0,0,0,0,0,96000000,768000000,832164,17777764
Deep,normal,FF,802333,96,1000000,1.0,96000000,57141,,1000000,942854,57146,0,0,0,0,0,96000000,768000000,457132,17777764
Deep,normal,FF,907497,96,1000000,1.0,96000000,38286,,1000000,961707,38293,0,0,0,0,0,96000000,768000000,306292,17777764
Deep,normal,FF,970136,96,1000000,1.0,96000000,35145,,1000000,964850,35150,0,0,0,0,0,96000000,768000000,281164,17777764
Deep,normal,FF,472710,96,1000000,1.0,96000000,1771,,1000000,998229,1771,0,0,0,0,0,96000000,768000000,14172,17777764
Deep,normal,FF,311434,96,1000000,1.0,96000000,5129,,1000000,994869,5131,0,0,0,0,0,96000000,768000000,41036,17777764
Deep,normal,FF,152112,96,1000000,1.0,96000000,12511,,1000000,987484,12516,0,0,0,0,0,96000000,768000000,100092,17777764
Deep,normal,FF,262882,96,1000000,1.0,96000000,22393,,1000000,977602,22398,0,0,0,0,0,96000000,768000000,179148,17777764
Deep,normal,FF,706522,96,1000000,1.0,96000000,5997,,1000000,994002,5998,0,0,0,0,0,96000000,768000000,47980,17777764
Deep,normal,FF,832912,96,1000000,1.0,96000000,24418,,1000000,975575,24425,0,0,0,0,0,96000000,768000000,195348,17777764
Deep,normal,FF,303769,96,1000000,1.0,96000000,91883,,1000000,908105,91895,0,0,0,0,0,96000000,768000000,735068,17777764
Deep,normal,FF,223701,96,1000000,1.0,96000000,39049,,1000000,960942,39058,0,0,0,0,0,96000000,768000000,312396,17777764
Deep,normal,FF,809314,96,1000000,1.0,96000000,53502,,1000000,946491,53509,0,0,0,0,0,96000000,768000000,428020,17777764
Deep,normal,FF,831243,96,1000000,1.0,96000000,18459,,1000000,981538,18462,0,0,0,0,0,96000000,768000000,147676,17777764
Deep,normal,FF,831746,96,1000000,1.0,96000000,25657,,1000000,974340,25660,0,0,0,0,0,96000000,768000000,205260,17777764
Deep,normal,FF,314373,96,1000000,1.0,96000000,6649,,1000000,993350,6650,0,0,0,0,0,96000000,768000000,53196,17777764
Deep,normal,FF,810800,96,1000000,1.0,96000000,11471,,1000000,988526,11474,0,0,0,0,0,96000000,768000000,91772,17777764
Deep,normal,FF,211855,96,1000000,1.0,96000000,81263,,1000000,918726,81274,0,0,0,0,0,96000000,768000000,650108,17777764
Deep,normal,FF,533614,96,1000000,1.0,96000000,9967,,1000000,990032,9968,0,0,0,0,0,96000000,768000000,79740,17777764
Deep,normal,FF,335471,96,1000000,1.0,96000000,31039,,1000000,968959,31041,0,0,0,0,0,96000000,768000000,248316,17777764
Deep,normal,FF,566134,96,1000000,1.0,96000000,3556,,1000000,996441,3559,0,0,0,0,0,96000000,768000000,28452,17777764
Deep,normal,FF,738848,96,1000000,1.0,96000000,91647,,1000000,908339,91661,0,0,0,0,0,96000000,768000000,733180,17777764
Deep,normal,FF,359342,96,1000000,1.0,96000000,11608,,1000000,988388,11612,0,0,0,0,0,96000000,768000000,92868,17777764
Deep,normal,FF,965210,96,1000000,1.0,96000000,29711,,1000000,970289,29711,0,0,0,0,0,96000000,768000000,237692,17777764
Deep,normal,FF,928413,96,1000000,1.0,96000000,53963,,1000000,946026,53974,0,0,0,0,0,96000000,768000000,431708,17777764
Deep,normal,FF,998782,96,1000000,1.0,96000000,41031,,1000000,958965,41035,0,0,0,0,0,96000000,768000000,328252,17777764
Deep,normal,FF,248373,96,1000000,1.0,96000000,66909,,1000000,933085,66915,0,0,0,0,0,96000000,768000000,535276,17777764
Deep,normal,FF,113110,96,1000000,1.0,96000000,7713,,1000000,992287,7713,0,0,0,0,0,96000000,768000000,61708,17777764
Deep,normal,FF,421120,96,1000000,1.0,96000000,27072,,1000000,972920,27080,0,0,0,0,0,96000000,768000000,216580,17777764
Deep,normal,FF,579626,96,1000000,1.0,96000000,70020,,1000000,929969,70031,0,0,0,0,0,96000000,768000000,560164,17777764
Deep,normal,FF,997466,96,1000000,1.0,96000000,1165,,1000000,998835,1165,0,0,0,0,0,96000000,768000000,9324,17777764
Deep,normal,FF,522760,96,1000000,1.0,96000000,57504,,1000000,942494,57506,0,0,0,0,0,96000000,768000000,460036,17777764
Deep,normal,FF,134930,96,1000000,1.0,96000000,22780,,1000000,977216,22784,0,0,0,0,0,96000000,768000000,182244,17777764
Deep,normal,FF,786964,96,1000000,1.0,96000000,12215,,1000000,987782,12218,0,0,0,0,0,96000000,768000000,97724,17777764
Deep,normal,FF,884325,96,1000000,1.0,96000000,19486,,1000000,980509,19491,0,0,0,0,0,96000000,768000000,155892,17777764
Deep,normal,FF,552447,96,1000000,1.0,96000000,36902,,1000000,963093,36907,0,0,0,0,0,96000000,768000000,295220,17777764
Deep,normal,FF,504571,96,1000000,1.0,96000000,33606,,1000000,966388,33612,0,0,0,0,0,96000000,768000000,268852,17777764
Deep,normal,FF,951244,96,1000000,1.0,96000000,9206,,1000000,990793,9207,0,0,0,0,0,96000000,768000000,73652,17777764
Deep,normal,FF,220807,96,1000000,1.0,96000000,8813,,1000000,991185,8815,0,0,0,0,0,96000000,768000000,70508,17777764
Deep,normal,FF,681257,96,1000000,1.0,96000000,3157,,1000000,996843,3157,0,0,0,0,0,96000000,768000000,25260,17777764
Deep,normal,FF,417658,96,1000000,1.0,96000000,5481,,1000000,994518,5482,0,0,0,0,0,96000000,768000000,43852,17777764
Deep,normal,FF,266352,96,1000000,1.0,96000000,28731,,1000000,971269,28731,0,0,0,0,0,96000000,768000000,229852,17777764
Deep,normal,CR1,584510,96,1000000,1.0,96000000,16806,,1000000,0,1000000,0,10,10,0,960,96000960,768007680,134452,17777764
Deep,normal,CR1,860467,96,1000000,1.0,96000000,53951,,1000000,0,1000000,0,10,10,0,960,96000960,768007680,431612,17777764
Deep,normal,CR1,923923,96,1000000,1.0,96000000,126938,,1000000,0,1000000,0,10,10,0,960,96000960,768007680,1015508,17777764
Deep,normal,CR1,533409,96,1000000,1.0,96000000,43909,,1000000,0,1000000,0,10,10,0,960,96000960,768007680,351276,17777764
Deep,normal,CR1,220435,96,1000000,1.0,96000000,20362,,1000000,0,1000000,0,10,10,0,960,96000960,768007680,162900,17777764
Deep,normal,CR1,395173,96,1000000,1.0,96000000,79903,,1000000,0,1000000,0,10,10,0,960,96000960,768007680,639228,17777764
Deep,normal,CR1,125555,96,1000000,1.0,96000000,50997,,1000000,0,1000000,0,10,10,0,960,96000960,768007680,407980,17777764
Deep,normal,CR1,37317,96,1000000,1.0,96000000,16211,,1000000,0,1000000,0,10,10,0,960,96000960,768007680,129692,17777764
Deep,normal,CR1,326694,96,1000000,1.0,96000000,4963,,1000000,0,1000000,0,10,10,0,960,96000960,768007680,39708,17777764
Deep,normal,CR1,408325,96,1000000,1.0,96000000,72371,,1000000,0,1000000,0,10,10,0,960,96000960,768007680,578972,17777764
Deep,normal,CR1,928005,96,1000000,1.0,96000000,59410,,1000000,0,1000000,0,10,10,0,960,96000960,768007680,475284,17777764
Deep,normal,CR1,636852,96,1000000,1.0,96000000,12737,,1000000,0,1000000,0,10,10,0,960,96000960,768007680,101900,17777764
Deep,normal,CR1,565201,96,1000000,1.0,96000000,10437,,1000000,0,1000000,0,10,10,0,960,96000960,768007680,83500,17777764
Deep,normal,CR1,416400,96,1000000,1.0,96000000,20431,,1000000,0,1000000,0,10,10,0,960,96000960,768007680,163452,17777764
Deep,normal,CR1,671950,96,1000000,1.0,96000000,5485,,1000000,0,1000000,0,10,10,0,960,96000960,768007680,43884,17777764
Deep,normal,CR1,100598,96,1000000,1.0,96000000,316,,1000000,0,1000000,0,10,10,0,960,96000960,768007680,2532,17777764
Deep,normal,CR1,130060,96,1000000,1.0,96000000,5332,,1000000,0,1000000,0,10,10,0,960,96000960,768007680,42660,17777764
Deep,normal,CR1,763603,96,1000000,1.0,96000000,6039,,1000000,0,1000000,0,10,10,0,960,96000960,768007680,48316,17777764
Deep,normal,CR1,229656,96,1000000,1.0,96000000,33034,,1000000,0,1000000,0,10,10,0,960,96000960,768007680,264276,17777764
Deep,normal,CR1,854752,96,1000000,1.0,96000000,22330,,1000000,0,1000000,0,10,10,0,960,96000960,768007680,178644,17777764
Deep,normal,CR1,717147,96,1000000,1.0,96000000,36177,,1000000,0,1000000,0,10,10,0,960,96000960,768007680,289420,17777764
Deep,normal,CR1,253796,96,1000000,1.0,96000000,603,,1000000,0,1000000,0,10,10,0,960,96000960,768007680,4828,17777764
Deep,normal,CR1,594298,96,1000000,1.0,96000000,104020,,1000000,0,1000000,0,10,10,0,960,96000960,768007680,832164,17777764
Deep,normal,CR1,802333,96,1000000,1.0,96000000,57141,,1000000,0,1000000,0,10,10,0,960,96000960,768007680,457132,17777764
Deep,normal,CR1,907497,96,1000000,1.0,96000000,38286,,1000000,0,1000000,0,10,10,0,960,96000960,768007680,306292,17777764
Deep,normal,CR1,970136,96,1000000,1.0,96000000,35145,,1000000,0,1000000,0,10,10,0,960,96000960,768007680,281164,17777764
Deep,normal,CR1,472710,96,1000000,1.0,96000000,1771,,1000000,0,1000000,0,10,10,0,960,96000960,768007680,14172,17777764
Deep,normal,CR1,311434,96,1000000,1.0,96000000,5129,,1000000,0,1000000,0,10,10,0,960,96000960,768007680,41036,17777764
Deep,normal,CR1,152112,96,1000000,1.0,96000000,12511,,1000000,0,1000000,0,10,10,0,960,96000960,768007680,100092,17777764
Deep,normal,CR1,262882,96,1000000,1.0,96000000,22393,,1000000,0,1000000,0,10,10,0,960,96000960,768007680,179148,17777764
Deep,normal,CR1,706522,96,1000000,1.0,96000000,5997,,1000000,0,1000000,0,10,10,0,960,96000960,768007680,47980,17777764
Deep,normal,CR1,832912,96,1000000,1.0,96000000,24418,,1000000,0,1000000,0,10,10,0,960,96000960,768007680,195348,17777764
Deep,normal,CR1,303769,96,1000000,1.0,96000000,91883,,1000000,0,1000000,0,10,10,0,960,96000960,768007680,735068,17777764
Deep,normal,CR1,223701,96,1000000,1.0,96000000,39049,,1000000,0,1000000,0,10,10,0,960,96000960,768007680,312396,17777764
Deep,normal,CR1,809314,96,1000000,1.0,96000000,53502,,1000000,0,1000000,0,10,10,0,960,96000960,768007680,428020,17777764
Deep,normal,CR1,831243,96,1000000,1.0,96000000,18459,,1000000,0,1000000,0,10,10,0,960,96000960,768007680,147676,17777764
Deep,normal,CR1,831746,96,1000000,1.0,96000000,25657,,1000000,0,1000000,0,10,10,0,960,96000960,768007680,205260,17777764
Deep,normal,CR1,314373,96,1000000,1.0,96000000,6649,,1000000,0,1000000,0,10,10,0,960,96000960,768007680,53196,17777764
Deep,normal,CR1,810800,96,1000000,1.0,96000000,11471,,1000000,0,1000000,0,10,10,0,960,96000960,768007680,91772,17777764
Deep,normal,CR1,211855,96,1000000,1.0,96000000,81263,,1000000,0,1000000,0,10,10,0,960,96000960,768007680,650108,17777764
Deep,normal,CR1,533614,96,1000000,1.0,96000000,9967,,1000000,0,1000000,0,10,10,0,960,96000960,768007680,79740,17777764
Deep,normal,CR1,335471,96,1000000,1.0,96000000,31039,,1000000,0,1000000,0,10,10,0,960,96000960,768007680,248316,17777764
Deep,normal,CR1,566134,96,1000000,1.0,96000000,3556,,1000000,0,1000000,0,10,10,0,960,96000960,768007680,28452,17777764
Deep,normal,CR1,738848,96,1000000,1.0,96000000,91647,,1000000,0,1000000,0,10,10,0,960,96000960,768007680,733180,17777764
Deep,normal,CR1,359342,96,1000000,1.0,96000000,11608,,1000000,0,1000000,0,10,10,0,960,96000960,768007680,92868,17777764
Deep,normal,CR1,965210,96,1000000,1.0,96000000,29711,,1000000,0,1000000,0,10,10,0,960,96000960,768007680,237692,17777764
Deep,normal,CR1,928413,96,1000000,1.0,96000000,53963,,1000000,0,1000000,0,10,10,0,960,96000960,768007680,431708,17777764
Deep,normal,CR1,998782,96,1000000,1.0,96000000,41031,,1000000,0,1000000,0,10,10,0,960,96000960,768007680,328252,17777764
Deep,normal,CR1,248373,96,1000000,1.0,96000000,66909,,1000000,0,1000000,0,10,10,0,960,96000960,768007680,535276,17777764
Deep,normal,CR1,113110,96,1000000,1.0,96000000,7713,,1000000,0,1000000,0,10,10,0,960,96000960,768007680,61708,17777764
Deep,normal,CR1,421120,96,1000000,1.0,96000000,27072,,1000000,0,1000000,0,10,10,0,960,96000960,768007680,216580,17777764
Deep,normal,CR1,579626,96,1000000,1.0,96000000,70020,,1000000,0,1000000,0,10,10,0,960,96000960,768007680,560164,17777764
Deep,normal,CR1,997466,96,1000000,1.0,96000000,1165,,1000000,0,1000000,0,10,10,0,960,96000960,768007680,9324,17777764
Deep,normal,CR1,522760,96,1000000,1.0,96000000,57504,,1000000,0,1000000,0,10,10,0,960,96000960,768007680,460036,17777764
Deep,normal,CR1,134930,96,1000000,1.0,96000000,22780,,1000000,0,1000000,0,10,10,0,960,96000960,768007680,182244,17777764
Deep,normal,CR1,786964,96,1000000,1.0,96000000,12215,,1000000,0,1000000,0,10,10,0,960,96000960,768007680,97724,17777764
Deep,normal,CR1,884325,96,1000000,1.0,96000000,19486,,1000000,0,1000000,0,10,10,0,960,96000960,768007680,155892,17777764
Deep,normal,CR1,552447,96,1000000,1.0,96000000,36902,,1000000,0,1000000,0,10,10,0,960,96000960,768007680,295220,17777764
Deep,normal,CR1,504571,96,1000000,1.0,96000000,33606,,1000000,0,1000000,0,10,10,0,960,96000960,768007680,268852,17777764
Deep,normal,CR1,951244,96,1000000,1.0,96000000,9206,,1000000,0,1000000,0,10,10,0,960,96000960,768007680,73652,17777764
Deep,normal,CR1,220807,96,1000000,1.0,96000000,8813,,1000000,0,1000000,0,10,10,0,960,96000960,768007680,70508,17777764
Deep,normal,CR1,681257,96,1000000,1.0,96000000,3157,,1000000,0,1000000,0,10,10,0,960,96000960,768007680,25260,17777764
Deep,normal,CR1,417658,96,1000000,1.0,96000000,5481,,1000000,0,1000000,0,10,10,0,960,96000960,768007680,43852,17777764
Deep,normal,CR1,266352,96,1000000,1.0,96000000,28731,,1000000,0,1000000,0,10,10,0,960,96000960,768007680,229852,17777764
Deep,normal,CF1,584510,96,1000000,1.0,96000000,16806,,1000000,983192,16808,0,10,0,0,960,96000960,768007680,134452,17777764
Deep,normal,CF1,860467,96,1000000,1.0,96000000,53951,,1000000,946044,53956,0,10,0,0,960,96000960,768007680,431612,17777764
Deep,normal,CF1,923923,96,1000000,1.0,96000000,126938,,1000000,873051,126949,0,10,0,0,960,96000960,768007680,1015508,17777764
Deep,normal,CF1,533409,96,1000000,1.0,96000000,43909,,1000000,956085,43915,0,10,0,0,960,96000960,768007680,351276,17777764
Deep,normal,CF1,220435,96,1000000,1.0,96000000,20362,,1000000,979636,20364,0,10,0,0,960,96000960,768007680,162900,17777764
Deep,normal,CF1,395173,96,1000000,1.0,96000000,79903,,1000000,920086,79914,0,10,0,0,960,96000960,768007680,639228,17777764
Deep,normal,CF1,125555,96,1000000,1.0,96000000,50997,,1000000,949000,51000,0,10,0,0,960,96000960,768007680,407980,17777764
Deep,normal,CF1,37317,96,1000000,1.0,96000000,16211,,1000000,983787,16213,0,10,0,0,960,96000960,768007680,129692,17777764
Deep,normal,CF1,326694,96,1000000,1.0,96000000,4963,,1000000,995034,4966,0,10,0,0,960,96000960,768007680,39708,17777764
Deep,normal,CF1,408325,96,1000000,1.0,96000000,72371,,1000000,927626,72374,0,10,0,0,960,96000960,768007680,578972,17777764
Deep,normal,CF1,928005,96,1000000,1.0,96000000,59410,,1000000,940585,59415,0,10,0,0,960,96000960,768007680,475284,17777764
Deep,normal,CF1,636852,96,1000000,1.0,96000000,12737,,1000000,987257,12743,0,10,0,0,960,96000960,768007680,101900,17777764
Deep,normal,CF1,565201,96,1000000,1.0,96000000,10437,,1000000,989563,10437,0,10,0,0,960,96000960,768007680,83500,17777764
Deep,normal,CF1,416400,96,1000000,1.0,96000000,20431,,1000000,979567,20433,0,10,0,0,960,96000960,768007680,163452,17777764
Deep,normal,CF1,671950,96,1000000,1.0,96000000,5485,,1000000,994515,5485,0,10,0,0,960,96000960,768007680,43884,17777764
Deep,normal,CF1,100598,96,1000000,1.0,96000000,316,,1000000,999684,316,0,10,0,0,960,96000960,768007680,2532,17777764
Deep,normal,CF1,130060,96,1000000,1.0,96000000,5332,,1000000,994667,5333,0,10,0,0,960,96000960,768007680,42660,17777764
Deep,normal,CF1,763603,96,1000000,1.0,96000000,6039,,1000000,993961,6039,0,10,0,0,960,96000960,768007680,48316,17777764
Deep,normal,CF1,229656,96,1000000,1.0,96000000,33034,,1000000,966964,33036,0,10,0,0,960,96000960,768007680,264276,17777764
Deep,normal,CF1,854752,96,1000000,1.0,96000000,22330,,1000000,977669,22331,0,10,0,0,960,96000960,768007680,178644,17777764
Deep,normal,CF1,717147,96,1000000,1.0,96000000,36177,,1000000,963819,36181,0,10,0,0,960,96000960,768007680,289420,17777764
Deep,normal,CF1,253796,96,1000000,1.0,96000000,603,,1000000,999397,603,0,10,0,0,960,96000960,768007680,4828,17777764
Deep,normal,CF1,594298,96,1000000,1.0,96000000,104020,,1000000,895964,104036,0,10,0,0,960,96000960,768007680,832164,17777764
Deep,normal,CF1,802333,96,1000000,1.0,96000000,57141,,1000000,942854,57146,0,10,0,0,960,96000960,768007680,457132,17777764
Deep,normal,CF1,907497,96,1000000,1.0,96000000,38286,,1000000,961707,38293,0,10,0,0,960,96000960,768007680,306292,17777764
Deep,normal,CF1,970136,96,1000000,1.0,96000000,35145,,1000000,964850,35150,0,10,0,0,960,96000960,768007680,281164,17777764
Deep,normal,CF1,472710,96,1000000,1.0,96000000,1771,,1000000,998229,1771,0,10,0,0,960,96000960,768007680,14172,17777764
Deep,normal,CF1,311434,96,1000000,1.0,96000000,5129,,1000000,994869,5131,0,10,0,0,960,96000960,768007680,41036,17777764
Deep,normal,CF1,152112,96,1000000,1.0,96000000,12511,,1000000,987484,12516,0,10,0,0,960,96000960,768007680,100092,17777764
Deep,normal,CF1,262882,96,1000000,1.0,96000000,22393,,1000000,977602,22398,0,10,0,0,960,96000960,768007680,179148,17777764
Deep,normal,CF1,706522,96,1000000,1.0,96000000,5997,,1000000,994002,5998,0,10,0,0,960,96000960,768007680,47980,17777764
Deep,normal,CF1,832912,96,1000000,1.0,96000000,24418,,1000000,975575,24425,0,10,0,0,960,96000960,768007680,195348,17777764
Deep,normal,CF1,303769,96,1000000,1.0,96000000,91883,,1000000,908105,91895,0,10,0,0,960,96000960,768007680,735068,17777764
Deep,normal,CF1,223701,96,1000000,1.0,96000000,39049,,1000000,960942,39058,0,10,0,0,960,96000960,768007680,312396,17777764
Deep,normal,CF1,809314,96,1000000,1.0,96000000,53502,,1000000,946491,53509,0,10,0,0,960,96000960,768007680,428020,17777764
Deep,normal,CF1,831243,96,1000000,1.0,96000000,18459,,1000000,981538,18462,0,10,0,0,960,96000960,768007680,147676,17777764
Deep,normal,CF1,831746,96,1000000,1.0,96000000,25657,,1000000,974340,25660,0,10,0,0,960,96000960,768007680,205260,17777764
Deep,normal,CF1,314373,96,1000000,1.0,96000000,6649,,1000000,993350,6650,0,10,0,0,960,96000960,768007680,53196,17777764
Deep,normal,CF1,810800,96,1000000,1.0,96000000,11471,,1000000,988526,11474,0,10,0,0,960,96000960,768007680,91772,17777764
Deep,normal,CF1,211855,96,1000000,1.0,96000000,81263,,1000000,918726,81274,0,10,0,0,960,96000960,768007680,650108,17777764
Deep,normal,CF1,533614,96,1000000,1.0,96000000,9967,,1000000,990032,9968,0,10,0,0,960,96000960,768007680,79740,17777764
Deep,normal,CF1,335471,96,1000000,1.0,96000000,31039,,1000000,968959,31041,0,10,0,0,960,96000960,768007680,248316,17777764
Deep,normal,CF1,566134,96,1000000,1.0,96000000,3556,,1000000,996441,3559,0,10,0,0,960,96000960,768007680,28452,17777764
Deep,normal,CF1,738848,96,1000000,1.0,96000000,91647,,1000000,908339,91661,0,10,0,0,960,96000960,768007680,733180,17777764
Deep,normal,CF1,359342,96,1000000,1.0,96000000,11608,,1000000,988388,11612,0,10,0,0,960,96000960,768007680,92868,17777764
Deep,normal,CF1,965210,96,1000000,1.0,96000000,29711,,1000000,970289,29711,0,10,0,0,960,96000960,768007680,237692,17777764
Deep,normal,CF1,928413,96,1000000,1.0,96000000,53963,,1000000,946026,53974,0,10,0,0,960,96000960,768007680,431708,17777764
Deep,normal,CF1,998782,96,1000000,1.0,96000000,41031,,1000000,958965,41035,0,10,0,0,960,96000960,768007680,328252,17777764
Deep,normal,CF1,248373,96,1000000,1.0,96000000,66909,,1000000,933085,66915,0,10,0,0,960,96000960,768007680,535276,17777764
Deep,normal,CF1,113110,96,1000000,1.0,96000000,7713,,1000000,992287,7713,0,10,0,0,960,96000960,768007680,61708,17777764
Deep,normal,CF1,421120,96,1000000,1.0,96000000,27072,,1000000,972920,27080,0,10,0,0,960,96000960,768007680,216580,17777764
Deep,normal,CF1,579626,96,1000000,1.0,96000000,70020,,1000000,929969,70031,0,10,0,0,960,96000960,768007680,560164,17777764
Deep,normal,CF1,997466,96,1000000,1.0,96000000,1165,,1000000,998835,1165,0,10,0,0,960,96000960,768007680,9324,17777764
Deep,normal,CF1,522760,96,1000000,1.0,96000000,57504,,1000000,942494,57506,0,10,0,0,960,96000960,768007680,460036,17777764
Deep,normal,CF1,134930,96,1000000,1.0,96000000,22780,,1000000,977216,22784,0,10,0,0,960,96000960,768007680,182244,17777764
Deep,normal,CF1,786964,96,1000000,1.0,96000000,12215,,1000000,987782,12218,0,10,0,0,960,96000960,768007680,97724,17777764
Deep,normal,CF1,884325,96,1000000,1.0,96000000,19486,,1000000,980509,19491,0,10,0,0,960,96000960,768007680,155892,17777764
Deep,normal,CF1,552447,96,1000000,1.0,96000000,36902,,1000000,963093,36907,0,10,0,0,960,96000960,768007680,295220,17777764
Deep,normal,CF1,504571,96,1000000,1.0,96000000,33606,,1000000,966388,33612,0,10,0,0,960,96000960,768007680,268852,17777764
Deep,normal,CF1,951244,96,1000000,1.0,96000000,9206,,1000000,990793,9207,0,10,0,0,960,96000960,768007680,73652,17777764
Deep,normal,CF1,220807,96,1000000,1.0,96000000,8813,,1000000,991185,8815,0,10,0,0,960,96000960,768007680,70508,17777764
Deep,normal,CF1,681257,96,1000000,1.0,96000000,3157,,1000000,996843,3157,0,10,0,0,960,96000960,768007680,25260,17777764
Deep,normal,CF1,417658,96,1000000,1.0,96000000,5481,,1000000,994518,5482,0,10,0,0,960,96000960,768007680,43852,17777764
Deep,normal,CF1,266352,96,1000000,1.0,96000000,28731,,1000000,971269,28731,0,10,0,0,960,96000960,768007680,229852,17777764
Deep,normal,TR,584510,96,997020,0.99702,95713920,16806,99702,997020,0,997020,0,111030,111030,0,10658880,106372800,850982400,134452,17777764
Deep,normal,TR,860467,96,999310,0.99931,95933760,53951,99931,999310,0,999310,0,111110,111110,0,10666560,106600320,852802560,431612,17777764
Deep,normal,TR,923923,96,997560,0.99756,95765760,126938,99756,997560,0,997560,0,111080,111080,0,10663680,106429440,851435520,1015508,17777764
Deep,normal,TR,533409,96,996970,0.99697,95709120,43909,99697,996970,0,996970,0,111030,111030,0,10658880,106368000,850944000,351276,17777764
Deep,normal,TR,220435,96,997140,0.99714,95725440,20362,99714,997140,0,997140,0,111030,111030,0,10658880,106384320,851074560,162900,17777764
Deep,normal,TR,395173,96,995270,0.99527,95545920,79903,99527,995270,0,995270,0,110960,110960,0,10652160,106198080,849584640,639228,17777764
Deep,normal,TR,125555,96,999820,0.99982,95982720,50997,99982,999820,0,999820,0,111110,111110,0,10666560,106649280,853194240,407980,17777764
Deep,normal,TR,37317,96,999440,0.99944,95946240,16211,99944,999440,0,999440,0,111110,111110,0,10666560,106612800,852902400,129692,17777764
Deep,normal,TR,326694,96,994460,0.99446,95468160,4963,99446,994460,0,994460,0,110930,110930,0,10649280,106117440,848939520,39708,17777764
Deep,normal,TR,408325,96,999880,0.99988,95988480,72371,99988,999880,0,999880,0,111110,111110,0,10666560,106655040,853240320,578972,17777764
Deep,normal,TR,928005,96,996500,0.9965,95664000,59410,99650,996500,0,996500,0,111030,111030,0,10658880,106322880,850583040,475284,17777764
Deep,normal,TR,636852,96,999570,0.99957,95958720,12737,99957,999570,0,999570,0,111110,111110,0,10666560,106625280,853002240,101900,17777764
Deep,normal,TR,565201,96,995880,0.99588,95604480,10437,99588,995880,0,995880,0,110980,110980,0,10654080,106258560,850068480,83500,17777764
Deep,normal,TR,416400,96,999490,0.99949,95951040,20431,99949,999490,0,999490,0,111110,111110,0,10666560,106617600,852940800,163452,17777764
Deep,normal,TR,671950,96,996990,0.99699,95711040,5485,99699,996990,0,996990,0,111060,111060,0,10661760,106372800,850982400,43884,17777764
Deep,normal,TR,100598,96,994720,0.99472,95493120,316,99472,994720,0,994720,0,110940,110940,0,10650240,106143360,849146880,2532,17777764
Deep,normal,TR,130060,96,998300,0.9983,95836800,5332,99830,998300,0,998300,0,111100,111100,0,10665600,106502400,852019200,42660,17777764
Deep,normal,TR,763603,96,998790,0.99879,95883840,6039,99879,998790,0,998790,0,111100,111100,0,10665600,106549440,852395520,48316,17777764
Deep,normal,TR,229656,96,995420,0.99542,95560320,33034,99542,995420,0,995420,0,110990,110990,0,10655040,106215360,849722880,264276,17777764
Deep,normal,TR,854752,96,994880,0.99488,95508480,22330,99488,994880,0,994880,0,110950,110950,0,10651200,106159680,849277440,178644,17777764
Deep,normal,TR,717147,96,996510,0.99651,95664960,36177,99651,996510,0,996510,0,110970,110970,0,10653120,106318080,850544640,289420,17777764
Deep,normal,TR,253796,96,996620,0.99662,95675520,603,99662,996620,0,996620,0,110990,110990,0,10655040,106330560,850644480,4828,17777764
Deep,normal,TR,594298,96,997740,0.99774,95783040,104020,99774,997740,0,997740,0,111080,111080,0,10663680,106446720,851573760,832164,17777764
Deep,normal,TR,802333,96,996230,0.99623,95638080,57141,99623,996230,0,996230,0,111000,111000,0,10656000,106294080,850352640,457132,17777764
Deep,normal,TR,907497,96,999840,0.99984,95984640,38286,99984,999840,0,999840,0,111110,111110,0,10666560,106651200,853209600,306292,17777764
Deep,normal,TR,970136,96,995730,0.99573,95590080,35145,99573,995730,0,995730,0,111000,111000,0,10656000,106246080,849968640,281164,17777764
Deep,normal,TR,472710,96,995530,0.99553,95570880,1771,99553,995530,0,995530,0,110960,110960,0,10652160,106223040,849784320,14172,17777764
Deep,normal,TR,311434,96,999440,0.99944,95946240,5129,99944,999440,0,999440,0,111110,111110,0,10666560,106612800,852902400,41036,17777764
Deep,normal,TR,152112,96,999330,0.99933,95935680,12511,99933,999330,0,999330,0,111110,111110,0,10666560,106602240,852817920,100092,17777764
Deep,normal,TR,262882,96,999790,0.99979,95979840,22393,99979,999790,0,999790,0,111110,111110,0,10666560,106646400,853171200,179148,17777764
Deep,normal,TR,706522,96,998880,0.99888,95892480,5997,99888,998880,0,998880,0,111110,111110,0,10666560,106559040,852472320,47980,17777764
Deep,normal,TR,832912,96,999560,0.99956,95957760,24418,99956,999560,0,999560,0,111110,111110,0,10666560,106624320,852994560,195348,17777764
Deep,normal,TR,303769,96,996290,0.99629,95643840,91883,99629,996290,0,996290,0,111010,111010,0,10656960,106300800,850406400,735068,17777764
Deep,normal,TR,223701,96,999780,0.99978,95978880,39049,99978,999780,0,999780,0,111110,111110,0,10666560,106645440,853163520,312396,17777764
Deep,normal,TR,809314,96,997760,0.99776,95784960,53502,99776,997760,0,997760,0,111070,111070,0,10662720,106447680,851581440,428020,17777764
Deep,normal,TR,831243,96,997240,0.99724,95735040,18459,99724,997240,0,997240,0,111050,111050,0,10660800,106395840,851166720,147676,17777764
Deep,normal,TR,831746,96,997260,0.99726,95736960,25657,99726,997260,0,997260,0,111060,111060,0,10661760,106398720,851189760,205260,17777764
Deep,normal,TR,314373,96,995250,0.99525,95544000,6649,99525,995250,0,995250,0,110960,110960,0,10652160,106196160,849569280,53196,17777764
Deep,normal,TR,810800,96,999410,0.99941,95943360,11471,99941,999410,0,999410,0,111110,111110,0,10666560,106609920,852879360,91772,17777764
Deep,normal,TR,211855,96,997650,0.99765,95774400,81263,99765,997650,0,997650,0,111070,111070,0,10662720,106437120,851496960,650108,17777764
Deep,normal,TR,533614,96,995200,0.9952,95539200,9967,99520,995200,0,995200,0,110970,110970,0,10653120,106192320,849538560,79740,17777764
Deep,normal,TR,335471,96,994570,0.99457,95478720,31039,99457,994570,0,994570,0,110920,110920,0,10648320,106127040,849016320,248316,17777764
Deep,normal,TR,566134,96,997130,0.99713,95724480,3556,99713,997130,0,997130,0,111050,111050,0,10660800,106385280,851082240,28452,17777764
Deep,normal,TR,738848,96,996810,0.99681,95693760,91647,99681,996810,0,996810,0,111020,111020,0,10657920,106351680,850813440,733180,17777764
Deep,normal,TR,359342,96,996930,0.99693,95705280,11608,99693,996930,0,996930,0,111000,111000,0,10656000,106361280,850890240,92868,17777764
Deep,normal,TR,965210,96,996290,0.99629,95643840,29711,99629,996290,0,996290,0,111030,111030,0,10658880,106302720,850421760,237692,17777764
Deep,normal,TR,928413,96,996030,0.99603,95618880,53963,99603,996030,0,996030,0,110980,110980,0,10654080,106272960,850183680,431708,17777764
Deep,normal,TR,998782,96,995130,0.99513,95532480,41031,99513,995130,0,995130,0,110950,110950,0,10651200,106183680,849469440,328252,17777764
Deep,normal,TR,248373,96,997480,0.99748,95758080,66909,99748,997480,0,997480,0,111070,111070,0,10662720,106420800,851366400,535276,17777764
Deep,normal,TR,113110,96,995780,0.99578,95594880,7713,99578,995780,0,995780,0,110970,110970,0,10653120,106248000,849984000,61708,17777764
Deep,normal,TR,421120,96,999390,0.99939,95941440,27072,99939,999390,0,999390,0,111110,111110,0,10666560,106608000,852864000,216580,17777764
Deep,normal,TR,579626,96,995200,0.9952,95539200,70020,99520,995200,0,995200,0,110970,110970,0,10653120,106192320,849538560,560164,17777764
Deep,normal,TR,997466,96,994970,0.99497,95517120,1165,99497,994970,0,994970,0,110950,110950,0,10651200,106168320,849346560,9324,17777764
Deep,normal,TR,522760,96,997730,0.99773,95782080,57504,99773,997730,0,997730,0,111080,111080,0,10663680,106445760,851566080,460036,17777764
Deep,normal,TR,134930,96,996410,0.99641,95655360,22780,99641,996410,0,996410,0,111020,111020,0,10657920,106313280,850506240,182244,17777764
Deep,normal,TR,786964,96,998560,0.99856,95861760,12215,99856,998560,0,998560,0,111100,111100,0,10665600,106527360,852218880,97724,17777764
Deep,normal,TR,884325,96,996920,0.99692,95704320,19486,99692,996920,0,996920,0,111030,111030,0,10658880,106363200,850905600,155892,17777764
Deep,normal,TR,552447,96,995010,0.99501,95520960,36902,99501,995010,0,995010,0,110960,110960,0,10652160,106173120,849384960,295220,17777764
Deep,normal,TR,504571,96,998990,0.99899,95903040,33606,99899,998990,0,998990,0,111100,111100,0,10665600,106568640,852549120,268852,17777764
Deep,normal,TR,951244,96,999030,0.99903,95906880,9206,99903,999030,0,999030,0,111110,111110,0,10666560,106573440,852587520,73652,17777764
Deep,normal,TR,220807,96,998530,0.99853,95858880,8813,99853,998530,0,998530,0,111090,111090,0,10664640,106523520,852188160,70508,17777764
Deep,normal,TR,681257,96,995830,0.99583,95599680,3157,99583,995830,0,995830,0,110980,110980,0,10654080,106253760,850030080,25260,17777764
Deep,normal,TR,417658,96,994820,0.99482,95502720,5481,99482,994820,0,994820,0,110950,110950,0,10651200,106153920,849231360,43852,17777764
Deep,normal,TR,266352,96,994830,0.99483,95503680,28731,99483,994830,0,994830,0,110990,110990,0,10655040,106158720,849269760,229852,17777764
Deep,normal,TF,584510,96,997020,0.99702,95713920,16806,99702,997020,980212,16808,0,111030,0,0,10658880,106372800,850982400,134452,17777764
Deep,normal,TF,860467,96,999310,0.99931,95933760,53951,99931,999310,945354,53956,0,111110,0,0,10666560,106600320,852802560,431612,17777764
Deep,normal,TF,923923,96,997560,0.99756,95765760,126938,99756,997560,870611,126949,0,111080,0,0,10663680,106429440,851435520,1015508,17777764
Deep,normal,TF,533409,96,996970,0.99697,95709120,43909,99697,996970,953055,43915,0,111030,0,0,10658880,106368000,850944000,351276,17777764
Deep,normal,TF,220435,96,997140,0.99714,95725440,20362,99714,997140,976776,20364,0,111030,0,0,10658880,106384320,851074560,162900,17777764
Deep,normal,TF,395173,96,995270,0.99527,95545920,79903,99527,995270,915356,79914,0,110960,0,0,10652160,106198080,849584640,639228,17777764
Deep,normal,TF,125555,96,999820,0.99982,95982720,50997,99982,999820,948820,51000,0,111110,0,0,10666560,106649280,853194240,407980,17777764
Deep,normal,TF,37317,96,999440,0.99944,95946240,16211,99944,999440,983227,16213,0,111110,0,0,10666560,106612800,852902400,129692,17777764
Deep,normal,TF,326694,96,994460,0.99446,95468160,4963,99446,994460,989494,4966,0,110930,0,0,10649280,106117440,848939520,39708,17777764
Deep,normal,TF,408325,96,999880,0.99988,95988480,72371,99988,999880,927506,72374,0,111110,0,0,10666560,106655040,853240320,578972,17777764
Deep,normal,TF,928005,96,996500,0.9965,95664000,59410,99650,996500,937085,59415,0,111030,0,0,10658880,106322880,850583040,475284,17777764
Deep,normal,TF,636852,96,999570,0.99957,95958720,12737,99957,999570,986827,12743,0,111110,0,0,10666560,106625280,853002240,101900,17777764
Deep,normal,TF,565201,96,995880,0.99588,95604480,10437,99588,995880,985443,10437,0,110980,0,0,10654080,106258560,850068480,83500,17777764
Deep,normal,TF,416400,96,999490,0.99949,95951040,20431,99949,999490,979057,20433,0,111110,0,0,10666560,106617600,852940800,163452,17777764
Deep,normal,TF,671950,96,996990,0.99699,95711040,5485,99699,996990,991505,5485,0,111060,0,0,10661760,106372800,850982400,43884,17777764
Deep,normal,TF,100598,96,994720,0.99472,95493120,316,99472,994720,994404,316,0,110940,0,0,10650240,106143360,849146880,2532,17777764
Deep,normal,TF,130060,96,998300,0.9983,95836800,5332,99830,998300,992967,5333,0,111100,0,0,10665600,106502400,852019200,42660,17777764
Deep,normal,TF,763603,96,998790,0.99879,95883840,6039,99879,998790,992751,6039,0,111100,0,0,10665600,106549440,852395520,48316,17777764
Deep,normal,TF,229656,96,995420,0.99542,95560320,33034,99542,995420,962384,33036,0,110990,0,0,10655040,106215360,849722880,264276,17777764
Deep,normal,TF,854752,96,994880,0.99488,95508480,22330,99488,994880,972549,22331,0,110950,0,0,10651200,106159680,849277440,178644,17777764
Deep,normal,TF,717147,96,996510,0.99651,95664960,36177,99651,996510,960329,36181,0,110970,0,0,10653120,106318080,850544640,289420,17777764
Deep,normal,TF,253796,96,996620,0.99662,95675520,603,99662,996620,996017,603,0,110990,0,0,10655040,106330560,850644480,4828,17777764
Deep,normal,TF,594298,96,997740,0.99774,95783040,104020,99774,997740,893704,104036,0,111080,0,0,10663680,106446720,851573760,832164,17777764
Deep,normal,TF,802333,96,996230,0.99623,95638080,57141,99623,996230,939084,57146,0,111000,0,0,10656000,106294080,850352640,457132,17777764
Deep,normal,TF,907497,96,999840,0.99984,95984640,38286,99984,999840,961547,38293,0,111110,0,0,10666560,106651200,853209600,306292,17777764
Deep,normal,TF,970136,96,995740,0.99574,95591040,35145,99574,995740,960590,35150,0,111000,0,0,10656000,106247040,849976320,281164,17777764
Deep,normal,TF,472710,96,995530,0.99553,95570880,1771,99553,995530,993759,1771,0,110960,0,0,10652160,106223040,849784320,14172,17777764
Deep,normal,TF,311434,96,999440,0.99944,95946240,5129,99944,999440,994309,5131,0,111110,0,0,10666560,106612800,852902400,41036,17777764
Deep,normal,TF,152112,96,999330,0.99933,95935680,12511,99933,999330,986814,12516,0,111110,0,0,10666560,106602240,852817920,100092,17777764
Deep,normal,TF,262882,96,999790,0.99979,95979840,22393,99979,999790,977392,22398,0,111110,0,0,10666560,106646400,853171200,179148,17777764
Deep,normal,TF,706522,96,998880,0.99888,95892480,5997,99888,998880,992882,5998,0,111110,0,0,10666560,106559040,852472320,47980,17777764
Deep,normal,TF,832912,96,999560,0.99956,95957760,24418,99956,999560,975135,24425,0,111110,0,0,10666560,106624320,852994560,195348,17777764
Deep,normal,TF,303769,96,996290,0.99629,95643840,91883,99629,996290,904395,91895,0,111010,0,0,10656960,106300800,850406400,735068,17777764
Deep,normal,TF,223701,96,999780,0.99978,95978880,39049,99978,999780,960722,39058,0,111110,0,0,10666560,106645440,853163520,312396,17777764
Deep,normal,TF,809314,96,997760,0.99776,95784960,53502,99776,997760,944251,53509,0,111070,0,0,10662720,106447680,851581440,428020,17777764
Deep,normal,TF,831243,96,997240,0.99724,95735040,18459,99724,997240,978778,18462,0,111050,0,0,10660800,106395840,851166720,147676,17777764
Deep,normal,TF,831746,96,997260,0.99726,95736960,25657,99726,997260,971600,25660,0,111060,0,0,10661760,106398720,851189760,205260,17777764
Deep,normal,TF,314373,96,995250,0.99525,95544000,6649,99525,995250,988600,6650,0,110960,0,0,10652160,106196160,849569280,53196,17777764
Deep,normal,TF,810800,96,999410,0.99941,95943360,11471,99941,999410,987936,11474,0,111110,0,0,10666560,106609920,852879360,91772,17777764
Deep,normal,TF,211855,96,997650,0.99765,95774400,81263,99765,997650,916376,81274,0,111070,0,0,10662720,106437120,851496960,650108,17777764
Deep,normal,TF,533614,96,995200,0.9952,95539200,9967,99520,995200,985232,9968,0,110970,0,0,10653120,106192320,849538560,79740,17777764
Deep,normal,TF,335471,96,994570,0.99457,95478720,31039,99457,994570,963529,31041,0,110920,0,0,10648320,106127040,849016320,248316,17777764
Deep,normal,TF,566134,96,997130,0.99713,95724480,3556,99713,997130,993571,3559,0,111050,0,0,10660800,106385280,851082240,28452,17777764
Deep,normal,TF,738848,96,996810,0.99681,95693760,91647,99681,996810,905149,91661,0,111020,0,0,10657920,106351680,850813440,733180,17777764
Deep,normal,TF,359342,96,996930,0.99693,95705280,11608,99693,996930,985318,11612,0,111000,0,0,10656000,106361280,850890240,92868,17777764
Deep,normal,TF,965210,96,996290,0.99629,95643840,29711,99629,996290,966579,29711,0,111030,0,0,10658880,106302720,850421760,237692,17777764
Deep,normal,TF,928413,96,996030,0.99603,95618880,53963,99603,996030,942056,53974,0,110980,0,0,10654080,106272960,850183680,431708,17777764
Deep,normal,TF,998782,96,995130,0.99513,95532480,41031,99513,995130,954095,41035,0,110950,0,0,10651200,106183680,849469440,328252,17777764
Deep,normal,TF,248373,96,997480,0.99748,95758080,66909,99748,997480,930565,66915,0,111070,0,0,10662720,106420800,851366400,535276,17777764
Deep,normal,TF,113110,96,995780,0.99578,95594880,7713,99578,995780,988067,7713,0,110970,0,0,10653120,106248000,849984000,61708,17777764
Deep,normal,TF,421120,96,999390,0.99939,95941440,27072,99939,999390,972310,27080,0,111110,0,0,10666560,106608000,852864000,216580,17777764
Deep,normal,TF,579626,96,995200,0.9952,95539200,70020,99520,995200,925169,70031,0,110970,0,0,10653120,106192320,849538560,560164,17777764
Deep,normal,TF,997466,96,994970,0.99497,95517120,1165,99497,994970,993805,1165,0,110950,0,0,10651200,106168320,849346560,9324,17777764
Deep,normal,TF,522760,96,997730,0.99773,95782080,57504,99773,997730,940224,57506,0,111080,0,0,10663680,106445760,851566080,460036,17777764
Deep,normal,TF,134930,96,996410,0.99641,95655360,22780,99641,996410,973626,22784,0,111020,0,0,10657920,106313280,850506240,182244,17777764
Deep,normal,TF,786964,96,998560,0.99856,95861760,12215,99856,998560,986342,12218,0,111100,0,0,10665600,106527360,852218880,97724,17777764
Deep,normal,TF,884325,96,996920,0.99692,95704320,19486,99692,996920,977429,19491,0,111030,0,0,10658880,106363200,850905600,155892,17777764
Deep,normal,TF,552447,96,995010,0.99501,95520960,36902,99501,995010,958103,36907,0,110960,0,0,10652160,106173120,849384960,295220,17777764
Deep,normal,TF,504571,96,998990,0.99899,95903040,33606,99899,998990,965378,33612,0,111100,0,0,10665600,106568640,852549120,268852,17777764
Deep,normal,TF,951244,96,999030,0.99903,95906880,9206,99903,999030,989823,9207,0,111110,0,0,10666560,106573440,852587520,73652,17777764
Deep,normal,TF,220807,96,998530,0.99853,95858880,8813,99853,998530,989715,8815,0,111090,0,0,10664640,106523520,852188160,70508,17777764
Deep,normal,TF,681257,96,995830,0.99583,95599680,3157,99583,995830,992673,3157,0,110980,0,0,10654080,106253760,850030080,25260,17777764
Deep,normal,TF,417658,96,994820,0.99482,95502720,5481,99482,994820,989338,5482,0,110950,0,0,10651200,106153920,849231360,43852,17777764
Deep,normal,TF,266352,96,994830,0.99483,95503680,28731,99483,994830,966099,28731,0,110990,0,0,10655040,106158720,849269760,229852,17777764
Tloc,normal,FR,584510,2,1000000,1.0,2000000,64877,,1000000,0,1000000,0,0,0,0,0,2000000,16000000,519020,17777764
Tloc,normal,FR,860467,2,1000000,1.0,2000000,5488,,1000000,0,1000000,0,0,0,0,0,2000000,16000000,43908,17777764
Tloc,normal,FR,923923,2,1000000,1.0,2000000,44117,,1000000,0,1000000,0,0,0,0,0,2000000,16000000,352940,17777764
Tloc,normal,FR,533409,2,1000000,1.0,2000000,41129,,1000000,0,1000000,0,0,0,0,0,2000000,16000000,329036,17777764
Tloc,normal,FR,220435,2,1000000,1.0,2000000,22408,,1000000,0,1000000,0,0,0,0,0,2000000,16000000,179268,17777764
Tloc,normal,FR,395173,2,1000000,1.0,2000000,20524,,1000000,0,1000000,0,0,0,0,0,2000000,16000000,164196,17777764
Tloc,normal,FR,125555,2,1000000,1.0,2000000,4265,,1000000,0,1000000,0,0,0,0,0,2000000,16000000,34124,17777764
Tloc,normal,FR,37317,2,1000000,1.0,2000000,727,,1000000,0,1000000,0,0,0,0,0,2000000,16000000,5820,17777764
Tloc,normal,FR,326694,2,1000000,1.0,2000000,34092,,1000000,0,1000000,0,0,0,0,0,2000000,16000000,272740,17777764
Tloc,normal,FR,408325,2,1000000,1.0,2000000,85624,,1000000,0,1000000,0,0,0,0,0,2000000,16000000,684996,17777764
Tloc,normal,FR,928005,2,1000000,1.0,2000000,26546,,1000000,0,1000000,0,0,0,0,0,2000000,16000000,212372,17777764
Tloc,normal,FR,636852,2,1000000,1.0,2000000,55529,,1000000,0,1000000,0,0,0,0,0,2000000,16000000,444236,17777764
Tloc,normal,FR,565201,2,1000000,1.0,2000000,55020,,1000000,0,1000000,0,0,0,0,0,2000000,16000000,440164,17777764
Tloc,normal,FR,416400,2,1000000,1.0,2000000,99864,,1000000,0,1000000,0,0,0,0,0,2000000,16000000,798916,17777764
Tloc,normal,FR,671950,2,1000000,1.0,2000000,34526,,1000000,0,1000000,0,0,0,0,0,2000000,16000000,276212,17777764
Tloc,normal,FR,100598,2,1000000,1.0,2000000,16520,,1000000,0,1000000,0,0,0,0,0,2000000,16000000,132164,17777764
Tloc,normal,FR,130060,2,1000000,1.0,2000000,1630,,1000000,0,1000000,0,0,0,0,0,2000000,16000000,13044,17777764
Tloc,normal,FR,763603,2,1000000,1.0,2000000,28326,,1000000,0,1000000,0,0,0,0,0,2000000,16000000,226612,17777764
Tloc,normal,FR,229656,2,1000000,1.0,2000000,4748,,1000000,0,1000000,0,0,0,0,0,2000000,16000000,37988,17777764
Tloc,normal,FR,854752,2,1000000,1.0,2000000,23359,,1000000,0,1000000,0,0,0,0,0,2000000,16000000,186876,17777764
Tloc,normal,FR,717147,2,1000000,1.0,2000000,33571,,1000000,0,1000000,0,0,0,0,0,2000000,16000000,268572,17777764
Tloc,normal,FR,253796,2,1000000,1.0,2000000,30123,,1000000,0,1000000,0,0,0,0,0,2000000,16000000,240988,17777764
Tloc,normal,FR,594298,2,1000000,1.0,2000000,64848,,1000000,0,1000000,0,0,0,0,0,2000000,16000000,518788,17777764
Tloc,normal,FR,802333,2,1000000,1.0,2000000,50179,,1000000,0,1000000,0,0,0,0,0,2000000,16000000,401436,17777764
Tloc,normal,FR,907497,2,1000000,1.0,2000000,1973,,1000000,0,1000000,0,0,0,0,0,2000000,16000000,15788,17777764
Tloc,normal,FR,970136,2,1000000,1.0,2000000,33725,,1000000,0,1000000,0,0,0,0,0,2000000,16000000,269804,17777764
Tloc,normal,FR,472710,2,1000000,1.0,2000000,104451,,1000000,0,1000000,0,0,0,0,0,2000000,16000000,835612,17777764
Tloc,normal,FR,311434,2,1000000,1.0,2000000,21843,,1000000,0,1000000,0,0,0,0,0,2000000,16000000,174748,17777764
Tloc,normal,FR,152112,2,1000000,1.0,2000000,8016,,1000000,0,1000000,0,0,0,0,0,2000000,16000000,64132,17777764
Tloc,normal,FR,262882,2,1000000,1.0,2000000,894,,1000000,0,1000000,0,0,0,0,0,2000000,16000000,7156,17777764
Tloc,normal,FR,706522,2,1000000,1.0,2000000,3206,,1000000,0,1000000,0,0,0,0,0,2000000,16000000,25652,17777764
Tloc,normal,FR,832912,2,1000000,1.0,2000000,8736,,1000000,0,1000000,0,0,0,0,0,2000000,16000000,69892,17777764
Tloc,normal,FR,303769,2,1000000,1.0,2000000,8499,,1000000,0,1000000,0,0,0,0,0,2000000,16000000,67996,17777764
Tloc,normal,FR,223701,2,1000000,1.0,2000000,22587,,1000000,0,1000000,0,0,0,0,0,2000000,16000000,180700,17777764
Tloc,normal,FR,809314,2,1000000,1.0,2000000,9057,,1000000,0,1000000,0,0,0,0,0,2000000,16000000,72460,17777764
Tloc,normal,FR,831243,2,1000000,1.0,2000000,4814,,1000000,0,1000000,0,0,0,0,0,2000000,16000000,38516,17777764
Tloc,normal,FR,831746,2,1000000,1.0,2000000,3545,,1000000,0,1000000,0,0,0,0,0,2000000,16000000,28364,17777764
Tloc,normal,FR,314373,2,1000000,1.0,2000000,32981,,1000000,0,1000000,0,0,0,0,0,2000000,16000000,263852,17777764
Tloc,normal,FR,810800,2,1000000,1.0,2000000,4114,,1000000,0,1000000,0,0,0,0,0,2000000,16000000,32916,17777764
Tloc,normal,FR,211855,2,1000000,1.0,2000000,2201,,1000000,0,1000000,0,0,0,0,0,2000000,16000000,17612,17777764
Tloc,normal,FR,533614,2,1000000,1.0,2000000,37596,,1000000,0,1000000,0,0,0,0,0,2000000,16000000,300772,17777764
Tloc,normal,FR,335471,2,1000000,1.0,2000000,14196,,1000000,0,1000000,0,0,0,0,0,2000000,16000000,113572,17777764
Tloc,normal,FR,566134,2,1000000,1.0,2000000,50510,,1000000,0,1000000,0,0,0,0,0,2000000,16000000,404084,17777764
Tloc,normal,FR,738848,2,1000000,1.0,2000000,69540,,1000000,0,1000000,0,0,0,0,0,2000000,16000000,556324,17777764
Tloc,normal,FR,359342,2,1000000,1.0,2000000,30252,,1000000,0,1000000,0,0,0,0,0,2000000,16000000,242020,17777764
Tloc,normal,FR,965210,2,1000000,1.0,2000000,15477,,1000000,0,1000000,0,0,0,0,0,2000000,16000000,123820,17777764
Tloc,normal,FR,928413,2,1000000,1.0,2000000,25072,,1000000,0,1000000,0,0,0,0,0,2000000,16000000,200580,17777764
Tloc,normal,FR,998782,2,1000000,1.0,2000000,420,,1000000,0,1000000,0,0,0,0,0,2000000,16000000,3364,17777764
Tloc,normal,FR,248373,2,1000000,1.0,2000000,19860,,1000000,0,1000000,0,0,0,0,0,2000000,16000000,158884,17777764
Tloc,normal,FR,113110,2,1000000,1.0,2000000,1447,,1000000,0,1000000,0,0,0,0,0,2000000,16000000,11580,17777764
Tloc,normal,FR,421120,2,1000000,1.0,2000000,104580,,1000000,0,1000000,0,0,0,0,0,2000000,16000000,836644,17777764
Tloc,normal,FR,579626,2,1000000,1.0,2000000,65062,,1000000,0,1000000,0,0,0,0,0,2000000,16000000,520500,17777764
Tloc,normal,FR,997466,2,1000000,1.0,2000000,420,,1000000,0,1000000,0,0,0,0,0,2000000,16000000,3364,17777764
Tloc,normal,FR,522760,2,1000000,1.0,2000000,64875,,1000000,0,1000000,0,0,0,0,0,2000000,16000000,519004,17777764
Tloc,normal,FR,134930,2,1000000,1.0,2000000,11236,,1000000,0,1000000,0,0,0,0,0,2000000,16000000,89892,17777764
Tloc,normal,FR,786964,2,1000000,1.0,2000000,22700,,1000000,0,1000000,0,0,0,0,0,2000000,16000000,181604,17777764
Tloc,normal,FR,884325,2,1000000,1.0,2000000,17664,,1000000,0,1000000,0,0,0,0,0,2000000,16000000,141316,17777764
Tloc,normal,FR,552447,2,1000000,1.0,2000000,30238,,1000000,0,1000000,0,0,0,0,0,2000000,16000000,241908,17777764
Tloc,normal,FR,504571,2,1000000,1.0,2000000,40242,,1000000,0,1000000,0,0,0,0,0,2000000,16000000,321940,17777764
Tloc,normal,FR,951244,2,1000000,1.0,2000000,42177,,1000000,0,1000000,0,0,0,0,0,2000000,16000000,337420,17777764
Tloc,normal,FR,220807,2,1000000,1.0,2000000,25826,,1000000,0,1000000,0,0,0,0,0,2000000,16000000,206612,17777764
Tloc,normal,FR,681257,2,1000000,1.0,2000000,48977,,1000000,0,1000000,0,0,0,0,0,2000000,16000000,391820,17777764
Tloc,normal,FR,417658,2,1000000,1.0,2000000,99455,,1000000,0,1000000,0,0,0,0,0,2000000,16000000,795644,17777764
Tloc,normal,FR,266352,2,1000000,1.0,2000000,26046,,1000000,0,1000000,0,0,0,0,0,2000000,16000000,208372,17777764
Tloc,normal,FF,584510,2,1000000,1.0,2000000,64877,,1000000,935123,64877,0,0,0,0,0,2000000,16000000,519020,17777764
Tloc,normal,FF,860467,2,1000000,1.0,2000000,5488,,1000000,994512,5488,0,0,0,0,0,2000000,16000000,43908,17777764
Tloc,normal,FF,923923,2,1000000,1.0,2000000,44117,,1000000,955883,44117,0,0,0,0,0,2000000,16000000,352940,17777764
Tloc,normal,FF,533409,2,1000000,1.0,2000000,41129,,1000000,958871,41129,0,0,0,0,0,2000000,16000000,329036,17777764
Tloc,normal,FF,220435,2,1000000,1.0,2000000,22408,,1000000,977592,22408,0,0,0,0,0,2000000,16000000,179268,17777764
Tloc,normal,FF,395173,2,1000000,1.0,2000000,20524,,1000000,979476,20524,0,0,0,0,0,2000000,16000000,164196,17777764
Tloc,normal,FF,125555,2,1000000,1.0,2000000,4265,,1000000,995735,4265,0,0,0,0,0,2000000,16000000,34124,17777764
Tloc,normal,FF,37317,2,1000000,1.0,2000000,727,,1000000,999273,727,0,0,0,0,0,2000000,16000000,5820,17777764
Tloc,normal,FF,326694,2,1000000,1.0,2000000,34092,,1000000,965908,34092,0,0,0,0,0,2000000,16000000,272740,17777764
Tloc,normal,FF,408325,2,1000000,1.0,2000000,85624,,1000000,914376,85624,0,0,0,0,0,2000000,16000000,684996,17777764
Tloc,normal,FF,928005,2,1000000,1.0,2000000,26546,,1000000,973454,26546,0,0,0,0,0,2000000,16000000,212372,17777764
Tloc,normal,FF,636852,2,1000000,1.0,2000000,55529,,1000000,944471,55529,0,0,0,0,0,2000000,16000000,444236,17777764
Tloc,normal,FF,565201,2,1000000,1.0,2000000,55020,,1000000,944980,55020,0,0,0,0,0,2000000,16000000,440164,17777764
Tloc,normal,FF,416400,2,1000000,1.0,2000000,99864,,1000000,900136,99864,0,0,0,0,0,2000000,16000000,798916,17777764
Tloc,normal,FF,671950,2,1000000,1.0,2000000,34526,,1000000,965474,34526,0,0,0,0,0,2000000,16000000,276212,17777764
Tloc,normal,FF,100598,2,1000000,1.0,2000000,16520,,1000000,983480,16520,0,0,0,0,0,2000000,16000000,132164,17777764
Tloc,normal,FF,130060,2,1000000,1.0,2000000,1630,,1000000,998370,1630,0,0,0,0,0,2000000,16000000,13044,17777764
Tloc,normal,FF,763603,2,1000000,1.0,2000000,28326,,1000000,971674,28326,0,0,0,0,0,2000000,16000000,226612,17777764
Tloc,normal,FF,229656,2,1000000,1.0,2000000,4748,,1000000,995252,4748,0,0,0,0,0,2000000,16000000,37988,17777764
Tloc,normal,FF,854752,2,1000000,1.0,2000000,23359,,1000000,976641,23359,0,0,0,0,0,2000000,16000000,186876,17777764
Tloc,normal,FF,717147,2,1000000,1.0,2000000,33571,,1000000,966429,33571,0,0,0,0,0,2000000,16000000,268572,17777764
Tloc,normal,FF,253796,2,1000000,1.0,2000000,30123,,1000000,969877,30123,0,0,0,0,0,2000000,16000000,240988,17777764
Tloc,normal,FF,594298,2,1000000,1.0,2000000,64848,,1000000,935152,64848,0,0,0,0,0,2000000,16000000,518788,17777764
Tloc,normal,FF,802333,2,1000000,1.0,2000000,50179,,1000000,949821,50179,0,0,0,0,0,2000000,16000000,401436,17777764
Tloc,normal,FF,907497,2,1000000,1.0,2000000,1973,,1000000,998027,1973,0,0,0,0,0,2000000,16000000,15788,17777764
Tloc,normal,FF,970136,2,1000000,1.0,2000000,33725,,1000000,966275,33725,0,0,0,0,0,2000000,16000000,269804,17777764
Tloc,normal,FF,472710,2,1000000,1.0,2000000,104451,,1000000,895549,104451,0,0,0,0,0,2000000,16000000,835612,17777764
Tloc,normal,FF,311434,2,1000000,1.0,2000000,21843,,1000000,978157,21843,0,0,0,0,0,2000000,16000000,174748,17777764
Tloc,normal,FF,152112,2,1000000,1.0,2000000,8016,,1000000,991983,8017,0,0,0,0,0,2000000,16000000,64132,17777764
Tloc,normal,FF,262882,2,1000000,1.0,2000000,894,,1000000,999106,894,0,0,0,0,0,2000000,16000000,7156,17777764
Tloc,normal,FF,706522,2,1000000,1.0,2000000,3206,,1000000,996794,3206,0,0,0,0,0,2000000,16000000,25652,17777764
Tloc,normal,FF,832912,2,1000000,1.0,2000000,8736,,1000000,991264,8736,0,0,0,0,0,2000000,16000000,69892,17777764
Tloc,normal,FF,303769,2,1000000,1.0,2000000,8499,,1000000,991501,8499,0,0,0,0,0,2000000,16000000,67996,17777764
Tloc,normal,FF,223701,2,1000000,1.0,2000000,22587,,1000000,977413,22587,0,0,0,0,0,2000000,16000000,180700,17777764
Tloc,normal,FF,809314,2,1000000,1.0,2000000,9057,,1000000,990943,9057,0,0,0,0,0,2000000,16000000,72460,17777764
Tloc,normal,FF,831243,2,1000000,1.0,2000000,4814,,1000000,995186,4814,0,0,0,0,0,2000000,16000000,38516,17777764
Tloc,normal,FF,831746,2,1000000,1.0,2000000,3545,,1000000,996455,3545,0,0,0,0,0,2000000,16000000,28364,17777764
Tloc,normal,FF,314373,2,1000000,1.0,2000000,32981,,1000000,967019,32981,0,0,0,0,0,2000000,16000000,263852,17777764
Tloc,normal,FF,810800,2,1000000,1.0,2000000,4114,,1000000,995886,4114,0,0,0,0,0,2000000,16000000,32916,17777764
Tloc,normal,FF,211855,2,1000000,1.0,2000000,2201,,1000000,997799,2201,0,0,0,0,0,2000000,16000000,17612,17777764
Tloc,normal,FF,533614,2,1000000,1.0,2000000,37596,,1000000,962403,37597,0,0,0,0,0,2000000,16000000,300772,17777764
Tloc,normal,FF,335471,2,1000000,1.0,2000000,14196,,1000000,985804,14196,0,0,0,0,0,2000000,16000000,113572,17777764
Tloc,normal,FF,566134,2,1000000,1.0,2000000,50510,,1000000,949490,50510,0,0,0,0,0,2000000,16000000,404084,17777764
Tloc,normal,FF,738848,2,1000000,1.0,2000000,69540,,1000000,930460,69540,0,0,0,0,0,2000000,16000000,556324,17777764
Tloc,normal,FF,359342,2,1000000,1.0,2000000,30252,,1000000,969748,30252,0,0,0,0,0,2000000,16000000,242020,17777764
Tloc,normal,FF,965210,2,1000000,1.0,2000000,15477,,1000000,984523,15477,0,0,0,0,0,2000000,16000000,123820,17777764
Tloc,normal,FF,928413,2,1000000,1.0,2000000,25072,,1000000,974928,25072,0,0,0,0,0,2000000,16000000,200580,17777764
Tloc,normal,FF,998782,2,1000000,1.0,2000000,420,,1000000,999580,420,0,0,0,0,0,2000000,16000000,3364,17777764
Tloc,normal,FF,248373,2,1000000,1.0,2000000,19860,,1000000,980140,19860,0,0,0,0,0,2000000,16000000,158884,17777764
Tloc,normal,FF,113110,2,1000000,1.0,2000000,1447,,1000000,998553,1447,0,0,0,0,0,2000000,16000000,11580,17777764
Tloc,normal,FF,421120,2,1000000,1.0,2000000,104580,,1000000,895420,104580,0,0,0,0,0,2000000,16000000,836644,17777764
Tloc,normal,FF,579626,2,1000000,1.0,2000000,65062,,1000000,934938,65062,0,0,0,0,0,2000000,16000000,520500,17777764
Tloc,normal,FF,997466,2,1000000,1.0,2000000,420,,1000000,999580,420,0,0,0,0,0,2000000,16000000,3364,17777764
Tloc,normal,FF,522760,2,1000000,1.0,2000000,64875,,1000000,935125,64875,0,0,0,0,0,2000000,16000000,519004,17777764
Tloc,normal,FF,134930,2,1000000,1.0,2000000,11236,,1000000,988764,11236,0,0,0,0,0,2000000,16000000,89892,17777764
Tloc,normal,FF,786964,2,1000000,1.0,2000000,22700,,1000000,977300,22700,0,0,0,0,0,2000000,16000000,181604,17777764
Tloc,normal,FF,884325,2,1000000,1.0,2000000,17664,,1000000,982336,17664,0,0,0,0,0,2000000,16000000,141316,17777764
Tloc,normal,FF,552447,2,1000000,1.0,2000000,30238,,1000000,969762,30238,0,0,0,0,0,2000000,16000000,241908,17777764
Tloc,normal,FF,504571,2,1000000,1.0,2000000,40242,,1000000,959758,40242,0,0,0,0,0,2000000,16000000,321940,17777764
Tloc,normal,FF,951244,2,1000000,1.0,2000000,42177,,1000000,957823,42177,0,0,0,0,0,2000000,16000000,337420,17777764
Tloc,normal,FF,220807,2,1000000,1.0,2000000,25826,,1000000,974174,25826,0,0,0,0,0,2000000,16000000,206612,17777764
Tloc,normal,FF,681257,2,1000000,1.0,2000000,48977,,1000000,951023,48977,0,0,0,0,0,2000000,16000000,391820,17777764
Tloc,normal,FF,417658,2,1000000,1.0,2000000,99455,,1000000,900545,99455,0,0,0,0,0,2000000,16000000,795644,17777764
Tloc,normal,FF,266352,2,1000000,1.0,2000000,26046,,1000000,973954,26046,0,0,0,0,0,2000000,16000000,208372,17777764
Tloc,normal,CR4,584510,2,67600,0.0676,135200,64877,,67600,0,67600,0,960,960,0,1920,137120,1096960,519020,17777764
Tloc,normal,CR4,860467,2,10600,0.0106,21200,5488,,10600,0,10600,0,290,290,0,580,21780,174240,43908,17777764
Tloc,normal,CR4,923923,2,57200,0.0572,114400,44117,,57200,0,57200,0,790,790,0,1580,115980,927840,352940,17777764
Tloc,normal,CR4,533409,2,66500,0.0665,133000,41129,,66500,0,66500,0,1150,1150,0,2300,135300,1082400,329036,17777764
Tloc,normal,CR4,220435,2,29900,0.0299,59800,22408,,29900,0,29900,0,480,480,0,960,60760,486080,179268,17777764
Tloc,normal,CR4,395173,2,32700,0.0327,65400,20524,,32700,0,32700,0,650,650,0,1300,66700,533600,164196,17777764
Tloc,normal,CR4,125555,2,9800,0.0098,19600,4265,,9800,0,9800,0,250,250,0,500,20100,160800,34124,17777764
Tloc,normal,CR4,37317,2,1800,0.0018,3600,727,,1800,0,1800,0,110,110,0,220,3820,30560,5820,17777764
Tloc,normal,CR4,326694,2,40200,0.0402,80400,34092,,40200,0,40200,0,610,610,0,1220,81620,652960,272740,17777764
Tloc,normal,CR4,408325,2,104700,0.1047,209400,85624,,104700,0,104700,0,1430,1430,0,2860,212260,1698080,684996,17777764
Tloc,normal,CR4,928005,2,37900,0.0379,75800,26546,,37900,0,37900,0,580,580,0,1160,76960,615680,212372,17777764
Tloc,normal,CR4,636852,2,68900,0.0689,137800,55529,,68900,0,68900,0,1190,1190,0,2380,140180,1121440,444236,17777764
Tloc,normal,CR4,565201,2,70600,0.0706,141200,55020,,70600,0,70600,0,1030,1030,0,2060,143260,1146080,440164,17777764
Tloc,normal,CR4,416400,2,115400,0.1154,230800,99864,,115400,0,115400,0,1600,1600,0,3200,234000,1872000,798916,17777764
Tloc,normal,CR4,671950,2,47200,0.0472,94400,34526,,47200,0,47200,0,880,880,0,1760,96160,769280,276212,17777764
Tloc,normal,CR4,100598,2,18700,0.0187,37400,16520,,18700,0,18700,0,260,260,0,520,37920,303360,132164,17777764
Tloc,normal,CR4,130060,2,2500,0.0025,5000,1630,,2500,0,2500,0,110,110,0,220,5220,41760,13044,17777764
Tloc,normal,CR4,763603,2,40200,0.0402,80400,28326,,40200,0,40200,0,970,970,0,1940,82340,658720,226612,17777764
Tloc,normal,CR4,229656,2,6100,0.0061,12200,4748,,6100,0,6100,0,140,140,0,280,12480,99840,37988,17777764
Tloc,normal,CR4,854752,2,25700,0.0257,51400,23359,,25700,0,25700,0,310,310,0,620,52020,416160,186876,17777764
Tloc,normal,CR4,717147,2,44100,0.0441,88200,33571,,44100,0,44100,0,770,770,0,1540,89740,717920,268572,17777764
Tloc,normal,CR4,253796,2,39700,0.0397,79400,30123,,39700,0,39700,0,580,580,0,1160,80560,644480,240988,17777764
Tloc,normal,CR4,594298,2,68200,0.0682,136400,64848,,68200,0,68200,0,1030,1030,0,2060,138460,1107680,518788,17777764
Tloc,normal,CR4,802333,2,61100,0.0611,122200,50179,,61100,0,61100,0,840,840,0,1680,123880,991040,401436,17777764
Tloc,normal,CR4,907497,2,3600,0.0036,7200,1973,,3600,0,3600,0,190,190,0,380,7580,60640,15788,17777764
Tloc,normal,CR4,970136,2,43400,0.0434,86800,33725,,43400,0,43400,0,650,650,0,1300,88100,704800,269804,17777764
Tloc,normal,CR4,472710,2,117700,0.1177,235400,104451,,117700,0,117700,0,1630,1630,0,3260,238660,1909280,835612,17777764
Tloc,normal,CR4,311434,2,33400,0.0334,66800,21843,,33400,0,33400,0,510,510,0,1020,67820,542560,174748,17777764
Tloc,normal,CR4,152112,2,14100,0.0141,28200,8016,,14100,0,14100,0,240,240,0,480,28680,229440,64132,17777764
Tloc,normal,CR4,262882,2,3200,0.0032,6400,894,,3200,0,3200,0,120,120,0,240,6640,53120,7156,17777764
Tloc,normal,CR4,706522,2,6000,0.006,12000,3206,,6000,0,6000,0,210,210,0,420,12420,99360,25652,17777764
Tloc,normal,CR4,832912,2,18200,0.0182,36400,8736,,18200,0,18200,0,460,460,0,920,37320,298560,69892,17777764
Tloc,normal,CR4,303769,2,15000,0.015,30000,8499,,15000,0,15000,0,360,360,0,720,30720,245760,67996,17777764
Tloc,normal,CR4,223701,2,33000,0.033,66000,22587,,33000,0,33000,0,570,570,0,1140,67140,537120,180700,17777764
Tloc,normal,CR4,809314,2,17700,0.0177,35400,9057,,17700,0,17700,0,360,360,0,720,36120,288960,72460,17777764
Tloc,normal,CR4,831243,2,7200,0.0072,14400,4814,,7200,0,7200,0,310,310,0,620,15020,120160,38516,17777764
Tloc,normal,CR4,831746,2,6800,0.0068,13600,3545,,6800,0,6800,0,300,300,0,600,14200,113600,28364,17777764
Tloc,normal,CR4,314373,2,45100,0.0451,90200,32981,,45100,0,45100,0,660,660,0,1320,91520,732160,263852,17777764
Tloc,normal,CR4,810800,2,8400,0.0084,16800,4114,,8400,0,8400,0,330,330,0,660,17460,139680,32916,17777764
Tloc,normal,CR4,211855,2,6500,0.0065,13000,2201,,6500,0,6500,0,190,190,0,380,13380,107040,17612,17777764
Tloc,normal,CR4,533614,2,64600,0.0646,129200,37596,,64600,0,64600,0,1130,1130,0,2260,131460,1051680,300772,17777764
Tloc,normal,CR4,335471,2,24000,0.024,48000,14196,,24000,0,24000,0,480,480,0,960,48960,391680,113572,17777764
Tloc,normal,CR4,566134,2,62000,0.062,124000,50510,,62000,0,62000,0,810,810,0,1620,125620,1004960,404084,17777764
Tloc,normal,CR4,738848,2,90100,0.0901,180200,69540,,90100,0,90100,0,1480,1480,0,2960,183160,1465280,556324,17777764
Tloc,normal,CR4,359342,2,40900,0.0409,81800,30252,,40900,0,40900,0,660,660,0,1320,83120,664960,242020,17777764
Tloc,normal,CR4,965210,2,24800,0.0248,49600,15477,,24800,0,24800,0,540,540,0,1080,50680,405440,123820,17777764
Tloc,normal,CR4,928413,2,33900,0.0339,67800,25072,,33900,0,33900,0,540,540,0,1080,68880,551040,200580,17777764
Tloc,normal,CR4,998782,2,500,0.0005,1000,420,,500,0,500,0,50,50,0,100,1100,8800,3364,17777764
Tloc,normal,CR4,248373,2,24500,0.0245,49000,19860,,24500,0,24500,0,420,420,0,840,49840,398720,158884,17777764
Tloc,normal,CR4,113110,2,2600,0.0026,5200,1447,,2600,0,2600,0,130,130,0,260,5460,43680,11580,17777764
Tloc,normal,CR4,421120,2,120000,0.12,240000,104580,,120000,0,120000,0,1630,1630,0,3260,243260,1946080,836644,17777764
Tloc,normal,CR4,579626,2,68000,0.068,136000,65062,,68000,0,68000,0,930,930,0,1860,137860,1102880,520500,17777764
Tloc,normal,CR4,997466,2,500,0.0005,1000,420,,500,0,500,0,40,40,0,80,1080,8640,3364,17777764
Tloc,normal,CR4,522760,2,68100,0.0681,136200,64875,,68100,0,68100,0,950,950,0,1900,138100,1104800,519004,17777764
Tloc,normal,CR4,134930,2,11700,0.0117,23400,11236,,11700,0,11700,0,190,190,0,380,23780,190240,89892,17777764
Tloc,normal,CR4,786964,2,30200,0.0302,60400,22700,,30200,0,30200,0,610,610,0,1220,61620,492960,181604,17777764
Tloc,normal,CR4,884325,2,28400,0.0284,56800,17664,,28400,0,28400,0,600,600,0,1200,58000,464000,141316,17777764
Tloc,normal,CR4,552447,2,48600,0.0486,97200,30238,,48600,0,48600,0,1040,1040,0,2080,99280,794240,241908,17777764
Tloc,normal,CR4,504571,2,57900,0.0579,115800,40242,,57900,0,57900,0,990,990,0,1980,117780,942240,321940,17777764
Tloc,normal,CR4,951244,2,57500,0.0575,115000,42177,,57500,0,57500,0,830,830,0,1660,116660,933280,337420,17777764
Tloc,normal,CR4,220807,2,35200,0.0352,70400,25826,,35200,0,35200,0,570,570,0,1140,71540,572320,206612,17777764
Tloc,normal,CR4,681257,2,69400,0.0694,138800,48977,,69400,0,69400,0,1000,1000,0,2000,140800,1126400,391820,17777764
Tloc,normal,CR4,417658,2,114900,0.1149,229800,99455,,114900,0,114900,0,1600,1600,0,3200,233000,1864000,795644,17777764
Tloc,normal,CR4,266352,2,33000,0.033,66000,26046,,33000,0,33000,0,510,510,0,1020,67020,536160,208372,17777764
Tloc,normal,CF4,584510,2,67600,0.0676,135200,64877,,67600,2723,64877,0,960,0,0,1920,137120,1096960,519020,17777764
Tloc,normal,CF4,860467,2,10600,0.0106,21200,5488,,10600,5112,5488,0,290,0,0,580,21780,174240,43908,17777764
Tloc,normal,CF4,923923,2,57200,0.0572,114400,44117,,57200,13083,44117,0,790,0,0,1580,115980,927840,352940,17777764
Tloc,normal,CF4,533409,2,66500,0.0665,133000,41129,,66500,25371,41129,0,1150,0,0,2300,135300,1082400,329036,17777764
Tloc,normal,CF4,220435,2,29900,0.0299,59800,22408,,29900,7492,22408,0,480,0,0,960,60760,486080,179268,17777764
Tloc,normal,CF4,395173,2,32700,0.0327,65400,20524,,32700,12176,20524,0,650,0,0,1300,66700,533600,164196,17777764
Tloc,normal,CF4,125555,2,9800,0.0098,19600,4265,,9800,5535,4265,0,250,0,0,500,20100,160800,34124,17777764
Tloc,normal,CF4,37317,2,1800,0.0018,3600,727,,1800,1073,727,0,110,0,0,220,3820,30560,5820,17777764
Tloc,normal,CF4,326694,2,40200,0.0402,80400,34092,,40200,6108,34092,0,610,0,0,1220,81620,652960,272740,17777764
Tloc,normal,CF4,408325,2,104700,0.1047,209400,85624,,104700,19076,85624,0,1430,0,0,2860,212260,1698080,684996,17777764
Tloc,normal,CF4,928005,2,37900,0.0379,75800,26546,,37900,11354,26546,0,580,0,0,1160,76960,615680,212372,17777764
Tloc,normal,CF4,636852,2,68900,0.0689,137800,55529,,68900,13371,55529,0,1190,0,0,2380,140180,1121440,444236,17777764
Tloc,normal,CF4,565201,2,70600,0.0706,141200,55020,,70600,15580,55020,0,1030,0,0,2060,143260,1146080,440164,17777764
Tloc,normal,CF4,416400,2,115400,0.1154,230800,99864,,115400,15536,99864,0,1600,0,0,3200,234000,1872000,798916,17777764
Tloc,normal,CF4,671950,2,47200,0.0472,94400,34526,,47200,12674,34526,0,880,0,0,1760,96160,769280,276212,17777764
Tloc,normal,CF4,100598,2,18700,0.0187,37400,16520,,18700,2180,16520,0,260,0,0,520,37920,303360,132164,17777764
Tloc,normal,CF4,130060,2,2500,0.0025,5000,1630,,2500,870,1630,0,110,0,0,220,5220,41760,13044,17777764
Tloc,normal,CF4,763603,2,40200,0.0402,80400,28326,,40200,11874,28326,0,970,0,0,1940,82340,658720,226612,17777764
Tloc,normal,CF4,229656,2,6100,0.0061,12200,4748,,6100,1352,4748,0,140,0,0,280,12480,99840,37988,17777764
Tloc,normal,CF4,854752,2,25700,0.0257,51400,23359,,25700,2341,23359,0,310,0,0,620,52020,416160,186876,17777764
Tloc,normal,CF4,717147,2,44100,0.0441,88200,33571,,44100,10529,33571,0,770,0,0,1540,89740,717920,268572,17777764
Tloc,normal,CF4,253796,2,39700,0.0397,79400,30123,,39700,9577,30123,0,580,0,0,1160,80560,644480,240988,17777764
Tloc,normal,CF4,594298,2,68200,0.0682,136400,64848,,68200,3352,64848,0,1030,0,0,2060,138460,1107680,518788,17777764
Tloc,normal,CF4,802333,2,61100,0.0611,122200,50179,,61100,10921,50179,0,840,0,0,1680,123880,991040,401436,17777764
Tloc,normal,CF4,907497,2,3600,0.0036,7200,1973,,3600,1627,1973,0,190,0,0,380,7580,60640,15788,17777764
Tloc,normal,CF4,970136,2,43400,0.0434,86800,33725,,43400,9675,33725,0,650,0,0,1300,88100,704800,269804,17777764
Tloc,normal,CF4,472710,2,117700,0.1177,235400,104451,,117700,13249,104451,0,1630,0,0,3260,238660,1909280,835612,17777764
Tloc,normal,CF4,311434,2,33400,0.0334,66800,21843,,33400,11557,21843,0,510,0,0,1020,67820,542560,174748,17777764
Tloc,normal,CF4,152112,2,14100,0.0141,28200,8016,,14100,6083,8017,0,240,0,0,480,28680,229440,64132,17777764
Tloc,normal,CF4,262882,2,3200,0.0032,6400,894,,3200,2306,894,0,120,0,0,240,6640,53120,7156,17777764
Tloc,normal,CF4,706522,2,6000,0.006,12000,3206,,6000,2794,3206,0,210,0,0,420,12420,99360,25652,17777764
Tloc,normal,CF4,832912,2,18200,0.0182,36400,8736,,18200,9464,8736,0,460,0,0,920,37320,298560,69892,17777764
Tloc,normal,CF4,303769,2,15000,0.015,30000,8499,,15000,6501,8499,0,360,0,0,720,30720,245760,67996,17777764
Tloc,normal,CF4,223701,2,33000,0.033,66000,22587,,33000,10413,22587,0,570,0,0,1140,67140,537120,180700,17777764
Tloc,normal,CF4,809314,2,17700,0.0177,35400,9057,,17700,8643,9057,0,360,0,0,720,36120,288960,72460,17777764
Tloc,normal,CF4,831243,2,7200,0.0072,14400,4814,,7200,2386,4814,0,310,0,0,620,15020,120160,38516,17777764
Tloc,normal,CF4,831746,2,6800,0.0068,13600,3545,,6800,3255,3545,0,300,0,0,600,14200,113600,28364,17777764
Tloc,normal,CF4,314373,2,45100,0.0451,90200,32981,,45100,12119,32981,0,660,0,0,1320,91520,732160,263852,17777764
Tloc,normal,CF4,810800,2,8400,0.0084,16800,4114,,8400,4286,4114,0,330,0,0,660,17460,139680,32916,17777764
Tloc,normal,CF4,211855,2,6500,0.0065,13000,2201,,6500,4299,2201,0,190,0,0,380,13380,107040,17612,17777764
Tloc,normal,CF4,533614,2,64600,0.0646,129200,37596,,64600,27003,37597,0,1130,0,0,2260,131460,1051680,300772,17777764
Tloc,normal,CF4,335471,2,24000,0.024,48000,14196,,24000,9804,14196,0,480,0,0,960,48960,391680,113572,17777764
Tloc,normal,CF4,566134,2,62000,0.062,124000,50510,,62000,11490,50510,0,810,0,0,1620,125620,1004960,404084,17777764
Tloc,normal,CF4,738848,2,90100,0.0901,180200,69540,,90100,20560,69540,0,1480,0,0,2960,183160,1465280,556324,17777764
Tloc,normal,CF4,359342,2,40900,0.0409,81800,30252,,40900,10648,30252,0,660,0,0,1320,83120,664960,242020,17777764
Tloc,normal,CF4,965210,2,24800,0.0248,49600,15477,,24800,9323,15477,0,540,0,0,1080,50680,405440,123820,17777764
Tloc,normal,CF4,928413,2,33900,0.0339,67800,25072,,33900,8828,25072,0,540,0,0,1080,68880,551040,200580,17777764
Tloc,normal,CF4,998782,2,500,0.0005,1000,420,,500,80,420,0,50,0,0,100,1100,8800,3364,17777764
Tloc,normal,CF4,248373,2,24500,0.0245,49000,19860,,24500,4640,19860,0,420,0,0,840,49840,398720,158884,17777764
Tloc,normal,CF4,113110,2,2600,0.0026,5200,1447,,2600,1153,1447,0,130,0,0,260,5460,43680,11580,17777764
Tloc,normal,CF4,421120,2,120000,0.12,240000,104580,,120000,15420,104580,0,1630,0,0,3260,243260,1946080,836644,17777764
Tloc,normal,CF4,579626,2,68000,0.068,136000,65062,,68000,2938,65062,0,930,0,0,1860,137860,1102880,520500,17777764
Tloc,normal,CF4,997466,2,500,0.0005,1000,420,,500,80,420,0,40,0,0,80,1080,8640,3364,17777764
Tloc,normal,CF4,522760,2,68100,0.0681,136200,64875,,68100,3225,64875,0,950,0,0,1900,138100,1104800,519004,17777764
Tloc,normal,CF4,134930,2,11700,0.0117,23400,11236,,11700,464,11236,0,190,0,0,380,23780,190240,89892,17777764
Tloc,normal,CF4,786964,2,30200,0.0302,60400,22700,,30200,7500,22700,0,610,0,0,1220,61620,492960,181604,17777764
Tloc,normal,CF4,884325,2,28400,0.0284,56800,17664,,28400,10736,17664,0,600,0,0,1200,58000,464000,141316,17777764
Tloc,normal,CF4,552447,2,48600,0.0486,97200,30238,,48600,18362,30238,0,1040,0,0,2080,99280,794240,241908,17777764
Tloc,normal,CF4,504571,2,57900,0.0579,115800,40242,,57900,17658,40242,0,990,0,0,1980,117780,942240,321940,17777764
Tloc,normal,CF4,951244,2,57500,0.0575,115000,42177,,57500,15323,42177,0,830,0,0,1660,116660,933280,337420,17777764
Tloc,normal,CF4,220807,2,35200,0.0352,70400,25826,,35200,9374,25826,0,570,0,0,1140,71540,572320,206612,17777764
Tloc,normal,CF4,681257,2,69400,0.0694,138800,48977,,69400,20423,48977,0,1000,0,0,2000,140800,1126400,391820,17777764
Tloc,normal,CF4,417658,2,114900,0.1149,229800,99455,,114900,15445,99455,0,1600,0,0,3200,233000,1864000,795644,17777764
Tloc,normal,CF4,266352,2,33000,0.033,66000,26046,,33000,6954,26046,0,510,0,0,1020,67020,536160,208372,17777764
Tloc,normal,TR,584510,2,65820,0.06582,131640,64877,6582,65820,0,65820,0,7720,7720,0,15440,147080,1176640,519020,17777764
Tloc,normal,TR,860467,2,7350,0.00735,14700,5488,735,7350,0,7350,0,1350,1350,0,2700,17400,139200,43908,17777764
Tloc,normal,TR,923923,2,48460,0.04846,96920,44117,4846,48460,0,48460,0,6510,6510,0,13020,109940,879520,352940,17777764
Tloc,normal,TR,533409,2,47650,0.04765,95300,41129,4765,47650,0,47650,0,7800,7800,0,15600,110900,887200,329036,17777764
Tloc,normal,TR,220435,2,24920,0.02492,49840,22408,2492,24920,0,24920,0,3470,3470,0,6940,56780,454240,179268,17777764
Tloc,normal,TR,395173,2,23740,0.02374,47480,20524,2374,23740,0,23740,0,3920,3920,0,7840,55320,442560,164196,17777764
Tloc,normal,TR,125555,2,5620,0.00562,11240,4265,562,5620,0,5620,0,1230,1230,0,2460,13700,109600,34124,17777764
Tloc,normal,TR,37317,2,1030,0.00103,2060,727,103,1030,0,1030,0,290,290,0,580,2640,21120,5820,17777764
Tloc,normal,TR,326694,2,36450,0.03645,72900,34092,3645,36450,0,36450,0,4630,4630,0,9260,82160,657280,272740,17777764
Tloc,normal,TR,408325,2,92840,0.09284,185680,85624,9284,92840,0,92840,0,11900,11900,0,23800,209480,1675840,684996,17777764
Tloc,normal,TR,928005,2,30120,0.03012,60240,26546,3012,30120,0,30120,0,4370,4370,0,8740,68980,551840,212372,17777764
Tloc,normal,TR,636852,2,59950,0.05995,119900,55529,5995,59950,0,59950,0,8080,8080,0,16160,136060,1088480,444236,17777764
Tloc,normal,TR,565201,2,59350,0.05935,118700,55020,5935,59350,0,59350,0,8090,8090,0,16180,134880,1079040,440164,17777764
Tloc,normal,TR,416400,2,105920,0.10592,211840,99864,10592,105920,0,105920,0,13140,13140,0,26280,238120,1904960,798916,17777764
Tloc,normal,TR,671950,2,39430,0.03943,78860,34526,3943,39430,0,39430,0,5600,5600,0,11200,90060,720480,276212,17777764
Tloc,normal,TR,100598,2,17940,0.01794,35880,16520,1794,17940,0,17940,0,2130,2130,0,4260,40140,321120,132164,17777764
Tloc,normal,TR,130060,2,1980,0.00198,3960,1630,198,1980,0,1980,0,360,360,0,720,4680,37440,13044,17777764
Tloc,normal,TR,763603,2,32830,0.03283,65660,28326,3283,32830,0,32830,0,4990,4990,0,9980,75640,605120,226612,17777764
Tloc,normal,TR,229656,2,5290,0.00529,10580,4748,529,5290,0,5290,0,750,750,0,1500,12080,96640,37988,17777764
Tloc,normal,TR,854752,2,25140,0.02514,50280,23359,2514,25140,0,25140,0,2880,2880,0,5760,56040,448320,186876,17777764
Tloc,normal,TR,717147,2,37450,0.03745,74900,33571,3745,37450,0,37450,0,5180,5180,0,10360,85260,682080,268572,17777764
Tloc,normal,TR,253796,2,33800,0.0338,67600,30123,3380,33800,0,33800,0,4550,4550,0,9100,76700,613600,240988,17777764
Tloc,normal,TR,594298,2,66030,0.06603,132060,64848,6603,66030,0,66030,0,7850,7850,0,15700,147760,1182080,518788,17777764
Tloc,normal,TR,802333,2,54770,0.05477,109540,50179,5477,54770,0,54770,0,6950,6950,0,13900,123440,987520,401436,17777764
Tloc,normal,TR,907497,2,2130,0.00213,4260,1973,213,2130,0,2130,0,550,550,0,1100,5360,42880,15788,17777764
Tloc,normal,TR,970136,2,37980,0.03798,75960,33725,3798,37980,0,37980,0,4990,4990,0,9980,85940,687520,269804,17777764
Tloc,normal,TR,472710,2,109340,0.10934,218680,104451,10934,109340,0,109340,0,13400,13400,0,26800,245480,1963840,835612,17777764
Tloc,normal,TR,311434,2,26240,0.02624,52480,21843,2624,26240,0,26240,0,3850,3850,0,7700,60180,481440,174748,17777764
Tloc,normal,TR,152112,2,10600,0.0106,21200,8016,1060,10600,0,10600,0,1650,1650,0,3300,24500,196000,64132,17777764
Tloc,normal,TR,262882,2,1180,0.00118,2360,894,118,1180,0,1180,0,440,440,0,880,3240,25920,7156,17777764
Tloc,normal,TR,706522,2,4010,0.00401,8020,3206,401,4010,0,4010,0,810,810,0,1620,9640,77120,25652,17777764
Tloc,normal,TR,832912,2,11860,0.01186,23720,8736,1186,11860,0,11860,0,2280,2280,0,4560,28280,226240,69892,17777764
Tloc,normal,TR,303769,2,10540,0.01054,21080,8499,1054,10540,0,10540,0,1860,1860,0,3720,24800,198400,67996,17777764
Tloc,normal,TR,223701,2,26200,0.0262,52400,22587,2620,26200,0,26200,0,3870,3870,0,7740,60140,481120,180700,17777764
Tloc,normal,TR,809314,2,12530,0.01253,25060,9057,1253,12530,0,12530,0,2130,2130,0,4260,29320,234560,72460,17777764
Tloc,normal,TR,831243,2,5920,0.00592,11840,4814,592,5920,0,5920,0,1030,1030,0,2060,13900,111200,38516,17777764
Tloc,normal,TR,831746,2,4610,0.00461,9220,3545,461,4610,0,4610,0,980,980,0,1960,11180,89440,28364,17777764
Tloc,normal,TR,314373,2,37040,0.03704,74080,32981,3704,37040,0,37040,0,5170,5170,0,10340,84420,675360,263852,17777764
Tloc,normal,TR,810800,2,5680,0.00568,11360,4114,568,5680,0,5680,0,1170,1170,0,2340,13700,109600,32916,17777764
Tloc,normal,TR,211855,2,3050,0.00305,6100,2201,305,3050,0,3050,0,840,840,0,1680,7780,62240,17612,17777764
Tloc,normal,TR,533614,2,43930,0.04393,87860,37596,4393,43930,0,43930,0,7590,7590,0,15180,103040,824320,300772,17777764
Tloc,normal,TR,335471,2,17130,0.01713,34260,14196,1713,17130,0,17130,0,2880,2880,0,5760,40020,320160,113572,17777764
Tloc,normal,TR,566134,2,54540,0.05454,109080,50510,5454,54540,0,54540,0,7010,7010,0,14020,123100,984800,404084,17777764
Tloc,normal,TR,738848,2,75670,0.07567,151340,69540,7567,75670,0,75670,0,10490,10490,0,20980,172320,1378560,556324,17777764
Tloc,normal,TR,359342,2,34780,0.03478,69560,30252,3478,34780,0,34780,0,4750,4750,0,9500,79060,632480,242020,17777764
Tloc,normal,TR,965210,2,17980,0.01798,35960,15477,1798,17980,0,17980,0,3020,3020,0,6040,42000,336000,123820,17777764
Tloc,normal,TR,928413,2,28310,0.02831,56620,25072,2831,28310,0,28310,0,3930,3930,0,7860,64480,515840,200580,17777764
Tloc,normal,TR,998782,2,420,0.00042,840,420,42,420,0,420,0,100,100,0,200,1040,8320,3364,17777764
Tloc,normal,TR,248373,2,21020,0.02102,42040,19860,2102,21020,0,21020,0,2870,2870,0,5740,47780,382240,158884,17777764
Tloc,normal,TR,113110,2,1580,0.00158,3160,1447,158,1580,0,1580,0,390,390,0,780,3940,31520,11580,17777764
Tloc,normal,TR,421120,2,110820,0.11082,221640,104580,11082,110820,0,110820,0,13630,13630,0,27260,248900,1991200,836644,17777764
Tloc,normal,TR,579626,2,66200,0.0662,132400,65062,6620,66200,0,66200,0,7730,7730,0,15460,147860,1182880,520500,17777764
Tloc,normal,TR,997466,2,430,0.00043,860,420,43,430,0,430,0,90,90,0,180,1040,8320,3364,17777764
Tloc,normal,TR,522760,2,66020,0.06602,132040,64875,6602,66020,0,66020,0,7760,7760,0,15520,147560,1180480,519004,17777764
Tloc,normal,TR,134930,2,11340,0.01134,22680,11236,1134,11340,0,11340,0,1360,1360,0,2720,25400,203200,89892,17777764
Tloc,normal,TR,786964,2,25720,0.02572,51440,22700,2572,25720,0,25720,0,3630,3630,0,7260,58700,469600,181604,17777764
Tloc,normal,TR,884325,2,21430,0.02143,42860,17664,2143,21430,0,21430,0,3440,3440,0,6880,49740,397920,141316,17777764
Tloc,normal,TR,552447,2,35290,0.03529,70580,30238,3529,35290,0,35290,0,5900,5900,0,11800,82380,659040,241908,17777764
Tloc,normal,TR,504571,2,45440,0.04544,90880,40242,4544,45440,0,45440,0,6780,6780,0,13560,104440,835520,321940,17777764
Tloc,normal,TR,951244,2,46360,0.04636,92720,42177,4636,46360,0,46360,0,6580,6580,0,13160,105880,847040,337420,17777764
Tloc,normal,TR,220807,2,29420,0.02942,58840,25826,2942,29420,0,29420,0,4090,4090,0,8180,67020,536160,206612,17777764
Tloc,normal,TR,681257,2,55710,0.05571,111420,48977,5571,55710,0,55710,0,7940,7940,0,15880,127300,1018400,391820,17777764
Tloc,normal,TR,417658,2,105570,0.10557,211140,99455,10557,105570,0,105570,0,13090,13090,0,26180,237320,1898560,795644,17777764
Tloc,normal,TR,266352,2,28790,0.02879,57580,26046,2879,28790,0,28790,0,3810,3810,0,7620,65200,521600,208372,17777764
Tloc,normal,TF,584510,2,65820,0.06582,131640,64877,6582,65820,943,64877,0,7720,0,0,15440,147080,1176640,519020,17777764
Tloc,normal,TF,860467,2,7350,0.00735,14700,5488,735,7350,1862,5488,0,1350,0,0,2700,17400,139200,43908,17777764
Tloc,normal,TF,923923,2,48460,0.04846,96920,44117,4846,48460,4343,44117,0,6510,0,0,13020,109940,879520,352940,17777764
Tloc,normal,TF,533409,2,47650,0.04765,95300,41129,4765,47650,6521,41129,0,7800,0,0,15600,110900,887200,329036,17777764
Tloc,normal,TF,220435,2,24920,0.02492,49840,22408,2492,24920,2512,22408,0,3470,0,0,6940,56780,454240,179268,17777764
Tloc,normal,TF,395173,2,23740,0.02374,47480,20524,2374,23740,3216,20524,0,3920,0,0,7840,55320,442560,164196,17777764
Tloc,normal,TF,125555,2,5620,0.00562,11240,4265,562,5620,1355,4265,0,1230,0,0,2460,13700,109600,34124,17777764
Tloc,normal,TF,37317,2,1030,0.00103,2060,727,103,1030,303,727,0,290,0,0,580,2640,21120,5820,17777764
Tloc,normal,TF,326694,2,36450,0.03645,72900,34092,3645,36450,2358,34092,0,4630,0,0,9260,82160,657280,272740,17777764
Tloc,normal,TF,408325,2,92840,0.09284,185680,85624,9284,92840,7216,85624,0,11900,0,0,23800,209480,1675840,684996,17777764
Tloc,normal,TF,928005,2,30120,0.03012,60240,26546,3012,30120,3574,26546,0,4370,0,0,8740,68980,551840,212372,17777764
Tloc,normal,TF,636852,2,59950,0.05995,119900,55529,5995,59950,4421,55529,0,8080,0,0,16160,136060,1088480,444236,17777764
Tloc,normal,TF,565201,2,59350,0.05935,118700,55020,5935,59350,4330,55020,0,8090,0,0,16180,134880,1079040,440164,17777764
Tloc,normal,TF,416400,2,105920,0.10592,211840,99864,10592,105920,6056,99864,0,13140,0,0,26280,238120,1904960,798916,17777764
Tloc,normal,TF,671950,2,39430,0.03943,78860,34526,3943,39430,4904,34526,0,5600,0,0,11200,90060,720480,276212,17777764
Tloc,normal,TF,100598,2,17940,0.01794,35880,16520,1794,17940,1420,16520,0,2130,0,0,4260,40140,321120,132164,17777764
Tloc,normal,TF,130060,2,1980,0.00198,3960,1630,198,1980,350,1630,0,360,0,0,720,4680,37440,13044,17777764
Tloc,normal,TF,763603,2,32830,0.03283,65660,28326,3283,32830,4504,28326,0,4990,0,0,9980,75640,605120,226612,17777764
Tloc,normal,TF,229656,2,5290,0.00529,10580,4748,529,5290,542,4748,0,750,0,0,1500,12080,96640,37988,17777764
Tloc,normal,TF,854752,2,25140,0.02514,50280,23359,2514,25140,1781,23359,0,2880,0,0,5760,56040,448320,186876,17777764
Tloc,normal,TF,717147,2,37450,0.03745,74900,33571,3745,37450,3879,33571,0,5180,0,0,10360,85260,682080,268572,17777764
Tloc,normal,TF,253796,2,33800,0.0338,67600,30123,3380,33800,3677,30123,0,4550,0,0,9100,76700,613600,240988,17777764
Tloc,normal,TF,594298,2,66030,0.06603,132060,64848,6603,66030,1182,64848,0,7850,0,0,15700,147760,1182080,518788,17777764
Tloc,normal,TF,802333,2,54770,0.05477,109540,50179,5477,54770,4591,50179,0,6950,0,0,13900,123440,987520,401436,17777764
Tloc,normal,TF,907497,2,2130,0.00213,4260,1973,213,2130,157,1973,0,550,0,0,1100,5360,42880,15788,17777764
Tloc,normal,TF,970136,2,37980,0.03798,75960,33725,3798,37980,4255,33725,0,4990,0,0,9980,85940,687520,269804,17777764
Tloc,normal,TF,472710,2,109340,0.10934,218680,104451,10934,109340,4889,104451,0,13400,0,0,26800,245480,1963840,835612,17777764
Tloc,normal,TF,311434,2,26240,0.02624,52480,21843,2624,26240,4397,21843,0,3850,0,0,7700,60180,481440,174748,17777764
Tloc,normal,TF,152112,2,10600,0.0106,21200,8016,1060,10600,2583,8017,0,1650,0,0,3300,24500,196000,64132,17777764
Tloc,normal,TF,262882,2,1180,0.00118,2360,894,118,1180,286,894,0,440,0,0,880,3240,25920,7156,17777764
Tloc,normal,TF,706522,2,4010,0.00401,8020,3206,401,4010,804,3206,0,810,0,0,1620,9640,77120,25652,17777764
Tloc,normal,TF,832912,2,11860,0.01186,23720,8736,1186,11860,3124,8736,0,2280,0,0,4560,28280,226240,69892,17777764
Tloc,normal,TF,303769,2,10540,0.01054,21080,8499,1054,10540,2041,8499,0,1860,0,0,3720,24800,198400,67996,17777764
Tloc,normal,TF,223701,2,26200,0.0262,52400,22587,2620,26200,3613,22587,0,3870,0,0,7740,60140,481120,180700,17777764
Tloc,normal,TF,809314,2,12530,0.01253,25060,9057,1253,12530,3473,9057,0,2130,0,0,4260,29320,234560,72460,17777764
Tloc,normal,TF,831243,2,5920,0.00592,11840,4814,592,5920,1106,4814,0,1030,0,0,2060,13900,111200,38516,17777764
Tloc,normal,TF,831746,2,4610,0.00461,9220,3545,461,4610,1065,3545,0,980,0,0,1960,11180,89440,28364,17777764
Tloc,normal,TF,314373,2,37040,0.03704,74080,32981,3704,37040,4059,32981,0,5170,0,0,10340,84420,675360,263852,17777764
Tloc,normal,TF,810800,2,5680,0.00568,11360,4114,568,5680,1566,4114,0,1170,0,0,2340,13700,109600,32916,17777764
Tloc,normal,TF,211855,2,3050,0.00305,6100,2201,305,3050,849,2201,0,840,0,0,1680,7780,62240,17612,17777764
Tloc,normal,TF,533614,2,43930,0.04393,87860,37596,4393,43930,6333,37597,0,7590,0,0,15180,103040,824320,300772,17777764
Tloc,normal,TF,335471,2,17130,0.01713,34260,14196,1713,17130,2934,14196,0,2880,0,0,5760,40020,320160,113572,17777764
Tloc,normal,TF,566134,2,54540,0.05454,109080,50510,5454,54540,4030,50510,0,7010,0,0,14020,123100,984800,404084,17777764
Tloc,normal,TF,738848,2,75670,0.07567,151340,69540,7567,75670,6130,69540,0,10490,0,0,20980,172320,1378560,556324,17777764
Tloc,normal,TF,359342,2,34780,0.03478,69560,30252,3478,34780,4528,30252,0,4750,0,0,9500,79060,632480,242020,17777764
Tloc,normal,TF,965210,2,17980,0.01798,35960,15477,1798,17980,2503,15477,0,3020,0,0,6040,42000,336000,123820,17777764
Tloc,normal,TF,928413,2,28310,0.02831,56620,25072,2831,28310,3238,25072,0,3930,0,0,7860,64480,515840,200580,17777764
Tloc,normal,TF,998782,2,420,0.00042,840,420,42,420,0,420,0,100,0,0,200,1040,8320,3364,17777764
Tloc,normal,TF,248373,2,21020,0.02102,42040,19860,2102,21020,1160,19860,0,2870,0,0,5740,47780,382240,158884,17777764
Tloc,normal,TF,113110,2,1580,0.00158,3160,1447,158,1580,133,1447,0,390,0,0,780,3940,31520,11580,17777764
Tloc,normal,TF,421120,2,110820,0.11082,221640,104580,11082,110820,6240,104580,0,13630,0,0,27260,248900,1991200,836644,17777764
Tloc,normal,TF,579626,2,66200,0.0662,132400,65062,6620,66200,1138,65062,0,7730,0,0,15460,147860,1182880,520500,17777764
Tloc,normal,TF,997466,2,430,0.00043,860,420,43,430,10,420,0,90,0,0,180,1040,8320,3364,17777764
Tloc,normal,TF,522760,2,66020,0.06602,132040,64875,6602,66020,1145,64875,0,7760,0,0,15520,147560,1180480,519004,17777764
Tloc,normal,TF,134930,2,11340,0.01134,22680,11236,1134,11340,104,11236,0,1360,0,0,2720,25400,203200,89892,17777764
Tloc,normal,TF,786964,2,25720,0.02572,51440,22700,2572,25720,3020,22700,0,3630,0,0,7260,58700,469600,181604,17777764
Tloc,normal,TF,884325,2,21430,0.02143,42860,17664,2143,21430,3766,17664,0,3440,0,0,6880,49740,397920,141316,17777764
Tloc,normal,TF,552447,2,35290,0.03529,70580,30238,3529,35290,5052,30238,0,5900,0,0,11800,82380,659040,241908,17777764
Tloc,normal,TF,504571,2,45440,0.04544,90880,40242,4544,45440,5198,40242,0,6780,0,0,13560,104440,835520,321940,17777764
Tloc,normal,TF,951244,2,46360,0.04636,92720,42177,4636,46360,4183,42177,0,6580,0,0,13160,105880,847040,337420,17777764
Tloc,normal,TF,220807,2,29420,0.02942,58840,25826,2942,29420,3594,25826,0,4090,0,0,8180,67020,536160,206612,17777764
Tloc,normal,TF,681257,2,55710,0.05571,111420,48977,5571,55710,6733,48977,0,7940,0,0,15880,127300,1018400,391820,17777764
Tloc,normal,TF,417658,2,105570,0.10557,211140,99455,10557,105570,6115,99455,0,13090,0,0,26180,237320,1898560,795644,17777764
Tloc,normal,TF,266352,2,28790,0.02879,57580,26046,2879,28790,2744,26046,0,3810,0,0,7620,65200,521600,208372,17777764
GIST,all,FR,584510,960,1000000,1.0,960000000,1000000,,1000000,0,1000000,0,0,0,0,0,960000000,7680000000,8000004,17777764
GIST,all,FR,860467,960,1000000,1.0,960000000,1000000,,1000000,0,1000000,0,0,0,0,0,960000000,7680000000,8000004,17777764
GIST,all,FR,923923,960,1000000,1.0,960000000,1000000,,1000000,0,1000000,0,0,0,0,0,960000000,7680000000,8000004,17777764
GIST,all,FR,533409,960,1000000,1.0,960000000,1000000,,1000000,0,1000000,0,0,0,0,0,960000000,7680000000,8000004,17777764
GIST,all,FR,220435,960,1000000,1.0,960000000,1000000,,1000000,0,1000000,0,0,0,0,0,960000000,7680000000,8000004,17777764
GIST,all,FR,395173,960,1000000,1.0,960000000,1000000,,1000000,0,1000000,0,0,0,0,0,960000000,7680000000,8000004,17777764
GIST,all,FR,125555,960,1000000,1.0,960000000,1000000,,1000000,0,1000000,0,0,0,0,0,960000000,7680000000,8000004,17777764
GIST,all,FR,37317,960,1000000,1.0,960000000,1000000,,1000000,0,1000000,0,0,0,0,0,960000000,7680000000,8000004,17777764
GIST,all,FR,326694,960,1000000,1.0,960000000,1000000,,1000000,0,1000000,0,0,0,0,0,960000000,7680000000,8000004,17777764
GIST,all,FR,408325,960,1000000,1.0,960000000,1000000,,1000000,0,1000000,0,0,0,0,0,960000000,7680000000,8000004,17777764
GIST,all,FR,928005,960,1000000,1.0,960000000,1000000,,1000000,0,1000000,0,0,0,0,0,960000000,7680000000,8000004,17777764
GIST,all,FR,636852,960,1000000,1.0,960000000,1000000,,1000000,0,1000000,0,0,0,0,0,960000000,7680000000,8000004,17777764
GIST,all,FR,565201,960,1000000,1.0,960000000,1000000,,1000000,0,1000000,0,0,0,0,0,960000000,7680000000,8000004,17777764
GIST,all,FR,416400,960,1000000,1.0,960000000,1000000,,1000000,0,1000000,0,0,0,0,0,960000000,7680000000,8000004,17777764
GIST,all,FR,671950,960,1000000,1.0,960000000,1000000,,1000000,0,1000000,0,0,0,0,0,960000000,7680000000,8000004,17777764
GIST,all,FR,100598,960,1000000,1.0,960000000,1000000,,1000000,0,1000000,0,0,0,0,0,960000000,7680000000,8000004,17777764
GIST,all,FR,130060,960,1000000,1.0,960000000,1000000,,1000000,0,1000000,0,0,0,0,0,960000000,7680000000,8000004,17777764
GIST,all,FR,763603,960,1000000,1.0,960000000,1000000,,1000000,0,1000000,0,0,0,0,0,960000000,7680000000,8000004,17777764
GIST,all,FR,229656,960,1000000,1.0,960000000,1000000,,1000000,0,1000000,0,0,0,0,0,960000000,7680000000,8000004,17777764
GIST,all,FR,854752,960,1000000,1.0,960000000,1000000,,1000000,0,1000000,0,0,0,0,0,960000000,7680000000,8000004,17777764
GIST,all,FR,717147,960,1000000,1.0,960000000,1000000,,1000000,0,1000000,0,0,0,0,0,960000000,7680000000,8000004,17777764
GIST,all,FR,253796,960,1000000,1.0,960000000,1000000,,1000000,0,1000000,0,0,0,0,0,960000000,7680000000,8000004,17777764
GIST,all,FR,594298,960,1000000,1.0,960000000,1000000,,1000000,0,1000000,0,0,0,0,0,960000000,7680000000,8000004,17777764
GIST,all,FR,802333,960,1000000,1.0,960000000,1000000,,1000000,0,1000000,0,0,0,0,0,960000000,7680000000,8000004,17777764
GIST,all,FR,907497,960,1000000,1.0,960000000,1000000,,1000000,0,1000000,0,0,0,0,0,960000000,7680000000,8000004,17777764
GIST,all,FR,970136,960,1000000,1.0,960000000,1000000,,1000000,0,1000000,0,0,0,0,0,960000000,7680000000,8000004,17777764
GIST,all,FR,472710,960,1000000,1.0,960000000,1000000,,1000000,0,1000000,0,0,0,0,0,960000000,7680000000,8000004,17777764
GIST,all,FR,311434,960,1000000,1.0,960000000,1000000,,1000000,0,1000000,0,0,0,0,0,960000000,7680000000,8000004,17777764
GIST,all,FR,152112,960,1000000,1.0,960000000,1000000,,1000000,0,1000000,0,0,0,0,0,960000000,7680000000,8000004,17777764
GIST,all,FR,262882,960,1000000,1.0,960000000,1000000,,1000000,0,1000000,0,0,0,0,0,960000000,7680000000,8000004,17777764
GIST,all,FR,706522,960,1000000,1.0,960000000,1000000,,1000000,0,1000000,0,0,0,0,0,960000000,7680000000,8000004,17777764
GIST,all,FR,832912,960,1000000,1.0,960000000,1000000,,1000000,0,1000000,0,0,0,0,0,960000000,7680000000,8000004,17777764
GIST,all,FR,303769,960,1000000,1.0,960000000,1000000,,1000000,0,1000000,0,0,0,0,0,960000000,7680000000,8000004,17777764
GIST,all,FR,223701,960,1000000,1.0,960000000,1000000,,1000000,0,1000000,0,0,0,0,0,960000000,7680000000,8000004,17777764
GIST,all,FR,809314,960,1000000,1.0,960000000,1000000,,1000000,0,1000000,0,0,0,0,0,960000000,7680000000,8000004,17777764
GIST,all,FR,831243,960,1000000,1.0,960000000,1000000,,1000000,0,1000000,0,0,0,0,0,960000000,7680000000,8000004,17777764
GIST,all,FR,831746,960,1000000,1.0,960000000,1000000,,1000000,0,1000000,0,0,0,0,0,960000000,7680000000,8000004,17777764
GIST,all,FR,314373,960,1000000,1.0,960000000,1000000,,1000000,0,1000000,0,0,0,0,0,960000000,7680000000,8000004,17777764
GIST,all,FR,810800,960,1000000,1.0,960000000,1000000,,1000000,0,1000000,0,0,0,0,0,960000000,7680000000,8000004,17777764
GIST,all,FR,211855,960,1000000,1.0,960000000,1000000,,1000000,0,1000000,0,0,0,0,0,960000000,7680000000,8000004,17777764
GIST,all,FR,533614,960,1000000,1.0,960000000,1000000,,1000000,0,1000000,0,0,0,0,0,960000000,7680000000,8000004,17777764
GIST,all,FR,335471,960,1000000,1.0,960000000,1000000,,1000000,0,1000000,0,0,0,0,0,960000000,7680000000,8000004,17777764
GIST,all,FR,566134,960,1000000,1.0,960000000,1000000,,1000000,0,1000000,0,0,0,0,0,960000000,7680000000,8000004,17777764
GIST,all,FR,738848,960,1000000,1.0,960000000,1000000,,1000000,0,1000000,0,0,0,0,0,960000000,7680000000,8000004,17777764
GIST,all,FR,359342,960,1000000,1.0,960000000,1000000,,1000000,0,1000000,0,0,0,0,0,960000000,7680000000,8000004,17777764
GIST,all,FR,965210,960,1000000,1.0,960000000,1000000,,1000000,0,1000000,0,0,0,0,0,960000000,7680000000,8000004,17777764
GIST,all,FR,928413,960,1000000,1.0,960000000,1000000,,1000000,0,1000000,0,0,0,0,0,960000000,7680000000,8000004,17777764
GIST,all,FR,998782,960,1000000,1.0,960000000,1000000,,1000000,0,1000000,0,0,0,0,0,960000000,7680000000,8000004,17777764
GIST,all,FR,248373,960,1000000,1.0,960000000,1000000,,1000000,0,1000000,0,0,0,0,0,960000000,7680000000,8000004,17777764
GIST,all,FR,113110,960,1000000,1.0,960000000,1000000,,1000000,0,1000000,0,0,0,0,0,960000000,7680000000,8000004,17777764
GIST,all,FR,421120,960,1000000,1.0,960000000,1000000,,1000000,0,1000000,0,0,0,0,0,960000000,7680000000,8000004,17777764
GIST,all,FR,579626,960,1000000,1.0,960000000,1000000,,1000000,0,1000000,0,0,0,0,0,960000000,7680000000,8000004,17777764
GIST,all,FR,997466,960,1000000,1.0,960000000,1000000,,1000000,0,1000000,0,0,0,0,0,960000000,7680000000,8000004,17777764
GIST,all,FR,522760,960,1000000,1.0,960000000,1000000,,1000000,0,1000000,0,0,0,0,0,960000000,7680000000,8000004,17777764
GIST,all,FR,134930,960,1000000,1.0,960000000,1000000,,1000000,0,1000000,0,0,0,0,0,960000000,7680000000,8000004,17777764
GIST,all,FR,786964,960,1000000,1.0,960000000,1000000,,1000000,0,1000000,0,0,0,0,0,960000000,7680000000,8000004,17777764
GIST,all,FR,884325,960,1000000,1.0,960000000,1000000,,1000000,0,1000000,0,0,0,0,0,960000000,7680000000,8000004,17777764
GIST,all,FR,552447,960,1000000,1.0,960000000,1000000,,1000000,0,1000000,0,0,0,0,0,960000000,7680000000,8000004,17777764
GIST,all,FR,504571,960,1000000,1.0,960000000,1000000,,1000000,0,1000000,0,0,0,0,0,960000000,7680000000,8000004,17777764
GIST,all,FR,951244,960,1000000,1.0,960000000,1000000,,1000000,0,1000000,0,0,0,0,0,960000000,7680000000,8000004,17777764
GIST,all,FR,220807,960,1000000,1.0,960000000,1000000,,1000000,0,1000000,0,0,0,0,0,960000000,7680000000,8000004,17777764
GIST,all,FR,681257,960,1000000,1.0,960000000,1000000,,1000000,0,1000000,0,0,0,0,0,960000000,7680000000,8000004,17777764
GIST,all,FR,417658,960,1000000,1.0,960000000,1000000,,1000000,0,1000000,0,0,0,0,0,960000000,7680000000,8000004,17777764
GIST,all,FR,266352,960,1000000,1.0,960000000,1000000,,1000000,0,1000000,0,0,0,0,0,960000000,7680000000,8000004,17777764
GIST,all,FF,584510,960,1000000,1.0,960000000,1000000,,1000000,0,1000000,0,0,0,0,0,960000000,7680000000,8000004,17777764
GIST,all,FF,860467,960,1000000,1.0,960000000,1000000,,1000000,0,1000000,0,0,0,0,0,960000000,7680000000,8000004,17777764
GIST,all,FF,923923,960,1000000,1.0,960000000,1000000,,1000000,0,1000000,0,0,0,0,0,960000000,7680000000,8000004,17777764
GIST,all,FF,533409,960,1000000,1.0,960000000,1000000,,1000000,0,1000000,0,0,0,0,0,960000000,7680000000,8000004,17777764
GIST,all,FF,220435,960,1000000,1.0,960000000,1000000,,1000000,0,1000000,0,0,0,0,0,960000000,7680000000,8000004,17777764
GIST,all,FF,395173,960,1000000,1.0,960000000,1000000,,1000000,0,1000000,0,0,0,0,0,960000000,7680000000,8000004,17777764
GIST,all,FF,125555,960,1000000,1.0,960000000,1000000,,1000000,0,1000000,0,0,0,0,0,960000000,7680000000,8000004,17777764
GIST,all,FF,37317,960,1000000,1.0,960000000,1000000,,1000000,0,1000000,0,0,0,0,0,960000000,7680000000,8000004,17777764
GIST,all,FF,326694,960,1000000,1.0,960000000,1000000,,1000000,0,1000000,0,0,0,0,0,960000000,7680000000,8000004,17777764
GIST,all,FF,408325,960,1000000,1.0,960000000,1000000,,1000000,0,1000000,0,0,0,0,0,960000000,7680000000,8000004,17777764
GIST,all,FF,928005,960,1000000,1.0,960000000,1000000,,1000000,0,1000000,0,0,0,0,0,960000000,7680000000,8000004,17777764
GIST,all,FF,636852,960,1000000,1.0,960000000,1000000,,1000000,0,1000000,0,0,0,0,0,960000000,7680000000,8000004,17777764
GIST,all,FF,565201,960,1000000,1.0,960000000,1000000,,1000000,0,1000000,0,0,0,0,0,960000000,7680000000,8000004,17777764
GIST,all,FF,416400,960,1000000,1.0,960000000,1000000,,1000000,0,1000000,0,0,0,0,0,960000000,7680000000,8000004,17777764
GIST,all,FF,671950,960,1000000,1.0,960000000,1000000,,1000000,0,1000000,0,0,0,0,0,960000000,7680000000,8000004,17777764
GIST,all,FF,100598,960,1000000,1.0,960000000,1000000,,1000000,0,1000000,0,0,0,0,0,960000000,7680000000,8000004,17777764
GIST,all,FF,130060,960,1000000,1.0,960000000,1000000,,1000000,0,1000000,0,0,0,0,0,960000000,7680000000,8000004,17777764
GIST,all,FF,763603,960,1000000,1.0,960000000,1000000,,1000000,0,1000000,0,0,0,0,0,960000000,7680000000,8000004,17777764
GIST,all,FF,229656,960,1000000,1.0,960000000,1000000,,1000000,0,1000000,0,0,0,0,0,960000000,7680000000,8000004,17777764
GIST,all,FF,854752,960,1000000,1.0,960000000,1000000,,1000000,0,1000000,0,0,0,0,0,960000000,7680000000,8000004,17777764
GIST,all,FF,717147,960,1000000,1.0,960000000,1000000,,1000000,0,1000000,0,0,0,0,0,960000000,7680000000,8000004,17777764
GIST,all,FF,253796,960,1000000,1.0,960000000,1000000,,1000000,0,1000000,0,0,0,0,0,960000000,7680000000,8000004,17777764
GIST,all,FF,594298,960,1000000,1.0,960000000,1000000,,1000000,0,1000000,0,0,0,0,0,960000000,7680000000,8000004,17777764
GIST,all,FF,802333,960,1000000,1.0,960000000,1000000,,1000000,0,1000000,0,0,0,0,0,960000000,7680000000,8000004,17777764
GIST,all,FF,907497,960,1000000,1.0,960000000,1000000,,1000000,0,1000000,0,0,0,0,0,960000000,7680000000,8000004,17777764
GIST,all,FF,970136,960,1000000,1.0,960000000,1000000,,1000000,0,1000000,0,0,0,0,0,960000000,7680000000,8000004,17777764
GIST,all,FF,472710,960,1000000,1.0,960000000,1000000,,1000000,0,1000000,0,0,0,0,0,960000000,7680000000,8000004,17777764
GIST,all,FF,311434,960,1000000,1.0,960000000,1000000,,1000000,0,1000000,0,0,0,0,0,960000000,7680000000,8000004,17777764
GIST,all,FF,152112,960,1000000,1.0,960000000,1000000,,1000000,0,1000000,0,0,0,0,0,960000000,7680000000,8000004,17777764
GIST,all,FF,262882,960,1000000,1.0,960000000,1000000,,1000000,0,1000000,0,0,0,0,0,960000000,7680000000,8000004,17777764
GIST,all,FF,706522,960,1000000,1.0,960000000,1000000,,1000000,0,1000000,0,0,0,0,0,960000000,7680000000,8000004,17777764
GIST,all,FF,832912,960,1000000,1.0,960000000,1000000,,1000000,0,1000000,0,0,0,0,0,960000000,7680000000,8000004,17777764
GIST,all,FF,303769,960,1000000,1.0,960000000,1000000,,1000000,0,1000000,0,0,0,0,0,960000000,7680000000,8000004,17777764
GIST,all,FF,223701,960,1000000,1.0,960000000,1000000,,1000000,0,1000000,0,0,0,0,0,960000000,7680000000,8000004,17777764
GIST,all,FF,809314,960,1000000,1.0,960000000,1000000,,1000000,0,1000000,0,0,0,0,0,960000000,7680000000,8000004,17777764
GIST,all,FF,831243,960,1000000,1.0,960000000,1000000,,1000000,0,1000000,0,0,0,0,0,960000000,7680000000,8000004,17777764
GIST,all,FF,831746,960,1000000,1.0,960000000,1000000,,1000000,0,1000000,0,0,0,0,0,960000000,7680000000,8000004,17777764
GIST,all,FF,314373,960,1000000,1.0,960000000,1000000,,1000000,0,1000000,0,0,0,0,0,960000000,7680000000,8000004,17777764
GIST,all,FF,810800,960,1000000,1.0,960000000,1000000,,1000000,0,1000000,0,0,0,0,0,960000000,7680000000,8000004,17777764
GIST,all,FF,211855,960,1000000,1.0,960000000,1000000,,1000000,0,1000000,0,0,0,0,0,960000000,7680000000,8000004,17777764
GIST,all,FF,533614,960,1000000,1.0,960000000,1000000,,1000000,0,1000000,0,0,0,0,0,960000000,7680000000,8000004,17777764
GIST,all,FF,335471,960,1000000,1.0,960000000,1000000,,1000000,0,1000000,0,0,0,0,0,960000000,7680000000,8000004,17777764
GIST,all,FF,566134,960,1000000,1.0,960000000,1000000,,1000000,0,1000000,0,0,0,0,0,960000000,7680000000,8000004,17777764
GIST,all,FF,738848,960,1000000,1.0,960000000,1000000,,1000000,0,1000000,0,0,0,0,0,960000000,7680000000,8000004,17777764
GIST,all,FF,359342,960,1000000,1.0,960000000,1000000,,1000000,0,1000000,0,0,0,0,0,960000000,7680000000,8000004,17777764
GIST,all,FF,965210,960,1000000,1.0,960000000,1000000,,1000000,0,1000000,0,0,0,0,0,960000000,7680000000,8000004,17777764
GIST,all,FF,928413,960,1000000,1.0,960000000,1000000,,1000000,0,1000000,0,0,0,0,0,960000000,7680000000,8000004,17777764
GIST,all,FF,998782,960,1000000,1.0,960000000,1000000,,1000000,0,1000000,0,0,0,0,0,960000000,7680000000,8000004,17777764
GIST,all,FF,248373,960,1000000,1.0,960000000,1000000,,1000000,0,1000000,0,0,0,0,0,960000000,7680000000,8000004,17777764
GIST,all,FF,113110,960,1000000,1.0,960000000,1000000,,1000000,0,1000000,0,0,0,0,0,960000000,7680000000,8000004,17777764
GIST,all,FF,421120,960,1000000,1.0,960000000,1000000,,1000000,0,1000000,0,0,0,0,0,960000000,7680000000,8000004,17777764
GIST,all,FF,579626,960,1000000,1.0,960000000,1000000,,1000000,0,1000000,0,0,0,0,0,960000000,7680000000,8000004,17777764
GIST,all,FF,997466,960,1000000,1.0,960000000,1000000,,1000000,0,1000000,0,0,0,0,0,960000000,7680000000,8000004,17777764
GIST,all,FF,522760,960,1000000,1.0,960000000,1000000,,1000000,0,1000000,0,0,0,0,0,960000000,7680000000,8000004,17777764
GIST,all,FF,134930,960,1000000,1.0,960000000,1000000,,1000000,0,1000000,0,0,0,0,0,960000000,7680000000,8000004,17777764
GIST,all,FF,786964,960,1000000,1.0,960000000,1000000,,1000000,0,1000000,0,0,0,0,0,960000000,7680000000,8000004,17777764
GIST,all,FF,884325,960,1000000,1.0,960000000,1000000,,1000000,0,1000000,0,0,0,0,0,960000000,7680000000,8000004,17777764
GIST,all,FF,552447,960,1000000,1.0,960000000,1000000,,1000000,0,1000000,0,0,0,0,0,960000000,7680000000,8000004,17777764
GIST,all,FF,504571,960,1000000,1.0,960000000,1000000,,1000000,0,1000000,0,0,0,0,0,960000000,7680000000,8000004,17777764
GIST,all,FF,951244,960,1000000,1.0,960000000,1000000,,1000000,0,1000000,0,0,0,0,0,960000000,7680000000,8000004,17777764
GIST,all,FF,220807,960,1000000,1.0,960000000,1000000,,1000000,0,1000000,0,0,0,0,0,960000000,7680000000,8000004,17777764
GIST,all,FF,681257,960,1000000,1.0,960000000,1000000,,1000000,0,1000000,0,0,0,0,0,960000000,7680000000,8000004,17777764
GIST,all,FF,417658,960,1000000,1.0,960000000,1000000,,1000000,0,1000000,0,0,0,0,0,960000000,7680000000,8000004,17777764
GIST,all,FF,266352,960,1000000,1.0,960000000,1000000,,1000000,0,1000000,0,0,0,0,0,960000000,7680000000,8000004,17777764
GIST,all,CR4,584510,960,1000000,1.0,960000000,1000000,,1000000,0,1000000,0,11110,11110,0,10665600,970665600,7765324800,8000004,17777764
GIST,all,CR4,860467,960,1000000,1.0,960000000,1000000,,1000000,0,1000000,0,11110,11110,0,10665600,970665600,7765324800,8000004,17777764
GIST,all,CR4,923923,960,1000000,1.0,960000000,1000000,,1000000,0,1000000,0,11110,11110,0,10665600,970665600,7765324800,8000004,17777764
GIST,all,CR4,533409,960,1000000,1.0,960000000,1000000,,1000000,0,1000000,0,11110,11110,0,10665600,970665600,7765324800,8000004,17777764
GIST,all,CR4,220435,960,1000000,1.0,960000000,1000000,,1000000,0,1000000,0,11110,11110,0,10665600,970665600,7765324800,8000004,17777764
GIST,all,CR4,395173,960,1000000,1.0,960000000,1000000,,1000000,0,1000000,0,11110,11110,0,10665600,970665600,7765324800,8000004,17777764
GIST,all,CR4,125555,960,1000000,1.0,960000000,1000000,,1000000,0,1000000,0,11110,11110,0,10665600,970665600,7765324800,8000004,17777764
GIST,all,CR4,37317,960,1000000,1.0,960000000,1000000,,1000000,0,1000000,0,11110,11110,0,10665600,970665600,7765324800,8000004,17777764
GIST,all,CR4,326694,960,1000000,1.0,960000000,1000000,,1000000,0,1000000,0,11110,11110,0,10665600,970665600,7765324800,8000004,17777764
GIST,all,CR4,408325,960,1000000,1.0,960000000,1000000,,1000000,0,1000000,0,11110,11110,0,10665600,970665600,7765324800,8000004,17777764
GIST,all,CR4,928005,960,1000000,1.0,960000000,1000000,,1000000,0,1000000,0,11110,11110,0,10665600,970665600,7765324800,8000004,17777764
GIST,all,CR4,636852,960,1000000,1.0,960000000,1000000,,1000000,0,1000000,0,11110,11110,0,10665600,970665600,7765324800,8000004,17777764
GIST,all,CR4,565201,960,1000000,1.0,960000000,1000000,,1000000,0,1000000,0,11110,11110,0,10665600,970665600,7765324800,8000004,17777764
GIST,all,CR4,416400,960,1000000,1.0,960000000,1000000,,1000000,0,1000000,0,11110,11110,0,10665600,970665600,7765324800,8000004,17777764
GIST,all,CR4,671950,960,1000000,1.0,960000000,1000000,,1000000,0,1000000,0,11110,11110,0,10665600,970665600,7765324800,8000004,17777764
GIST,all,CR4,100598,960,1000000,1.0,960000000,1000000,,1000000,0,1000000,0,11110,11110,0,10665600,970665600,7765324800,8000004,17777764
GIST,all,CR4,130060,960,1000000,1.0,960000000,1000000,,1000000,0,1000000,0,11110,11110,0,10665600,970665600,7765324800,8000004,17777764
GIST,all,CR4,763603,960,1000000,1.0,960000000,1000000,,1000000,0,1000000,0,11110,11110,0,10665600,970665600,7765324800,8000004,17777764
GIST,all,CR4,229656,960,1000000,1.0,960000000,1000000,,1000000,0,1000000,0,11110,11110,0,10665600,970665600,7765324800,8000004,17777764
GIST,all,CR4,854752,960,1000000,1.0,960000000,1000000,,1000000,0,1000000,0,11110,11110,0,10665600,970665600,7765324800,8000004,17777764
GIST,all,CR4,717147,960,1000000,1.0,960000000,1000000,,1000000,0,1000000,0,11110,11110,0,10665600,970665600,7765324800,8000004,17777764
GIST,all,CR4,253796,960,1000000,1.0,960000000,1000000,,1000000,0,1000000,0,11110,11110,0,10665600,970665600,7765324800,8000004,17777764
GIST,all,CR4,594298,960,1000000,1.0,960000000,1000000,,1000000,0,1000000,0,11110,11110,0,10665600,970665600,7765324800,8000004,17777764
GIST,all,CR4,802333,960,1000000,1.0,960000000,1000000,,1000000,0,1000000,0,11110,11110,0,10665600,970665600,7765324800,8000004,17777764
GIST,all,CR4,907497,960,1000000,1.0,960000000,1000000,,1000000,0,1000000,0,11110,11110,0,10665600,970665600,7765324800,8000004,17777764
GIST,all,CR4,970136,960,1000000,1.0,960000000,1000000,,1000000,0,1000000,0,11110,11110,0,10665600,970665600,7765324800,8000004,17777764
GIST,all,CR4,472710,960,1000000,1.0,960000000,1000000,,1000000,0,1000000,0,11110,11110,0,10665600,970665600,7765324800,8000004,17777764
GIST,all,CR4,311434,960,1000000,1.0,960000000,1000000,,1000000,0,1000000,0,11110,11110,0,10665600,970665600,7765324800,8000004,17777764
GIST,all,CR4,152112,960,1000000,1.0,960000000,1000000,,1000000,0,1000000,0,11110,11110,0,10665600,970665600,7765324800,8000004,17777764
GIST,all,CR4,262882,960,1000000,1.0,960000000,1000000,,1000000,0,1000000,0,11110,11110,0,10665600,970665600,7765324800,8000004,17777764
GIST,all,CR4,706522,960,1000000,1.0,960000000,1000000,,1000000,0,1000000,0,11110,11110,0,10665600,970665600,7765324800,8000004,17777764
GIST,all,CR4,832912,960,1000000,1.0,960000000,1000000,,1000000,0,1000000,0,11110,11110,0,10665600,970665600,7765324800,8000004,17777764
GIST,all,CR4,303769,960,1000000,1.0,960000000,1000000,,1000000,0,1000000,0,11110,11110,0,10665600,970665600,7765324800,8000004,17777764
GIST,all,CR4,223701,960,1000000,1.0,960000000,1000000,,1000000,0,1000000,0,11110,11110,0,10665600,970665600,7765324800,8000004,17777764
GIST,all,CR4,809314,960,1000000,1.0,960000000,1000000,,1000000,0,1000000,0,11110,11110,0,10665600,970665600,7765324800,8000004,17777764
GIST,all,CR4,831243,960,1000000,1.0,960000000,1000000,,1000000,0,1000000,0,11110,11110,0,10665600,970665600,7765324800,8000004,17777764
GIST,all,CR4,831746,960,1000000,1.0,960000000,1000000,,1000000,0,1000000,0,11110,11110,0,10665600,970665600,7765324800,8000004,17777764
GIST,all,CR4,314373,960,1000000,1.0,960000000,1000000,,1000000,0,1000000,0,11110,11110,0,10665600,970665600,7765324800,8000004,17777764
GIST,all,CR4,810800,960,1000000,1.0,960000000,1000000,,1000000,0,1000000,0,11110,11110,0,10665600,970665600,7765324800,8000004,17777764
GIST,all,CR4,211855,960,1000000,1.0,960000000,1000000,,1000000,0,1000000,0,11110,11110,0,10665600,970665600,7765324800,8000004,17777764
GIST,all,CR4,533614,960,1000000,1.0,960000000,1000000,,1000000,0,1000000,0,11110,11110,0,10665600,970665600,7765324800,8000004,17777764
GIST,all,CR4,335471,960,1000000,1.0,960000000,1000000,,1000000,0,1000000,0,11110,11110,0,10665600,970665600,7765324800,8000004,17777764
GIST,all,CR4,566134,960,1000000,1.0,960000000,1000000,,1000000,0,1000000,0,11110,11110,0,10665600,970665600,7765324800,8000004,17777764
GIST,all,CR4,738848,960,1000000,1.0,960000000,1000000,,1000000,0,1000000,0,11110,11110,0,10665600,970665600,7765324800,8000004,17777764
GIST,all,CR4,359342,960,1000000,1.0,960000000,1000000,,1000000,0,1000000,0,11110,11110,0,10665600,970665600,7765324800,8000004,17777764
GIST,all,CR4,965210,960,1000000,1.0,960000000,1000000,,1000000,0,1000000,0,11110,11110,0,10665600,970665600,7765324800,8000004,17777764
GIST,all,CR4,928413,960,1000000,1.0,960000000,1000000,,1000000,0,1000000,0,11110,11110,0,10665600,970665600,7765324800,8000004,17777764
GIST,all,CR4,998782,960,1000000,1.0,960000000,1000000,,1000000,0,1000000,0,11110,11110,0,10665600,970665600,7765324800,8000004,17777764
GIST,all,CR4,248373,960,1000000,1.0,960000000,1000000,,1000000,0,1000000,0,11110,11110,0,10665600,970665600,7765324800,8000004,17777764
GIST,all,CR4,113110,960,1000000,1.0,960000000,1000000,,1000000,0,1000000,0,11110,11110,0,10665600,970665600,7765324800,8000004,17777764
GIST,all,CR4,421120,960,1000000,1.0,960000000,1000000,,1000000,0,1000000,0,11110,11110,0,10665600,970665600,7765324800,8000004,17777764
GIST,all,CR4,579626,960,1000000,1.0,960000000,1000000,,1000000,0,1000000,0,11110,11110,0,10665600,970665600,7765324800,8000004,17777764
GIST,all,CR4,997466,960,1000000,1.0,960000000,1000000,,1000000,0,1000000,0,11110,11110,0,10665600,970665600,7765324800,8000004,17777764
GIST,all,CR4,522760,960,1000000,1.0,960000000,1000000,,1000000,0,1000000,0,11110,11110,0,10665600,970665600,7765324800,8000004,17777764
GIST,all,CR4,134930,960,1000000,1.0,960000000,1000000,,1000000,0,1000000,0,11110,11110,0,10665600,970665600,7765324800,8000004,17777764
GIST,all,CR4,786964,960,1000000,1.0,960000000,1000000,,1000000,0,1000000,0,11110,11110,0,10665600,970665600,7765324800,8000004,17777764
GIST,all,CR4,884325,960,1000000,1.0,960000000,1000000,,1000000,0,1000000,0,11110,11110,0,10665600,970665600,7765324800,8000004,17777764
GIST,all,CR4,552447,960,1000000,1.0,960000000,1000000,,1000000,0,1000000,0,11110,11110,0,10665600,970665600,7765324800,8000004,17777764
GIST,all,CR4,504571,960,1000000,1.0,960000000,1000000,,1000000,0,1000000,0,11110,11110,0,10665600,970665600,7765324800,8000004,17777764
GIST,all,CR4,951244,960,1000000,1.0,960000000,1000000,,1000000,0,1000000,0,11110,11110,0,10665600,970665600,7765324800,8000004,17777764
GIST,all,CR4,220807,960,1000000,1.0,960000000,1000000,,1000000,0,1000000,0,11110,11110,0,10665600,970665600,7765324800,8000004,17777764
GIST,all,CR4,681257,960,1000000,1.0,960000000,1000000,,1000000,0,1000000,0,11110,11110,0,10665600,970665600,7765324800,8000004,17777764
GIST,all,CR4,417658,960,1000000,1.0,960000000,1000000,,1000000,0,1000000,0,11110,11110,0,10665600,970665600,7765324800,8000004,17777764
GIST,all,CR4,266352,960,1000000,1.0,960000000,1000000,,1000000,0,1000000,0,11110,11110,0,10665600,970665600,7765324800,8000004,17777764
GIST,all,CF4,584510,960,1000000,1.0,960000000,1000000,,1000000,0,1000000,0,11110,0,0,10665600,970665600,7765324800,8000004,17777764
GIST,all,CF4,860467,960,1000000,1.0,960000000,1000000,,1000000,0,1000000,0,11110,0,0,10665600,970665600,7765324800,8000004,17777764
GIST,all,CF4,923923,960,1000000,1.0,960000000,1000000,,1000000,0,1000000,0,11110,0,0,10665600,970665600,7765324800,8000004,17777764
GIST,all,CF4,533409,960,1000000,1.0,960000000,1000000,,1000000,0,1000000,0,11110,0,0,10665600,970665600,7765324800,8000004,17777764
GIST,all,CF4,220435,960,1000000,1.0,960000000,1000000,,1000000,0,1000000,0,11110,0,0,10665600,970665600,7765324800,8000004,17777764
GIST,all,CF4,395173,960,1000000,1.0,960000000,1000000,,1000000,0,1000000,0,11110,0,0,10665600,970665600,7765324800,8000004,17777764
GIST,all,CF4,125555,960,1000000,1.0,960000000,1000000,,1000000,0,1000000,0,11110,0,0,10665600,970665600,7765324800,8000004,17777764
GIST,all,CF4,37317,960,1000000,1.0,960000000,1000000,,1000000,0,1000000,0,11110,0,0,10665600,970665600,7765324800,8000004,17777764
GIST,all,CF4,326694,960,1000000,1.0,960000000,1000000,,1000000,0,1000000,0,11110,0,0,10665600,970665600,7765324800,8000004,17777764
GIST,all,CF4,408325,960,1000000,1.0,960000000,1000000,,1000000,0,1000000,0,11110,0,0,10665600,970665600,7765324800,8000004,17777764
GIST,all,CF4,928005,960,1000000,1.0,960000000,1000000,,1000000,0,1000000,0,11110,0,0,10665600,970665600,7765324800,8000004,17777764
GIST,all,CF4,636852,960,1000000,1.0,960000000,1000000,,1000000,0,1000000,0,11110,0,0,10665600,970665600,7765324800,8000004,17777764
GIST,all,CF4,565201,960,1000000,1.0,960000000,1000000,,1000000,0,1000000,0,11110,0,0,10665600,970665600,7765324800,8000004,17777764
GIST,all,CF4,416400,960,1000000,1.0,960000000,1000000,,1000000,0,1000000,0,11110,0,0,10665600,970665600,7765324800,8000004,17777764
GIST,all,CF4,671950,960,1000000,1.0,960000000,1000000,,1000000,0,1000000,0,11110,0,0,10665600,970665600,7765324800,8000004,17777764
GIST,all,CF4,100598,960,1000000,1.0,960000000,1000000,,1000000,0,1000000,0,11110,0,0,10665600,970665600,7765324800,8000004,17777764
GIST,all,CF4,130060,960,1000000,1.0,960000000,1000000,,1000000,0,1000000,0,11110,0,0,10665600,970665600,7765324800,8000004,17777764
GIST,all,CF4,763603,960,1000000,1.0,960000000,1000000,,1000000,0,1000000,0,11110,0,0,10665600,970665600,7765324800,8000004,17777764
GIST,all,CF4,229656,960,1000000,1.0,960000000,1000000,,1000000,0,1000000,0,11110,0,0,10665600,970665600,7765324800,8000004,17777764
GIST,all,CF4,854752,960,1000000,1.0,960000000,1000000,,1000000,0,1000000,0,11110,0,0,10665600,970665600,7765324800,8000004,17777764
GIST,all,CF4,717147,960,1000000,1.0,960000000,1000000,,1000000,0,1000000,0,11110,0,0,10665600,970665600,7765324800,8000004,17777764
GIST,all,CF4,253796,960,1000000,1.0,960000000,1000000,,1000000,0,1000000,0,11110,0,0,10665600,970665600,7765324800,8000004,17777764
GIST,all,CF4,594298,960,1000000,1.0,960000000,1000000,,1000000,0,1000000,0,11110,0,0,10665600,970665600,7765324800,8000004,17777764
GIST,all,CF4,802333,960,1000000,1.0,960000000,1000000,,1000000,0,1000000,0,11110,0,0,10665600,970665600,7765324800,8000004,17777764
GIST,all,CF4,907497,960,1000000,1.0,960000000,1000000,,1000000,0,1000000,0,11110,0,0,10665600,970665600,7765324800,8000004,17777764
GIST,all,CF4,970136,960,1000000,1.0,960000000,1000000,,1000000,0,1000000,0,11110,0,0,10665600,970665600,7765324800,8000004,17777764
GIST,all,CF4,472710,960,1000000,1.0,960000000,1000000,,1000000,0,1000000,0,11110,0,0,10665600,970665600,7765324800,8000004,17777764
GIST,all,CF4,311434,960,1000000,1.0,960000000,1000000,,1000000,0,1000000,0,11110,0,0,10665600,970665600,7765324800,8000004,17777764
GIST,all,CF4,152112,960,1000000,1.0,960000000,1000000,,1000000,0,1000000,0,11110,0,0,10665600,970665600,7765324800,8000004,17777764
GIST,all,CF4,262882,960,1000000,1.0,960000000,1000000,,1000000,0,1000000,0,11110,0,0,10665600,970665600,7765324800,8000004,17777764
GIST,all,CF4,706522,960,1000000,1.0,960000000,1000000,,1000000,0,1000000,0,11110,0,0,10665600,970665600,7765324800,8000004,17777764
GIST,all,CF4,832912,960,1000000,1.0,960000000,1000000,,1000000,0,1000000,0,11110,0,0,10665600,970665600,7765324800,8000004,17777764
GIST,all,CF4,303769,960,1000000,1.0,960000000,1000000,,1000000,0,1000000,0,11110,0,0,10665600,970665600,7765324800,8000004,17777764
GIST,all,CF4,223701,960,1000000,1.0,960000000,1000000,,1000000,0,1000000,0,11110,0,0,10665600,970665600,7765324800,8000004,17777764
GIST,all,CF4,809314,960,1000000,1.0,960000000,1000000,,1000000,0,1000000,0,11110,0,0,10665600,970665600,7765324800,8000004,17777764
GIST,all,CF4,831243,960,1000000,1.0,960000000,1000000,,1000000,0,1000000,0,11110,0,0,10665600,970665600,7765324800,8000004,17777764
GIST,all,CF4,831746,960,1000000,1.0,960000000,1000000,,1000000,0,1000000,0,11110,0,0,10665600,970665600,7765324800,8000004,17777764
GIST,all,CF4,314373,960,1000000,1.0,960000000,1000000,,1000000,0,1000000,0,11110,0,0,10665600,970665600,7765324800,8000004,17777764
GIST,all,CF4,810800,960,1000000,1.0,960000000,1000000,,1000000,0,1000000,0,11110,0,0,10665600,970665600,7765324800,8000004,17777764
GIST,all,CF4,211855,960,1000000,1.0,960000000,1000000,,1000000,0,1000000,0,11110,0,0,10665600,970665600,7765324800,8000004,17777764
GIST,all,CF4,533614,960,1000000,1.0,960000000,1000000,,1000000,0,1000000,0,11110,0,0,10665600,970665600,7765324800,8000004,17777764
GIST,all,CF4,335471,960,1000000,1.0,960000000,1000000,,1000000,0,1000000,0,11110,0,0,10665600,970665600,7765324800,8000004,17777764
GIST,all,CF4,566134,960,1000000,1.0,960000000,1000000,,1000000,0,1000000,0,11110,0,0,10665600,970665600,7765324800,8000004,17777764
GIST,all,CF4,738848,960,1000000,1.0,960000000,1000000,,1000000,0,1000000,0,11110,0,0,10665600,970665600,7765324800,8000004,17777764
GIST,all,CF4,359342,960,1000000,1.0,960000000,1000000,,1000000,0,1000000,0,11110,0,0,10665600,970665600,7765324800,8000004,17777764
GIST,all,CF4,965210,960,1000000,1.0,960000000,1000000,,1000000,0,1000000,0,11110,0,0,10665600,970665600,7765324800,8000004,17777764
GIST,all,CF4,928413,960,1000000,1.0,960000000,1000000,,1000000,0,1000000,0,11110,0,0,10665600,970665600,7765324800,8000004,17777764
GIST,all,CF4,998782,960,1000000,1.0,960000000,1000000,,1000000,0,1000000,0,11110,0,0,10665600,970665600,7765324800,8000004,17777764
GIST,all,CF4,248373,960,1000000,1.0,960000000,1000000,,1000000,0,1000000,0,11110,0,0,10665600,970665600,7765324800,8000004,17777764
GIST,all,CF4,113110,960,1000000,1.0,960000000,1000000,,1000000,0,1000000,0,11110,0,0,10665600,970665600,7765324800,8000004,17777764
GIST,all,CF4,421120,960,1000000,1.0,960000000,1000000,,1000000,0,1000000,0,11110,0,0,10665600,970665600,7765324800,8000004,17777764
GIST,all,CF4,579626,960,1000000,1.0,960000000,1000000,,1000000,0,1000000,0,11110,0,0,10665600,970665600,7765324800,8000004,17777764
GIST,all,CF4,997466,960,1000000,1.0,960000000,1000000,,1000000,0,1000000,0,11110,0,0,10665600,970665600,7765324800,8000004,17777764
GIST,all,CF4,522760,960,1000000,1.0,960000000,1000000,,1000000,0,1000000,0,11110,0,0,10665600,970665600,7765324800,8000004,17777764
GIST,all,CF4,134930,960,1000000,1.0,960000000,1000000,,1000000,0,1000000,0,11110,0,0,10665600,970665600,7765324800,8000004,17777764
GIST,all,CF4,786964,960,1000000,1.0,960000000,1000000,,1000000,0,1000000,0,11110,0,0,10665600,970665600,7765324800,8000004,17777764
GIST,all,CF4,884325,960,1000000,1.0,960000000,1000000,,1000000,0,1000000,0,11110,0,0,10665600,970665600,7765324800,8000004,17777764
GIST,all,CF4,552447,960,1000000,1.0,960000000,1000000,,1000000,0,1000000,0,11110,0,0,10665600,970665600,7765324800,8000004,17777764
GIST,all,CF4,504571,960,1000000,1.0,960000000,1000000,,1000000,0,1000000,0,11110,0,0,10665600,970665600,7765324800,8000004,17777764
GIST,all,CF4,951244,960,1000000,1.0,960000000,1000000,,1000000,0,1000000,0,11110,0,0,10665600,970665600,7765324800,8000004,17777764
GIST,all,CF4,220807,960,1000000,1.0,960000000,1000000,,1000000,0,1000000,0,11110,0,0,10665600,970665600,7765324800,8000004,17777764
GIST,all,CF4,681257,960,1000000,1.0,960000000,1000000,,1000000,0,1000000,0,11110,0,0,10665600,970665600,7765324800,8000004,17777764
GIST,all,CF4,417658,960,1000000,1.0,960000000,1000000,,1000000,0,1000000,0,11110,0,0,10665600,970665600,7765324800,8000004,17777764
GIST,all,CF4,266352,960,1000000,1.0,960000000,1000000,,1000000,0,1000000,0,11110,0,0,10665600,970665600,7765324800,8000004,17777764
GIST,all,TR,584510,960,1000000,1.0,960000000,1000000,100000,1000000,0,1000000,0,111110,111110,0,106665600,1066665600,8533324800,8000004,17777764
GIST,all,TR,860467,960,1000000,1.0,960000000,1000000,100000,1000000,0,1000000,0,111110,111110,0,106665600,1066665600,8533324800,8000004,17777764
GIST,all,TR,923923,960,1000000,1.0,960000000,1000000,100000,1000000,0,1000000,0,111110,111110,0,106665600,1066665600,8533324800,8000004,17777764
GIST,all,TR,533409,960,1000000,1.0,960000000,1000000,100000,1000000,0,1000000,0,111110,111110,0,106665600,1066665600,8533324800,8000004,17777764
GIST,all,TR,220435,960,1000000,1.0,960000000,1000000,100000,1000000,0,1000000,0,111110,111110,0,106665600,1066665600,8533324800,8000004,17777764
GIST,all,TR,395173,960,1000000,1.0,960000000,1000000,100000,1000000,0,1000000,0,111110,111110,0,106665600,1066665600,8533324800,8000004,17777764
GIST,all,TR,125555,960,1000000,1.0,960000000,1000000,100000,1000000,0,1000000,0,111110,111110,0,106665600,1066665600,8533324800,8000004,17777764
GIST,all,TR,37317,960,1000000,1.0,960000000,1000000,100000,1000000,0,1000000,0,111110,111110,0,106665600,1066665600,8533324800,8000004,17777764
GIST,all,TR,326694,960,1000000,1.0,960000000,1000000,100000,1000000,0,1000000,0,111110,111110,0,106665600,1066665600,8533324800,8000004,17777764
GIST,all,TR,408325,960,1000000,1.0,960000000,1000000,100000,1000000,0,1000000,0,111110,111110,0,106665600,1066665600,8533324800,8000004,17777764
GIST,all,TR,928005,960,1000000,1.0,960000000,1000000,100000,1000000,0,1000000,0,111110,111110,0,106665600,1066665600,8533324800,8000004,17777764
GIST,all,TR,636852,960,1000000,1.0,960000000,1000000,100000,1000000,0,1000000,0,111110,111110,0,106665600,1066665600,8533324800,8000004,17777764
GIST,all,TR,565201,960,1000000,1.0,960000000,1000000,100000,1000000,0,1000000,0,111110,111110,0,106665600,1066665600,8533324800,8000004,17777764
GIST,all,TR,416400,960,1000000,1.0,960000000,1000000,100000,1000000,0,1000000,0,111110,111110,0,106665600,1066665600,8533324800,8000004,17777764
GIST,all,TR,671950,960,1000000,1.0,960000000,1000000,100000,1000000,0,1000000,0,111110,111110,0,106665600,1066665600,8533324800,8000004,17777764
GIST,all,TR,100598,960,1000000,1.0,960000000,1000000,100000,1000000,0,1000000,0,111110,111110,0,106665600,1066665600,8533324800,8000004,17777764
GIST,all,TR,130060,960,1000000,1.0,960000000,1000000,100000,1000000,0,1000000,0,111110,111110,0,106665600,1066665600,8533324800,8000004,17777764
GIST,all,TR,763603,960,1000000,1.0,960000000,1000000,100000,1000000,0,1000000,0,111110,111110,0,106665600,1066665600,8533324800,8000004,17777764
GIST,all,TR,229656,960,1000000,1.0,960000000,1000000,100000,1000000,0,1000000,0,111110,111110,0,106665600,1066665600,8533324800,8000004,17777764
GIST,all,TR,854752,960,1000000,1.0,960000000,1000000,100000,1000000,0,1000000,0,111110,111110,0,106665600,1066665600,8533324800,8000004,17777764
GIST,all,TR,717147,960,1000000,1.0,960000000,1000000,100000,1000000,0,1000000,0,111110,111110,0,106665600,1066665600,8533324800,8000004,17777764
GIST,all,TR,253796,960,1000000,1.0,960000000,1000000,100000,1000000,0,1000000,0,111110,111110,0,106665600,1066665600,8533324800,8000004,17777764
GIST,all,TR,594298,960,1000000,1.0,960000000,1000000,100000,1000000,0,1000000,0,111110,111110,0,106665600,1066665600,8533324800,8000004,17777764
GIST,all,TR,802333,960,1000000,1.0,960000000,1000000,100000,1000000,0,1000000,0,111110,111110,0,106665600,1066665600,8533324800,8000004,17777764
GIST,all,TR,907497,960,1000000,1.0,960000000,1000000,100000,1000000,0,1000000,0,111110,111110,0,106665600,1066665600,8533324800,8000004,17777764
GIST,all,TR,970136,960,1000000,1.0,960000000,1000000,100000,1000000,0,1000000,0,111110,111110,0,106665600,1066665600,8533324800,8000004,17777764
GIST,all,TR,472710,960,1000000,1.0,960000000,1000000,100000,1000000,0,1000000,0,111110,111110,0,106665600,1066665600,8533324800,8000004,17777764
GIST,all,TR,311434,960,1000000,1.0,960000000,1000000,100000,1000000,0,1000000,0,111110,111110,0,106665600,1066665600,8533324800,8000004,17777764
GIST,all,TR,152112,960,1000000,1.0,960000000,1000000,100000,1000000,0,1000000,0,111110,111110,0,106665600,1066665600,8533324800,8000004,17777764
GIST,all,TR,262882,960,1000000,1.0,960000000,1000000,100000,1000000,0,1000000,0,111110,111110,0,106665600,1066665600,8533324800,8000004,17777764
GIST,all,TR,706522,960,1000000,1.0,960000000,1000000,100000,1000000,0,1000000,0,111110,111110,0,106665600,1066665600,8533324800,8000004,17777764
GIST,all,TR,832912,960,1000000,1.0,960000000,1000000,100000,1000000,0,1000000,0,111110,111110,0,106665600,1066665600,8533324800,8000004,17777764
GIST,all,TR,303769,960,1000000,1.0,960000000,1000000,100000,1000000,0,1000000,0,111110,111110,0,106665600,1066665600,8533324800,8000004,17777764
GIST,all,TR,223701,960,1000000,1.0,960000000,1000000,100000,1000000,0,1000000,0,111110,111110,0,106665600,1066665600,8533324800,8000004,17777764
GIST,all,TR,809314,960,1000000,1.0,960000000,1000000,100000,1000000,0,1000000,0,111110,111110,0,106665600,1066665600,8533324800,8000004,17777764
GIST,all,TR,831243,960,1000000,1.0,960000000,1000000,100000,1000000,0,1000000,0,111110,111110,0,106665600,1066665600,8533324800,8000004,17777764
GIST,all,TR,831746,960,1000000,1.0,960000000,1000000,100000,1000000,0,1000000,0,111110,111110,0,106665600,1066665600,8533324800,8000004,17777764
GIST,all,TR,314373,960,1000000,1.0,960000000,1000000,100000,1000000,0,1000000,0,111110,111110,0,106665600,1066665600,8533324800,8000004,17777764
GIST,all,TR,810800,960,1000000,1.0,960000000,1000000,100000,1000000,0,1000000,0,111110,111110,0,106665600,1066665600,8533324800,8000004,17777764
GIST,all,TR,211855,960,1000000,1.0,960000000,1000000,100000,1000000,0,1000000,0,111110,111110,0,106665600,1066665600,8533324800,8000004,17777764
GIST,all,TR,533614,960,1000000,1.0,960000000,1000000,100000,1000000,0,1000000,0,111110,111110,0,106665600,1066665600,8533324800,8000004,17777764
GIST,all,TR,335471,960,1000000,1.0,960000000,1000000,100000,1000000,0,1000000,0,111110,111110,0,106665600,1066665600,8533324800,8000004,17777764
GIST,all,TR,566134,960,1000000,1.0,960000000,1000000,100000,1000000,0,1000000,0,111110,111110,0,106665600,1066665600,8533324800,8000004,17777764
GIST,all,TR,738848,960,1000000,1.0,960000000,1000000,100000,1000000,0,1000000,0,111110,111110,0,106665600,1066665600,8533324800,8000004,17777764
GIST,all,TR,359342,960,1000000,1.0,960000000,1000000,100000,1000000,0,1000000,0,111110,111110,0,106665600,1066665600,8533324800,8000004,17777764
GIST,all,TR,965210,960,1000000,1.0,960000000,1000000,100000,1000000,0,1000000,0,111110,111110,0,106665600,1066665600,8533324800,8000004,17777764
GIST,all,TR,928413,960,1000000,1.0,960000000,1000000,100000,1000000,0,1000000,0,111110,111110,0,106665600,1066665600,8533324800,8000004,17777764
GIST,all,TR,998782,960,1000000,1.0,960000000,1000000,100000,1000000,0,1000000,0,111110,111110,0,106665600,1066665600,8533324800,8000004,17777764
GIST,all,TR,248373,960,1000000,1.0,960000000,1000000,100000,1000000,0,1000000,0,111110,111110,0,106665600,1066665600,8533324800,8000004,17777764
GIST,all,TR,113110,960,1000000,1.0,960000000,1000000,100000,1000000,0,1000000,0,111110,111110,0,106665600,1066665600,8533324800,8000004,17777764
GIST,all,TR,421120,960,1000000,1.0,960000000,1000000,100000,1000000,0,1000000,0,111110,111110,0,106665600,1066665600,8533324800,8000004,17777764
GIST,all,TR,579626,960,1000000,1.0,960000000,1000000,100000,1000000,0,1000000,0,111110,111110,0,106665600,1066665600,8533324800,8000004,17777764
GIST,all,TR,997466,960,1000000,1.0,960000000,1000000,100000,1000000,0,1000000,0,111110,111110,0,106665600,1066665600,8533324800,8000004,17777764
GIST,all,TR,522760,960,1000000,1.0,960000000,1000000,100000,1000000,0,1000000,0,111110,111110,0,106665600,1066665600,8533324800,8000004,17777764
GIST,all,TR,134930,960,1000000,1.0,960000000,1000000,100000,1000000,0,1000000,0,111110,111110,0,106665600,1066665600,8533324800,8000004,17777764
GIST,all,TR,786964,960,1000000,1.0,960000000,1000000,100000,1000000,0,1000000,0,111110,111110,0,106665600,1066665600,8533324800,8000004,17777764
GIST,all,TR,884325,960,1000000,1.0,960000000,1000000,100000,1000000,0,1000000,0,111110,111110,0,106665600,1066665600,8533324800,8000004,17777764
GIST,all,TR,552447,960,1000000,1.0,960000000,1000000,100000,1000000,0,1000000,0,111110,111110,0,106665600,1066665600,8533324800,8000004,17777764
GIST,all,TR,504571,960,1000000,1.0,960000000,1000000,100000,1000000,0,1000000,0,111110,111110,0,106665600,1066665600,8533324800,8000004,17777764
GIST,all,TR,951244,960,1000000,1.0,960000000,1000000,100000,1000000,0,1000000,0,111110,111110,0,106665600,1066665600,8533324800,8000004,17777764
GIST,all,TR,220807,960,1000000,1.0,960000000,1000000,100000,1000000,0,1000000,0,111110,111110,0,106665600,1066665600,8533324800,8000004,17777764
GIST,all,TR,681257,960,1000000,1.0,960000000,1000000,100000,1000000,0,1000000,0,111110,111110,0,106665600,1066665600,8533324800,8000004,17777764
GIST,all,TR,417658,960,1000000,1.0,960000000,1000000,100000,1000000,0,1000000,0,111110,111110,0,106665600,1066665600,8533324800,8000004,17777764
GIST,all,TR,266352,960,1000000,1.0,960000000,1000000,100000,1000000,0,1000000,0,111110,111110,0,106665600,1066665600,8533324800,8000004,17777764
GIST,all,TF,584510,960,1000000,1.0,960000000,1000000,100000,1000000,0,1000000,0,111110,0,0,106665600,1066665600,8533324800,8000004,17777764
GIST,all,TF,860467,960,1000000,1.0,960000000,1000000,100000,1000000,0,1000000,0,111110,0,0,106665600,1066665600,8533324800,8000004,17777764
GIST,all,TF,923923,960,1000000,1.0,960000000,1000000,100000,1000000,0,1000000,0,111110,0,0,106665600,1066665600,8533324800,8000004,17777764
GIST,all,TF,533409,960,1000000,1.0,960000000,1000000,100000,1000000,0,1000000,0,111110,0,0,106665600,1066665600,8533324800,8000004,17777764
GIST,all,TF,220435,960,1000000,1.0,960000000,1000000,100000,1000000,0,1000000,0,111110,0,0,106665600,1066665600,8533324800,8000004,17777764
GIST,all,TF,395173,960,1000000,1.0,960000000,1000000,100000,1000000,0,1000000,0,111110,0,0,106665600,1066665600,8533324800,8000004,17777764
GIST,all,TF,125555,960,1000000,1.0,960000000,1000000,100000,1000000,0,1000000,0,111110,0,0,106665600,1066665600,8533324800,8000004,17777764
GIST,all,TF,37317,960,1000000,1.0,960000000,1000000,100000,1000000,0,1000000,0,111110,0,0,106665600,1066665600,8533324800,8000004,17777764
GIST,all,TF,326694,960,1000000,1.0,960000000,1000000,100000,1000000,0,1000000,0,111110,0,0,106665600,1066665600,8533324800,8000004,17777764
GIST,all,TF,408325,960,1000000,1.0,960000000,1000000,100000,1000000,0,1000000,0,111110,0,0,106665600,1066665600,8533324800,8000004,17777764
GIST,all,TF,928005,960,1000000,1.0,960000000,1000000,100000,1000000,0,1000000,0,111110,0,0,106665600,1066665600,8533324800,8000004,17777764
GIST,all,TF,636852,960,1000000,1.0,960000000,1000000,100000,1000000,0,1000000,0,111110,0,0,106665600,1066665600,8533324800,8000004,17777764
GIST,all,TF,565201,960,1000000,1.0,960000000,1000000,100000,1000000,0,1000000,0,111110,0,0,106665600,1066665600,8533324800,8000004,17777764
GIST,all,TF,416400,960,1000000,1.0,960000000,1000000,100000,1000000,0,1000000,0,111110,0,0,106665600,1066665600,8533324800,8000004,17777764
GIST,all,TF,671950,960,1000000,1.0,960000000,1000000,100000,1000000,0,1000000,0,111110,0,0,106665600,1066665600,8533324800,8000004,17777764
GIST,all,TF,100598,960,1000000,1.0,960000000,1000000,100000,1000000,0,1000000,0,111110,0,0,106665600,1066665600,8533324800,8000004,17777764
GIST,all,TF,130060,960,1000000,1.0,960000000,1000000,100000,1000000,0,1000000,0,111110,0,0,106665600,1066665600,8533324800,8000004,17777764
GIST,all,TF,763603,960,1000000,1.0,960000000,1000000,100000,1000000,0,1000000,0,111110,0,0,106665600,1066665600,8533324800,8000004,17777764
GIST,all,TF,229656,960,1000000,1.0,960000000,1000000,100000,1000000,0,1000000,0,111110,0,0,106665600,1066665600,8533324800,8000004,17777764
GIST,all,TF,854752,960,1000000,1.0,960000000,1000000,100000,1000000,0,1000000,0,111110,0,0,106665600,1066665600,8533324800,8000004,17777764
GIST,all,TF,717147,960,1000000,1.0,960000000,1000000,100000,1000000,0,1000000,0,111110,0,0,106665600,1066665600,8533324800,8000004,17777764
GIST,all,TF,253796,960,1000000,1.0,960000000,1000000,100000,1000000,0,1000000,0,111110,0,0,106665600,1066665600,8533324800,8000004,17777764
GIST,all,TF,594298,960,1000000,1.0,960000000,1000000,100000,1000000,0,1000000,0,111110,0,0,106665600,1066665600,8533324800,8000004,17777764
GIST,all,TF,802333,960,1000000,1.0,960000000,1000000,100000,1000000,0,1000000,0,111110,0,0,106665600,1066665600,8533324800,8000004,17777764
GIST,all,TF,907497,960,1000000,1.0,960000000,1000000,100000,1000000,0,1000000,0,111110,0,0,106665600,1066665600,8533324800,8000004,17777764
GIST,all,TF,970136,960,1000000,1.0,960000000,1000000,100000,1000000,0,1000000,0,111110,0,0,106665600,1066665600,8533324800,8000004,17777764
GIST,all,TF,472710,960,1000000,1.0,960000000,1000000,100000,1000000,0,1000000,0,111110,0,0,106665600,1066665600,8533324800,8000004,17777764
GIST,all,TF,311434,960,1000000,1.0,960000000,1000000,100000,1000000,0,1000000,0,111110,0,0,106665600,1066665600,8533324800,8000004,17777764
GIST,all,TF,152112,960,1000000,1.0,960000000,1000000,100000,1000000,0,1000000,0,111110,0,0,106665600,1066665600,8533324800,8000004,17777764
GIST,all,TF,262882,960,1000000,1.0,960000000,1000000,100000,1000000,0,1000000,0,111110,0,0,106665600,1066665600,8533324800,8000004,17777764
GIST,all,TF,706522,960,1000000,1.0,960000000,1000000,100000,1000000,0,1000000,0,111110,0,0,106665600,1066665600,8533324800,8000004,17777764
GIST,all,TF,832912,960,1000000,1.0,960000000,1000000,100000,1000000,0,1000000,0,111110,0,0,106665600,1066665600,8533324800,8000004,17777764
GIST,all,TF,303769,960,1000000,1.0,960000000,1000000,100000,1000000,0,1000000,0,111110,0,0,106665600,1066665600,8533324800,8000004,17777764
GIST,all,TF,223701,960,1000000,1.0,960000000,1000000,100000,1000000,0,1000000,0,111110,0,0,106665600,1066665600,8533324800,8000004,17777764
GIST,all,TF,809314,960,1000000,1.0,960000000,1000000,100000,1000000,0,1000000,0,111110,0,0,106665600,1066665600,8533324800,8000004,17777764
GIST,all,TF,831243,960,1000000,1.0,960000000,1000000,100000,1000000,0,1000000,0,111110,0,0,106665600,1066665600,8533324800,8000004,17777764
GIST,all,TF,831746,960,1000000,1.0,960000000,1000000,100000,1000000,0,1000000,0,111110,0,0,106665600,1066665600,8533324800,8000004,17777764
GIST,all,TF,314373,960,1000000,1.0,960000000,1000000,100000,1000000,0,1000000,0,111110,0,0,106665600,1066665600,8533324800,8000004,17777764
GIST,all,TF,810800,960,1000000,1.0,960000000,1000000,100000,1000000,0,1000000,0,111110,0,0,106665600,1066665600,8533324800,8000004,17777764
GIST,all,TF,211855,960,1000000,1.0,960000000,1000000,100000,1000000,0,1000000,0,111110,0,0,106665600,1066665600,8533324800,8000004,17777764
GIST,all,TF,533614,960,1000000,1.0,960000000,1000000,100000,1000000,0,1000000,0,111110,0,0,106665600,1066665600,8533324800,8000004,17777764
GIST,all,TF,335471,960,1000000,1.0,960000000,1000000,100000,1000000,0,1000000,0,111110,0,0,106665600,1066665600,8533324800,8000004,17777764
GIST,all,TF,566134,960,1000000,1.0,960000000,1000000,100000,1000000,0,1000000,0,111110,0,0,106665600,1066665600,8533324800,8000004,17777764
GIST,all,TF,738848,960,1000000,1.0,960000000,1000000,100000,1000000,0,1000000,0,111110,0,0,106665600,1066665600,8533324800,8000004,17777764
GIST,all,TF,359342,960,1000000,1.0,960000000,1000000,100000,1000000,0,1000000,0,111110,0,0,106665600,1066665600,8533324800,8000004,17777764
GIST,all,TF,965210,960,1000000,1.0,960000000,1000000,100000,1000000,0,1000000,0,111110,0,0,106665600,1066665600,8533324800,8000004,17777764
GIST,all,TF,928413,960,1000000,1.0,960000000,1000000,100000,1000000,0,1000000,0,111110,0,0,106665600,1066665600,8533324800,8000004,17777764
GIST,all,TF,998782,960,1000000,1.0,960000000,1000000,100000,1000000,0,1000000,0,111110,0,0,106665600,1066665600,8533324800,8000004,17777764
GIST,all,TF,248373,960,1000000,1.0,960000000,1000000,100000,1000000,0,1000000,0,111110,0,0,106665600,1066665600,8533324800,8000004,17777764
GIST,all,TF,113110,960,1000000,1.0,960000000,1000000,100000,1000000,0,1000000,0,111110,0,0,106665600,1066665600,8533324800,8000004,17777764
GIST,all,TF,421120,960,1000000,1.0,960000000,1000000,100000,1000000,0,1000000,0,111110,0,0,106665600,1066665600,8533324800,8000004,17777764
GIST,all,TF,579626,960,1000000,1.0,960000000,1000000,100000,1000000,0,1000000,0,111110,0,0,106665600,1066665600,8533324800,8000004,17777764
GIST,all,TF,997466,960,1000000,1.0,960000000,1000000,100000,1000000,0,1000000,0,111110,0,0,106665600,1066665600,8533324800,8000004,17777764
GIST,all,TF,522760,960,1000000,1.0,960000000,1000000,100000,1000000,0,1000000,0,111110,0,0,106665600,1066665600,8533324800,8000004,17777764
GIST,all,TF,134930,960,1000000,1.0,960000000,1000000,100000,1000000,0,1000000,0,111110,0,0,106665600,1066665600,8533324800,8000004,17777764
GIST,all,TF,786964,960,1000000,1.0,960000000,1000000,100000,1000000,0,1000000,0,111110,0,0,106665600,1066665600,8533324800,8000004,17777764
GIST,all,TF,884325,960,1000000,1.0,960000000,1000000,100000,1000000,0,1000000,0,111110,0,0,106665600,1066665600,8533324800,8000004,17777764
GIST,all,TF,552447,960,1000000,1.0,960000000,1000000,100000,1000000,0,1000000,0,111110,0,0,106665600,1066665600,8533324800,8000004,17777764
GIST,all,TF,504571,960,1000000,1.0,960000000,1000000,100000,1000000,0,1000000,0,111110,0,0,106665600,1066665600,8533324800,8000004,17777764
GIST,all,TF,951244,960,1000000,1.0,960000000,1000000,100000,1000000,0,1000000,0,111110,0,0,106665600,1066665600,8533324800,8000004,17777764
GIST,all,TF,220807,960,1000000,1.0,960000000,1000000,100000,1000000,0,1000000,0,111110,0,0,106665600,1066665600,8533324800,8000004,17777764
GIST,all,TF,681257,960,1000000,1.0,960000000,1000000,100000,1000000,0,1000000,0,111110,0,0,106665600,1066665600,8533324800,8000004,17777764
GIST,all,TF,417658,960,1000000,1.0,960000000,1000000,100000,1000000,0,1000000,0,111110,0,0,106665600,1066665600,8533324800,8000004,17777764
GIST,all,TF,266352,960,1000000,1.0,960000000,1000000,100000,1000000,0,1000000,0,111110,0,0,106665600,1066665600,8533324800,8000004,17777764
Deep,all,FR,584510,96,1000000,1.0,96000000,1000000,,1000000,0,1000000,0,0,0,0,0,96000000,768000000,8000004,17777764
Deep,all,FR,860467,96,1000000,1.0,96000000,1000000,,1000000,0,1000000,0,0,0,0,0,96000000,768000000,8000004,17777764
Deep,all,FR,923923,96,1000000,1.0,96000000,1000000,,1000000,0,1000000,0,0,0,0,0,96000000,768000000,8000004,17777764
Deep,all,FR,533409,96,1000000,1.0,96000000,1000000,,1000000,0,1000000,0,0,0,0,0,96000000,768000000,8000004,17777764
Deep,all,FR,220435,96,1000000,1.0,96000000,1000000,,1000000,0,1000000,0,0,0,0,0,96000000,768000000,8000004,17777764
Deep,all,FR,395173,96,1000000,1.0,96000000,1000000,,1000000,0,1000000,0,0,0,0,0,96000000,768000000,8000004,17777764
Deep,all,FR,125555,96,1000000,1.0,96000000,1000000,,1000000,0,1000000,0,0,0,0,0,96000000,768000000,8000004,17777764
Deep,all,FR,37317,96,1000000,1.0,96000000,1000000,,1000000,0,1000000,0,0,0,0,0,96000000,768000000,8000004,17777764
Deep,all,FR,326694,96,1000000,1.0,96000000,1000000,,1000000,0,1000000,0,0,0,0,0,96000000,768000000,8000004,17777764
Deep,all,FR,408325,96,1000000,1.0,96000000,1000000,,1000000,0,1000000,0,0,0,0,0,96000000,768000000,8000004,17777764
Deep,all,FR,928005,96,1000000,1.0,96000000,1000000,,1000000,0,1000000,0,0,0,0,0,96000000,768000000,8000004,17777764
Deep,all,FR,636852,96,1000000,1.0,96000000,1000000,,1000000,0,1000000,0,0,0,0,0,96000000,768000000,8000004,17777764
Deep,all,FR,565201,96,1000000,1.0,96000000,1000000,,1000000,0,1000000,0,0,0,0,0,96000000,768000000,8000004,17777764
Deep,all,FR,416400,96,1000000,1.0,96000000,1000000,,1000000,0,1000000,0,0,0,0,0,96000000,768000000,8000004,17777764
Deep,all,FR,671950,96,1000000,1.0,96000000,1000000,,1000000,0,1000000,0,0,0,0,0,96000000,768000000,8000004,17777764
Deep,all,FR,100598,96,1000000,1.0,96000000,1000000,,1000000,0,1000000,0,0,0,0,0,96000000,768000000,8000004,17777764
Deep,all,FR,130060,96,1000000,1.0,96000000,1000000,,1000000,0,1000000,0,0,0,0,0,96000000,768000000,8000004,17777764
Deep,all,FR,763603,96,1000000,1.0,96000000,1000000,,1000000,0,1000000,0,0,0,0,0,96000000,768000000,8000004,17777764
Deep,all,FR,229656,96,1000000,1.0,96000000,1000000,,1000000,0,1000000,0,0,0,0,0,96000000,768000000,8000004,17777764
Deep,all,FR,854752,96,1000000,1.0,96000000,1000000,,1000000,0,1000000,0,0,0,0,0,96000000,768000000,8000004,17777764
Deep,all,FR,717147,96,1000000,1.0,96000000,1000000,,1000000,0,1000000,0,0,0,0,0,96000000,768000000,8000004,17777764
Deep,all,FR,253796,96,1000000,1.0,96000000,1000000,,1000000,0,1000000,0,0,0,0,0,96000000,768000000,8000004,17777764
Deep,all,FR,594298,96,1000000,1.0,96000000,1000000,,1000000,0,1000000,0,0,0,0,0,96000000,768000000,8000004,17777764
Deep,all,FR,802333,96,1000000,1.0,96000000,1000000,,1000000,0,1000000,0,0,0,0,0,96000000,768000000,8000004,17777764
Deep,all,FR,907497,96,1000000,1.0,96000000,1000000,,1000000,0,1000000,0,0,0,0,0,96000000,768000000,8000004,17777764
Deep,all,FR,970136,96,1000000,1.0,96000000,1000000,,1000000,0,1000000,0,0,0,0,0,96000000,768000000,8000004,17777764
Deep,all,FR,472710,96,1000000,1.0,96000000,1000000,,1000000,0,1000000,0,0,0,0,0,96000000,768000000,8000004,17777764
Deep,all,FR,311434,96,1000000,1.0,96000000,1000000,,1000000,0,1000000,0,0,0,0,0,96000000,768000000,8000004,17777764
Deep,all,FR,152112,96,1000000,1.0,96000000,1000000,,1000000,0,1000000,0,0,0,0,0,96000000,768000000,8000004,17777764
Deep,all,FR,262882,96,1000000,1.0,96000000,1000000,,1000000,0,1000000,0,0,0,0,0,96000000,768000000,8000004,17777764
Deep,all,FR,706522,96,1000000,1.0,96000000,1000000,,1000000,0,1000000,0,0,0,0,0,96000000,768000000,8000004,17777764
Deep,all,FR,832912,96,1000000,1.0,96000000,1000000,,1000000,0,1000000,0,0,0,0,0,96000000,768000000,8000004,17777764
Deep,all,FR,303769,96,1000000,1.0,96000000,1000000,,1000000,0,1000000,0,0,0,0,0,96000000,768000000,8000004,17777764
Deep,all,FR,223701,96,1000000,1.0,96000000,1000000,,1000000,0,1000000,0,0,0,0,0,96000000,768000000,8000004,17777764
Deep,all,FR,809314,96,1000000,1.0,96000000,1000000,,1000000,0,1000000,0,0,0,0,0,96000000,768000000,8000004,17777764
Deep,all,FR,831243,96,1000000,1.0,96000000,1000000,,1000000,0,1000000,0,0,0,0,0,96000000,768000000,8000004,17777764
Deep,all,FR,831746,96,1000000,1.0,96000000,1000000,,1000000,0,1000000,0,0,0,0,0,96000000,768000000,8000004,17777764
Deep,all,FR,314373,96,1000000,1.0,96000000,1000000,,1000000,0,1000000,0,0,0,0,0,96000000,768000000,8000004,17777764
Deep,all,FR,810800,96,1000000,1.0,96000000,1000000,,1000000,0,1000000,0,0,0,0,0,96000000,768000000,8000004,17777764
Deep,all,FR,211855,96,1000000,1.0,96000000,1000000,,1000000,0,1000000,0,0,0,0,0,96000000,768000000,8000004,17777764
Deep,all,FR,533614,96,1000000,1.0,96000000,1000000,,1000000,0,1000000,0,0,0,0,0,96000000,768000000,8000004,17777764
Deep,all,FR,335471,96,1000000,1.0,96000000,1000000,,1000000,0,1000000,0,0,0,0,0,96000000,768000000,8000004,17777764
Deep,all,FR,566134,96,1000000,1.0,96000000,1000000,,1000000,0,1000000,0,0,0,0,0,96000000,768000000,8000004,17777764
Deep,all,FR,738848,96,1000000,1.0,96000000,1000000,,1000000,0,1000000,0,0,0,0,0,96000000,768000000,8000004,17777764
Deep,all,FR,359342,96,1000000,1.0,96000000,1000000,,1000000,0,1000000,0,0,0,0,0,96000000,768000000,8000004,17777764
Deep,all,FR,965210,96,1000000,1.0,96000000,1000000,,1000000,0,1000000,0,0,0,0,0,96000000,768000000,8000004,17777764
Deep,all,FR,928413,96,1000000,1.0,96000000,1000000,,1000000,0,1000000,0,0,0,0,0,96000000,768000000,8000004,17777764
Deep,all,FR,998782,96,1000000,1.0,96000000,1000000,,1000000,0,1000000,0,0,0,0,0,96000000,768000000,8000004,17777764
Deep,all,FR,248373,96,1000000,1.0,96000000,1000000,,1000000,0,1000000,0,0,0,0,0,96000000,768000000,8000004,17777764
Deep,all,FR,113110,96,1000000,1.0,96000000,1000000,,1000000,0,1000000,0,0,0,0,0,96000000,768000000,8000004,17777764
Deep,all,FR,421120,96,1000000,1.0,96000000,1000000,,1000000,0,1000000,0,0,0,0,0,96000000,768000000,8000004,17777764
Deep,all,FR,579626,96,1000000,1.0,96000000,1000000,,1000000,0,1000000,0,0,0,0,0,96000000,768000000,8000004,17777764
Deep,all,FR,997466,96,1000000,1.0,96000000,1000000,,1000000,0,1000000,0,0,0,0,0,96000000,768000000,8000004,17777764
Deep,all,FR,522760,96,1000000,1.0,96000000,1000000,,1000000,0,1000000,0,0,0,0,0,96000000,768000000,8000004,17777764
Deep,all,FR,134930,96,1000000,1.0,96000000,1000000,,1000000,0,1000000,0,0,0,0,0,96000000,768000000,8000004,17777764
Deep,all,FR,786964,96,1000000,1.0,96000000,1000000,,1000000,0,1000000,0,0,0,0,0,96000000,768000000,8000004,17777764
Deep,all,FR,884325,96,1000000,1.0,96000000,1000000,,1000000,0,1000000,0,0,0,0,0,96000000,768000000,8000004,17777764
Deep,all,FR,552447,96,1000000,1.0,96000000,1000000,,1000000,0,1000000,0,0,0,0,0,96000000,768000000,8000004,17777764
Deep,all,FR,504571,96,1000000,1.0,96000000,1000000,,1000000,0,1000000,0,0,0,0,0,96000000,768000000,8000004,17777764
Deep,all,FR,951244,96,1000000,1.0,96000000,1000000,,1000000,0,1000000,0,0,0,0,0,96000000,768000000,8000004,17777764
Deep,all,FR,220807,96,1000000,1.0,96000000,1000000,,1000000,0,1000000,0,0,0,0,0,96000000,768000000,8000004,17777764
Deep,all,FR,681257,96,1000000,1.0,96000000,1000000,,1000000,0,1000000,0,0,0,0,0,96000000,768000000,8000004,17777764
Deep,all,FR,417658,96,1000000,1.0,96000000,1000000,,1000000,0,1000000,0,0,0,0,0,96000000,768000000,8000004,17777764
Deep,all,FR,266352,96,1000000,1.0,96000000,1000000,,1000000,0,1000000,0,0,0,0,0,96000000,768000000,8000004,17777764
Deep,all,FF,584510,96,1000000,1.0,96000000,1000000,,1000000,0,1000000,0,0,0,0,0,96000000,768000000,8000004,17777764
Deep,all,FF,860467,96,1000000,1.0,96000000,1000000,,1000000,0,1000000,0,0,0,0,0,96000000,768000000,8000004,17777764
Deep,all,FF,923923,96,1000000,1.0,96000000,1000000,,1000000,0,1000000,0,0,0,0,0,96000000,768000000,8000004,17777764
Deep,all,FF,533409,96,1000000,1.0,96000000,1000000,,1000000,0,1000000,0,0,0,0,0,96000000,768000000,8000004,17777764
Deep,all,FF,220435,96,1000000,1.0,96000000,1000000,,1000000,0,1000000,0,0,0,0,0,96000000,768000000,8000004,17777764
Deep,all,FF,395173,96,1000000,1.0,96000000,1000000,,1000000,0,1000000,0,0,0,0,0,96000000,768000000,8000004,17777764
Deep,all,FF,125555,96,1000000,1.0,96000000,1000000,,1000000,0,1000000,0,0,0,0,0,96000000,768000000,8000004,17777764
Deep,all,FF,37317,96,1000000,1.0,96000000,1000000,,1000000,0,1000000,0,0,0,0,0,96000000,768000000,8000004,17777764
Deep,all,FF,326694,96,1000000,1.0,96000000,1000000,,1000000,0,1000000,0,0,0,0,0,96000000,768000000,8000004,17777764
Deep,all,FF,408325,96,1000000,1.0,96000000,1000000,,1000000,0,1000000,0,0,0,0,0,96000000,768000000,8000004,17777764
Deep,all,FF,928005,96,1000000,1.0,96000000,1000000,,1000000,0,1000000,0,0,0,0,0,96000000,768000000,8000004,17777764
Deep,all,FF,636852,96,1000000,1.0,96000000,1000000,,1000000,0,1000000,0,0,0,0,0,96000000,768000000,8000004,17777764
Deep,all,FF,565201,96,1000000,1.0,96000000,1000000,,1000000,0,1000000,0,0,0,0,0,96000000,768000000,8000004,17777764
Deep,all,FF,416400,96,1000000,1.0,96000000,1000000,,1000000,0,1000000,0,0,0,0,0,96000000,768000000,8000004,17777764
Deep,all,FF,671950,96,1000000,1.0,96000000,1000000,,1000000,0,1000000,0,0,0,0,0,96000000,768000000,8000004,17777764
Deep,all,FF,100598,96,1000000,1.0,96000000,1000000,,1000000,0,1000000,0,0,0,0,0,96000000,768000000,8000004,17777764
Deep,all,FF,130060,96,1000000,1.0,96000000,1000000,,1000000,0,1000000,0,0,0,0,0,96000000,768000000,8000004,17777764
Deep,all,FF,763603,96,1000000,1.0,96000000,1000000,,1000000,0,1000000,0,0,0,0,0,96000000,768000000,8000004,17777764
Deep,all,FF,229656,96,1000000,1.0,96000000,1000000,,1000000,0,1000000,0,0,0,0,0,96000000,768000000,8000004,17777764
Deep,all,FF,854752,96,1000000,1.0,96000000,1000000,,1000000,0,1000000,0,0,0,0,0,96000000,768000000,8000004,17777764
Deep,all,FF,717147,96,1000000,1.0,96000000,1000000,,1000000,0,1000000,0,0,0,0,0,96000000,768000000,8000004,17777764
Deep,all,FF,253796,96,1000000,1.0,96000000,1000000,,1000000,0,1000000,0,0,0,0,0,96000000,768000000,8000004,17777764
Deep,all,FF,594298,96,1000000,1.0,96000000,1000000,,1000000,0,1000000,0,0,0,0,0,96000000,768000000,8000004,17777764
Deep,all,FF,802333,96,1000000,1.0,96000000,1000000,,1000000,0,1000000,0,0,0,0,0,96000000,768000000,8000004,17777764
Deep,all,FF,907497,96,1000000,1.0,96000000,1000000,,1000000,0,1000000,0,0,0,0,0,96000000,768000000,8000004,17777764
Deep,all,FF,970136,96,1000000,1.0,96000000,1000000,,1000000,0,1000000,0,0,0,0,0,96000000,768000000,8000004,17777764
Deep,all,FF,472710,96,1000000,1.0,96000000,1000000,,1000000,0,1000000,0,0,0,0,0,96000000,768000000,8000004,17777764
Deep,all,FF,311434,96,1000000,1.0,96000000,1000000,,1000000,0,1000000,0,0,0,0,0,96000000,768000000,8000004,17777764
Deep,all,FF,152112,96,1000000,1.0,96000000,1000000,,1000000,0,1000000,0,0,0,0,0,96000000,768000000,8000004,17777764
Deep,all,FF,262882,96,1000000,1.0,96000000,1000000,,1000000,0,1000000,0,0,0,0,0,96000000,768000000,8000004,17777764
Deep,all,FF,706522,96,1000000,1.0,96000000,1000000,,1000000,0,1000000,0,0,0,0,0,96000000,768000000,8000004,17777764
Deep,all,FF,832912,96,1000000,1.0,96000000,1000000,,1000000,0,1000000,0,0,0,0,0,96000000,768000000,8000004,17777764
Deep,all,FF,303769,96,1000000,1.0,96000000,1000000,,1000000,0,1000000,0,0,0,0,0,96000000,768000000,8000004,17777764
Deep,all,FF,223701,96,1000000,1.0,96000000,1000000,,1000000,0,1000000,0,0,0,0,0,96000000,768000000,8000004,17777764
Deep,all,FF,809314,96,1000000,1.0,96000000,1000000,,1000000,0,1000000,0,0,0,0,0,96000000,768000000,8000004,17777764
Deep,all,FF,831243,96,1000000,1.0,96000000,1000000,,1000000,0,1000000,0,0,0,0,0,96000000,768000000,8000004,17777764
Deep,all,FF,831746,96,1000000,1.0,96000000,1000000,,1000000,0,1000000,0,0,0,0,0,96000000,768000000,8000004,17777764
Deep,all,FF,314373,96,1000000,1.0,96000000,1000000,,1000000,0,1000000,0,0,0,0,0,96000000,768000000,8000004,17777764
Deep,all,FF,810800,96,1000000,1.0,96000000,1000000,,1000000,0,1000000,0,0,0,0,0,96000000,768000000,8000004,17777764
Deep,all,FF,211855,96,1000000,1.0,96000000,1000000,,1000000,0,1000000,0,0,0,0,0,96000000,768000000,8000004,17777764
Deep,all,FF,533614,96,1000000,1.0,96000000,1000000,,1000000,0,1000000,0,0,0,0,0,96000000,768000000,8000004,17777764
Deep,all,FF,335471,96,1000000,1.0,96000000,1000000,,1000000,0,1000000,0,0,0,0,0,96000000,768000000,8000004,17777764
Deep,all,FF,566134,96,1000000,1.0,96000000,1000000,,1000000,0,1000000,0,0,0,0,0,96000000,768000000,8000004,17777764
Deep,all,FF,738848,96,1000000,1.0,96000000,1000000,,1000000,0,1000000,0,0,0,0,0,96000000,768000000,8000004,17777764
Deep,all,FF,359342,96,1000000,1.0,96000000,1000000,,1000000,0,1000000,0,0,0,0,0,96000000,768000000,8000004,17777764
Deep,all,FF,965210,96,1000000,1.0,96000000,1000000,,1000000,0,1000000,0,0,0,0,0,96000000,768000000,8000004,17777764
Deep,all,FF,928413,96,1000000,1.0,96000000,1000000,,1000000,0,1000000,0,0,0,0,0,96000000,768000000,8000004,17777764
Deep,all,FF,998782,96,1000000,1.0,96000000,1000000,,1000000,0,1000000,0,0,0,0,0,96000000,768000000,8000004,17777764
Deep,all,FF,248373,96,1000000,1.0,96000000,1000000,,1000000,0,1000000,0,0,0,0,0,96000000,768000000,8000004,17777764
Deep,all,FF,113110,96,1000000,1.0,96000000,1000000,,1000000,0,1000000,0,0,0,0,0,96000000,768000000,8000004,17777764
Deep,all,FF,421120,96,1000000,1.0,96000000,1000000,,1000000,0,1000000,0,0,0,0,0,96000000,768000000,8000004,17777764
Deep,all,FF,579626,96,1000000,1.0,96000000,1000000,,1000000,0,1000000,0,0,0,0,0,96000000,768000000,8000004,17777764
Deep,all,FF,997466,96,1000000,1.0,96000000,1000000,,1000000,0,1000000,0,0,0,0,0,96000000,768000000,8000004,17777764
Deep,all,FF,522760,96,1000000,1.0,96000000,1000000,,1000000,0,1000000,0,0,0,0,0,96000000,768000000,8000004,17777764
Deep,all,FF,134930,96,1000000,1.0,96000000,1000000,,1000000,0,1000000,0,0,0,0,0,96000000,768000000,8000004,17777764
Deep,all,FF,786964,96,1000000,1.0,96000000,1000000,,1000000,0,1000000,0,0,0,0,0,96000000,768000000,8000004,17777764
Deep,all,FF,884325,96,1000000,1.0,96000000,1000000,,1000000,0,1000000,0,0,0,0,0,96000000,768000000,8000004,17777764
Deep,all,FF,552447,96,1000000,1.0,96000000,1000000,,1000000,0,1000000,0,0,0,0,0,96000000,768000000,8000004,17777764
Deep,all,FF,504571,96,1000000,1.0,96000000,1000000,,1000000,0,1000000,0,0,0,0,0,96000000,768000000,8000004,17777764
Deep,all,FF,951244,96,1000000,1.0,96000000,1000000,,1000000,0,1000000,0,0,0,0,0,96000000,768000000,8000004,17777764
Deep,all,FF,220807,96,1000000,1.0,96000000,1000000,,1000000,0,1000000,0,0,0,0,0,96000000,768000000,8000004,17777764
Deep,all,FF,681257,96,1000000,1.0,96000000,1000000,,1000000,0,1000000,0,0,0,0,0,96000000,768000000,8000004,17777764
Deep,all,FF,417658,96,1000000,1.0,96000000,1000000,,1000000,0,1000000,0,0,0,0,0,96000000,768000000,8000004,17777764
Deep,all,FF,266352,96,1000000,1.0,96000000,1000000,,1000000,0,1000000,0,0,0,0,0,96000000,768000000,8000004,17777764
Deep,all,CR1,584510,96,1000000,1.0,96000000,1000000,,1000000,0,1000000,0,10,10,0,960,96000960,768007680,8000004,17777764
Deep,all,CR1,860467,96,1000000,1.0,96000000,1000000,,1000000,0,1000000,0,10,10,0,960,96000960,768007680,8000004,17777764
Deep,all,CR1,923923,96,1000000,1.0,96000000,1000000,,1000000,0,1000000,0,10,10,0,960,96000960,768007680,8000004,17777764
Deep,all,CR1,533409,96,1000000,1.0,96000000,1000000,,1000000,0,1000000,0,10,10,0,960,96000960,768007680,8000004,17777764
Deep,all,CR1,220435,96,1000000,1.0,96000000,1000000,,1000000,0,1000000,0,10,10,0,960,96000960,768007680,8000004,17777764
Deep,all,CR1,395173,96,1000000,1.0,96000000,1000000,,1000000,0,1000000,0,10,10,0,960,96000960,768007680,8000004,17777764
Deep,all,CR1,125555,96,1000000,1.0,96000000,1000000,,1000000,0,1000000,0,10,10,0,960,96000960,768007680,8000004,17777764
Deep,all,CR1,37317,96,1000000,1.0,96000000,1000000,,1000000,0,1000000,0,10,10,0,960,96000960,768007680,8000004,17777764
Deep,all,CR1,326694,96,1000000,1.0,96000000,1000000,,1000000,0,1000000,0,10,10,0,960,96000960,768007680,8000004,17777764
Deep,all,CR1,408325,96,1000000,1.0,96000000,1000000,,1000000,0,1000000,0,10,10,0,960,96000960,768007680,8000004,17777764
Deep,all,CR1,928005,96,1000000,1.0,96000000,1000000,,1000000,0,1000000,0,10,10,0,960,96000960,768007680,8000004,17777764
Deep,all,CR1,636852,96,1000000,1.0,96000000,1000000,,1000000,0,1000000,0,10,10,0,960,96000960,768007680,8000004,17777764
Deep,all,CR1,565201,96,1000000,1.0,96000000,1000000,,1000000,0,1000000,0,10,10,0,960,96000960,768007680,8000004,17777764
Deep,all,CR1,416400,96,1000000,1.0,96000000,1000000,,1000000,0,1000000,0,10,10,0,960,96000960,768007680,8000004,17777764
Deep,all,CR1,671950,96,1000000,1.0,96000000,1000000,,1000000,0,1000000,0,10,10,0,960,96000960,768007680,8000004,17777764
Deep,all,CR1,100598,96,1000000,1.0,96000000,1000000,,1000000,0,1000000,0,10,10,0,960,96000960,768007680,8000004,17777764
Deep,all,CR1,130060,96,1000000,1.0,96000000,1000000,,1000000,0,1000000,0,10,10,0,960,96000960,768007680,8000004,17777764
Deep,all,CR1,763603,96,1000000,1.0,96000000,1000000,,1000000,0,1000000,0,10,10,0,960,96000960,768007680,8000004,17777764
Deep,all,CR1,229656,96,1000000,1.0,96000000,1000000,,1000000,0,1000000,0,10,10,0,960,96000960,768007680,8000004,17777764
Deep,all,CR1,854752,96,1000000,1.0,96000000,1000000,,1000000,0,1000000,0,10,10,0,960,96000960,768007680,8000004,17777764
Deep,all,CR1,717147,96,1000000,1.0,96000000,1000000,,1000000,0,1000000,0,10,10,0,960,96000960,768007680,8000004,17777764
Deep,all,CR1,253796,96,1000000,1.0,96000000,1000000,,1000000,0,1000000,0,10,10,0,960,96000960,768007680,8000004,17777764
Deep,all,CR1,594298,96,1000000,1.0,96000000,1000000,,1000000,0,1000000,0,10,10,0,960,96000960,768007680,8000004,17777764
Deep,all,CR1,802333,96,1000000,1.0,96000000,1000000,,1000000,0,1000000,0,10,10,0,960,96000960,768007680,8000004,17777764
Deep,all,CR1,907497,96,1000000,1.0,96000000,1000000,,1000000,0,1000000,0,10,10,0,960,96000960,768007680,8000004,17777764
Deep,all,CR1,970136,96,1000000,1.0,96000000,1000000,,1000000,0,1000000,0,10,10,0,960,96000960,768007680,8000004,17777764
Deep,all,CR1,472710,96,1000000,1.0,96000000,1000000,,1000000,0,1000000,0,10,10,0,960,96000960,768007680,8000004,17777764
Deep,all,CR1,311434,96,1000000,1.0,96000000,1000000,,1000000,0,1000000,0,10,10,0,960,96000960,768007680,8000004,17777764
Deep,all,CR1,152112,96,1000000,1.0,96000000,1000000,,1000000,0,1000000,0,10,10,0,960,96000960,768007680,8000004,17777764
Deep,all,CR1,262882,96,1000000,1.0,96000000,1000000,,1000000,0,1000000,0,10,10,0,960,96000960,768007680,8000004,17777764
Deep,all,CR1,706522,96,1000000,1.0,96000000,1000000,,1000000,0,1000000,0,10,10,0,960,96000960,768007680,8000004,17777764
Deep,all,CR1,832912,96,1000000,1.0,96000000,1000000,,1000000,0,1000000,0,10,10,0,960,96000960,768007680,8000004,17777764
Deep,all,CR1,303769,96,1000000,1.0,96000000,1000000,,1000000,0,1000000,0,10,10,0,960,96000960,768007680,8000004,17777764
Deep,all,CR1,223701,96,1000000,1.0,96000000,1000000,,1000000,0,1000000,0,10,10,0,960,96000960,768007680,8000004,17777764
Deep,all,CR1,809314,96,1000000,1.0,96000000,1000000,,1000000,0,1000000,0,10,10,0,960,96000960,768007680,8000004,17777764
Deep,all,CR1,831243,96,1000000,1.0,96000000,1000000,,1000000,0,1000000,0,10,10,0,960,96000960,768007680,8000004,17777764
Deep,all,CR1,831746,96,1000000,1.0,96000000,1000000,,1000000,0,1000000,0,10,10,0,960,96000960,768007680,8000004,17777764
Deep,all,CR1,314373,96,1000000,1.0,96000000,1000000,,1000000,0,1000000,0,10,10,0,960,96000960,768007680,8000004,17777764
Deep,all,CR1,810800,96,1000000,1.0,96000000,1000000,,1000000,0,1000000,0,10,10,0,960,96000960,768007680,8000004,17777764
Deep,all,CR1,211855,96,1000000,1.0,96000000,1000000,,1000000,0,1000000,0,10,10,0,960,96000960,768007680,8000004,17777764
Deep,all,CR1,533614,96,1000000,1.0,96000000,1000000,,1000000,0,1000000,0,10,10,0,960,96000960,768007680,8000004,17777764
Deep,all,CR1,335471,96,1000000,1.0,96000000,1000000,,1000000,0,1000000,0,10,10,0,960,96000960,768007680,8000004,17777764
Deep,all,CR1,566134,96,1000000,1.0,96000000,1000000,,1000000,0,1000000,0,10,10,0,960,96000960,768007680,8000004,17777764
Deep,all,CR1,738848,96,1000000,1.0,96000000,1000000,,1000000,0,1000000,0,10,10,0,960,96000960,768007680,8000004,17777764
Deep,all,CR1,359342,96,1000000,1.0,96000000,1000000,,1000000,0,1000000,0,10,10,0,960,96000960,768007680,8000004,17777764
Deep,all,CR1,965210,96,1000000,1.0,96000000,1000000,,1000000,0,1000000,0,10,10,0,960,96000960,768007680,8000004,17777764
Deep,all,CR1,928413,96,1000000,1.0,96000000,1000000,,1000000,0,1000000,0,10,10,0,960,96000960,768007680,8000004,17777764
Deep,all,CR1,998782,96,1000000,1.0,96000000,1000000,,1000000,0,1000000,0,10,10,0,960,96000960,768007680,8000004,17777764
Deep,all,CR1,248373,96,1000000,1.0,96000000,1000000,,1000000,0,1000000,0,10,10,0,960,96000960,768007680,8000004,17777764
Deep,all,CR1,113110,96,1000000,1.0,96000000,1000000,,1000000,0,1000000,0,10,10,0,960,96000960,768007680,8000004,17777764
Deep,all,CR1,421120,96,1000000,1.0,96000000,1000000,,1000000,0,1000000,0,10,10,0,960,96000960,768007680,8000004,17777764
Deep,all,CR1,579626,96,1000000,1.0,96000000,1000000,,1000000,0,1000000,0,10,10,0,960,96000960,768007680,8000004,17777764
Deep,all,CR1,997466,96,1000000,1.0,96000000,1000000,,1000000,0,1000000,0,10,10,0,960,96000960,768007680,8000004,17777764
Deep,all,CR1,522760,96,1000000,1.0,96000000,1000000,,1000000,0,1000000,0,10,10,0,960,96000960,768007680,8000004,17777764
Deep,all,CR1,134930,96,1000000,1.0,96000000,1000000,,1000000,0,1000000,0,10,10,0,960,96000960,768007680,8000004,17777764
Deep,all,CR1,786964,96,1000000,1.0,96000000,1000000,,1000000,0,1000000,0,10,10,0,960,96000960,768007680,8000004,17777764
Deep,all,CR1,884325,96,1000000,1.0,96000000,1000000,,1000000,0,1000000,0,10,10,0,960,96000960,768007680,8000004,17777764
Deep,all,CR1,552447,96,1000000,1.0,96000000,1000000,,1000000,0,1000000,0,10,10,0,960,96000960,768007680,8000004,17777764
Deep,all,CR1,504571,96,1000000,1.0,96000000,1000000,,1000000,0,1000000,0,10,10,0,960,96000960,768007680,8000004,17777764
Deep,all,CR1,951244,96,1000000,1.0,96000000,1000000,,1000000,0,1000000,0,10,10,0,960,96000960,768007680,8000004,17777764
Deep,all,CR1,220807,96,1000000,1.0,96000000,1000000,,1000000,0,1000000,0,10,10,0,960,96000960,768007680,8000004,17777764
Deep,all,CR1,681257,96,1000000,1.0,96000000,1000000,,1000000,0,1000000,0,10,10,0,960,96000960,768007680,8000004,17777764
Deep,all,CR1,417658,96,1000000,1.0,96000000,1000000,,1000000,0,1000000,0,10,10,0,960,96000960,768007680,8000004,17777764
Deep,all,CR1,266352,96,1000000,1.0,96000000,1000000,,1000000,0,1000000,0,10,10,0,960,96000960,768007680,8000004,17777764
Deep,all,CF1,584510,96,1000000,1.0,96000000,1000000,,1000000,0,1000000,0,10,0,0,960,96000960,768007680,8000004,17777764
Deep,all,CF1,860467,96,1000000,1.0,96000000,1000000,,1000000,0,1000000,0,10,0,0,960,96000960,768007680,8000004,17777764
Deep,all,CF1,923923,96,1000000,1.0,96000000,1000000,,1000000,0,1000000,0,10,0,0,960,96000960,768007680,8000004,17777764
Deep,all,CF1,533409,96,1000000,1.0,96000000,1000000,,1000000,0,1000000,0,10,0,0,960,96000960,768007680,8000004,17777764
Deep,all,CF1,220435,96,1000000,1.0,96000000,1000000,,1000000,0,1000000,0,10,0,0,960,96000960,768007680,8000004,17777764
Deep,all,CF1,395173,96,1000000,1.0,96000000,1000000,,1000000,0,1000000,0,10,0,0,960,96000960,768007680,8000004,17777764
Deep,all,CF1,125555,96,1000000,1.0,96000000,1000000,,1000000,0,1000000,0,10,0,0,960,96000960,768007680,8000004,17777764
Deep,all,CF1,37317,96,1000000,1.0,96000000,1000000,,1000000,0,1000000,0,10,0,0,960,96000960,768007680,8000004,17777764
Deep,all,CF1,326694,96,1000000,1.0,96000000,1000000,,1000000,0,1000000,0,10,0,0,960,96000960,768007680,8000004,17777764
Deep,all,CF1,408325,96,1000000,1.0,96000000,1000000,,1000000,0,1000000,0,10,0,0,960,96000960,768007680,8000004,17777764
Deep,all,CF1,928005,96,1000000,1.0,96000000,1000000,,1000000,0,1000000,0,10,0,0,960,96000960,768007680,8000004,17777764
Deep,all,CF1,636852,96,1000000,1.0,96000000,1000000,,1000000,0,1000000,0,10,0,0,960,96000960,768007680,8000004,17777764
Deep,all,CF1,565201,96,1000000,1.0,96000000,1000000,,1000000,0,1000000,0,10,0,0,960,96000960,768007680,8000004,17777764
Deep,all,CF1,416400,96,1000000,1.0,96000000,1000000,,1000000,0,1000000,0,10,0,0,960,96000960,768007680,8000004,17777764
Deep,all,CF1,671950,96,1000000,1.0,96000000,1000000,,1000000,0,1000000,0,10,0,0,960,96000960,768007680,8000004,17777764
Deep,all,CF1,100598,96,1000000,1.0,96000000,1000000,,1000000,0,1000000,0,10,0,0,960,96000960,768007680,8000004,17777764
Deep,all,CF1,130060,96,1000000,1.0,96000000,1000000,,1000000,0,1000000,0,10,0,0,960,96000960,768007680,8000004,17777764
Deep,all,CF1,763603,96,1000000,1.0,96000000,1000000,,1000000,0,1000000,0,10,0,0,960,96000960,768007680,8000004,17777764
Deep,all,CF1,229656,96,1000000,1.0,96000000,1000000,,1000000,0,1000000,0,10,0,0,960,96000960,768007680,8000004,17777764
Deep,all,CF1,854752,96,1000000,1.0,96000000,1000000,,1000000,0,1000000,0,10,0,0,960,96000960,768007680,8000004,17777764
Deep,all,CF1,717147,96,1000000,1.0,96000000,1000000,,1000000,0,1000000,0,10,0,0,960,96000960,768007680,8000004,17777764
Deep,all,CF1,253796,96,1000000,1.0,96000000,1000000,,1000000,0,1000000,0,10,0,0,960,96000960,768007680,8000004,17777764
Deep,all,CF1,594298,96,1000000,1.0,96000000,1000000,,1000000,0,1000000,0,10,0,0,960,96000960,768007680,8000004,17777764
Deep,all,CF1,802333,96,1000000,1.0,96000000,1000000,,1000000,0,1000000,0,10,0,0,960,96000960,768007680,8000004,17777764
Deep,all,CF1,907497,96,1000000,1.0,96000000,1000000,,1000000,0,1000000,0,10,0,0,960,96000960,768007680,8000004,17777764
Deep,all,CF1,970136,96,1000000,1.0,96000000,1000000,,1000000,0,1000000,0,10,0,0,960,96000960,768007680,8000004,17777764
Deep,all,CF1,472710,96,1000000,1.0,96000000,1000000,,1000000,0,1000000,0,10,0,0,960,96000960,768007680,8000004,17777764
Deep,all,CF1,311434,96,1000000,1.0,96000000,1000000,,1000000,0,1000000,0,10,0,0,960,96000960,768007680,8000004,17777764
Deep,all,CF1,152112,96,1000000,1.0,96000000,1000000,,1000000,0,1000000,0,10,0,0,960,96000960,768007680,8000004,17777764
Deep,all,CF1,262882,96,1000000,1.0,96000000,1000000,,1000000,0,1000000,0,10,0,0,960,96000960,768007680,8000004,17777764
Deep,all,CF1,706522,96,1000000,1.0,96000000,1000000,,1000000,0,1000000,0,10,0,0,960,96000960,768007680,8000004,17777764
Deep,all,CF1,832912,96,1000000,1.0,96000000,1000000,,1000000,0,1000000,0,10,0,0,960,96000960,768007680,8000004,17777764
Deep,all,CF1,303769,96,1000000,1.0,96000000,1000000,,1000000,0,1000000,0,10,0,0,960,96000960,768007680,8000004,17777764
Deep,all,CF1,223701,96,1000000,1.0,96000000,1000000,,1000000,0,1000000,0,10,0,0,960,96000960,768007680,8000004,17777764
Deep,all,CF1,809314,96,1000000,1.0,96000000,1000000,,1000000,0,1000000,0,10,0,0,960,96000960,768007680,8000004,17777764
Deep,all,CF1,831243,96,1000000,1.0,96000000,1000000,,1000000,0,1000000,0,10,0,0,960,96000960,768007680,8000004,17777764
Deep,all,CF1,831746,96,1000000,1.0,96000000,1000000,,1000000,0,1000000,0,10,0,0,960,96000960,768007680,8000004,17777764
Deep,all,CF1,314373,96,1000000,1.0,96000000,1000000,,1000000,0,1000000,0,10,0,0,960,96000960,768007680,8000004,17777764
Deep,all,CF1,810800,96,1000000,1.0,96000000,1000000,,1000000,0,1000000,0,10,0,0,960,96000960,768007680,8000004,17777764
Deep,all,CF1,211855,96,1000000,1.0,96000000,1000000,,1000000,0,1000000,0,10,0,0,960,96000960,768007680,8000004,17777764
Deep,all,CF1,533614,96,1000000,1.0,96000000,1000000,,1000000,0,1000000,0,10,0,0,960,96000960,768007680,8000004,17777764
Deep,all,CF1,335471,96,1000000,1.0,96000000,1000000,,1000000,0,1000000,0,10,0,0,960,96000960,768007680,8000004,17777764
Deep,all,CF1,566134,96,1000000,1.0,96000000,1000000,,1000000,0,1000000,0,10,0,0,960,96000960,768007680,8000004,17777764
Deep,all,CF1,738848,96,1000000,1.0,96000000,1000000,,1000000,0,1000000,0,10,0,0,960,96000960,768007680,8000004,17777764
Deep,all,CF1,359342,96,1000000,1.0,96000000,1000000,,1000000,0,1000000,0,10,0,0,960,96000960,768007680,8000004,17777764
Deep,all,CF1,965210,96,1000000,1.0,96000000,1000000,,1000000,0,1000000,0,10,0,0,960,96000960,768007680,8000004,17777764
Deep,all,CF1,928413,96,1000000,1.0,96000000,1000000,,1000000,0,1000000,0,10,0,0,960,96000960,768007680,8000004,17777764
Deep,all,CF1,998782,96,1000000,1.0,96000000,1000000,,1000000,0,1000000,0,10,0,0,960,96000960,768007680,8000004,17777764
Deep,all,CF1,248373,96,1000000,1.0,96000000,1000000,,1000000,0,1000000,0,10,0,0,960,96000960,768007680,8000004,17777764
Deep,all,CF1,113110,96,1000000,1.0,96000000,1000000,,1000000,0,1000000,0,10,0,0,960,96000960,768007680,8000004,17777764
Deep,all,CF1,421120,96,1000000,1.0,96000000,1000000,,1000000,0,1000000,0,10,0,0,960,96000960,768007680,8000004,17777764
Deep,all,CF1,579626,96,1000000,1.0,96000000,1000000,,1000000,0,1000000,0,10,0,0,960,96000960,768007680,8000004,17777764
Deep,all,CF1,997466,96,1000000,1.0,96000000,1000000,,1000000,0,1000000,0,10,0,0,960,96000960,768007680,8000004,17777764
Deep,all,CF1,522760,96,1000000,1.0,96000000,1000000,,1000000,0,1000000,0,10,0,0,960,96000960,768007680,8000004,17777764
Deep,all,CF1,134930,96,1000000,1.0,96000000,1000000,,1000000,0,1000000,0,10,0,0,960,96000960,768007680,8000004,17777764
Deep,all,CF1,786964,96,1000000,1.0,96000000,1000000,,1000000,0,1000000,0,10,0,0,960,96000960,768007680,8000004,17777764
Deep,all,CF1,884325,96,1000000,1.0,96000000,1000000,,1000000,0,1000000,0,10,0,0,960,96000960,768007680,8000004,17777764
Deep,all,CF1,552447,96,1000000,1.0,96000000,1000000,,1000000,0,1000000,0,10,0,0,960,96000960,768007680,8000004,17777764
Deep,all,CF1,504571,96,1000000,1.0,96000000,1000000,,1000000,0,1000000,0,10,0,0,960,96000960,768007680,8000004,17777764
Deep,all,CF1,951244,96,1000000,1.0,96000000,1000000,,1000000,0,1000000,0,10,0,0,960,96000960,768007680,8000004,17777764
Deep,all,CF1,220807,96,1000000,1.0,96000000,1000000,,1000000,0,1000000,0,10,0,0,960,96000960,768007680,8000004,17777764
Deep,all,CF1,681257,96,1000000,1.0,96000000,1000000,,1000000,0,1000000,0,10,0,0,960,96000960,768007680,8000004,17777764
Deep,all,CF1,417658,96,1000000,1.0,96000000,1000000,,1000000,0,1000000,0,10,0,0,960,96000960,768007680,8000004,17777764
Deep,all,CF1,266352,96,1000000,1.0,96000000,1000000,,1000000,0,1000000,0,10,0,0,960,96000960,768007680,8000004,17777764
Deep,all,TR,584510,96,1000000,1.0,96000000,1000000,100000,1000000,0,1000000,0,111110,111110,0,10666560,106666560,853332480,8000004,17777764
Deep,all,TR,860467,96,1000000,1.0,96000000,1000000,100000,1000000,0,1000000,0,111110,111110,0,10666560,106666560,853332480,8000004,17777764
Deep,all,TR,923923,96,1000000,1.0,96000000,1000000,100000,1000000,0,1000000,0,111110,111110,0,10666560,106666560,853332480,8000004,17777764
Deep,all,TR,533409,96,1000000,1.0,96000000,1000000,100000,1000000,0,1000000,0,111110,111110,0,10666560,106666560,853332480,8000004,17777764
Deep,all,TR,220435,96,1000000,1.0,96000000,1000000,100000,1000000,0,1000000,0,111110,111110,0,10666560,106666560,853332480,8000004,17777764
Deep,all,TR,395173,96,1000000,1.0,96000000,1000000,100000,1000000,0,1000000,0,111110,111110,0,10666560,106666560,853332480,8000004,17777764
Deep,all,TR,125555,96,1000000,1.0,96000000,1000000,100000,1000000,0,1000000,0,111110,111110,0,10666560,106666560,853332480,8000004,17777764
Deep,all,TR,37317,96,1000000,1.0,96000000,1000000,100000,1000000,0,1000000,0,111110,111110,0,10666560,106666560,853332480,8000004,17777764
Deep,all,TR,326694,96,1000000,1.0,96000000,1000000,100000,1000000,0,1000000,0,111110,111110,0,10666560,106666560,853332480,8000004,17777764
Deep,all,TR,408325,96,1000000,1.0,96000000,1000000,100000,1000000,0,1000000,0,111110,111110,0,10666560,106666560,853332480,8000004,17777764
Deep,all,TR,928005,96,1000000,1.0,96000000,1000000,100000,1000000,0,1000000,0,111110,111110,0,10666560,106666560,853332480,8000004,17777764
Deep,all,TR,636852,96,1000000,1.0,96000000,1000000,100000,1000000,0,1000000,0,111110,111110,0,10666560,106666560,853332480,8000004,17777764
Deep,all,TR,565201,96,1000000,1.0,96000000,1000000,100000,1000000,0,1000000,0,111110,111110,0,10666560,106666560,853332480,8000004,17777764
Deep,all,TR,416400,96,1000000,1.0,96000000,1000000,100000,1000000,0,1000000,0,111110,111110,0,10666560,106666560,853332480,8000004,17777764
Deep,all,TR,671950,96,1000000,1.0,96000000,1000000,100000,1000000,0,1000000,0,111110,111110,0,10666560,106666560,853332480,8000004,17777764
Deep,all,TR,100598,96,1000000,1.0,96000000,1000000,100000,1000000,0,1000000,0,111110,111110,0,10666560,106666560,853332480,8000004,17777764
Deep,all,TR,130060,96,1000000,1.0,96000000,1000000,100000,1000000,0,1000000,0,111110,111110,0,10666560,106666560,853332480,8000004,17777764
Deep,all,TR,763603,96,1000000,1.0,96000000,1000000,100000,1000000,0,1000000,0,111110,111110,0,10666560,106666560,853332480,8000004,17777764
Deep,all,TR,229656,96,1000000,1.0,96000000,1000000,100000,1000000,0,1000000,0,111110,111110,0,10666560,106666560,853332480,8000004,17777764
Deep,all,TR,854752,96,1000000,1.0,96000000,1000000,100000,1000000,0,1000000,0,111110,111110,0,10666560,106666560,853332480,8000004,17777764
Deep,all,TR,717147,96,1000000,1.0,96000000,1000000,100000,1000000,0,1000000,0,111110,111110,0,10666560,106666560,853332480,8000004,17777764
Deep,all,TR,253796,96,1000000,1.0,96000000,1000000,100000,1000000,0,1000000,0,111110,111110,0,10666560,106666560,853332480,8000004,17777764
Deep,all,TR,594298,96,1000000,1.0,96000000,1000000,100000,1000000,0,1000000,0,111110,111110,0,10666560,106666560,853332480,8000004,17777764
Deep,all,TR,802333,96,1000000,1.0,96000000,1000000,100000,1000000,0,1000000,0,111110,111110,0,10666560,106666560,853332480,8000004,17777764
Deep,all,TR,907497,96,1000000,1.0,96000000,1000000,100000,1000000,0,1000000,0,111110,111110,0,10666560,106666560,853332480,8000004,17777764
Deep,all,TR,970136,96,1000000,1.0,96000000,1000000,100000,1000000,0,1000000,0,111110,111110,0,10666560,106666560,853332480,8000004,17777764
Deep,all,TR,472710,96,1000000,1.0,96000000,1000000,100000,1000000,0,1000000,0,111110,111110,0,10666560,106666560,853332480,8000004,17777764
Deep,all,TR,311434,96,1000000,1.0,96000000,1000000,100000,1000000,0,1000000,0,111110,111110,0,10666560,106666560,853332480,8000004,17777764
Deep,all,TR,152112,96,1000000,1.0,96000000,1000000,100000,1000000,0,1000000,0,111110,111110,0,10666560,106666560,853332480,8000004,17777764
Deep,all,TR,262882,96,1000000,1.0,96000000,1000000,100000,1000000,0,1000000,0,111110,111110,0,10666560,106666560,853332480,8000004,17777764
Deep,all,TR,706522,96,1000000,1.0,96000000,1000000,100000,1000000,0,1000000,0,111110,111110,0,10666560,106666560,853332480,8000004,17777764
Deep,all,TR,832912,96,1000000,1.0,96000000,1000000,100000,1000000,0,1000000,0,111110,111110,0,10666560,106666560,853332480,8000004,17777764
Deep,all,TR,303769,96,1000000,1.0,96000000,1000000,100000,1000000,0,1000000,0,111110,111110,0,10666560,106666560,853332480,8000004,17777764
Deep,all,TR,223701,96,1000000,1.0,96000000,1000000,100000,1000000,0,1000000,0,111110,111110,0,10666560,106666560,853332480,8000004,17777764
Deep,all,TR,809314,96,1000000,1.0,96000000,1000000,100000,1000000,0,1000000,0,111110,111110,0,10666560,106666560,853332480,8000004,17777764
Deep,all,TR,831243,96,1000000,1.0,96000000,1000000,100000,1000000,0,1000000,0,111110,111110,0,10666560,106666560,853332480,8000004,17777764
Deep,all,TR,831746,96,1000000,1.0,96000000,1000000,100000,1000000,0,1000000,0,111110,111110,0,10666560,106666560,853332480,8000004,17777764
Deep,all,TR,314373,96,1000000,1.0,96000000,1000000,100000,1000000,0,1000000,0,111110,111110,0,10666560,106666560,853332480,8000004,17777764
Deep,all,TR,810800,96,1000000,1.0,96000000,1000000,100000,1000000,0,1000000,0,111110,111110,0,10666560,106666560,853332480,8000004,17777764
Deep,all,TR,211855,96,1000000,1.0,96000000,1000000,100000,1000000,0,1000000,0,111110,111110,0,10666560,106666560,853332480,8000004,17777764
Deep,all,TR,533614,96,1000000,1.0,96000000,1000000,100000,1000000,0,1000000,0,111110,111110,0,10666560,106666560,853332480,8000004,17777764
Deep,all,TR,335471,96,1000000,1.0,96000000,1000000,100000,1000000,0,1000000,0,111110,111110,0,10666560,106666560,853332480,8000004,17777764
Deep,all,TR,566134,96,1000000,1.0,96000000,1000000,100000,1000000,0,1000000,0,111110,111110,0,10666560,106666560,853332480,8000004,17777764
Deep,all,TR,738848,96,1000000,1.0,96000000,1000000,100000,1000000,0,1000000,0,111110,111110,0,10666560,106666560,853332480,8000004,17777764
Deep,all,TR,359342,96,1000000,1.0,96000000,1000000,100000,1000000,0,1000000,0,111110,111110,0,10666560,106666560,853332480,8000004,17777764
Deep,all,TR,965210,96,1000000,1.0,96000000,1000000,100000,1000000,0,1000000,0,111110,111110,0,10666560,106666560,853332480,8000004,17777764
Deep,all,TR,928413,96,1000000,1.0,96000000,1000000,100000,1000000,0,1000000,0,111110,111110,0,10666560,106666560,853332480,8000004,17777764
Deep,all,TR,998782,96,1000000,1.0,96000000,1000000,100000,1000000,0,1000000,0,111110,111110,0,10666560,106666560,853332480,8000004,17777764
Deep,all,TR,248373,96,1000000,1.0,96000000,1000000,100000,1000000,0,1000000,0,111110,111110,0,10666560,106666560,853332480,8000004,17777764
Deep,all,TR,113110,96,1000000,1.0,96000000,1000000,100000,1000000,0,1000000,0,111110,111110,0,10666560,106666560,853332480,8000004,17777764
Deep,all,TR,421120,96,1000000,1.0,96000000,1000000,100000,1000000,0,1000000,0,111110,111110,0,10666560,106666560,853332480,8000004,17777764
Deep,all,TR,579626,96,1000000,1.0,96000000,1000000,100000,1000000,0,1000000,0,111110,111110,0,10666560,106666560,853332480,8000004,17777764
Deep,all,TR,997466,96,1000000,1.0,96000000,1000000,100000,1000000,0,1000000,0,111110,111110,0,10666560,106666560,853332480,8000004,17777764
Deep,all,TR,522760,96,1000000,1.0,96000000,1000000,100000,1000000,0,1000000,0,111110,111110,0,10666560,106666560,853332480,8000004,17777764
Deep,all,TR,134930,96,1000000,1.0,96000000,1000000,100000,1000000,0,1000000,0,111110,111110,0,10666560,106666560,853332480,8000004,17777764
Deep,all,TR,786964,96,1000000,1.0,96000000,1000000,100000,1000000,0,1000000,0,111110,111110,0,10666560,106666560,853332480,8000004,17777764
Deep,all,TR,884325,96,1000000,1.0,96000000,1000000,100000,1000000,0,1000000,0,111110,111110,0,10666560,106666560,853332480,8000004,17777764
Deep,all,TR,552447,96,1000000,1.0,96000000,1000000,100000,1000000,0,1000000,0,111110,111110,0,10666560,106666560,853332480,8000004,17777764
Deep,all,TR,504571,96,1000000,1.0,96000000,1000000,100000,1000000,0,1000000,0,111110,111110,0,10666560,106666560,853332480,8000004,17777764
Deep,all,TR,951244,96,1000000,1.0,96000000,1000000,100000,1000000,0,1000000,0,111110,111110,0,10666560,106666560,853332480,8000004,17777764
Deep,all,TR,220807,96,1000000,1.0,96000000,1000000,100000,1000000,0,1000000,0,111110,111110,0,10666560,106666560,853332480,8000004,17777764
Deep,all,TR,681257,96,1000000,1.0,96000000,1000000,100000,1000000,0,1000000,0,111110,111110,0,10666560,106666560,853332480,8000004,17777764
Deep,all,TR,417658,96,1000000,1.0,96000000,1000000,100000,1000000,0,1000000,0,111110,111110,0,10666560,106666560,853332480,8000004,17777764
Deep,all,TR,266352,96,1000000,1.0,96000000,1000000,100000,1000000,0,1000000,0,111110,111110,0,10666560,106666560,853332480,8000004,17777764
Deep,all,TF,584510,96,1000000,1.0,96000000,1000000,100000,1000000,0,1000000,0,111110,0,0,10666560,106666560,853332480,8000004,17777764
Deep,all,TF,860467,96,1000000,1.0,96000000,1000000,100000,1000000,0,1000000,0,111110,0,0,10666560,106666560,853332480,8000004,17777764
Deep,all,TF,923923,96,1000000,1.0,96000000,1000000,100000,1000000,0,1000000,0,111110,0,0,10666560,106666560,853332480,8000004,17777764
Deep,all,TF,533409,96,1000000,1.0,96000000,1000000,100000,1000000,0,1000000,0,111110,0,0,10666560,106666560,853332480,8000004,17777764
Deep,all,TF,220435,96,1000000,1.0,96000000,1000000,100000,1000000,0,1000000,0,111110,0,0,10666560,106666560,853332480,8000004,17777764
Deep,all,TF,395173,96,1000000,1.0,96000000,1000000,100000,1000000,0,1000000,0,111110,0,0,10666560,106666560,853332480,8000004,17777764
Deep,all,TF,125555,96,1000000,1.0,96000000,1000000,100000,1000000,0,1000000,0,111110,0,0,10666560,106666560,853332480,8000004,17777764
Deep,all,TF,37317,96,1000000,1.0,96000000,1000000,100000,1000000,0,1000000,0,111110,0,0,10666560,106666560,853332480,8000004,17777764
Deep,all,TF,326694,96,1000000,1.0,96000000,1000000,100000,1000000,0,1000000,0,111110,0,0,10666560,106666560,853332480,8000004,17777764
Deep,all,TF,408325,96,1000000,1.0,96000000,1000000,100000,1000000,0,1000000,0,111110,0,0,10666560,106666560,853332480,8000004,17777764
Deep,all,TF,928005,96,1000000,1.0,96000000,1000000,100000,1000000,0,1000000,0,111110,0,0,10666560,106666560,853332480,8000004,17777764
Deep,all,TF,636852,96,1000000,1.0,96000000,1000000,100000,1000000,0,1000000,0,111110,0,0,10666560,106666560,853332480,8000004,17777764
Deep,all,TF,565201,96,1000000,1.0,96000000,1000000,100000,1000000,0,1000000,0,111110,0,0,10666560,106666560,853332480,8000004,17777764
Deep,all,TF,416400,96,1000000,1.0,96000000,1000000,100000,1000000,0,1000000,0,111110,0,0,10666560,106666560,853332480,8000004,17777764
Deep,all,TF,671950,96,1000000,1.0,96000000,1000000,100000,1000000,0,1000000,0,111110,0,0,10666560,106666560,853332480,8000004,17777764
Deep,all,TF,100598,96,1000000,1.0,96000000,1000000,100000,1000000,0,1000000,0,111110,0,0,10666560,106666560,853332480,8000004,17777764
Deep,all,TF,130060,96,1000000,1.0,96000000,1000000,100000,1000000,0,1000000,0,111110,0,0,10666560,106666560,853332480,8000004,17777764
Deep,all,TF,763603,96,1000000,1.0,96000000,1000000,100000,1000000,0,1000000,0,111110,0,0,10666560,106666560,853332480,8000004,17777764
Deep,all,TF,229656,96,1000000,1.0,96000000,1000000,100000,1000000,0,1000000,0,111110,0,0,10666560,106666560,853332480,8000004,17777764
Deep,all,TF,854752,96,1000000,1.0,96000000,1000000,100000,1000000,0,1000000,0,111110,0,0,10666560,106666560,853332480,8000004,17777764
Deep,all,TF,717147,96,1000000,1.0,96000000,1000000,100000,1000000,0,1000000,0,111110,0,0,10666560,106666560,853332480,8000004,17777764
Deep,all,TF,253796,96,1000000,1.0,96000000,1000000,100000,1000000,0,1000000,0,111110,0,0,10666560,106666560,853332480,8000004,17777764
Deep,all,TF,594298,96,1000000,1.0,96000000,1000000,100000,1000000,0,1000000,0,111110,0,0,10666560,106666560,853332480,8000004,17777764
Deep,all,TF,802333,96,1000000,1.0,96000000,1000000,100000,1000000,0,1000000,0,111110,0,0,10666560,106666560,853332480,8000004,17777764
Deep,all,TF,907497,96,1000000,1.0,96000000,1000000,100000,1000000,0,1000000,0,111110,0,0,10666560,106666560,853332480,8000004,17777764
Deep,all,TF,970136,96,1000000,1.0,96000000,1000000,100000,1000000,0,1000000,0,111110,0,0,10666560,106666560,853332480,8000004,17777764
Deep,all,TF,472710,96,1000000,1.0,96000000,1000000,100000,1000000,0,1000000,0,111110,0,0,10666560,106666560,853332480,8000004,17777764
Deep,all,TF,311434,96,1000000,1.0,96000000,1000000,100000,1000000,0,1000000,0,111110,0,0,10666560,106666560,853332480,8000004,17777764
Deep,all,TF,152112,96,1000000,1.0,96000000,1000000,100000,1000000,0,1000000,0,111110,0,0,10666560,106666560,853332480,8000004,17777764
Deep,all,TF,262882,96,1000000,1.0,96000000,1000000,100000,1000000,0,1000000,0,111110,0,0,10666560,106666560,853332480,8000004,17777764
Deep,all,TF,706522,96,1000000,1.0,96000000,1000000,100000,1000000,0,1000000,0,111110,0,0,10666560,106666560,853332480,8000004,17777764
Deep,all,TF,832912,96,1000000,1.0,96000000,1000000,100000,1000000,0,1000000,0,111110,0,0,10666560,106666560,853332480,8000004,17777764
Deep,all,TF,303769,96,1000000,1.0,96000000,1000000,100000,1000000,0,1000000,0,111110,0,0,10666560,106666560,853332480,8000004,17777764
Deep,all,TF,223701,96,1000000,1.0,96000000,1000000,100000,1000000,0,1000000,0,111110,0,0,10666560,106666560,853332480,8000004,17777764
Deep,all,TF,809314,96,1000000,1.0,96000000,1000000,100000,1000000,0,1000000,0,111110,0,0,10666560,106666560,853332480,8000004,17777764
Deep,all,TF,831243,96,1000000,1.0,96000000,1000000,100000,1000000,0,1000000,0,111110,0,0,10666560,106666560,853332480,8000004,17777764
Deep,all,TF,831746,96,1000000,1.0,96000000,1000000,100000,1000000,0,1000000,0,111110,0,0,10666560,106666560,853332480,8000004,17777764
Deep,all,TF,314373,96,1000000,1.0,96000000,1000000,100000,1000000,0,1000000,0,111110,0,0,10666560,106666560,853332480,8000004,17777764
Deep,all,TF,810800,96,1000000,1.0,96000000,1000000,100000,1000000,0,1000000,0,111110,0,0,10666560,106666560,853332480,8000004,17777764
Deep,all,TF,211855,96,1000000,1.0,96000000,1000000,100000,1000000,0,1000000,0,111110,0,0,10666560,106666560,853332480,8000004,17777764
Deep,all,TF,533614,96,1000000,1.0,96000000,1000000,100000,1000000,0,1000000,0,111110,0,0,10666560,106666560,853332480,8000004,17777764
Deep,all,TF,335471,96,1000000,1.0,96000000,1000000,100000,1000000,0,1000000,0,111110,0,0,10666560,106666560,853332480,8000004,17777764
Deep,all,TF,566134,96,1000000,1.0,96000000,1000000,100000,1000000,0,1000000,0,111110,0,0,10666560,106666560,853332480,8000004,17777764
Deep,all,TF,738848,96,1000000,1.0,96000000,1000000,100000,1000000,0,1000000,0,111110,0,0,10666560,106666560,853332480,8000004,17777764
Deep,all,TF,359342,96,1000000,1.0,96000000,1000000,100000,1000000,0,1000000,0,111110,0,0,10666560,106666560,853332480,8000004,17777764
Deep,all,TF,965210,96,1000000,1.0,96000000,1000000,100000,1000000,0,1000000,0,111110,0,0,10666560,106666560,853332480,8000004,17777764
Deep,all,TF,928413,96,1000000,1.0,96000000,1000000,100000,1000000,0,1000000,0,111110,0,0,10666560,106666560,853332480,8000004,17777764
Deep,all,TF,998782,96,1000000,1.0,96000000,1000000,100000,1000000,0,1000000,0,111110,0,0,10666560,106666560,853332480,8000004,17777764
Deep,all,TF,248373,96,1000000,1.0,96000000,1000000,100000,1000000,0,1000000,0,111110,0,0,10666560,106666560,853332480,8000004,17777764
Deep,all,TF,113110,96,1000000,1.0,96000000,1000000,100000,1000000,0,1000000,0,111110,0,0,10666560,106666560,853332480,8000004,17777764
Deep,all,TF,421120,96,1000000,1.0,96000000,1000000,100000,1000000,0,1000000,0,111110,0,0,10666560,106666560,853332480,8000004,17777764
Deep,all,TF,579626,96,1000000,1.0,96000000,1000000,100000,1000000,0,1000000,0,111110,0,0,10666560,106666560,853332480,8000004,17777764
Deep,all,TF,997466,96,1000000,1.0,96000000,1000000,100000,1000000,0,1000000,0,111110,0,0,10666560,106666560,853332480,8000004,17777764
Deep,all,TF,522760,96,1000000,1.0,96000000,1000000,100000,1000000,0,1000000,0,111110,0,0,10666560,106666560,853332480,8000004,17777764
Deep,all,TF,134930,96,1000000,1.0,96000000,1000000,100000,1000000,0,1000000,0,111110,0,0,10666560,106666560,853332480,8000004,17777764
Deep,all,TF,786964,96,1000000,1.0,96000000,1000000,100000,1000000,0,1000000,0,111110,0,0,10666560,106666560,853332480,8000004,17777764
Deep,all,TF,884325,96,1000000,1.0,96000000,1000000,100000,1000000,0,1000000,0,111110,0,0,10666560,106666560,853332480,8000004,17777764
Deep,all,TF,552447,96,1000000,1.0,96000000,1000000,100000,1000000,0,1000000,0,111110,0,0,10666560,106666560,853332480,8000004,17777764
Deep,all,TF,504571,96,1000000,1.0,96000000,1000000,100000,1000000,0,1000000,0,111110,0,0,10666560,106666560,853332480,8000004,17777764
Deep,all,TF,951244,96,1000000,1.0,96000000,1000000,100000,1000000,0,1000000,0,111110,0,0,10666560,106666560,853332480,8000004,17777764
Deep,all,TF,220807,96,1000000,1.0,96000000,1000000,100000,1000000,0,1000000,0,111110,0,0,10666560,106666560,853332480,8000004,17777764
Deep,all,TF,681257,96,1000000,1.0,96000000,1000000,100000,1000000,0,1000000,0,111110,0,0,10666560,106666560,853332480,8000004,17777764
Deep,all,TF,417658,96,1000000,1.0,96000000,1000000,100000,1000000,0,1000000,0,111110,0,0,10666560,106666560,853332480,8000004,17777764
Deep,all,TF,266352,96,1000000,1.0,96000000,1000000,100000,1000000,0,1000000,0,111110,0,0,10666560,106666560,853332480,8000004,17777764
Tloc,all,FR,584510,2,1000000,1.0,2000000,1000000,,1000000,0,1000000,0,0,0,0,0,2000000,16000000,8000004,17777764
Tloc,all,FR,860467,2,1000000,1.0,2000000,1000000,,1000000,0,1000000,0,0,0,0,0,2000000,16000000,8000004,17777764
Tloc,all,FR,923923,2,1000000,1.0,2000000,1000000,,1000000,0,1000000,0,0,0,0,0,2000000,16000000,8000004,17777764
Tloc,all,FR,533409,2,1000000,1.0,2000000,1000000,,1000000,0,1000000,0,0,0,0,0,2000000,16000000,8000004,17777764
Tloc,all,FR,220435,2,1000000,1.0,2000000,1000000,,1000000,0,1000000,0,0,0,0,0,2000000,16000000,8000004,17777764
Tloc,all,FR,395173,2,1000000,1.0,2000000,1000000,,1000000,0,1000000,0,0,0,0,0,2000000,16000000,8000004,17777764
Tloc,all,FR,125555,2,1000000,1.0,2000000,1000000,,1000000,0,1000000,0,0,0,0,0,2000000,16000000,8000004,17777764
Tloc,all,FR,37317,2,1000000,1.0,2000000,1000000,,1000000,0,1000000,0,0,0,0,0,2000000,16000000,8000004,17777764
Tloc,all,FR,326694,2,1000000,1.0,2000000,1000000,,1000000,0,1000000,0,0,0,0,0,2000000,16000000,8000004,17777764
Tloc,all,FR,408325,2,1000000,1.0,2000000,1000000,,1000000,0,1000000,0,0,0,0,0,2000000,16000000,8000004,17777764
Tloc,all,FR,928005,2,1000000,1.0,2000000,1000000,,1000000,0,1000000,0,0,0,0,0,2000000,16000000,8000004,17777764
Tloc,all,FR,636852,2,1000000,1.0,2000000,1000000,,1000000,0,1000000,0,0,0,0,0,2000000,16000000,8000004,17777764
Tloc,all,FR,565201,2,1000000,1.0,2000000,1000000,,1000000,0,1000000,0,0,0,0,0,2000000,16000000,8000004,17777764
Tloc,all,FR,416400,2,1000000,1.0,2000000,1000000,,1000000,0,1000000,0,0,0,0,0,2000000,16000000,8000004,17777764
Tloc,all,FR,671950,2,1000000,1.0,2000000,1000000,,1000000,0,1000000,0,0,0,0,0,2000000,16000000,8000004,17777764
Tloc,all,FR,100598,2,1000000,1.0,2000000,1000000,,1000000,0,1000000,0,0,0,0,0,2000000,16000000,8000004,17777764
Tloc,all,FR,130060,2,1000000,1.0,2000000,1000000,,1000000,0,1000000,0,0,0,0,0,2000000,16000000,8000004,17777764
Tloc,all,FR,763603,2,1000000,1.0,2000000,1000000,,1000000,0,1000000,0,0,0,0,0,2000000,16000000,8000004,17777764
Tloc,all,FR,229656,2,1000000,1.0,2000000,1000000,,1000000,0,1000000,0,0,0,0,0,2000000,16000000,8000004,17777764
Tloc,all,FR,854752,2,1000000,1.0,2000000,1000000,,1000000,0,1000000,0,0,0,0,0,2000000,16000000,8000004,17777764
Tloc,all,FR,717147,2,1000000,1.0,2000000,1000000,,1000000,0,1000000,0,0,0,0,0,2000000,16000000,8000004,17777764
Tloc,all,FR,253796,2,1000000,1.0,2000000,1000000,,1000000,0,1000000,0,0,0,0,0,2000000,16000000,8000004,17777764
Tloc,all,FR,594298,2,1000000,1.0,2000000,1000000,,1000000,0,1000000,0,0,0,0,0,2000000,16000000,8000004,17777764
Tloc,all,FR,802333,2,1000000,1.0,2000000,1000000,,1000000,0,1000000,0,0,0,0,0,2000000,16000000,8000004,17777764
Tloc,all,FR,907497,2,1000000,1.0,2000000,1000000,,1000000,0,1000000,0,0,0,0,0,2000000,16000000,8000004,17777764
Tloc,all,FR,970136,2,1000000,1.0,2000000,1000000,,1000000,0,1000000,0,0,0,0,0,2000000,16000000,8000004,17777764
Tloc,all,FR,472710,2,1000000,1.0,2000000,1000000,,1000000,0,1000000,0,0,0,0,0,2000000,16000000,8000004,17777764
Tloc,all,FR,311434,2,1000000,1.0,2000000,1000000,,1000000,0,1000000,0,0,0,0,0,2000000,16000000,8000004,17777764
Tloc,all,FR,152112,2,1000000,1.0,2000000,1000000,,1000000,0,1000000,0,0,0,0,0,2000000,16000000,8000004,17777764
Tloc,all,FR,262882,2,1000000,1.0,2000000,1000000,,1000000,0,1000000,0,0,0,0,0,2000000,16000000,8000004,17777764
Tloc,all,FR,706522,2,1000000,1.0,2000000,1000000,,1000000,0,1000000,0,0,0,0,0,2000000,16000000,8000004,17777764
Tloc,all,FR,832912,2,1000000,1.0,2000000,1000000,,1000000,0,1000000,0,0,0,0,0,2000000,16000000,8000004,17777764
Tloc,all,FR,303769,2,1000000,1.0,2000000,1000000,,1000000,0,1000000,0,0,0,0,0,2000000,16000000,8000004,17777764
Tloc,all,FR,223701,2,1000000,1.0,2000000,1000000,,1000000,0,1000000,0,0,0,0,0,2000000,16000000,8000004,17777764
Tloc,all,FR,809314,2,1000000,1.0,2000000,1000000,,1000000,0,1000000,0,0,0,0,0,2000000,16000000,8000004,17777764
Tloc,all,FR,831243,2,1000000,1.0,2000000,1000000,,1000000,0,1000000,0,0,0,0,0,2000000,16000000,8000004,17777764
Tloc,all,FR,831746,2,1000000,1.0,2000000,1000000,,1000000,0,1000000,0,0,0,0,0,2000000,16000000,8000004,17777764
Tloc,all,FR,314373,2,1000000,1.0,2000000,1000000,,1000000,0,1000000,0,0,0,0,0,2000000,16000000,8000004,17777764
Tloc,all,FR,810800,2,1000000,1.0,2000000,1000000,,1000000,0,1000000,0,0,0,0,0,2000000,16000000,8000004,17777764
Tloc,all,FR,211855,2,1000000,1.0,2000000,1000000,,1000000,0,1000000,0,0,0,0,0,2000000,16000000,8000004,17777764
Tloc,all,FR,533614,2,1000000,1.0,2000000,1000000,,1000000,0,1000000,0,0,0,0,0,2000000,16000000,8000004,17777764
Tloc,all,FR,335471,2,1000000,1.0,2000000,1000000,,1000000,0,1000000,0,0,0,0,0,2000000,16000000,8000004,17777764
Tloc,all,FR,566134,2,1000000,1.0,2000000,1000000,,1000000,0,1000000,0,0,0,0,0,2000000,16000000,8000004,17777764
Tloc,all,FR,738848,2,1000000,1.0,2000000,1000000,,1000000,0,1000000,0,0,0,0,0,2000000,16000000,8000004,17777764
Tloc,all,FR,359342,2,1000000,1.0,2000000,1000000,,1000000,0,1000000,0,0,0,0,0,2000000,16000000,8000004,17777764
Tloc,all,FR,965210,2,1000000,1.0,2000000,1000000,,1000000,0,1000000,0,0,0,0,0,2000000,16000000,8000004,17777764
Tloc,all,FR,928413,2,1000000,1.0,2000000,1000000,,1000000,0,1000000,0,0,0,0,0,2000000,16000000,8000004,17777764
Tloc,all,FR,998782,2,1000000,1.0,2000000,1000000,,1000000,0,1000000,0,0,0,0,0,2000000,16000000,8000004,17777764
Tloc,all,FR,248373,2,1000000,1.0,2000000,1000000,,1000000,0,1000000,0,0,0,0,0,2000000,16000000,8000004,17777764
Tloc,all,FR,113110,2,1000000,1.0,2000000,1000000,,1000000,0,1000000,0,0,0,0,0,2000000,16000000,8000004,17777764
Tloc,all,FR,421120,2,1000000,1.0,2000000,1000000,,1000000,0,1000000,0,0,0,0,0,2000000,16000000,8000004,17777764
Tloc,all,FR,579626,2,1000000,1.0,2000000,1000000,,1000000,0,1000000,0,0,0,0,0,2000000,16000000,8000004,17777764
Tloc,all,FR,997466,2,1000000,1.0,2000000,1000000,,1000000,0,1000000,0,0,0,0,0,2000000,16000000,8000004,17777764
Tloc,all,FR,522760,2,1000000,1.0,2000000,1000000,,1000000,0,1000000,0,0,0,0,0,2000000,16000000,8000004,17777764
Tloc,all,FR,134930,2,1000000,1.0,2000000,1000000,,1000000,0,1000000,0,0,0,0,0,2000000,16000000,8000004,17777764
Tloc,all,FR,786964,2,1000000,1.0,2000000,1000000,,1000000,0,1000000,0,0,0,0,0,2000000,16000000,8000004,17777764
Tloc,all,FR,884325,2,1000000,1.0,2000000,1000000,,1000000,0,1000000,0,0,0,0,0,2000000,16000000,8000004,17777764
Tloc,all,FR,552447,2,1000000,1.0,2000000,1000000,,1000000,0,1000000,0,0,0,0,0,2000000,16000000,8000004,17777764
Tloc,all,FR,504571,2,1000000,1.0,2000000,1000000,,1000000,0,1000000,0,0,0,0,0,2000000,16000000,8000004,17777764
Tloc,all,FR,951244,2,1000000,1.0,2000000,1000000,,1000000,0,1000000,0,0,0,0,0,2000000,16000000,8000004,17777764
Tloc,all,FR,220807,2,1000000,1.0,2000000,1000000,,1000000,0,1000000,0,0,0,0,0,2000000,16000000,8000004,17777764
Tloc,all,FR,681257,2,1000000,1.0,2000000,1000000,,1000000,0,1000000,0,0,0,0,0,2000000,16000000,8000004,17777764
Tloc,all,FR,417658,2,1000000,1.0,2000000,1000000,,1000000,0,1000000,0,0,0,0,0,2000000,16000000,8000004,17777764
Tloc,all,FR,266352,2,1000000,1.0,2000000,1000000,,1000000,0,1000000,0,0,0,0,0,2000000,16000000,8000004,17777764
Tloc,all,FF,584510,2,1000000,1.0,2000000,1000000,,1000000,0,1000000,0,0,0,0,0,2000000,16000000,8000004,17777764
Tloc,all,FF,860467,2,1000000,1.0,2000000,1000000,,1000000,0,1000000,0,0,0,0,0,2000000,16000000,8000004,17777764
Tloc,all,FF,923923,2,1000000,1.0,2000000,1000000,,1000000,0,1000000,0,0,0,0,0,2000000,16000000,8000004,17777764
Tloc,all,FF,533409,2,1000000,1.0,2000000,1000000,,1000000,0,1000000,0,0,0,0,0,2000000,16000000,8000004,17777764
Tloc,all,FF,220435,2,1000000,1.0,2000000,1000000,,1000000,0,1000000,0,0,0,0,0,2000000,16000000,8000004,17777764
Tloc,all,FF,395173,2,1000000,1.0,2000000,1000000,,1000000,0,1000000,0,0,0,0,0,2000000,16000000,8000004,17777764
Tloc,all,FF,125555,2,1000000,1.0,2000000,1000000,,1000000,0,1000000,0,0,0,0,0,2000000,16000000,8000004,17777764
Tloc,all,FF,37317,2,1000000,1.0,2000000,1000000,,1000000,0,1000000,0,0,0,0,0,2000000,16000000,8000004,17777764
Tloc,all,FF,326694,2,1000000,1.0,2000000,1000000,,1000000,0,1000000,0,0,0,0,0,2000000,16000000,8000004,17777764
Tloc,all,FF,408325,2,1000000,1.0,2000000,1000000,,1000000,0,1000000,0,0,0,0,0,2000000,16000000,8000004,17777764
Tloc,all,FF,928005,2,1000000,1.0,2000000,1000000,,1000000,0,1000000,0,0,0,0,0,2000000,16000000,8000004,17777764
Tloc,all,FF,636852,2,1000000,1.0,2000000,1000000,,1000000,0,1000000,0,0,0,0,0,2000000,16000000,8000004,17777764
Tloc,all,FF,565201,2,1000000,1.0,2000000,1000000,,1000000,0,1000000,0,0,0,0,0,2000000,16000000,8000004,17777764
Tloc,all,FF,416400,2,1000000,1.0,2000000,1000000,,1000000,0,1000000,0,0,0,0,0,2000000,16000000,8000004,17777764
Tloc,all,FF,671950,2,1000000,1.0,2000000,1000000,,1000000,0,1000000,0,0,0,0,0,2000000,16000000,8000004,17777764
Tloc,all,FF,100598,2,1000000,1.0,2000000,1000000,,1000000,0,1000000,0,0,0,0,0,2000000,16000000,8000004,17777764
Tloc,all,FF,130060,2,1000000,1.0,2000000,1000000,,1000000,0,1000000,0,0,0,0,0,2000000,16000000,8000004,17777764
Tloc,all,FF,763603,2,1000000,1.0,2000000,1000000,,1000000,0,1000000,0,0,0,0,0,2000000,16000000,8000004,17777764
Tloc,all,FF,229656,2,1000000,1.0,2000000,1000000,,1000000,0,1000000,0,0,0,0,0,2000000,16000000,8000004,17777764
Tloc,all,FF,854752,2,1000000,1.0,2000000,1000000,,1000000,0,1000000,0,0,0,0,0,2000000,16000000,8000004,17777764
Tloc,all,FF,717147,2,1000000,1.0,2000000,1000000,,1000000,0,1000000,0,0,0,0,0,2000000,16000000,8000004,17777764
Tloc,all,FF,253796,2,1000000,1.0,2000000,1000000,,1000000,0,1000000,0,0,0,0,0,2000000,16000000,8000004,17777764
Tloc,all,FF,594298,2,1000000,1.0,2000000,1000000,,1000000,0,1000000,0,0,0,0,0,2000000,16000000,8000004,17777764
Tloc,all,FF,802333,2,1000000,1.0,2000000,1000000,,1000000,0,1000000,0,0,0,0,0,2000000,16000000,8000004,17777764
Tloc,all,FF,907497,2,1000000,1.0,2000000,1000000,,1000000,0,1000000,0,0,0,0,0,2000000,16000000,8000004,17777764
Tloc,all,FF,970136,2,1000000,1.0,2000000,1000000,,1000000,0,1000000,0,0,0,0,0,2000000,16000000,8000004,17777764
Tloc,all,FF,472710,2,1000000,1.0,2000000,1000000,,1000000,0,1000000,0,0,0,0,0,2000000,16000000,8000004,17777764
Tloc,all,FF,311434,2,1000000,1.0,2000000,1000000,,1000000,0,1000000,0,0,0,0,0,2000000,16000000,8000004,17777764
Tloc,all,FF,152112,2,1000000,1.0,2000000,1000000,,1000000,0,1000000,0,0,0,0,0,2000000,16000000,8000004,17777764
Tloc,all,FF,262882,2,1000000,1.0,2000000,1000000,,1000000,0,1000000,0,0,0,0,0,2000000,16000000,8000004,17777764
Tloc,all,FF,706522,2,1000000,1.0,2000000,1000000,,1000000,0,1000000,0,0,0,0,0,2000000,16000000,8000004,17777764
Tloc,all,FF,832912,2,1000000,1.0,2000000,1000000,,1000000,0,1000000,0,0,0,0,0,2000000,16000000,8000004,17777764
Tloc,all,FF,303769,2,1000000,1.0,2000000,1000000,,1000000,0,1000000,0,0,0,0,0,2000000,16000000,8000004,17777764
Tloc,all,FF,223701,2,1000000,1.0,2000000,1000000,,1000000,0,1000000,0,0,0,0,0,2000000,16000000,8000004,17777764
Tloc,all,FF,809314,2,1000000,1.0,2000000,1000000,,1000000,0,1000000,0,0,0,0,0,2000000,16000000,8000004,17777764
Tloc,all,FF,831243,2,1000000,1.0,2000000,1000000,,1000000,0,1000000,0,0,0,0,0,2000000,16000000,8000004,17777764
Tloc,all,FF,831746,2,1000000,1.0,2000000,1000000,,1000000,0,1000000,0,0,0,0,0,2000000,16000000,8000004,17777764
Tloc,all,FF,314373,2,1000000,1.0,2000000,1000000,,1000000,0,1000000,0,0,0,0,0,2000000,16000000,8000004,17777764
Tloc,all,FF,810800,2,1000000,1.0,2000000,1000000,,1000000,0,1000000,0,0,0,0,0,2000000,16000000,8000004,17777764
Tloc,all,FF,211855,2,1000000,1.0,2000000,1000000,,1000000,0,1000000,0,0,0,0,0,2000000,16000000,8000004,17777764
Tloc,all,FF,533614,2,1000000,1.0,2000000,1000000,,1000000,0,1000000,0,0,0,0,0,2000000,16000000,8000004,17777764
Tloc,all,FF,335471,2,1000000,1.0,2000000,1000000,,1000000,0,1000000,0,0,0,0,0,2000000,16000000,8000004,17777764
Tloc,all,FF,566134,2,1000000,1.0,2000000,1000000,,1000000,0,1000000,0,0,0,0,0,2000000,16000000,8000004,17777764
Tloc,all,FF,738848,2,1000000,1.0,2000000,1000000,,1000000,0,1000000,0,0,0,0,0,2000000,16000000,8000004,17777764
Tloc,all,FF,359342,2,1000000,1.0,2000000,1000000,,1000000,0,1000000,0,0,0,0,0,2000000,16000000,8000004,17777764
Tloc,all,FF,965210,2,1000000,1.0,2000000,1000000,,1000000,0,1000000,0,0,0,0,0,2000000,16000000,8000004,17777764
Tloc,all,FF,928413,2,1000000,1.0,2000000,1000000,,1000000,0,1000000,0,0,0,0,0,2000000,16000000,8000004,17777764
Tloc,all,FF,998782,2,1000000,1.0,2000000,1000000,,1000000,0,1000000,0,0,0,0,0,2000000,16000000,8000004,17777764
Tloc,all,FF,248373,2,1000000,1.0,2000000,1000000,,1000000,0,1000000,0,0,0,0,0,2000000,16000000,8000004,17777764
Tloc,all,FF,113110,2,1000000,1.0,2000000,1000000,,1000000,0,1000000,0,0,0,0,0,2000000,16000000,8000004,17777764
Tloc,all,FF,421120,2,1000000,1.0,2000000,1000000,,1000000,0,1000000,0,0,0,0,0,2000000,16000000,8000004,17777764
Tloc,all,FF,579626,2,1000000,1.0,2000000,1000000,,1000000,0,1000000,0,0,0,0,0,2000000,16000000,8000004,17777764
Tloc,all,FF,997466,2,1000000,1.0,2000000,1000000,,1000000,0,1000000,0,0,0,0,0,2000000,16000000,8000004,17777764
Tloc,all,FF,522760,2,1000000,1.0,2000000,1000000,,1000000,0,1000000,0,0,0,0,0,2000000,16000000,8000004,17777764
Tloc,all,FF,134930,2,1000000,1.0,2000000,1000000,,1000000,0,1000000,0,0,0,0,0,2000000,16000000,8000004,17777764
Tloc,all,FF,786964,2,1000000,1.0,2000000,1000000,,1000000,0,1000000,0,0,0,0,0,2000000,16000000,8000004,17777764
Tloc,all,FF,884325,2,1000000,1.0,2000000,1000000,,1000000,0,1000000,0,0,0,0,0,2000000,16000000,8000004,17777764
Tloc,all,FF,552447,2,1000000,1.0,2000000,1000000,,1000000,0,1000000,0,0,0,0,0,2000000,16000000,8000004,17777764
Tloc,all,FF,504571,2,1000000,1.0,2000000,1000000,,1000000,0,1000000,0,0,0,0,0,2000000,16000000,8000004,17777764
Tloc,all,FF,951244,2,1000000,1.0,2000000,1000000,,1000000,0,1000000,0,0,0,0,0,2000000,16000000,8000004,17777764
Tloc,all,FF,220807,2,1000000,1.0,2000000,1000000,,1000000,0,1000000,0,0,0,0,0,2000000,16000000,8000004,17777764
Tloc,all,FF,681257,2,1000000,1.0,2000000,1000000,,1000000,0,1000000,0,0,0,0,0,2000000,16000000,8000004,17777764
Tloc,all,FF,417658,2,1000000,1.0,2000000,1000000,,1000000,0,1000000,0,0,0,0,0,2000000,16000000,8000004,17777764
Tloc,all,FF,266352,2,1000000,1.0,2000000,1000000,,1000000,0,1000000,0,0,0,0,0,2000000,16000000,8000004,17777764
Tloc,all,CR4,584510,2,1000000,1.0,2000000,1000000,,1000000,0,1000000,0,11110,11110,0,22220,2022220,16177760,8000004,17777764
Tloc,all,CR4,860467,2,1000000,1.0,2000000,1000000,,1000000,0,1000000,0,11110,11110,0,22220,2022220,16177760,8000004,17777764
Tloc,all,CR4,923923,2,1000000,1.0,2000000,1000000,,1000000,0,1000000,0,11110,11110,0,22220,2022220,16177760,8000004,17777764
Tloc,all,CR4,533409,2,1000000,1.0,2000000,1000000,,1000000,0,1000000,0,11110,11110,0,22220,2022220,16177760,8000004,17777764
Tloc,all,CR4,220435,2,1000000,1.0,2000000,1000000,,1000000,0,1000000,0,11110,11110,0,22220,2022220,16177760,8000004,17777764
Tloc,all,CR4,395173,2,1000000,1.0,2000000,1000000,,1000000,0,1000000,0,11110,11110,0,22220,2022220,16177760,8000004,17777764
Tloc,all,CR4,125555,2,1000000,1.0,2000000,1000000,,1000000,0,1000000,0,11110,11110,0,22220,2022220,16177760,8000004,17777764
Tloc,all,CR4,37317,2,1000000,1.0,2000000,1000000,,1000000,0,1000000,0,11110,11110,0,22220,2022220,16177760,8000004,17777764
Tloc,all,CR4,326694,2,1000000,1.0,2000000,1000000,,1000000,0,1000000,0,11110,11110,0,22220,2022220,16177760,8000004,17777764
Tloc,all,CR4,408325,2,1000000,1.0,2000000,1000000,,1000000,0,1000000,0,11110,11110,0,22220,2022220,16177760,8000004,17777764
Tloc,all,CR4,928005,2,1000000,1.0,2000000,1000000,,1000000,0,1000000,0,11110,11110,0,22220,2022220,16177760,8000004,17777764
Tloc,all,CR4,636852,2,1000000,1.0,2000000,1000000,,1000000,0,1000000,0,11110,11110,0,22220,2022220,16177760,8000004,17777764
Tloc,all,CR4,565201,2,1000000,1.0,2000000,1000000,,1000000,0,1000000,0,11110,11110,0,22220,2022220,16177760,8000004,17777764
Tloc,all,CR4,416400,2,1000000,1.0,2000000,1000000,,1000000,0,1000000,0,11110,11110,0,22220,2022220,16177760,8000004,17777764
Tloc,all,CR4,671950,2,1000000,1.0,2000000,1000000,,1000000,0,1000000,0,11110,11110,0,22220,2022220,16177760,8000004,17777764
Tloc,all,CR4,100598,2,1000000,1.0,2000000,1000000,,1000000,0,1000000,0,11110,11110,0,22220,2022220,16177760,8000004,17777764
Tloc,all,CR4,130060,2,1000000,1.0,2000000,1000000,,1000000,0,1000000,0,11110,11110,0,22220,2022220,16177760,8000004,17777764
Tloc,all,CR4,763603,2,1000000,1.0,2000000,1000000,,1000000,0,1000000,0,11110,11110,0,22220,2022220,16177760,8000004,17777764
Tloc,all,CR4,229656,2,1000000,1.0,2000000,1000000,,1000000,0,1000000,0,11110,11110,0,22220,2022220,16177760,8000004,17777764
Tloc,all,CR4,854752,2,1000000,1.0,2000000,1000000,,1000000,0,1000000,0,11110,11110,0,22220,2022220,16177760,8000004,17777764
Tloc,all,CR4,717147,2,1000000,1.0,2000000,1000000,,1000000,0,1000000,0,11110,11110,0,22220,2022220,16177760,8000004,17777764
Tloc,all,CR4,253796,2,1000000,1.0,2000000,1000000,,1000000,0,1000000,0,11110,11110,0,22220,2022220,16177760,8000004,17777764
Tloc,all,CR4,594298,2,1000000,1.0,2000000,1000000,,1000000,0,1000000,0,11110,11110,0,22220,2022220,16177760,8000004,17777764
Tloc,all,CR4,802333,2,1000000,1.0,2000000,1000000,,1000000,0,1000000,0,11110,11110,0,22220,2022220,16177760,8000004,17777764
Tloc,all,CR4,907497,2,1000000,1.0,2000000,1000000,,1000000,0,1000000,0,11110,11110,0,22220,2022220,16177760,8000004,17777764
Tloc,all,CR4,970136,2,1000000,1.0,2000000,1000000,,1000000,0,1000000,0,11110,11110,0,22220,2022220,16177760,8000004,17777764
Tloc,all,CR4,472710,2,1000000,1.0,2000000,1000000,,1000000,0,1000000,0,11110,11110,0,22220,2022220,16177760,8000004,17777764
Tloc,all,CR4,311434,2,1000000,1.0,2000000,1000000,,1000000,0,1000000,0,11110,11110,0,22220,2022220,16177760,8000004,17777764
Tloc,all,CR4,152112,2,1000000,1.0,2000000,1000000,,1000000,0,1000000,0,11110,11110,0,22220,2022220,16177760,8000004,17777764
Tloc,all,CR4,262882,2,1000000,1.0,2000000,1000000,,1000000,0,1000000,0,11110,11110,0,22220,2022220,16177760,8000004,17777764
Tloc,all,CR4,706522,2,1000000,1.0,2000000,1000000,,1000000,0,1000000,0,11110,11110,0,22220,2022220,16177760,8000004,17777764
Tloc,all,CR4,832912,2,1000000,1.0,2000000,1000000,,1000000,0,1000000,0,11110,11110,0,22220,2022220,16177760,8000004,17777764
Tloc,all,CR4,303769,2,1000000,1.0,2000000,1000000,,1000000,0,1000000,0,11110,11110,0,22220,2022220,16177760,8000004,17777764
Tloc,all,CR4,223701,2,1000000,1.0,2000000,1000000,,1000000,0,1000000,0,11110,11110,0,22220,2022220,16177760,8000004,17777764
Tloc,all,CR4,809314,2,1000000,1.0,2000000,1000000,,1000000,0,1000000,0,11110,11110,0,22220,2022220,16177760,8000004,17777764
Tloc,all,CR4,831243,2,1000000,1.0,2000000,1000000,,1000000,0,1000000,0,11110,11110,0,22220,2022220,16177760,8000004,17777764
Tloc,all,CR4,831746,2,1000000,1.0,2000000,1000000,,1000000,0,1000000,0,11110,11110,0,22220,2022220,16177760,8000004,17777764
Tloc,all,CR4,314373,2,1000000,1.0,2000000,1000000,,1000000,0,1000000,0,11110,11110,0,22220,2022220,16177760,8000004,17777764
Tloc,all,CR4,810800,2,1000000,1.0,2000000,1000000,,1000000,0,1000000,0,11110,11110,0,22220,2022220,16177760,8000004,17777764
Tloc,all,CR4,211855,2,1000000,1.0,2000000,1000000,,1000000,0,1000000,0,11110,11110,0,22220,2022220,16177760,8000004,17777764
Tloc,all,CR4,533614,2,1000000,1.0,2000000,1000000,,1000000,0,1000000,0,11110,11110,0,22220,2022220,16177760,8000004,17777764
Tloc,all,CR4,335471,2,1000000,1.0,2000000,1000000,,1000000,0,1000000,0,11110,11110,0,22220,2022220,16177760,8000004,17777764
Tloc,all,CR4,566134,2,1000000,1.0,2000000,1000000,,1000000,0,1000000,0,11110,11110,0,22220,2022220,16177760,8000004,17777764
Tloc,all,CR4,738848,2,1000000,1.0,2000000,1000000,,1000000,0,1000000,0,11110,11110,0,22220,2022220,16177760,8000004,17777764
Tloc,all,CR4,359342,2,1000000,1.0,2000000,1000000,,1000000,0,1000000,0,11110,11110,0,22220,2022220,16177760,8000004,17777764
Tloc,all,CR4,965210,2,1000000,1.0,2000000,1000000,,1000000,0,1000000,0,11110,11110,0,22220,2022220,16177760,8000004,17777764
Tloc,all,CR4,928413,2,1000000,1.0,2000000,1000000,,1000000,0,1000000,0,11110,11110,0,22220,2022220,16177760,8000004,17777764
Tloc,all,CR4,998782,2,1000000,1.0,2000000,1000000,,1000000,0,1000000,0,11110,11110,0,22220,2022220,16177760,8000004,17777764
Tloc,all,CR4,248373,2,1000000,1.0,2000000,1000000,,1000000,0,1000000,0,11110,11110,0,22220,2022220,16177760,8000004,17777764
Tloc,all,CR4,113110,2,1000000,1.0,2000000,1000000,,1000000,0,1000000,0,11110,11110,0,22220,2022220,16177760,8000004,17777764
Tloc,all,CR4,421120,2,1000000,1.0,2000000,1000000,,1000000,0,1000000,0,11110,11110,0,22220,2022220,16177760,8000004,17777764
Tloc,all,CR4,579626,2,1000000,1.0,2000000,1000000,,1000000,0,1000000,0,11110,11110,0,22220,2022220,16177760,8000004,17777764
Tloc,all,CR4,997466,2,1000000,1.0,2000000,1000000,,1000000,0,1000000,0,11110,11110,0,22220,2022220,16177760,8000004,17777764
Tloc,all,CR4,522760,2,1000000,1.0,2000000,1000000,,1000000,0,1000000,0,11110,11110,0,22220,2022220,16177760,8000004,17777764
Tloc,all,CR4,134930,2,1000000,1.0,2000000,1000000,,1000000,0,1000000,0,11110,11110,0,22220,2022220,16177760,8000004,17777764
Tloc,all,CR4,786964,2,1000000,1.0,2000000,1000000,,1000000,0,1000000,0,11110,11110,0,22220,2022220,16177760,8000004,17777764
Tloc,all,CR4,884325,2,1000000,1.0,2000000,1000000,,1000000,0,1000000,0,11110,11110,0,22220,2022220,16177760,8000004,17777764
Tloc,all,CR4,552447,2,1000000,1.0,2000000,1000000,,1000000,0,1000000,0,11110,11110,0,22220,2022220,16177760,8000004,17777764
Tloc,all,CR4,504571,2,1000000,1.0,2000000,1000000,,1000000,0,1000000,0,11110,11110,0,22220,2022220,16177760,8000004,17777764
Tloc,all,CR4,951244,2,1000000,1.0,2000000,1000000,,1000000,0,1000000,0,11110,11110,0,22220,2022220,16177760,8000004,17777764
Tloc,all,CR4,220807,2,1000000,1.0,2000000,1000000,,1000000,0,1000000,0,11110,11110,0,22220,2022220,16177760,8000004,17777764
Tloc,all,CR4,681257,2,1000000,1.0,2000000,1000000,,1000000,0,1000000,0,11110,11110,0,22220,2022220,16177760,8000004,17777764
Tloc,all,CR4,417658,2,1000000,1.0,2000000,1000000,,1000000,0,1000000,0,11110,11110,0,22220,2022220,16177760,8000004,17777764
Tloc,all,CR4,266352,2,1000000,1.0,2000000,1000000,,1000000,0,1000000,0,11110,11110,0,22220,2022220,16177760,8000004,17777764
Tloc,all,CF4,584510,2,1000000,1.0,2000000,1000000,,1000000,0,1000000,0,11110,0,0,22220,2022220,16177760,8000004,17777764
Tloc,all,CF4,860467,2,1000000,1.0,2000000,1000000,,1000000,0,1000000,0,11110,0,0,22220,2022220,16177760,8000004,17777764
Tloc,all,CF4,923923,2,1000000,1.0,2000000,1000000,,1000000,0,1000000,0,11110,0,0,22220,2022220,16177760,8000004,17777764
Tloc,all,CF4,533409,2,1000000,1.0,2000000,1000000,,1000000,0,1000000,0,11110,0,0,22220,2022220,16177760,8000004,17777764
Tloc,all,CF4,220435,2,1000000,1.0,2000000,1000000,,1000000,0,1000000,0,11110,0,0,22220,2022220,16177760,8000004,17777764
Tloc,all,CF4,395173,2,1000000,1.0,2000000,1000000,,1000000,0,1000000,0,11110,0,0,22220,2022220,16177760,8000004,17777764
Tloc,all,CF4,125555,2,1000000,1.0,2000000,1000000,,1000000,0,1000000,0,11110,0,0,22220,2022220,16177760,8000004,17777764
Tloc,all,CF4,37317,2,1000000,1.0,2000000,1000000,,1000000,0,1000000,0,11110,0,0,22220,2022220,16177760,8000004,17777764
Tloc,all,CF4,326694,2,1000000,1.0,2000000,1000000,,1000000,0,1000000,0,11110,0,0,22220,2022220,16177760,8000004,17777764
Tloc,all,CF4,408325,2,1000000,1.0,2000000,1000000,,1000000,0,1000000,0,11110,0,0,22220,2022220,16177760,8000004,17777764
Tloc,all,CF4,928005,2,1000000,1.0,2000000,1000000,,1000000,0,1000000,0,11110,0,0,22220,2022220,16177760,8000004,17777764
Tloc,all,CF4,636852,2,1000000,1.0,2000000,1000000,,1000000,0,1000000,0,11110,0,0,22220,2022220,16177760,8000004,17777764
Tloc,all,CF4,565201,2,1000000,1.0,2000000,1000000,,1000000,0,1000000,0,11110,0,0,22220,2022220,16177760,8000004,17777764
Tloc,all,CF4,416400,2,1000000,1.0,2000000,1000000,,1000000,0,1000000,0,11110,0,0,22220,2022220,16177760,8000004,17777764
Tloc,all,CF4,671950,2,1000000,1.0,2000000,1000000,,1000000,0,1000000,0,11110,0,0,22220,2022220,16177760,8000004,17777764
Tloc,all,CF4,100598,2,1000000,1.0,2000000,1000000,,1000000,0,1000000,0,11110,0,0,22220,2022220,16177760,8000004,17777764
Tloc,all,CF4,130060,2,1000000,1.0,2000000,1000000,,1000000,0,1000000,0,11110,0,0,22220,2022220,16177760,8000004,17777764
Tloc,all,CF4,763603,2,1000000,1.0,2000000,1000000,,1000000,0,1000000,0,11110,0,0,22220,2022220,16177760,8000004,17777764
Tloc,all,CF4,229656,2,1000000,1.0,2000000,1000000,,1000000,0,1000000,0,11110,0,0,22220,2022220,16177760,8000004,17777764
Tloc,all,CF4,854752,2,1000000,1.0,2000000,1000000,,1000000,0,1000000,0,11110,0,0,22220,2022220,16177760,8000004,17777764
Tloc,all,CF4,717147,2,1000000,1.0,2000000,1000000,,1000000,0,1000000,0,11110,0,0,22220,2022220,16177760,8000004,17777764
Tloc,all,CF4,253796,2,1000000,1.0,2000000,1000000,,1000000,0,1000000,0,11110,0,0,22220,2022220,16177760,8000004,17777764
Tloc,all,CF4,594298,2,1000000,1.0,2000000,1000000,,1000000,0,1000000,0,11110,0,0,22220,2022220,16177760,8000004,17777764
Tloc,all,CF4,802333,2,1000000,1.0,2000000,1000000,,1000000,0,1000000,0,11110,0,0,22220,2022220,16177760,8000004,17777764
Tloc,all,CF4,907497,2,1000000,1.0,2000000,1000000,,1000000,0,1000000,0,11110,0,0,22220,2022220,16177760,8000004,17777764
Tloc,all,CF4,970136,2,1000000,1.0,2000000,1000000,,1000000,0,1000000,0,11110,0,0,22220,2022220,16177760,8000004,17777764
Tloc,all,CF4,472710,2,1000000,1.0,2000000,1000000,,1000000,0,1000000,0,11110,0,0,22220,2022220,16177760,8000004,17777764
Tloc,all,CF4,311434,2,1000000,1.0,2000000,1000000,,1000000,0,1000000,0,11110,0,0,22220,2022220,16177760,8000004,17777764
Tloc,all,CF4,152112,2,1000000,1.0,2000000,1000000,,1000000,0,1000000,0,11110,0,0,22220,2022220,16177760,8000004,17777764
Tloc,all,CF4,262882,2,1000000,1.0,2000000,1000000,,1000000,0,1000000,0,11110,0,0,22220,2022220,16177760,8000004,17777764
Tloc,all,CF4,706522,2,1000000,1.0,2000000,1000000,,1000000,0,1000000,0,11110,0,0,22220,2022220,16177760,8000004,17777764
Tloc,all,CF4,832912,2,1000000,1.0,2000000,1000000,,1000000,0,1000000,0,11110,0,0,22220,2022220,16177760,8000004,17777764
Tloc,all,CF4,303769,2,1000000,1.0,2000000,1000000,,1000000,0,1000000,0,11110,0,0,22220,2022220,16177760,8000004,17777764
Tloc,all,CF4,223701,2,1000000,1.0,2000000,1000000,,1000000,0,1000000,0,11110,0,0,22220,2022220,16177760,8000004,17777764
Tloc,all,CF4,809314,2,1000000,1.0,2000000,1000000,,1000000,0,1000000,0,11110,0,0,22220,2022220,16177760,8000004,17777764
Tloc,all,CF4,831243,2,1000000,1.0,2000000,1000000,,1000000,0,1000000,0,11110,0,0,22220,2022220,16177760,8000004,17777764
Tloc,all,CF4,831746,2,1000000,1.0,2000000,1000000,,1000000,0,1000000,0,11110,0,0,22220,2022220,16177760,8000004,17777764
Tloc,all,CF4,314373,2,1000000,1.0,2000000,1000000,,1000000,0,1000000,0,11110,0,0,22220,2022220,16177760,8000004,17777764
Tloc,all,CF4,810800,2,1000000,1.0,2000000,1000000,,1000000,0,1000000,0,11110,0,0,22220,2022220,16177760,8000004,17777764
Tloc,all,CF4,211855,2,1000000,1.0,2000000,1000000,,1000000,0,1000000,0,11110,0,0,22220,2022220,16177760,8000004,17777764
Tloc,all,CF4,533614,2,1000000,1.0,2000000,1000000,,1000000,0,1000000,0,11110,0,0,22220,2022220,16177760,8000004,17777764
Tloc,all,CF4,335471,2,1000000,1.0,2000000,1000000,,1000000,0,1000000,0,11110,0,0,22220,2022220,16177760,8000004,17777764
Tloc,all,CF4,566134,2,1000000,1.0,2000000,1000000,,1000000,0,1000000,0,11110,0,0,22220,2022220,16177760,8000004,17777764
Tloc,all,CF4,738848,2,1000000,1.0,2000000,1000000,,1000000,0,1000000,0,11110,0,0,22220,2022220,16177760,8000004,17777764
Tloc,all,CF4,359342,2,1000000,1.0,2000000,1000000,,1000000,0,1000000,0,11110,0,0,22220,2022220,16177760,8000004,17777764
Tloc,all,CF4,965210,2,1000000,1.0,2000000,1000000,,1000000,0,1000000,0,11110,0,0,22220,2022220,16177760,8000004,17777764
Tloc,all,CF4,928413,2,1000000,1.0,2000000,1000000,,1000000,0,1000000,0,11110,0,0,22220,2022220,16177760,8000004,17777764
Tloc,all,CF4,998782,2,1000000,1.0,2000000,1000000,,1000000,0,1000000,0,11110,0,0,22220,2022220,16177760,8000004,17777764
Tloc,all,CF4,248373,2,1000000,1.0,2000000,1000000,,1000000,0,1000000,0,11110,0,0,22220,2022220,16177760,8000004,17777764
Tloc,all,CF4,113110,2,1000000,1.0,2000000,1000000,,1000000,0,1000000,0,11110,0,0,22220,2022220,16177760,8000004,17777764
Tloc,all,CF4,421120,2,1000000,1.0,2000000,1000000,,1000000,0,1000000,0,11110,0,0,22220,2022220,16177760,8000004,17777764
Tloc,all,CF4,579626,2,1000000,1.0,2000000,1000000,,1000000,0,1000000,0,11110,0,0,22220,2022220,16177760,8000004,17777764
Tloc,all,CF4,997466,2,1000000,1.0,2000000,1000000,,1000000,0,1000000,0,11110,0,0,22220,2022220,16177760,8000004,17777764
Tloc,all,CF4,522760,2,1000000,1.0,2000000,1000000,,1000000,0,1000000,0,11110,0,0,22220,2022220,16177760,8000004,17777764
Tloc,all,CF4,134930,2,1000000,1.0,2000000,1000000,,1000000,0,1000000,0,11110,0,0,22220,2022220,16177760,8000004,17777764
Tloc,all,CF4,786964,2,1000000,1.0,2000000,1000000,,1000000,0,1000000,0,11110,0,0,22220,2022220,16177760,8000004,17777764
Tloc,all,CF4,884325,2,1000000,1.0,2000000,1000000,,1000000,0,1000000,0,11110,0,0,22220,2022220,16177760,8000004,17777764
Tloc,all,CF4,552447,2,1000000,1.0,2000000,1000000,,1000000,0,1000000,0,11110,0,0,22220,2022220,16177760,8000004,17777764
Tloc,all,CF4,504571,2,1000000,1.0,2000000,1000000,,1000000,0,1000000,0,11110,0,0,22220,2022220,16177760,8000004,17777764
Tloc,all,CF4,951244,2,1000000,1.0,2000000,1000000,,1000000,0,1000000,0,11110,0,0,22220,2022220,16177760,8000004,17777764
Tloc,all,CF4,220807,2,1000000,1.0,2000000,1000000,,1000000,0,1000000,0,11110,0,0,22220,2022220,16177760,8000004,17777764
Tloc,all,CF4,681257,2,1000000,1.0,2000000,1000000,,1000000,0,1000000,0,11110,0,0,22220,2022220,16177760,8000004,17777764
Tloc,all,CF4,417658,2,1000000,1.0,2000000,1000000,,1000000,0,1000000,0,11110,0,0,22220,2022220,16177760,8000004,17777764
Tloc,all,CF4,266352,2,1000000,1.0,2000000,1000000,,1000000,0,1000000,0,11110,0,0,22220,2022220,16177760,8000004,17777764
Tloc,all,TR,584510,2,1000000,1.0,2000000,1000000,100000,1000000,0,1000000,0,111110,111110,0,222220,2222220,17777760,8000004,17777764
Tloc,all,TR,860467,2,1000000,1.0,2000000,1000000,100000,1000000,0,1000000,0,111110,111110,0,222220,2222220,17777760,8000004,17777764
Tloc,all,TR,923923,2,1000000,1.0,2000000,1000000,100000,1000000,0,1000000,0,111110,111110,0,222220,2222220,17777760,8000004,17777764
Tloc,all,TR,533409,2,1000000,1.0,2000000,1000000,100000,1000000,0,1000000,0,111110,111110,0,222220,2222220,17777760,8000004,17777764
Tloc,all,TR,220435,2,1000000,1.0,2000000,1000000,100000,1000000,0,1000000,0,111110,111110,0,222220,2222220,17777760,8000004,17777764
Tloc,all,TR,395173,2,1000000,1.0,2000000,1000000,100000,1000000,0,1000000,0,111110,111110,0,222220,2222220,17777760,8000004,17777764
Tloc,all,TR,125555,2,1000000,1.0,2000000,1000000,100000,1000000,0,1000000,0,111110,111110,0,222220,2222220,17777760,8000004,17777764
Tloc,all,TR,37317,2,1000000,1.0,2000000,1000000,100000,1000000,0,1000000,0,111110,111110,0,222220,2222220,17777760,8000004,17777764
Tloc,all,TR,326694,2,1000000,1.0,2000000,1000000,100000,1000000,0,1000000,0,111110,111110,0,222220,2222220,17777760,8000004,17777764
Tloc,all,TR,408325,2,1000000,1.0,2000000,1000000,100000,1000000,0,1000000,0,111110,111110,0,222220,2222220,17777760,8000004,17777764
Tloc,all,TR,928005,2,1000000,1.0,2000000,1000000,100000,1000000,0,1000000,0,111110,111110,0,222220,2222220,17777760,8000004,17777764
Tloc,all,TR,636852,2,1000000,1.0,2000000,1000000,100000,1000000,0,1000000,0,111110,111110,0,222220,2222220,17777760,8000004,17777764
Tloc,all,TR,565201,2,1000000,1.0,2000000,1000000,100000,1000000,0,1000000,0,111110,111110,0,222220,2222220,17777760,8000004,17777764
Tloc,all,TR,416400,2,1000000,1.0,2000000,1000000,100000,1000000,0,1000000,0,111110,111110,0,222220,2222220,17777760,8000004,17777764
Tloc,all,TR,671950,2,1000000,1.0,2000000,1000000,100000,1000000,0,1000000,0,111110,111110,0,222220,2222220,17777760,8000004,17777764
Tloc,all,TR,100598,2,1000000,1.0,2000000,1000000,100000,1000000,0,1000000,0,111110,111110,0,222220,2222220,17777760,8000004,17777764
Tloc,all,TR,130060,2,1000000,1.0,2000000,1000000,100000,1000000,0,1000000,0,111110,111110,0,222220,2222220,17777760,8000004,17777764
Tloc,all,TR,763603,2,1000000,1.0,2000000,1000000,100000,1000000,0,1000000,0,111110,111110,0,222220,2222220,17777760,8000004,17777764
Tloc,all,TR,229656,2,1000000,1.0,2000000,1000000,100000,1000000,0,1000000,0,111110,111110,0,222220,2222220,17777760,8000004,17777764
Tloc,all,TR,854752,2,1000000,1.0,2000000,1000000,100000,1000000,0,1000000,0,111110,111110,0,222220,2222220,17777760,8000004,17777764
Tloc,all,TR,717147,2,1000000,1.0,2000000,1000000,100000,1000000,0,1000000,0,111110,111110,0,222220,2222220,17777760,8000004,17777764
Tloc,all,TR,253796,2,1000000,1.0,2000000,1000000,100000,1000000,0,1000000,0,111110,111110,0,222220,2222220,17777760,8000004,17777764
Tloc,all,TR,594298,2,1000000,1.0,2000000,1000000,100000,1000000,0,1000000,0,111110,111110,0,222220,2222220,17777760,8000004,17777764
Tloc,all,TR,802333,2,1000000,1.0,2000000,1000000,100000,1000000,0,1000000,0,111110,111110,0,222220,2222220,17777760,8000004,17777764
Tloc,all,TR,907497,2,1000000,1.0,2000000,1000000,100000,1000000,0,1000000,0,111110,111110,0,222220,2222220,17777760,8000004,17777764
Tloc,all,TR,970136,2,1000000,1.0,2000000,1000000,100000,1000000,0,1000000,0,111110,111110,0,222220,2222220,17777760,8000004,17777764
Tloc,all,TR,472710,2,1000000,1.0,2000000,1000000,100000,1000000,0,1000000,0,111110,111110,0,222220,2222220,17777760,8000004,17777764
Tloc,all,TR,311434,2,1000000,1.0,2000000,1000000,100000,1000000,0,1000000,0,111110,111110,0,222220,2222220,17777760,8000004,17777764
Tloc,all,TR,152112,2,1000000,1.0,2000000,1000000,100000,1000000,0,1000000,0,111110,111110,0,222220,2222220,17777760,8000004,17777764
Tloc,all,TR,262882,2,1000000,1.0,2000000,1000000,100000,1000000,0,1000000,0,111110,111110,0,222220,2222220,17777760,8000004,17777764
Tloc,all,TR,706522,2,1000000,1.0,2000000,1000000,100000,1000000,0,1000000,0,111110,111110,0,222220,2222220,17777760,8000004,17777764
Tloc,all,TR,832912,2,1000000,1.0,2000000,1000000,100000,1000000,0,1000000,0,111110,111110,0,222220,2222220,17777760,8000004,17777764
Tloc,all,TR,303769,2,1000000,1.0,2000000,1000000,100000,1000000,0,1000000,0,111110,111110,0,222220,2222220,17777760,8000004,17777764
Tloc,all,TR,223701,2,1000000,1.0,2000000,1000000,100000,1000000,0,1000000,0,111110,111110,0,222220,2222220,17777760,8000004,17777764
Tloc,all,TR,809314,2,1000000,1.0,2000000,1000000,100000,1000000,0,1000000,0,111110,111110,0,222220,2222220,17777760,8000004,17777764
Tloc,all,TR,831243,2,1000000,1.0,2000000,1000000,100000,1000000,0,1000000,0,111110,111110,0,222220,2222220,17777760,8000004,17777764
Tloc,all,TR,831746,2,1000000,1.0,2000000,1000000,100000,1000000,0,1000000,0,111110,111110,0,222220,2222220,17777760,8000004,17777764
Tloc,all,TR,314373,2,1000000,1.0,2000000,1000000,100000,1000000,0,1000000,0,111110,111110,0,222220,2222220,17777760,8000004,17777764
Tloc,all,TR,810800,2,1000000,1.0,2000000,1000000,100000,1000000,0,1000000,0,111110,111110,0,222220,2222220,17777760,8000004,17777764
Tloc,all,TR,211855,2,1000000,1.0,2000000,1000000,100000,1000000,0,1000000,0,111110,111110,0,222220,2222220,17777760,8000004,17777764
Tloc,all,TR,533614,2,1000000,1.0,2000000,1000000,100000,1000000,0,1000000,0,111110,111110,0,222220,2222220,17777760,8000004,17777764
Tloc,all,TR,335471,2,1000000,1.0,2000000,1000000,100000,1000000,0,1000000,0,111110,111110,0,222220,2222220,17777760,8000004,17777764
Tloc,all,TR,566134,2,1000000,1.0,2000000,1000000,100000,1000000,0,1000000,0,111110,111110,0,222220,2222220,17777760,8000004,17777764
Tloc,all,TR,738848,2,1000000,1.0,2000000,1000000,100000,1000000,0,1000000,0,111110,111110,0,222220,2222220,17777760,8000004,17777764
Tloc,all,TR,359342,2,1000000,1.0,2000000,1000000,100000,1000000,0,1000000,0,111110,111110,0,222220,2222220,17777760,8000004,17777764
Tloc,all,TR,965210,2,1000000,1.0,2000000,1000000,100000,1000000,0,1000000,0,111110,111110,0,222220,2222220,17777760,8000004,17777764
Tloc,all,TR,928413,2,1000000,1.0,2000000,1000000,100000,1000000,0,1000000,0,111110,111110,0,222220,2222220,17777760,8000004,17777764
Tloc,all,TR,998782,2,1000000,1.0,2000000,1000000,100000,1000000,0,1000000,0,111110,111110,0,222220,2222220,17777760,8000004,17777764
Tloc,all,TR,248373,2,1000000,1.0,2000000,1000000,100000,1000000,0,1000000,0,111110,111110,0,222220,2222220,17777760,8000004,17777764
Tloc,all,TR,113110,2,1000000,1.0,2000000,1000000,100000,1000000,0,1000000,0,111110,111110,0,222220,2222220,17777760,8000004,17777764
Tloc,all,TR,421120,2,1000000,1.0,2000000,1000000,100000,1000000,0,1000000,0,111110,111110,0,222220,2222220,17777760,8000004,17777764
Tloc,all,TR,579626,2,1000000,1.0,2000000,1000000,100000,1000000,0,1000000,0,111110,111110,0,222220,2222220,17777760,8000004,17777764
Tloc,all,TR,997466,2,1000000,1.0,2000000,1000000,100000,1000000,0,1000000,0,111110,111110,0,222220,2222220,17777760,8000004,17777764
Tloc,all,TR,522760,2,1000000,1.0,2000000,1000000,100000,1000000,0,1000000,0,111110,111110,0,222220,2222220,17777760,8000004,17777764
Tloc,all,TR,134930,2,1000000,1.0,2000000,1000000,100000,1000000,0,1000000,0,111110,111110,0,222220,2222220,17777760,8000004,17777764
Tloc,all,TR,786964,2,1000000,1.0,2000000,1000000,100000,1000000,0,1000000,0,111110,111110,0,222220,2222220,17777760,8000004,17777764
Tloc,all,TR,884325,2,1000000,1.0,2000000,1000000,100000,1000000,0,1000000,0,111110,111110,0,222220,2222220,17777760,8000004,17777764
Tloc,all,TR,552447,2,1000000,1.0,2000000,1000000,100000,1000000,0,1000000,0,111110,111110,0,222220,2222220,17777760,8000004,17777764
Tloc,all,TR,504571,2,1000000,1.0,2000000,1000000,100000,1000000,0,1000000,0,111110,111110,0,222220,2222220,17777760,8000004,17777764
Tloc,all,TR,951244,2,1000000,1.0,2000000,1000000,100000,1000000,0,1000000,0,111110,111110,0,222220,2222220,17777760,8000004,17777764
Tloc,all,TR,220807,2,1000000,1.0,2000000,1000000,100000,1000000,0,1000000,0,111110,111110,0,222220,2222220,17777760,8000004,17777764
Tloc,all,TR,681257,2,1000000,1.0,2000000,1000000,100000,1000000,0,1000000,0,111110,111110,0,222220,2222220,17777760,8000004,17777764
Tloc,all,TR,417658,2,1000000,1.0,2000000,1000000,100000,1000000,0,1000000,0,111110,111110,0,222220,2222220,17777760,8000004,17777764
Tloc,all,TR,266352,2,1000000,1.0,2000000,1000000,100000,1000000,0,1000000,0,111110,111110,0,222220,2222220,17777760,8000004,17777764
Tloc,all,TF,584510,2,1000000,1.0,2000000,1000000,100000,1000000,0,1000000,0,111110,0,0,222220,2222220,17777760,8000004,17777764
Tloc,all,TF,860467,2,1000000,1.0,2000000,1000000,100000,1000000,0,1000000,0,111110,0,0,222220,2222220,17777760,8000004,17777764
Tloc,all,TF,923923,2,1000000,1.0,2000000,1000000,100000,1000000,0,1000000,0,111110,0,0,222220,2222220,17777760,8000004,17777764
Tloc,all,TF,533409,2,1000000,1.0,2000000,1000000,100000,1000000,0,1000000,0,111110,0,0,222220,2222220,17777760,8000004,17777764
Tloc,all,TF,220435,2,1000000,1.0,2000000,1000000,100000,1000000,0,1000000,0,111110,0,0,222220,2222220,17777760,8000004,17777764
Tloc,all,TF,395173,2,1000000,1.0,2000000,1000000,100000,1000000,0,1000000,0,111110,0,0,222220,2222220,17777760,8000004,17777764
Tloc,all,TF,125555,2,1000000,1.0,2000000,1000000,100000,1000000,0,1000000,0,111110,0,0,222220,2222220,17777760,8000004,17777764
Tloc,all,TF,37317,2,1000000,1.0,2000000,1000000,100000,1000000,0,1000000,0,111110,0,0,222220,2222220,17777760,8000004,17777764
Tloc,all,TF,326694,2,1000000,1.0,2000000,1000000,100000,1000000,0,1000000,0,111110,0,0,222220,2222220,17777760,8000004,17777764
Tloc,all,TF,408325,2,1000000,1.0,2000000,1000000,100000,1000000,0,1000000,0,111110,0,0,222220,2222220,17777760,8000004,17777764
Tloc,all,TF,928005,2,1000000,1.0,2000000,1000000,100000,1000000,0,1000000,0,111110,0,0,222220,2222220,17777760,8000004,17777764
Tloc,all,TF,636852,2,1000000,1.0,2000000,1000000,100000,1000000,0,1000000,0,111110,0,0,222220,2222220,17777760,8000004,17777764
Tloc,all,TF,565201,2,1000000,1.0,2000000,1000000,100000,1000000,0,1000000,0,111110,0,0,222220,2222220,17777760,8000004,17777764
Tloc,all,TF,416400,2,1000000,1.0,2000000,1000000,100000,1000000,0,1000000,0,111110,0,0,222220,2222220,17777760,8000004,17777764
Tloc,all,TF,671950,2,1000000,1.0,2000000,1000000,100000,1000000,0,1000000,0,111110,0,0,222220,2222220,17777760,8000004,17777764
Tloc,all,TF,100598,2,1000000,1.0,2000000,1000000,100000,1000000,0,1000000,0,111110,0,0,222220,2222220,17777760,8000004,17777764
Tloc,all,TF,130060,2,1000000,1.0,2000000,1000000,100000,1000000,0,1000000,0,111110,0,0,222220,2222220,17777760,8000004,17777764
Tloc,all,TF,763603,2,1000000,1.0,2000000,1000000,100000,1000000,0,1000000,0,111110,0,0,222220,2222220,17777760,8000004,17777764
Tloc,all,TF,229656,2,1000000,1.0,2000000,1000000,100000,1000000,0,1000000,0,111110,0,0,222220,2222220,17777760,8000004,17777764
Tloc,all,TF,854752,2,1000000,1.0,2000000,1000000,100000,1000000,0,1000000,0,111110,0,0,222220,2222220,17777760,8000004,17777764
Tloc,all,TF,717147,2,1000000,1.0,2000000,1000000,100000,1000000,0,1000000,0,111110,0,0,222220,2222220,17777760,8000004,17777764
Tloc,all,TF,253796,2,1000000,1.0,2000000,1000000,100000,1000000,0,1000000,0,111110,0,0,222220,2222220,17777760,8000004,17777764
Tloc,all,TF,594298,2,1000000,1.0,2000000,1000000,100000,1000000,0,1000000,0,111110,0,0,222220,2222220,17777760,8000004,17777764
Tloc,all,TF,802333,2,1000000,1.0,2000000,1000000,100000,1000000,0,1000000,0,111110,0,0,222220,2222220,17777760,8000004,17777764
Tloc,all,TF,907497,2,1000000,1.0,2000000,1000000,100000,1000000,0,1000000,0,111110,0,0,222220,2222220,17777760,8000004,17777764
Tloc,all,TF,970136,2,1000000,1.0,2000000,1000000,100000,1000000,0,1000000,0,111110,0,0,222220,2222220,17777760,8000004,17777764
Tloc,all,TF,472710,2,1000000,1.0,2000000,1000000,100000,1000000,0,1000000,0,111110,0,0,222220,2222220,17777760,8000004,17777764
Tloc,all,TF,311434,2,1000000,1.0,2000000,1000000,100000,1000000,0,1000000,0,111110,0,0,222220,2222220,17777760,8000004,17777764
Tloc,all,TF,152112,2,1000000,1.0,2000000,1000000,100000,1000000,0,1000000,0,111110,0,0,222220,2222220,17777760,8000004,17777764
Tloc,all,TF,262882,2,1000000,1.0,2000000,1000000,100000,1000000,0,1000000,0,111110,0,0,222220,2222220,17777760,8000004,17777764
Tloc,all,TF,706522,2,1000000,1.0,2000000,1000000,100000,1000000,0,1000000,0,111110,0,0,222220,2222220,17777760,8000004,17777764
Tloc,all,TF,832912,2,1000000,1.0,2000000,1000000,100000,1000000,0,1000000,0,111110,0,0,222220,2222220,17777760,8000004,17777764
Tloc,all,TF,303769,2,1000000,1.0,2000000,1000000,100000,1000000,0,1000000,0,111110,0,0,222220,2222220,17777760,8000004,17777764
Tloc,all,TF,223701,2,1000000,1.0,2000000,1000000,100000,1000000,0,1000000,0,111110,0,0,222220,2222220,17777760,8000004,17777764
Tloc,all,TF,809314,2,1000000,1.0,2000000,1000000,100000,1000000,0,1000000,0,111110,0,0,222220,2222220,17777760,8000004,17777764
Tloc,all,TF,831243,2,1000000,1.0,2000000,1000000,100000,1000000,0,1000000,0,111110,0,0,222220,2222220,17777760,8000004,17777764
Tloc,all,TF,831746,2,1000000,1.0,2000000,1000000,100000,1000000,0,1000000,0,111110,0,0,222220,2222220,17777760,8000004,17777764
Tloc,all,TF,314373,2,1000000,1.0,2000000,1000000,100000,1000000,0,1000000,0,111110,0,0,222220,2222220,17777760,8000004,17777764
Tloc,all,TF,810800,2,1000000,1.0,2000000,1000000,100000,1000000,0,1000000,0,111110,0,0,222220,2222220,17777760,8000004,17777764
Tloc,all,TF,211855,2,1000000,1.0,2000000,1000000,100000,1000000,0,1000000,0,111110,0,0,222220,2222220,17777760,8000004,17777764
Tloc,all,TF,533614,2,1000000,1.0,2000000,1000000,100000,1000000,0,1000000,0,111110,0,0,222220,2222220,17777760,8000004,17777764
Tloc,all,TF,335471,2,1000000,1.0,2000000,1000000,100000,1000000,0,1000000,0,111110,0,0,222220,2222220,17777760,8000004,17777764
Tloc,all,TF,566134,2,1000000,1.0,2000000,1000000,100000,1000000,0,1000000,0,111110,0,0,222220,2222220,17777760,8000004,17777764
Tloc,all,TF,738848,2,1000000,1.0,2000000,1000000,100000,1000000,0,1000000,0,111110,0,0,222220,2222220,17777760,8000004,17777764
Tloc,all,TF,359342,2,1000000,1.0,2000000,1000000,100000,1000000,0,1000000,0,111110,0,0,222220,2222220,17777760,8000004,17777764
Tloc,all,TF,965210,2,1000000,1.0,2000000,1000000,100000,1000000,0,1000000,0,111110,0,0,222220,2222220,17777760,8000004,17777764
Tloc,all,TF,928413,2,1000000,1.0,2000000,1000000,100000,1000000,0,1000000,0,111110,0,0,222220,2222220,17777760,8000004,17777764
Tloc,all,TF,998782,2,1000000,1.0,2000000,1000000,100000,1000000,0,1000000,0,111110,0,0,222220,2222220,17777760,8000004,17777764
Tloc,all,TF,248373,2,1000000,1.0,2000000,1000000,100000,1000000,0,1000000,0,111110,0,0,222220,2222220,17777760,8000004,17777764
Tloc,all,TF,113110,2,1000000,1.0,2000000,1000000,100000,1000000,0,1000000,0,111110,0,0,222220,2222220,17777760,8000004,17777764
Tloc,all,TF,421120,2,1000000,1.0,2000000,1000000,100000,1000000,0,1000000,0,111110,0,0,222220,2222220,17777760,8000004,17777764
Tloc,all,TF,579626,2,1000000,1.0,2000000,1000000,100000,1000000,0,1000000,0,111110,0,0,222220,2222220,17777760,8000004,17777764
Tloc,all,TF,997466,2,1000000,1.0,2000000,1000000,100000,1000000,0,1000000,0,111110,0,0,222220,2222220,17777760,8000004,17777764
Tloc,all,TF,522760,2,1000000,1.0,2000000,1000000,100000,1000000,0,1000000,0,111110,0,0,222220,2222220,17777760,8000004,17777764
Tloc,all,TF,134930,2,1000000,1.0,2000000,1000000,100000,1000000,0,1000000,0,111110,0,0,222220,2222220,17777760,8000004,17777764
Tloc,all,TF,786964,2,1000000,1.0,2000000,1000000,100000,1000000,0,1000000,0,111110,0,0,222220,2222220,17777760,8000004,17777764
Tloc,all,TF,884325,2,1000000,1.0,2000000,1000000,100000,1000000,0,1000000,0,111110,0,0,222220,2222220,17777760,8000004,17777764
Tloc,all,TF,552447,2,1000000,1.0,2000000,1000000,100000,1000000,0,1000000,0,111110,0,0,222220,2222220,17777760,8000004,17777764
Tloc,all,TF,504571,2,1000000,1.0,2000000,1000000,100000,1000000,0,1000000,0,111110,0,0,222220,2222220,17777760,8000004,17777764
Tloc,all,TF,951244,2,1000000,1.0,2000000,1000000,100000,1000000,0,1000000,0,111110,0,0,222220,2222220,17777760,8000004,17777764
Tloc,all,TF,220807,2,1000000,1.0,2000000,1000000,100000,1000000,0,1000000,0,111110,0,0,222220,2222220,17777760,8000004,17777764
Tloc,all,TF,681257,2,1000000,1.0,2000000,1000000,100000,1000000,0,1000000,0,111110,0,0,222220,2222220,17777760,8000004,17777764
Tloc,all,TF,417658,2,1000000,1.0,2000000,1000000,100000,1000000,0,1000000,0,111110,0,0,222220,2222220,17777760,8000004,17777764
Tloc,all,TF,266352,2,1000000,1.0,2000000,1000000,100000,1000000,0,1000000,0,111110,0,0,222220,2222220,17777760,8000004,17777764
